{"type":"FeatureCollection","features":[{"type":"Feature","geometry":{"type":"Polygon","coordinates":[[[4.199016,43.577209],[4.198986,43.577163],[4.198942,43.57716],[4.198721,43.577242],[4.198766,43.577293],[4.198701,43.577322],[4.198743,43.577387],[4.198007,43.577685],[4.197941,43.577738],[4.197829,43.577782],[4.197927,43.577929],[4.197877,43.577941],[4.197893,43.578017],[4.197973,43.57834],[4.19806,43.578633],[4.198116,43.578636],[4.198138,43.578714],[4.198244,43.578717],[4.198358,43.578614],[4.19841,43.578558],[4.198281,43.578425],[4.198242,43.578442],[4.198166,43.578413],[4.198131,43.578269],[4.198355,43.578176],[4.198222,43.577983],[4.198313,43.577947],[4.198306,43.577938],[4.198304,43.577924],[4.19831,43.577907],[4.19832,43.577895],[4.199242,43.577521],[4.199264,43.577525],[4.199399,43.577644],[4.199389,43.57772],[4.199673,43.578099],[4.199906,43.57809],[4.200107,43.578106],[4.200186,43.578112],[4.200221,43.578088],[4.200047,43.57794],[4.199488,43.577494],[4.199063,43.577191],[4.199016,43.577209]]]},"properties":{"id_pk":"PK_30003_001","nom":null,"insee":"30003","commune":"Aigues-Mortes","source":"osm","id_source":"w48980389","surf_m2":8687.2,"nb_pl_est":237,"nb_pl_reel":null,"nb_places":237,"stat_auto":"prive","statut":null,"proprio":"pm_privee","part_pub":0.04,"acces_osm":"customers","payant":"no","sud_canal":false,"a_verif":false,"motif_ver":"","cle":"osm:w48980389","revue":{"statut":"a_revoir"}}},{"type":"Feature","geometry":{"type":"Polygon","coordinates":[[[4.195982,43.565767],[4.196543,43.565508],[4.19683,43.565332],[4.196914,43.565256],[4.196686,43.565127],[4.196891,43.564934],[4.19641,43.564637],[4.19656,43.564497],[4.196453,43.564427],[4.195486,43.565342],[4.195523,43.565367],[4.195488,43.565398],[4.195982,43.565767]]]},"properties":{"id_pk":"PK_30003_002","nom":"P4","insee":"30003","commune":"Aigues-Mortes","source":"osm","id_source":"w77128470","surf_m2":8625.6,"nb_pl_est":236,"nb_pl_reel":null,"nb_places":100,"stat_auto":"public","statut":null,"proprio":"commune","part_pub":0.99,"acces_osm":"yes","payant":"yes","sud_canal":true,"a_verif":false,"motif_ver":"","cle":"osm:w77128470","revue":{"statut":"a_revoir"}}},{"type":"Feature","geometry":{"type":"Polygon","coordinates":[[[4.18612,43.567717],[4.186109,43.567597],[4.186215,43.567583],[4.186097,43.567386],[4.185705,43.566913],[4.185246,43.567051],[4.184907,43.567118],[4.184831,43.567287],[4.18477,43.567406],[4.184896,43.567829],[4.184971,43.567823],[4.185005,43.567886],[4.18612,43.567717]]]},"properties":{"id_pk":"PK_30003_003","nom":null,"insee":"30003","commune":"Aigues-Mortes","source":"osm","id_source":"w1271896895","surf_m2":8484.4,"nb_pl_est":232,"nb_pl_reel":null,"nb_places":232,"stat_auto":"public","statut":null,"proprio":"commune","part_pub":1.0,"acces_osm":"yes","payant":"yes","sud_canal":true,"a_verif":false,"motif_ver":"","cle":"osm:w1271896895","revue":{"statut":"a_revoir"}}},{"type":"Feature","geometry":{"type":"Polygon","coordinates":[[[4.186958,43.564438],[4.1871,43.564371],[4.187204,43.564481],[4.187215,43.564494],[4.187249,43.564473],[4.187293,43.564448],[4.18736,43.564507],[4.187615,43.564381],[4.187999,43.564178],[4.188075,43.56408],[4.188069,43.564026],[4.188065,43.563984],[4.18791,43.563902],[4.187576,43.563697],[4.187406,43.563632],[4.187154,43.563723],[4.1867,43.563832],[4.186625,43.563959],[4.186828,43.56443],[4.186898,43.564415],[4.186927,43.564456],[4.186958,43.564438]]]},"properties":{"id_pk":"PK_30003_004","nom":"P5","insee":"30003","commune":"Aigues-Mortes","source":"osm","id_source":"w26361826","surf_m2":7401.9,"nb_pl_est":201,"nb_pl_reel":null,"nb_places":201,"stat_auto":"public","statut":null,"proprio":"commune","part_pub":1.0,"acces_osm":"yes","payant":"yes","sud_canal":true,"a_verif":false,"motif_ver":"","cle":"osm:w26361826","revue":{"statut":"a_revoir"}}},{"type":"Feature","geometry":{"type":"Polygon","coordinates":[[[4.198659,43.576603],[4.198706,43.576576],[4.198975,43.576514],[4.19883,43.576394],[4.198877,43.576367],[4.198695,43.576211],[4.198654,43.57624],[4.198473,43.576078],[4.198477,43.576043],[4.198513,43.576042],[4.198519,43.576015],[4.198534,43.575987],[4.198565,43.57595],[4.198595,43.575929],[4.198572,43.575903],[4.198736,43.575864],[4.198804,43.575864],[4.198999,43.575962],[4.199363,43.576033],[4.198696,43.575523],[4.19791,43.575959],[4.198659,43.576603]]]},"properties":{"id_pk":"PK_30003_005","nom":null,"insee":"30003","commune":"Aigues-Mortes","source":"osm","id_source":"w48980397","surf_m2":4963.0,"nb_pl_est":132,"nb_pl_reel":null,"nb_places":132,"stat_auto":"prive","statut":null,"proprio":"pm_privee","part_pub":0.01,"acces_osm":"customers","payant":"no","sud_canal":false,"a_verif":false,"motif_ver":"","cle":"osm:w48980397","revue":{"statut":"a_revoir"}}},{"type":"Feature","geometry":{"type":"Polygon","coordinates":[[[4.183087,43.560308],[4.183441,43.560153],[4.18324,43.559782],[4.182902,43.559541],[4.182749,43.559465],[4.182532,43.559492],[4.182363,43.559583],[4.182393,43.559733],[4.182513,43.559848],[4.182843,43.559957],[4.182953,43.560316],[4.183087,43.560308]]]},"properties":{"id_pk":"PK_30003_006","nom":null,"insee":"30003","commune":"Aigues-Mortes","source":"osm","id_source":"w694620514","surf_m2":4126.8,"nb_pl_est":109,"nb_pl_reel":null,"nb_places":109,"stat_auto":"public","statut":null,"proprio":"commune","part_pub":1.0,"acces_osm":null,"payant":null,"sud_canal":true,"a_verif":false,"motif_ver":"","cle":"osm:w694620514","revue":{"statut":"a_revoir"}}},{"type":"Feature","geometry":{"type":"Polygon","coordinates":[[[4.191348,43.568033],[4.191356,43.568045],[4.191334,43.568115],[4.19147,43.568071],[4.191501,43.567964],[4.191522,43.567951],[4.191569,43.568003],[4.193383,43.567056],[4.193299,43.566968],[4.193285,43.566953],[4.19322,43.566974],[4.193148,43.566953],[4.19219,43.567455],[4.192193,43.5675],[4.192148,43.567531],[4.192098,43.567535],[4.192061,43.567521],[4.191182,43.567993],[4.191221,43.568033],[4.191258,43.568071],[4.191328,43.568034],[4.191348,43.568033]]]},"properties":{"id_pk":"PK_30003_007","nom":"P2","insee":"30003","commune":"Aigues-Mortes","source":"osm","id_source":"w77128476","surf_m2":3948.3,"nb_pl_est":105,"nb_pl_reel":null,"nb_places":105,"stat_auto":"public","statut":null,"proprio":"etat","part_pub":1.0,"acces_osm":"yes","payant":"yes","sud_canal":true,"a_verif":false,"motif_ver":"","cle":"osm:w77128476","revue":{"statut":"a_revoir"}}},{"type":"Feature","geometry":{"type":"Polygon","coordinates":[[[4.188098,43.578301],[4.188475,43.578422],[4.189155,43.578592],[4.189255,43.578237],[4.188854,43.578176],[4.187662,43.578055],[4.187637,43.578158],[4.188098,43.578301]]]},"properties":{"id_pk":"PK_30003_008","nom":null,"insee":"30003","commune":"Aigues-Mortes","source":"osm","id_source":"w685817244","surf_m2":3636.9,"nb_pl_est":96,"nb_pl_reel":null,"nb_places":96,"stat_auto":"prive","statut":null,"proprio":"pm_privee","part_pub":0.01,"acces_osm":"customers","payant":"no","sud_canal":false,"a_verif":false,"motif_ver":"","cle":"osm:w685817244","revue":{"statut":"a_revoir"}}},{"type":"Feature","geometry":{"type":"Polygon","coordinates":[[[4.183345,43.558065],[4.183479,43.558019],[4.183329,43.557905],[4.183261,43.557636],[4.18331,43.557553],[4.183355,43.557558],[4.183341,43.557384],[4.183312,43.557401],[4.183323,43.557157],[4.182834,43.557239],[4.18276,43.557296],[4.182696,43.557366],[4.182575,43.557501],[4.183345,43.558065]]]},"properties":{"id_pk":"PK_30003_009","nom":null,"insee":"30003","commune":"Aigues-Mortes","source":"osm","id_source":"w173514775","surf_m2":3549.4,"nb_pl_est":94,"nb_pl_reel":null,"nb_places":94,"stat_auto":"prive","statut":null,"proprio":"pm_privee","part_pub":0.0,"acces_osm":"customers","payant":"no","sud_canal":true,"a_verif":false,"motif_ver":"","cle":"osm:w173514775","revue":{"statut":"a_revoir"}}},{"type":"Feature","geometry":{"type":"Polygon","coordinates":[[[4.19558,43.565901],[4.195475,43.565801],[4.195442,43.565825],[4.195394,43.565843],[4.195352,43.56584],[4.195325,43.56583],[4.195309,43.565818],[4.19445,43.566279],[4.194466,43.566296],[4.194471,43.566313],[4.194474,43.566334],[4.194463,43.56635],[4.194433,43.566367],[4.194405,43.566378],[4.194359,43.566376],[4.194319,43.566349],[4.193469,43.566792],[4.193539,43.566859],[4.193605,43.566915],[4.19558,43.565901]]]},"properties":{"id_pk":"PK_30003_010","nom":"P3","insee":"30003","commune":"Aigues-Mortes","source":"osm","id_source":"w77128492","surf_m2":3503.1,"nb_pl_est":92,"nb_pl_reel":null,"nb_places":92,"stat_auto":"public","statut":null,"proprio":"etat","part_pub":1.0,"acces_osm":"yes","payant":"yes","sud_canal":true,"a_verif":false,"motif_ver":"","cle":"osm:w77128492","revue":{"statut":"a_revoir"}}},{"type":"Feature","geometry":{"type":"Polygon","coordinates":[[[4.197212,43.568129],[4.197157,43.568015],[4.194474,43.568518],[4.194528,43.56866],[4.197212,43.568129]]]},"properties":{"id_pk":"PK_30003_011","nom":null,"insee":"30003","commune":"Aigues-Mortes","source":"osm","id_source":"w77128480","surf_m2":3335.8,"nb_pl_est":88,"nb_pl_reel":null,"nb_places":88,"stat_auto":"public","statut":null,"proprio":"domaine_public","part_pub":1.0,"acces_osm":"yes","payant":"yes","sud_canal":true,"a_verif":false,"motif_ver":"","cle":"osm:w77128480","revue":{"statut":"a_revoir"}}},{"type":"Feature","geometry":{"type":"Polygon","coordinates":[[[4.190103,43.568623],[4.190322,43.568577],[4.190501,43.568507],[4.190691,43.568443],[4.190919,43.568367],[4.191033,43.568332],[4.190921,43.568232],[4.190945,43.568169],[4.1909,43.568164],[4.190865,43.568136],[4.190009,43.568248],[4.189921,43.568372],[4.19,43.568632],[4.190103,43.568623]]]},"properties":{"id_pk":"PK_30003_012","nom":"P1","insee":"30003","commune":"Aigues-Mortes","source":"osm","id_source":"w77128452","surf_m2":2912.8,"nb_pl_est":77,"nb_pl_reel":null,"nb_places":77,"stat_auto":"public","statut":null,"proprio":"etat","part_pub":1.0,"acces_osm":"yes","payant":"yes","sud_canal":true,"a_verif":false,"motif_ver":"","cle":"osm:w77128452","revue":{"statut":"a_revoir"}}},{"type":"Feature","geometry":{"type":"Polygon","coordinates":[[[4.184067,43.55804],[4.184226,43.557698],[4.183899,43.557609],[4.183674,43.557662],[4.183713,43.557908],[4.183681,43.558273],[4.183964,43.558309],[4.184067,43.55804]]]},"properties":{"id_pk":"PK_30003_013","nom":null,"insee":"30003","commune":"Aigues-Mortes","source":"osm","id_source":"w1395672724","surf_m2":2366.7,"nb_pl_est":62,"nb_pl_reel":null,"nb_places":62,"stat_auto":"prive","statut":null,"proprio":"pm_privee","part_pub":0.0,"acces_osm":"customers","payant":"no","sud_canal":true,"a_verif":false,"motif_ver":"","cle":"osm:w1395672724","revue":{"statut":"a_revoir"}}},{"type":"Feature","geometry":{"type":"Polygon","coordinates":[[[4.168856,43.551855],[4.169131,43.552001],[4.169276,43.551868],[4.168763,43.551657],[4.168136,43.552353],[4.168303,43.552421],[4.168856,43.551855]]]},"properties":{"id_pk":"PK_30003_014","nom":null,"insee":"30003","commune":"Aigues-Mortes","source":"osm","id_source":"w1103926821","surf_m2":2071.7,"nb_pl_est":56,"nb_pl_reel":null,"nb_places":56,"stat_auto":"prive","statut":null,"proprio":"pm_privee","part_pub":0.08,"acces_osm":"customers","payant":"no","sud_canal":true,"a_verif":false,"motif_ver":"","cle":"osm:w1103926821","revue":{"statut":"a_revoir"}}},{"type":"Feature","geometry":{"type":"Polygon","coordinates":[[[4.188717,43.572546],[4.188714,43.572489],[4.189145,43.572478],[4.189137,43.572315],[4.188938,43.57232],[4.188936,43.572284],[4.188709,43.57229],[4.188706,43.572229],[4.18855,43.572233],[4.188554,43.572299],[4.188199,43.572308],[4.188212,43.572559],[4.188717,43.572546]]]},"properties":{"id_pk":"PK_30003_015","nom":null,"insee":"30003","commune":"Aigues-Mortes","source":"osm","id_source":"w1050725559","surf_m2":1937.6,"nb_pl_est":55,"nb_pl_reel":null,"nb_places":55,"stat_auto":"prive","statut":null,"proprio":"pp","part_pub":0.0,"acces_osm":"private","payant":null,"sud_canal":false,"a_verif":false,"motif_ver":"","cle":"osm:w1050725559","revue":{"statut":"a_revoir"}}},{"type":"Feature","geometry":{"type":"Polygon","coordinates":[[[4.202162,43.568491],[4.202079,43.568536],[4.202444,43.568947],[4.202613,43.569132],[4.202706,43.569089],[4.202855,43.569019],[4.202343,43.568425],[4.202265,43.568456],[4.202246,43.568446],[4.202162,43.568491]]]},"properties":{"id_pk":"PK_30003_016","nom":null,"insee":"30003","commune":"Aigues-Mortes","source":"osm","id_source":"w644561450","surf_m2":1907.5,"nb_pl_est":54,"nb_pl_reel":null,"nb_places":54,"stat_auto":"public","statut":null,"proprio":"domaine_public","part_pub":1.0,"acces_osm":null,"payant":null,"sud_canal":true,"a_verif":false,"motif_ver":"","cle":"osm:w644561450","revue":{"statut":"a_revoir"}}},{"type":"Feature","geometry":{"type":"Polygon","coordinates":[[[4.186219,43.566324],[4.185941,43.565821],[4.185684,43.565865],[4.185692,43.565895],[4.185857,43.566497],[4.186219,43.566324]]]},"properties":{"id_pk":"PK_30003_017","nom":null,"insee":"30003","commune":"Aigues-Mortes","source":"osm","id_source":"w77242298","surf_m2":1798.3,"nb_pl_est":53,"nb_pl_reel":null,"nb_places":45,"stat_auto":"public","statut":null,"proprio":"commune","part_pub":1.0,"acces_osm":null,"payant":"yes","sud_canal":true,"a_verif":false,"motif_ver":"","cle":"osm:w77242298","revue":{"statut":"a_revoir"}}},{"type":"Feature","geometry":{"type":"Polygon","coordinates":[[[4.19797,43.569208],[4.197922,43.569133],[4.197888,43.56908],[4.197789,43.569077],[4.197245,43.569196],[4.197275,43.569251],[4.197417,43.56951],[4.197502,43.56955],[4.19797,43.569208]]]},"properties":{"id_pk":"PK_30003_018","nom":null,"insee":"30003","commune":"Aigues-Mortes","source":"osm","id_source":"w280922268","surf_m2":1698.1,"nb_pl_est":51,"nb_pl_reel":null,"nb_places":51,"stat_auto":"public","statut":null,"proprio":"commune","part_pub":1.0,"acces_osm":null,"payant":null,"sud_canal":true,"a_verif":false,"motif_ver":"","cle":"osm:w280922268","revue":{"statut":"a_revoir"}}},{"type":"Feature","geometry":{"type":"Polygon","coordinates":[[[4.197092,43.575622],[4.196968,43.575686],[4.197283,43.575988],[4.196956,43.576172],[4.197038,43.576248],[4.197581,43.575921],[4.197504,43.57584],[4.197511,43.575824],[4.197383,43.575707],[4.197326,43.575679],[4.19716,43.575516],[4.197092,43.575622]]]},"properties":{"id_pk":"PK_30003_019","nom":null,"insee":"30003","commune":"Aigues-Mortes","source":"osm","id_source":"w685985847","surf_m2":1619.2,"nb_pl_est":50,"nb_pl_reel":null,"nb_places":50,"stat_auto":"prive","statut":null,"proprio":"pm_privee","part_pub":0.0,"acces_osm":"customers","payant":"no","sud_canal":false,"a_verif":false,"motif_ver":"","cle":"osm:w685985847","revue":{"statut":"a_revoir"}}},{"type":"Feature","geometry":{"type":"Polygon","coordinates":[[[4.159769,43.563562],[4.159982,43.563379],[4.158784,43.56265],[4.158709,43.562715],[4.159677,43.563304],[4.15954,43.563423],[4.159769,43.563562]]]},"properties":{"id_pk":"PK_30003_020","nom":null,"insee":"30003","commune":"Aigues-Mortes","source":"osm","id_source":"w48980944","surf_m2":1608.3,"nb_pl_est":50,"nb_pl_reel":null,"nb_places":50,"stat_auto":"prive","statut":null,"proprio":"pm_privee","part_pub":0.0,"acces_osm":null,"payant":null,"sud_canal":true,"a_verif":false,"motif_ver":"","cle":"osm:w48980944","revue":{"statut":"a_revoir"}}},{"type":"Feature","geometry":{"type":"Polygon","coordinates":[[[4.185303,43.572682],[4.185344,43.572681],[4.185346,43.572663],[4.185473,43.572668],[4.18547,43.572692],[4.18559,43.572677],[4.185781,43.572664],[4.185854,43.572647],[4.185884,43.572398],[4.185316,43.572381],[4.185314,43.572422],[4.185301,43.572436],[4.185234,43.572436],[4.185214,43.572678],[4.185303,43.572682]]]},"properties":{"id_pk":"PK_30003_021","nom":null,"insee":"30003","commune":"Aigues-Mortes","source":"osm","id_source":"w685817222","surf_m2":1597.3,"nb_pl_est":50,"nb_pl_reel":null,"nb_places":50,"stat_auto":"prive","statut":null,"proprio":"pp","part_pub":0.0,"acces_osm":"private","payant":null,"sud_canal":true,"a_verif":false,"motif_ver":"","cle":"osm:w685817222","revue":{"statut":"a_revoir"}}},{"type":"Feature","geometry":{"type":"Polygon","coordinates":[[[4.198832,43.567824],[4.19889,43.567776],[4.198871,43.56774],[4.198789,43.567715],[4.197375,43.567992],[4.197421,43.568095],[4.198832,43.567824]]]},"properties":{"id_pk":"PK_30003_022","nom":null,"insee":"30003","commune":"Aigues-Mortes","source":"osm","id_source":"w1086292228","surf_m2":1507.2,"nb_pl_est":48,"nb_pl_reel":null,"nb_places":48,"stat_auto":"public","statut":null,"proprio":"domaine_public","part_pub":1.0,"acces_osm":null,"payant":null,"sud_canal":true,"a_verif":false,"motif_ver":"","cle":"osm:w1086292228","revue":{"statut":"a_revoir"}}},{"type":"Feature","geometry":{"type":"Polygon","coordinates":[[[4.18717,43.570159],[4.18723,43.570173],[4.187299,43.570041],[4.187231,43.570026],[4.187241,43.570001],[4.187308,43.570016],[4.187332,43.569958],[4.187339,43.569922],[4.187383,43.569923],[4.187439,43.569801],[4.187462,43.569745],[4.18751,43.569621],[4.187253,43.569568],[4.187204,43.569557],[4.187171,43.569596],[4.187163,43.569615],[4.187096,43.569781],[4.187069,43.569848],[4.187132,43.569854],[4.187094,43.569951],[4.18704,43.570075],[4.187055,43.570078],[4.187044,43.570104],[4.187034,43.57013],[4.187094,43.570144],[4.18717,43.570159]]]},"properties":{"id_pk":"PK_30003_023","nom":null,"insee":"30003","commune":"Aigues-Mortes","source":"osm","id_source":"w1097353335","surf_m2":1471.9,"nb_pl_est":48,"nb_pl_reel":null,"nb_places":48,"stat_auto":"prive","statut":null,"proprio":"pp","part_pub":0.0,"acces_osm":null,"payant":null,"sud_canal":true,"a_verif":false,"motif_ver":"","cle":"osm:w1097353335","revue":{"statut":"a_revoir"}}},{"type":"Feature","geometry":{"type":"Polygon","coordinates":[[[4.195938,43.574349],[4.195499,43.573945],[4.195271,43.574076],[4.195709,43.574479],[4.195938,43.574349]]]},"properties":{"id_pk":"PK_30003_024","nom":null,"insee":"30003","commune":"Aigues-Mortes","source":"osm","id_source":"w642264924","surf_m2":1341.0,"nb_pl_est":45,"nb_pl_reel":null,"nb_places":45,"stat_auto":"prive","statut":null,"proprio":"pm_privee","part_pub":0.0,"acces_osm":null,"payant":null,"sud_canal":false,"a_verif":false,"motif_ver":"","cle":"osm:w642264924","revue":{"statut":"a_revoir"}}},{"type":"Feature","geometry":{"type":"Polygon","coordinates":[[[4.18931,43.572683],[4.189201,43.572684],[4.189197,43.57263],[4.188949,43.572644],[4.188814,43.572757],[4.188918,43.572808],[4.188807,43.572968],[4.189083,43.573058],[4.18931,43.572683]]]},"properties":{"id_pk":"PK_30003_025","nom":null,"insee":"30003","commune":"Aigues-Mortes","source":"osm","id_source":"w1050725558","surf_m2":1170.1,"nb_pl_est":42,"nb_pl_reel":null,"nb_places":42,"stat_auto":"prive","statut":null,"proprio":"pp","part_pub":0.0,"acces_osm":"private","payant":null,"sud_canal":false,"a_verif":false,"motif_ver":"","cle":"osm:w1050725558","revue":{"statut":"a_revoir"}}},{"type":"Feature","geometry":{"type":"Polygon","coordinates":[[[4.187843,43.56859],[4.187705,43.568477],[4.186894,43.568926],[4.186854,43.568954],[4.186977,43.568999],[4.187843,43.56859]]]},"properties":{"id_pk":"PK_30003_026","nom":"Parking (interdit aux camping-cars)","insee":"30003","commune":"Aigues-Mortes","source":"osm","id_source":"w575943750","surf_m2":1150.7,"nb_pl_est":42,"nb_pl_reel":null,"nb_places":42,"stat_auto":"public","statut":null,"proprio":"domaine_public","part_pub":1.0,"acces_osm":null,"payant":"yes","sud_canal":true,"a_verif":false,"motif_ver":"","cle":"osm:w575943750","revue":{"statut":"a_revoir"}}},{"type":"Feature","geometry":{"type":"Polygon","coordinates":[[[4.186513,43.572171],[4.186522,43.572073],[4.186499,43.572074],[4.186502,43.572032],[4.186211,43.572018],[4.186211,43.57197],[4.186014,43.571959],[4.186005,43.572057],[4.185981,43.572056],[4.18599,43.571942],[4.185802,43.571933],[4.185749,43.572143],[4.186513,43.572171]]]},"properties":{"id_pk":"PK_30003_027","nom":null,"insee":"30003","commune":"Aigues-Mortes","source":"osm","id_source":"w685817218","surf_m2":1145.7,"nb_pl_est":42,"nb_pl_reel":null,"nb_places":42,"stat_auto":"prive","statut":null,"proprio":"pm_privee","part_pub":0.0,"acces_osm":"private","payant":null,"sud_canal":true,"a_verif":false,"motif_ver":"","cle":"osm:w685817218","revue":{"statut":"a_revoir"}}},{"type":"Feature","geometry":{"type":"Polygon","coordinates":[[[4.186642,43.565789],[4.186837,43.566112],[4.187151,43.566021],[4.186989,43.565729],[4.186642,43.565789]]]},"properties":{"id_pk":"PK_30003_028","nom":null,"insee":"30003","commune":"Aigues-Mortes","source":"osm","id_source":"w831682784","surf_m2":1034.4,"nb_pl_est":39,"nb_pl_reel":null,"nb_places":39,"stat_auto":"public","statut":null,"proprio":"domaine_public","part_pub":1.0,"acces_osm":null,"payant":"no","sud_canal":true,"a_verif":false,"motif_ver":"","cle":"osm:w831682784","revue":{"statut":"a_revoir"}}},{"type":"Feature","geometry":{"type":"Polygon","coordinates":[[[4.18669,43.565741],[4.18697,43.565608],[4.186347,43.56512],[4.18669,43.565741]]]},"properties":{"id_pk":"PK_30003_029","nom":null,"insee":"30003","commune":"Aigues-Mortes","source":"osm","id_source":"w77365975","surf_m2":986.0,"nb_pl_est":38,"nb_pl_reel":null,"nb_places":38,"stat_auto":"public","statut":null,"proprio":"epci","part_pub":1.0,"acces_osm":"permissive","payant":null,"sud_canal":true,"a_verif":false,"motif_ver":"","cle":"osm:w77365975","revue":{"statut":"a_revoir"}}},{"type":"Feature","geometry":{"type":"Polygon","coordinates":[[[4.1779,43.572579],[4.177772,43.572242],[4.177725,43.572217],[4.177697,43.572241],[4.177651,43.572265],[4.177476,43.572303],[4.177611,43.572642],[4.1779,43.572579]]]},"properties":{"id_pk":"PK_30003_030","nom":null,"insee":"30003","commune":"Aigues-Mortes","source":"osm","id_source":"w685817242","surf_m2":979.3,"nb_pl_est":38,"nb_pl_reel":null,"nb_places":38,"stat_auto":"prive","statut":null,"proprio":"pm_privee","part_pub":0.0,"acces_osm":"private","payant":null,"sud_canal":true,"a_verif":false,"motif_ver":"","cle":"osm:w685817242","revue":{"statut":"a_revoir"}}},{"type":"Feature","geometry":{"type":"Polygon","coordinates":[[[4.21065,43.588799],[4.210589,43.58875],[4.210663,43.588759],[4.210694,43.588666],[4.21051,43.588639],[4.210508,43.588654],[4.210503,43.588668],[4.210497,43.588679],[4.210485,43.588664],[4.210479,43.588648],[4.210475,43.588628],[4.210474,43.588602],[4.210475,43.588577],[4.210482,43.588575],[4.210489,43.588575],[4.210496,43.588577],[4.210491,43.588616],[4.210702,43.588647],[4.210731,43.588556],[4.210679,43.588547],[4.210694,43.588498],[4.210516,43.58847],[4.210505,43.588471],[4.2105,43.588475],[4.210496,43.588508],[4.210488,43.588509],[4.210481,43.588506],[4.210475,43.588492],[4.210475,43.588476],[4.210478,43.588456],[4.210481,43.588438],[4.210485,43.588424],[4.210494,43.588413],[4.210508,43.588409],[4.210521,43.588409],[4.210509,43.588453],[4.210755,43.588487],[4.210783,43.588396],[4.210768,43.588393],[4.210754,43.588384],[4.21075,43.588368],[4.210751,43.588347],[4.210735,43.588344],[4.210513,43.588304],[4.210502,43.588345],[4.210463,43.588341],[4.210453,43.58837],[4.210444,43.588415],[4.210437,43.588472],[4.210428,43.588606],[4.210432,43.588646],[4.210443,43.588677],[4.210465,43.588709],[4.210497,43.588737],[4.210538,43.588769],[4.210589,43.588804],[4.210617,43.588822],[4.21065,43.588799]]]},"properties":{"id_pk":"PK_30003_031","nom":null,"insee":"30003","commune":"Aigues-Mortes","source":"osm","id_source":"w586110061","surf_m2":976.3,"nb_pl_est":38,"nb_pl_reel":null,"nb_places":38,"stat_auto":"public","statut":null,"proprio":"domaine_public","part_pub":1.0,"acces_osm":"yes","payant":"no","sud_canal":false,"a_verif":false,"motif_ver":"","cle":"osm:w586110061","revue":{"statut":"a_revoir"}}},{"type":"Feature","geometry":{"type":"Polygon","coordinates":[[[4.184325,43.573058],[4.184352,43.573131],[4.184107,43.573503],[4.184079,43.573544],[4.184123,43.573596],[4.184186,43.573563],[4.184541,43.573016],[4.184486,43.572991],[4.184609,43.572927],[4.184601,43.572886],[4.184418,43.572906],[4.184267,43.572932],[4.184325,43.573058]]]},"properties":{"id_pk":"PK_30003_032","nom":null,"insee":"30003","commune":"Aigues-Mortes","source":"osm","id_source":"w1477860319","surf_m2":905.7,"nb_pl_est":36,"nb_pl_reel":null,"nb_places":36,"stat_auto":"prive","statut":null,"proprio":"pp","part_pub":0.0,"acces_osm":null,"payant":null,"sud_canal":true,"a_verif":false,"motif_ver":"","cle":"osm:w1477860319","revue":{"statut":"a_revoir"}}},{"type":"Feature","geometry":{"type":"Polygon","coordinates":[[[4.142734,43.561428],[4.142833,43.561405],[4.14296,43.561355],[4.143089,43.561286],[4.143161,43.561246],[4.143091,43.56116],[4.142985,43.561146],[4.142786,43.561195],[4.142687,43.561234],[4.142615,43.56133],[4.142635,43.561351],[4.142734,43.561428]]]},"properties":{"id_pk":"PK_30003_033","nom":"Parking du Vidourle","insee":"30003","commune":"Aigues-Mortes","source":"osm","id_source":"w204019682","surf_m2":804.7,"nb_pl_est":33,"nb_pl_reel":null,"nb_places":33,"stat_auto":"public","statut":null,"proprio":"domaine_public","part_pub":1.0,"acces_osm":null,"payant":null,"sud_canal":true,"a_verif":false,"motif_ver":"","cle":"osm:w204019682","revue":{"statut":"a_revoir"}}},{"type":"Feature","geometry":{"type":"Polygon","coordinates":[[[4.20006,43.577453],[4.199855,43.577222],[4.199797,43.577248],[4.199596,43.577342],[4.199795,43.577517],[4.199918,43.57752],[4.20006,43.577453]]]},"properties":{"id_pk":"PK_30003_034","nom":null,"insee":"30003","commune":"Aigues-Mortes","source":"osm","id_source":"w1482686895","surf_m2":684.9,"nb_pl_est":29,"nb_pl_reel":null,"nb_places":29,"stat_auto":"prive","statut":null,"proprio":"pp","part_pub":0.0,"acces_osm":"customers","payant":"no","sud_canal":false,"a_verif":false,"motif_ver":"","cle":"osm:w1482686895","revue":{"statut":"a_revoir"}}},{"type":"Feature","geometry":{"type":"Polygon","coordinates":[[[4.199523,43.577105],[4.199415,43.577026],[4.199464,43.576991],[4.199421,43.576956],[4.199448,43.576939],[4.199291,43.576817],[4.199177,43.576909],[4.199143,43.576965],[4.199184,43.577059],[4.199357,43.577188],[4.199523,43.577105]]]},"properties":{"id_pk":"PK_30003_035","nom":null,"insee":"30003","commune":"Aigues-Mortes","source":"osm","id_source":"w1011221284","surf_m2":683.7,"nb_pl_est":29,"nb_pl_reel":null,"nb_places":29,"stat_auto":"prive","statut":null,"proprio":"pp","part_pub":0.0,"acces_osm":"customers","payant":"no","sud_canal":false,"a_verif":false,"motif_ver":"","cle":"osm:w1011221284","revue":{"statut":"a_revoir"}}},{"type":"Feature","geometry":{"type":"Polygon","coordinates":[[[4.186144,43.567375],[4.186206,43.567488],[4.186405,43.567448],[4.186345,43.567393],[4.186033,43.567106],[4.185963,43.567042],[4.185864,43.567094],[4.186144,43.567375]]]},"properties":{"id_pk":"PK_30003_036","nom":null,"insee":"30003","commune":"Aigues-Mortes","source":"osm","id_source":"w77242337","surf_m2":633.1,"nb_pl_est":27,"nb_pl_reel":null,"nb_places":27,"stat_auto":"public","statut":null,"proprio":"epci","part_pub":1.0,"acces_osm":"private","payant":"no","sud_canal":true,"a_verif":true,"motif_ver":"foncier public mais accès OSM « private »","cle":"osm:w77242337","revue":{"statut":"a_revoir"}}},{"type":"Feature","geometry":{"type":"Polygon","coordinates":[[[4.188747,43.573829],[4.187339,43.573545],[4.187319,43.573592],[4.188733,43.573871],[4.188747,43.573829]]]},"properties":{"id_pk":"PK_30003_037","nom":null,"insee":"30003","commune":"Aigues-Mortes","source":"osm","id_source":"w1197117589","surf_m2":610.4,"nb_pl_est":27,"nb_pl_reel":null,"nb_places":27,"stat_auto":"prive","statut":null,"proprio":"pm_privee","part_pub":0.0,"acces_osm":null,"payant":null,"sud_canal":false,"a_verif":false,"motif_ver":"","cle":"osm:w1197117589","revue":{"statut":"a_revoir"}}},{"type":"Feature","geometry":{"type":"Polygon","coordinates":[[[4.189077,43.573936],[4.190565,43.574213],[4.190582,43.574173],[4.189093,43.573895],[4.189077,43.573936]]]},"properties":{"id_pk":"PK_30003_038","nom":null,"insee":"30003","commune":"Aigues-Mortes","source":"osm","id_source":"w1197117590","surf_m2":580.3,"nb_pl_est":26,"nb_pl_reel":null,"nb_places":26,"stat_auto":"prive","statut":null,"proprio":"pm_privee","part_pub":0.0,"acces_osm":null,"payant":null,"sud_canal":false,"a_verif":false,"motif_ver":"","cle":"osm:w1197117590","revue":{"statut":"a_revoir"}}},{"type":"Feature","geometry":{"type":"Polygon","coordinates":[[[4.19993,43.57753],[4.200032,43.577615],[4.199981,43.577671],[4.20013,43.577795],[4.200313,43.57769],[4.200082,43.577453],[4.19993,43.57753]]]},"properties":{"id_pk":"PK_30003_039","nom":null,"insee":"30003","commune":"Aigues-Mortes","source":"osm","id_source":"w1482686896","surf_m2":574.4,"nb_pl_est":25,"nb_pl_reel":null,"nb_places":25,"stat_auto":"prive","statut":null,"proprio":"pm_privee","part_pub":0.0,"acces_osm":"customers","payant":"no","sud_canal":false,"a_verif":false,"motif_ver":"","cle":"osm:w1482686896","revue":{"statut":"a_revoir"}}},{"type":"Feature","geometry":{"type":"Polygon","coordinates":[[[4.194137,43.572795],[4.193984,43.572685],[4.193862,43.572767],[4.193812,43.573089],[4.194137,43.572795]]]},"properties":{"id_pk":"PK_30003_040","nom":null,"insee":"30003","commune":"Aigues-Mortes","source":"osm","id_source":"w1064812035","surf_m2":518.0,"nb_pl_est":23,"nb_pl_reel":null,"nb_places":23,"stat_auto":"prive","statut":null,"proprio":"pp","part_pub":0.0,"acces_osm":"customers","payant":"no","sud_canal":false,"a_verif":false,"motif_ver":"","cle":"osm:w1064812035","revue":{"statut":"a_revoir"}}},{"type":"Feature","geometry":{"type":"Polygon","coordinates":[[[4.170756,43.5525],[4.170685,43.552595],[4.171094,43.552761],[4.171269,43.552708],[4.170756,43.5525]]]},"properties":{"id_pk":"PK_30003_041","nom":null,"insee":"30003","commune":"Aigues-Mortes","source":"osm","id_source":"w694738518","surf_m2":512.2,"nb_pl_est":23,"nb_pl_reel":null,"nb_places":23,"stat_auto":"public","statut":null,"proprio":"commune","part_pub":1.0,"acces_osm":null,"payant":null,"sud_canal":true,"a_verif":false,"motif_ver":"","cle":"osm:w694738518","revue":{"statut":"a_revoir"}}},{"type":"Feature","geometry":{"type":"Polygon","coordinates":[[[4.199631,43.577073],[4.199409,43.577176],[4.199596,43.577342],[4.199797,43.577248],[4.199631,43.577073]]]},"properties":{"id_pk":"PK_30003_042","nom":null,"insee":"30003","commune":"Aigues-Mortes","source":"osm","id_source":"w1482686899","surf_m2":478.9,"nb_pl_est":22,"nb_pl_reel":null,"nb_places":22,"stat_auto":"prive","statut":null,"proprio":"pm_privee","part_pub":0.0,"acces_osm":"customers","payant":"no","sud_canal":false,"a_verif":false,"motif_ver":"","cle":"osm:w1482686899","revue":{"statut":"a_revoir"}}},{"type":"Feature","geometry":{"type":"Polygon","coordinates":[[[4.200232,43.577025],[4.200539,43.576885],[4.200416,43.576784],[4.200113,43.576876],[4.200129,43.576915],[4.200232,43.577025]]]},"properties":{"id_pk":"PK_30003_043","nom":null,"insee":"30003","commune":"Aigues-Mortes","source":"osm","id_source":"w965186065","surf_m2":478.5,"nb_pl_est":22,"nb_pl_reel":null,"nb_places":22,"stat_auto":"prive","statut":null,"proprio":"pm_privee","part_pub":0.02,"acces_osm":null,"payant":null,"sud_canal":false,"a_verif":false,"motif_ver":"","cle":"osm:w965186065","revue":{"statut":"a_revoir"}}},{"type":"Feature","geometry":{"type":"Polygon","coordinates":[[[4.201256,43.56984],[4.200315,43.570109],[4.20034,43.570154],[4.201281,43.569886],[4.201256,43.56984]]]},"properties":{"id_pk":"PK_30003_044","nom":null,"insee":"30003","commune":"Aigues-Mortes","source":"osm","id_source":"w644561425","surf_m2":448.7,"nb_pl_est":21,"nb_pl_reel":null,"nb_places":21,"stat_auto":"public","statut":null,"proprio":"domaine_public","part_pub":1.0,"acces_osm":null,"payant":null,"sud_canal":true,"a_verif":false,"motif_ver":"","cle":"osm:w644561425","revue":{"statut":"a_revoir"}}},{"type":"Feature","geometry":{"type":"Polygon","coordinates":[[[4.195087,43.573587],[4.194889,43.573383],[4.194743,43.573457],[4.194941,43.573662],[4.195087,43.573587]]]},"properties":{"id_pk":"PK_30003_045","nom":null,"insee":"30003","commune":"Aigues-Mortes","source":"osm","id_source":"w914096575","surf_m2":400.4,"nb_pl_est":19,"nb_pl_reel":null,"nb_places":19,"stat_auto":"prive","statut":null,"proprio":"pp","part_pub":0.0,"acces_osm":"customers","payant":"no","sud_canal":false,"a_verif":false,"motif_ver":"","cle":"osm:w914096575","revue":{"statut":"a_revoir"}}},{"type":"Feature","geometry":{"type":"Polygon","coordinates":[[[4.201935,43.568465],[4.201065,43.568715],[4.201088,43.568761],[4.201957,43.568506],[4.201935,43.568465]]]},"properties":{"id_pk":"PK_30003_046","nom":null,"insee":"30003","commune":"Aigues-Mortes","source":"osm","id_source":"w644561428","surf_m2":389.8,"nb_pl_est":18,"nb_pl_reel":null,"nb_places":18,"stat_auto":"public","statut":null,"proprio":"domaine_public","part_pub":1.0,"acces_osm":null,"payant":null,"sud_canal":true,"a_verif":false,"motif_ver":"","cle":"osm:w644561428","revue":{"statut":"a_revoir"}}},{"type":"Feature","geometry":{"type":"Polygon","coordinates":[[[4.183817,43.570611],[4.184175,43.570489],[4.184125,43.570413],[4.183758,43.570544],[4.183817,43.570611]]]},"properties":{"id_pk":"PK_30003_047","nom":null,"insee":"30003","commune":"Aigues-Mortes","source":"osm","id_source":"w1097353336","surf_m2":295.7,"nb_pl_est":15,"nb_pl_reel":null,"nb_places":15,"stat_auto":"prive","statut":null,"proprio":"pp","part_pub":0.02,"acces_osm":null,"payant":null,"sud_canal":true,"a_verif":false,"motif_ver":"","cle":"osm:w1097353336","revue":{"statut":"a_revoir"}}},{"type":"Feature","geometry":{"type":"Polygon","coordinates":[[[4.19488,43.573077],[4.194557,43.572808],[4.194488,43.572851],[4.194812,43.57312],[4.19488,43.573077]]]},"properties":{"id_pk":"PK_30003_048","nom":null,"insee":"30003","commune":"Aigues-Mortes","source":"osm","id_source":"w1064812033","surf_m2":291.7,"nb_pl_est":14,"nb_pl_reel":null,"nb_places":14,"stat_auto":"prive","statut":null,"proprio":"pm_privee","part_pub":0.14,"acces_osm":"customers","payant":null,"sud_canal":false,"a_verif":true,"motif_ver":"capacité proche du seuil de 10 places","cle":"osm:w1064812033","revue":{"statut":"a_revoir"}}},{"type":"Feature","geometry":{"type":"Polygon","coordinates":[[[4.18387,43.572973],[4.184337,43.572862],[4.184559,43.572832],[4.184593,43.572785],[4.184322,43.572816],[4.183881,43.572931],[4.18387,43.572973]]]},"properties":{"id_pk":"PK_30003_049","nom":null,"insee":"30003","commune":"Aigues-Mortes","source":"osm","id_source":"w1197117579","surf_m2":283.2,"nb_pl_est":14,"nb_pl_reel":null,"nb_places":14,"stat_auto":"public","statut":null,"proprio":"commune","part_pub":1.0,"acces_osm":null,"payant":null,"sud_canal":true,"a_verif":true,"motif_ver":"capacité proche du seuil de 10 places","cle":"osm:w1197117579","revue":{"statut":"a_revoir"}}},{"type":"Feature","geometry":{"type":"Polygon","coordinates":[[[4.195783,43.571043],[4.195961,43.571096],[4.196237,43.571011],[4.196217,43.570964],[4.195975,43.57101],[4.195968,43.570986],[4.195776,43.571019],[4.195783,43.571043]]]},"properties":{"id_pk":"PK_30003_050","nom":null,"insee":"30003","commune":"Aigues-Mortes","source":"osm","id_source":"w173688366","surf_m2":273.2,"nb_pl_est":14,"nb_pl_reel":null,"nb_places":14,"stat_auto":"public","statut":null,"proprio":"domaine_public","part_pub":1.0,"acces_osm":null,"payant":null,"sud_canal":true,"a_verif":true,"motif_ver":"capacité proche du seuil de 10 places","cle":"osm:w173688366","revue":{"statut":"a_revoir"}}},{"type":"Feature","geometry":{"type":"Polygon","coordinates":[[[4.184843,43.573507],[4.184983,43.573499],[4.185029,43.57354],[4.185146,43.573467],[4.185022,43.573368],[4.184809,43.573473],[4.184843,43.573507]]]},"properties":{"id_pk":"PK_30003_051","nom":null,"insee":"30003","commune":"Aigues-Mortes","source":"osm","id_source":"w1477860322","surf_m2":256.2,"nb_pl_est":13,"nb_pl_reel":null,"nb_places":13,"stat_auto":"prive","statut":null,"proprio":"hlm","part_pub":0.0,"acces_osm":null,"payant":null,"sud_canal":true,"a_verif":true,"motif_ver":"capacité proche du seuil de 10 places","cle":"osm:w1477860322","revue":{"statut":"a_revoir"}}},{"type":"Feature","geometry":{"type":"Polygon","coordinates":[[[4.194416,43.570412],[4.194515,43.570377],[4.194197,43.570233],[4.194107,43.570277],[4.194416,43.570412]]]},"properties":{"id_pk":"PK_30003_052","nom":null,"insee":"30003","commune":"Aigues-Mortes","source":"osm","id_source":"w1442088413","surf_m2":229.6,"nb_pl_est":12,"nb_pl_reel":null,"nb_places":11,"stat_auto":"public","statut":null,"proprio":"domaine_public","part_pub":1.0,"acces_osm":null,"payant":"no","sud_canal":true,"a_verif":false,"motif_ver":"","cle":"osm:w1442088413","revue":{"statut":"a_revoir"}}},{"type":"Feature","geometry":{"type":"Polygon","coordinates":[[[4.193652,43.706685],[4.194389,43.707515],[4.195473,43.706995],[4.194763,43.706169],[4.193652,43.706685]]]},"properties":{"id_pk":"PK_30004_001","nom":null,"insee":"30004","commune":"Aigues-Vives","source":"osm","id_source":"w41401246","surf_m2":11499.8,"nb_pl_est":320,"nb_pl_reel":null,"nb_places":429,"stat_auto":"prive","statut":null,"proprio":"pm_privee","part_pub":0.0,"acces_osm":"customers","payant":null,"sud_canal":false,"a_verif":false,"motif_ver":"","cle":"osm:w41401246","revue":{"statut":"a_revoir"}}},{"type":"Feature","geometry":{"type":"Polygon","coordinates":[[[4.1904,43.728312],[4.192317,43.729245],[4.192469,43.72858],[4.191536,43.72844],[4.190757,43.728291],[4.19055,43.728234],[4.1904,43.728312]]]},"properties":{"id_pk":"PK_30004_002","nom":null,"insee":"30004","commune":"Aigues-Vives","source":"osm","id_source":"w1317388769","surf_m2":6949.0,"nb_pl_est":188,"nb_pl_reel":null,"nb_places":188,"stat_auto":"prive","statut":null,"proprio":"pm_privee","part_pub":0.02,"acces_osm":null,"payant":null,"sud_canal":false,"a_verif":false,"motif_ver":"","cle":"osm:w1317388769","revue":{"statut":"a_revoir"}}},{"type":"Feature","geometry":{"type":"Polygon","coordinates":[[[4.191033,43.727325],[4.1914,43.727367],[4.192211,43.726921],[4.191333,43.726614],[4.191051,43.726882],[4.19084,43.727018],[4.190726,43.727199],[4.19053,43.727395],[4.190343,43.727581],[4.190676,43.727659],[4.191033,43.727325]]]},"properties":{"id_pk":"PK_30004_003","nom":null,"insee":"30004","commune":"Aigues-Vives","source":"osm","id_source":"w157155041","surf_m2":6715.2,"nb_pl_est":181,"nb_pl_reel":null,"nb_places":181,"stat_auto":"prive","statut":null,"proprio":"pm_privee","part_pub":0.0,"acces_osm":"customers","payant":null,"sud_canal":false,"a_verif":false,"motif_ver":"","cle":"osm:w157155041","revue":{"statut":"a_revoir"}}},{"type":"Feature","geometry":{"type":"Polygon","coordinates":[[[4.198601,43.714597],[4.198647,43.714902],[4.198529,43.71492],[4.19853,43.715007],[4.199043,43.71498],[4.19904,43.714941],[4.199097,43.71494],[4.199062,43.71468],[4.199026,43.714682],[4.198982,43.714549],[4.198899,43.71448],[4.198759,43.714264],[4.197622,43.714338],[4.197654,43.714596],[4.198008,43.714571],[4.198013,43.714621],[4.198601,43.714597]]]},"properties":{"id_pk":"PK_30004_004","nom":null,"insee":"30004","commune":"Aigues-Vives","source":"osm","id_source":"w41801824","surf_m2":4962.5,"nb_pl_est":132,"nb_pl_reel":null,"nb_places":132,"stat_auto":"prive","statut":null,"proprio":"pm_privee","part_pub":0.0,"acces_osm":"customers","payant":"no","sud_canal":false,"a_verif":false,"motif_ver":"","cle":"osm:w41801824","revue":{"statut":"a_revoir"}}},{"type":"Feature","geometry":{"type":"Polygon","coordinates":[[[4.198687,43.713366],[4.198502,43.713457],[4.198571,43.713521],[4.198772,43.713427],[4.199198,43.713923],[4.198878,43.714103],[4.198951,43.714222],[4.199385,43.714013],[4.198233,43.712626],[4.198144,43.712626],[4.197985,43.712802],[4.198168,43.712822],[4.198687,43.713366]]]},"properties":{"id_pk":"PK_30004_005","nom":null,"insee":"30004","commune":"Aigues-Vives","source":"osm","id_source":"w965151289","surf_m2":2785.6,"nb_pl_est":73,"nb_pl_reel":null,"nb_places":73,"stat_auto":"prive","statut":null,"proprio":"pm_privee","part_pub":0.0,"acces_osm":"customers","payant":"no","sud_canal":false,"a_verif":false,"motif_ver":"","cle":"osm:w965151289","revue":{"statut":"a_revoir"}}},{"type":"Feature","geometry":{"type":"Polygon","coordinates":[[[4.183554,43.733949],[4.183591,43.733986],[4.183639,43.734034],[4.184079,43.734009],[4.184055,43.733882],[4.183713,43.733647],[4.183307,43.733766],[4.183124,43.733916],[4.183382,43.734073],[4.183554,43.733949]]]},"properties":{"id_pk":"PK_30004_006","nom":null,"insee":"30004","commune":"Aigues-Vives","source":"osm","id_source":"w160682325","surf_m2":2143.5,"nb_pl_est":57,"nb_pl_reel":null,"nb_places":57,"stat_auto":"public","statut":null,"proprio":"commune","part_pub":1.0,"acces_osm":null,"payant":"no","sud_canal":false,"a_verif":false,"motif_ver":"","cle":"osm:w160682325","revue":{"statut":"a_revoir"}}},{"type":"Feature","geometry":{"type":"Polygon","coordinates":[[[4.190797,43.728254],[4.192061,43.728482],[4.192095,43.72819],[4.191821,43.728176],[4.19107,43.728189],[4.190785,43.728229],[4.190797,43.728254]]]},"properties":{"id_pk":"PK_30004_007","nom":null,"insee":"30004","commune":"Aigues-Vives","source":"osm","id_source":"w511362306","surf_m2":2085.8,"nb_pl_est":56,"nb_pl_reel":null,"nb_places":56,"stat_auto":"prive","statut":null,"proprio":"pm_privee","part_pub":0.0,"acces_osm":"private","payant":null,"sud_canal":false,"a_verif":false,"motif_ver":"","cle":"osm:w511362306","revue":{"statut":"a_revoir"}}},{"type":"Feature","geometry":{"type":"Polygon","coordinates":[[[4.194142,43.707634],[4.194616,43.708169],[4.194863,43.708061],[4.194389,43.707515],[4.194142,43.707634]]]},"properties":{"id_pk":"PK_30004_008","nom":null,"insee":"30004","commune":"Aigues-Vives","source":"osm","id_source":"w359796100","surf_m2":1679.2,"nb_pl_est":51,"nb_pl_reel":null,"nb_places":44,"stat_auto":"prive","statut":null,"proprio":"pm_privee","part_pub":0.0,"acces_osm":"customers","payant":"no","sud_canal":false,"a_verif":false,"motif_ver":"","cle":"osm:w359796100","revue":{"statut":"a_revoir"}}},{"type":"Feature","geometry":{"type":"Polygon","coordinates":[[[4.181728,43.736556],[4.181797,43.736604],[4.181956,43.736722],[4.18207,43.736735],[4.182084,43.7366],[4.181918,43.736489],[4.181772,43.736492],[4.181556,43.736368],[4.181491,43.736411],[4.181283,43.736654],[4.181397,43.736692],[4.181575,43.736457],[4.181604,43.736482],[4.181438,43.736705],[4.181607,43.736761],[4.181728,43.736556]]]},"properties":{"id_pk":"PK_30004_009","nom":"Parking des Arènes","insee":"30004","commune":"Aigues-Vives","source":"osm","id_source":"w822899451","surf_m2":1294.6,"nb_pl_est":45,"nb_pl_reel":null,"nb_places":45,"stat_auto":"public","statut":null,"proprio":"commune","part_pub":1.0,"acces_osm":"yes","payant":"no","sud_canal":false,"a_verif":false,"motif_ver":"","cle":"osm:w822899451","revue":{"statut":"a_revoir"}}},{"type":"Feature","geometry":{"type":"Polygon","coordinates":[[[4.199912,43.714534],[4.199788,43.714398],[4.199304,43.714628],[4.199428,43.714764],[4.199912,43.714534]]]},"properties":{"id_pk":"PK_30004_010","nom":null,"insee":"30004","commune":"Aigues-Vives","source":"osm","id_source":"w965151303","surf_m2":846.8,"nb_pl_est":34,"nb_pl_reel":null,"nb_places":34,"stat_auto":"prive","statut":null,"proprio":"pm_privee","part_pub":0.0,"acces_osm":"private","payant":null,"sud_canal":false,"a_verif":false,"motif_ver":"","cle":"osm:w965151303","revue":{"statut":"a_revoir"}}},{"type":"Feature","geometry":{"type":"Polygon","coordinates":[[[4.18306,43.739007],[4.183052,43.738787],[4.182993,43.738646],[4.182807,43.738687],[4.182824,43.738964],[4.182882,43.739085],[4.18306,43.739007]]]},"properties":{"id_pk":"PK_30004_011","nom":null,"insee":"30004","commune":"Aigues-Vives","source":"osm","id_source":"w160681741","surf_m2":772.8,"nb_pl_est":32,"nb_pl_reel":null,"nb_places":32,"stat_auto":"public","statut":null,"proprio":"domaine_public","part_pub":1.0,"acces_osm":null,"payant":"no","sud_canal":false,"a_verif":false,"motif_ver":"","cle":"osm:w160681741","revue":{"statut":"a_revoir"}}},{"type":"Feature","geometry":{"type":"Polygon","coordinates":[[[4.197652,43.713427],[4.197753,43.713071],[4.197718,43.713023],[4.197733,43.712994],[4.197586,43.71298],[4.197481,43.713394],[4.197652,43.713427]]]},"properties":{"id_pk":"PK_30004_012","nom":null,"insee":"30004","commune":"Aigues-Vives","source":"osm","id_source":"w965151294","surf_m2":682.5,"nb_pl_est":29,"nb_pl_reel":null,"nb_places":25,"stat_auto":"prive","statut":null,"proprio":"pm_privee","part_pub":0.0,"acces_osm":"customers","payant":null,"sud_canal":false,"a_verif":false,"motif_ver":"","cle":"osm:w965151294","revue":{"statut":"a_revoir"}}},{"type":"Feature","geometry":{"type":"Polygon","coordinates":[[[4.183851,43.738968],[4.183874,43.739111],[4.1839,43.739131],[4.183967,43.739143],[4.18431,43.739104],[4.184258,43.738929],[4.183851,43.738968]]]},"properties":{"id_pk":"PK_30004_013","nom":null,"insee":"30004","commune":"Aigues-Vives","source":"osm","id_source":"w230615800","surf_m2":680.3,"nb_pl_est":29,"nb_pl_reel":null,"nb_places":29,"stat_auto":"public","statut":null,"proprio":"commune","part_pub":0.87,"acces_osm":null,"payant":"no","sud_canal":false,"a_verif":false,"motif_ver":"","cle":"osm:w230615800","revue":{"statut":"a_revoir"}}},{"type":"Feature","geometry":{"type":"Polygon","coordinates":[[[4.183204,43.734571],[4.183506,43.734455],[4.183382,43.73439],[4.183354,43.734307],[4.183284,43.734275],[4.183183,43.734374],[4.183157,43.734365],[4.183038,43.734469],[4.183204,43.734571]]]},"properties":{"id_pk":"PK_30004_014","nom":null,"insee":"30004","commune":"Aigues-Vives","source":"osm","id_source":"w368815272","surf_m2":597.9,"nb_pl_est":26,"nb_pl_reel":null,"nb_places":26,"stat_auto":"public","statut":null,"proprio":"commune","part_pub":1.0,"acces_osm":null,"payant":null,"sud_canal":false,"a_verif":false,"motif_ver":"","cle":"osm:w368815272","revue":{"statut":"a_revoir"}}},{"type":"Feature","geometry":{"type":"Polygon","coordinates":[[[4.200509,43.715106],[4.200178,43.714744],[4.200054,43.714803],[4.200385,43.715165],[4.200509,43.715106]]]},"properties":{"id_pk":"PK_30004_015","nom":null,"insee":"30004","commune":"Aigues-Vives","source":"osm","id_source":"w965151300","surf_m2":576.6,"nb_pl_est":26,"nb_pl_reel":null,"nb_places":26,"stat_auto":"prive","statut":null,"proprio":"pm_privee","part_pub":0.0,"acces_osm":"customers","payant":"no","sud_canal":false,"a_verif":false,"motif_ver":"","cle":"osm:w965151300","revue":{"statut":"a_revoir"}}},{"type":"Feature","geometry":{"type":"Polygon","coordinates":[[[4.17978,43.739952],[4.17987,43.739939],[4.179834,43.739671],[4.179752,43.739672],[4.179669,43.739674],[4.17968,43.739869],[4.179633,43.739883],[4.179645,43.739978],[4.17978,43.739952]]]},"properties":{"id_pk":"PK_30004_016","nom":null,"insee":"30004","commune":"Aigues-Vives","source":"osm","id_source":"w160681746","surf_m2":482.7,"nb_pl_est":22,"nb_pl_reel":null,"nb_places":22,"stat_auto":"public","statut":null,"proprio":"domaine_public","part_pub":0.96,"acces_osm":null,"payant":"no","sud_canal":false,"a_verif":false,"motif_ver":"","cle":"osm:w160681746","revue":{"statut":"a_revoir"}}},{"type":"Feature","geometry":{"type":"Polygon","coordinates":[[[4.176434,43.73908],[4.176379,43.738919],[4.176272,43.738936],[4.176149,43.738958],[4.176207,43.73912],[4.176434,43.73908]]]},"properties":{"id_pk":"PK_30004_017","nom":null,"insee":"30004","commune":"Aigues-Vives","source":"osm","id_source":"w326383079","surf_m2":353.6,"nb_pl_est":17,"nb_pl_reel":null,"nb_places":17,"stat_auto":"public","statut":null,"proprio":"commune","part_pub":0.99,"acces_osm":"permissive","payant":null,"sud_canal":false,"a_verif":false,"motif_ver":"","cle":"osm:w326383079","revue":{"statut":"a_revoir"}}},{"type":"Feature","geometry":{"type":"Polygon","coordinates":[[[4.20064,43.715289],[4.2005,43.715134],[4.200387,43.715187],[4.200527,43.715342],[4.20064,43.715289]]]},"properties":{"id_pk":"PK_30004_018","nom":null,"insee":"30004","commune":"Aigues-Vives","source":"osm","id_source":"w965151305","surf_m2":223.7,"nb_pl_est":11,"nb_pl_reel":null,"nb_places":11,"stat_auto":"prive","statut":null,"proprio":"pm_privee","part_pub":0.0,"acces_osm":"customers","payant":null,"sud_canal":false,"a_verif":true,"motif_ver":"capacité proche du seuil de 10 places","cle":"osm:w965151305","revue":{"statut":"a_revoir"}}},{"type":"Feature","geometry":{"type":"Polygon","coordinates":[[[4.187748,43.699798,9.7],[4.188389,43.699557,9.7],[4.188574,43.699634,9.4],[4.18865,43.69966,10.1],[4.188687,43.699668,10.1],[4.1888,43.699344,10.1],[4.188804,43.699243,10.1],[4.188757,43.699163,10.1],[4.188686,43.6991,10.1],[4.187759,43.698721,10.1],[4.187683,43.69871,10.1],[4.187564,43.698721,10.1],[4.187466,43.698758,10.1],[4.187373,43.698818,10.1],[4.187194,43.699054,10.1],[4.186984,43.699372,10.1],[4.187015,43.699388,10.3],[4.18714,43.699509,9.4],[4.187264,43.699677,9.7],[4.187748,43.699798,9.7]]]},"properties":{"id_pk":"PK_30006_001","nom":null,"insee":"30006","commune":"Aimargues","source":"bdtopo","id_source":"EQ_RESEA0000000337038259","surf_m2":11709.1,"nb_pl_est":327,"nb_pl_reel":null,"nb_places":327,"stat_auto":"prive","statut":null,"proprio":"pm_privee","part_pub":0.0,"acces_osm":null,"payant":null,"sud_canal":false,"a_verif":true,"motif_ver":"absent d'OSM (BD TOPO seule)","cle":"bdtopo:EQ_RESEA0000000337038259","revue":{"statut":"a_revoir"}}},{"type":"Feature","geometry":{"type":"Polygon","coordinates":[[[4.185444,43.702191],[4.185867,43.702445],[4.186291,43.702663],[4.186427,43.702564],[4.186022,43.702358],[4.185953,43.702378],[4.185947,43.702334],[4.186185,43.702127],[4.186169,43.702088],[4.185017,43.701375],[4.184433,43.701022],[4.184378,43.701038],[4.184357,43.701029],[4.184336,43.701024],[4.184298,43.701038],[4.18408,43.701235],[4.184069,43.701264],[4.184081,43.701299],[4.18407,43.701345],[4.185444,43.702191]]]},"properties":{"id_pk":"PK_30006_002","nom":null,"insee":"30006","commune":"Aimargues","source":"osm","id_source":"w505838695","surf_m2":9651.2,"nb_pl_est":266,"nb_pl_reel":null,"nb_places":266,"stat_auto":"prive","statut":null,"proprio":"pm_privee","part_pub":0.0,"acces_osm":null,"payant":null,"sud_canal":false,"a_verif":false,"motif_ver":"","cle":"osm:w505838695","revue":{"statut":"a_revoir"}}},{"type":"Feature","geometry":{"type":"Polygon","coordinates":[[[4.18571,43.700087],[4.185813,43.700086],[4.186035,43.699998],[4.186338,43.699838],[4.186216,43.699672],[4.18596,43.699406],[4.18589,43.699398],[4.185826,43.699344],[4.185759,43.699293],[4.185783,43.699252],[4.185751,43.699167],[4.185782,43.699012],[4.185677,43.698907],[4.185568,43.698752],[4.18552,43.69862],[4.185438,43.698388],[4.1851,43.698475],[4.18517,43.698658],[4.185185,43.698738],[4.185245,43.69893],[4.185205,43.698967],[4.185308,43.69911],[4.185617,43.69935],[4.185477,43.699484],[4.185293,43.699664],[4.18571,43.700087]]]},"properties":{"id_pk":"PK_30006_003","nom":null,"insee":"30006","commune":"Aimargues","source":"osm","id_source":"w505838713","surf_m2":7394.3,"nb_pl_est":200,"nb_pl_reel":null,"nb_places":200,"stat_auto":"prive","statut":null,"proprio":"pm_privee","part_pub":0.02,"acces_osm":null,"payant":null,"sud_canal":false,"a_verif":false,"motif_ver":"","cle":"osm:w505838713","revue":{"statut":"a_revoir"}}},{"type":"Feature","geometry":{"type":"Polygon","coordinates":[[[4.202959,43.693878],[4.203203,43.693728],[4.203255,43.693698],[4.204233,43.693006],[4.204187,43.692971],[4.204184,43.692912],[4.204093,43.692886],[4.203936,43.692901],[4.203672,43.692598],[4.203341,43.692599],[4.20329,43.692626],[4.203486,43.692852],[4.203435,43.692877],[4.203301,43.692911],[4.203489,43.693128],[4.203172,43.693288],[4.203198,43.693317],[4.202736,43.693541],[4.202767,43.693634],[4.202691,43.693697],[4.202614,43.693788],[4.202876,43.693891],[4.202959,43.693878]]]},"properties":{"id_pk":"PK_30006_004","nom":null,"insee":"30006","commune":"Aimargues","source":"osm","id_source":"w41675411","surf_m2":6668.1,"nb_pl_est":180,"nb_pl_reel":null,"nb_places":180,"stat_auto":"prive","statut":null,"proprio":"pm_privee","part_pub":0.0,"acces_osm":"customers","payant":null,"sud_canal":false,"a_verif":false,"motif_ver":"","cle":"osm:w41675411","revue":{"statut":"a_revoir"}}},{"type":"Feature","geometry":{"type":"Polygon","coordinates":[[[4.184306,43.70101,10.5],[4.184346,43.700968,11.0],[4.184233,43.700904,11.0],[4.184486,43.70067,11.0],[4.184061,43.700424,11.0],[4.184022,43.700457,11.0],[4.183872,43.700373,11.0],[4.18329,43.700901,11.0],[4.18399,43.701306,11.0],[4.184025,43.701273,10.4],[4.184306,43.70101,10.5]]]},"properties":{"id_pk":"PK_30006_005","nom":null,"insee":"30006","commune":"Aimargues","source":"bdtopo","id_source":"EQ_RESEA0000002490252748","surf_m2":5276.1,"nb_pl_est":141,"nb_pl_reel":null,"nb_places":141,"stat_auto":"prive","statut":null,"proprio":"pm_privee","part_pub":0.0,"acces_osm":null,"payant":null,"sud_canal":false,"a_verif":true,"motif_ver":"absent d'OSM (BD TOPO seule)","cle":"bdtopo:EQ_RESEA0000002490252748","revue":{"statut":"a_revoir"}}},{"type":"Feature","geometry":{"type":"Polygon","coordinates":[[[4.20018,43.695313],[4.200531,43.69555],[4.200945,43.69523],[4.200863,43.695174],[4.200242,43.694755],[4.200147,43.694758],[4.199998,43.694764],[4.199971,43.694785],[4.199951,43.6948],[4.199704,43.694991],[4.20018,43.695313]]]},"properties":{"id_pk":"PK_30006_006","nom":null,"insee":"30006","commune":"Aimargues","source":"osm","id_source":"w614258696","surf_m2":4345.9,"nb_pl_est":115,"nb_pl_reel":null,"nb_places":115,"stat_auto":"prive","statut":null,"proprio":"pp","part_pub":0.0,"acces_osm":null,"payant":null,"sud_canal":false,"a_verif":true,"motif_ver":"grande aire sans propriétaire personne morale : vérifier le foncier","cle":"osm:w614258696","revue":{"statut":"a_revoir"}}},{"type":"Feature","geometry":{"type":"Polygon","coordinates":[[[4.190411,43.703719],[4.190356,43.703701],[4.190331,43.703694],[4.189954,43.703575],[4.189927,43.703568],[4.189874,43.703552],[4.190077,43.703209],[4.189754,43.703108],[4.189563,43.703494],[4.18951,43.703588],[4.190547,43.703883],[4.191152,43.702888],[4.191104,43.70287],[4.190958,43.702817],[4.190411,43.703719]]]},"properties":{"id_pk":"PK_30006_007","nom":null,"insee":"30006","commune":"Aimargues","source":"osm","id_source":"w227936358","surf_m2":4280.4,"nb_pl_est":114,"nb_pl_reel":null,"nb_places":114,"stat_auto":"prive","statut":null,"proprio":"pm_privee","part_pub":0.0,"acces_osm":"private","payant":null,"sud_canal":false,"a_verif":false,"motif_ver":"","cle":"osm:w227936358","revue":{"statut":"a_revoir"}}},{"type":"Feature","geometry":{"type":"Polygon","coordinates":[[[4.209029,43.686847],[4.209297,43.686905],[4.20962,43.686927],[4.209955,43.686922],[4.210008,43.68687],[4.209394,43.68674],[4.208698,43.686569],[4.208241,43.68644],[4.208087,43.686397],[4.20803,43.686381],[4.20798,43.686367],[4.207957,43.68636],[4.20772,43.686287],[4.207671,43.686282],[4.207624,43.686288],[4.207586,43.686306],[4.207559,43.686332],[4.207542,43.686375],[4.207512,43.686453],[4.209029,43.686847]]]},"properties":{"id_pk":"PK_30006_008","nom":null,"insee":"30006","commune":"Aimargues","source":"osm","id_source":"w505612307","surf_m2":3916.2,"nb_pl_est":104,"nb_pl_reel":null,"nb_places":104,"stat_auto":"public","statut":null,"proprio":"commune","part_pub":1.0,"acces_osm":null,"payant":"no","sud_canal":false,"a_verif":false,"motif_ver":"","cle":"osm:w505612307","revue":{"statut":"a_revoir"}}},{"type":"Feature","geometry":{"type":"Polygon","coordinates":[[[4.199186,43.695017],[4.19892,43.694573],[4.198891,43.694638],[4.198835,43.694759],[4.198638,43.695187],[4.198569,43.69537],[4.198549,43.695517],[4.19861,43.695608],[4.19877,43.695676],[4.199186,43.695017]]]},"properties":{"id_pk":"PK_30006_009","nom":null,"insee":"30006","commune":"Aimargues","source":"osm","id_source":"w621447801","surf_m2":3061.2,"nb_pl_est":81,"nb_pl_reel":null,"nb_places":81,"stat_auto":"prive","statut":null,"proprio":"pm_privee","part_pub":0.01,"acces_osm":"private","payant":null,"sud_canal":false,"a_verif":false,"motif_ver":"","cle":"osm:w621447801","revue":{"statut":"a_revoir"}}},{"type":"Feature","geometry":{"type":"Polygon","coordinates":[[[4.204169,43.6928],[4.204325,43.692626],[4.204487,43.692695],[4.20453,43.692648],[4.204657,43.692508],[4.204708,43.692448],[4.205152,43.691942],[4.20491,43.691822],[4.204888,43.691811],[4.204065,43.692747],[4.204169,43.6928]]]},"properties":{"id_pk":"PK_30006_010","nom":null,"insee":"30006","commune":"Aimargues","source":"osm","id_source":"w618538291","surf_m2":2817.7,"nb_pl_est":74,"nb_pl_reel":null,"nb_places":74,"stat_auto":"prive","statut":null,"proprio":"pm_privee","part_pub":0.0,"acces_osm":null,"payant":null,"sud_canal":false,"a_verif":false,"motif_ver":"","cle":"osm:w618538291","revue":{"statut":"a_revoir"}}},{"type":"Feature","geometry":{"type":"Polygon","coordinates":[[[4.2002,43.692785],[4.200542,43.693036],[4.200595,43.693075],[4.200611,43.693059],[4.200778,43.692898],[4.20081,43.692889],[4.200848,43.6929],[4.200887,43.69293],[4.200975,43.692911],[4.201029,43.692584],[4.200948,43.692577],[4.200901,43.692583],[4.200818,43.692593],[4.200775,43.692578],[4.200652,43.6925],[4.200583,43.692551],[4.200514,43.692547],[4.200362,43.692579],[4.200224,43.692656],[4.200137,43.692739],[4.2002,43.692785]]]},"properties":{"id_pk":"PK_30006_011","nom":null,"insee":"30006","commune":"Aimargues","source":"osm","id_source":"w614258691","surf_m2":2647.7,"nb_pl_est":70,"nb_pl_reel":null,"nb_places":70,"stat_auto":"prive","statut":null,"proprio":"pm_privee","part_pub":0.0,"acces_osm":"private","payant":null,"sud_canal":false,"a_verif":false,"motif_ver":"","cle":"osm:w614258691","revue":{"statut":"a_revoir"}}},{"type":"Feature","geometry":{"type":"Polygon","coordinates":[[[4.189339,43.692585],[4.189441,43.692487],[4.189425,43.692408],[4.189324,43.692352],[4.188943,43.692494],[4.188871,43.692582],[4.188808,43.692692],[4.188748,43.692867],[4.188692,43.693045],[4.188976,43.692973],[4.189339,43.692585]]]},"properties":{"id_pk":"PK_30006_012","nom":null,"insee":"30006","commune":"Aimargues","source":"osm","id_source":"w807602213","surf_m2":2134.3,"nb_pl_est":57,"nb_pl_reel":null,"nb_places":57,"stat_auto":"prive","statut":null,"proprio":"pp","part_pub":0.0,"acces_osm":"private","payant":null,"sud_canal":false,"a_verif":false,"motif_ver":"","cle":"osm:w807602213","revue":{"statut":"a_revoir"}}},{"type":"Feature","geometry":{"type":"Polygon","coordinates":[[[4.192571,43.702269],[4.192242,43.702699],[4.192598,43.702841],[4.192927,43.702411],[4.192571,43.702269]]]},"properties":{"id_pk":"PK_30006_013","nom":null,"insee":"30006","commune":"Aimargues","source":"osm","id_source":"w614258611","surf_m2":1789.9,"nb_pl_est":53,"nb_pl_reel":null,"nb_places":53,"stat_auto":"prive","statut":null,"proprio":"pm_privee","part_pub":0.0,"acces_osm":null,"payant":null,"sud_canal":false,"a_verif":false,"motif_ver":"","cle":"osm:w614258611","revue":{"statut":"a_revoir"}}},{"type":"Feature","geometry":{"type":"Polygon","coordinates":[[[4.205193,43.661305],[4.205208,43.661318],[4.205574,43.661307],[4.205553,43.660957],[4.205564,43.660936],[4.206065,43.660942],[4.206021,43.660884],[4.205841,43.66085],[4.205626,43.66082],[4.205537,43.660894],[4.205394,43.660887],[4.205307,43.661045],[4.20517,43.661041],[4.205193,43.661305]]]},"properties":{"id_pk":"PK_30006_014","nom":null,"insee":"30006","commune":"Aimargues","source":"osm","id_source":"w802455679","surf_m2":1594.8,"nb_pl_est":50,"nb_pl_reel":null,"nb_places":50,"stat_auto":"prive","statut":null,"proprio":"pm_privee","part_pub":0.0,"acces_osm":null,"payant":null,"sud_canal":false,"a_verif":false,"motif_ver":"","cle":"osm:w802455679","revue":{"statut":"a_revoir"}}},{"type":"Feature","geometry":{"type":"Polygon","coordinates":[[[4.18623,43.700975],[4.186289,43.701171],[4.186445,43.701202],[4.186558,43.701205],[4.186621,43.701168],[4.186569,43.700974],[4.186447,43.700668],[4.186114,43.700708],[4.18623,43.700975]]]},"properties":{"id_pk":"PK_30006_015","nom":null,"insee":"30006","commune":"Aimargues","source":"osm","id_source":"w505838704","surf_m2":1538.9,"nb_pl_est":49,"nb_pl_reel":null,"nb_places":49,"stat_auto":"prive","statut":null,"proprio":"pm_privee","part_pub":0.0,"acces_osm":null,"payant":null,"sud_canal":false,"a_verif":false,"motif_ver":"","cle":"osm:w505838704","revue":{"statut":"a_revoir"}}},{"type":"Feature","geometry":{"type":"Polygon","coordinates":[[[4.211142,43.687047],[4.211074,43.687126],[4.211141,43.687169],[4.211125,43.687186],[4.211169,43.687215],[4.211151,43.687232],[4.21126,43.687299],[4.211227,43.68733],[4.211271,43.687362],[4.211254,43.687378],[4.211357,43.687445],[4.211582,43.687251],[4.211798,43.687114],[4.211707,43.687062],[4.211513,43.687087],[4.21124,43.68695],[4.211142,43.687047]]]},"properties":{"id_pk":"PK_30006_016","nom":null,"insee":"30006","commune":"Aimargues","source":"osm","id_source":"w697580985","surf_m2":1489.5,"nb_pl_est":48,"nb_pl_reel":null,"nb_places":48,"stat_auto":"public","statut":null,"proprio":"commune","part_pub":1.0,"acces_osm":"yes","payant":null,"sud_canal":false,"a_verif":false,"motif_ver":"","cle":"osm:w697580985","revue":{"statut":"a_revoir"}}},{"type":"Feature","geometry":{"type":"Polygon","coordinates":[[[4.19248,43.703303],[4.192646,43.703014],[4.1926,43.702996],[4.192627,43.702959],[4.192349,43.702846],[4.192312,43.702881],[4.192268,43.702855],[4.192004,43.703092],[4.19248,43.703303]]]},"properties":{"id_pk":"PK_30006_017","nom":null,"insee":"30006","commune":"Aimargues","source":"osm","id_source":"w614258616","surf_m2":1473.6,"nb_pl_est":48,"nb_pl_reel":null,"nb_places":48,"stat_auto":"prive","statut":null,"proprio":"pp","part_pub":0.0,"acces_osm":"private","payant":null,"sud_canal":false,"a_verif":false,"motif_ver":"","cle":"osm:w614258616","revue":{"statut":"a_revoir"}}},{"type":"Feature","geometry":{"type":"Polygon","coordinates":[[[4.211416,43.685195],[4.211445,43.685202],[4.211504,43.685218],[4.211799,43.684473],[4.211688,43.684452],[4.211611,43.684438],[4.211337,43.685093],[4.211416,43.685195]]]},"properties":{"id_pk":"PK_30006_018","nom":null,"insee":"30006","commune":"Aimargues","source":"osm","id_source":"w505612304","surf_m2":1350.5,"nb_pl_est":46,"nb_pl_reel":null,"nb_places":46,"stat_auto":"public","statut":null,"proprio":"commune","part_pub":1.0,"acces_osm":null,"payant":null,"sud_canal":false,"a_verif":false,"motif_ver":"","cle":"osm:w505612304","revue":{"statut":"a_revoir"}}},{"type":"Feature","geometry":{"type":"Polygon","coordinates":[[[4.181724,43.683723],[4.18192,43.683823],[4.182144,43.683663],[4.182136,43.683526],[4.181894,43.683394],[4.181647,43.68356],[4.181545,43.683629],[4.181724,43.683723]]]},"properties":{"id_pk":"PK_30006_019","nom":null,"insee":"30006","commune":"Aimargues","source":"osm","id_source":"w803111746","surf_m2":1295.9,"nb_pl_est":45,"nb_pl_reel":null,"nb_places":45,"stat_auto":"prive","statut":null,"proprio":"pp","part_pub":0.0,"acces_osm":"private","payant":null,"sud_canal":false,"a_verif":false,"motif_ver":"","cle":"osm:w803111746","revue":{"statut":"a_revoir"}}},{"type":"Feature","geometry":{"type":"Polygon","coordinates":[[[4.187407,43.699236],[4.187383,43.699217],[4.187385,43.6992],[4.187455,43.699196],[4.187626,43.698933],[4.187643,43.698914],[4.187668,43.698904],[4.187691,43.698906],[4.187826,43.698955],[4.187826,43.69891],[4.187859,43.698922],[4.187943,43.698966],[4.18799,43.698989],[4.188088,43.698963],[4.188143,43.698937],[4.187873,43.698828],[4.187741,43.698777],[4.187694,43.698775],[4.187629,43.69878],[4.187555,43.698798],[4.187507,43.698827],[4.187469,43.698861],[4.187229,43.699234],[4.187263,43.699277],[4.187407,43.699236]]]},"properties":{"id_pk":"PK_30006_020","nom":null,"insee":"30006","commune":"Aimargues","source":"osm","id_source":"w670966272","surf_m2":1241.6,"nb_pl_est":44,"nb_pl_reel":null,"nb_places":44,"stat_auto":"prive","statut":null,"proprio":"pm_privee","part_pub":0.0,"acces_osm":null,"payant":null,"sud_canal":false,"a_verif":false,"motif_ver":"","cle":"osm:w670966272","revue":{"statut":"a_revoir"}}},{"type":"Feature","geometry":{"type":"Polygon","coordinates":[[[4.200274,43.692348],[4.200397,43.692355],[4.200505,43.692365],[4.200927,43.692397],[4.200978,43.6924],[4.201112,43.692406],[4.201181,43.692384],[4.201203,43.692357],[4.201214,43.692334],[4.201218,43.692304],[4.201221,43.692268],[4.201208,43.692246],[4.201176,43.692195],[4.201129,43.69221],[4.201018,43.692246],[4.200995,43.692207],[4.200989,43.692197],[4.200967,43.692204],[4.20071,43.692287],[4.200649,43.692265],[4.200652,43.692244],[4.200457,43.692229],[4.200418,43.692226],[4.200402,43.692225],[4.200293,43.692217],[4.200274,43.692348]]]},"properties":{"id_pk":"PK_30006_021","nom":null,"insee":"30006","commune":"Aimargues","source":"osm","id_source":"w614258685","surf_m2":1210.2,"nb_pl_est":43,"nb_pl_reel":null,"nb_places":43,"stat_auto":"prive","statut":null,"proprio":"pm_privee","part_pub":0.0,"acces_osm":null,"payant":null,"sud_canal":false,"a_verif":false,"motif_ver":"","cle":"osm:w614258685","revue":{"statut":"a_revoir"}}},{"type":"Feature","geometry":{"type":"Polygon","coordinates":[[[4.21334,43.702628],[4.213339,43.702638],[4.213431,43.702643],[4.213529,43.702658],[4.213596,43.702695],[4.213612,43.702833],[4.213687,43.702839],[4.21375,43.702845],[4.213748,43.702814],[4.213742,43.702729],[4.213793,43.702707],[4.213739,43.702411],[4.213364,43.702409],[4.21334,43.702628]]]},"properties":{"id_pk":"PK_30006_022","nom":null,"insee":"30006","commune":"Aimargues","source":"osm","id_source":"w614228346","surf_m2":1159.4,"nb_pl_est":42,"nb_pl_reel":null,"nb_places":42,"stat_auto":"public","statut":null,"proprio":"commune","part_pub":1.0,"acces_osm":"yes","payant":"no","sud_canal":false,"a_verif":false,"motif_ver":"","cle":"osm:w614228346","revue":{"statut":"a_revoir"}}},{"type":"Feature","geometry":{"type":"Polygon","coordinates":[[[4.201303,43.693344],[4.201432,43.693246],[4.201131,43.693023],[4.200858,43.693229],[4.200838,43.693241],[4.201157,43.693452],[4.201303,43.693344]]]},"properties":{"id_pk":"PK_30006_023","nom":null,"insee":"30006","commune":"Aimargues","source":"osm","id_source":"w620424592","surf_m2":1137.7,"nb_pl_est":41,"nb_pl_reel":null,"nb_places":41,"stat_auto":"prive","statut":null,"proprio":"pm_privee","part_pub":0.0,"acces_osm":null,"payant":null,"sud_canal":false,"a_verif":false,"motif_ver":"","cle":"osm:w620424592","revue":{"statut":"a_revoir"}}},{"type":"Feature","geometry":{"type":"Polygon","coordinates":[[[4.217135,43.653497],[4.217214,43.653414],[4.217143,43.653377],[4.21704,43.653471],[4.216988,43.653629],[4.216581,43.654009],[4.216308,43.654292],[4.216332,43.654304],[4.216356,43.654315],[4.216542,43.654112],[4.216575,43.65408],[4.216621,43.654038],[4.216672,43.654066],[4.217237,43.653569],[4.217135,43.653497]]]},"properties":{"id_pk":"PK_30006_024","nom":null,"insee":"30006","commune":"Aimargues","source":"osm","id_source":"w285810085","surf_m2":1098.6,"nb_pl_est":41,"nb_pl_reel":null,"nb_places":41,"stat_auto":"prive","statut":null,"proprio":"pm_privee","part_pub":0.0,"acces_osm":"private","payant":null,"sud_canal":false,"a_verif":false,"motif_ver":"","cle":"osm:w285810085","revue":{"statut":"a_revoir"}}},{"type":"Feature","geometry":{"type":"Polygon","coordinates":[[[4.213625,43.686628],[4.213924,43.6867],[4.213938,43.68648],[4.213963,43.686075],[4.213886,43.68604],[4.213625,43.686628]]]},"properties":{"id_pk":"PK_30006_025","nom":null,"insee":"30006","commune":"Aimargues","source":"osm","id_source":"w651232533","surf_m2":1096.5,"nb_pl_est":41,"nb_pl_reel":null,"nb_places":41,"stat_auto":"public","statut":null,"proprio":"commune","part_pub":1.0,"acces_osm":null,"payant":null,"sud_canal":false,"a_verif":false,"motif_ver":"","cle":"osm:w651232533","revue":{"statut":"a_revoir"}}},{"type":"Feature","geometry":{"type":"Polygon","coordinates":[[[4.214565,43.687334],[4.214754,43.687354],[4.214975,43.687171],[4.214916,43.687149],[4.214941,43.687029],[4.214616,43.686989],[4.214565,43.687334]]]},"properties":{"id_pk":"PK_30006_026","nom":null,"insee":"30006","commune":"Aimargues","source":"osm","id_source":"w614228331","surf_m2":937.0,"nb_pl_est":37,"nb_pl_reel":null,"nb_places":37,"stat_auto":"prive","statut":null,"proprio":"pm_privee","part_pub":0.0,"acces_osm":null,"payant":null,"sud_canal":false,"a_verif":false,"motif_ver":"","cle":"osm:w614228331","revue":{"statut":"a_revoir"}}},{"type":"Feature","geometry":{"type":"Polygon","coordinates":[[[4.204404,43.699912],[4.20476,43.700019],[4.204854,43.699875],[4.20492,43.699784],[4.204827,43.699759],[4.204815,43.699785],[4.204613,43.699725],[4.204624,43.699695],[4.204495,43.699657],[4.204464,43.699758],[4.204404,43.699912]]]},"properties":{"id_pk":"PK_30006_027","nom":null,"insee":"30006","commune":"Aimargues","source":"osm","id_source":"w833807970","surf_m2":919.2,"nb_pl_est":36,"nb_pl_reel":null,"nb_places":36,"stat_auto":"prive","statut":null,"proprio":"pm_privee","part_pub":0.0,"acces_osm":null,"payant":null,"sud_canal":false,"a_verif":false,"motif_ver":"","cle":"osm:w833807970","revue":{"statut":"a_revoir"}}},{"type":"Feature","geometry":{"type":"Polygon","coordinates":[[[4.201119,43.692652],[4.201204,43.692675],[4.201268,43.69271],[4.201372,43.69276],[4.20144,43.692821],[4.201549,43.693019],[4.201396,43.693135],[4.201484,43.693201],[4.201693,43.693035],[4.201561,43.692821],[4.201479,43.692701],[4.201425,43.692638],[4.201381,43.692621],[4.201151,43.692549],[4.201119,43.692652]]]},"properties":{"id_pk":"PK_30006_028","nom":null,"insee":"30006","commune":"Aimargues","source":"osm","id_source":"w651696672","surf_m2":899.1,"nb_pl_est":36,"nb_pl_reel":null,"nb_places":36,"stat_auto":"prive","statut":null,"proprio":"pm_privee","part_pub":0.0,"acces_osm":"yes","payant":"no","sud_canal":false,"a_verif":true,"motif_ver":"foncier privé mais accès OSM « yes »","cle":"osm:w651696672","revue":{"statut":"a_revoir"}}},{"type":"Feature","geometry":{"type":"Polygon","coordinates":[[[4.207643,43.684868],[4.207509,43.685505],[4.207502,43.68556],[4.207502,43.685604],[4.207634,43.685614],[4.207648,43.685564],[4.207752,43.684882],[4.207711,43.684879],[4.207643,43.684868]]]},"properties":{"id_pk":"PK_30006_029","nom":null,"insee":"30006","commune":"Aimargues","source":"osm","id_source":"w761806213","surf_m2":862.7,"nb_pl_est":35,"nb_pl_reel":null,"nb_places":35,"stat_auto":"public","statut":null,"proprio":"commune","part_pub":1.0,"acces_osm":null,"payant":null,"sud_canal":false,"a_verif":false,"motif_ver":"","cle":"osm:w761806213","revue":{"statut":"a_revoir"}}},{"type":"Feature","geometry":{"type":"Polygon","coordinates":[[[4.186596,43.703153],[4.186828,43.703265],[4.186765,43.702928],[4.18656,43.702724],[4.186498,43.702728],[4.186596,43.703153]]]},"properties":{"id_pk":"PK_30006_030","nom":null,"insee":"30006","commune":"Aimargues","source":"osm","id_source":"w505838694","surf_m2":799.2,"nb_pl_est":33,"nb_pl_reel":null,"nb_places":33,"stat_auto":"prive","statut":null,"proprio":"pm_privee","part_pub":0.0,"acces_osm":null,"payant":null,"sud_canal":false,"a_verif":false,"motif_ver":"","cle":"osm:w505838694","revue":{"statut":"a_revoir"}}},{"type":"Feature","geometry":{"type":"Polygon","coordinates":[[[4.210257,43.68675],[4.21038,43.686749],[4.210584,43.686615],[4.210801,43.686381],[4.2107,43.686356],[4.210634,43.686348],[4.210504,43.686492],[4.210252,43.686675],[4.210164,43.686715],[4.210257,43.68675]]]},"properties":{"id_pk":"PK_30006_031","nom":null,"insee":"30006","commune":"Aimargues","source":"osm","id_source":"w761806203","surf_m2":755.4,"nb_pl_est":31,"nb_pl_reel":null,"nb_places":31,"stat_auto":"public","statut":null,"proprio":"commune","part_pub":1.0,"acces_osm":null,"payant":null,"sud_canal":false,"a_verif":false,"motif_ver":"","cle":"osm:w761806203","revue":{"statut":"a_revoir"}}},{"type":"Feature","geometry":{"type":"Polygon","coordinates":[[[4.208028,43.683523],[4.208124,43.683536],[4.208147,43.68344],[4.208218,43.683144],[4.208125,43.683132],[4.208016,43.683119],[4.207943,43.683421],[4.207922,43.68351],[4.208028,43.683523]]]},"properties":{"id_pk":"PK_30006_032","nom":null,"insee":"30006","commune":"Aimargues","source":"osm","id_source":"w505612313","surf_m2":732.1,"nb_pl_est":31,"nb_pl_reel":null,"nb_places":31,"stat_auto":"public","statut":null,"proprio":"commune","part_pub":1.0,"acces_osm":"yes","payant":"no","sud_canal":false,"a_verif":false,"motif_ver":"","cle":"osm:w505612313","revue":{"statut":"a_revoir"}}},{"type":"Feature","geometry":{"type":"Polygon","coordinates":[[[4.213283,43.680656],[4.21317,43.680691],[4.213449,43.681],[4.213538,43.681019],[4.21357,43.680994],[4.213692,43.6809],[4.213283,43.680656]]]},"properties":{"id_pk":"PK_30006_033","nom":null,"insee":"30006","commune":"Aimargues","source":"osm","id_source":"w682724080","surf_m2":709.8,"nb_pl_est":30,"nb_pl_reel":null,"nb_places":30,"stat_auto":"prive","statut":null,"proprio":"pm_privee","part_pub":0.03,"acces_osm":null,"payant":null,"sud_canal":false,"a_verif":false,"motif_ver":"","cle":"osm:w682724080","revue":{"statut":"a_revoir"}}},{"type":"Feature","geometry":{"type":"Polygon","coordinates":[[[4.214489,43.686994],[4.213871,43.686941],[4.213801,43.687201],[4.213979,43.68722],[4.214034,43.687016],[4.214472,43.687058],[4.214489,43.686994]]]},"properties":{"id_pk":"PK_30006_034","nom":null,"insee":"30006","commune":"Aimargues","source":"osm","id_source":"w614228333","surf_m2":677.8,"nb_pl_est":29,"nb_pl_reel":null,"nb_places":29,"stat_auto":"prive","statut":null,"proprio":"pm_privee","part_pub":0.12,"acces_osm":null,"payant":null,"sud_canal":false,"a_verif":false,"motif_ver":"","cle":"osm:w614228333","revue":{"statut":"a_revoir"}}},{"type":"Feature","geometry":{"type":"Polygon","coordinates":[[[4.208141,43.683063],[4.208223,43.683072],[4.208277,43.682824],[4.20831,43.682669],[4.208214,43.682658],[4.208157,43.682652],[4.208144,43.682711],[4.20807,43.683055],[4.208141,43.683063]]]},"properties":{"id_pk":"PK_30006_035","nom":null,"insee":"30006","commune":"Aimargues","source":"osm","id_source":"w505612312","surf_m2":568.4,"nb_pl_est":25,"nb_pl_reel":null,"nb_places":25,"stat_auto":"public","statut":null,"proprio":"commune","part_pub":1.0,"acces_osm":"yes","payant":"no","sud_canal":false,"a_verif":false,"motif_ver":"","cle":"osm:w505612312","revue":{"statut":"a_revoir"}}},{"type":"Feature","geometry":{"type":"Polygon","coordinates":[[[4.192865,43.701612],[4.192895,43.701624],[4.19263,43.701966],[4.192683,43.701988],[4.193083,43.701472],[4.192915,43.701404],[4.192781,43.701577],[4.192865,43.701612]]]},"properties":{"id_pk":"PK_30006_036","nom":null,"insee":"30006","commune":"Aimargues","source":"osm","id_source":"w614258613","surf_m2":555.3,"nb_pl_est":25,"nb_pl_reel":null,"nb_places":25,"stat_auto":"prive","statut":null,"proprio":"pm_privee","part_pub":0.0,"acces_osm":"customers","payant":null,"sud_canal":false,"a_verif":false,"motif_ver":"","cle":"osm:w614258613","revue":{"statut":"a_revoir"}}},{"type":"Feature","geometry":{"type":"Polygon","coordinates":[[[4.205551,43.697151],[4.205565,43.697123],[4.205226,43.697068],[4.205176,43.697136],[4.205115,43.697215],[4.205485,43.697281],[4.205551,43.697151]]]},"properties":{"id_pk":"PK_30006_037","nom":null,"insee":"30006","commune":"Aimargues","source":"osm","id_source":"w802909619","surf_m2":535.2,"nb_pl_est":24,"nb_pl_reel":null,"nb_places":24,"stat_auto":"prive","statut":null,"proprio":"pm_privee","part_pub":0.0,"acces_osm":null,"payant":null,"sud_canal":false,"a_verif":false,"motif_ver":"","cle":"osm:w802909619","revue":{"statut":"a_revoir"}}},{"type":"Feature","geometry":{"type":"Polygon","coordinates":[[[4.207848,43.684243],[4.207925,43.684258],[4.20803,43.683921],[4.20784,43.683896],[4.207831,43.683945],[4.207792,43.684156],[4.207778,43.68423],[4.207848,43.684243]]]},"properties":{"id_pk":"PK_30006_038","nom":null,"insee":"30006","commune":"Aimargues","source":"osm","id_source":"w505612315","surf_m2":526.0,"nb_pl_est":24,"nb_pl_reel":null,"nb_places":24,"stat_auto":"public","statut":null,"proprio":"commune","part_pub":1.0,"acces_osm":"yes","payant":"no","sud_canal":false,"a_verif":false,"motif_ver":"","cle":"osm:w505612315","revue":{"statut":"a_revoir"}}},{"type":"Feature","geometry":{"type":"Polygon","coordinates":[[[4.188281,43.693366],[4.188436,43.693489],[4.188487,43.693392],[4.188544,43.693164],[4.18833,43.693159],[4.188281,43.693366]]]},"properties":{"id_pk":"PK_30006_039","nom":null,"insee":"30006","commune":"Aimargues","source":"osm","id_source":"w807602215","surf_m2":513.7,"nb_pl_est":23,"nb_pl_reel":null,"nb_places":23,"stat_auto":"prive","statut":null,"proprio":"pp","part_pub":0.0,"acces_osm":"private","payant":null,"sud_canal":false,"a_verif":false,"motif_ver":"","cle":"osm:w807602215","revue":{"statut":"a_revoir"}}},{"type":"Feature","geometry":{"type":"Polygon","coordinates":[[[4.190291,43.702848],[4.190461,43.702602],[4.190417,43.702584],[4.190289,43.702533],[4.190134,43.702795],[4.190291,43.702848]]]},"properties":{"id_pk":"PK_30006_040","nom":null,"insee":"30006","commune":"Aimargues","source":"osm","id_source":"w1030897218","surf_m2":464.0,"nb_pl_est":21,"nb_pl_reel":null,"nb_places":21,"stat_auto":"prive","statut":null,"proprio":"pm_privee","part_pub":0.0,"acces_osm":"private","payant":null,"sud_canal":false,"a_verif":false,"motif_ver":"","cle":"osm:w1030897218","revue":{"statut":"a_revoir"}}},{"type":"Feature","geometry":{"type":"Polygon","coordinates":[[[4.20795,43.683862],[4.20804,43.683874],[4.208107,43.683615],[4.208009,43.683602],[4.207915,43.683589],[4.20791,43.683609],[4.207848,43.683848],[4.20795,43.683862]]]},"properties":{"id_pk":"PK_30006_041","nom":null,"insee":"30006","commune":"Aimargues","source":"osm","id_source":"w505612314","surf_m2":460.9,"nb_pl_est":21,"nb_pl_reel":null,"nb_places":21,"stat_auto":"public","statut":null,"proprio":"commune","part_pub":1.0,"acces_osm":"yes","payant":"no","sud_canal":false,"a_verif":false,"motif_ver":"","cle":"osm:w505612314","revue":{"statut":"a_revoir"}}},{"type":"Feature","geometry":{"type":"Polygon","coordinates":[[[4.214004,43.687822],[4.214162,43.687738],[4.21403,43.687607],[4.213982,43.687633],[4.213907,43.687559],[4.213869,43.687579],[4.213796,43.687617],[4.214004,43.687822]]]},"properties":{"id_pk":"PK_30006_042","nom":null,"insee":"30006","commune":"Aimargues","source":"osm","id_source":"w505839375","surf_m2":397.9,"nb_pl_est":19,"nb_pl_reel":null,"nb_places":19,"stat_auto":"prive","statut":null,"proprio":"pm_privee","part_pub":0.0,"acces_osm":null,"payant":null,"sud_canal":false,"a_verif":false,"motif_ver":"","cle":"osm:w505839375","revue":{"statut":"a_revoir"}}},{"type":"Feature","geometry":{"type":"Polygon","coordinates":[[[4.191269,43.701296],[4.191971,43.700943],[4.191936,43.700907],[4.191234,43.701259],[4.191269,43.701296]]]},"properties":{"id_pk":"PK_30006_043","nom":null,"insee":"30006","commune":"Aimargues","source":"osm","id_source":"w614258675","surf_m2":342.6,"nb_pl_est":17,"nb_pl_reel":null,"nb_places":17,"stat_auto":"prive","statut":null,"proprio":"pm_privee","part_pub":0.0,"acces_osm":null,"payant":null,"sud_canal":false,"a_verif":false,"motif_ver":"","cle":"osm:w614258675","revue":{"statut":"a_revoir"}}},{"type":"Feature","geometry":{"type":"Polygon","coordinates":[[[4.208042,43.686972],[4.208038,43.686982],[4.207946,43.687211],[4.20809,43.687236],[4.20818,43.687008],[4.208042,43.686972]]]},"properties":{"id_pk":"PK_30006_044","nom":null,"insee":"30006","commune":"Aimargues","source":"osm","id_source":"w868459690","surf_m2":320.1,"nb_pl_est":16,"nb_pl_reel":null,"nb_places":16,"stat_auto":"prive","statut":null,"proprio":"pp","part_pub":0.0,"acces_osm":null,"payant":null,"sud_canal":false,"a_verif":false,"motif_ver":"","cle":"osm:w868459690","revue":{"statut":"a_revoir"}}},{"type":"Feature","geometry":{"type":"Polygon","coordinates":[[[4.208946,43.687321],[4.208998,43.687262],[4.209008,43.687251],[4.20897,43.687233],[4.209159,43.687017],[4.20909,43.686986],[4.20888,43.687226],[4.208853,43.687215],[4.208815,43.687262],[4.208946,43.687321]]]},"properties":{"id_pk":"PK_30006_045","nom":null,"insee":"30006","commune":"Aimargues","source":"osm","id_source":"w505612303","surf_m2":295.6,"nb_pl_est":15,"nb_pl_reel":null,"nb_places":15,"stat_auto":"public","statut":null,"proprio":"domaine_public","part_pub":1.0,"acces_osm":null,"payant":null,"sud_canal":false,"a_verif":false,"motif_ver":"","cle":"osm:w505612303","revue":{"statut":"a_revoir"}}},{"type":"Feature","geometry":{"type":"Polygon","coordinates":[[[4.195339,43.65482],[4.195261,43.654781],[4.19508,43.654835],[4.195039,43.654912],[4.195174,43.654929],[4.195307,43.654906],[4.195412,43.654857],[4.195339,43.65482]]]},"properties":{"id_pk":"PK_30006_046","nom":null,"insee":"30006","commune":"Aimargues","source":"osm","id_source":"w803111743","surf_m2":295.1,"nb_pl_est":15,"nb_pl_reel":null,"nb_places":15,"stat_auto":"public","statut":null,"proprio":"commune","part_pub":1.0,"acces_osm":null,"payant":null,"sud_canal":false,"a_verif":false,"motif_ver":"","cle":"osm:w803111743","revue":{"statut":"a_revoir"}}},{"type":"Feature","geometry":{"type":"Polygon","coordinates":[[[4.207604,43.685924],[4.207667,43.686004],[4.207713,43.686017],[4.207789,43.686015],[4.207789,43.68599],[4.207788,43.685887],[4.207744,43.685878],[4.207737,43.685803],[4.207683,43.685816],[4.207553,43.685846],[4.207604,43.685924]]]},"properties":{"id_pk":"PK_30006_047","nom":null,"insee":"30006","commune":"Aimargues","source":"osm","id_source":"w761806212","surf_m2":288.6,"nb_pl_est":14,"nb_pl_reel":null,"nb_places":14,"stat_auto":"public","statut":null,"proprio":"commune","part_pub":1.0,"acces_osm":null,"payant":null,"sud_canal":false,"a_verif":true,"motif_ver":"capacité proche du seuil de 10 places","cle":"osm:w761806212","revue":{"statut":"a_revoir"}}},{"type":"Feature","geometry":{"type":"Polygon","coordinates":[[[4.191139,43.70125],[4.191203,43.701228],[4.190935,43.700823],[4.190871,43.700845],[4.191139,43.70125]]]},"properties":{"id_pk":"PK_30006_048","nom":null,"insee":"30006","commune":"Aimargues","source":"osm","id_source":"w614258674","surf_m2":282.6,"nb_pl_est":14,"nb_pl_reel":null,"nb_places":14,"stat_auto":"prive","statut":null,"proprio":"pm_privee","part_pub":0.0,"acces_osm":null,"payant":null,"sud_canal":false,"a_verif":true,"motif_ver":"capacité proche du seuil de 10 places","cle":"osm:w614258674","revue":{"statut":"a_revoir"}}},{"type":"Feature","geometry":{"type":"Polygon","coordinates":[[[4.187094,43.699463],[4.187571,43.699271],[4.187567,43.699226],[4.18709,43.699415],[4.187094,43.699463]]]},"properties":{"id_pk":"PK_30006_049","nom":null,"insee":"30006","commune":"Aimargues","source":"osm","id_source":"w670966271","surf_m2":204.9,"nb_pl_est":10,"nb_pl_reel":null,"nb_places":10,"stat_auto":"prive","statut":null,"proprio":"pm_privee","part_pub":0.0,"acces_osm":null,"payant":null,"sud_canal":false,"a_verif":true,"motif_ver":"capacité proche du seuil de 10 places","cle":"osm:w670966271","revue":{"statut":"a_revoir"}}},{"type":"Feature","geometry":{"type":"Polygon","coordinates":[[[4.210883,43.688018],[4.210813,43.687998],[4.21067,43.688264],[4.210741,43.688284],[4.210883,43.688018]]]},"properties":{"id_pk":"PK_30006_050","nom":null,"insee":"30006","commune":"Aimargues","source":"osm","id_source":"w850622950","surf_m2":194.2,"nb_pl_est":10,"nb_pl_reel":null,"nb_places":10,"stat_auto":"prive","statut":null,"proprio":"pm_privee","part_pub":0.0,"acces_osm":null,"payant":null,"sud_canal":false,"a_verif":true,"motif_ver":"capacité proche du seuil de 10 places","cle":"osm:w850622950","revue":{"statut":"a_revoir"}}},{"type":"Feature","geometry":{"type":"Polygon","coordinates":[[[4.192379,43.701879],[4.192552,43.701953],[4.192628,43.701862],[4.192454,43.701787],[4.192379,43.701879]]]},"properties":{"id_pk":"PK_30006_051","nom":null,"insee":"30006","commune":"Aimargues","source":"osm","id_source":"w614258614","surf_m2":193.0,"nb_pl_est":10,"nb_pl_reel":null,"nb_places":10,"stat_auto":"prive","statut":null,"proprio":"pm_privee","part_pub":0.0,"acces_osm":"customers","payant":null,"sud_canal":false,"a_verif":true,"motif_ver":"capacité proche du seuil de 10 places","cle":"osm:w614258614","revue":{"statut":"a_revoir"}}},{"type":"Feature","geometry":{"type":"Polygon","coordinates":[[[4.14998,43.753598],[4.150141,43.753624],[4.150566,43.753473],[4.150556,43.75339],[4.149879,43.75325],[4.149723,43.753537],[4.149706,43.753547],[4.149701,43.753549],[4.149709,43.753613],[4.14998,43.753598]]]},"properties":{"id_pk":"PK_30019_001","nom":null,"insee":"30019","commune":"Aubais","source":"osm","id_source":"w166397852","surf_m2":1838.5,"nb_pl_est":53,"nb_pl_reel":null,"nb_places":53,"stat_auto":"prive","statut":null,"proprio":"pp","part_pub":0.0,"acces_osm":"yes","payant":"no","sud_canal":false,"a_verif":true,"motif_ver":"foncier privé mais accès OSM « yes »","cle":"osm:w166397852","revue":{"statut":"a_revoir"}}},{"type":"Feature","geometry":{"type":"Polygon","coordinates":[[[4.146991,43.753454],[4.14745,43.753499],[4.147485,43.753308],[4.147633,43.753327],[4.147642,43.753256],[4.147652,43.75322],[4.147437,43.753125],[4.14733,43.753103],[4.147036,43.753104],[4.146964,43.753451],[4.146991,43.753454]]]},"properties":{"id_pk":"PK_30019_002","nom":null,"insee":"30019","commune":"Aubais","source":"osm","id_source":"w138624388","surf_m2":1765.2,"nb_pl_est":52,"nb_pl_reel":null,"nb_places":80,"stat_auto":"prive","statut":null,"proprio":"pp","part_pub":0.0,"acces_osm":"yes","payant":"no","sud_canal":false,"a_verif":true,"motif_ver":"foncier privé mais accès OSM « yes »","cle":"osm:w138624388","revue":{"statut":"a_revoir"}}},{"type":"Feature","geometry":{"type":"Polygon","coordinates":[[[4.143445,43.738084],[4.143779,43.737977],[4.143716,43.73779],[4.143462,43.737846],[4.143252,43.737922],[4.143445,43.738084]]]},"properties":{"id_pk":"PK_30019_003","nom":null,"insee":"30019","commune":"Aubais","source":"osm","id_source":"w81007673","surf_m2":796.0,"nb_pl_est":33,"nb_pl_reel":null,"nb_places":33,"stat_auto":"mixte","statut":null,"proprio":"pp","part_pub":0.2,"acces_osm":null,"payant":"no","sud_canal":false,"a_verif":true,"motif_ver":"foncier mixte (20% public)","cle":"osm:w81007673","revue":{"statut":"a_revoir"}}},{"type":"Feature","geometry":{"type":"Polygon","coordinates":[[[4.142639,43.754002],[4.14265,43.75418],[4.142862,43.754187],[4.142799,43.753772],[4.14241,43.754001],[4.142639,43.754002]]]},"properties":{"id_pk":"PK_30019_004","nom":null,"insee":"30019","commune":"Aubais","source":"osm","id_source":"w353797399","surf_m2":768.2,"nb_pl_est":32,"nb_pl_reel":null,"nb_places":32,"stat_auto":"prive","statut":null,"proprio":"pp","part_pub":0.14,"acces_osm":"yes","payant":"no","sud_canal":false,"a_verif":true,"motif_ver":"foncier privé mais accès OSM « yes »","cle":"osm:w353797399","revue":{"statut":"a_revoir"}}},{"type":"Feature","geometry":{"type":"Polygon","coordinates":[[[4.145755,43.753672],[4.145712,43.753905],[4.146052,43.753937],[4.146095,43.753704],[4.145755,43.753672]]]},"properties":{"id_pk":"PK_30019_005","nom":"Plan des Théâtres","insee":"30019","commune":"Aubais","source":"osm","id_source":"w795192794","surf_m2":721.7,"nb_pl_est":30,"nb_pl_reel":null,"nb_places":30,"stat_auto":"public","statut":null,"proprio":"domaine_public","part_pub":1.0,"acces_osm":"yes","payant":"no","sud_canal":false,"a_verif":false,"motif_ver":"","cle":"osm:w795192794","revue":{"statut":"a_revoir"}}},{"type":"Feature","geometry":{"type":"Polygon","coordinates":[[[4.145962,43.755062,-1000.0],[4.1458,43.755061,-1000.0],[4.145745,43.755384,-1000.0],[4.145903,43.755405,-1000.0],[4.145962,43.755062,-1000.0]]]},"properties":{"id_pk":"PK_30019_006","nom":null,"insee":"30019","commune":"Aubais","source":"bdtopo","id_source":"EQ_RESEA0000002489359937","surf_m2":481.4,"nb_pl_est":22,"nb_pl_reel":null,"nb_places":22,"stat_auto":"public","statut":null,"proprio":"domaine_public","part_pub":1.0,"acces_osm":null,"payant":null,"sud_canal":false,"a_verif":true,"motif_ver":"absent d'OSM (BD TOPO seule)","cle":"bdtopo:EQ_RESEA0000002489359937","revue":{"statut":"a_revoir"}}},{"type":"Feature","geometry":{"type":"Polygon","coordinates":[[[4.147446,43.754269],[4.147377,43.754492],[4.147382,43.754521],[4.147472,43.754516],[4.147475,43.754475],[4.147583,43.754473],[4.147634,43.754428],[4.147588,43.754348],[4.147566,43.754223],[4.147446,43.754269]]]},"properties":{"id_pk":"PK_30019_007","nom":"Plan des Soeurs","insee":"30019","commune":"Aubais","source":"osm","id_source":"w98373829","surf_m2":402.3,"nb_pl_est":19,"nb_pl_reel":null,"nb_places":19,"stat_auto":"public","statut":null,"proprio":"domaine_public","part_pub":1.0,"acces_osm":null,"payant":null,"sud_canal":false,"a_verif":false,"motif_ver":"","cle":"osm:w98373829","revue":{"statut":"a_revoir"}}},{"type":"Feature","geometry":{"type":"Polygon","coordinates":[[[4.14678,43.755256],[4.146732,43.755352],[4.146734,43.755382],[4.146789,43.755388],[4.146766,43.755428],[4.146829,43.755471],[4.146886,43.755469],[4.146887,43.755454],[4.146968,43.755452],[4.146968,43.755425],[4.146951,43.755413],[4.146951,43.755394],[4.146998,43.755394],[4.147014,43.755367],[4.146948,43.755325],[4.14685,43.755243],[4.146821,43.755217],[4.146798,43.75522],[4.14678,43.755256]]]},"properties":{"id_pk":"PK_30019_008","nom":null,"insee":"30019","commune":"Aubais","source":"osm","id_source":"w1463517305","surf_m2":367.6,"nb_pl_est":18,"nb_pl_reel":null,"nb_places":18,"stat_auto":"public","statut":null,"proprio":"domaine_public","part_pub":0.97,"acces_osm":"yes","payant":null,"sud_canal":false,"a_verif":false,"motif_ver":"","cle":"osm:w1463517305","revue":{"statut":"a_revoir"}}},{"type":"Feature","geometry":{"type":"Polygon","coordinates":[[[4.310692,43.756193,-1000.0],[4.31027,43.75593,-1000.0],[4.310145,43.756054,-1000.0],[4.310574,43.756319,-1000.0],[4.310692,43.756193,-1000.0]]]},"properties":{"id_pk":"PK_30020_001","nom":null,"insee":"30020","commune":"Aubord","source":"bdtopo","id_source":"EQ_RESEA0000002222866586","surf_m2":765.1,"nb_pl_est":32,"nb_pl_reel":null,"nb_places":32,"stat_auto":"public","statut":null,"proprio":"commune","part_pub":1.0,"acces_osm":null,"payant":null,"sud_canal":false,"a_verif":true,"motif_ver":"absent d'OSM (BD TOPO seule)","cle":"bdtopo:EQ_RESEA0000002222866586","revue":{"statut":"a_revoir"}}},{"type":"Feature","geometry":{"type":"Polygon","coordinates":[[[4.312151,43.756895],[4.31241,43.757049],[4.312474,43.756993],[4.312521,43.756953],[4.312229,43.756744],[4.31221,43.75673],[4.312129,43.75681],[4.312151,43.756895]]]},"properties":{"id_pk":"PK_30020_002","nom":null,"insee":"30020","commune":"Aubord","source":"osm","id_source":"w564740987","surf_m2":513.5,"nb_pl_est":23,"nb_pl_reel":null,"nb_places":23,"stat_auto":"public","statut":null,"proprio":"domaine_public","part_pub":1.0,"acces_osm":null,"payant":null,"sud_canal":false,"a_verif":false,"motif_ver":"","cle":"osm:w564740987","revue":{"statut":"a_revoir"}}},{"type":"Feature","geometry":{"type":"Polygon","coordinates":[[[4.329243,43.726365],[4.329148,43.726191],[4.329173,43.726164],[4.329019,43.726059],[4.328982,43.726089],[4.328929,43.726141],[4.328827,43.726096],[4.328584,43.726334],[4.329005,43.726578],[4.329243,43.726365]]]},"properties":{"id_pk":"PK_30033_001","nom":null,"insee":"30033","commune":"Beauvoisin","source":"osm","id_source":"w996898049","surf_m2":1718.5,"nb_pl_est":52,"nb_pl_reel":null,"nb_places":52,"stat_auto":"prive","statut":null,"proprio":"pp","part_pub":0.0,"acces_osm":null,"payant":null,"sud_canal":false,"a_verif":false,"motif_ver":"","cle":"osm:w996898049","revue":{"statut":"a_revoir"}}},{"type":"Feature","geometry":{"type":"Polygon","coordinates":[[[4.326246,43.720472],[4.326364,43.720397],[4.325568,43.720257],[4.325561,43.720474],[4.326246,43.720472]]]},"properties":{"id_pk":"PK_30033_002","nom":null,"insee":"30033","commune":"Beauvoisin","source":"osm","id_source":"w996898062","surf_m2":1004.5,"nb_pl_est":38,"nb_pl_reel":null,"nb_places":38,"stat_auto":"prive","statut":null,"proprio":"pp","part_pub":0.0,"acces_osm":null,"payant":null,"sud_canal":false,"a_verif":false,"motif_ver":"","cle":"osm:w996898062","revue":{"statut":"a_revoir"}}},{"type":"Feature","geometry":{"type":"Polygon","coordinates":[[[4.325467,43.720274],[4.325543,43.719941],[4.325587,43.719807],[4.325349,43.71979],[4.325299,43.720264],[4.325467,43.720274]]]},"properties":{"id_pk":"PK_30033_003","nom":null,"insee":"30033","commune":"Beauvoisin","source":"osm","id_source":"w996898060","surf_m2":846.6,"nb_pl_est":34,"nb_pl_reel":null,"nb_places":34,"stat_auto":"prive","statut":null,"proprio":"pp","part_pub":0.0,"acces_osm":null,"payant":null,"sud_canal":false,"a_verif":false,"motif_ver":"","cle":"osm:w996898060","revue":{"statut":"a_revoir"}}},{"type":"Feature","geometry":{"type":"Polygon","coordinates":[[[4.329109,43.725947],[4.329363,43.725722],[4.328987,43.725495],[4.328921,43.725534],[4.32901,43.725647],[4.329087,43.725686],[4.329098,43.725676],[4.329128,43.725692],[4.329121,43.725701],[4.329176,43.725729],[4.329007,43.725894],[4.329109,43.725947]]]},"properties":{"id_pk":"PK_30033_004","nom":null,"insee":"30033","commune":"Beauvoisin","source":"osm","id_source":"w996905427","surf_m2":646.6,"nb_pl_est":28,"nb_pl_reel":null,"nb_places":28,"stat_auto":"prive","statut":null,"proprio":"pp","part_pub":0.0,"acces_osm":"private","payant":null,"sud_canal":false,"a_verif":false,"motif_ver":"","cle":"osm:w996905427","revue":{"statut":"a_revoir"}}},{"type":"Feature","geometry":{"type":"Polygon","coordinates":[[[4.319459,43.723165],[4.320807,43.724081],[4.320838,43.724077],[4.319455,43.723127],[4.319459,43.723165]]]},"properties":{"id_pk":"PK_30033_005","nom":null,"insee":"30033","commune":"Beauvoisin","source":"osm","id_source":"w996898086","surf_m2":359.4,"nb_pl_est":17,"nb_pl_reel":null,"nb_places":17,"stat_auto":"prive","statut":null,"proprio":"pp","part_pub":0.0,"acces_osm":null,"payant":null,"sud_canal":false,"a_verif":false,"motif_ver":"","cle":"osm:w996898086","revue":{"statut":"a_revoir"}}},{"type":"Feature","geometry":{"type":"Polygon","coordinates":[[[4.329296,43.714669],[4.329406,43.714185],[4.329325,43.714181],[4.329222,43.714661],[4.329296,43.714669]]]},"properties":{"id_pk":"PK_30033_006","nom":null,"insee":"30033","commune":"Beauvoisin","source":"osm","id_source":"w1091931727","surf_m2":339.9,"nb_pl_est":16,"nb_pl_reel":null,"nb_places":16,"stat_auto":"prive","statut":null,"proprio":"pp","part_pub":0.0,"acces_osm":null,"payant":null,"sud_canal":false,"a_verif":false,"motif_ver":"","cle":"osm:w1091931727","revue":{"statut":"a_revoir"}}},{"type":"Feature","geometry":{"type":"Polygon","coordinates":[[[4.323667,43.719641],[4.323759,43.719533],[4.323723,43.719409],[4.323708,43.719404],[4.323588,43.719346],[4.323597,43.719628],[4.323667,43.719641]]]},"properties":{"id_pk":"PK_30033_007","nom":null,"insee":"30033","commune":"Beauvoisin","source":"osm","id_source":"w996898018","surf_m2":310.8,"nb_pl_est":15,"nb_pl_reel":null,"nb_places":15,"stat_auto":"public","statut":null,"proprio":"domaine_public","part_pub":1.0,"acces_osm":null,"payant":null,"sud_canal":false,"a_verif":false,"motif_ver":"","cle":"osm:w996898018","revue":{"statut":"a_revoir"}}},{"type":"Feature","geometry":{"type":"Polygon","coordinates":[[[4.323286,43.716425],[4.323317,43.716314],[4.32301,43.716311],[4.323008,43.716417],[4.323286,43.716425]]]},"properties":{"id_pk":"PK_30033_008","nom":null,"insee":"30033","commune":"Beauvoisin","source":"osm","id_source":"w996898023","surf_m2":285.2,"nb_pl_est":14,"nb_pl_reel":null,"nb_places":14,"stat_auto":"prive","statut":null,"proprio":"pp","part_pub":0.01,"acces_osm":null,"payant":null,"sud_canal":false,"a_verif":true,"motif_ver":"capacité proche du seuil de 10 places","cle":"osm:w996898023","revue":{"statut":"a_revoir"}}},{"type":"Feature","geometry":{"type":"Polygon","coordinates":[[[4.329229,43.714809],[4.329248,43.714741],[4.32928,43.714736],[4.329296,43.714669],[4.329222,43.714661],[4.329067,43.71465],[4.329042,43.714797],[4.329229,43.714809]]]},"properties":{"id_pk":"PK_30033_009","nom":null,"insee":"30033","commune":"Beauvoisin","source":"osm","id_source":"w996898028","surf_m2":276.3,"nb_pl_est":14,"nb_pl_reel":null,"nb_places":14,"stat_auto":"prive","statut":null,"proprio":"pp","part_pub":0.0,"acces_osm":null,"payant":null,"sud_canal":false,"a_verif":true,"motif_ver":"capacité proche du seuil de 10 places","cle":"osm:w996898028","revue":{"statut":"a_revoir"}}},{"type":"Feature","geometry":{"type":"Polygon","coordinates":[[[4.321507,43.71981],[4.321545,43.719673],[4.321585,43.719579],[4.321671,43.719427],[4.321835,43.71919],[4.321805,43.719176],[4.32164,43.7194],[4.321549,43.719557],[4.321503,43.719671],[4.321477,43.719809],[4.321507,43.71981]]]},"properties":{"id_pk":"PK_30033_010","nom":null,"insee":"30033","commune":"Beauvoisin","source":"osm","id_source":"w996898011","surf_m2":241.6,"nb_pl_est":12,"nb_pl_reel":null,"nb_places":12,"stat_auto":"public","statut":null,"proprio":"domaine_public","part_pub":1.0,"acces_osm":null,"payant":null,"sud_canal":false,"a_verif":true,"motif_ver":"capacité proche du seuil de 10 places","cle":"osm:w996898011","revue":{"statut":"a_revoir"}}},{"type":"Feature","geometry":{"type":"Polygon","coordinates":[[[4.323481,43.719976],[4.323541,43.719987],[4.323599,43.719774],[4.323514,43.719758],[4.323416,43.71996],[4.323481,43.719976]]]},"properties":{"id_pk":"PK_30033_011","nom":null,"insee":"30033","commune":"Beauvoisin","source":"osm","id_source":"w996898016","surf_m2":210.6,"nb_pl_est":11,"nb_pl_reel":null,"nb_places":11,"stat_auto":"prive","statut":null,"proprio":"pp","part_pub":0.07,"acces_osm":null,"payant":null,"sud_canal":false,"a_verif":true,"motif_ver":"capacité proche du seuil de 10 places","cle":"osm:w996898016","revue":{"statut":"a_revoir"}}},{"type":"Feature","geometry":{"type":"Polygon","coordinates":[[[4.324195,43.719508],[4.324286,43.719374],[4.324162,43.719331],[4.324067,43.719455],[4.324195,43.719508]]]},"properties":{"id_pk":"PK_30033_012","nom":null,"insee":"30033","commune":"Beauvoisin","source":"osm","id_source":"w996898017","surf_m2":185.7,"nb_pl_est":10,"nb_pl_reel":null,"nb_places":10,"stat_auto":"public","statut":null,"proprio":"domaine_public","part_pub":1.0,"acces_osm":null,"payant":null,"sud_canal":false,"a_verif":true,"motif_ver":"capacité proche du seuil de 10 places","cle":"osm:w996898017","revue":{"statut":"a_revoir"}}},{"type":"Feature","geometry":{"type":"Polygon","coordinates":[[[4.27989,43.767672],[4.27997,43.767581],[4.280528,43.766971],[4.280032,43.766744],[4.279474,43.767393],[4.279452,43.76747],[4.27946,43.767552],[4.279485,43.767606],[4.279817,43.767753],[4.27989,43.767672]]]},"properties":{"id_pk":"PK_30036_001","nom":null,"insee":"30036","commune":"Bernis","source":"osm","id_source":"w497181805","surf_m2":4683.8,"nb_pl_est":125,"nb_pl_reel":null,"nb_places":125,"stat_auto":"prive","statut":null,"proprio":"pm_privee","part_pub":0.0,"acces_osm":"customers","payant":"no","sud_canal":false,"a_verif":false,"motif_ver":"","cle":"osm:w497181805","revue":{"statut":"a_revoir"}}},{"type":"Feature","geometry":{"type":"Polygon","coordinates":[[[4.286324,43.770207],[4.286413,43.770066],[4.285935,43.769908],[4.285845,43.770048],[4.286324,43.770207]]]},"properties":{"id_pk":"PK_30036_002","nom":null,"insee":"30036","commune":"Bernis","source":"osm","id_source":"w545297351","surf_m2":728.8,"nb_pl_est":31,"nb_pl_reel":null,"nb_places":31,"stat_auto":"public","statut":null,"proprio":"commune","part_pub":1.0,"acces_osm":null,"payant":null,"sud_canal":false,"a_verif":false,"motif_ver":"","cle":"osm:w545297351","revue":{"statut":"a_revoir"}}},{"type":"Feature","geometry":{"type":"Polygon","coordinates":[[[4.2755,43.770787],[4.275615,43.770839],[4.275695,43.770866],[4.275771,43.770831],[4.275797,43.770795],[4.275842,43.770796],[4.275886,43.770739],[4.27561,43.770629],[4.275563,43.770697],[4.2755,43.770787]]]},"properties":{"id_pk":"PK_30036_003","nom":"Parking des Capitelles","insee":"30036","commune":"Bernis","source":"osm","id_source":"w226241314","surf_m2":449.4,"nb_pl_est":21,"nb_pl_reel":null,"nb_places":21,"stat_auto":"public","statut":null,"proprio":"commune","part_pub":1.0,"acces_osm":"permissive","payant":null,"sud_canal":false,"a_verif":false,"motif_ver":"","cle":"osm:w226241314","revue":{"statut":"a_revoir"}}},{"type":"Feature","geometry":{"type":"Polygon","coordinates":[[[4.29028,43.766502],[4.290317,43.766435],[4.290671,43.766533],[4.290709,43.766487],[4.290173,43.766324],[4.290084,43.766452],[4.29028,43.766502]]]},"properties":{"id_pk":"PK_30036_004","nom":null,"insee":"30036","commune":"Bernis","source":"osm","id_source":"w422647754","surf_m2":444.2,"nb_pl_est":21,"nb_pl_reel":null,"nb_places":21,"stat_auto":"public","statut":null,"proprio":"domaine_public","part_pub":1.0,"acces_osm":null,"payant":null,"sud_canal":false,"a_verif":false,"motif_ver":"","cle":"osm:w422647754","revue":{"statut":"a_revoir"}}},{"type":"Feature","geometry":{"type":"Polygon","coordinates":[[[4.494766,43.876572],[4.494855,43.876207],[4.494079,43.876138],[4.493843,43.876135],[4.493729,43.876151],[4.493697,43.876157],[4.493674,43.876217],[4.493672,43.876312],[4.493672,43.876409],[4.494766,43.876572]]]},"properties":{"id_pk":"PK_30039_001","nom":null,"insee":"30039","commune":"Bezouce","source":"osm","id_source":"w903796089","surf_m2":3385.0,"nb_pl_est":89,"nb_pl_reel":null,"nb_places":89,"stat_auto":"public","statut":null,"proprio":"commune","part_pub":1.0,"acces_osm":null,"payant":null,"sud_canal":false,"a_verif":false,"motif_ver":"","cle":"osm:w903796089","revue":{"statut":"a_revoir"}}},{"type":"Feature","geometry":{"type":"Polygon","coordinates":[[[4.492115,43.883311],[4.492232,43.883403],[4.492313,43.883456],[4.492449,43.883513],[4.492583,43.883601],[4.492639,43.883573],[4.492681,43.883597],[4.492688,43.883631],[4.49299,43.883622],[4.493013,43.883512],[4.492262,43.883149],[4.492115,43.883311]]]},"properties":{"id_pk":"PK_30039_002","nom":null,"insee":"30039","commune":"Bezouce","source":"osm","id_source":"w1409832197","surf_m2":1777.0,"nb_pl_est":53,"nb_pl_reel":null,"nb_places":53,"stat_auto":"prive","statut":null,"proprio":"pm_privee","part_pub":0.0,"acces_osm":null,"payant":null,"sud_canal":false,"a_verif":false,"motif_ver":"","cle":"osm:w1409832197","revue":{"statut":"a_revoir"}}},{"type":"Feature","geometry":{"type":"Polygon","coordinates":[[[4.496011,43.885166],[4.495823,43.885119],[4.495772,43.885209],[4.495829,43.885228],[4.495829,43.885269],[4.495949,43.885316],[4.496341,43.885434],[4.496384,43.885386],[4.496457,43.885407],[4.496481,43.885413],[4.496512,43.885305],[4.49631,43.885207],[4.496141,43.885208],[4.496011,43.885166]]]},"properties":{"id_pk":"PK_30039_003","nom":null,"insee":"30039","commune":"Bezouce","source":"osm","id_source":"w1409832199","surf_m2":1035.3,"nb_pl_est":39,"nb_pl_reel":null,"nb_places":39,"stat_auto":"prive","statut":null,"proprio":"pm_privee","part_pub":0.0,"acces_osm":null,"payant":null,"sud_canal":false,"a_verif":false,"motif_ver":"","cle":"osm:w1409832199","revue":{"statut":"a_revoir"}}},{"type":"Feature","geometry":{"type":"Polygon","coordinates":[[[4.234141,43.776631],[4.234412,43.776373],[4.234268,43.776302],[4.234011,43.776571],[4.234141,43.776631]]]},"properties":{"id_pk":"PK_30043_001","nom":null,"insee":"30043","commune":"Boissières","source":"osm","id_source":"w372600109","surf_m2":478.5,"nb_pl_est":22,"nb_pl_reel":null,"nb_places":22,"stat_auto":"prive","statut":null,"proprio":"pp","part_pub":0.02,"acces_osm":"yes","payant":null,"sud_canal":false,"a_verif":true,"motif_ver":"foncier privé mais accès OSM « yes »","cle":"osm:w372600109","revue":{"statut":"a_revoir"}}},{"type":"Feature","geometry":{"type":"Polygon","coordinates":[[[4.402746,43.810067],[4.403102,43.810191],[4.4032,43.810106],[4.403021,43.810043],[4.403175,43.809815],[4.403131,43.809786],[4.40299,43.809907],[4.402851,43.809888],[4.402777,43.809864],[4.402654,43.809779],[4.402629,43.80969],[4.402478,43.809657],[4.402222,43.809746],[4.401973,43.809785],[4.401708,43.810215],[4.402432,43.810473],[4.402746,43.810067]]]},"properties":{"id_pk":"PK_30047_001","nom":null,"insee":"30047","commune":"Bouillargues","source":"osm","id_source":"w911829860","surf_m2":5690.7,"nb_pl_est":152,"nb_pl_reel":null,"nb_places":152,"stat_auto":"prive","statut":null,"proprio":"pm_privee","part_pub":0.01,"acces_osm":null,"payant":null,"sud_canal":false,"a_verif":false,"motif_ver":"","cle":"osm:w911829860","revue":{"statut":"a_revoir"}}},{"type":"Feature","geometry":{"type":"Polygon","coordinates":[[[4.424994,43.800165],[4.42504,43.80005],[4.424974,43.800034],[4.425066,43.799804],[4.424551,43.799593],[4.424516,43.799704],[4.424409,43.800046],[4.42487,43.800106],[4.424755,43.800494],[4.425102,43.800552],[4.42517,43.800389],[4.425265,43.8004],[4.42535,43.80024],[4.424994,43.800165]]]},"properties":{"id_pk":"PK_30047_002","nom":"Parking de l'Europe","insee":"30047","commune":"Bouillargues","source":"osm","id_source":"w172320722","surf_m2":3417.0,"nb_pl_est":90,"nb_pl_reel":null,"nb_places":90,"stat_auto":"public","statut":null,"proprio":"commune","part_pub":1.0,"acces_osm":null,"payant":"no","sud_canal":false,"a_verif":false,"motif_ver":"","cle":"osm:w172320722","revue":{"statut":"a_revoir"}}},{"type":"Feature","geometry":{"type":"Polygon","coordinates":[[[4.432495,43.791407],[4.432426,43.791369],[4.431875,43.79108],[4.432067,43.790889],[4.432167,43.790776],[4.431831,43.790603],[4.431412,43.791026],[4.432257,43.791469],[4.432387,43.791506],[4.432495,43.791407]]]},"properties":{"id_pk":"PK_30047_003","nom":null,"insee":"30047","commune":"Bouillargues","source":"osm","id_source":"w931145352","surf_m2":2987.0,"nb_pl_est":79,"nb_pl_reel":null,"nb_places":79,"stat_auto":"prive","statut":null,"proprio":"pm_privee","part_pub":0.0,"acces_osm":null,"payant":null,"sud_canal":false,"a_verif":false,"motif_ver":"","cle":"osm:w931145352","revue":{"statut":"a_revoir"}}},{"type":"Feature","geometry":{"type":"Polygon","coordinates":[[[4.402625,43.80952],[4.402656,43.809534],[4.402674,43.809571],[4.402669,43.809608],[4.402809,43.809655],[4.402866,43.809575],[4.402834,43.809567],[4.402951,43.8094],[4.403157,43.809474],[4.403218,43.809388],[4.403179,43.809371],[4.403239,43.809276],[4.403285,43.809289],[4.403415,43.809104],[4.403481,43.808999],[4.403228,43.808911],[4.402975,43.809254],[4.402556,43.809094],[4.402464,43.809246],[4.402462,43.809305],[4.402566,43.809527],[4.402625,43.80952]]]},"properties":{"id_pk":"PK_30047_004","nom":null,"insee":"30047","commune":"Bouillargues","source":"osm","id_source":"w506500251","surf_m2":2891.6,"nb_pl_est":76,"nb_pl_reel":null,"nb_places":76,"stat_auto":"prive","statut":null,"proprio":"pm_privee","part_pub":0.01,"acces_osm":null,"payant":null,"sud_canal":false,"a_verif":false,"motif_ver":"","cle":"osm:w506500251","revue":{"statut":"a_revoir"}}},{"type":"Feature","geometry":{"type":"Polygon","coordinates":[[[4.417318,43.800387],[4.417132,43.800706],[4.417296,43.800756],[4.417221,43.800884],[4.417715,43.801034],[4.417976,43.800587],[4.417318,43.800387]]]},"properties":{"id_pk":"PK_30047_005","nom":null,"insee":"30047","commune":"Bouillargues","source":"osm","id_source":"w172801563","surf_m2":2875.2,"nb_pl_est":76,"nb_pl_reel":null,"nb_places":76,"stat_auto":"prive","statut":null,"proprio":"pm_privee","part_pub":0.0,"acces_osm":null,"payant":null,"sud_canal":false,"a_verif":false,"motif_ver":"","cle":"osm:w172801563","revue":{"statut":"a_revoir"}}},{"type":"Feature","geometry":{"type":"Polygon","coordinates":[[[4.404294,43.806489],[4.404098,43.806418],[4.403636,43.807134],[4.403519,43.807409],[4.403655,43.807436],[4.404294,43.806489]]]},"properties":{"id_pk":"PK_30047_006","nom":null,"insee":"30047","commune":"Bouillargues","source":"osm","id_source":"w931145387","surf_m2":1896.4,"nb_pl_est":54,"nb_pl_reel":null,"nb_places":54,"stat_auto":"public","statut":null,"proprio":"commune","part_pub":0.81,"acces_osm":null,"payant":null,"sud_canal":false,"a_verif":false,"motif_ver":"","cle":"osm:w931145387","revue":{"statut":"a_revoir"}}},{"type":"Feature","geometry":{"type":"Polygon","coordinates":[[[4.412018,43.809411],[4.412051,43.809352],[4.411809,43.809295],[4.411988,43.808902],[4.411755,43.808852],[4.411722,43.80892],[4.411596,43.808888],[4.411497,43.809117],[4.411592,43.809139],[4.41157,43.809193],[4.411526,43.809185],[4.411515,43.809213],[4.411451,43.809201],[4.411423,43.809269],[4.412018,43.809411]]]},"properties":{"id_pk":"PK_30047_007","nom":null,"insee":"30047","commune":"Bouillargues","source":"osm","id_source":"w1279288023","surf_m2":1580.1,"nb_pl_est":50,"nb_pl_reel":null,"nb_places":38,"stat_auto":"prive","statut":null,"proprio":"pm_privee","part_pub":0.0,"acces_osm":"customers","payant":null,"sud_canal":false,"a_verif":false,"motif_ver":"","cle":"osm:w1279288023","revue":{"statut":"a_revoir"}}},{"type":"Feature","geometry":{"type":"Polygon","coordinates":[[[4.429851,43.799401],[4.429789,43.799379],[4.429809,43.799334],[4.429779,43.799322],[4.429359,43.799154],[4.429194,43.799369],[4.429465,43.799443],[4.429449,43.799615],[4.429674,43.799628],[4.429745,43.799631],[4.429778,43.799632],[4.429825,43.79947],[4.429851,43.799401]]]},"properties":{"id_pk":"PK_30047_008","nom":null,"insee":"30047","commune":"Bouillargues","source":"osm","id_source":"w718423855","surf_m2":1558.3,"nb_pl_est":49,"nb_pl_reel":null,"nb_places":49,"stat_auto":"public","statut":null,"proprio":"commune","part_pub":1.0,"acces_osm":null,"payant":null,"sud_canal":false,"a_verif":false,"motif_ver":"","cle":"osm:w718423855","revue":{"statut":"a_revoir"}}},{"type":"Feature","geometry":{"type":"Polygon","coordinates":[[[4.440659,43.803188],[4.440614,43.80335],[4.441414,43.803465],[4.441459,43.803303],[4.440659,43.803188]]]},"properties":{"id_pk":"PK_30047_009","nom":null,"insee":"30047","commune":"Bouillargues","source":"osm","id_source":"w934215935","surf_m2":1207.3,"nb_pl_est":43,"nb_pl_reel":null,"nb_places":43,"stat_auto":"public","statut":null,"proprio":"commune","part_pub":1.0,"acces_osm":null,"payant":null,"sud_canal":false,"a_verif":false,"motif_ver":"","cle":"osm:w934215935","revue":{"statut":"a_revoir"}}},{"type":"Feature","geometry":{"type":"Polygon","coordinates":[[[4.426954,43.80067],[4.426759,43.800792],[4.426614,43.80077],[4.426582,43.800797],[4.42652,43.800803],[4.426488,43.80091],[4.426936,43.800999],[4.427131,43.800701],[4.426954,43.80067]]]},"properties":{"id_pk":"PK_30047_010","nom":"Parking de la Madone","insee":"30047","commune":"Bouillargues","source":"osm","id_source":"w172322564","surf_m2":1021.0,"nb_pl_est":39,"nb_pl_reel":null,"nb_places":39,"stat_auto":"public","statut":null,"proprio":"domaine_public","part_pub":1.0,"acces_osm":"yes","payant":"no","sud_canal":false,"a_verif":false,"motif_ver":"","cle":"osm:w172322564","revue":{"statut":"a_revoir"}}},{"type":"Feature","geometry":{"type":"Polygon","coordinates":[[[4.411777,43.808674],[4.411832,43.808682],[4.411825,43.808695],[4.411818,43.808705],[4.411804,43.808713],[4.41179,43.80872],[4.411774,43.808721],[4.411671,43.808715],[4.41166,43.808742],[4.411647,43.808783],[4.41206,43.808873],[4.412073,43.808807],[4.412083,43.808764],[4.411973,43.808752],[4.412007,43.808544],[4.41195,43.80854],[4.411975,43.808403],[4.412037,43.808408],[4.412048,43.808363],[4.411837,43.808345],[4.411777,43.808674]]]},"properties":{"id_pk":"PK_30047_011","nom":null,"insee":"30047","commune":"Bouillargues","source":"osm","id_source":"w1279288020","surf_m2":971.7,"nb_pl_est":38,"nb_pl_reel":null,"nb_places":30,"stat_auto":"prive","statut":null,"proprio":"pm_privee","part_pub":0.0,"acces_osm":"customers","payant":null,"sud_canal":false,"a_verif":false,"motif_ver":"","cle":"osm:w1279288020","revue":{"statut":"a_revoir"}}},{"type":"Feature","geometry":{"type":"Polygon","coordinates":[[[4.424502,43.798129],[4.424414,43.798293],[4.424391,43.798412],[4.424598,43.79847],[4.424652,43.798367],[4.424793,43.798406],[4.4249,43.798251],[4.424502,43.798129]]]},"properties":{"id_pk":"PK_30047_012","nom":null,"insee":"30047","commune":"Bouillargues","source":"osm","id_source":"w795468052","surf_m2":905.7,"nb_pl_est":36,"nb_pl_reel":null,"nb_places":36,"stat_auto":"public","statut":null,"proprio":"commune","part_pub":0.93,"acces_osm":null,"payant":null,"sud_canal":false,"a_verif":false,"motif_ver":"","cle":"osm:w795468052","revue":{"statut":"a_revoir"}}},{"type":"Feature","geometry":{"type":"Polygon","coordinates":[[[4.407728,43.810273],[4.407971,43.810359],[4.408096,43.810335],[4.408162,43.810348],[4.408268,43.810192],[4.4079,43.810066],[4.40783,43.810105],[4.407728,43.810273]]]},"properties":{"id_pk":"PK_30047_013","nom":null,"insee":"30047","commune":"Bouillargues","source":"osm","id_source":"w931145400","surf_m2":881.7,"nb_pl_est":35,"nb_pl_reel":null,"nb_places":35,"stat_auto":"prive","statut":null,"proprio":"pm_privee","part_pub":0.0,"acces_osm":"yes","payant":"no","sud_canal":false,"a_verif":true,"motif_ver":"foncier privé mais accès OSM « yes »","cle":"osm:w931145400","revue":{"statut":"a_revoir"}}},{"type":"Feature","geometry":{"type":"Polygon","coordinates":[[[4.409468,43.810454],[4.40949,43.810435],[4.40951,43.810413],[4.409533,43.810383],[4.409625,43.810231],[4.409533,43.810202],[4.409426,43.810169],[4.409348,43.81027],[4.409385,43.810283],[4.409374,43.810308],[4.409355,43.810304],[4.409336,43.810343],[4.40931,43.810382],[4.409348,43.810394],[4.409327,43.810434],[4.409256,43.810412],[4.409163,43.810485],[4.409086,43.810543],[4.40913,43.810569],[4.409057,43.81059],[4.409109,43.810611],[4.409141,43.810619],[4.409184,43.810653],[4.409468,43.810454]]]},"properties":{"id_pk":"PK_30047_014","nom":null,"insee":"30047","commune":"Bouillargues","source":"osm","id_source":"w931145397","surf_m2":863.1,"nb_pl_est":35,"nb_pl_reel":null,"nb_places":35,"stat_auto":"prive","statut":null,"proprio":"pm_privee","part_pub":0.0,"acces_osm":"private","payant":null,"sud_canal":false,"a_verif":false,"motif_ver":"","cle":"osm:w931145397","revue":{"statut":"a_revoir"}}},{"type":"Feature","geometry":{"type":"Polygon","coordinates":[[[4.417496,43.799258],[4.41755,43.799111],[4.417248,43.799049],[4.417311,43.798887],[4.4172,43.79886],[4.417074,43.799174],[4.417496,43.799258]]]},"properties":{"id_pk":"PK_30047_015","nom":null,"insee":"30047","commune":"Bouillargues","source":"osm","id_source":"w502846944","surf_m2":775.6,"nb_pl_est":32,"nb_pl_reel":null,"nb_places":32,"stat_auto":"public","statut":null,"proprio":"commune","part_pub":1.0,"acces_osm":null,"payant":null,"sud_canal":false,"a_verif":false,"motif_ver":"","cle":"osm:w502846944","revue":{"statut":"a_revoir"}}},{"type":"Feature","geometry":{"type":"Polygon","coordinates":[[[4.428907,43.799319],[4.429052,43.799044],[4.428827,43.798978],[4.4287,43.799264],[4.428907,43.799319]]]},"properties":{"id_pk":"PK_30047_016","nom":null,"insee":"30047","commune":"Bouillargues","source":"osm","id_source":"w172322567","surf_m2":615.0,"nb_pl_est":27,"nb_pl_reel":null,"nb_places":27,"stat_auto":"public","statut":null,"proprio":"commune","part_pub":1.0,"acces_osm":null,"payant":null,"sud_canal":false,"a_verif":false,"motif_ver":"","cle":"osm:w172322567","revue":{"statut":"a_revoir"}}},{"type":"Feature","geometry":{"type":"Polygon","coordinates":[[[4.406356,43.809925],[4.406298,43.809908],[4.406342,43.809861],[4.405866,43.809704],[4.405805,43.80979],[4.405849,43.809821],[4.406123,43.809906],[4.406309,43.80997],[4.406356,43.809925]]]},"properties":{"id_pk":"PK_30047_017","nom":null,"insee":"30047","commune":"Bouillargues","source":"osm","id_source":"w931145396","surf_m2":528.3,"nb_pl_est":24,"nb_pl_reel":null,"nb_places":24,"stat_auto":"prive","statut":null,"proprio":"pm_privee","part_pub":0.0,"acces_osm":null,"payant":null,"sud_canal":false,"a_verif":false,"motif_ver":"","cle":"osm:w931145396","revue":{"statut":"a_revoir"}}},{"type":"Feature","geometry":{"type":"Polygon","coordinates":[[[4.404073,43.810388],[4.404234,43.810152],[4.404061,43.810086],[4.403872,43.810317],[4.404073,43.810388]]]},"properties":{"id_pk":"PK_30047_018","nom":null,"insee":"30047","commune":"Bouillargues","source":"osm","id_source":"w931145395","surf_m2":496.8,"nb_pl_est":23,"nb_pl_reel":null,"nb_places":23,"stat_auto":"prive","statut":null,"proprio":"pm_privee","part_pub":0.0,"acces_osm":null,"payant":null,"sud_canal":false,"a_verif":false,"motif_ver":"","cle":"osm:w931145395","revue":{"statut":"a_revoir"}}},{"type":"Feature","geometry":{"type":"Polygon","coordinates":[[[4.428233,43.800523],[4.428191,43.800516],[4.428099,43.800488],[4.428127,43.800421],[4.42809,43.80041],[4.427913,43.8007],[4.427899,43.80073],[4.427945,43.800744],[4.427963,43.800713],[4.42801,43.800729],[4.428085,43.800745],[4.428233,43.800523]]]},"properties":{"id_pk":"PK_30047_019","nom":null,"insee":"30047","commune":"Bouillargues","source":"osm","id_source":"w718457089","surf_m2":455.3,"nb_pl_est":21,"nb_pl_reel":null,"nb_places":21,"stat_auto":"public","statut":null,"proprio":"domaine_public","part_pub":1.0,"acces_osm":null,"payant":null,"sud_canal":false,"a_verif":false,"motif_ver":"","cle":"osm:w718457089","revue":{"statut":"a_revoir"}}},{"type":"Feature","geometry":{"type":"Polygon","coordinates":[[[4.405053,43.807576],[4.405207,43.807451],[4.404871,43.80736],[4.404796,43.807496],[4.405053,43.807576]]]},"properties":{"id_pk":"PK_30047_020","nom":null,"insee":"30047","commune":"Bouillargues","source":"osm","id_source":"w931145388","surf_m2":433.5,"nb_pl_est":20,"nb_pl_reel":null,"nb_places":20,"stat_auto":"prive","statut":null,"proprio":"pp","part_pub":0.0,"acces_osm":null,"payant":null,"sud_canal":false,"a_verif":false,"motif_ver":"","cle":"osm:w931145388","revue":{"statut":"a_revoir"}}},{"type":"Feature","geometry":{"type":"Polygon","coordinates":[[[4.423163,43.798803],[4.423232,43.798819],[4.423211,43.798856],[4.42333,43.798887],[4.423415,43.798711],[4.423149,43.79863],[4.423117,43.798686],[4.423163,43.798803]]]},"properties":{"id_pk":"PK_30047_021","nom":null,"insee":"30047","commune":"Bouillargues","source":"osm","id_source":"w563610770","surf_m2":401.5,"nb_pl_est":19,"nb_pl_reel":null,"nb_places":19,"stat_auto":"public","statut":null,"proprio":"commune","part_pub":1.0,"acces_osm":null,"payant":null,"sud_canal":false,"a_verif":false,"motif_ver":"","cle":"osm:w563610770","revue":{"statut":"a_revoir"}}},{"type":"Feature","geometry":{"type":"Polygon","coordinates":[[[4.42584,43.795847],[4.425987,43.795682],[4.425815,43.795611],[4.425677,43.79578],[4.42584,43.795847]]]},"properties":{"id_pk":"PK_30047_022","nom":null,"insee":"30047","commune":"Bouillargues","source":"osm","id_source":"w564407100","surf_m2":339.1,"nb_pl_est":16,"nb_pl_reel":null,"nb_places":16,"stat_auto":"public","statut":null,"proprio":"domaine_public","part_pub":1.0,"acces_osm":null,"payant":null,"sud_canal":false,"a_verif":false,"motif_ver":"","cle":"osm:w564407100","revue":{"statut":"a_revoir"}}},{"type":"Feature","geometry":{"type":"Polygon","coordinates":[[[4.435452,43.801159],[4.435347,43.800425],[4.43529,43.800384],[4.435404,43.801143],[4.435452,43.801159]]]},"properties":{"id_pk":"PK_30047_023","nom":null,"insee":"30047","commune":"Bouillargues","source":"osm","id_source":"w1012175766","surf_m2":322.7,"nb_pl_est":16,"nb_pl_reel":null,"nb_places":16,"stat_auto":"public","statut":null,"proprio":"domaine_public","part_pub":1.0,"acces_osm":null,"payant":null,"sud_canal":false,"a_verif":false,"motif_ver":"","cle":"osm:w1012175766","revue":{"statut":"a_revoir"}}},{"type":"Feature","geometry":{"type":"Polygon","coordinates":[[[4.42857,43.8184],[4.428598,43.818309],[4.42848,43.818292],[4.428495,43.818215],[4.428351,43.818202],[4.428345,43.81825],[4.428355,43.818293],[4.428363,43.818388],[4.42857,43.8184]]]},"properties":{"id_pk":"PK_30047_024","nom":null,"insee":"30047","commune":"Bouillargues","source":"osm","id_source":"w1382304073","surf_m2":303.0,"nb_pl_est":15,"nb_pl_reel":null,"nb_places":15,"stat_auto":"prive","statut":null,"proprio":"pp","part_pub":0.05,"acces_osm":"customers","payant":null,"sud_canal":false,"a_verif":false,"motif_ver":"","cle":"osm:w1382304073","revue":{"statut":"a_revoir"}}},{"type":"Feature","geometry":{"type":"Polygon","coordinates":[[[4.47317,43.902735],[4.472704,43.902684],[4.472702,43.902729],[4.472638,43.902722],[4.472592,43.902938],[4.472723,43.902959],[4.47278,43.902968],[4.472812,43.902838],[4.473137,43.902886],[4.47317,43.902735]]]},"properties":{"id_pk":"PK_30057_001","nom":null,"insee":"30057","commune":"Cabrières","source":"osm","id_source":"w412908136","surf_m2":877.0,"nb_pl_est":35,"nb_pl_reel":null,"nb_places":35,"stat_auto":"prive","statut":null,"proprio":"pp","part_pub":0.0,"acces_osm":null,"payant":null,"sud_canal":false,"a_verif":false,"motif_ver":"","cle":"osm:w412908136","revue":{"statut":"a_revoir"}}},{"type":"Feature","geometry":{"type":"Polygon","coordinates":[[[4.474456,43.90554],[4.474449,43.905442],[4.473844,43.905464],[4.473851,43.905562],[4.474456,43.90554]]]},"properties":{"id_pk":"PK_30057_002","nom":null,"insee":"30057","commune":"Cabrières","source":"osm","id_source":"w685622137","surf_m2":531.2,"nb_pl_est":24,"nb_pl_reel":null,"nb_places":24,"stat_auto":"mixte","statut":null,"proprio":"pp","part_pub":0.25,"acces_osm":null,"payant":null,"sud_canal":false,"a_verif":true,"motif_ver":"foncier mixte (25% public)","cle":"osm:w685622137","revue":{"statut":"a_revoir"}}},{"type":"Feature","geometry":{"type":"Polygon","coordinates":[[[4.243022,43.644126],[4.241911,43.643975],[4.24186,43.644097],[4.241929,43.644333],[4.242217,43.644567],[4.24302,43.644683],[4.243011,43.644389],[4.243022,43.644126]]]},"properties":{"id_pk":"PK_30059_001","nom":null,"insee":"30059","commune":"Le Cailar","source":"osm","id_source":"w853491090","surf_m2":5259.6,"nb_pl_est":140,"nb_pl_reel":null,"nb_places":140,"stat_auto":"prive","statut":null,"proprio":"pm_privee","part_pub":0.0,"acces_osm":null,"payant":null,"sud_canal":false,"a_verif":false,"motif_ver":"","cle":"osm:w853491090","revue":{"statut":"a_revoir"}}},{"type":"Feature","geometry":{"type":"Polygon","coordinates":[[[4.228571,43.661954],[4.228486,43.661947],[4.22839,43.661912],[4.228267,43.661842],[4.228215,43.661783],[4.228172,43.661697],[4.227811,43.6615],[4.227624,43.661406],[4.227346,43.661356],[4.227164,43.661339],[4.227095,43.661452],[4.227178,43.661475],[4.227409,43.661529],[4.227675,43.661622],[4.227882,43.661737],[4.228093,43.661849],[4.228292,43.661938],[4.228488,43.662036],[4.228563,43.662067],[4.228655,43.662083],[4.228708,43.662061],[4.228761,43.662024],[4.228801,43.661974],[4.228611,43.661922],[4.228571,43.661954]]]},"properties":{"id_pk":"PK_30059_002","nom":null,"insee":"30059","commune":"Le Cailar","source":"osm","id_source":"w1016641993","surf_m2":2237.6,"nb_pl_est":59,"nb_pl_reel":null,"nb_places":59,"stat_auto":"prive","statut":null,"proprio":"pp","part_pub":0.0,"acces_osm":null,"payant":null,"sud_canal":false,"a_verif":false,"motif_ver":"","cle":"osm:w1016641993","revue":{"statut":"a_revoir"}}},{"type":"Feature","geometry":{"type":"Polygon","coordinates":[[[4.236153,43.671439],[4.23581,43.671437],[4.235573,43.671893],[4.235977,43.672084],[4.236153,43.671439]]]},"properties":{"id_pk":"PK_30059_003","nom":null,"insee":"30059","commune":"Le Cailar","source":"osm","id_source":"w1500339522","surf_m2":2022.1,"nb_pl_est":56,"nb_pl_reel":null,"nb_places":56,"stat_auto":"prive","statut":null,"proprio":"pp","part_pub":0.0,"acces_osm":null,"payant":"no","sud_canal":false,"a_verif":false,"motif_ver":"","cle":"osm:w1500339522","revue":{"statut":"a_revoir"}}},{"type":"Feature","geometry":{"type":"Polygon","coordinates":[[[4.258641,43.619805],[4.258498,43.619666],[4.258478,43.619622],[4.258419,43.619572],[4.258337,43.619641],[4.25826,43.619603],[4.258088,43.619732],[4.258108,43.619794],[4.258456,43.620056],[4.258744,43.619861],[4.258641,43.619805]]]},"properties":{"id_pk":"PK_30059_004","nom":null,"insee":"30059","commune":"Le Cailar","source":"osm","id_source":"w845000476","surf_m2":1451.2,"nb_pl_est":47,"nb_pl_reel":null,"nb_places":47,"stat_auto":"mixte","statut":null,"proprio":"pm_privee","part_pub":0.39,"acces_osm":"yes","payant":"no","sud_canal":false,"a_verif":true,"motif_ver":"foncier mixte (39% public)","cle":"osm:w845000476","revue":{"statut":"a_revoir"}}},{"type":"Feature","geometry":{"type":"Polygon","coordinates":[[[4.263569,43.59197],[4.263579,43.59174],[4.262888,43.591715],[4.262884,43.591946],[4.263569,43.59197]]]},"properties":{"id_pk":"PK_30059_005","nom":null,"insee":"30059","commune":"Le Cailar","source":"osm","id_source":"w642498712","surf_m2":1422.7,"nb_pl_est":47,"nb_pl_reel":null,"nb_places":47,"stat_auto":"prive","statut":null,"proprio":"pp","part_pub":0.0,"acces_osm":null,"payant":null,"sud_canal":true,"a_verif":false,"motif_ver":"","cle":"osm:w642498712","revue":{"statut":"a_revoir"}}},{"type":"Feature","geometry":{"type":"Polygon","coordinates":[[[4.252403,43.635036],[4.252434,43.635096],[4.252625,43.6352],[4.252802,43.63535],[4.252808,43.635395],[4.252814,43.635436],[4.252609,43.635476],[4.252633,43.635581],[4.253057,43.635504],[4.253034,43.63545],[4.252945,43.635395],[4.252798,43.635242],[4.252675,43.63511],[4.252597,43.635005],[4.252518,43.634897],[4.252468,43.634913],[4.252426,43.634978],[4.252403,43.635036]]]},"properties":{"id_pk":"PK_30059_006","nom":null,"insee":"30059","commune":"Le Cailar","source":"osm","id_source":"w620384427","surf_m2":1097.1,"nb_pl_est":41,"nb_pl_reel":null,"nb_places":41,"stat_auto":"prive","statut":null,"proprio":"pp","part_pub":0.0,"acces_osm":"yes","payant":"no","sud_canal":false,"a_verif":true,"motif_ver":"foncier privé mais accès OSM « yes »","cle":"osm:w620384427","revue":{"statut":"a_revoir"}}},{"type":"Feature","geometry":{"type":"Polygon","coordinates":[[[4.235012,43.671831],[4.234976,43.671677],[4.234828,43.671687],[4.234534,43.671706],[4.234553,43.671843],[4.235012,43.671831]]]},"properties":{"id_pk":"PK_30059_007","nom":null,"insee":"30059","commune":"Le Cailar","source":"osm","id_source":"w640090953","surf_m2":591.3,"nb_pl_est":26,"nb_pl_reel":null,"nb_places":26,"stat_auto":"prive","statut":null,"proprio":"pp","part_pub":0.09,"acces_osm":null,"payant":null,"sud_canal":false,"a_verif":false,"motif_ver":"","cle":"osm:w640090953","revue":{"statut":"a_revoir"}}},{"type":"Feature","geometry":{"type":"Polygon","coordinates":[[[4.235743,43.67509],[4.235698,43.675089],[4.235679,43.675088],[4.235232,43.675073],[4.235183,43.675071],[4.235188,43.675189],[4.235588,43.675212],[4.235634,43.675179],[4.235728,43.675148],[4.235743,43.67509]]]},"properties":{"id_pk":"PK_30059_008","nom":null,"insee":"30059","commune":"Le Cailar","source":"osm","id_source":"w906759990","surf_m2":554.4,"nb_pl_est":25,"nb_pl_reel":null,"nb_places":25,"stat_auto":"prive","statut":null,"proprio":"pp","part_pub":0.0,"acces_osm":null,"payant":"no","sud_canal":false,"a_verif":false,"motif_ver":"","cle":"osm:w906759990","revue":{"statut":"a_revoir"}}},{"type":"Feature","geometry":{"type":"Polygon","coordinates":[[[4.235286,43.671968],[4.235109,43.671884],[4.235052,43.672233],[4.235198,43.672291],[4.235286,43.671968]]]},"properties":{"id_pk":"PK_30059_009","nom":null,"insee":"30059","commune":"Le Cailar","source":"osm","id_source":"w640090952","surf_m2":533.7,"nb_pl_est":24,"nb_pl_reel":null,"nb_places":24,"stat_auto":"prive","statut":null,"proprio":"pp","part_pub":0.04,"acces_osm":null,"payant":null,"sud_canal":false,"a_verif":false,"motif_ver":"","cle":"osm:w640090952","revue":{"statut":"a_revoir"}}},{"type":"Feature","geometry":{"type":"Polygon","coordinates":[[[4.384866,43.797056],[4.384913,43.797033],[4.384963,43.79701],[4.385333,43.796833],[4.385366,43.79687],[4.38548,43.796816],[4.385515,43.796799],[4.385656,43.796746],[4.385382,43.796441],[4.384477,43.796879],[4.384713,43.797133],[4.384866,43.797056]]]},"properties":{"id_pk":"PK_30060_001","nom":null,"insee":"30060","commune":"Caissargues","source":"osm","id_source":"w985562864","surf_m2":3108.3,"nb_pl_est":82,"nb_pl_reel":null,"nb_places":82,"stat_auto":"prive","statut":null,"proprio":"pm_privee","part_pub":0.0,"acces_osm":null,"payant":null,"sud_canal":false,"a_verif":false,"motif_ver":"","cle":"osm:w985562864","revue":{"statut":"a_revoir"}}},{"type":"Feature","geometry":{"type":"Polygon","coordinates":[[[4.381846,43.798121],[4.381773,43.798151],[4.381728,43.798131],[4.381175,43.798555],[4.3811,43.798663],[4.38194,43.799039],[4.382007,43.798994],[4.381567,43.798642],[4.381682,43.798563],[4.38165,43.79853],[4.382048,43.798246],[4.381846,43.798121]]]},"properties":{"id_pk":"PK_30060_002","nom":null,"insee":"30060","commune":"Caissargues","source":"osm","id_source":"w654162598","surf_m2":3046.5,"nb_pl_est":80,"nb_pl_reel":null,"nb_places":80,"stat_auto":"prive","statut":null,"proprio":"pm_privee","part_pub":0.0,"acces_osm":null,"payant":null,"sud_canal":false,"a_verif":false,"motif_ver":"","cle":"osm:w654162598","revue":{"statut":"a_revoir"}}},{"type":"Feature","geometry":{"type":"Polygon","coordinates":[[[4.383325,43.787052],[4.383204,43.787001],[4.383117,43.786964],[4.382763,43.787706],[4.382791,43.787771],[4.38287,43.78781],[4.382969,43.787777],[4.383325,43.787052]]]},"properties":{"id_pk":"PK_30060_003","nom":null,"insee":"30060","commune":"Caissargues","source":"osm","id_source":"w952568109","surf_m2":1691.8,"nb_pl_est":51,"nb_pl_reel":null,"nb_places":51,"stat_auto":"public","statut":null,"proprio":"commune","part_pub":0.92,"acces_osm":null,"payant":null,"sud_canal":false,"a_verif":false,"motif_ver":"","cle":"osm:w952568109","revue":{"statut":"a_revoir"}}},{"type":"Feature","geometry":{"type":"Polygon","coordinates":[[[4.383595,43.796284],[4.383789,43.796034],[4.383225,43.795818],[4.383049,43.796063],[4.383595,43.796284]]]},"properties":{"id_pk":"PK_30060_004","nom":null,"insee":"30060","commune":"Caissargues","source":"osm","id_source":"w654162595","surf_m2":1589.6,"nb_pl_est":50,"nb_pl_reel":null,"nb_places":50,"stat_auto":"prive","statut":null,"proprio":"pm_privee","part_pub":0.0,"acces_osm":null,"payant":null,"sud_canal":false,"a_verif":false,"motif_ver":"","cle":"osm:w654162595","revue":{"statut":"a_revoir"}}},{"type":"Feature","geometry":{"type":"Polygon","coordinates":[[[4.377313,43.79648],[4.377267,43.796554],[4.37714,43.796513],[4.376965,43.796794],[4.377277,43.796895],[4.377425,43.796655],[4.37758,43.796705],[4.377652,43.796589],[4.377313,43.79648]]]},"properties":{"id_pk":"PK_30060_005","nom":"Place Cocconato","insee":"30060","commune":"Caissargues","source":"osm","id_source":"w606574404","surf_m2":1280.8,"nb_pl_est":44,"nb_pl_reel":null,"nb_places":44,"stat_auto":"public","statut":null,"proprio":"domaine_public","part_pub":1.0,"acces_osm":null,"payant":null,"sud_canal":false,"a_verif":false,"motif_ver":"","cle":"osm:w606574404","revue":{"statut":"a_revoir"}}},{"type":"Feature","geometry":{"type":"Polygon","coordinates":[[[4.407509,43.772778],[4.407651,43.772589],[4.407588,43.772405],[4.407364,43.77246],[4.407273,43.772607],[4.406914,43.77257],[4.406922,43.772637],[4.407509,43.772778]]]},"properties":{"id_pk":"PK_30060_006","nom":null,"insee":"30060","commune":"Caissargues","source":"osm","id_source":"w1375101278","surf_m2":1157.2,"nb_pl_est":42,"nb_pl_reel":null,"nb_places":42,"stat_auto":"prive","statut":null,"proprio":"pm_privee","part_pub":0.0,"acces_osm":null,"payant":null,"sud_canal":false,"a_verif":false,"motif_ver":"","cle":"osm:w1375101278","revue":{"statut":"a_revoir"}}},{"type":"Feature","geometry":{"type":"Polygon","coordinates":[[[4.383204,43.787001],[4.383396,43.786753],[4.38352,43.786521],[4.38364,43.786254],[4.383548,43.786234],[4.383349,43.786687],[4.383117,43.786964],[4.383204,43.787001]]]},"properties":{"id_pk":"PK_30060_007","nom":null,"insee":"30060","commune":"Caissargues","source":"osm","id_source":"w952568110","surf_m2":662.6,"nb_pl_est":28,"nb_pl_reel":null,"nb_places":28,"stat_auto":"public","statut":null,"proprio":"commune","part_pub":0.98,"acces_osm":null,"payant":null,"sud_canal":false,"a_verif":false,"motif_ver":"","cle":"osm:w952568110","revue":{"statut":"a_revoir"}}},{"type":"Feature","geometry":{"type":"Polygon","coordinates":[[[4.401778,43.788773],[4.401658,43.788542],[4.401484,43.788678],[4.401603,43.788889],[4.401615,43.78891],[4.401778,43.788773]]]},"properties":{"id_pk":"PK_30060_008","nom":null,"insee":"30060","commune":"Caissargues","source":"osm","id_source":"w161649214","surf_m2":503.6,"nb_pl_est":23,"nb_pl_reel":null,"nb_places":23,"stat_auto":"public","statut":null,"proprio":"etat","part_pub":1.0,"acces_osm":"yes","payant":"no","sud_canal":false,"a_verif":false,"motif_ver":"","cle":"osm:w161649214","revue":{"statut":"a_revoir"}}},{"type":"Feature","geometry":{"type":"Polygon","coordinates":[[[4.399867,43.786597],[4.399922,43.786556],[4.400032,43.786441],[4.400054,43.786413],[4.399679,43.786466],[4.399569,43.786586],[4.399528,43.786627],[4.399867,43.786597]]]},"properties":{"id_pk":"PK_30060_009","nom":null,"insee":"30060","commune":"Caissargues","source":"osm","id_source":"w1054231450","surf_m2":499.8,"nb_pl_est":23,"nb_pl_reel":null,"nb_places":23,"stat_auto":"public","statut":null,"proprio":"etat","part_pub":1.0,"acces_osm":"yes","payant":"no","sud_canal":false,"a_verif":false,"motif_ver":"","cle":"osm:w1054231450","revue":{"statut":"a_revoir"}}},{"type":"Feature","geometry":{"type":"Polygon","coordinates":[[[4.399491,43.786951],[4.399546,43.786899],[4.39965,43.786794],[4.399679,43.786766],[4.399345,43.786801],[4.399316,43.786827],[4.399211,43.786938],[4.39917,43.786991],[4.399491,43.786951]]]},"properties":{"id_pk":"PK_30060_010","nom":null,"insee":"30060","commune":"Caissargues","source":"osm","id_source":"w1054231451","surf_m2":497.2,"nb_pl_est":23,"nb_pl_reel":null,"nb_places":23,"stat_auto":"public","statut":null,"proprio":"etat","part_pub":1.0,"acces_osm":"yes","payant":"no","sud_canal":false,"a_verif":false,"motif_ver":"","cle":"osm:w1054231451","revue":{"statut":"a_revoir"}}},{"type":"Feature","geometry":{"type":"Polygon","coordinates":[[[4.402052,43.788513],[4.401929,43.788294],[4.401765,43.788411],[4.401905,43.788629],[4.402052,43.788513]]]},"properties":{"id_pk":"PK_30060_011","nom":null,"insee":"30060","commune":"Caissargues","source":"osm","id_source":"w161649215","surf_m2":440.8,"nb_pl_est":20,"nb_pl_reel":null,"nb_places":20,"stat_auto":"public","statut":null,"proprio":"etat","part_pub":1.0,"acces_osm":"yes","payant":"no","sud_canal":false,"a_verif":false,"motif_ver":"","cle":"osm:w161649215","revue":{"statut":"a_revoir"}}},{"type":"Feature","geometry":{"type":"Polygon","coordinates":[[[4.382463,43.788768],[4.382412,43.788713],[4.382146,43.789323],[4.3822,43.789374],[4.382463,43.788768]]]},"properties":{"id_pk":"PK_30060_012","nom":null,"insee":"30060","commune":"Caissargues","source":"osm","id_source":"w1103305002","surf_m2":408.1,"nb_pl_est":19,"nb_pl_reel":null,"nb_places":19,"stat_auto":"public","statut":null,"proprio":"commune","part_pub":1.0,"acces_osm":null,"payant":null,"sud_canal":false,"a_verif":false,"motif_ver":"","cle":"osm:w1103305002","revue":{"statut":"a_revoir"}}},{"type":"Feature","geometry":{"type":"Polygon","coordinates":[[[4.401819,43.788829],[4.401854,43.788893],[4.402062,43.788713],[4.402075,43.788702],[4.402138,43.788648],[4.402204,43.78859],[4.402214,43.788582],[4.402253,43.788548],[4.402229,43.788447],[4.401819,43.788829]]]},"properties":{"id_pk":"PK_30060_013","nom":null,"insee":"30060","commune":"Caissargues","source":"osm","id_source":"w161649217","surf_m2":393.9,"nb_pl_est":19,"nb_pl_reel":null,"nb_places":13,"stat_auto":"public","statut":null,"proprio":"etat","part_pub":1.0,"acces_osm":"yes","payant":"no","sud_canal":false,"a_verif":false,"motif_ver":"","cle":"osm:w161649217","revue":{"statut":"a_revoir"}}},{"type":"Feature","geometry":{"type":"Polygon","coordinates":[[[4.382338,43.789263],[4.382418,43.789236],[4.382694,43.788573],[4.382633,43.788572],[4.382338,43.789263]]]},"properties":{"id_pk":"PK_30060_014","nom":null,"insee":"30060","commune":"Caissargues","source":"osm","id_source":"w952568108","surf_m2":393.5,"nb_pl_est":19,"nb_pl_reel":null,"nb_places":19,"stat_auto":"public","statut":null,"proprio":"domaine_public","part_pub":1.0,"acces_osm":null,"payant":null,"sud_canal":false,"a_verif":false,"motif_ver":"","cle":"osm:w952568108","revue":{"statut":"a_revoir"}}},{"type":"Feature","geometry":{"type":"Polygon","coordinates":[[[4.3826,43.78811],[4.382527,43.788057],[4.382385,43.788583],[4.382439,43.78862],[4.3826,43.78811]]]},"properties":{"id_pk":"PK_30060_015","nom":null,"insee":"30060","commune":"Caissargues","source":"osm","id_source":"w952568102","surf_m2":356.4,"nb_pl_est":17,"nb_pl_reel":null,"nb_places":17,"stat_auto":"public","statut":null,"proprio":"commune","part_pub":1.0,"acces_osm":null,"payant":null,"sud_canal":false,"a_verif":false,"motif_ver":"","cle":"osm:w952568102","revue":{"statut":"a_revoir"}}},{"type":"Feature","geometry":{"type":"Polygon","coordinates":[[[4.378102,43.79441],[4.378166,43.794411],[4.378257,43.794283],[4.378429,43.794347],[4.378458,43.794389],[4.37838,43.794499],[4.378421,43.794515],[4.378437,43.794521],[4.378536,43.794386],[4.378513,43.794331],[4.378471,43.794301],[4.37827,43.794231],[4.378223,43.79424],[4.378191,43.794267],[4.378091,43.79441],[4.378102,43.79441]]]},"properties":{"id_pk":"PK_30060_016","nom":null,"insee":"30060","commune":"Caissargues","source":"osm","id_source":"w559120296","surf_m2":345.1,"nb_pl_est":17,"nb_pl_reel":null,"nb_places":17,"stat_auto":"public","statut":null,"proprio":"domaine_public","part_pub":1.0,"acces_osm":null,"payant":null,"sud_canal":false,"a_verif":false,"motif_ver":"","cle":"osm:w559120296","revue":{"statut":"a_revoir"}}},{"type":"Feature","geometry":{"type":"Polygon","coordinates":[[[4.381289,43.797221],[4.381345,43.797193],[4.38116,43.79702],[4.380918,43.796838],[4.380869,43.796871],[4.381289,43.797221]]]},"properties":{"id_pk":"PK_30060_017","nom":null,"insee":"30060","commune":"Caissargues","source":"osm","id_source":"w952568126","surf_m2":315.9,"nb_pl_est":15,"nb_pl_reel":null,"nb_places":15,"stat_auto":"public","statut":null,"proprio":"domaine_public","part_pub":0.63,"acces_osm":null,"payant":null,"sud_canal":false,"a_verif":false,"motif_ver":"","cle":"osm:w952568126","revue":{"statut":"a_revoir"}}},{"type":"Feature","geometry":{"type":"Polygon","coordinates":[[[4.19509,43.761914],[4.195455,43.761039],[4.194531,43.76067],[4.194374,43.76071],[4.19429,43.760768],[4.194221,43.760844],[4.194935,43.761172],[4.194666,43.761835],[4.19509,43.761914]]]},"properties":{"id_pk":"PK_30062_001","nom":null,"insee":"30062","commune":"Calvisson","source":"osm","id_source":"w364574841","surf_m2":5666.7,"nb_pl_est":152,"nb_pl_reel":null,"nb_places":152,"stat_auto":"prive","statut":null,"proprio":"pp","part_pub":0.0,"acces_osm":null,"payant":null,"sud_canal":false,"a_verif":true,"motif_ver":"grande aire sans propriétaire personne morale : vérifier le foncier","cle":"osm:w364574841","revue":{"statut":"a_revoir"}}},{"type":"Feature","geometry":{"type":"Polygon","coordinates":[[[4.193648,43.758522],[4.193663,43.758689],[4.193703,43.758752],[4.193984,43.758966],[4.194186,43.759252],[4.194286,43.759337],[4.194376,43.759247],[4.194281,43.759046],[4.194207,43.758934],[4.194384,43.75891],[4.19435,43.758756],[4.193961,43.758786],[4.193966,43.758711],[4.194068,43.758442],[4.193748,43.757838],[4.193402,43.758066],[4.193648,43.758522]]]},"properties":{"id_pk":"PK_30062_002","nom":null,"insee":"30062","commune":"Calvisson","source":"osm","id_source":"w364575016","surf_m2":4553.8,"nb_pl_est":121,"nb_pl_reel":null,"nb_places":121,"stat_auto":"prive","statut":null,"proprio":"pp","part_pub":0.0,"acces_osm":null,"payant":null,"sud_canal":false,"a_verif":true,"motif_ver":"grande aire sans propriétaire personne morale : vérifier le foncier","cle":"osm:w364575016","revue":{"statut":"a_revoir"}}},{"type":"Feature","geometry":{"type":"Polygon","coordinates":[[[4.191043,43.78652],[4.19262,43.786456],[4.192648,43.786146],[4.192523,43.786114],[4.192169,43.786125],[4.191783,43.786171],[4.191299,43.786274],[4.191136,43.786383],[4.191043,43.78652]]]},"properties":{"id_pk":"PK_30062_003","nom":null,"insee":"30062","commune":"Calvisson","source":"osm","id_source":"w72567766","surf_m2":4102.4,"nb_pl_est":109,"nb_pl_reel":null,"nb_places":109,"stat_auto":"public","statut":null,"proprio":"commune","part_pub":1.0,"acces_osm":"yes","payant":"no","sud_canal":false,"a_verif":false,"motif_ver":"","cle":"osm:w72567766","revue":{"statut":"a_revoir"}}},{"type":"Feature","geometry":{"type":"Polygon","coordinates":[[[4.205277,43.784997],[4.205312,43.784424],[4.204782,43.784607],[4.204895,43.784785],[4.204678,43.784856],[4.204569,43.784675],[4.204208,43.784803],[4.204651,43.785188],[4.205277,43.784997]]]},"properties":{"id_pk":"PK_30062_004","nom":null,"insee":"30062","commune":"Calvisson","source":"osm","id_source":"w1316756130","surf_m2":3818.3,"nb_pl_est":101,"nb_pl_reel":null,"nb_places":101,"stat_auto":"prive","statut":null,"proprio":"pp","part_pub":0.0,"acces_osm":"private","payant":null,"sud_canal":false,"a_verif":true,"motif_ver":"grande aire sans propriétaire personne morale : vérifier le foncier","cle":"osm:w1316756130","revue":{"statut":"a_revoir"}}},{"type":"Feature","geometry":{"type":"Polygon","coordinates":[[[4.198015,43.781696],[4.197916,43.781813],[4.198407,43.781998],[4.198494,43.781875],[4.198704,43.781952],[4.198932,43.782042],[4.198681,43.782424],[4.199011,43.782544],[4.199303,43.782112],[4.198072,43.781618],[4.198015,43.781696]]]},"properties":{"id_pk":"PK_30062_005","nom":null,"insee":"30062","commune":"Calvisson","source":"osm","id_source":"w224025205","surf_m2":3006.6,"nb_pl_est":79,"nb_pl_reel":null,"nb_places":79,"stat_auto":"prive","statut":null,"proprio":"pp","part_pub":0.0,"acces_osm":null,"payant":"no","sud_canal":false,"a_verif":false,"motif_ver":"","cle":"osm:w224025205","revue":{"statut":"a_revoir"}}},{"type":"Feature","geometry":{"type":"Polygon","coordinates":[[[4.20251,43.782112],[4.202215,43.782064],[4.202049,43.782175],[4.202016,43.782261],[4.202027,43.78232],[4.201995,43.78241],[4.202035,43.782483],[4.202023,43.782518],[4.202337,43.782573],[4.20251,43.782112]]]},"properties":{"id_pk":"PK_30062_006","nom":null,"insee":"30062","commune":"Calvisson","source":"osm","id_source":"w1041631265","surf_m2":1619.7,"nb_pl_est":50,"nb_pl_reel":null,"nb_places":50,"stat_auto":"prive","statut":null,"proprio":"pp","part_pub":0.0,"acces_osm":"yes","payant":"no","sud_canal":false,"a_verif":true,"motif_ver":"foncier privé mais accès OSM « yes »","cle":"osm:w1041631265","revue":{"statut":"a_revoir"}}},{"type":"Feature","geometry":{"type":"Polygon","coordinates":[[[4.202628,43.782553],[4.2026,43.782622],[4.202898,43.782714],[4.202936,43.78267],[4.20296,43.782681],[4.203352,43.782128],[4.203324,43.782117],[4.203292,43.782109],[4.203083,43.782409],[4.202687,43.782298],[4.202578,43.782544],[4.202628,43.782553]]]},"properties":{"id_pk":"PK_30062_007","nom":null,"insee":"30062","commune":"Calvisson","source":"osm","id_source":"w1041631271","surf_m2":1469.1,"nb_pl_est":48,"nb_pl_reel":null,"nb_places":48,"stat_auto":"prive","statut":null,"proprio":"pp","part_pub":0.0,"acces_osm":"customers","payant":"no","sud_canal":false,"a_verif":false,"motif_ver":"","cle":"osm:w1041631271","revue":{"statut":"a_revoir"}}},{"type":"Feature","geometry":{"type":"Polygon","coordinates":[[[4.204241,43.7827],[4.204442,43.782452],[4.204064,43.782251],[4.203842,43.782495],[4.204241,43.7827]]]},"properties":{"id_pk":"PK_30062_008","nom":null,"insee":"30062","commune":"Calvisson","source":"osm","id_source":"w656761074","surf_m2":1241.3,"nb_pl_est":44,"nb_pl_reel":null,"nb_places":44,"stat_auto":"prive","statut":null,"proprio":"pp","part_pub":0.0,"acces_osm":"yes","payant":"no","sud_canal":false,"a_verif":true,"motif_ver":"foncier privé mais accès OSM « yes »","cle":"osm:w656761074","revue":{"statut":"a_revoir"}}},{"type":"Feature","geometry":{"type":"Polygon","coordinates":[[[4.200956,43.783104],[4.201244,43.78336],[4.201359,43.783436],[4.201434,43.783436],[4.201525,43.783395],[4.201524,43.783364],[4.201077,43.782974],[4.200892,43.782859],[4.200832,43.78288],[4.200791,43.782913],[4.200956,43.783104]]]},"properties":{"id_pk":"PK_30062_009","nom":null,"insee":"30062","commune":"Calvisson","source":"osm","id_source":"w224025203","surf_m2":1214.6,"nb_pl_est":43,"nb_pl_reel":null,"nb_places":43,"stat_auto":"prive","statut":null,"proprio":"pp","part_pub":0.0,"acces_osm":"yes","payant":"no","sud_canal":false,"a_verif":true,"motif_ver":"foncier privé mais accès OSM « yes »","cle":"osm:w224025203","revue":{"statut":"a_revoir"}}},{"type":"Feature","geometry":{"type":"Polygon","coordinates":[[[4.197568,43.781969],[4.197451,43.781717],[4.197345,43.781657],[4.19727,43.781741],[4.197283,43.781748],[4.197295,43.781756],[4.197304,43.781764],[4.197313,43.781772],[4.197319,43.781781],[4.197328,43.781794],[4.197332,43.781808],[4.197334,43.781825],[4.197333,43.781838],[4.197331,43.781852],[4.197324,43.781865],[4.19731,43.781884],[4.197297,43.781896],[4.197281,43.781907],[4.197262,43.781916],[4.197243,43.781923],[4.197224,43.781927],[4.197208,43.781929],[4.197195,43.781929],[4.197176,43.781929],[4.197156,43.781926],[4.197141,43.781923],[4.197117,43.781914],[4.197052,43.781986],[4.197067,43.78199],[4.197204,43.782054],[4.197149,43.782096],[4.197244,43.782244],[4.197356,43.782134],[4.197399,43.78215],[4.197568,43.781969]]]},"properties":{"id_pk":"PK_30062_010","nom":null,"insee":"30062","commune":"Calvisson","source":"osm","id_source":"w934449625","surf_m2":1193.0,"nb_pl_est":43,"nb_pl_reel":null,"nb_places":43,"stat_auto":"prive","statut":null,"proprio":"pm_privee","part_pub":0.0,"acces_osm":"customers","payant":"no","sud_canal":false,"a_verif":false,"motif_ver":"","cle":"osm:w934449625","revue":{"statut":"a_revoir"}}},{"type":"Feature","geometry":{"type":"Polygon","coordinates":[[[4.192153,43.779615],[4.192237,43.779626],[4.192417,43.779604],[4.192584,43.779602],[4.192762,43.779465],[4.192339,43.779277],[4.192153,43.779473],[4.192153,43.779615]]]},"properties":{"id_pk":"PK_30062_011","nom":null,"insee":"30062","commune":"Calvisson","source":"osm","id_source":"w226922109","surf_m2":1178.7,"nb_pl_est":42,"nb_pl_reel":null,"nb_places":42,"stat_auto":"mixte","statut":null,"proprio":"pp","part_pub":0.34,"acces_osm":null,"payant":"no","sud_canal":false,"a_verif":true,"motif_ver":"foncier mixte (34% public)","cle":"osm:w226922109","revue":{"statut":"a_revoir"}}},{"type":"Feature","geometry":{"type":"Polygon","coordinates":[[[4.204709,43.788354],[4.204766,43.788234],[4.204179,43.788025],[4.204164,43.788281],[4.204709,43.788354]]]},"properties":{"id_pk":"PK_30062_012","nom":null,"insee":"30062","commune":"Calvisson","source":"osm","id_source":"w527282693","surf_m2":996.7,"nb_pl_est":38,"nb_pl_reel":null,"nb_places":38,"stat_auto":"prive","statut":null,"proprio":"pp","part_pub":0.03,"acces_osm":"yes","payant":"no","sud_canal":false,"a_verif":true,"motif_ver":"foncier privé mais accès OSM « yes »","cle":"osm:w527282693","revue":{"statut":"a_revoir"}}},{"type":"Feature","geometry":{"type":"Polygon","coordinates":[[[4.193306,43.781295],[4.193406,43.781085],[4.193016,43.780988],[4.192916,43.781198],[4.193306,43.781295]]]},"properties":{"id_pk":"PK_30062_013","nom":null,"insee":"30062","commune":"Calvisson","source":"osm","id_source":"w241370894","surf_m2":816.8,"nb_pl_est":33,"nb_pl_reel":null,"nb_places":32,"stat_auto":"public","statut":null,"proprio":"commune","part_pub":1.0,"acces_osm":null,"payant":null,"sud_canal":false,"a_verif":false,"motif_ver":"","cle":"osm:w241370894","revue":{"statut":"a_revoir"}}},{"type":"Feature","geometry":{"type":"Polygon","coordinates":[[[4.200532,43.801125],[4.200602,43.801152],[4.20079,43.800753],[4.200575,43.800709],[4.200447,43.800962],[4.2005,43.80097],[4.200439,43.80109],[4.200532,43.801125]]]},"properties":{"id_pk":"PK_30062_014","nom":null,"insee":"30062","commune":"Calvisson","source":"osm","id_source":"w969544132","surf_m2":770.7,"nb_pl_est":32,"nb_pl_reel":null,"nb_places":32,"stat_auto":"prive","statut":null,"proprio":"pp","part_pub":0.0,"acces_osm":"permissive","payant":null,"sud_canal":false,"a_verif":true,"motif_ver":"foncier privé mais accès OSM « permissive »","cle":"osm:w969544132","revue":{"statut":"a_revoir"}}},{"type":"Feature","geometry":{"type":"Polygon","coordinates":[[[4.190081,43.778187],[4.190112,43.778204],[4.1902,43.778031],[4.189662,43.777922],[4.189608,43.778015],[4.190081,43.778187]]]},"properties":{"id_pk":"PK_30062_015","nom":null,"insee":"30062","commune":"Calvisson","source":"osm","id_source":"w226922110","surf_m2":703.8,"nb_pl_est":30,"nb_pl_reel":null,"nb_places":30,"stat_auto":"mixte","statut":null,"proprio":"pp","part_pub":0.43,"acces_osm":"yes","payant":"no","sud_canal":false,"a_verif":true,"motif_ver":"foncier mixte (43% public)","cle":"osm:w226922110","revue":{"statut":"a_revoir"}}},{"type":"Feature","geometry":{"type":"Polygon","coordinates":[[[4.195585,43.784242],[4.195808,43.783962],[4.195619,43.783866],[4.195377,43.784145],[4.195585,43.784242]]]},"properties":{"id_pk":"PK_30062_016","nom":null,"insee":"30062","commune":"Calvisson","source":"osm","id_source":"w1316756126","surf_m2":696.5,"nb_pl_est":30,"nb_pl_reel":null,"nb_places":30,"stat_auto":"prive","statut":null,"proprio":"pp","part_pub":0.0,"acces_osm":"customers","payant":null,"sud_canal":false,"a_verif":false,"motif_ver":"","cle":"osm:w1316756126","revue":{"statut":"a_revoir"}}},{"type":"Feature","geometry":{"type":"Polygon","coordinates":[[[4.196348,43.778998],[4.196062,43.778855],[4.195889,43.779036],[4.196175,43.779179],[4.196348,43.778998]]]},"properties":{"id_pk":"PK_30062_017","nom":null,"insee":"30062","commune":"Calvisson","source":"osm","id_source":"w1317142729","surf_m2":683.0,"nb_pl_est":29,"nb_pl_reel":null,"nb_places":29,"stat_auto":"prive","statut":null,"proprio":"pp","part_pub":0.0,"acces_osm":"customers","payant":null,"sud_canal":false,"a_verif":false,"motif_ver":"","cle":"osm:w1317142729","revue":{"statut":"a_revoir"}}},{"type":"Feature","geometry":{"type":"Polygon","coordinates":[[[4.193892,43.78557],[4.193859,43.785624],[4.193917,43.785647],[4.193983,43.785537],[4.194064,43.785389],[4.193844,43.785268],[4.193658,43.785371],[4.19372,43.785438],[4.193754,43.785467],[4.193828,43.785527],[4.193892,43.78557]]]},"properties":{"id_pk":"PK_30062_018","nom":null,"insee":"30062","commune":"Calvisson","source":"osm","id_source":"w1041631278","surf_m2":666.1,"nb_pl_est":29,"nb_pl_reel":null,"nb_places":29,"stat_auto":"public","statut":null,"proprio":"commune","part_pub":1.0,"acces_osm":"yes","payant":"no","sud_canal":false,"a_verif":false,"motif_ver":"","cle":"osm:w1041631278","revue":{"statut":"a_revoir"}}},{"type":"Feature","geometry":{"type":"Polygon","coordinates":[[[4.198967,43.781765],[4.199264,43.781867],[4.199348,43.781711],[4.199281,43.781651],[4.198927,43.781605],[4.198912,43.781654],[4.198967,43.781765]]]},"properties":{"id_pk":"PK_30062_019","nom":null,"insee":"30062","commune":"Calvisson","source":"osm","id_source":"w934449626","surf_m2":629.0,"nb_pl_est":27,"nb_pl_reel":null,"nb_places":27,"stat_auto":"prive","statut":null,"proprio":"pp","part_pub":0.0,"acces_osm":"customers","payant":"no","sud_canal":false,"a_verif":false,"motif_ver":"","cle":"osm:w934449626","revue":{"statut":"a_revoir"}}},{"type":"Feature","geometry":{"type":"Polygon","coordinates":[[[4.196284,43.779919],[4.19654,43.779618],[4.196393,43.779553],[4.196137,43.779854],[4.196284,43.779919]]]},"properties":{"id_pk":"PK_30062_020","nom":null,"insee":"30062","commune":"Calvisson","source":"osm","id_source":"w1317142728","surf_m2":546.0,"nb_pl_est":24,"nb_pl_reel":null,"nb_places":24,"stat_auto":"prive","statut":null,"proprio":"pp","part_pub":0.0,"acces_osm":"customers","payant":null,"sud_canal":false,"a_verif":false,"motif_ver":"","cle":"osm:w1317142728","revue":{"statut":"a_revoir"}}},{"type":"Feature","geometry":{"type":"Polygon","coordinates":[[[4.196108,43.783882],[4.195773,43.783774],[4.19565,43.783853],[4.19602,43.784023],[4.196108,43.783882]]]},"properties":{"id_pk":"PK_30062_021","nom":null,"insee":"30062","commune":"Calvisson","source":"osm","id_source":"w1316756125","surf_m2":478.8,"nb_pl_est":22,"nb_pl_reel":null,"nb_places":22,"stat_auto":"prive","statut":null,"proprio":"pm_privee","part_pub":0.0,"acces_osm":"customers","payant":null,"sud_canal":false,"a_verif":false,"motif_ver":"","cle":"osm:w1316756125","revue":{"statut":"a_revoir"}}},{"type":"Feature","geometry":{"type":"Polygon","coordinates":[[[4.199915,43.761964],[4.199817,43.761947],[4.199596,43.762383],[4.199685,43.762441],[4.199915,43.761964]]]},"properties":{"id_pk":"PK_30062_022","nom":null,"insee":"30062","commune":"Calvisson","source":"osm","id_source":"w1507671840","surf_m2":454.9,"nb_pl_est":21,"nb_pl_reel":null,"nb_places":21,"stat_auto":"mixte","statut":null,"proprio":"pp","part_pub":0.4,"acces_osm":null,"payant":null,"sud_canal":false,"a_verif":true,"motif_ver":"foncier mixte (40% public)","cle":"osm:w1507671840","revue":{"statut":"a_revoir"}}},{"type":"Feature","geometry":{"type":"Polygon","coordinates":[[[4.19614,43.782633],[4.196153,43.782608],[4.196194,43.782543],[4.195751,43.782407],[4.195699,43.782498],[4.19614,43.782633]]]},"properties":{"id_pk":"PK_30062_023","nom":null,"insee":"30062","commune":"Calvisson","source":"osm","id_source":"w506253192","surf_m2":422.1,"nb_pl_est":20,"nb_pl_reel":null,"nb_places":20,"stat_auto":"public","statut":null,"proprio":"commune","part_pub":1.0,"acces_osm":"yes","payant":"no","sud_canal":false,"a_verif":false,"motif_ver":"","cle":"osm:w506253192","revue":{"statut":"a_revoir"}}},{"type":"Feature","geometry":{"type":"Polygon","coordinates":[[[4.194632,43.785703],[4.194654,43.785655],[4.194462,43.785556],[4.194331,43.78549],[4.194299,43.785473],[4.194237,43.785647],[4.194632,43.785703]]]},"properties":{"id_pk":"PK_30062_024","nom":null,"insee":"30062","commune":"Calvisson","source":"osm","id_source":"w674383245","surf_m2":416.6,"nb_pl_est":20,"nb_pl_reel":null,"nb_places":17,"stat_auto":"public","statut":null,"proprio":"commune","part_pub":1.0,"acces_osm":"yes","payant":"no","sud_canal":false,"a_verif":false,"motif_ver":"","cle":"osm:w674383245","revue":{"statut":"a_revoir"}}},{"type":"Feature","geometry":{"type":"Polygon","coordinates":[[[4.189925,43.785445],[4.189967,43.785613],[4.189999,43.785609],[4.190193,43.785585],[4.190202,43.785546],[4.190162,43.785384],[4.189925,43.785445]]]},"properties":{"id_pk":"PK_30062_025","nom":"Parking du Moulin à Huile","insee":"30062","commune":"Calvisson","source":"osm","id_source":"w49311254","surf_m2":411.1,"nb_pl_est":19,"nb_pl_reel":null,"nb_places":19,"stat_auto":"public","statut":null,"proprio":"commune","part_pub":1.0,"acces_osm":"yes","payant":"no","sud_canal":false,"a_verif":false,"motif_ver":"","cle":"osm:w49311254","revue":{"statut":"a_revoir"}}},{"type":"Feature","geometry":{"type":"Polygon","coordinates":[[[4.190159,43.78537],[4.190129,43.78525],[4.189995,43.785204],[4.189874,43.785241],[4.189919,43.785423],[4.190159,43.78537]]]},"properties":{"id_pk":"PK_30062_026","nom":"Parking du Moulin à Huile","insee":"30062","commune":"Calvisson","source":"osm","id_source":"w335246946","surf_m2":388.5,"nb_pl_est":18,"nb_pl_reel":null,"nb_places":18,"stat_auto":"public","statut":null,"proprio":"commune","part_pub":0.99,"acces_osm":"yes","payant":"no","sud_canal":false,"a_verif":false,"motif_ver":"","cle":"osm:w335246946","revue":{"statut":"a_revoir"}}},{"type":"Feature","geometry":{"type":"Polygon","coordinates":[[[4.192589,43.778791],[4.1924,43.778733],[4.192462,43.779146],[4.192589,43.778791]]]},"properties":{"id_pk":"PK_30062_027","nom":null,"insee":"30062","commune":"Calvisson","source":"osm","id_source":"w241370893","surf_m2":334.6,"nb_pl_est":16,"nb_pl_reel":null,"nb_places":16,"stat_auto":"public","statut":null,"proprio":"domaine_public","part_pub":1.0,"acces_osm":"yes","payant":"no","sud_canal":false,"a_verif":false,"motif_ver":"","cle":"osm:w241370893","revue":{"statut":"a_revoir"}}},{"type":"Feature","geometry":{"type":"Polygon","coordinates":[[[4.203786,43.78813],[4.203908,43.788133],[4.203899,43.78793],[4.20373,43.787873],[4.203786,43.78813]]]},"properties":{"id_pk":"PK_30062_028","nom":null,"insee":"30062","commune":"Calvisson","source":"osm","id_source":"w527286742","surf_m2":290.2,"nb_pl_est":14,"nb_pl_reel":null,"nb_places":14,"stat_auto":"mixte","statut":null,"proprio":"pp","part_pub":0.27,"acces_osm":"customers","payant":null,"sud_canal":false,"a_verif":true,"motif_ver":"foncier mixte (27% public) ; capacité proche du seuil de 10 places","cle":"osm:w527286742","revue":{"statut":"a_revoir"}}},{"type":"Feature","geometry":{"type":"Polygon","coordinates":[[[4.19005,43.782843],[4.189864,43.783051],[4.189983,43.783112],[4.190136,43.782913],[4.19005,43.782843]]]},"properties":{"id_pk":"PK_30062_029","nom":null,"insee":"30062","commune":"Calvisson","source":"osm","id_source":"w506242123","surf_m2":286.0,"nb_pl_est":14,"nb_pl_reel":null,"nb_places":14,"stat_auto":"public","statut":null,"proprio":"commune","part_pub":1.0,"acces_osm":"yes","payant":"no","sud_canal":false,"a_verif":true,"motif_ver":"capacité proche du seuil de 10 places","cle":"osm:w506242123","revue":{"statut":"a_revoir"}}},{"type":"Feature","geometry":{"type":"Polygon","coordinates":[[[4.19043,43.78389],[4.190565,43.783825],[4.190485,43.783783],[4.190447,43.783752],[4.190398,43.78372],[4.190359,43.783686],[4.190244,43.783811],[4.19043,43.78389]]]},"properties":{"id_pk":"PK_30062_030","nom":null,"insee":"30062","commune":"Calvisson","source":"osm","id_source":"w506242119","surf_m2":275.9,"nb_pl_est":14,"nb_pl_reel":null,"nb_places":14,"stat_auto":"public","statut":null,"proprio":"commune","part_pub":0.91,"acces_osm":null,"payant":null,"sud_canal":false,"a_verif":true,"motif_ver":"capacité proche du seuil de 10 places","cle":"osm:w506242119","revue":{"statut":"a_revoir"}}},{"type":"Feature","geometry":{"type":"Polygon","coordinates":[[[4.204655,43.784597],[4.204637,43.784566],[4.204469,43.784297],[4.204459,43.78428],[4.204382,43.784305],[4.204579,43.784621],[4.204655,43.784597]]]},"properties":{"id_pk":"PK_30062_031","nom":null,"insee":"30062","commune":"Calvisson","source":"osm","id_source":"w1316756132","surf_m2":261.1,"nb_pl_est":13,"nb_pl_reel":null,"nb_places":14,"stat_auto":"prive","statut":null,"proprio":"pp","part_pub":0.0,"acces_osm":"customers","payant":null,"sud_canal":false,"a_verif":false,"motif_ver":"","cle":"osm:w1316756132","revue":{"statut":"a_revoir"}}},{"type":"Feature","geometry":{"type":"Polygon","coordinates":[[[4.203433,43.782921],[4.203749,43.78267],[4.203702,43.782638],[4.203388,43.782891],[4.203433,43.782921]]]},"properties":{"id_pk":"PK_30062_032","nom":null,"insee":"30062","commune":"Calvisson","source":"osm","id_source":"w1041631261","surf_m2":190.5,"nb_pl_est":10,"nb_pl_reel":null,"nb_places":10,"stat_auto":"prive","statut":null,"proprio":"pp","part_pub":0.0,"acces_osm":"customers","payant":"no","sud_canal":false,"a_verif":true,"motif_ver":"capacité proche du seuil de 10 places","cle":"osm:w1041631261","revue":{"statut":"a_revoir"}}},{"type":"Feature","geometry":{"type":"Polygon","coordinates":[[[4.262399,43.821722],[4.263563,43.821834],[4.263842,43.821749],[4.263869,43.821571],[4.263611,43.8213],[4.262458,43.82118],[4.262163,43.821288],[4.261304,43.821207],[4.261294,43.821494],[4.261986,43.821625],[4.262399,43.821722]]]},"properties":{"id_pk":"PK_30075_001","nom":null,"insee":"30075","commune":"Caveirac","source":"osm","id_source":"w152345712","surf_m2":10146.5,"nb_pl_est":280,"nb_pl_reel":null,"nb_places":280,"stat_auto":"public","statut":null,"proprio":"commune","part_pub":0.62,"acces_osm":null,"payant":null,"sud_canal":false,"a_verif":false,"motif_ver":"","cle":"osm:w152345712","revue":{"statut":"a_revoir"}}},{"type":"Feature","geometry":{"type":"Polygon","coordinates":[[[4.26009,43.822599,-1000.0],[4.259928,43.822587,-1000.0],[4.259888,43.822567,-1000.0],[4.259771,43.822551,-1000.0],[4.259413,43.82257,-1000.0],[4.259109,43.822531,-1000.0],[4.259008,43.822846,-1000.0],[4.259946,43.823006,-1000.0],[4.26009,43.822599,-1000.0]]]},"properties":{"id_pk":"PK_30075_002","nom":null,"insee":"30075","commune":"Caveirac","source":"bdtopo","id_source":"EQ_RESEA0000002488441902","surf_m2":3236.2,"nb_pl_est":85,"nb_pl_reel":null,"nb_places":85,"stat_auto":"public","statut":null,"proprio":"commune","part_pub":0.99,"acces_osm":null,"payant":null,"sud_canal":false,"a_verif":true,"motif_ver":"absent d'OSM (BD TOPO seule)","cle":"bdtopo:EQ_RESEA0000002488441902","revue":{"statut":"a_revoir"}}},{"type":"Feature","geometry":{"type":"Polygon","coordinates":[[[4.257282,43.825478],[4.257534,43.825634],[4.258442,43.824937],[4.258206,43.824773],[4.257282,43.825478]]]},"properties":{"id_pk":"PK_30075_003","nom":null,"insee":"30075","commune":"Caveirac","source":"osm","id_source":"w373822718","surf_m2":2833.9,"nb_pl_est":74,"nb_pl_reel":null,"nb_places":74,"stat_auto":"public","statut":null,"proprio":"commune","part_pub":1.0,"acces_osm":null,"payant":null,"sud_canal":false,"a_verif":false,"motif_ver":"","cle":"osm:w373822718","revue":{"statut":"a_revoir"}}},{"type":"Feature","geometry":{"type":"Polygon","coordinates":[[[4.261955,43.827458],[4.26196,43.827167],[4.261424,43.827161],[4.261351,43.82716],[4.261224,43.82746],[4.261955,43.827458]]]},"properties":{"id_pk":"PK_30075_004","nom":null,"insee":"30075","commune":"Caveirac","source":"osm","id_source":"w235474052","surf_m2":1769.8,"nb_pl_est":52,"nb_pl_reel":null,"nb_places":52,"stat_auto":"public","statut":null,"proprio":"commune","part_pub":1.0,"acces_osm":null,"payant":"no","sud_canal":false,"a_verif":false,"motif_ver":"","cle":"osm:w235474052","revue":{"statut":"a_revoir"}}},{"type":"Feature","geometry":{"type":"Polygon","coordinates":[[[4.271333,43.822345],[4.271324,43.822506],[4.271312,43.822728],[4.271721,43.822742],[4.271926,43.822675],[4.27195,43.822407],[4.272067,43.822356],[4.272066,43.822306],[4.271675,43.822302],[4.27162,43.822351],[4.271606,43.822551],[4.271709,43.822555],[4.2717,43.822676],[4.27137,43.822665],[4.271392,43.822343],[4.271333,43.822345]]]},"properties":{"id_pk":"PK_30075_005","nom":null,"insee":"30075","commune":"Caveirac","source":"osm","id_source":"w1020401722","surf_m2":1517.5,"nb_pl_est":49,"nb_pl_reel":null,"nb_places":49,"stat_auto":"prive","statut":null,"proprio":"pp","part_pub":0.0,"acces_osm":null,"payant":null,"sud_canal":false,"a_verif":false,"motif_ver":"","cle":"osm:w1020401722","revue":{"statut":"a_revoir"}}},{"type":"Feature","geometry":{"type":"Polygon","coordinates":[[[4.275813,43.823793],[4.275792,43.823626],[4.275278,43.823647],[4.275293,43.823821],[4.275813,43.823793]]]},"properties":{"id_pk":"PK_30075_006","nom":null,"insee":"30075","commune":"Caveirac","source":"osm","id_source":"w934302589","surf_m2":789.7,"nb_pl_est":33,"nb_pl_reel":null,"nb_places":33,"stat_auto":"prive","statut":null,"proprio":"pm_privee","part_pub":0.0,"acces_osm":"private","payant":null,"sud_canal":false,"a_verif":false,"motif_ver":"","cle":"osm:w934302589","revue":{"statut":"a_revoir"}}},{"type":"Feature","geometry":{"type":"Polygon","coordinates":[[[4.266617,43.822472],[4.266927,43.822488],[4.267061,43.822433],[4.267042,43.822329],[4.26694,43.822369],[4.266863,43.822364],[4.266866,43.822339],[4.26648,43.822313],[4.266464,43.822454],[4.266617,43.822472]]]},"properties":{"id_pk":"PK_30075_007","nom":null,"insee":"30075","commune":"Caveirac","source":"osm","id_source":"w934302601","surf_m2":709.3,"nb_pl_est":30,"nb_pl_reel":null,"nb_places":30,"stat_auto":"prive","statut":null,"proprio":"pp","part_pub":0.0,"acces_osm":null,"payant":null,"sud_canal":false,"a_verif":false,"motif_ver":"","cle":"osm:w934302601","revue":{"statut":"a_revoir"}}},{"type":"Feature","geometry":{"type":"Polygon","coordinates":[[[4.267391,43.822815,-1000.0],[4.26731,43.822827,-1000.0],[4.267282,43.822752,-1000.0],[4.267172,43.822695,-1000.0],[4.267119,43.822745,-1000.0],[4.266926,43.822721,-1000.0],[4.266937,43.822845,-1000.0],[4.267143,43.822868,-1000.0],[4.267291,43.822946,-1000.0],[4.267465,43.822913,-1000.0],[4.267391,43.822815,-1000.0]]]},"properties":{"id_pk":"PK_30075_008","nom":null,"insee":"30075","commune":"Caveirac","source":"bdtopo","id_source":"EQ_RESEA0000000130578585","surf_m2":618.3,"nb_pl_est":27,"nb_pl_reel":null,"nb_places":27,"stat_auto":"public","statut":null,"proprio":"domaine_public","part_pub":0.86,"acces_osm":null,"payant":null,"sud_canal":false,"a_verif":true,"motif_ver":"absent d'OSM (BD TOPO seule)","cle":"bdtopo:EQ_RESEA0000000130578585","revue":{"statut":"a_revoir"}}},{"type":"Feature","geometry":{"type":"Polygon","coordinates":[[[4.275856,43.823483],[4.275922,43.82442],[4.27598,43.824394],[4.276004,43.824098],[4.275893,43.823981],[4.275945,43.8239],[4.275925,43.82348],[4.275856,43.823483]]]},"properties":{"id_pk":"PK_30075_009","nom":null,"insee":"30075","commune":"Caveirac","source":"osm","id_source":"w934302591","surf_m2":544.6,"nb_pl_est":24,"nb_pl_reel":null,"nb_places":24,"stat_auto":"prive","statut":null,"proprio":"pm_privee","part_pub":0.0,"acces_osm":"private","payant":null,"sud_canal":false,"a_verif":false,"motif_ver":"","cle":"osm:w934302591","revue":{"statut":"a_revoir"}}},{"type":"Feature","geometry":{"type":"Polygon","coordinates":[[[4.261646,43.823181],[4.261668,43.823131],[4.26168,43.82309],[4.261684,43.823047],[4.261707,43.822994],[4.261721,43.822958],[4.261741,43.822911],[4.261538,43.822859],[4.261535,43.822868],[4.261515,43.822934],[4.261441,43.823113],[4.261646,43.823181]]]},"properties":{"id_pk":"PK_30075_010","nom":null,"insee":"30075","commune":"Caveirac","source":"osm","id_source":"w1152279656","surf_m2":519.0,"nb_pl_est":23,"nb_pl_reel":null,"nb_places":23,"stat_auto":"public","statut":null,"proprio":"commune","part_pub":1.0,"acces_osm":null,"payant":null,"sud_canal":false,"a_verif":false,"motif_ver":"","cle":"osm:w1152279656","revue":{"statut":"a_revoir"}}},{"type":"Feature","geometry":{"type":"Polygon","coordinates":[[[4.275184,43.824079],[4.275193,43.823948],[4.274757,43.82394],[4.274753,43.824069],[4.275184,43.824079]]]},"properties":{"id_pk":"PK_30075_011","nom":null,"insee":"30075","commune":"Caveirac","source":"osm","id_source":"w934302587","surf_m2":502.5,"nb_pl_est":23,"nb_pl_reel":null,"nb_places":23,"stat_auto":"prive","statut":null,"proprio":"pm_privee","part_pub":0.0,"acces_osm":"customers","payant":"no","sud_canal":false,"a_verif":false,"motif_ver":"","cle":"osm:w934302587","revue":{"statut":"a_revoir"}}},{"type":"Feature","geometry":{"type":"Polygon","coordinates":[[[4.267081,43.822444],[4.267153,43.82242],[4.267217,43.822351],[4.267226,43.822271],[4.267184,43.822233],[4.267074,43.822197],[4.266955,43.822208],[4.267039,43.822311],[4.267061,43.822433],[4.267081,43.822444]]]},"properties":{"id_pk":"PK_30075_012","nom":null,"insee":"30075","commune":"Caveirac","source":"osm","id_source":"w934302603","surf_m2":349.1,"nb_pl_est":17,"nb_pl_reel":null,"nb_places":17,"stat_auto":"public","statut":null,"proprio":"domaine_public","part_pub":1.0,"acces_osm":null,"payant":null,"sud_canal":false,"a_verif":false,"motif_ver":"","cle":"osm:w934302603","revue":{"statut":"a_revoir"}}},{"type":"Feature","geometry":{"type":"Polygon","coordinates":[[[4.275173,43.823901],[4.275173,43.823831],[4.274773,43.823825],[4.274771,43.823896],[4.275173,43.823901]]]},"properties":{"id_pk":"PK_30075_013","nom":null,"insee":"30075","commune":"Caveirac","source":"osm","id_source":"w934302590","surf_m2":253.3,"nb_pl_est":13,"nb_pl_reel":null,"nb_places":13,"stat_auto":"prive","statut":null,"proprio":"pm_privee","part_pub":0.0,"acces_osm":"customers","payant":"no","sud_canal":false,"a_verif":true,"motif_ver":"capacité proche du seuil de 10 places","cle":"osm:w934302590","revue":{"statut":"a_revoir"}}},{"type":"Feature","geometry":{"type":"Polygon","coordinates":[[[4.266679,43.821683],[4.266867,43.821885],[4.267112,43.822133],[4.267152,43.822116],[4.266697,43.821651],[4.266666,43.821664],[4.266679,43.821683]]]},"properties":{"id_pk":"PK_30075_014","nom":null,"insee":"30075","commune":"Caveirac","source":"osm","id_source":"w818583418","surf_m2":230.3,"nb_pl_est":12,"nb_pl_reel":null,"nb_places":12,"stat_auto":"public","statut":null,"proprio":"domaine_public","part_pub":1.0,"acces_osm":"yes","payant":"no","sud_canal":false,"a_verif":true,"motif_ver":"capacité proche du seuil de 10 places","cle":"osm:w818583418","revue":{"statut":"a_revoir"}}},{"type":"Feature","geometry":{"type":"Polygon","coordinates":[[[4.275229,43.824185],[4.275222,43.824135],[4.274754,43.824121],[4.274756,43.824173],[4.275229,43.824185]]]},"properties":{"id_pk":"PK_30075_015","nom":null,"insee":"30075","commune":"Caveirac","source":"osm","id_source":"w934302588","surf_m2":214.5,"nb_pl_est":11,"nb_pl_reel":null,"nb_places":11,"stat_auto":"prive","statut":null,"proprio":"pm_privee","part_pub":0.0,"acces_osm":"customers","payant":"no","sud_canal":false,"a_verif":true,"motif_ver":"capacité proche du seuil de 10 places","cle":"osm:w934302588","revue":{"statut":"a_revoir"}}},{"type":"Feature","geometry":{"type":"Polygon","coordinates":[[[4.268906,43.823374],[4.268932,43.823343],[4.268989,43.823365],[4.269057,43.823283],[4.268974,43.823252],[4.268781,43.823261],[4.268757,43.8233],[4.268906,43.823374]]]},"properties":{"id_pk":"PK_30075_016","nom":null,"insee":"30075","commune":"Caveirac","source":"osm","id_source":"w1509477077","surf_m2":209.0,"nb_pl_est":11,"nb_pl_reel":null,"nb_places":11,"stat_auto":"mixte","statut":null,"proprio":"pm_privee","part_pub":0.42,"acces_osm":null,"payant":null,"sud_canal":false,"a_verif":true,"motif_ver":"foncier mixte (42% public) ; capacité proche du seuil de 10 places","cle":"osm:w1509477077","revue":{"statut":"a_revoir"}}},{"type":"Feature","geometry":{"type":"Polygon","coordinates":[[[4.272741,43.824388],[4.272738,43.824295],[4.273001,43.824276],[4.273005,43.824226],[4.272665,43.824255],[4.272673,43.824382],[4.272741,43.824388]]]},"properties":{"id_pk":"PK_30075_017","nom":null,"insee":"30075","commune":"Caveirac","source":"osm","id_source":"w934302592","surf_m2":195.6,"nb_pl_est":10,"nb_pl_reel":null,"nb_places":10,"stat_auto":"prive","statut":null,"proprio":"pm_privee","part_pub":0.0,"acces_osm":null,"payant":null,"sud_canal":false,"a_verif":true,"motif_ver":"capacité proche du seuil de 10 places","cle":"osm:w934302592","revue":{"statut":"a_revoir"}}},{"type":"Feature","geometry":{"type":"Polygon","coordinates":[[[4.232213,43.827074],[4.232201,43.826972],[4.23114,43.826687],[4.231061,43.826876],[4.231107,43.826852],[4.231155,43.826845],[4.2312,43.826861],[4.231222,43.826892],[4.231263,43.826916],[4.232091,43.827132],[4.232109,43.827189],[4.232213,43.827074]]]},"properties":{"id_pk":"PK_30082_001","nom":"Parking de l'École","insee":"30082","commune":"Clarensac","source":"osm","id_source":"w417366887","surf_m2":1850.5,"nb_pl_est":54,"nb_pl_reel":null,"nb_places":54,"stat_auto":"public","statut":null,"proprio":"domaine_public","part_pub":1.0,"acces_osm":"yes","payant":"no","sud_canal":false,"a_verif":false,"motif_ver":"","cle":"osm:w417366887","revue":{"statut":"a_revoir"}}},{"type":"Feature","geometry":{"type":"Polygon","coordinates":[[[4.225121,43.827211],[4.225129,43.827172],[4.225406,43.827194],[4.225468,43.826878],[4.22535,43.826868],[4.225297,43.827061],[4.224532,43.827023],[4.224492,43.827168],[4.225121,43.827211]]]},"properties":{"id_pk":"PK_30082_002","nom":null,"insee":"30082","commune":"Clarensac","source":"osm","id_source":"w1086218326","surf_m2":1380.1,"nb_pl_est":46,"nb_pl_reel":null,"nb_places":46,"stat_auto":"prive","statut":null,"proprio":"pp","part_pub":0.01,"acces_osm":"yes","payant":"no","sud_canal":false,"a_verif":true,"motif_ver":"foncier privé mais accès OSM « yes »","cle":"osm:w1086218326","revue":{"statut":"a_revoir"}}},{"type":"Feature","geometry":{"type":"Polygon","coordinates":[[[4.23117,43.825628],[4.231242,43.825481],[4.231073,43.825438],[4.231109,43.825365],[4.230749,43.825273],[4.230688,43.825397],[4.23061,43.825377],[4.230563,43.825473],[4.23117,43.825628]]]},"properties":{"id_pk":"PK_30082_003","nom":null,"insee":"30082","commune":"Clarensac","source":"osm","id_source":"w1086464985","surf_m2":1123.5,"nb_pl_est":41,"nb_pl_reel":null,"nb_places":41,"stat_auto":"public","statut":null,"proprio":"departement","part_pub":1.0,"acces_osm":"private","payant":null,"sud_canal":false,"a_verif":true,"motif_ver":"foncier public mais accès OSM « private »","cle":"osm:w1086464985","revue":{"statut":"a_revoir"}}},{"type":"Feature","geometry":{"type":"Polygon","coordinates":[[[4.2244,43.827046],[4.224474,43.826811],[4.224056,43.826787],[4.223997,43.826987],[4.2244,43.827046]]]},"properties":{"id_pk":"PK_30082_004","nom":null,"insee":"30082","commune":"Clarensac","source":"osm","id_source":"w159682186","surf_m2":822.6,"nb_pl_est":34,"nb_pl_reel":null,"nb_places":34,"stat_auto":"prive","statut":null,"proprio":"pm_privee","part_pub":0.03,"acces_osm":"customers","payant":null,"sud_canal":false,"a_verif":false,"motif_ver":"","cle":"osm:w159682186","revue":{"statut":"a_revoir"}}},{"type":"Feature","geometry":{"type":"Polygon","coordinates":[[[4.228386,43.839321],[4.228449,43.839246],[4.228427,43.8392],[4.228317,43.839184],[4.228214,43.839193],[4.228271,43.839465],[4.228386,43.839321]]]},"properties":{"id_pk":"PK_30082_005","nom":null,"insee":"30082","commune":"Clarensac","source":"osm","id_source":"w1327205563","surf_m2":324.7,"nb_pl_est":16,"nb_pl_reel":null,"nb_places":16,"stat_auto":"mixte","statut":null,"proprio":"pp","part_pub":0.22,"acces_osm":null,"payant":null,"sud_canal":false,"a_verif":true,"motif_ver":"foncier mixte (22% public)","cle":"osm:w1327205563","revue":{"statut":"a_revoir"}}},{"type":"Feature","geometry":{"type":"Polygon","coordinates":[[[4.217012,43.828323],[4.216947,43.828321],[4.216793,43.828316],[4.216793,43.82845],[4.216899,43.828462],[4.216946,43.828466],[4.217012,43.828323]]]},"properties":{"id_pk":"PK_30082_006","nom":null,"insee":"30082","commune":"Clarensac","source":"osm","id_source":"w507590189","surf_m2":234.1,"nb_pl_est":12,"nb_pl_reel":null,"nb_places":12,"stat_auto":"public","statut":null,"proprio":"commune","part_pub":1.0,"acces_osm":null,"payant":"no","sud_canal":false,"a_verif":true,"motif_ver":"capacité proche du seuil de 10 places","cle":"osm:w507590189","revue":{"statut":"a_revoir"}}},{"type":"Feature","geometry":{"type":"Polygon","coordinates":[[[4.229432,43.735646],[4.229698,43.735685],[4.229734,43.735671],[4.230117,43.735017],[4.230098,43.734959],[4.229663,43.734686],[4.229419,43.735617],[4.229432,43.735646]]]},"properties":{"id_pk":"PK_30083_001","nom":null,"insee":"30083","commune":"Codognan","source":"osm","id_source":"w230598353","surf_m2":3421.0,"nb_pl_est":90,"nb_pl_reel":null,"nb_places":80,"stat_auto":"prive","statut":null,"proprio":"pp","part_pub":0.0,"acces_osm":null,"payant":"no","sud_canal":false,"a_verif":false,"motif_ver":"","cle":"osm:w230598353","revue":{"statut":"a_revoir"}}},{"type":"Feature","geometry":{"type":"Polygon","coordinates":[[[4.219661,43.732071],[4.219668,43.73198],[4.219409,43.731972],[4.219349,43.731969],[4.219253,43.731964],[4.219245,43.732036],[4.219236,43.732116],[4.219301,43.73212],[4.219416,43.732127],[4.219404,43.732231],[4.219649,43.732246],[4.219661,43.732071]]]},"properties":{"id_pk":"PK_30083_002","nom":null,"insee":"30083","commune":"Codognan","source":"osm","id_source":"w902786151","surf_m2":811.9,"nb_pl_est":33,"nb_pl_reel":null,"nb_places":25,"stat_auto":"public","statut":null,"proprio":"commune","part_pub":1.0,"acces_osm":"yes","payant":"no","sud_canal":false,"a_verif":false,"motif_ver":"","cle":"osm:w902786151","revue":{"statut":"a_revoir"}}},{"type":"Feature","geometry":{"type":"Polygon","coordinates":[[[4.217911,43.733741],[4.217666,43.73367],[4.217618,43.733714],[4.217938,43.733856],[4.21799,43.733879],[4.218263,43.733864],[4.218255,43.733739],[4.217911,43.733741]]]},"properties":{"id_pk":"PK_30083_003","nom":null,"insee":"30083","commune":"Codognan","source":"osm","id_source":"w511316479","surf_m2":603.0,"nb_pl_est":26,"nb_pl_reel":null,"nb_places":26,"stat_auto":"public","statut":null,"proprio":"domaine_public","part_pub":1.0,"acces_osm":null,"payant":null,"sud_canal":false,"a_verif":false,"motif_ver":"","cle":"osm:w511316479","revue":{"statut":"a_revoir"}}},{"type":"Feature","geometry":{"type":"Polygon","coordinates":[[[4.219732,43.735047],[4.219751,43.734857],[4.219466,43.734839],[4.219461,43.734889],[4.219382,43.734907],[4.21938,43.735028],[4.219732,43.735047]]]},"properties":{"id_pk":"PK_30083_004","nom":null,"insee":"30083","commune":"Codognan","source":"osm","id_source":"w367646012","surf_m2":577.5,"nb_pl_est":26,"nb_pl_reel":null,"nb_places":26,"stat_auto":"public","statut":null,"proprio":"epci","part_pub":1.0,"acces_osm":"customers","payant":"no","sud_canal":false,"a_verif":true,"motif_ver":"foncier public mais accès OSM « customers »","cle":"osm:w367646012","revue":{"statut":"a_revoir"}}},{"type":"Feature","geometry":{"type":"Polygon","coordinates":[[[4.218211,43.733536],[4.217756,43.73351],[4.217748,43.733559],[4.218,43.733656],[4.218254,43.733671],[4.218211,43.733536]]]},"properties":{"id_pk":"PK_30083_005","nom":null,"insee":"30083","commune":"Codognan","source":"osm","id_source":"w511316478","surf_m2":477.6,"nb_pl_est":22,"nb_pl_reel":null,"nb_places":22,"stat_auto":"public","statut":null,"proprio":"domaine_public","part_pub":1.0,"acces_osm":"yes","payant":null,"sud_canal":false,"a_verif":false,"motif_ver":"","cle":"osm:w511316478","revue":{"statut":"a_revoir"}}},{"type":"Feature","geometry":{"type":"Polygon","coordinates":[[[4.228701,43.73033],[4.228744,43.730187],[4.228427,43.730143],[4.228417,43.730183],[4.228393,43.73018],[4.228357,43.730278],[4.228701,43.73033]]]},"properties":{"id_pk":"PK_30083_006","nom":null,"insee":"30083","commune":"Codognan","source":"osm","id_source":"w1448719832","surf_m2":440.9,"nb_pl_est":20,"nb_pl_reel":null,"nb_places":22,"stat_auto":"prive","statut":null,"proprio":"hlm","part_pub":0.0,"acces_osm":"private","payant":null,"sud_canal":false,"a_verif":false,"motif_ver":"","cle":"osm:w1448719832","revue":{"statut":"a_revoir"}}},{"type":"Feature","geometry":{"type":"Polygon","coordinates":[[[4.212887,43.72807],[4.212939,43.728074],[4.21296,43.727924],[4.212883,43.727916],[4.212823,43.72791],[4.212752,43.727978],[4.212727,43.728139],[4.212874,43.728162],[4.212887,43.72807]]]},"properties":{"id_pk":"PK_30083_007","nom":null,"insee":"30083","commune":"Codognan","source":"osm","id_source":"w371634688","surf_m2":369.8,"nb_pl_est":18,"nb_pl_reel":null,"nb_places":18,"stat_auto":"prive","statut":null,"proprio":"pm_privee","part_pub":0.0,"acces_osm":"customers","payant":null,"sud_canal":false,"a_verif":false,"motif_ver":"","cle":"osm:w371634688","revue":{"statut":"a_revoir"}}},{"type":"Feature","geometry":{"type":"Polygon","coordinates":[[[4.219706,43.73246],[4.219254,43.732431],[4.219251,43.73246],[4.219246,43.732524],[4.219693,43.732542],[4.219706,43.73246]]]},"properties":{"id_pk":"PK_30083_008","nom":null,"insee":"30083","commune":"Codognan","source":"osm","id_source":"w511351109","surf_m2":353.1,"nb_pl_est":17,"nb_pl_reel":null,"nb_places":17,"stat_auto":"public","statut":null,"proprio":"commune","part_pub":1.0,"acces_osm":"yes","payant":"no","sud_canal":false,"a_verif":false,"motif_ver":"","cle":"osm:w511351109","revue":{"statut":"a_revoir"}}},{"type":"Feature","geometry":{"type":"Polygon","coordinates":[[[4.219535,43.734828],[4.219739,43.734841],[4.219748,43.734682],[4.219536,43.734674],[4.219535,43.734828]]]},"properties":{"id_pk":"PK_30083_009","nom":null,"insee":"30083","commune":"Codognan","source":"osm","id_source":"w1442230470","surf_m2":291.8,"nb_pl_est":14,"nb_pl_reel":null,"nb_places":14,"stat_auto":"prive","statut":null,"proprio":"pm_privee","part_pub":0.0,"acces_osm":"customers","payant":"no","sud_canal":false,"a_verif":true,"motif_ver":"capacité proche du seuil de 10 places","cle":"osm:w1442230470","revue":{"statut":"a_revoir"}}},{"type":"Feature","geometry":{"type":"Polygon","coordinates":[[[4.226974,43.734892],[4.226904,43.734872],[4.226772,43.73514],[4.22683,43.735154],[4.226974,43.734892]]]},"properties":{"id_pk":"PK_30083_010","nom":null,"insee":"30083","commune":"Codognan","source":"osm","id_source":"w955651769","surf_m2":174.7,"nb_pl_est":9,"nb_pl_reel":null,"nb_places":13,"stat_auto":"public","statut":null,"proprio":"domaine_public","part_pub":1.0,"acces_osm":null,"payant":null,"sud_canal":false,"a_verif":false,"motif_ver":"","cle":"osm:w955651769","revue":{"statut":"a_revoir"}}},{"type":"Feature","geometry":{"type":"Polygon","coordinates":[[[4.227416,43.73406],[4.227546,43.733819],[4.227472,43.733807],[4.227348,43.734038],[4.227416,43.73406]]]},"properties":{"id_pk":"PK_30083_011","nom":null,"insee":"30083","commune":"Codognan","source":"osm","id_source":"w955651771","surf_m2":169.3,"nb_pl_est":9,"nb_pl_reel":null,"nb_places":11,"stat_auto":"public","statut":null,"proprio":"domaine_public","part_pub":1.0,"acces_osm":null,"payant":null,"sud_canal":false,"a_verif":false,"motif_ver":"","cle":"osm:w955651771","revue":{"statut":"a_revoir"}}},{"type":"Feature","geometry":{"type":"Polygon","coordinates":[[[4.160049,43.778069],[4.160059,43.778003],[4.159661,43.777969],[4.15965,43.77804],[4.159638,43.778112],[4.160036,43.778146],[4.160049,43.778069]]]},"properties":{"id_pk":"PK_30091_001","nom":null,"insee":"30091","commune":"Congénies","source":"osm","id_source":"w333093005","surf_m2":516.4,"nb_pl_est":23,"nb_pl_reel":null,"nb_places":23,"stat_auto":"public","statut":null,"proprio":"domaine_public","part_pub":1.0,"acces_osm":null,"payant":"no","sud_canal":false,"a_verif":false,"motif_ver":"","cle":"osm:w333093005","revue":{"statut":"a_revoir"}}},{"type":"Feature","geometry":{"type":"Polygon","coordinates":[[[4.160798,43.773553],[4.160802,43.773474],[4.160205,43.773437],[4.160191,43.773516],[4.160798,43.773553]]]},"properties":{"id_pk":"PK_30091_002","nom":null,"insee":"30091","commune":"Congénies","source":"osm","id_source":"w222357338","surf_m2":428.2,"nb_pl_est":20,"nb_pl_reel":null,"nb_places":20,"stat_auto":"prive","statut":null,"proprio":"pp","part_pub":0.17,"acces_osm":"yes","payant":"no","sud_canal":false,"a_verif":true,"motif_ver":"foncier privé mais accès OSM « yes »","cle":"osm:w222357338","revue":{"statut":"a_revoir"}}},{"type":"Feature","geometry":{"type":"Polygon","coordinates":[[[4.179883,43.71619,15.2],[4.179977,43.716215,14.7],[4.179975,43.716219,14.8],[4.179969,43.716248,14.8],[4.179968,43.716252,14.9],[4.179974,43.716264,14.9],[4.179999,43.716289,14.9],[4.180029,43.716297,14.8],[4.180125,43.71632,14.8],[4.180188,43.716331,14.8],[4.18026,43.716337,14.8],[4.180333,43.71633,14.8],[4.180408,43.716315,14.8],[4.18048,43.716291,14.8],[4.180553,43.716266,14.8],[4.180702,43.716212,14.8],[4.180997,43.716099,14.8],[4.181129,43.716042,14.9],[4.181132,43.716041,14.9],[4.181251,43.71577,15.1],[4.180523,43.715592,15.1],[4.180391,43.715868,15.1],[4.180191,43.715817,14.7],[4.180156,43.715828,14.2],[4.180053,43.715797,14.7],[4.179883,43.71619,15.2]]]},"properties":{"id_pk":"PK_30123_001","nom":null,"insee":"30123","commune":"Gallargues-le-Montueux","source":"bdtopo","id_source":"EQ_RESEA0000000337005911","surf_m2":5418.5,"nb_pl_est":145,"nb_pl_reel":null,"nb_places":145,"stat_auto":"prive","statut":null,"proprio":"pp","part_pub":0.0,"acces_osm":null,"payant":null,"sud_canal":false,"a_verif":true,"motif_ver":"grande aire sans propriétaire personne morale : vérifier le foncier ; absent d'OSM (BD TOPO seule)","cle":"bdtopo:EQ_RESEA0000000337005911","revue":{"statut":"a_revoir"}}},{"type":"Feature","geometry":{"type":"Polygon","coordinates":[[[4.18164,43.71866],[4.180927,43.718358],[4.18061,43.718755],[4.180641,43.718943],[4.180952,43.71909],[4.181447,43.71917],[4.18164,43.71866]]]},"properties":{"id_pk":"PK_30123_002","nom":null,"insee":"30123","commune":"Gallargues-le-Montueux","source":"osm","id_source":"w1533531865","surf_m2":4826.6,"nb_pl_est":129,"nb_pl_reel":null,"nb_places":129,"stat_auto":"public","statut":null,"proprio":"commune","part_pub":1.0,"acces_osm":null,"payant":null,"sud_canal":false,"a_verif":false,"motif_ver":"","cle":"osm:w1533531865","revue":{"statut":"a_revoir"}}},{"type":"Feature","geometry":{"type":"Polygon","coordinates":[[[4.18285,43.7211],[4.183202,43.721196],[4.18325,43.721132],[4.183287,43.721068],[4.183089,43.721016],[4.183154,43.720855],[4.183193,43.720865],[4.183368,43.720402],[4.183013,43.720324],[4.182718,43.721037],[4.18285,43.7211]]]},"properties":{"id_pk":"PK_30123_003","nom":null,"insee":"30123","commune":"Gallargues-le-Montueux","source":"osm","id_source":"w615346492","surf_m2":2786.5,"nb_pl_est":73,"nb_pl_reel":null,"nb_places":73,"stat_auto":"prive","statut":null,"proprio":"pm_privee","part_pub":0.0,"acces_osm":null,"payant":null,"sud_canal":false,"a_verif":false,"motif_ver":"","cle":"osm:w615346492","revue":{"statut":"a_revoir"}}},{"type":"Feature","geometry":{"type":"Polygon","coordinates":[[[4.184425,43.718525],[4.184163,43.718454],[4.183697,43.719487],[4.183941,43.719544],[4.184425,43.718525]]]},"properties":{"id_pk":"PK_30123_004","nom":null,"insee":"30123","commune":"Gallargues-le-Montueux","source":"osm","id_source":"w225308703","surf_m2":2595.1,"nb_pl_est":68,"nb_pl_reel":null,"nb_places":68,"stat_auto":"prive","statut":null,"proprio":"pm_privee","part_pub":0.0,"acces_osm":"private","payant":null,"sud_canal":false,"a_verif":false,"motif_ver":"","cle":"osm:w225308703","revue":{"statut":"a_revoir"}}},{"type":"Feature","geometry":{"type":"Polygon","coordinates":[[[4.18932,43.722014],[4.189315,43.722063],[4.189558,43.722075],[4.189567,43.721988],[4.189728,43.722001],[4.189792,43.721728],[4.189331,43.721673],[4.189305,43.721801],[4.189097,43.721783],[4.189189,43.721418],[4.18907,43.721402],[4.188927,43.721976],[4.18932,43.722014]]]},"properties":{"id_pk":"PK_30123_005","nom":null,"insee":"30123","commune":"Gallargues-le-Montueux","source":"osm","id_source":"w225308698","surf_m2":2431.4,"nb_pl_est":64,"nb_pl_reel":null,"nb_places":64,"stat_auto":"prive","statut":null,"proprio":"pm_privee","part_pub":0.0,"acces_osm":"private","payant":null,"sud_canal":false,"a_verif":false,"motif_ver":"","cle":"osm:w225308698","revue":{"statut":"a_revoir"}}},{"type":"Feature","geometry":{"type":"Polygon","coordinates":[[[4.18101,43.718094],[4.181091,43.718016],[4.181168,43.717986],[4.181206,43.717956],[4.180716,43.717685],[4.180674,43.717716],[4.180614,43.717685],[4.180545,43.717746],[4.180603,43.717781],[4.180548,43.717915],[4.18052,43.717956],[4.180902,43.718174],[4.18101,43.718094]]]},"properties":{"id_pk":"PK_30123_006","nom":null,"insee":"30123","commune":"Gallargues-le-Montueux","source":"osm","id_source":"w1102962890","surf_m2":1591.7,"nb_pl_est":50,"nb_pl_reel":null,"nb_places":50,"stat_auto":"public","statut":null,"proprio":"epci","part_pub":1.0,"acces_osm":"yes","payant":"no","sud_canal":false,"a_verif":false,"motif_ver":"","cle":"osm:w1102962890","revue":{"statut":"a_revoir"}}},{"type":"Feature","geometry":{"type":"Polygon","coordinates":[[[4.187517,43.721452],[4.187637,43.720946],[4.187292,43.720912],[4.187174,43.721409],[4.187517,43.721452]]]},"properties":{"id_pk":"PK_30123_007","nom":null,"insee":"30123","commune":"Gallargues-le-Montueux","source":"osm","id_source":"w225308702","surf_m2":1588.5,"nb_pl_est":50,"nb_pl_reel":null,"nb_places":50,"stat_auto":"prive","statut":null,"proprio":"pm_privee","part_pub":0.0,"acces_osm":"private","payant":null,"sud_canal":false,"a_verif":false,"motif_ver":"","cle":"osm:w225308702","revue":{"statut":"a_revoir"}}},{"type":"Feature","geometry":{"type":"Polygon","coordinates":[[[4.187701,43.719845],[4.187653,43.720036],[4.187776,43.720052],[4.187788,43.720005],[4.187858,43.720012],[4.187936,43.719673],[4.187973,43.719502],[4.187482,43.719387],[4.187481,43.719406],[4.187473,43.719424],[4.187425,43.719447],[4.18742,43.719457],[4.187422,43.719466],[4.187508,43.719545],[4.18768,43.719455],[4.187772,43.719542],[4.187768,43.719573],[4.187695,43.719616],[4.187632,43.719837],[4.187701,43.719845]]]},"properties":{"id_pk":"PK_30123_008","nom":null,"insee":"30123","commune":"Gallargues-le-Montueux","source":"osm","id_source":"w698571696","surf_m2":1358.2,"nb_pl_est":46,"nb_pl_reel":null,"nb_places":46,"stat_auto":"public","statut":null,"proprio":"epci","part_pub":1.0,"acces_osm":null,"payant":null,"sud_canal":false,"a_verif":false,"motif_ver":"","cle":"osm:w698571696","revue":{"statut":"a_revoir"}}},{"type":"Feature","geometry":{"type":"Polygon","coordinates":[[[4.1856,43.722368],[4.185522,43.722539],[4.186039,43.722772],[4.186259,43.722534],[4.1856,43.722368]]]},"properties":{"id_pk":"PK_30123_009","nom":null,"insee":"30123","commune":"Gallargues-le-Montueux","source":"osm","id_source":"w225308705","surf_m2":1342.4,"nb_pl_est":45,"nb_pl_reel":null,"nb_places":45,"stat_auto":"prive","statut":null,"proprio":"pm_privee","part_pub":0.0,"acces_osm":"private","payant":null,"sud_canal":false,"a_verif":false,"motif_ver":"","cle":"osm:w225308705","revue":{"statut":"a_revoir"}}},{"type":"Feature","geometry":{"type":"Polygon","coordinates":[[[4.183692,43.721949],[4.183735,43.7219],[4.18364,43.721775],[4.183762,43.721509],[4.183702,43.721494],[4.183609,43.721471],[4.183529,43.721655],[4.183047,43.721542],[4.183007,43.721635],[4.183692,43.721949]]]},"properties":{"id_pk":"PK_30123_010","nom":null,"insee":"30123","commune":"Gallargues-le-Montueux","source":"osm","id_source":"w698947669","surf_m2":1337.1,"nb_pl_est":45,"nb_pl_reel":null,"nb_places":45,"stat_auto":"mixte","statut":null,"proprio":"pm_privee","part_pub":0.4,"acces_osm":null,"payant":null,"sud_canal":false,"a_verif":true,"motif_ver":"foncier mixte (40% public)","cle":"osm:w698947669","revue":{"statut":"a_revoir"}}},{"type":"Feature","geometry":{"type":"Polygon","coordinates":[[[4.174223,43.723169],[4.174224,43.723029],[4.17414,43.722906],[4.173921,43.722829],[4.173913,43.722862],[4.173902,43.722905],[4.17395,43.72301],[4.173931,43.723199],[4.17389,43.723451],[4.174114,43.72343],[4.174223,43.723169]]]},"properties":{"id_pk":"PK_30123_011","nom":null,"insee":"30123","commune":"Gallargues-le-Montueux","source":"osm","id_source":"w508219568","surf_m2":1326.6,"nb_pl_est":45,"nb_pl_reel":null,"nb_places":45,"stat_auto":"public","statut":null,"proprio":"commune","part_pub":0.63,"acces_osm":"yes","payant":"no","sud_canal":false,"a_verif":false,"motif_ver":"","cle":"osm:w508219568","revue":{"statut":"a_revoir"}}},{"type":"Feature","geometry":{"type":"Polygon","coordinates":[[[4.185458,43.722614],[4.185187,43.722552],[4.185275,43.722339],[4.185146,43.722313],[4.185162,43.722271],[4.185045,43.722247],[4.18497,43.722435],[4.184886,43.722516],[4.185392,43.722751],[4.185458,43.722614]]]},"properties":{"id_pk":"PK_30123_012","nom":null,"insee":"30123","commune":"Gallargues-le-Montueux","source":"osm","id_source":"w225308707","surf_m2":1020.6,"nb_pl_est":39,"nb_pl_reel":null,"nb_places":39,"stat_auto":"prive","statut":null,"proprio":"pm_privee","part_pub":0.0,"acces_osm":"private","payant":null,"sud_canal":false,"a_verif":false,"motif_ver":"","cle":"osm:w225308707","revue":{"statut":"a_revoir"}}},{"type":"Feature","geometry":{"type":"Polygon","coordinates":[[[4.18654,43.722133],[4.186434,43.722118],[4.186459,43.72203],[4.185827,43.721992],[4.185669,43.72235],[4.185744,43.722368],[4.185892,43.722053],[4.186282,43.722076],[4.186263,43.722143],[4.186389,43.722275],[4.186269,43.722469],[4.186321,43.722481],[4.18654,43.722133]]]},"properties":{"id_pk":"PK_30123_013","nom":null,"insee":"30123","commune":"Gallargues-le-Montueux","source":"osm","id_source":"w225308699","surf_m2":978.0,"nb_pl_est":38,"nb_pl_reel":null,"nb_places":38,"stat_auto":"prive","statut":null,"proprio":"pm_privee","part_pub":0.0,"acces_osm":"private","payant":null,"sud_canal":false,"a_verif":false,"motif_ver":"","cle":"osm:w225308699","revue":{"statut":"a_revoir"}}},{"type":"Feature","geometry":{"type":"Polygon","coordinates":[[[4.168139,43.702953],[4.16789,43.702973],[4.167965,43.703339],[4.168241,43.703378],[4.168139,43.702953]]]},"properties":{"id_pk":"PK_30123_014","nom":null,"insee":"30123","commune":"Gallargues-le-Montueux","source":"osm","id_source":"w807602207","surf_m2":924.2,"nb_pl_est":36,"nb_pl_reel":null,"nb_places":36,"stat_auto":"public","statut":null,"proprio":"etab_public","part_pub":1.0,"acces_osm":null,"payant":null,"sud_canal":false,"a_verif":false,"motif_ver":"","cle":"osm:w807602207","revue":{"statut":"a_revoir"}}},{"type":"Feature","geometry":{"type":"Polygon","coordinates":[[[4.186748,43.722096],[4.186752,43.722052],[4.186624,43.722035],[4.186462,43.72229],[4.18658,43.722335],[4.186556,43.722377],[4.186725,43.722435],[4.186917,43.72215],[4.186748,43.722096]]]},"properties":{"id_pk":"PK_30123_015","nom":null,"insee":"30123","commune":"Gallargues-le-Montueux","source":"osm","id_source":"w615346497","surf_m2":901.7,"nb_pl_est":36,"nb_pl_reel":null,"nb_places":36,"stat_auto":"prive","statut":null,"proprio":"pm_privee","part_pub":0.0,"acces_osm":null,"payant":null,"sud_canal":false,"a_verif":false,"motif_ver":"","cle":"osm:w615346497","revue":{"statut":"a_revoir"}}},{"type":"Feature","geometry":{"type":"Polygon","coordinates":[[[4.187869,43.72269],[4.188192,43.722337],[4.188021,43.722251],[4.187691,43.722608],[4.187869,43.72269]]]},"properties":{"id_pk":"PK_30123_016","nom":null,"insee":"30123","commune":"Gallargues-le-Montueux","source":"osm","id_source":"w225308701","surf_m2":799.0,"nb_pl_est":33,"nb_pl_reel":null,"nb_places":33,"stat_auto":"prive","statut":null,"proprio":"pm_privee","part_pub":0.0,"acces_osm":"private","payant":null,"sud_canal":false,"a_verif":false,"motif_ver":"","cle":"osm:w225308701","revue":{"statut":"a_revoir"}}},{"type":"Feature","geometry":{"type":"Polygon","coordinates":[[[4.185368,43.722249],[4.185597,43.722306],[4.185753,43.721971],[4.185498,43.721921],[4.185368,43.722249]]]},"properties":{"id_pk":"PK_30123_017","nom":null,"insee":"30123","commune":"Gallargues-le-Montueux","source":"osm","id_source":"w225308704","surf_m2":784.5,"nb_pl_est":32,"nb_pl_reel":null,"nb_places":32,"stat_auto":"prive","statut":null,"proprio":"pm_privee","part_pub":0.0,"acces_osm":"private","payant":null,"sud_canal":false,"a_verif":false,"motif_ver":"","cle":"osm:w225308704","revue":{"statut":"a_revoir"}}},{"type":"Feature","geometry":{"type":"Polygon","coordinates":[[[4.173502,43.722751],[4.173558,43.72261],[4.17351,43.722574],[4.173423,43.72256],[4.173369,43.722552],[4.173146,43.722516],[4.173095,43.722537],[4.173037,43.722666],[4.173495,43.722769],[4.173502,43.722751]]]},"properties":{"id_pk":"PK_30123_018","nom":"Place Thomas Burnet","insee":"30123","commune":"Gallargues-le-Montueux","source":"osm","id_source":"w108751435","surf_m2":747.0,"nb_pl_est":31,"nb_pl_reel":null,"nb_places":31,"stat_auto":"public","statut":null,"proprio":"commune","part_pub":1.0,"acces_osm":null,"payant":null,"sud_canal":false,"a_verif":false,"motif_ver":"","cle":"osm:w108751435","revue":{"statut":"a_revoir"}}},{"type":"Feature","geometry":{"type":"Polygon","coordinates":[[[4.175795,43.718093],[4.175774,43.718132],[4.177365,43.718886],[4.177395,43.718853],[4.175795,43.718093]]]},"properties":{"id_pk":"PK_30123_019","nom":null,"insee":"30123","commune":"Gallargues-le-Montueux","source":"osm","id_source":"w615346483","surf_m2":688.7,"nb_pl_est":29,"nb_pl_reel":null,"nb_places":29,"stat_auto":"public","statut":null,"proprio":"departement","part_pub":1.0,"acces_osm":null,"payant":null,"sud_canal":false,"a_verif":false,"motif_ver":"","cle":"osm:w615346483","revue":{"statut":"a_revoir"}}},{"type":"Feature","geometry":{"type":"Polygon","coordinates":[[[4.175889,43.719277],[4.175934,43.719237],[4.175863,43.719001],[4.175719,43.719029],[4.175738,43.719088],[4.175652,43.719103],[4.17569,43.719215],[4.17553,43.719243],[4.175567,43.719334],[4.175889,43.719277]]]},"properties":{"id_pk":"PK_30123_020","nom":null,"insee":"30123","commune":"Gallargues-le-Montueux","source":"osm","id_source":"w1102962892","surf_m2":647.4,"nb_pl_est":28,"nb_pl_reel":null,"nb_places":28,"stat_auto":"prive","statut":null,"proprio":"pm_privee","part_pub":0.0,"acces_osm":null,"payant":null,"sud_canal":false,"a_verif":false,"motif_ver":"","cle":"osm:w1102962892","revue":{"statut":"a_revoir"}}},{"type":"Feature","geometry":{"type":"Polygon","coordinates":[[[4.180022,43.718062],[4.18012,43.718085],[4.180198,43.718081],[4.180325,43.718041],[4.180221,43.71791],[4.18015,43.717947],[4.179902,43.717815],[4.179784,43.717922],[4.180022,43.718062]]]},"properties":{"id_pk":"PK_30123_021","nom":null,"insee":"30123","commune":"Gallargues-le-Montueux","source":"osm","id_source":"w1102962889","surf_m2":647.1,"nb_pl_est":28,"nb_pl_reel":null,"nb_places":28,"stat_auto":"public","statut":null,"proprio":"commune","part_pub":1.0,"acces_osm":null,"payant":null,"sud_canal":false,"a_verif":false,"motif_ver":"","cle":"osm:w1102962889","revue":{"statut":"a_revoir"}}},{"type":"Feature","geometry":{"type":"Polygon","coordinates":[[[4.174654,43.71824],[4.174951,43.718328],[4.175056,43.718127],[4.174762,43.718045],[4.174654,43.71824]]]},"properties":{"id_pk":"PK_30123_022","nom":null,"insee":"30123","commune":"Gallargues-le-Montueux","source":"osm","id_source":"w1267708127","surf_m2":604.8,"nb_pl_est":27,"nb_pl_reel":null,"nb_places":27,"stat_auto":"prive","statut":null,"proprio":"pp","part_pub":0.0,"acces_osm":null,"payant":null,"sud_canal":false,"a_verif":false,"motif_ver":"","cle":"osm:w1267708127","revue":{"statut":"a_revoir"}}},{"type":"Feature","geometry":{"type":"Polygon","coordinates":[[[4.177008,43.717549],[4.176614,43.717147],[4.176551,43.71724],[4.176766,43.717463],[4.176925,43.717628],[4.177008,43.717549]]]},"properties":{"id_pk":"PK_30123_023","nom":null,"insee":"30123","commune":"Gallargues-le-Montueux","source":"osm","id_source":"w615346484","surf_m2":554.3,"nb_pl_est":25,"nb_pl_reel":null,"nb_places":25,"stat_auto":"public","statut":null,"proprio":"commune","part_pub":1.0,"acces_osm":null,"payant":null,"sud_canal":false,"a_verif":false,"motif_ver":"","cle":"osm:w615346484","revue":{"statut":"a_revoir"}}},{"type":"Feature","geometry":{"type":"Polygon","coordinates":[[[4.189753,43.722765],[4.189575,43.72267],[4.189354,43.722925],[4.189512,43.723005],[4.189753,43.722765]]]},"properties":{"id_pk":"PK_30123_024","nom":null,"insee":"30123","commune":"Gallargues-le-Montueux","source":"osm","id_source":"w225308700","surf_m2":553.9,"nb_pl_est":25,"nb_pl_reel":null,"nb_places":25,"stat_auto":"prive","statut":null,"proprio":"pm_privee","part_pub":0.0,"acces_osm":"private","payant":null,"sud_canal":false,"a_verif":false,"motif_ver":"","cle":"osm:w225308700","revue":{"statut":"a_revoir"}}},{"type":"Feature","geometry":{"type":"Polygon","coordinates":[[[4.177906,43.719541],[4.177844,43.719624],[4.17829,43.719809],[4.178373,43.71971],[4.177906,43.719541]]]},"properties":{"id_pk":"PK_30123_025","nom":null,"insee":"30123","commune":"Gallargues-le-Montueux","source":"osm","id_source":"w508136664","surf_m2":485.3,"nb_pl_est":22,"nb_pl_reel":null,"nb_places":22,"stat_auto":"public","statut":null,"proprio":"etab_public","part_pub":1.0,"acces_osm":"yes","payant":"no","sud_canal":false,"a_verif":false,"motif_ver":"","cle":"osm:w508136664","revue":{"statut":"a_revoir"}}},{"type":"Feature","geometry":{"type":"Polygon","coordinates":[[[4.177151,43.719591],[4.177175,43.719566],[4.177123,43.719549],[4.177178,43.719463],[4.177195,43.71944],[4.17714,43.719425],[4.177038,43.719397],[4.176866,43.719612],[4.177057,43.719694],[4.177151,43.719591]]]},"properties":{"id_pk":"PK_30123_026","nom":null,"insee":"30123","commune":"Gallargues-le-Montueux","source":"osm","id_source":"w332921317","surf_m2":473.6,"nb_pl_est":22,"nb_pl_reel":null,"nb_places":22,"stat_auto":"prive","statut":null,"proprio":"pm_privee","part_pub":0.0,"acces_osm":"customers","payant":"no","sud_canal":false,"a_verif":false,"motif_ver":"","cle":"osm:w332921317","revue":{"statut":"a_revoir"}}},{"type":"Feature","geometry":{"type":"Polygon","coordinates":[[[4.170374,43.721595],[4.170493,43.721638],[4.17062,43.721414],[4.170535,43.721372],[4.170447,43.721333],[4.170312,43.721573],[4.170374,43.721595]]]},"properties":{"id_pk":"PK_30123_027","nom":null,"insee":"30123","commune":"Gallargues-le-Montueux","source":"osm","id_source":"w510287608","surf_m2":455.1,"nb_pl_est":21,"nb_pl_reel":null,"nb_places":21,"stat_auto":"public","statut":null,"proprio":"domaine_public","part_pub":1.0,"acces_osm":"yes","payant":"no","sud_canal":false,"a_verif":false,"motif_ver":"","cle":"osm:w510287608","revue":{"statut":"a_revoir"}}},{"type":"Feature","geometry":{"type":"Polygon","coordinates":[[[4.173485,43.722201],[4.173498,43.722114],[4.172984,43.722057],[4.172963,43.722136],[4.173485,43.722201]]]},"properties":{"id_pk":"PK_30123_028","nom":null,"insee":"30123","commune":"Gallargues-le-Montueux","source":"osm","id_source":"w340078518","surf_m2":392.7,"nb_pl_est":19,"nb_pl_reel":null,"nb_places":19,"stat_auto":"public","statut":null,"proprio":"domaine_public","part_pub":1.0,"acces_osm":null,"payant":"no","sud_canal":false,"a_verif":false,"motif_ver":"","cle":"osm:w340078518","revue":{"statut":"a_revoir"}}},{"type":"Feature","geometry":{"type":"Polygon","coordinates":[[[4.16947,43.719522],[4.169526,43.719487],[4.169416,43.719321],[4.169262,43.719435],[4.169267,43.719516],[4.16933,43.719599],[4.16947,43.719522]]]},"properties":{"id_pk":"PK_30123_029","nom":null,"insee":"30123","commune":"Gallargues-le-Montueux","source":"osm","id_source":"w1365819500","surf_m2":373.1,"nb_pl_est":18,"nb_pl_reel":null,"nb_places":18,"stat_auto":"public","statut":null,"proprio":"commune","part_pub":1.0,"acces_osm":"yes","payant":"no","sud_canal":false,"a_verif":false,"motif_ver":"","cle":"osm:w1365819500","revue":{"statut":"a_revoir"}}},{"type":"Feature","geometry":{"type":"Polygon","coordinates":[[[4.168834,43.719359],[4.168799,43.71939],[4.16899,43.719536],[4.169078,43.719508],[4.168998,43.719321],[4.168927,43.719276],[4.168834,43.719359]]]},"properties":{"id_pk":"PK_30123_030","nom":null,"insee":"30123","commune":"Gallargues-le-Montueux","source":"osm","id_source":"w508136677","surf_m2":335.4,"nb_pl_est":16,"nb_pl_reel":null,"nb_places":16,"stat_auto":"public","statut":null,"proprio":"domaine_public","part_pub":1.0,"acces_osm":null,"payant":"no","sud_canal":false,"a_verif":false,"motif_ver":"","cle":"osm:w508136677","revue":{"statut":"a_revoir"}}},{"type":"Feature","geometry":{"type":"Polygon","coordinates":[[[4.430162,43.774696],[4.428929,43.774683],[4.428902,43.774977],[4.429865,43.774975],[4.429866,43.775482],[4.429085,43.775481],[4.429061,43.774987],[4.428911,43.774995],[4.428921,43.775648],[4.429869,43.775639],[4.429971,43.775637],[4.429961,43.776211],[4.430086,43.776214],[4.430191,43.776216],[4.430176,43.775615],[4.430068,43.775502],[4.430081,43.774973],[4.430154,43.774973],[4.430162,43.774696]]]},"properties":{"id_pk":"PK_30125_001","nom":null,"insee":"30125","commune":"Garons","source":"osm","id_source":"w217843415","surf_m2":7680.9,"nb_pl_est":209,"nb_pl_reel":null,"nb_places":209,"stat_auto":"prive","statut":null,"proprio":"pp","part_pub":0.0,"acces_osm":null,"payant":null,"sud_canal":false,"a_verif":true,"motif_ver":"grande aire sans propriétaire personne morale : vérifier le foncier","cle":"osm:w217843415","revue":{"statut":"a_revoir"}}},{"type":"Feature","geometry":{"type":"Polygon","coordinates":[[[4.420604,43.776872],[4.419673,43.776488],[4.419374,43.776856],[4.420277,43.77725],[4.420604,43.776872]]]},"properties":{"id_pk":"PK_30125_002","nom":null,"insee":"30125","commune":"Garons","source":"osm","id_source":"w1216898559","surf_m2":4150.4,"nb_pl_est":110,"nb_pl_reel":null,"nb_places":110,"stat_auto":"prive","statut":null,"proprio":"pm_privee","part_pub":0.0,"acces_osm":null,"payant":null,"sud_canal":false,"a_verif":false,"motif_ver":"","cle":"osm:w1216898559","revue":{"statut":"a_revoir"}}},{"type":"Feature","geometry":{"type":"Polygon","coordinates":[[[4.420641,43.774608],[4.419865,43.774303],[4.41969,43.774286],[4.419422,43.774673],[4.419642,43.774743],[4.419774,43.774537],[4.419858,43.774416],[4.419953,43.774396],[4.42012,43.77446],[4.420136,43.774527],[4.420079,43.774602],[4.420303,43.774687],[4.420157,43.774888],[4.420148,43.774938],[4.420336,43.775],[4.420641,43.774608]]]},"properties":{"id_pk":"PK_30125_003","nom":null,"insee":"30125","commune":"Garons","source":"osm","id_source":"w1216898551","surf_m2":2520.1,"nb_pl_est":66,"nb_pl_reel":null,"nb_places":66,"stat_auto":"prive","statut":null,"proprio":"sem","part_pub":0.0,"acces_osm":null,"payant":null,"sud_canal":false,"a_verif":false,"motif_ver":"","cle":"osm:w1216898551","revue":{"statut":"a_revoir"}}},{"type":"Feature","geometry":{"type":"Polygon","coordinates":[[[4.426388,43.773887],[4.426462,43.773891],[4.426536,43.773848],[4.426551,43.773805],[4.426471,43.7738],[4.426037,43.77377],[4.425957,43.773765],[4.425864,43.77375],[4.425882,43.773355],[4.425882,43.773299],[4.425889,43.773234],[4.426067,43.773222],[4.426064,43.773185],[4.426156,43.773182],[4.426174,43.773025],[4.426099,43.773024],[4.426104,43.772978],[4.425815,43.77298],[4.425805,43.77302],[4.42574,43.77302],[4.425733,43.773845],[4.425801,43.773845],[4.425787,43.773895],[4.42638,43.773939],[4.426384,43.773923],[4.426388,43.773887]]]},"properties":{"id_pk":"PK_30125_004","nom":null,"insee":"30125","commune":"Garons","source":"osm","id_source":"w945239587","surf_m2":2441.7,"nb_pl_est":64,"nb_pl_reel":null,"nb_places":64,"stat_auto":"prive","statut":null,"proprio":"pp","part_pub":0.0,"acces_osm":null,"payant":null,"sud_canal":false,"a_verif":false,"motif_ver":"","cle":"osm:w945239587","revue":{"statut":"a_revoir"}}},{"type":"Feature","geometry":{"type":"Polygon","coordinates":[[[4.426916,43.76378],[4.426771,43.76352],[4.426412,43.763555],[4.425956,43.763857],[4.425919,43.763927],[4.426138,43.763985],[4.426289,43.763745],[4.426528,43.76383],[4.426507,43.763865],[4.426825,43.763954],[4.426916,43.76378]]]},"properties":{"id_pk":"PK_30125_005","nom":null,"insee":"30125","commune":"Garons","source":"osm","id_source":"w168833139","surf_m2":2114.4,"nb_pl_est":57,"nb_pl_reel":null,"nb_places":57,"stat_auto":"prive","statut":null,"proprio":"pm_privee","part_pub":0.06,"acces_osm":"customers","payant":"no","sud_canal":false,"a_verif":false,"motif_ver":"","cle":"osm:w168833139","revue":{"statut":"a_revoir"}}},{"type":"Feature","geometry":{"type":"Polygon","coordinates":[[[4.434231,43.771684],[4.434239,43.771452],[4.434134,43.770892],[4.434036,43.77082],[4.433891,43.770835],[4.433891,43.771041],[4.433998,43.771568],[4.434231,43.771684]]]},"properties":{"id_pk":"PK_30125_006","nom":null,"insee":"30125","commune":"Garons","source":"osm","id_source":"w155416937","surf_m2":1826.6,"nb_pl_est":53,"nb_pl_reel":null,"nb_places":53,"stat_auto":"public","statut":null,"proprio":"commune","part_pub":1.0,"acces_osm":null,"payant":null,"sud_canal":false,"a_verif":false,"motif_ver":"","cle":"osm:w155416937","revue":{"statut":"a_revoir"}}},{"type":"Feature","geometry":{"type":"Polygon","coordinates":[[[4.433038,43.7736],[4.433436,43.773616],[4.433441,43.773562],[4.43347,43.773564],[4.433532,43.773566],[4.433594,43.773569],[4.43359,43.773623],[4.434146,43.773644],[4.434148,43.773505],[4.434091,43.773503],[4.434089,43.773551],[4.433864,43.773543],[4.433882,43.773262],[4.433818,43.773261],[4.433825,43.773194],[4.433633,43.773188],[4.433625,43.773265],[4.433761,43.773271],[4.433744,43.773484],[4.43306,43.773456],[4.433058,43.7735],[4.433031,43.773499],[4.433023,43.773595],[4.433038,43.7736]]]},"properties":{"id_pk":"PK_30125_007","nom":"Parking privé","insee":"30125","commune":"Garons","source":"osm","id_source":"w1091549787","surf_m2":1627.1,"nb_pl_est":50,"nb_pl_reel":null,"nb_places":50,"stat_auto":"prive","statut":null,"proprio":"pm_privee","part_pub":0.0,"acces_osm":null,"payant":null,"sud_canal":false,"a_verif":false,"motif_ver":"","cle":"osm:w1091549787","revue":{"statut":"a_revoir"}}},{"type":"Feature","geometry":{"type":"Polygon","coordinates":[[[4.428718,43.774452],[4.428074,43.77444],[4.428064,43.774568],[4.428997,43.774603],[4.429002,43.774421],[4.428723,43.774413],[4.428718,43.774452]]]},"properties":{"id_pk":"PK_30125_008","nom":null,"insee":"30125","commune":"Garons","source":"osm","id_source":"w171059542","surf_m2":1235.4,"nb_pl_est":43,"nb_pl_reel":null,"nb_places":43,"stat_auto":"prive","statut":null,"proprio":"pm_privee","part_pub":0.0,"acces_osm":null,"payant":null,"sud_canal":false,"a_verif":false,"motif_ver":"","cle":"osm:w171059542","revue":{"statut":"a_revoir"}}},{"type":"Feature","geometry":{"type":"Polygon","coordinates":[[[4.423843,43.774511],[4.423559,43.774405],[4.423548,43.774411],[4.423535,43.774414],[4.423518,43.774407],[4.423514,43.774401],[4.423513,43.774385],[4.423426,43.774353],[4.423301,43.774511],[4.423589,43.774816],[4.423843,43.774511]]]},"properties":{"id_pk":"PK_30125_009","nom":null,"insee":"30125","commune":"Garons","source":"osm","id_source":"w1216898565","surf_m2":1115.8,"nb_pl_est":41,"nb_pl_reel":null,"nb_places":41,"stat_auto":"prive","statut":null,"proprio":"pm_privee","part_pub":0.0,"acces_osm":null,"payant":null,"sud_canal":false,"a_verif":false,"motif_ver":"","cle":"osm:w1216898565","revue":{"statut":"a_revoir"}}},{"type":"Feature","geometry":{"type":"Polygon","coordinates":[[[4.420926,43.775007],[4.421087,43.774801],[4.420697,43.774642],[4.42065,43.774646],[4.420504,43.774846],[4.420926,43.775007]]]},"properties":{"id_pk":"PK_30125_010","nom":null,"insee":"30125","commune":"Garons","source":"osm","id_source":"w1216898550","surf_m2":1034.9,"nb_pl_est":39,"nb_pl_reel":null,"nb_places":39,"stat_auto":"prive","statut":null,"proprio":"pm_privee","part_pub":0.0,"acces_osm":null,"payant":null,"sud_canal":false,"a_verif":false,"motif_ver":"","cle":"osm:w1216898550","revue":{"statut":"a_revoir"}}},{"type":"Feature","geometry":{"type":"Polygon","coordinates":[[[4.422668,43.770038],[4.422252,43.770031],[4.422331,43.7701],[4.42231,43.770203],[4.422217,43.770205],[4.422196,43.770323],[4.422609,43.770348],[4.422668,43.770038]]]},"properties":{"id_pk":"PK_30125_011","nom":null,"insee":"30125","commune":"Garons","source":"osm","id_source":"w755536418","surf_m2":1011.4,"nb_pl_est":39,"nb_pl_reel":null,"nb_places":39,"stat_auto":"public","statut":null,"proprio":"commune","part_pub":1.0,"acces_osm":null,"payant":null,"sud_canal":false,"a_verif":false,"motif_ver":"","cle":"osm:w755536418","revue":{"statut":"a_revoir"}}},{"type":"Feature","geometry":{"type":"Polygon","coordinates":[[[4.433328,43.757567],[4.434127,43.757695],[4.434312,43.757614],[4.433573,43.757463],[4.433328,43.757567]]]},"properties":{"id_pk":"PK_30125_012","nom":null,"insee":"30125","commune":"Garons","source":"osm","id_source":"w1423049310","surf_m2":905.8,"nb_pl_est":36,"nb_pl_reel":null,"nb_places":36,"stat_auto":"prive","statut":null,"proprio":"pm_privee","part_pub":0.0,"acces_osm":"yes","payant":null,"sud_canal":false,"a_verif":true,"motif_ver":"foncier privé mais accès OSM « yes »","cle":"osm:w1423049310","revue":{"statut":"a_revoir"}}},{"type":"Feature","geometry":{"type":"Polygon","coordinates":[[[4.435945,43.766268],[4.436095,43.766253],[4.436087,43.766243],[4.436132,43.766217],[4.435731,43.76575],[4.435647,43.765813],[4.435709,43.765884],[4.435663,43.765909],[4.435945,43.766268]]]},"properties":{"id_pk":"PK_30125_013","nom":null,"insee":"30125","commune":"Garons","source":"osm","id_source":"w680594238","surf_m2":832.6,"nb_pl_est":34,"nb_pl_reel":null,"nb_places":34,"stat_auto":"prive","statut":null,"proprio":"hlm","part_pub":0.02,"acces_osm":"private","payant":null,"sud_canal":false,"a_verif":false,"motif_ver":"","cle":"osm:w680594238","revue":{"statut":"a_revoir"}}},{"type":"Feature","geometry":{"type":"Polygon","coordinates":[[[4.425893,43.771043],[4.425896,43.770966],[4.425132,43.770879],[4.425099,43.77103],[4.425893,43.771043]]]},"properties":{"id_pk":"PK_30125_014","nom":null,"insee":"30125","commune":"Garons","source":"osm","id_source":"w588489843","surf_m2":804.9,"nb_pl_est":33,"nb_pl_reel":null,"nb_places":33,"stat_auto":"public","statut":null,"proprio":"commune","part_pub":1.0,"acces_osm":null,"payant":null,"sud_canal":false,"a_verif":false,"motif_ver":"","cle":"osm:w588489843","revue":{"statut":"a_revoir"}}},{"type":"Feature","geometry":{"type":"Polygon","coordinates":[[[4.430892,43.768817],[4.43096,43.768703],[4.430814,43.768657],[4.430844,43.768606],[4.430828,43.7686],[4.43089,43.768497],[4.430875,43.768491],[4.430904,43.768441],[4.43089,43.768436],[4.430957,43.768327],[4.431025,43.76835],[4.431035,43.768338],[4.43111,43.768361],[4.431103,43.768373],[4.431171,43.768393],[4.431179,43.768382],[4.431254,43.768406],[4.431275,43.768367],[4.430904,43.76825],[4.430735,43.76863],[4.430732,43.768708],[4.430731,43.768795],[4.430892,43.768817]]]},"properties":{"id_pk":"PK_30125_015","nom":null,"insee":"30125","commune":"Garons","source":"osm","id_source":"w945239586","surf_m2":685.4,"nb_pl_est":29,"nb_pl_reel":null,"nb_places":29,"stat_auto":"prive","statut":null,"proprio":"pm_privee","part_pub":0.2,"acces_osm":null,"payant":null,"sud_canal":false,"a_verif":false,"motif_ver":"","cle":"osm:w945239586","revue":{"statut":"a_revoir"}}},{"type":"Feature","geometry":{"type":"Polygon","coordinates":[[[4.424868,43.770982],[4.424849,43.771039],[4.42491,43.771049],[4.425016,43.770752],[4.424756,43.770702],[4.424717,43.770744],[4.424765,43.770839],[4.424783,43.770901],[4.424772,43.770965],[4.424868,43.770982]]]},"properties":{"id_pk":"PK_30125_016","nom":null,"insee":"30125","commune":"Garons","source":"osm","id_source":"w130796394","surf_m2":533.0,"nb_pl_est":24,"nb_pl_reel":null,"nb_places":24,"stat_auto":"public","statut":null,"proprio":"commune","part_pub":1.0,"acces_osm":null,"payant":null,"sud_canal":false,"a_verif":false,"motif_ver":"","cle":"osm:w130796394","revue":{"statut":"a_revoir"}}},{"type":"Feature","geometry":{"type":"Polygon","coordinates":[[[4.4327,43.771569],[4.432555,43.771285],[4.432373,43.771335],[4.432507,43.771587],[4.4327,43.771569]]]},"properties":{"id_pk":"PK_30125_017","nom":"Boulodrome","insee":"30125","commune":"Garons","source":"osm","id_source":"w155416946","surf_m2":493.5,"nb_pl_est":23,"nb_pl_reel":null,"nb_places":23,"stat_auto":"public","statut":null,"proprio":"commune","part_pub":1.0,"acces_osm":null,"payant":null,"sud_canal":false,"a_verif":false,"motif_ver":"","cle":"osm:w155416946","revue":{"statut":"a_revoir"}}},{"type":"Feature","geometry":{"type":"Polygon","coordinates":[[[4.423203,43.769283],[4.423148,43.769254],[4.423087,43.769248],[4.423053,43.769401],[4.423,43.769395],[4.422949,43.769368],[4.422907,43.769411],[4.422925,43.769481],[4.422985,43.769512],[4.42316,43.769502],[4.423203,43.769283]]]},"properties":{"id_pk":"PK_30125_018","nom":null,"insee":"30125","commune":"Garons","source":"osm","id_source":"w795478710","surf_m2":406.6,"nb_pl_est":19,"nb_pl_reel":null,"nb_places":19,"stat_auto":"public","statut":null,"proprio":"commune","part_pub":1.0,"acces_osm":null,"payant":null,"sud_canal":false,"a_verif":false,"motif_ver":"","cle":"osm:w795478710","revue":{"statut":"a_revoir"}}},{"type":"Feature","geometry":{"type":"Polygon","coordinates":[[[4.431363,43.768296],[4.430895,43.768142],[4.430862,43.768182],[4.431339,43.768335],[4.431363,43.768296]]]},"properties":{"id_pk":"PK_30125_019","nom":null,"insee":"30125","commune":"Garons","source":"osm","id_source":"w1103304991","surf_m2":203.7,"nb_pl_est":10,"nb_pl_reel":null,"nb_places":10,"stat_auto":"public","statut":null,"proprio":"domaine_public","part_pub":1.0,"acces_osm":null,"payant":null,"sud_canal":false,"a_verif":true,"motif_ver":"capacité proche du seuil de 10 places","cle":"osm:w1103304991","revue":{"statut":"a_revoir"}}},{"type":"Feature","geometry":{"type":"Polygon","coordinates":[[[4.428251,43.766085],[4.428298,43.765988],[4.428106,43.765932],[4.42805,43.766028],[4.428251,43.766085]]]},"properties":{"id_pk":"PK_30125_020","nom":null,"insee":"30125","commune":"Garons","source":"osm","id_source":"w680594245","surf_m2":195.6,"nb_pl_est":10,"nb_pl_reel":null,"nb_places":10,"stat_auto":"public","statut":null,"proprio":"domaine_public","part_pub":1.0,"acces_osm":null,"payant":null,"sud_canal":false,"a_verif":true,"motif_ver":"capacité proche du seuil de 10 places","cle":"osm:w680594245","revue":{"statut":"a_revoir"}}},{"type":"Feature","geometry":{"type":"Polygon","coordinates":[[[4.348528,43.729468],[4.348557,43.729635],[4.348879,43.729657],[4.348973,43.72938],[4.348993,43.72925],[4.348887,43.729214],[4.348746,43.729192],[4.348636,43.729203],[4.348635,43.729346],[4.34854,43.729343],[4.348528,43.729468]]]},"properties":{"id_pk":"PK_30128_001","nom":null,"insee":"30128","commune":"Générac","source":"osm","id_source":"w564152121","surf_m2":1488.0,"nb_pl_est":48,"nb_pl_reel":null,"nb_places":48,"stat_auto":"prive","statut":null,"proprio":"pp","part_pub":0.0,"acces_osm":"yes","payant":"no","sud_canal":false,"a_verif":true,"motif_ver":"foncier privé mais accès OSM « yes »","cle":"osm:w564152121","revue":{"statut":"a_revoir"}}},{"type":"Feature","geometry":{"type":"Polygon","coordinates":[[[4.349808,43.726619],[4.34983,43.726601],[4.350016,43.726444],[4.349606,43.726233],[4.349451,43.726442],[4.349808,43.726619]]]},"properties":{"id_pk":"PK_30128_002","nom":null,"insee":"30128","commune":"Générac","source":"osm","id_source":"w99353603","surf_m2":977.0,"nb_pl_est":38,"nb_pl_reel":null,"nb_places":38,"stat_auto":"prive","statut":null,"proprio":"pp","part_pub":0.0,"acces_osm":"yes","payant":"no","sud_canal":false,"a_verif":true,"motif_ver":"foncier privé mais accès OSM « yes »","cle":"osm:w99353603","revue":{"statut":"a_revoir"}}},{"type":"Feature","geometry":{"type":"Polygon","coordinates":[[[4.349618,43.726805],[4.349803,43.726639],[4.349387,43.726456],[4.349247,43.726682],[4.349618,43.726805]]]},"properties":{"id_pk":"PK_30128_003","nom":null,"insee":"30128","commune":"Générac","source":"osm","id_source":"w211356553","surf_m2":912.0,"nb_pl_est":36,"nb_pl_reel":null,"nb_places":36,"stat_auto":"prive","statut":null,"proprio":"pp","part_pub":0.01,"acces_osm":"private","payant":null,"sud_canal":false,"a_verif":false,"motif_ver":"","cle":"osm:w211356553","revue":{"statut":"a_revoir"}}},{"type":"Feature","geometry":{"type":"Polygon","coordinates":[[[4.345222,43.729239],[4.345231,43.729115],[4.344692,43.72906],[4.344713,43.729198],[4.345222,43.729239]]]},"properties":{"id_pk":"PK_30128_004","nom":null,"insee":"30128","commune":"Générac","source":"osm","id_source":"w1095399964","surf_m2":613.1,"nb_pl_est":27,"nb_pl_reel":null,"nb_places":27,"stat_auto":"prive","statut":null,"proprio":"pp","part_pub":0.04,"acces_osm":"yes","payant":"no","sud_canal":false,"a_verif":true,"motif_ver":"foncier privé mais accès OSM « yes »","cle":"osm:w1095399964","revue":{"statut":"a_revoir"}}},{"type":"Feature","geometry":{"type":"Polygon","coordinates":[[[4.347618,43.726021],[4.347679,43.726031],[4.347699,43.726034],[4.347974,43.726078],[4.348038,43.726069],[4.348081,43.725957],[4.348066,43.725956],[4.347958,43.725954],[4.347957,43.725892],[4.347896,43.725889],[4.347614,43.725892],[4.347618,43.726021]]]},"properties":{"id_pk":"PK_30128_005","nom":null,"insee":"30128","commune":"Générac","source":"osm","id_source":"w563958652","surf_m2":590.7,"nb_pl_est":26,"nb_pl_reel":null,"nb_places":26,"stat_auto":"prive","statut":null,"proprio":"pp","part_pub":0.0,"acces_osm":"yes","payant":"no","sud_canal":false,"a_verif":true,"motif_ver":"foncier privé mais accès OSM « yes »","cle":"osm:w563958652","revue":{"statut":"a_revoir"}}},{"type":"Feature","geometry":{"type":"Polygon","coordinates":[[[4.34835,43.729174],[4.348507,43.729162],[4.348705,43.729134],[4.348741,43.729104],[4.34875,43.729069],[4.348744,43.729017],[4.348719,43.728975],[4.348342,43.729032],[4.34835,43.729174]]]},"properties":{"id_pk":"PK_30128_006","nom":null,"insee":"30128","commune":"Générac","source":"osm","id_source":"w307457703","surf_m2":539.6,"nb_pl_est":24,"nb_pl_reel":null,"nb_places":24,"stat_auto":"public","statut":null,"proprio":"domaine_public","part_pub":1.0,"acces_osm":"yes","payant":"no","sud_canal":false,"a_verif":false,"motif_ver":"","cle":"osm:w307457703","revue":{"statut":"a_revoir"}}},{"type":"Feature","geometry":{"type":"Polygon","coordinates":[[[4.343937,43.732618],[4.344017,43.732547],[4.34371,43.732364],[4.34363,43.732435],[4.343937,43.732618]]]},"properties":{"id_pk":"PK_30128_007","nom":null,"insee":"30128","commune":"Générac","source":"osm","id_source":"w1408667572","surf_m2":325.8,"nb_pl_est":16,"nb_pl_reel":null,"nb_places":16,"stat_auto":"prive","statut":null,"proprio":"pp","part_pub":0.0,"acces_osm":"yes","payant":"no","sud_canal":false,"a_verif":true,"motif_ver":"foncier privé mais accès OSM « yes »","cle":"osm:w1408667572","revue":{"statut":"a_revoir"}}},{"type":"Feature","geometry":{"type":"Polygon","coordinates":[[[4.340752,43.729879],[4.341552,43.729675],[4.34156,43.729646],[4.341012,43.729787],[4.340723,43.729861],[4.340752,43.729879]]]},"properties":{"id_pk":"PK_30128_008","nom":null,"insee":"30128","commune":"Générac","source":"osm","id_source":"w972576257","surf_m2":190.5,"nb_pl_est":10,"nb_pl_reel":null,"nb_places":10,"stat_auto":"prive","statut":null,"proprio":"pp","part_pub":0.0,"acces_osm":null,"payant":null,"sud_canal":false,"a_verif":true,"motif_ver":"capacité proche du seuil de 10 places","cle":"osm:w972576257","revue":{"statut":"a_revoir"}}},{"type":"Feature","geometry":{"type":"Polygon","coordinates":[[[4.241435,43.80853],[4.241422,43.808575],[4.241907,43.808681],[4.242085,43.808263],[4.241831,43.808205],[4.241806,43.808267],[4.241773,43.808261],[4.241744,43.808244],[4.241736,43.808206],[4.241778,43.808112],[4.241734,43.808102],[4.241774,43.808007],[4.241794,43.807981],[4.24183,43.807987],[4.241849,43.807944],[4.241873,43.807932],[4.241957,43.807943],[4.241983,43.80789],[4.242515,43.808011],[4.242365,43.808337],[4.24267,43.808405],[4.242833,43.807969],[4.242382,43.807733],[4.241995,43.807654],[4.242038,43.807546],[4.241854,43.807427],[4.241702,43.807764],[4.241767,43.80778],[4.241711,43.807914],[4.24165,43.807899],[4.241536,43.808162],[4.241598,43.808181],[4.241472,43.808411],[4.241396,43.808406],[4.241371,43.80852],[4.241435,43.80853]]]},"properties":{"id_pk":"PK_30138_001","nom":null,"insee":"30138","commune":"Langlade","source":"osm","id_source":"w159681868","surf_m2":5976.1,"nb_pl_est":160,"nb_pl_reel":null,"nb_places":130,"stat_auto":"prive","statut":null,"proprio":"pm_privee","part_pub":0.0,"acces_osm":"customers","payant":"no","sud_canal":false,"a_verif":false,"motif_ver":"","cle":"osm:w159681868","revue":{"statut":"a_revoir"}}},{"type":"Feature","geometry":{"type":"Polygon","coordinates":[[[4.246819,43.806413],[4.2468,43.806276],[4.246468,43.806299],[4.246456,43.806207],[4.245872,43.806248],[4.245903,43.806478],[4.246819,43.806413]]]},"properties":{"id_pk":"PK_30138_002","nom":null,"insee":"30138","commune":"Langlade","source":"osm","id_source":"w1086190638","surf_m2":1625.3,"nb_pl_est":50,"nb_pl_reel":null,"nb_places":50,"stat_auto":"public","statut":null,"proprio":"commune","part_pub":0.96,"acces_osm":"yes","payant":"no","sud_canal":false,"a_verif":false,"motif_ver":"","cle":"osm:w1086190638","revue":{"statut":"a_revoir"}}},{"type":"Feature","geometry":{"type":"Polygon","coordinates":[[[4.246459,43.805926],[4.246541,43.805718],[4.246553,43.805701],[4.247119,43.805783],[4.247144,43.805704],[4.247143,43.805587],[4.246578,43.80551],[4.246563,43.805587],[4.246245,43.805862],[4.246459,43.805926]]]},"properties":{"id_pk":"PK_30138_003","nom":null,"insee":"30138","commune":"Langlade","source":"osm","id_source":"w191440371","surf_m2":1402.3,"nb_pl_est":47,"nb_pl_reel":null,"nb_places":47,"stat_auto":"public","statut":null,"proprio":"commune","part_pub":0.54,"acces_osm":"customers","payant":"no","sud_canal":false,"a_verif":true,"motif_ver":"foncier public mais accès OSM « customers »","cle":"osm:w191440371","revue":{"statut":"a_revoir"}}},{"type":"Feature","geometry":{"type":"Polygon","coordinates":[[[4.250366,43.804321,-1000.0],[4.25011,43.804303,-1000.0],[4.249997,43.804478,-1000.0],[4.250268,43.804494,-1000.0],[4.250366,43.804321,-1000.0]]]},"properties":{"id_pk":"PK_30138_004","nom":null,"insee":"30138","commune":"Langlade","source":"bdtopo","id_source":"EQ_RESEA0000002488547102","surf_m2":427.9,"nb_pl_est":20,"nb_pl_reel":null,"nb_places":20,"stat_auto":"public","statut":null,"proprio":"commune","part_pub":1.0,"acces_osm":null,"payant":null,"sud_canal":false,"a_verif":true,"motif_ver":"absent d'OSM (BD TOPO seule)","cle":"bdtopo:EQ_RESEA0000002488547102","revue":{"statut":"a_revoir"}}},{"type":"Feature","geometry":{"type":"Polygon","coordinates":[[[4.503082,43.923047],[4.503121,43.923204],[4.503322,43.923193],[4.503265,43.923023],[4.503214,43.922894],[4.503151,43.922868],[4.502912,43.922896],[4.50287,43.922736],[4.503076,43.922676],[4.503008,43.9224],[4.502945,43.922403],[4.502912,43.922297],[4.50284,43.922039],[4.503032,43.922002],[4.502936,43.92092],[4.502018,43.920981],[4.50197,43.920996],[4.501991,43.921541],[4.501991,43.921698],[4.501919,43.921765],[4.501665,43.921901],[4.501593,43.921944],[4.501569,43.922002],[4.501581,43.922133],[4.501937,43.923273],[4.503082,43.923047]]]},"properties":{"id_pk":"PK_30145_001","nom":null,"insee":"30145","commune":"Lédenon","source":"osm","id_source":"w1243131912","surf_m2":23483.5,"nb_pl_est":663,"nb_pl_reel":null,"nb_places":663,"stat_auto":"prive","statut":null,"proprio":"pp","part_pub":0.02,"acces_osm":null,"payant":null,"sud_canal":false,"a_verif":true,"motif_ver":"grande aire sans propriétaire personne morale : vérifier le foncier","cle":"osm:w1243131912","revue":{"statut":"a_revoir"}}},{"type":"Feature","geometry":{"type":"Polygon","coordinates":[[[4.51816,43.887435],[4.519167,43.887601],[4.51912,43.887439],[4.519053,43.887265],[4.518946,43.887051],[4.518916,43.887056],[4.518884,43.887],[4.518905,43.886981],[4.518887,43.886942],[4.517967,43.886848],[4.51816,43.887435]]]},"properties":{"id_pk":"PK_30145_002","nom":null,"insee":"30145","commune":"Lédenon","source":"osm","id_source":"w750615583","surf_m2":5169.7,"nb_pl_est":138,"nb_pl_reel":null,"nb_places":138,"stat_auto":"prive","statut":null,"proprio":"pp","part_pub":0.0,"acces_osm":null,"payant":null,"sud_canal":false,"a_verif":true,"motif_ver":"grande aire sans propriétaire personne morale : vérifier le foncier","cle":"osm:w750615583","revue":{"statut":"a_revoir"}}},{"type":"Feature","geometry":{"type":"Polygon","coordinates":[[[4.527127,43.889195],[4.527214,43.889143],[4.527322,43.888886],[4.526486,43.888773],[4.526433,43.889161],[4.527127,43.889195]]]},"properties":{"id_pk":"PK_30145_003","nom":null,"insee":"30145","commune":"Lédenon","source":"osm","id_source":"w1307433642","surf_m2":2538.1,"nb_pl_est":67,"nb_pl_reel":null,"nb_places":67,"stat_auto":"prive","statut":null,"proprio":"pp","part_pub":0.0,"acces_osm":"private","payant":null,"sud_canal":false,"a_verif":false,"motif_ver":"","cle":"osm:w1307433642","revue":{"statut":"a_revoir"}}},{"type":"Feature","geometry":{"type":"Polygon","coordinates":[[[4.533728,43.902681],[4.533817,43.902633],[4.534065,43.902666],[4.533974,43.902719],[4.534717,43.902811],[4.534814,43.902758],[4.534835,43.902687],[4.534836,43.902635],[4.53329,43.902456],[4.53332,43.902581],[4.533237,43.902628],[4.533728,43.902681]]]},"properties":{"id_pk":"PK_30145_004","nom":null,"insee":"30145","commune":"Lédenon","source":"osm","id_source":"w216981443","surf_m2":2327.7,"nb_pl_est":61,"nb_pl_reel":null,"nb_places":56,"stat_auto":"public","statut":null,"proprio":"domaine_public","part_pub":1.0,"acces_osm":null,"payant":"no","sud_canal":false,"a_verif":false,"motif_ver":"","cle":"osm:w216981443","revue":{"statut":"a_revoir"}}},{"type":"Feature","geometry":{"type":"Polygon","coordinates":[[[4.503197,43.921399],[4.503242,43.921409],[4.503258,43.921459],[4.503361,43.921446],[4.503336,43.921385],[4.5034,43.921379],[4.5033,43.921045],[4.503254,43.920893],[4.503261,43.92085],[4.503271,43.92079],[4.5034,43.920602],[4.50359,43.920331],[4.503519,43.920304],[4.503416,43.920448],[4.503308,43.920413],[4.503136,43.920667],[4.503093,43.920741],[4.503077,43.920815],[4.503079,43.920963],[4.503124,43.921406],[4.503197,43.921399]]]},"properties":{"id_pk":"PK_30145_005","nom":null,"insee":"30145","commune":"Lédenon","source":"osm","id_source":"w1243131910","surf_m2":2055.7,"nb_pl_est":56,"nb_pl_reel":null,"nb_places":56,"stat_auto":"prive","statut":null,"proprio":"pp","part_pub":0.08,"acces_osm":null,"payant":null,"sud_canal":false,"a_verif":false,"motif_ver":"","cle":"osm:w1243131910","revue":{"statut":"a_revoir"}}},{"type":"Feature","geometry":{"type":"Polygon","coordinates":[[[4.531027,43.90122],[4.530935,43.901121],[4.530888,43.901087],[4.530959,43.901048],[4.530417,43.90097],[4.530351,43.901033],[4.530189,43.901017],[4.530222,43.900967],[4.529765,43.900902],[4.529693,43.900957],[4.529595,43.900997],[4.529698,43.901019],[4.529753,43.901081],[4.531027,43.90122]]]},"properties":{"id_pk":"PK_30145_006","nom":null,"insee":"30145","commune":"Lédenon","source":"osm","id_source":"w216981442","surf_m2":1851.9,"nb_pl_est":54,"nb_pl_reel":null,"nb_places":56,"stat_auto":"public","statut":null,"proprio":"domaine_public","part_pub":1.0,"acces_osm":"yes","payant":"no","sud_canal":false,"a_verif":false,"motif_ver":"","cle":"osm:w216981442","revue":{"statut":"a_revoir"}}},{"type":"Feature","geometry":{"type":"Polygon","coordinates":[[[4.533329,43.902344],[4.533261,43.902406],[4.533256,43.90243],[4.535041,43.902642],[4.535048,43.902603],[4.534804,43.902574],[4.534808,43.902517],[4.534807,43.902485],[4.534075,43.902406],[4.533341,43.902321],[4.533329,43.902344]]]},"properties":{"id_pk":"PK_30145_007","nom":null,"insee":"30145","commune":"Lédenon","source":"osm","id_source":"w435273426","surf_m2":1735.9,"nb_pl_est":52,"nb_pl_reel":null,"nb_places":52,"stat_auto":"public","statut":null,"proprio":"domaine_public","part_pub":1.0,"acces_osm":null,"payant":"no","sud_canal":false,"a_verif":false,"motif_ver":"","cle":"osm:w435273426","revue":{"statut":"a_revoir"}}},{"type":"Feature","geometry":{"type":"Polygon","coordinates":[[[4.531077,43.901393],[4.53109,43.901334],[4.5311,43.901286],[4.52946,43.901107],[4.52945,43.901154],[4.529438,43.901214],[4.531077,43.901393]]]},"properties":{"id_pk":"PK_30145_008","nom":null,"insee":"30145","commune":"Lédenon","source":"osm","id_source":"w252059128","surf_m2":1598.7,"nb_pl_est":50,"nb_pl_reel":null,"nb_places":50,"stat_auto":"public","statut":null,"proprio":"domaine_public","part_pub":1.0,"acces_osm":"yes","payant":"no","sud_canal":false,"a_verif":false,"motif_ver":"","cle":"osm:w252059128","revue":{"statut":"a_revoir"}}},{"type":"Feature","geometry":{"type":"Polygon","coordinates":[[[4.501519,43.923571],[4.50124,43.922921],[4.501161,43.922923],[4.501071,43.922926],[4.501079,43.922992],[4.501147,43.923564],[4.501519,43.923571]]]},"properties":{"id_pk":"PK_30145_009","nom":null,"insee":"30145","commune":"Lédenon","source":"osm","id_source":"w1243131908","surf_m2":1554.9,"nb_pl_est":49,"nb_pl_reel":null,"nb_places":49,"stat_auto":"prive","statut":null,"proprio":"pp","part_pub":0.0,"acces_osm":null,"payant":null,"sud_canal":false,"a_verif":false,"motif_ver":"","cle":"osm:w1243131908","revue":{"statut":"a_revoir"}}},{"type":"Feature","geometry":{"type":"Polygon","coordinates":[[[4.509586,43.915244],[4.509326,43.915191],[4.509239,43.915298],[4.509154,43.915444],[4.509496,43.915509],[4.509586,43.915244]]]},"properties":{"id_pk":"PK_30145_010","nom":null,"insee":"30145","commune":"Lédenon","source":"osm","id_source":"w1092127551","surf_m2":782.1,"nb_pl_est":32,"nb_pl_reel":null,"nb_places":32,"stat_auto":"prive","statut":null,"proprio":"pp","part_pub":0.0,"acces_osm":"yes","payant":null,"sud_canal":false,"a_verif":true,"motif_ver":"foncier privé mais accès OSM « yes »","cle":"osm:w1092127551","revue":{"statut":"a_revoir"}}},{"type":"Feature","geometry":{"type":"Polygon","coordinates":[[[4.511159,43.914876],[4.510994,43.914826],[4.510871,43.914862],[4.510802,43.91494],[4.510803,43.91498],[4.510828,43.915011],[4.510876,43.915039],[4.511035,43.915087],[4.511159,43.914876]]]},"properties":{"id_pk":"PK_30145_011","nom":null,"insee":"30145","commune":"Lédenon","source":"osm","id_source":"w286221757","surf_m2":530.8,"nb_pl_est":24,"nb_pl_reel":null,"nb_places":24,"stat_auto":"prive","statut":null,"proprio":"pp","part_pub":0.0,"acces_osm":"yes","payant":"no","sud_canal":false,"a_verif":true,"motif_ver":"foncier privé mais accès OSM « yes »","cle":"osm:w286221757","revue":{"statut":"a_revoir"}}},{"type":"Feature","geometry":{"type":"Polygon","coordinates":[[[4.504447,43.816826],[4.504959,43.81682],[4.504994,43.81664],[4.505035,43.816597],[4.505176,43.816426],[4.505191,43.816415],[4.505206,43.816411],[4.505265,43.816414],[4.505279,43.816411],[4.50529,43.816405],[4.505449,43.816284],[4.505434,43.816237],[4.505429,43.8159],[4.505338,43.8159],[4.505344,43.816102],[4.505344,43.816135],[4.504424,43.816149],[4.504447,43.816826]]]},"properties":{"id_pk":"PK_30155_001","nom":"Parking Courte Durée","insee":"30155","commune":"Manduel","source":"osm","id_source":"w759143959","surf_m2":4755.1,"nb_pl_est":127,"nb_pl_reel":null,"nb_places":127,"stat_auto":"public","statut":null,"proprio":"etab_public","part_pub":1.0,"acces_osm":null,"payant":null,"sud_canal":false,"a_verif":false,"motif_ver":"","cle":"osm:w759143959","revue":{"statut":"a_revoir"}}},{"type":"Feature","geometry":{"type":"Polygon","coordinates":[[[4.468819,43.821701],[4.468869,43.82147],[4.468721,43.821458],[4.468765,43.821238],[4.468808,43.821065],[4.468815,43.820969],[4.468317,43.820944],[4.468287,43.821296],[4.468108,43.821285],[4.468091,43.821516],[4.467908,43.821507],[4.467899,43.821659],[4.468819,43.821701]]]},"properties":{"id_pk":"PK_30155_002","nom":null,"insee":"30155","commune":"Manduel","source":"osm","id_source":"w680603017","surf_m2":4188.0,"nb_pl_est":111,"nb_pl_reel":null,"nb_places":111,"stat_auto":"prive","statut":null,"proprio":"pm_privee","part_pub":0.01,"acces_osm":null,"payant":null,"sud_canal":false,"a_verif":false,"motif_ver":"","cle":"osm:w680603017","revue":{"statut":"a_revoir"}}},{"type":"Feature","geometry":{"type":"Polygon","coordinates":[[[4.504393,43.81557],[4.504408,43.815594],[4.504417,43.816116],[4.505344,43.816102],[4.505338,43.8159],[4.505328,43.815853],[4.5053,43.815822],[4.505005,43.815628],[4.504917,43.815568],[4.504869,43.815548],[4.504834,43.815538],[4.504783,43.815533],[4.504343,43.815539],[4.504393,43.81557]]]},"properties":{"id_pk":"PK_30155_003","nom":"Parking Loueurs","insee":"30155","commune":"Manduel","source":"osm","id_source":"w759143960","surf_m2":4098.0,"nb_pl_est":109,"nb_pl_reel":null,"nb_places":109,"stat_auto":"public","statut":null,"proprio":"etab_public","part_pub":1.0,"acces_osm":null,"payant":null,"sud_canal":false,"a_verif":false,"motif_ver":"","cle":"osm:w759143960","revue":{"statut":"a_revoir"}}},{"type":"Feature","geometry":{"type":"Polygon","coordinates":[[[4.473978,43.809866],[4.473971,43.8097],[4.473913,43.809548],[4.473833,43.809336],[4.473992,43.809234],[4.473917,43.809203],[4.473615,43.809065],[4.473603,43.808912],[4.47349,43.808848],[4.473467,43.80981],[4.473467,43.809836],[4.473978,43.809866]]]},"properties":{"id_pk":"PK_30155_004","nom":null,"insee":"30155","commune":"Manduel","source":"osm","id_source":"w1090858424","surf_m2":3151.9,"nb_pl_est":83,"nb_pl_reel":null,"nb_places":83,"stat_auto":"public","statut":null,"proprio":"commune","part_pub":1.0,"acces_osm":null,"payant":null,"sud_canal":false,"a_verif":false,"motif_ver":"","cle":"osm:w1090858424","revue":{"statut":"a_revoir"}}},{"type":"Feature","geometry":{"type":"Polygon","coordinates":[[[4.472936,43.821676],[4.473182,43.821613],[4.473221,43.821568],[4.473223,43.821526],[4.473034,43.820978],[4.47288,43.820897],[4.472683,43.820954],[4.472936,43.821676]]]},"properties":{"id_pk":"PK_30155_005","nom":null,"insee":"30155","commune":"Manduel","source":"osm","id_source":"w680603016","surf_m2":2139.6,"nb_pl_est":57,"nb_pl_reel":null,"nb_places":57,"stat_auto":"public","statut":null,"proprio":"commune","part_pub":1.0,"acces_osm":null,"payant":null,"sud_canal":false,"a_verif":false,"motif_ver":"","cle":"osm:w680603016","revue":{"statut":"a_revoir"}}},{"type":"Feature","geometry":{"type":"Polygon","coordinates":[[[4.472087,43.813944],[4.471661,43.813942],[4.471657,43.814389],[4.472084,43.814391],[4.472087,43.813944]]]},"properties":{"id_pk":"PK_30155_006","nom":null,"insee":"30155","commune":"Manduel","source":"osm","id_source":"w934215932","surf_m2":1705.8,"nb_pl_est":51,"nb_pl_reel":null,"nb_places":51,"stat_auto":"public","statut":null,"proprio":"commune","part_pub":1.0,"acces_osm":"permissive","payant":null,"sud_canal":false,"a_verif":false,"motif_ver":"","cle":"osm:w934215932","revue":{"statut":"a_revoir"}}},{"type":"Feature","geometry":{"type":"Polygon","coordinates":[[[4.471633,43.813962],[4.471332,43.813956],[4.471293,43.813988],[4.471257,43.813974],[4.470902,43.814299],[4.471616,43.814316],[4.471633,43.813962]]]},"properties":{"id_pk":"PK_30155_007","nom":null,"insee":"30155","commune":"Manduel","source":"osm","id_source":"w934215931","surf_m2":1678.4,"nb_pl_est":51,"nb_pl_reel":null,"nb_places":51,"stat_auto":"public","statut":null,"proprio":"commune","part_pub":1.0,"acces_osm":"yes","payant":null,"sud_canal":false,"a_verif":false,"motif_ver":"","cle":"osm:w934215931","revue":{"statut":"a_revoir"}}},{"type":"Feature","geometry":{"type":"Polygon","coordinates":[[[4.472951,43.814412],[4.473461,43.814424],[4.47343,43.814311],[4.473288,43.814311],[4.4733,43.814081],[4.473439,43.81408],[4.473442,43.813974],[4.472948,43.813974],[4.472951,43.814412]]]},"properties":{"id_pk":"PK_30155_008","nom":null,"insee":"30155","commune":"Manduel","source":"osm","id_source":"w1413864292","surf_m2":1653.5,"nb_pl_est":51,"nb_pl_reel":null,"nb_places":51,"stat_auto":"public","statut":null,"proprio":"commune","part_pub":1.0,"acces_osm":null,"payant":null,"sud_canal":false,"a_verif":false,"motif_ver":"","cle":"osm:w1413864292","revue":{"statut":"a_revoir"}}},{"type":"Feature","geometry":{"type":"Polygon","coordinates":[[[4.472857,43.820827],[4.472845,43.820716],[4.47285,43.820166],[4.472561,43.82017],[4.472562,43.820407],[4.472606,43.820862],[4.472857,43.820827]]]},"properties":{"id_pk":"PK_30155_009","nom":null,"insee":"30155","commune":"Manduel","source":"osm","id_source":"w680603015","surf_m2":1650.3,"nb_pl_est":51,"nb_pl_reel":null,"nb_places":51,"stat_auto":"mixte","statut":null,"proprio":"pp","part_pub":0.42,"acces_osm":null,"payant":null,"sud_canal":false,"a_verif":true,"motif_ver":"foncier mixte (42% public)","cle":"osm:w680603015","revue":{"statut":"a_revoir"}}},{"type":"Feature","geometry":{"type":"Polygon","coordinates":[[[4.492699,43.820828],[4.492937,43.820797],[4.492408,43.820111],[4.492279,43.820177],[4.49239,43.82052],[4.492699,43.820828]]]},"properties":{"id_pk":"PK_30155_010","nom":null,"insee":"30155","commune":"Manduel","source":"osm","id_source":"w902095979","surf_m2":1620.8,"nb_pl_est":50,"nb_pl_reel":null,"nb_places":50,"stat_auto":"public","statut":null,"proprio":"commune","part_pub":1.0,"acces_osm":null,"payant":null,"sud_canal":false,"a_verif":false,"motif_ver":"","cle":"osm:w902095979","revue":{"statut":"a_revoir"}}},{"type":"Feature","geometry":{"type":"Polygon","coordinates":[[[4.477099,43.820576],[4.477063,43.820411],[4.476263,43.820513],[4.476339,43.820743],[4.477099,43.820576]]]},"properties":{"id_pk":"PK_30155_011","nom":null,"insee":"30155","commune":"Manduel","source":"osm","id_source":"w931831514","surf_m2":1445.0,"nb_pl_est":47,"nb_pl_reel":null,"nb_places":47,"stat_auto":"public","statut":null,"proprio":"commune","part_pub":1.0,"acces_osm":null,"payant":null,"sud_canal":false,"a_verif":false,"motif_ver":"","cle":"osm:w931831514","revue":{"statut":"a_revoir"}}},{"type":"Feature","geometry":{"type":"Polygon","coordinates":[[[4.487549,43.817686],[4.488068,43.817468],[4.487892,43.817253],[4.487829,43.81728],[4.487814,43.817265],[4.487443,43.817428],[4.487352,43.817468],[4.487549,43.817686]]]},"properties":{"id_pk":"PK_30155_012","nom":null,"insee":"30155","commune":"Manduel","source":"osm","id_source":"w1011329826","surf_m2":1425.8,"nb_pl_est":47,"nb_pl_reel":null,"nb_places":47,"stat_auto":"public","statut":null,"proprio":"departement","part_pub":1.0,"acces_osm":"private","payant":null,"sud_canal":false,"a_verif":true,"motif_ver":"foncier public mais accès OSM « private »","cle":"osm:w1011329826","revue":{"statut":"a_revoir"}}},{"type":"Feature","geometry":{"type":"Polygon","coordinates":[[[4.486519,43.816142],[4.486623,43.816108],[4.486677,43.816083],[4.486768,43.815962],[4.486741,43.815907],[4.486723,43.815887],[4.486616,43.815818],[4.486547,43.815803],[4.486504,43.815823],[4.486454,43.815847],[4.486406,43.815869],[4.486214,43.815951],[4.486181,43.816017],[4.486345,43.816176],[4.486519,43.816142]]]},"properties":{"id_pk":"PK_30155_013","nom":null,"insee":"30155","commune":"Manduel","source":"osm","id_source":"w956507641","surf_m2":1225.0,"nb_pl_est":43,"nb_pl_reel":null,"nb_places":43,"stat_auto":"prive","statut":null,"proprio":"hlm","part_pub":0.0,"acces_osm":"private","payant":null,"sud_canal":false,"a_verif":false,"motif_ver":"","cle":"osm:w956507641","revue":{"statut":"a_revoir"}}},{"type":"Feature","geometry":{"type":"Polygon","coordinates":[[[4.4606,43.819861],[4.46059,43.819808],[4.460741,43.819791],[4.460712,43.819683],[4.460341,43.819724],[4.460352,43.819776],[4.460313,43.819778],[4.460301,43.819731],[4.460069,43.819766],[4.46007,43.819911],[4.4606,43.819861]]]},"properties":{"id_pk":"PK_30155_014","nom":null,"insee":"30155","commune":"Manduel","source":"osm","id_source":"w956518517","surf_m2":853.5,"nb_pl_est":34,"nb_pl_reel":null,"nb_places":34,"stat_auto":"prive","statut":null,"proprio":"hlm","part_pub":0.0,"acces_osm":"private","payant":null,"sud_canal":false,"a_verif":false,"motif_ver":"","cle":"osm:w956518517","revue":{"statut":"a_revoir"}}},{"type":"Feature","geometry":{"type":"Polygon","coordinates":[[[4.471434,43.813811],[4.471585,43.813838],[4.472056,43.813837],[4.472056,43.81369],[4.471562,43.813691],[4.471434,43.813811]]]},"properties":{"id_pk":"PK_30155_015","nom":null,"insee":"30155","commune":"Manduel","source":"osm","id_source":"w934215933","surf_m2":732.5,"nb_pl_est":31,"nb_pl_reel":null,"nb_places":31,"stat_auto":"prive","statut":null,"proprio":"pp","part_pub":0.0,"acces_osm":"yes","payant":null,"sud_canal":false,"a_verif":true,"motif_ver":"foncier privé mais accès OSM « yes »","cle":"osm:w934215933","revue":{"statut":"a_revoir"}}},{"type":"Feature","geometry":{"type":"Polygon","coordinates":[[[4.466227,43.81657],[4.466292,43.816672],[4.466623,43.816649],[4.466886,43.81675],[4.467061,43.816742],[4.467083,43.816716],[4.466598,43.816552],[4.466551,43.816553],[4.466579,43.816585],[4.466561,43.816593],[4.466509,43.816557],[4.466343,43.816593],[4.466279,43.816545],[4.466227,43.81657]]]},"properties":{"id_pk":"PK_30155_016","nom":null,"insee":"30155","commune":"Manduel","source":"osm","id_source":"w956507656","surf_m2":631.7,"nb_pl_est":27,"nb_pl_reel":null,"nb_places":27,"stat_auto":"prive","statut":null,"proprio":"pm_privee","part_pub":0.12,"acces_osm":null,"payant":null,"sud_canal":false,"a_verif":false,"motif_ver":"","cle":"osm:w956507656","revue":{"statut":"a_revoir"}}},{"type":"Feature","geometry":{"type":"Polygon","coordinates":[[[4.462139,43.815771],[4.462224,43.815633],[4.461957,43.815526],[4.461743,43.815636],[4.462102,43.815786],[4.462139,43.815771]]]},"properties":{"id_pk":"PK_30155_017","nom":null,"insee":"30155","commune":"Manduel","source":"osm","id_source":"w1090858415","surf_m2":578.1,"nb_pl_est":26,"nb_pl_reel":null,"nb_places":26,"stat_auto":"prive","statut":null,"proprio":"pm_privee","part_pub":0.0,"acces_osm":null,"payant":null,"sud_canal":false,"a_verif":false,"motif_ver":"","cle":"osm:w1090858415","revue":{"statut":"a_revoir"}}},{"type":"Feature","geometry":{"type":"Polygon","coordinates":[[[4.479404,43.82595],[4.479591,43.825983],[4.479627,43.825903],[4.479443,43.825759],[4.479239,43.825821],[4.479329,43.82596],[4.479404,43.82595]]]},"properties":{"id_pk":"PK_30155_018","nom":null,"insee":"30155","commune":"Manduel","source":"osm","id_source":"w1090858398","surf_m2":467.9,"nb_pl_est":22,"nb_pl_reel":null,"nb_places":22,"stat_auto":"public","statut":null,"proprio":"etab_public","part_pub":1.0,"acces_osm":"yes","payant":null,"sud_canal":false,"a_verif":false,"motif_ver":"","cle":"osm:w1090858398","revue":{"statut":"a_revoir"}}},{"type":"Feature","geometry":{"type":"Polygon","coordinates":[[[4.473225,43.818795],[4.473051,43.818803],[4.473056,43.818895],[4.472999,43.8189],[4.473015,43.818965],[4.473066,43.81897],[4.473295,43.818988],[4.473288,43.818792],[4.473225,43.818795]]]},"properties":{"id_pk":"PK_30155_019","nom":"Place Saint-Genest","insee":"30155","commune":"Manduel","source":"osm","id_source":"w48316086","surf_m2":414.2,"nb_pl_est":19,"nb_pl_reel":null,"nb_places":19,"stat_auto":"public","statut":null,"proprio":"domaine_public","part_pub":0.96,"acces_osm":null,"payant":null,"sud_canal":false,"a_verif":false,"motif_ver":"","cle":"osm:w48316086","revue":{"statut":"a_revoir"}}},{"type":"Feature","geometry":{"type":"Polygon","coordinates":[[[4.442782,43.866451],[4.442932,43.86619],[4.44301,43.866196],[4.443159,43.866245],[4.443524,43.866338],[4.443606,43.866421],[4.443651,43.866461],[4.443395,43.866986],[4.443783,43.867126],[4.443721,43.867281],[4.443887,43.867321],[4.444134,43.866718],[4.444144,43.866566],[4.444054,43.866531],[4.44393,43.866425],[4.443747,43.866246],[4.443024,43.866046],[4.442622,43.865995],[4.442484,43.866297],[4.442666,43.866421],[4.442782,43.866451]]]},"properties":{"id_pk":"PK_30156_001","nom":null,"insee":"30156","commune":"Marguerittes","source":"osm","id_source":"w1090860703","surf_m2":6164.1,"nb_pl_est":166,"nb_pl_reel":null,"nb_places":166,"stat_auto":"prive","statut":null,"proprio":"pp","part_pub":0.0,"acces_osm":"customers","payant":"no","sud_canal":false,"a_verif":true,"motif_ver":"grande aire sans propriétaire personne morale : vérifier le foncier","cle":"osm:w1090860703","revue":{"statut":"a_revoir"}}},{"type":"Feature","geometry":{"type":"Polygon","coordinates":[[[4.432317,43.859923],[4.432361,43.859887],[4.432394,43.859891],[4.432444,43.859898],[4.432686,43.859936],[4.432882,43.859243],[4.432098,43.859148],[4.432043,43.859381],[4.431934,43.859865],[4.432317,43.859923]]]},"properties":{"id_pk":"PK_30156_002","nom":null,"insee":"30156","commune":"Marguerittes","source":"osm","id_source":"w957240234","surf_m2":4982.3,"nb_pl_est":133,"nb_pl_reel":null,"nb_places":133,"stat_auto":"prive","statut":null,"proprio":"pm_privee","part_pub":0.0,"acces_osm":"customers","payant":"no","sud_canal":false,"a_verif":false,"motif_ver":"","cle":"osm:w957240234","revue":{"statut":"a_revoir"}}},{"type":"Feature","geometry":{"type":"Polygon","coordinates":[[[4.460113,43.843929],[4.459655,43.843863],[4.459097,43.844809],[4.459651,43.844929],[4.460113,43.843929]]]},"properties":{"id_pk":"PK_30156_003","nom":null,"insee":"30156","commune":"Marguerittes","source":"osm","id_source":"w291923235","surf_m2":4826.9,"nb_pl_est":129,"nb_pl_reel":null,"nb_places":129,"stat_auto":"prive","statut":null,"proprio":"pp","part_pub":0.0,"acces_osm":"customers","payant":null,"sud_canal":false,"a_verif":true,"motif_ver":"grande aire sans propriétaire personne morale : vérifier le foncier","cle":"osm:w291923235","revue":{"statut":"a_revoir"}}},{"type":"Feature","geometry":{"type":"Polygon","coordinates":[[[4.43637,43.863933],[4.436427,43.863956],[4.436388,43.864017],[4.436471,43.864046],[4.436438,43.864102],[4.436641,43.864163],[4.436669,43.864122],[4.437215,43.864297],[4.437353,43.864344],[4.437184,43.864615],[4.437414,43.864696],[4.437485,43.864602],[4.437642,43.864363],[4.437462,43.8643],[4.437531,43.864189],[4.437494,43.864178],[4.437482,43.864172],[4.437472,43.864162],[4.437474,43.864146],[4.437503,43.864098],[4.436551,43.863769],[4.436533,43.863793],[4.436473,43.863773],[4.43637,43.863933]]]},"properties":{"id_pk":"PK_30156_004","nom":"Lidl","insee":"30156","commune":"Marguerittes","source":"osm","id_source":"w774757679","surf_m2":3787.5,"nb_pl_est":100,"nb_pl_reel":null,"nb_places":100,"stat_auto":"prive","statut":null,"proprio":"pm_privee","part_pub":0.0,"acces_osm":"customers","payant":"no","sud_canal":false,"a_verif":false,"motif_ver":"","cle":"osm:w774757679","revue":{"statut":"a_revoir"}}},{"type":"Feature","geometry":{"type":"Polygon","coordinates":[[[4.441664,43.866053],[4.441732,43.865495],[4.441076,43.865316],[4.440356,43.865088],[4.440321,43.865269],[4.440529,43.865341],[4.440546,43.865316],[4.440612,43.865339],[4.440596,43.865364],[4.440865,43.865455],[4.44088,43.865435],[4.440947,43.865458],[4.440935,43.865479],[4.441479,43.865664],[4.441285,43.865965],[4.441664,43.866053]]]},"properties":{"id_pk":"PK_30156_005","nom":null,"insee":"30156","commune":"Marguerittes","source":"osm","id_source":"w1090860706","surf_m2":3540.1,"nb_pl_est":93,"nb_pl_reel":null,"nb_places":93,"stat_auto":"prive","statut":null,"proprio":"pp","part_pub":0.16,"acces_osm":null,"payant":null,"sud_canal":false,"a_verif":false,"motif_ver":"","cle":"osm:w1090860706","revue":{"statut":"a_revoir"}}},{"type":"Feature","geometry":{"type":"Polygon","coordinates":[[[4.438196,43.868268],[4.438279,43.868263],[4.438379,43.868278],[4.438464,43.868349],[4.438513,43.868388],[4.438678,43.868273],[4.438589,43.8682],[4.43858,43.868152],[4.438432,43.868034],[4.438479,43.867998],[4.438518,43.86796],[4.43843,43.867906],[4.438307,43.867857],[4.438163,43.867814],[4.438055,43.867799],[4.437987,43.867797],[4.437901,43.867799],[4.437833,43.867821],[4.437782,43.867852],[4.437719,43.867926],[4.437779,43.867945],[4.437833,43.868067],[4.437827,43.868141],[4.438161,43.868394],[4.438196,43.868268]]]},"properties":{"id_pk":"PK_30156_006","nom":null,"insee":"30156","commune":"Marguerittes","source":"osm","id_source":"w478709612","surf_m2":2975.6,"nb_pl_est":78,"nb_pl_reel":null,"nb_places":78,"stat_auto":"public","statut":null,"proprio":"domaine_public","part_pub":1.0,"acces_osm":null,"payant":null,"sud_canal":false,"a_verif":false,"motif_ver":"","cle":"osm:w478709612","revue":{"statut":"a_revoir"}}},{"type":"Feature","geometry":{"type":"Polygon","coordinates":[[[4.443763,43.863746],[4.443785,43.863494],[4.443376,43.863462],[4.443248,43.863444],[4.44302,43.863419],[4.443007,43.863549],[4.442481,43.863513],[4.442464,43.863664],[4.443763,43.863746]]]},"properties":{"id_pk":"PK_30156_007","nom":null,"insee":"30156","commune":"Marguerittes","source":"osm","id_source":"w283565209","surf_m2":2520.4,"nb_pl_est":66,"nb_pl_reel":null,"nb_places":66,"stat_auto":"prive","statut":null,"proprio":"pp","part_pub":0.0,"acces_osm":"yes","payant":"no","sud_canal":false,"a_verif":true,"motif_ver":"foncier privé mais accès OSM « yes »","cle":"osm:w283565209","revue":{"statut":"a_revoir"}}},{"type":"Feature","geometry":{"type":"Polygon","coordinates":[[[4.445992,43.869256],[4.44617,43.868727],[4.445678,43.868641],[4.445499,43.86917],[4.445992,43.869256]]]},"properties":{"id_pk":"PK_30156_008","nom":null,"insee":"30156","commune":"Marguerittes","source":"osm","id_source":"w239063853","surf_m2":2464.4,"nb_pl_est":65,"nb_pl_reel":null,"nb_places":65,"stat_auto":"prive","statut":null,"proprio":"pm_privee","part_pub":0.0,"acces_osm":null,"payant":null,"sud_canal":false,"a_verif":false,"motif_ver":"","cle":"osm:w239063853","revue":{"statut":"a_revoir"}}},{"type":"Feature","geometry":{"type":"Polygon","coordinates":[[[4.441308,43.869115],[4.442778,43.869962],[4.442744,43.869754],[4.441305,43.868928],[4.441308,43.869115]]]},"properties":{"id_pk":"PK_30156_009","nom":null,"insee":"30156","commune":"Marguerittes","source":"osm","id_source":"w435273427","surf_m2":2433.9,"nb_pl_est":64,"nb_pl_reel":null,"nb_places":64,"stat_auto":"public","statut":null,"proprio":"domaine_public","part_pub":1.0,"acces_osm":null,"payant":"no","sud_canal":false,"a_verif":false,"motif_ver":"","cle":"osm:w435273427","revue":{"statut":"a_revoir"}}},{"type":"Feature","geometry":{"type":"Polygon","coordinates":[[[4.442409,43.870053],[4.442701,43.870034],[4.441241,43.869193],[4.441014,43.869204],[4.441013,43.869247],[4.442409,43.870053]]]},"properties":{"id_pk":"PK_30156_010","nom":null,"insee":"30156","commune":"Marguerittes","source":"osm","id_source":"w435273434","surf_m2":2426.5,"nb_pl_est":64,"nb_pl_reel":null,"nb_places":64,"stat_auto":"public","statut":null,"proprio":"domaine_public","part_pub":1.0,"acces_osm":null,"payant":"no","sud_canal":false,"a_verif":false,"motif_ver":"","cle":"osm:w435273434","revue":{"statut":"a_revoir"}}},{"type":"Feature","geometry":{"type":"Polygon","coordinates":[[[4.441061,43.869513],[4.442465,43.870329],[4.442696,43.870313],[4.442723,43.870293],[4.442707,43.870276],[4.441363,43.869498],[4.441061,43.869513]]]},"properties":{"id_pk":"PK_30156_011","nom":null,"insee":"30156","commune":"Marguerittes","source":"osm","id_source":"w435273439","surf_m2":2388.9,"nb_pl_est":63,"nb_pl_reel":null,"nb_places":63,"stat_auto":"public","statut":null,"proprio":"domaine_public","part_pub":1.0,"acces_osm":null,"payant":"no","sud_canal":false,"a_verif":false,"motif_ver":"","cle":"osm:w435273439","revue":{"statut":"a_revoir"}}},{"type":"Feature","geometry":{"type":"Polygon","coordinates":[[[4.450346,43.875486],[4.449691,43.875208],[4.449528,43.875147],[4.449457,43.875134],[4.448613,43.875132],[4.448611,43.875184],[4.449434,43.875182],[4.449529,43.875202],[4.449675,43.875253],[4.449734,43.875279],[4.449635,43.875391],[4.449575,43.875386],[4.449571,43.875429],[4.449581,43.875478],[4.449618,43.875526],[4.449659,43.875546],[4.449763,43.875592],[4.450131,43.875741],[4.450346,43.875486]]]},"properties":{"id_pk":"PK_30156_012","nom":null,"insee":"30156","commune":"Marguerittes","source":"osm","id_source":"w478681572","surf_m2":2345.1,"nb_pl_est":61,"nb_pl_reel":null,"nb_places":61,"stat_auto":"public","statut":null,"proprio":"domaine_public","part_pub":1.0,"acces_osm":"yes","payant":"no","sud_canal":false,"a_verif":false,"motif_ver":"","cle":"osm:w478681572","revue":{"statut":"a_revoir"}}},{"type":"Feature","geometry":{"type":"Polygon","coordinates":[[[4.452959,43.877529],[4.453231,43.87747],[4.451682,43.876829],[4.451412,43.876881],[4.452959,43.877529]]]},"properties":{"id_pk":"PK_30156_013","nom":null,"insee":"30156","commune":"Marguerittes","source":"osm","id_source":"w359180452","surf_m2":2327.4,"nb_pl_est":61,"nb_pl_reel":null,"nb_places":61,"stat_auto":"public","statut":null,"proprio":"etat","part_pub":1.0,"acces_osm":"yes","payant":"no","sud_canal":false,"a_verif":false,"motif_ver":"","cle":"osm:w359180452","revue":{"statut":"a_revoir"}}},{"type":"Feature","geometry":{"type":"Polygon","coordinates":[[[4.419471,43.856773],[4.419641,43.857013],[4.420198,43.856822],[4.420238,43.856676],[4.420262,43.856569],[4.420266,43.856537],[4.420264,43.856507],[4.420262,43.856485],[4.420262,43.856464],[4.419427,43.856755],[4.419471,43.856773]]]},"properties":{"id_pk":"PK_30156_014","nom":null,"insee":"30156","commune":"Marguerittes","source":"osm","id_source":"w316919798","surf_m2":2079.3,"nb_pl_est":56,"nb_pl_reel":null,"nb_places":56,"stat_auto":"public","statut":null,"proprio":"domaine_public","part_pub":1.0,"acces_osm":null,"payant":null,"sud_canal":false,"a_verif":false,"motif_ver":"","cle":"osm:w316919798","revue":{"statut":"a_revoir"}}},{"type":"Feature","geometry":{"type":"Polygon","coordinates":[[[4.453186,43.876881],[4.453264,43.876914],[4.453197,43.876712],[4.453134,43.876685],[4.451927,43.876181],[4.452,43.876387],[4.453186,43.876881]]]},"properties":{"id_pk":"PK_30156_015","nom":null,"insee":"30156","commune":"Marguerittes","source":"osm","id_source":"w11689920","surf_m2":1974.8,"nb_pl_est":55,"nb_pl_reel":null,"nb_places":55,"stat_auto":"public","statut":null,"proprio":"etat","part_pub":1.0,"acces_osm":"yes","payant":"no","sud_canal":false,"a_verif":false,"motif_ver":"","cle":"osm:w11689920","revue":{"statut":"a_revoir"}}},{"type":"Feature","geometry":{"type":"Polygon","coordinates":[[[4.451558,43.877205],[4.45279,43.877709],[4.4527,43.877506],[4.451489,43.877001],[4.451417,43.876971],[4.451491,43.877178],[4.451558,43.877205]]]},"properties":{"id_pk":"PK_30156_016","nom":null,"insee":"30156","commune":"Marguerittes","source":"osm","id_source":"w359180453","surf_m2":1974.1,"nb_pl_est":55,"nb_pl_reel":null,"nb_places":55,"stat_auto":"public","statut":null,"proprio":"etat","part_pub":1.0,"acces_osm":"yes","payant":"no","sud_canal":false,"a_verif":false,"motif_ver":"","cle":"osm:w359180453","revue":{"statut":"a_revoir"}}},{"type":"Feature","geometry":{"type":"Polygon","coordinates":[[[4.441022,43.869789],[4.442088,43.870412],[4.442115,43.870395],[4.442103,43.870227],[4.441003,43.869593],[4.441022,43.869789]]]},"properties":{"id_pk":"PK_30156_017","nom":null,"insee":"30156","commune":"Marguerittes","source":"osm","id_source":"w435273436","surf_m2":1852.5,"nb_pl_est":54,"nb_pl_reel":null,"nb_places":54,"stat_auto":"public","statut":null,"proprio":"domaine_public","part_pub":1.0,"acces_osm":null,"payant":"no","sud_canal":false,"a_verif":false,"motif_ver":"","cle":"osm:w435273436","revue":{"statut":"a_revoir"}}},{"type":"Feature","geometry":{"type":"Polygon","coordinates":[[[4.430764,43.873348],[4.430945,43.873335],[4.431302,43.87333],[4.431464,43.873345],[4.431454,43.873265],[4.431238,43.873016],[4.430948,43.872998],[4.430801,43.873127],[4.430639,43.873357],[4.430764,43.873348]]]},"properties":{"id_pk":"PK_30156_018","nom":null,"insee":"30156","commune":"Marguerittes","source":"osm","id_source":"w429296669","surf_m2":1747.4,"nb_pl_est":52,"nb_pl_reel":null,"nb_places":52,"stat_auto":"public","statut":null,"proprio":"commune","part_pub":1.0,"acces_osm":null,"payant":null,"sud_canal":false,"a_verif":false,"motif_ver":"","cle":"osm:w429296669","revue":{"statut":"a_revoir"}}},{"type":"Feature","geometry":{"type":"Polygon","coordinates":[[[4.420385,43.857811],[4.42051,43.857709],[4.420642,43.857772],[4.420803,43.857573],[4.420371,43.857367],[4.419973,43.857382],[4.419979,43.857469],[4.42037,43.857648],[4.420224,43.857783],[4.420385,43.857811]]]},"properties":{"id_pk":"PK_30156_019","nom":null,"insee":"30156","commune":"Marguerittes","source":"osm","id_source":"w233279516","surf_m2":1729.0,"nb_pl_est":52,"nb_pl_reel":null,"nb_places":52,"stat_auto":"prive","statut":null,"proprio":"pm_privee","part_pub":0.0,"acces_osm":"customers","payant":"no","sud_canal":false,"a_verif":false,"motif_ver":"","cle":"osm:w233279516","revue":{"statut":"a_revoir"}}},{"type":"Feature","geometry":{"type":"Polygon","coordinates":[[[4.432791,43.852383],[4.432925,43.85238],[4.433001,43.852299],[4.43307,43.851949],[4.432644,43.851931],[4.432611,43.852295],[4.432791,43.852383]]]},"properties":{"id_pk":"PK_30156_020","nom":null,"insee":"30156","commune":"Marguerittes","source":"osm","id_source":"w1095343559","surf_m2":1503.3,"nb_pl_est":48,"nb_pl_reel":null,"nb_places":30,"stat_auto":"public","statut":null,"proprio":"domaine_public","part_pub":0.99,"acces_osm":"yes","payant":"no","sud_canal":false,"a_verif":false,"motif_ver":"","cle":"osm:w1095343559","revue":{"statut":"a_revoir"}}},{"type":"Feature","geometry":{"type":"Polygon","coordinates":[[[4.439427,43.868437],[4.43992,43.868799],[4.439959,43.868827],[4.440247,43.868833],[4.440206,43.868802],[4.439523,43.868281],[4.439198,43.868262],[4.439427,43.868437]]]},"properties":{"id_pk":"PK_30156_021","nom":null,"insee":"30156","commune":"Marguerittes","source":"osm","id_source":"w435273435","surf_m2":1461.2,"nb_pl_est":48,"nb_pl_reel":null,"nb_places":48,"stat_auto":"public","statut":null,"proprio":"domaine_public","part_pub":1.0,"acces_osm":null,"payant":"no","sud_canal":false,"a_verif":false,"motif_ver":"","cle":"osm:w435273435","revue":{"statut":"a_revoir"}}},{"type":"Feature","geometry":{"type":"Polygon","coordinates":[[[4.422722,43.856939],[4.422607,43.857077],[4.422899,43.857303],[4.423179,43.857439],[4.423324,43.857279],[4.4232,43.857217],[4.423166,43.857252],[4.422993,43.857174],[4.423027,43.857135],[4.422857,43.857053],[4.423058,43.85683],[4.42295,43.856782],[4.422773,43.856963],[4.422722,43.856939]]]},"properties":{"id_pk":"PK_30156_022","nom":null,"insee":"30156","commune":"Marguerittes","source":"osm","id_source":"w316774081","surf_m2":1416.1,"nb_pl_est":47,"nb_pl_reel":null,"nb_places":47,"stat_auto":"prive","statut":null,"proprio":"pm_privee","part_pub":0.01,"acces_osm":null,"payant":null,"sud_canal":false,"a_verif":false,"motif_ver":"","cle":"osm:w316774081","revue":{"statut":"a_revoir"}}},{"type":"Feature","geometry":{"type":"Polygon","coordinates":[[[4.444808,43.867705],[4.444775,43.867679],[4.444735,43.867649],[4.444714,43.867626],[4.444699,43.867594],[4.444707,43.867568],[4.444744,43.867464],[4.444572,43.867425],[4.44459,43.867379],[4.444415,43.867342],[4.444391,43.867394],[4.444364,43.867444],[4.444341,43.867493],[4.444322,43.867541],[4.444304,43.867591],[4.444316,43.867632],[4.444352,43.86766],[4.444401,43.867682],[4.444443,43.867711],[4.444519,43.867757],[4.444577,43.86779],[4.444643,43.867811],[4.444716,43.867825],[4.444808,43.867705]]]},"properties":{"id_pk":"PK_30156_023","nom":null,"insee":"30156","commune":"Marguerittes","source":"osm","id_source":"w377447226","surf_m2":1295.5,"nb_pl_est":45,"nb_pl_reel":null,"nb_places":20,"stat_auto":"public","statut":null,"proprio":"etab_public","part_pub":1.0,"acces_osm":null,"payant":null,"sud_canal":false,"a_verif":false,"motif_ver":"","cle":"osm:w377447226","revue":{"statut":"a_revoir"}}},{"type":"Feature","geometry":{"type":"Polygon","coordinates":[[[4.448612,43.8697],[4.448715,43.869559],[4.447876,43.869288],[4.447818,43.869444],[4.448612,43.8697]]]},"properties":{"id_pk":"PK_30156_024","nom":null,"insee":"30156","commune":"Marguerittes","source":"osm","id_source":"w957240227","surf_m2":1271.6,"nb_pl_est":44,"nb_pl_reel":null,"nb_places":44,"stat_auto":"prive","statut":null,"proprio":"pm_privee","part_pub":0.02,"acces_osm":null,"payant":null,"sud_canal":false,"a_verif":false,"motif_ver":"","cle":"osm:w957240227","revue":{"statut":"a_revoir"}}},{"type":"Feature","geometry":{"type":"Polygon","coordinates":[[[4.447705,43.874455],[4.447639,43.874261],[4.446829,43.873923],[4.446897,43.874108],[4.447705,43.874455]]]},"properties":{"id_pk":"PK_30156_025","nom":null,"insee":"30156","commune":"Marguerittes","source":"osm","id_source":"w435273433","surf_m2":1166.7,"nb_pl_est":42,"nb_pl_reel":null,"nb_places":42,"stat_auto":"public","statut":null,"proprio":"domaine_public","part_pub":1.0,"acces_osm":null,"payant":"no","sud_canal":false,"a_verif":false,"motif_ver":"","cle":"osm:w435273433","revue":{"statut":"a_revoir"}}},{"type":"Feature","geometry":{"type":"Polygon","coordinates":[[[4.452882,43.877007],[4.452911,43.877019],[4.453205,43.876967],[4.453169,43.876952],[4.452443,43.876652],[4.452168,43.876706],[4.452882,43.877007]]]},"properties":{"id_pk":"PK_30156_026","nom":null,"insee":"30156","commune":"Marguerittes","source":"osm","id_source":"w435273432","surf_m2":1155.2,"nb_pl_est":42,"nb_pl_reel":null,"nb_places":42,"stat_auto":"public","statut":null,"proprio":"etat","part_pub":0.78,"acces_osm":"yes","payant":"no","sud_canal":false,"a_verif":false,"motif_ver":"","cle":"osm:w435273432","revue":{"statut":"a_revoir"}}},{"type":"Feature","geometry":{"type":"Polygon","coordinates":[[[4.442683,43.879896],[4.442683,43.879778],[4.442277,43.879744],[4.442284,43.879508],[4.442159,43.879501],[4.442058,43.879496],[4.442058,43.879829],[4.442683,43.879896]]]},"properties":{"id_pk":"PK_30156_027","nom":null,"insee":"30156","commune":"Marguerittes","source":"osm","id_source":"w99389562","surf_m2":1081.7,"nb_pl_est":40,"nb_pl_reel":null,"nb_places":40,"stat_auto":"public","statut":null,"proprio":"commune","part_pub":0.6,"acces_osm":null,"payant":null,"sud_canal":false,"a_verif":false,"motif_ver":"","cle":"osm:w99389562","revue":{"statut":"a_revoir"}}},{"type":"Feature","geometry":{"type":"Polygon","coordinates":[[[4.448462,43.8499],[4.44844,43.849838],[4.448477,43.849522],[4.448382,43.849516],[4.448311,43.84954],[4.448283,43.84962],[4.448114,43.849591],[4.448052,43.849862],[4.448462,43.8499]]]},"properties":{"id_pk":"PK_30156_028","nom":null,"insee":"30156","commune":"Marguerittes","source":"osm","id_source":"w973536951","surf_m2":1044.4,"nb_pl_est":39,"nb_pl_reel":null,"nb_places":39,"stat_auto":"prive","statut":null,"proprio":"pp","part_pub":0.0,"acces_osm":null,"payant":null,"sud_canal":false,"a_verif":false,"motif_ver":"","cle":"osm:w973536951","revue":{"statut":"a_revoir"}}},{"type":"Feature","geometry":{"type":"Polygon","coordinates":[[[4.43038,43.875223],[4.430522,43.875193],[4.430666,43.875105],[4.430096,43.874905],[4.42998,43.875073],[4.43038,43.875223]]]},"properties":{"id_pk":"PK_30156_029","nom":null,"insee":"30156","commune":"Marguerittes","source":"osm","id_source":"w184709725","surf_m2":969.7,"nb_pl_est":38,"nb_pl_reel":null,"nb_places":38,"stat_auto":"public","statut":null,"proprio":"commune","part_pub":1.0,"acces_osm":null,"payant":null,"sud_canal":false,"a_verif":false,"motif_ver":"","cle":"osm:w184709725","revue":{"statut":"a_revoir"}}},{"type":"Feature","geometry":{"type":"Polygon","coordinates":[[[4.439558,43.862646],[4.43965,43.862156],[4.439445,43.862151],[4.439424,43.862196],[4.439357,43.862624],[4.439558,43.862646]]]},"properties":{"id_pk":"PK_30156_030","nom":null,"insee":"30156","commune":"Marguerittes","source":"osm","id_source":"w283565204","surf_m2":912.0,"nb_pl_est":36,"nb_pl_reel":null,"nb_places":36,"stat_auto":"prive","statut":null,"proprio":"pp","part_pub":0.0,"acces_osm":"yes","payant":"no","sud_canal":false,"a_verif":true,"motif_ver":"foncier privé mais accès OSM « yes »","cle":"osm:w283565204","revue":{"statut":"a_revoir"}}},{"type":"Feature","geometry":{"type":"Polygon","coordinates":[[[4.447045,43.874412],[4.447667,43.874676],[4.447573,43.874469],[4.446985,43.874222],[4.447045,43.874412]]]},"properties":{"id_pk":"PK_30156_031","nom":null,"insee":"30156","commune":"Marguerittes","source":"osm","id_source":"w435273431","surf_m2":896.2,"nb_pl_est":36,"nb_pl_reel":null,"nb_places":36,"stat_auto":"public","statut":null,"proprio":"domaine_public","part_pub":1.0,"acces_osm":null,"payant":"no","sud_canal":false,"a_verif":false,"motif_ver":"","cle":"osm:w435273431","revue":{"statut":"a_revoir"}}},{"type":"Feature","geometry":{"type":"Polygon","coordinates":[[[4.450114,43.861246],[4.449907,43.861161],[4.4496,43.86107],[4.449584,43.861093],[4.449805,43.861247],[4.449751,43.861287],[4.449671,43.861354],[4.449643,43.861386],[4.44984,43.861486],[4.450114,43.861246]]]},"properties":{"id_pk":"PK_30156_032","nom":null,"insee":"30156","commune":"Marguerittes","source":"osm","id_source":"w1095409652","surf_m2":846.0,"nb_pl_est":34,"nb_pl_reel":null,"nb_places":34,"stat_auto":"prive","statut":null,"proprio":"pm_privee","part_pub":0.03,"acces_osm":null,"payant":null,"sud_canal":false,"a_verif":false,"motif_ver":"","cle":"osm:w1095409652","revue":{"statut":"a_revoir"}}},{"type":"Feature","geometry":{"type":"Polygon","coordinates":[[[4.451548,43.876769],[4.451405,43.87642],[4.451392,43.876388],[4.451115,43.876333],[4.451137,43.87638],[4.451295,43.876724],[4.451548,43.876769]]]},"properties":{"id_pk":"PK_30156_033","nom":null,"insee":"30156","commune":"Marguerittes","source":"osm","id_source":"w359180456","surf_m2":837.9,"nb_pl_est":34,"nb_pl_reel":null,"nb_places":34,"stat_auto":"public","statut":null,"proprio":"etat","part_pub":1.0,"acces_osm":"yes","payant":"no","sud_canal":false,"a_verif":false,"motif_ver":"","cle":"osm:w359180456","revue":{"statut":"a_revoir"}}},{"type":"Feature","geometry":{"type":"Polygon","coordinates":[[[4.440064,43.868605],[4.440299,43.868611],[4.439772,43.868214],[4.439548,43.868215],[4.440064,43.868605]]]},"properties":{"id_pk":"PK_30156_034","nom":null,"insee":"30156","commune":"Marguerittes","source":"osm","id_source":"w435273428","surf_m2":792.7,"nb_pl_est":33,"nb_pl_reel":null,"nb_places":33,"stat_auto":"public","statut":null,"proprio":"domaine_public","part_pub":1.0,"acces_osm":null,"payant":"no","sud_canal":false,"a_verif":false,"motif_ver":"","cle":"osm:w435273428","revue":{"statut":"a_revoir"}}},{"type":"Feature","geometry":{"type":"Polygon","coordinates":[[[4.438644,43.868768],[4.43875,43.868769],[4.438798,43.86874],[4.438802,43.868674],[4.43871,43.868602],[4.438642,43.86855],[4.43846,43.868408],[4.438459,43.868471],[4.438448,43.868533],[4.438352,43.86854],[4.438644,43.868768]]]},"properties":{"id_pk":"PK_30156_035","nom":null,"insee":"30156","commune":"Marguerittes","source":"osm","id_source":"w478709611","surf_m2":617.6,"nb_pl_est":27,"nb_pl_reel":null,"nb_places":27,"stat_auto":"public","statut":null,"proprio":"domaine_public","part_pub":1.0,"acces_osm":null,"payant":null,"sud_canal":false,"a_verif":false,"motif_ver":"","cle":"osm:w478709611","revue":{"statut":"a_revoir"}}},{"type":"Feature","geometry":{"type":"Polygon","coordinates":[[[4.447624,43.874768],[4.447379,43.874756],[4.447669,43.874987],[4.447655,43.875053],[4.447879,43.875257],[4.447902,43.875244],[4.447779,43.875132],[4.447824,43.875046],[4.447624,43.874768]]]},"properties":{"id_pk":"PK_30156_036","nom":null,"insee":"30156","commune":"Marguerittes","source":"osm","id_source":"w774162052","surf_m2":544.5,"nb_pl_est":24,"nb_pl_reel":null,"nb_places":24,"stat_auto":"public","statut":null,"proprio":"domaine_public","part_pub":1.0,"acces_osm":"private","payant":null,"sud_canal":false,"a_verif":true,"motif_ver":"foncier public mais accès OSM « private »","cle":"osm:w774162052","revue":{"statut":"a_revoir"}}},{"type":"Feature","geometry":{"type":"Polygon","coordinates":[[[4.448735,43.875565],[4.448532,43.875439],[4.448195,43.875456],[4.448375,43.875587],[4.448735,43.875565]]]},"properties":{"id_pk":"PK_30156_037","nom":null,"insee":"30156","commune":"Marguerittes","source":"osm","id_source":"w478683580","surf_m2":432.0,"nb_pl_est":20,"nb_pl_reel":null,"nb_places":20,"stat_auto":"public","statut":null,"proprio":"domaine_public","part_pub":1.0,"acces_osm":null,"payant":null,"sud_canal":false,"a_verif":false,"motif_ver":"","cle":"osm:w478683580","revue":{"statut":"a_revoir"}}},{"type":"Feature","geometry":{"type":"Polygon","coordinates":[[[4.445793,43.869472],[4.445833,43.869339],[4.445488,43.869285],[4.445448,43.869418],[4.445793,43.869472]]]},"properties":{"id_pk":"PK_30156_038","nom":null,"insee":"30156","commune":"Marguerittes","source":"osm","id_source":"w239060485","surf_m2":429.3,"nb_pl_est":20,"nb_pl_reel":null,"nb_places":20,"stat_auto":"prive","statut":null,"proprio":"pm_privee","part_pub":0.0,"acces_osm":null,"payant":null,"sud_canal":false,"a_verif":false,"motif_ver":"","cle":"osm:w239060485","revue":{"statut":"a_revoir"}}},{"type":"Feature","geometry":{"type":"Polygon","coordinates":[[[4.440338,43.86857],[4.440389,43.868538],[4.439946,43.868219],[4.439867,43.868148],[4.439735,43.868125],[4.440338,43.86857]]]},"properties":{"id_pk":"PK_30156_039","nom":null,"insee":"30156","commune":"Marguerittes","source":"osm","id_source":"w435273438","surf_m2":337.4,"nb_pl_est":16,"nb_pl_reel":null,"nb_places":16,"stat_auto":"public","statut":null,"proprio":"domaine_public","part_pub":1.0,"acces_osm":null,"payant":"no","sud_canal":false,"a_verif":false,"motif_ver":"","cle":"osm:w435273438","revue":{"statut":"a_revoir"}}},{"type":"Feature","geometry":{"type":"Polygon","coordinates":[[[4.427076,43.88039],[4.427164,43.880322],[4.426885,43.880172],[4.426924,43.88025],[4.426934,43.880348],[4.427014,43.880471],[4.427076,43.88039]]]},"properties":{"id_pk":"PK_30156_040","nom":null,"insee":"30156","commune":"Marguerittes","source":"osm","id_source":"w99373573","surf_m2":295.2,"nb_pl_est":15,"nb_pl_reel":null,"nb_places":15,"stat_auto":"public","statut":null,"proprio":"commune","part_pub":1.0,"acces_osm":null,"payant":null,"sud_canal":false,"a_verif":false,"motif_ver":"","cle":"osm:w99373573","revue":{"statut":"a_revoir"}}},{"type":"Feature","geometry":{"type":"Polygon","coordinates":[[[4.448509,43.876389],[4.448434,43.876392],[4.448503,43.876429],[4.449196,43.876782],[4.449215,43.876751],[4.448509,43.876389]]]},"properties":{"id_pk":"PK_30156_041","nom":null,"insee":"30156","commune":"Marguerittes","source":"osm","id_source":"w774162055","surf_m2":277.6,"nb_pl_est":14,"nb_pl_reel":null,"nb_places":14,"stat_auto":"public","statut":null,"proprio":"etat","part_pub":1.0,"acces_osm":null,"payant":null,"sud_canal":false,"a_verif":true,"motif_ver":"capacité proche du seuil de 10 places","cle":"osm:w774162055","revue":{"statut":"a_revoir"}}},{"type":"Feature","geometry":{"type":"Polygon","coordinates":[[[4.434017,43.858233],[4.433898,43.857773],[4.433879,43.857799],[4.433858,43.857899],[4.433916,43.858167],[4.433973,43.858231],[4.434017,43.858233]]]},"properties":{"id_pk":"PK_30156_042","nom":null,"insee":"30156","commune":"Marguerittes","source":"osm","id_source":"w957240235","surf_m2":271.6,"nb_pl_est":13,"nb_pl_reel":null,"nb_places":13,"stat_auto":"public","statut":null,"proprio":"domaine_public","part_pub":1.0,"acces_osm":null,"payant":null,"sud_canal":false,"a_verif":true,"motif_ver":"capacité proche du seuil de 10 places","cle":"osm:w957240235","revue":{"statut":"a_revoir"}}},{"type":"Feature","geometry":{"type":"Polygon","coordinates":[[[4.301351,43.783646],[4.30069,43.783322],[4.30025,43.783415],[4.300175,43.783375],[4.299705,43.783479],[4.29922,43.783545],[4.299222,43.783599],[4.299137,43.783609],[4.29917,43.783717],[4.299094,43.783842],[4.298962,43.783946],[4.298885,43.783993],[4.298888,43.784048],[4.299246,43.78431],[4.299494,43.784494],[4.299681,43.784608],[4.300201,43.784494],[4.29985,43.78431],[4.299818,43.784341],[4.299547,43.784182],[4.29948,43.784184],[4.299462,43.784071],[4.299516,43.784064],[4.300024,43.783609],[4.300416,43.783818],[4.300555,43.783667],[4.300585,43.78364],[4.3011,43.783882],[4.301351,43.783646]]]},"properties":{"id_pk":"PK_30169_001","nom":null,"insee":"30169","commune":"Milhaud","source":"osm","id_source":"w181080533","surf_m2":10029.9,"nb_pl_est":277,"nb_pl_reel":null,"nb_places":277,"stat_auto":"prive","statut":null,"proprio":"pm_privee","part_pub":0.06,"acces_osm":null,"payant":null,"sud_canal":false,"a_verif":false,"motif_ver":"","cle":"osm:w181080533","revue":{"statut":"a_revoir"}}},{"type":"Feature","geometry":{"type":"Polygon","coordinates":[[[4.298022,43.784239],[4.298302,43.784024],[4.297447,43.783458],[4.297391,43.78349],[4.297644,43.783656],[4.297516,43.783771],[4.297263,43.783963],[4.297473,43.784125],[4.297436,43.784152],[4.297802,43.784408],[4.298022,43.784239]]]},"properties":{"id_pk":"PK_30169_002","nom":null,"insee":"30169","commune":"Milhaud","source":"osm","id_source":"w1074208034","surf_m2":3831.8,"nb_pl_est":101,"nb_pl_reel":null,"nb_places":101,"stat_auto":"prive","statut":null,"proprio":"pm_privee","part_pub":0.0,"acces_osm":null,"payant":null,"sud_canal":false,"a_verif":false,"motif_ver":"","cle":"osm:w1074208034","revue":{"statut":"a_revoir"}}},{"type":"Feature","geometry":{"type":"Polygon","coordinates":[[[4.315719,43.78823],[4.316198,43.788226],[4.316195,43.788032],[4.316281,43.788032],[4.316276,43.787688],[4.316171,43.787689],[4.31617,43.787628],[4.316075,43.787629],[4.316081,43.788007],[4.315802,43.78801],[4.3158,43.787838],[4.315764,43.787822],[4.315756,43.787437],[4.315834,43.787436],[4.315829,43.787228],[4.315608,43.787231],[4.315611,43.787413],[4.315492,43.787415],[4.315497,43.787677],[4.315569,43.787676],[4.315578,43.78809],[4.315528,43.788155],[4.315719,43.78823]]]},"properties":{"id_pk":"PK_30169_003","nom":null,"insee":"30169","commune":"Milhaud","source":"osm","id_source":"w1060052558","surf_m2":3466.3,"nb_pl_est":91,"nb_pl_reel":null,"nb_places":91,"stat_auto":"prive","statut":null,"proprio":"pp","part_pub":0.0,"acces_osm":"private","payant":null,"sud_canal":false,"a_verif":false,"motif_ver":"","cle":"osm:w1060052558","revue":{"statut":"a_revoir"}}},{"type":"Feature","geometry":{"type":"Polygon","coordinates":[[[4.298761,43.784939],[4.29868,43.784892],[4.29884,43.784764],[4.298395,43.784489],[4.298618,43.784305],[4.299147,43.784648],[4.299228,43.784578],[4.298507,43.784101],[4.29823,43.784355],[4.298337,43.784572],[4.29845,43.784652],[4.29829,43.784775],[4.298659,43.785024],[4.298761,43.784939]]]},"properties":{"id_pk":"PK_30169_004","nom":null,"insee":"30169","commune":"Milhaud","source":"osm","id_source":"w183609171","surf_m2":2673.6,"nb_pl_est":70,"nb_pl_reel":null,"nb_places":70,"stat_auto":"prive","statut":null,"proprio":"pm_privee","part_pub":0.01,"acces_osm":null,"payant":null,"sud_canal":false,"a_verif":false,"motif_ver":"","cle":"osm:w183609171","revue":{"statut":"a_revoir"}}},{"type":"Feature","geometry":{"type":"Polygon","coordinates":[[[4.300421,43.785151],[4.300551,43.785041],[4.300277,43.784866],[4.300379,43.784785],[4.300355,43.784765],[4.300575,43.784593],[4.300557,43.784563],[4.300194,43.784597],[4.299789,43.78475],[4.300421,43.785151]]]},"properties":{"id_pk":"PK_30169_005","nom":null,"insee":"30169","commune":"Milhaud","source":"osm","id_source":"w547862266","surf_m2":1817.4,"nb_pl_est":53,"nb_pl_reel":null,"nb_places":53,"stat_auto":"prive","statut":null,"proprio":"pm_privee","part_pub":0.09,"acces_osm":null,"payant":null,"sud_canal":false,"a_verif":false,"motif_ver":"","cle":"osm:w547862266","revue":{"statut":"a_revoir"}}},{"type":"Feature","geometry":{"type":"Polygon","coordinates":[[[4.301906,43.789568],[4.301616,43.789294],[4.301407,43.789409],[4.30135,43.78942],[4.301281,43.789457],[4.301602,43.789742],[4.301906,43.789568]]]},"properties":{"id_pk":"PK_30169_006","nom":null,"insee":"30169","commune":"Milhaud","source":"osm","id_source":"w1172587436","surf_m2":1245.6,"nb_pl_est":44,"nb_pl_reel":null,"nb_places":44,"stat_auto":"prive","statut":null,"proprio":"hlm","part_pub":0.0,"acces_osm":null,"payant":null,"sud_canal":false,"a_verif":false,"motif_ver":"","cle":"osm:w1172587436","revue":{"statut":"a_revoir"}}},{"type":"Feature","geometry":{"type":"Polygon","coordinates":[[[4.299064,43.789481],[4.299096,43.789252],[4.298578,43.788766],[4.298534,43.788956],[4.299064,43.789481]]]},"properties":{"id_pk":"PK_30169_007","nom":null,"insee":"30169","commune":"Milhaud","source":"osm","id_source":"w216981680","surf_m2":1152.4,"nb_pl_est":42,"nb_pl_reel":null,"nb_places":42,"stat_auto":"public","statut":null,"proprio":"etat","part_pub":1.0,"acces_osm":null,"payant":"no","sud_canal":false,"a_verif":false,"motif_ver":"","cle":"osm:w216981680","revue":{"statut":"a_revoir"}}},{"type":"Feature","geometry":{"type":"Polygon","coordinates":[[[4.307403,43.783176],[4.307342,43.783345],[4.307342,43.783417],[4.30735,43.783684],[4.307408,43.784214],[4.307489,43.78421],[4.307465,43.784021],[4.307422,43.783537],[4.307418,43.783397],[4.307417,43.783343],[4.30742,43.783335],[4.307487,43.78318],[4.307575,43.783047],[4.307519,43.783027],[4.307403,43.783176]]]},"properties":{"id_pk":"PK_30169_008","nom":null,"insee":"30169","commune":"Milhaud","source":"osm","id_source":"w183204735","surf_m2":838.6,"nb_pl_est":34,"nb_pl_reel":null,"nb_places":34,"stat_auto":"public","statut":null,"proprio":"domaine_public","part_pub":0.99,"acces_osm":null,"payant":"no","sud_canal":false,"a_verif":false,"motif_ver":"","cle":"osm:w183204735","revue":{"statut":"a_revoir"}}},{"type":"Feature","geometry":{"type":"Polygon","coordinates":[[[4.299627,43.789172],[4.298349,43.787918],[4.298294,43.787917],[4.298743,43.788362],[4.298953,43.78857],[4.299168,43.788784],[4.299168,43.788804],[4.299199,43.78883],[4.29953,43.789122],[4.299627,43.789172]]]},"properties":{"id_pk":"PK_30169_009","nom":null,"insee":"30169","commune":"Milhaud","source":"osm","id_source":"w216981682","surf_m2":662.9,"nb_pl_est":28,"nb_pl_reel":null,"nb_places":38,"stat_auto":"public","statut":null,"proprio":"domaine_public","part_pub":1.0,"acces_osm":null,"payant":"no","sud_canal":false,"a_verif":false,"motif_ver":"","cle":"osm:w216981682","revue":{"statut":"a_revoir"}}},{"type":"Feature","geometry":{"type":"Polygon","coordinates":[[[4.307063,43.790737],[4.3069,43.790681],[4.306791,43.790841],[4.306778,43.790896],[4.306778,43.790934],[4.306789,43.790992],[4.306835,43.791093],[4.307063,43.790737]]]},"properties":{"id_pk":"PK_30169_010","nom":null,"insee":"30169","commune":"Milhaud","source":"osm","id_source":"w183607640","surf_m2":513.1,"nb_pl_est":23,"nb_pl_reel":null,"nb_places":23,"stat_auto":"public","statut":null,"proprio":"commune","part_pub":1.0,"acces_osm":null,"payant":null,"sud_canal":false,"a_verif":false,"motif_ver":"","cle":"osm:w183607640","revue":{"statut":"a_revoir"}}},{"type":"Feature","geometry":{"type":"Polygon","coordinates":[[[4.308959,43.791055],[4.308736,43.791195],[4.308879,43.791357],[4.309094,43.791211],[4.308959,43.791055]]]},"properties":{"id_pk":"PK_30169_011","nom":"Place Henry Bonnaud","insee":"30169","commune":"Milhaud","source":"osm","id_source":"w48650946","surf_m2":489.2,"nb_pl_est":22,"nb_pl_reel":null,"nb_places":22,"stat_auto":"public","statut":null,"proprio":"commune","part_pub":1.0,"acces_osm":null,"payant":null,"sud_canal":false,"a_verif":false,"motif_ver":"","cle":"osm:w48650946","revue":{"statut":"a_revoir"}}},{"type":"Feature","geometry":{"type":"Polygon","coordinates":[[[4.309214,43.789874],[4.309,43.789704],[4.308816,43.789795],[4.309026,43.789981],[4.309214,43.789874]]]},"properties":{"id_pk":"PK_30169_012","nom":"Place du Castellas","insee":"30169","commune":"Milhaud","source":"osm","id_source":"w185140846","surf_m2":483.0,"nb_pl_est":22,"nb_pl_reel":null,"nb_places":22,"stat_auto":"public","statut":null,"proprio":"domaine_public","part_pub":1.0,"acces_osm":null,"payant":null,"sud_canal":false,"a_verif":false,"motif_ver":"","cle":"osm:w185140846","revue":{"statut":"a_revoir"}}},{"type":"Feature","geometry":{"type":"Polygon","coordinates":[[[4.311816,43.787375],[4.311829,43.787391],[4.311819,43.787448],[4.311915,43.787451],[4.311923,43.787395],[4.311982,43.787395],[4.312011,43.787341],[4.312001,43.7873],[4.311893,43.787296],[4.311714,43.787201],[4.311593,43.787325],[4.311775,43.787416],[4.311816,43.787375]]]},"properties":{"id_pk":"PK_30169_013","nom":null,"insee":"30169","commune":"Milhaud","source":"osm","id_source":"w183199051","surf_m2":476.0,"nb_pl_est":22,"nb_pl_reel":null,"nb_places":22,"stat_auto":"public","statut":null,"proprio":"commune","part_pub":1.0,"acces_osm":null,"payant":null,"sud_canal":false,"a_verif":false,"motif_ver":"","cle":"osm:w183199051","revue":{"statut":"a_revoir"}}},{"type":"Feature","geometry":{"type":"Polygon","coordinates":[[[4.309336,43.790648],[4.309461,43.790565],[4.309147,43.790351],[4.309027,43.790433],[4.309045,43.790448],[4.309336,43.790648]]]},"properties":{"id_pk":"PK_30169_014","nom":null,"insee":"30169","commune":"Milhaud","source":"osm","id_source":"w562687712","surf_m2":468.7,"nb_pl_est":22,"nb_pl_reel":null,"nb_places":22,"stat_auto":"public","statut":null,"proprio":"domaine_public","part_pub":1.0,"acces_osm":null,"payant":null,"sud_canal":false,"a_verif":false,"motif_ver":"","cle":"osm:w562687712","revue":{"statut":"a_revoir"}}},{"type":"Feature","geometry":{"type":"Polygon","coordinates":[[[4.296965,43.788214],[4.297261,43.788608],[4.29745,43.788908],[4.297555,43.789166],[4.297653,43.78942],[4.297694,43.789466],[4.297732,43.789479],[4.297693,43.789418],[4.297588,43.789159],[4.297474,43.788898],[4.29729,43.788597],[4.297041,43.78826],[4.296986,43.78817],[4.296965,43.788214]]]},"properties":{"id_pk":"PK_30169_015","nom":null,"insee":"30169","commune":"Milhaud","source":"osm","id_source":"w435273405","surf_m2":421.0,"nb_pl_est":20,"nb_pl_reel":null,"nb_places":25,"stat_auto":"public","statut":null,"proprio":"etat","part_pub":1.0,"acces_osm":null,"payant":"no","sud_canal":false,"a_verif":false,"motif_ver":"","cle":"osm:w435273405","revue":{"statut":"a_revoir"}}},{"type":"Feature","geometry":{"type":"Polygon","coordinates":[[[4.309471,43.787038],[4.309484,43.78695],[4.309502,43.786826],[4.309394,43.786843],[4.30923,43.786956],[4.3094,43.787082],[4.309471,43.787038]]]},"properties":{"id_pk":"PK_30169_016","nom":null,"insee":"30169","commune":"Milhaud","source":"osm","id_source":"w770809732","surf_m2":355.3,"nb_pl_est":17,"nb_pl_reel":null,"nb_places":17,"stat_auto":"prive","statut":null,"proprio":"pp","part_pub":0.0,"acces_osm":null,"payant":null,"sud_canal":false,"a_verif":false,"motif_ver":"","cle":"osm:w770809732","revue":{"statut":"a_revoir"}}},{"type":"Feature","geometry":{"type":"Polygon","coordinates":[[[4.312247,43.795658],[4.312305,43.795629],[4.311966,43.795283],[4.311898,43.795318],[4.312247,43.795658]]]},"properties":{"id_pk":"PK_30169_017","nom":null,"insee":"30169","commune":"Milhaud","source":"osm","id_source":"w563906280","surf_m2":292.2,"nb_pl_est":14,"nb_pl_reel":null,"nb_places":14,"stat_auto":"public","statut":null,"proprio":"domaine_public","part_pub":1.0,"acces_osm":null,"payant":null,"sud_canal":false,"a_verif":true,"motif_ver":"capacité proche du seuil de 10 places","cle":"osm:w563906280","revue":{"statut":"a_revoir"}}},{"type":"Feature","geometry":{"type":"Polygon","coordinates":[[[4.303617,43.788453],[4.303624,43.788399],[4.303633,43.788311],[4.303422,43.788299],[4.303406,43.788441],[4.303617,43.788453]]]},"properties":{"id_pk":"PK_30169_018","nom":null,"insee":"30169","commune":"Milhaud","source":"osm","id_source":"w770698011","surf_m2":269.6,"nb_pl_est":13,"nb_pl_reel":null,"nb_places":13,"stat_auto":"public","statut":null,"proprio":"etab_public","part_pub":1.0,"acces_osm":null,"payant":"no","sud_canal":false,"a_verif":true,"motif_ver":"capacité proche du seuil de 10 places","cle":"osm:w770698011","revue":{"statut":"a_revoir"}}},{"type":"Feature","geometry":{"type":"Polygon","coordinates":[[[4.308907,43.790907],[4.309006,43.79089],[4.308735,43.79069],[4.308717,43.790664],[4.30865,43.790702],[4.308907,43.790907]]]},"properties":{"id_pk":"PK_30169_019","nom":null,"insee":"30169","commune":"Milhaud","source":"osm","id_source":"w770704021","surf_m2":213.2,"nb_pl_est":11,"nb_pl_reel":null,"nb_places":11,"stat_auto":"public","statut":null,"proprio":"domaine_public","part_pub":1.0,"acces_osm":null,"payant":null,"sud_canal":false,"a_verif":true,"motif_ver":"capacité proche du seuil de 10 places","cle":"osm:w770704021","revue":{"statut":"a_revoir"}}},{"type":"Feature","geometry":{"type":"Polygon","coordinates":[[[4.311714,43.787555],[4.311778,43.787493],[4.31139,43.787532],[4.311339,43.787602],[4.311714,43.787555]]]},"properties":{"id_pk":"PK_30169_020","nom":null,"insee":"30169","commune":"Milhaud","source":"osm","id_source":"w183199042","surf_m2":204.1,"nb_pl_est":10,"nb_pl_reel":null,"nb_places":10,"stat_auto":"public","statut":null,"proprio":"commune","part_pub":1.0,"acces_osm":null,"payant":null,"sud_canal":false,"a_verif":true,"motif_ver":"capacité proche du seuil de 10 places","cle":"osm:w183199042","revue":{"statut":"a_revoir"}}},{"type":"Feature","geometry":{"type":"Polygon","coordinates":[[[4.297555,43.787986],[4.2976,43.788049],[4.297854,43.788442],[4.297889,43.788496],[4.297941,43.788514],[4.297623,43.788035],[4.297564,43.787954],[4.297555,43.787986]]]},"properties":{"id_pk":"PK_30169_021","nom":null,"insee":"30169","commune":"Milhaud","source":"osm","id_source":"w435273421","surf_m2":169.9,"nb_pl_est":9,"nb_pl_reel":null,"nb_places":10,"stat_auto":"public","statut":null,"proprio":"etat","part_pub":1.0,"acces_osm":null,"payant":"no","sud_canal":false,"a_verif":false,"motif_ver":"","cle":"osm:w435273421","revue":{"statut":"a_revoir"}}},{"type":"Feature","geometry":{"type":"Polygon","coordinates":[[[4.200585,43.739742],[4.200596,43.739761],[4.200607,43.739773],[4.200628,43.739782],[4.200658,43.739787],[4.200742,43.739806],[4.200788,43.739821],[4.200811,43.73982],[4.200861,43.739817],[4.200957,43.73977],[4.200993,43.739673],[4.200741,43.739609],[4.200697,43.739632],[4.200691,43.739655],[4.200589,43.739654],[4.200585,43.739742]]]},"properties":{"id_pk":"PK_30185_001","nom":null,"insee":"30185","commune":"Mus","source":"osm","id_source":"w686736195","surf_m2":542.3,"nb_pl_est":24,"nb_pl_reel":null,"nb_places":24,"stat_auto":"public","statut":null,"proprio":"commune","part_pub":0.99,"acces_osm":"yes","payant":"no","sud_canal":false,"a_verif":false,"motif_ver":"","cle":"osm:w686736195","revue":{"statut":"a_revoir"}}},{"type":"Feature","geometry":{"type":"Polygon","coordinates":[[[4.23337,43.788958],[4.233467,43.788915],[4.233384,43.788696],[4.233153,43.788818],[4.233218,43.78905],[4.233196,43.789053],[4.233243,43.78923],[4.233438,43.789231],[4.23337,43.788958]]]},"properties":{"id_pk":"PK_30186_001","nom":null,"insee":"30186","commune":"Nages-et-Solorgues","source":"osm","id_source":"w470549014","surf_m2":945.5,"nb_pl_est":37,"nb_pl_reel":null,"nb_places":37,"stat_auto":"prive","statut":null,"proprio":"pp","part_pub":0.0,"acces_osm":null,"payant":null,"sud_canal":false,"a_verif":false,"motif_ver":"","cle":"osm:w470549014","revue":{"statut":"a_revoir"}}},{"type":"Feature","geometry":{"type":"Polygon","coordinates":[[[4.236472,43.787689,-1000.0],[4.23634,43.787806,-1000.0],[4.236948,43.788135,-1000.0],[4.237063,43.788046,-1000.0],[4.236472,43.787689,-1000.0]]]},"properties":{"id_pk":"PK_30186_002","nom":null,"insee":"30186","commune":"Nages-et-Solorgues","source":"bdtopo","id_source":"EQ_RESEA0000002489359215","surf_m2":933.3,"nb_pl_est":37,"nb_pl_reel":null,"nb_places":37,"stat_auto":"prive","statut":null,"proprio":"pp","part_pub":0.0,"acces_osm":null,"payant":null,"sud_canal":false,"a_verif":true,"motif_ver":"absent d'OSM (BD TOPO seule)","cle":"bdtopo:EQ_RESEA0000002489359215","revue":{"statut":"a_revoir"}}},{"type":"Feature","geometry":{"type":"Polygon","coordinates":[[[4.231201,43.791732],[4.231391,43.791567],[4.231299,43.791517],[4.231139,43.791648],[4.230988,43.791731],[4.2311,43.791861],[4.231228,43.791845],[4.231201,43.791732]]]},"properties":{"id_pk":"PK_30186_003","nom":null,"insee":"30186","commune":"Nages-et-Solorgues","source":"osm","id_source":"w1442600303","surf_m2":476.7,"nb_pl_est":22,"nb_pl_reel":null,"nb_places":18,"stat_auto":"prive","statut":null,"proprio":"pp","part_pub":0.09,"acces_osm":null,"payant":"no","sud_canal":false,"a_verif":false,"motif_ver":"","cle":"osm:w1442600303","revue":{"statut":"a_revoir"}}},{"type":"Feature","geometry":{"type":"Polygon","coordinates":[[[4.361852,43.812001],[4.361871,43.811962],[4.361904,43.811889],[4.362029,43.811916],[4.361995,43.81199],[4.362063,43.812006],[4.362089,43.811936],[4.362213,43.811958],[4.362182,43.812031],[4.362826,43.812162],[4.362857,43.812087],[4.362978,43.812119],[4.362957,43.812187],[4.36302,43.812199],[4.363046,43.812129],[4.36318,43.812158],[4.363154,43.812229],[4.363897,43.812422],[4.363969,43.812451],[4.363996,43.812496],[4.363986,43.812551],[4.36389,43.812782],[4.363824,43.812826],[4.363503,43.813649],[4.363966,43.813765],[4.36484,43.812917],[4.364859,43.812819],[4.364831,43.812529],[4.365183,43.81188],[4.365143,43.811865],[4.365067,43.811846],[4.364615,43.811726],[4.364497,43.811656],[4.364595,43.811484],[4.364207,43.81138],[4.364159,43.811488],[4.363807,43.811372],[4.363626,43.811324],[4.363495,43.811351],[4.363346,43.811301],[4.361602,43.810938],[4.361557,43.81096],[4.361178,43.810874],[4.360989,43.81087],[4.360895,43.810999],[4.360391,43.810931],[4.359676,43.810816],[4.358992,43.810699],[4.358907,43.810989],[4.358988,43.811005],[4.358986,43.811063],[4.359084,43.811078],[4.358982,43.811454],[4.358656,43.812759],[4.359919,43.812945],[4.359966,43.812778],[4.360053,43.81247],[4.360315,43.811809],[4.360362,43.811771],[4.360434,43.811737],[4.36052,43.811725],[4.361852,43.812001]]]},"properties":{"id_pk":"PK_30189_001","nom":null,"insee":"30189","commune":"Nîmes","source":"osm","id_source":"w27390389","surf_m2":73072.6,"nb_pl_est":2064,"nb_pl_reel":null,"nb_places":2064,"stat_auto":"prive","statut":null,"proprio":"pp","part_pub":0.0,"acces_osm":"customers","payant":"no","sud_canal":false,"a_verif":true,"motif_ver":"grande aire sans propriétaire personne morale : vérifier le foncier","cle":"osm:w27390389","revue":{"statut":"a_revoir"}}},{"type":"Feature","geometry":{"type":"Polygon","coordinates":[[[4.36443,43.810569],[4.364448,43.810633],[4.364508,43.810673],[4.364489,43.810719],[4.364975,43.810836],[4.364997,43.810791],[4.365127,43.810843],[4.36536,43.810584],[4.365418,43.810508],[4.365308,43.81048],[4.365337,43.810421],[4.365287,43.810408],[4.36531,43.810362],[4.365469,43.810403],[4.365543,43.810298],[4.365663,43.810146],[4.365832,43.809942],[4.365453,43.809845],[4.365611,43.809488],[4.365672,43.809366],[4.366077,43.809469],[4.366119,43.809469],[4.36616,43.809441],[4.366514,43.808968],[4.366921,43.808416],[4.367312,43.807892],[4.367244,43.807869],[4.367273,43.807826],[4.366671,43.807686],[4.366569,43.807699],[4.366406,43.807944],[4.365816,43.807809],[4.365799,43.807849],[4.365754,43.807842],[4.365664,43.807868],[4.365628,43.807929],[4.365566,43.807916],[4.365034,43.809078],[4.365091,43.809096],[4.365063,43.809161],[4.365054,43.809224],[4.365094,43.809316],[4.365089,43.809415],[4.364999,43.809588],[4.364936,43.809658],[4.364814,43.809725],[4.364749,43.809715],[4.364371,43.810553],[4.36443,43.810569]]]},"properties":{"id_pk":"PK_30189_002","nom":null,"insee":"30189","commune":"Nîmes","source":"osm","id_source":"w505013864","surf_m2":32267.0,"nb_pl_est":911,"nb_pl_reel":null,"nb_places":911,"stat_auto":"prive","statut":null,"proprio":"pp","part_pub":0.0,"acces_osm":"customers","payant":"no","sud_canal":false,"a_verif":true,"motif_ver":"grande aire sans propriétaire personne morale : vérifier le foncier","cle":"osm:w505013864","revue":{"statut":"a_revoir"}}},{"type":"Feature","geometry":{"type":"Polygon","coordinates":[[[4.391263,43.818943],[4.392207,43.818402],[4.392037,43.818262],[4.392759,43.817854],[4.393034,43.81809],[4.393795,43.817642],[4.393473,43.81734],[4.393511,43.817251],[4.393461,43.817229],[4.393421,43.817198],[4.393396,43.817163],[4.393383,43.817125],[4.393295,43.817248],[4.393232,43.817282],[4.39313,43.817312],[4.393056,43.817321],[4.392776,43.81728],[4.392483,43.817228],[4.392323,43.817215],[4.392208,43.817262],[4.392015,43.817327],[4.391864,43.817385],[4.391715,43.817476],[4.391604,43.817544],[4.391542,43.817582],[4.391428,43.817652],[4.391367,43.817689],[4.391205,43.817788],[4.391057,43.817879],[4.390919,43.817963],[4.390773,43.818052],[4.390604,43.818155],[4.390355,43.818273],[4.390323,43.818362],[4.39029,43.818574],[4.39028,43.818696],[4.390498,43.819019],[4.390576,43.819059],[4.390584,43.819063],[4.390813,43.819476],[4.391459,43.819119],[4.391263,43.818943]]]},"properties":{"id_pk":"PK_30189_003","nom":null,"insee":"30189","commune":"Nîmes","source":"osm","id_source":"w30487231","surf_m2":29115.9,"nb_pl_est":822,"nb_pl_reel":null,"nb_places":822,"stat_auto":"prive","statut":null,"proprio":"pp","part_pub":0.0,"acces_osm":"customers","payant":"no","sud_canal":false,"a_verif":true,"motif_ver":"grande aire sans propriétaire personne morale : vérifier le foncier","cle":"osm:w30487231","revue":{"statut":"a_revoir"}}},{"type":"Feature","geometry":{"type":"Polygon","coordinates":[[[4.390999,43.832144,34.6],[4.391078,43.83214,35.0],[4.390945,43.832931,35.2],[4.390828,43.833518,34.6],[4.390816,43.833626,34.6],[4.391722,43.833568,34.6],[4.391732,43.833518,34.9],[4.391745,43.833397,33.7],[4.392009,43.833029,35.0],[4.392391,43.833035,35.6],[4.39243,43.832905,35.4],[4.392606,43.832874,35.7],[4.392436,43.832233,35.2],[4.392263,43.832245,36.0],[4.392212,43.831961,35.5],[4.392439,43.83191,35.3],[4.392396,43.831818,35.1],[4.392242,43.83143,34.5],[4.392006,43.831473,34.6],[4.391968,43.831322,34.5],[4.391138,43.831441,34.8],[4.390999,43.832144,34.6]]]},"properties":{"id_pk":"PK_30189_004","nom":null,"insee":"30189","commune":"Nîmes","source":"bdtopo","id_source":"EQ_RESEA0000000027764958","surf_m2":24772.1,"nb_pl_est":700,"nb_pl_reel":null,"nb_places":700,"stat_auto":"public","statut":null,"proprio":"commune","part_pub":1.0,"acces_osm":null,"payant":null,"sud_canal":false,"a_verif":true,"motif_ver":"absent d'OSM (BD TOPO seule)","cle":"bdtopo:EQ_RESEA0000000027764958","revue":{"statut":"a_revoir"}}},{"type":"Feature","geometry":{"type":"Polygon","coordinates":[[[4.360804,43.817263],[4.361187,43.816869],[4.361326,43.816649],[4.36132,43.816471],[4.361372,43.816281],[4.361398,43.816201],[4.361406,43.816185],[4.361425,43.816173],[4.361435,43.816187],[4.361435,43.816202],[4.361415,43.816287],[4.36151,43.816301],[4.361694,43.816327],[4.361905,43.816124],[4.362017,43.816017],[4.362813,43.815254],[4.362746,43.815232],[4.362398,43.815118],[4.362137,43.815083],[4.362142,43.815043],[4.36186,43.814999],[4.36179,43.814988],[4.361367,43.814922],[4.361387,43.814832],[4.361214,43.814798],[4.361201,43.814793],[4.361197,43.814781],[4.361203,43.814752],[4.360773,43.814683],[4.360762,43.814678],[4.360755,43.814668],[4.360765,43.814625],[4.360701,43.814613],[4.360489,43.814574],[4.360275,43.815293],[4.361193,43.815432],[4.360669,43.817274],[4.360804,43.817263]]]},"properties":{"id_pk":"PK_30189_005","nom":"Stade des Costières","insee":"30189","commune":"Nîmes","source":"osm","id_source":"w27390232","surf_m2":22523.0,"nb_pl_est":636,"nb_pl_reel":null,"nb_places":636,"stat_auto":"public","statut":null,"proprio":"commune","part_pub":1.0,"acces_osm":"yes","payant":"no","sud_canal":false,"a_verif":false,"motif_ver":"","cle":"osm:w27390232","revue":{"statut":"a_revoir"}}},{"type":"Feature","geometry":{"type":"Polygon","coordinates":[[[4.320132,43.825017],[4.320271,43.825007],[4.320315,43.824585],[4.319845,43.824614],[4.319534,43.824637],[4.319423,43.824557],[4.319648,43.824412],[4.319185,43.823979],[4.319065,43.824016],[4.318837,43.824171],[4.318719,43.82426],[4.318539,43.82439],[4.318156,43.824713],[4.317988,43.824678],[4.317829,43.824934],[4.317855,43.825085],[4.317108,43.824855],[4.316929,43.825152],[4.317661,43.825362],[4.318064,43.825276],[4.318671,43.825468],[4.318996,43.825353],[4.319087,43.825283],[4.32016,43.825263],[4.320132,43.825017]]]},"properties":{"id_pk":"PK_30189_006","nom":"Parking Public","insee":"30189","commune":"Nîmes","source":"osm","id_source":"w688901575","surf_m2":21546.5,"nb_pl_est":609,"nb_pl_reel":null,"nb_places":609,"stat_auto":"prive","statut":null,"proprio":"pp","part_pub":0.18,"acces_osm":"permissive","payant":null,"sud_canal":false,"a_verif":true,"motif_ver":"foncier privé mais accès OSM « permissive » ; grande aire sans propriétaire personne morale : vérifier le foncier","cle":"osm:w688901575","revue":{"statut":"a_revoir"}}},{"type":"Feature","geometry":{"type":"Polygon","coordinates":[[[4.321581,43.80491,35.4],[4.320737,43.805309,35.4],[4.320754,43.805438,35.4],[4.322041,43.806915,35.4],[4.322378,43.806757,35.4],[4.322347,43.806724,35.5],[4.322555,43.806629,35.6],[4.322501,43.806567,35.7],[4.323059,43.806297,35.4],[4.321581,43.80491,35.4]]]},"properties":{"id_pk":"PK_30189_007","nom":null,"insee":"30189","commune":"Nîmes","source":"bdtopo","id_source":"EQ_RESEA0000000274510368","surf_m2":19335.2,"nb_pl_est":546,"nb_pl_reel":null,"nb_places":546,"stat_auto":"public","statut":null,"proprio":"commune","part_pub":1.0,"acces_osm":null,"payant":null,"sud_canal":false,"a_verif":true,"motif_ver":"absent d'OSM (BD TOPO seule)","cle":"bdtopo:EQ_RESEA0000000274510368","revue":{"statut":"a_revoir"}}},{"type":"Feature","geometry":{"type":"Polygon","coordinates":[[[4.367598,43.815449],[4.367571,43.815437],[4.367501,43.815397],[4.367129,43.815202],[4.367006,43.815345],[4.366939,43.815321],[4.366854,43.81535],[4.365536,43.814848],[4.365461,43.814806],[4.365506,43.81475],[4.366157,43.814127],[4.366198,43.814088],[4.366276,43.814062],[4.366287,43.814065],[4.366839,43.81419],[4.366817,43.814123],[4.366371,43.814023],[4.366227,43.814],[4.366166,43.81398],[4.366052,43.813951],[4.365688,43.813865],[4.365081,43.814486],[4.365027,43.814498],[4.364982,43.814492],[4.364674,43.814347],[4.364244,43.814812],[4.367166,43.815864],[4.367598,43.815449]]]},"properties":{"id_pk":"PK_30189_008","nom":null,"insee":"30189","commune":"Nîmes","source":"osm","id_source":"w141253598","surf_m2":17899.9,"nb_pl_est":506,"nb_pl_reel":null,"nb_places":506,"stat_auto":"prive","statut":null,"proprio":"pm_privee","part_pub":0.0,"acces_osm":"customers","payant":"no","sud_canal":false,"a_verif":false,"motif_ver":"","cle":"osm:w141253598","revue":{"statut":"a_revoir"}}},{"type":"Feature","geometry":{"type":"Polygon","coordinates":[[[4.342451,43.816716],[4.342515,43.816659],[4.342579,43.816695],[4.342635,43.816641],[4.342691,43.816679],[4.342563,43.816782],[4.343387,43.817272],[4.344336,43.817832],[4.344495,43.817937],[4.344525,43.817986],[4.344512,43.818059],[4.344267,43.818252],[4.344225,43.818319],[4.344244,43.81835],[4.344444,43.818468],[4.344884,43.81807],[4.344945,43.817966],[4.344932,43.81789],[4.344881,43.817817],[4.344756,43.817721],[4.344867,43.817628],[4.345035,43.817472],[4.344952,43.817397],[4.344869,43.817238],[4.34478,43.817095],[4.344747,43.817068],[4.344519,43.816987],[4.344453,43.816925],[4.344032,43.816791],[4.342958,43.816489],[4.342876,43.81658],[4.342635,43.816437],[4.342511,43.816374],[4.342263,43.816306],[4.342058,43.816482],[4.342451,43.816716]]]},"properties":{"id_pk":"PK_30189_009","nom":null,"insee":"30189","commune":"Nîmes","source":"osm","id_source":"w505004871","surf_m2":17774.6,"nb_pl_est":502,"nb_pl_reel":null,"nb_places":502,"stat_auto":"prive","statut":null,"proprio":"pp","part_pub":0.0,"acces_osm":null,"payant":null,"sud_canal":false,"a_verif":true,"motif_ver":"grande aire sans propriétaire personne morale : vérifier le foncier","cle":"osm:w505004871","revue":{"statut":"a_revoir"}}},{"type":"Feature","geometry":{"type":"Polygon","coordinates":[[[4.357849,43.81492],[4.358749,43.815059],[4.358766,43.815001],[4.359019,43.814124],[4.358723,43.814075],[4.358705,43.814067],[4.35869,43.814056],[4.358685,43.814043],[4.358722,43.81399],[4.358575,43.813949],[4.358122,43.813874],[4.358112,43.81387],[4.358115,43.81386],[4.358133,43.813828],[4.357953,43.81379],[4.357991,43.813694],[4.357723,43.813621],[4.357517,43.814256],[4.357731,43.81445],[4.357674,43.814579],[4.357544,43.814932],[4.357503,43.815046],[4.357497,43.815173],[4.357098,43.816343],[4.357074,43.816413],[4.357071,43.816488],[4.357108,43.816573],[4.357146,43.816666],[4.357332,43.816679],[4.357849,43.81492]]]},"properties":{"id_pk":"PK_30189_010","nom":null,"insee":"30189","commune":"Nîmes","source":"osm","id_source":"w157100338","surf_m2":17401.6,"nb_pl_est":492,"nb_pl_reel":null,"nb_places":492,"stat_auto":"public","statut":null,"proprio":"commune","part_pub":1.0,"acces_osm":"yes","payant":null,"sud_canal":false,"a_verif":false,"motif_ver":"","cle":"osm:w157100338","revue":{"statut":"a_revoir"}}},{"type":"Feature","geometry":{"type":"Polygon","coordinates":[[[4.338705,43.815845,37.1],[4.338801,43.815761,37.1],[4.338984,43.815864,37.1],[4.338952,43.8159,37.1],[4.33947,43.816182,36.3],[4.339077,43.816558,36.3],[4.33899,43.816638,36.3],[4.33907,43.81669,36.3],[4.339023,43.816735,36.3],[4.339201,43.816846,38.0],[4.339912,43.816237,37.9],[4.340106,43.816004,38.3],[4.340094,43.815908,37.9],[4.340001,43.815777,37.8],[4.339849,43.815684,36.8],[4.339679,43.815629,37.6],[4.339001,43.815467,37.4],[4.338057,43.815257,37.6],[4.338004,43.815257,37.5],[4.337968,43.815277,37.2],[4.337237,43.815978,38.6],[4.337233,43.816024,38.4],[4.337261,43.816069,38.5],[4.337428,43.816179,38.1],[4.338703,43.816854,38.1],[4.338845,43.816737,38.4],[4.338389,43.81648,37.9],[4.338396,43.816462,37.5],[4.338066,43.816274,38.0],[4.338034,43.816293,37.0],[4.337901,43.816223,37.6],[4.337866,43.816018,38.1],[4.337966,43.815918,37.0],[4.337995,43.815931,37.4],[4.338126,43.815799,37.6],[4.338288,43.815879,36.8],[4.338465,43.815714,37.7],[4.338705,43.815845,37.1]]]},"properties":{"id_pk":"PK_30189_011","nom":null,"insee":"30189","commune":"Nîmes","source":"bdtopo","id_source":"EQ_RESEA0000000216765883","surf_m2":17145.4,"nb_pl_est":484,"nb_pl_reel":null,"nb_places":484,"stat_auto":"prive","statut":null,"proprio":"pm_privee","part_pub":0.02,"acces_osm":null,"payant":null,"sud_canal":false,"a_verif":true,"motif_ver":"absent d'OSM (BD TOPO seule)","cle":"bdtopo:EQ_RESEA0000000216765883","revue":{"statut":"a_revoir"}}},{"type":"Feature","geometry":{"type":"Polygon","coordinates":[[[4.363176,43.816466,32.8],[4.363361,43.815839,32.8],[4.363395,43.815844,31.1],[4.364422,43.816,32.8],[4.364493,43.815762,32.4],[4.363433,43.815382,33.0],[4.363396,43.815369,32.4],[4.362857,43.815868,32.8],[4.361766,43.816834,33.5],[4.361748,43.816874,33.6],[4.361728,43.817024,34.0],[4.361768,43.817057,34.0],[4.362941,43.817248,32.9],[4.363176,43.816466,32.8]]]},"properties":{"id_pk":"PK_30189_012","nom":"Parc Relais Parnasse","insee":"30189","commune":"Nîmes","source":"bdtopo","id_source":"EQ_RESEA0000000312868256","surf_m2":16053.5,"nb_pl_est":453,"nb_pl_reel":null,"nb_places":453,"stat_auto":"public","statut":null,"proprio":"pp","part_pub":0.54,"acces_osm":null,"payant":null,"sud_canal":false,"a_verif":true,"motif_ver":"grande aire sans propriétaire personne morale : vérifier le foncier ; absent d'OSM (BD TOPO seule)","cle":"bdtopo:EQ_RESEA0000000312868256","revue":{"statut":"a_revoir"}}},{"type":"Feature","geometry":{"type":"Polygon","coordinates":[[[4.341016,43.809925,30.2],[4.341022,43.809739,30.0],[4.339432,43.80895,29.9],[4.338676,43.809381,30.7],[4.338792,43.809441,30.0],[4.338786,43.809624,30.0],[4.340253,43.810357,30.7],[4.340479,43.810451,30.7],[4.340492,43.810454,30.7],[4.341029,43.809933,30.3],[4.341016,43.809925,30.2]]]},"properties":{"id_pk":"PK_30189_013","nom":null,"insee":"30189","commune":"Nîmes","source":"bdtopo","id_source":"EQ_RESEA0000000027764978","surf_m2":16048.9,"nb_pl_est":453,"nb_pl_reel":null,"nb_places":453,"stat_auto":"public","statut":null,"proprio":"etab_public","part_pub":1.0,"acces_osm":null,"payant":null,"sud_canal":false,"a_verif":true,"motif_ver":"absent d'OSM (BD TOPO seule)","cle":"bdtopo:EQ_RESEA0000000027764978","revue":{"statut":"a_revoir"}}},{"type":"Feature","geometry":{"type":"Polygon","coordinates":[[[4.403036,43.859537],[4.403311,43.859484],[4.403422,43.859153],[4.404118,43.859272],[4.404157,43.859117],[4.40408,43.859108],[4.403967,43.858606],[4.403408,43.858663],[4.403159,43.858501],[4.402936,43.857388],[4.403913,43.857272],[4.404003,43.856995],[4.403765,43.857006],[4.403701,43.856711],[4.403667,43.856627],[4.403285,43.856604],[4.402742,43.856542],[4.402651,43.856561],[4.402624,43.856626],[4.402803,43.857538],[4.40303,43.858554],[4.403101,43.858605],[4.403222,43.858666],[4.403233,43.858739],[4.403241,43.85878],[4.403113,43.858799],[4.403084,43.858854],[4.403118,43.859014],[4.403136,43.859123],[4.403118,43.859196],[4.403013,43.85928],[4.402891,43.859342],[4.403036,43.859537]]]},"properties":{"id_pk":"PK_30189_014","nom":null,"insee":"30189","commune":"Nîmes","source":"osm","id_source":"w242017211","surf_m2":15022.6,"nb_pl_est":424,"nb_pl_reel":null,"nb_places":424,"stat_auto":"prive","statut":null,"proprio":"pm_privee","part_pub":0.0,"acces_osm":null,"payant":null,"sud_canal":false,"a_verif":false,"motif_ver":"","cle":"osm:w242017211","revue":{"statut":"a_revoir"}}},{"type":"Feature","geometry":{"type":"Polygon","coordinates":[[[4.350269,43.818451],[4.350659,43.818555],[4.352025,43.818874],[4.352103,43.818887],[4.352117,43.818849],[4.35213,43.818851],[4.352219,43.818865],[4.352224,43.818852],[4.352409,43.818295],[4.350436,43.817983],[4.349706,43.817821],[4.349417,43.817758],[4.349376,43.817821],[4.349284,43.817874],[4.349179,43.818107],[4.350269,43.818451]]]},"properties":{"id_pk":"PK_30189_015","nom":null,"insee":"30189","commune":"Nîmes","source":"osm","id_source":"w51835287","surf_m2":14638.1,"nb_pl_est":414,"nb_pl_reel":null,"nb_places":414,"stat_auto":"prive","statut":null,"proprio":"pm_privee","part_pub":0.05,"acces_osm":null,"payant":null,"sud_canal":false,"a_verif":false,"motif_ver":"","cle":"osm:w51835287","revue":{"statut":"a_revoir"}}},{"type":"Feature","geometry":{"type":"Polygon","coordinates":[[[4.349498,43.813589],[4.349608,43.813547],[4.349802,43.813496],[4.349951,43.81352],[4.350013,43.813524],[4.350182,43.813618],[4.350259,43.813697],[4.350295,43.813735],[4.35073,43.813802],[4.35097,43.812975],[4.350168,43.812849],[4.349394,43.812724],[4.349156,43.813531],[4.349498,43.813589]]]},"properties":{"id_pk":"PK_30189_016","nom":null,"insee":"30189","commune":"Nîmes","source":"osm","id_source":"w45428039","surf_m2":11352.5,"nb_pl_est":316,"nb_pl_reel":null,"nb_places":316,"stat_auto":"prive","statut":null,"proprio":"pm_privee","part_pub":0.0,"acces_osm":"customers","payant":"no","sud_canal":false,"a_verif":false,"motif_ver":"","cle":"osm:w45428039","revue":{"statut":"a_revoir"}}},{"type":"Feature","geometry":{"type":"Polygon","coordinates":[[[4.368672,43.811968],[4.36885,43.811821],[4.367982,43.811626],[4.368167,43.811227],[4.367716,43.811131],[4.367767,43.811008],[4.368218,43.81111],[4.368427,43.810619],[4.368009,43.81052],[4.367177,43.811436],[4.367291,43.811633],[4.367269,43.811781],[4.368557,43.812072],[4.368596,43.812019],[4.368672,43.811968]]]},"properties":{"id_pk":"PK_30189_017","nom":null,"insee":"30189","commune":"Nîmes","source":"osm","id_source":"w911886519","surf_m2":9693.5,"nb_pl_est":267,"nb_pl_reel":null,"nb_places":267,"stat_auto":"prive","statut":null,"proprio":"pm_privee","part_pub":0.0,"acces_osm":"customers","payant":"no","sud_canal":false,"a_verif":false,"motif_ver":"","cle":"osm:w911886519","revue":{"statut":"a_revoir"}}},{"type":"Feature","geometry":{"type":"Polygon","coordinates":[[[4.404573,43.855044],[4.404641,43.855065],[4.404878,43.85509],[4.404906,43.855117],[4.405103,43.855142],[4.405145,43.85515],[4.405168,43.855176],[4.405351,43.855198],[4.405388,43.855225],[4.405842,43.855293],[4.406179,43.854594],[4.404804,43.854282],[4.404522,43.854949],[4.404573,43.855044]]]},"properties":{"id_pk":"PK_30189_018","nom":null,"insee":"30189","commune":"Nîmes","source":"osm","id_source":"w209111841","surf_m2":9672.1,"nb_pl_est":266,"nb_pl_reel":null,"nb_places":266,"stat_auto":"public","statut":null,"proprio":"epci","part_pub":1.0,"acces_osm":"customers","payant":"no","sud_canal":false,"a_verif":true,"motif_ver":"foncier public mais accès OSM « customers »","cle":"osm:w209111841","revue":{"statut":"a_revoir"}}},{"type":"Feature","geometry":{"type":"Polygon","coordinates":[[[4.358384,43.809729],[4.358407,43.809667],[4.358456,43.809679],[4.358654,43.809106],[4.358592,43.809094],[4.358603,43.809042],[4.358134,43.809009],[4.358129,43.809028],[4.357324,43.808969],[4.357321,43.808992],[4.357278,43.808992],[4.357241,43.809007],[4.357224,43.809021],[4.357163,43.809019],[4.357155,43.809164],[4.357131,43.809164],[4.357124,43.80921],[4.357117,43.809255],[4.35718,43.809259],[4.357198,43.809272],[4.357198,43.809294],[4.357128,43.809288],[4.357093,43.809505],[4.357165,43.809509],[4.357166,43.809539],[4.357184,43.809571],[4.357241,43.809592],[4.357238,43.80964],[4.358384,43.809729]]]},"properties":{"id_pk":"PK_30189_019","nom":null,"insee":"30189","commune":"Nîmes","source":"osm","id_source":"w227126822","surf_m2":8508.7,"nb_pl_est":232,"nb_pl_reel":null,"nb_places":232,"stat_auto":"prive","statut":null,"proprio":"pm_privee","part_pub":0.0,"acces_osm":"customers","payant":null,"sud_canal":false,"a_verif":false,"motif_ver":"","cle":"osm:w227126822","revue":{"statut":"a_revoir"}}},{"type":"Feature","geometry":{"type":"Polygon","coordinates":[[[4.40563,43.859385],[4.405151,43.859154],[4.405278,43.859018],[4.404585,43.858972],[4.404411,43.859663],[4.404397,43.859812],[4.404491,43.85991],[4.404456,43.860016],[4.404865,43.860201],[4.40563,43.859385]]]},"properties":{"id_pk":"PK_30189_020","nom":null,"insee":"30189","commune":"Nîmes","source":"osm","id_source":"w1058990074","surf_m2":8280.9,"nb_pl_est":226,"nb_pl_reel":null,"nb_places":226,"stat_auto":"public","statut":null,"proprio":"etat","part_pub":1.0,"acces_osm":"private","payant":null,"sud_canal":false,"a_verif":true,"motif_ver":"foncier public mais accès OSM « private »","cle":"osm:w1058990074","revue":{"statut":"a_revoir"}}},{"type":"Feature","geometry":{"type":"Polygon","coordinates":[[[4.369044,43.812186],[4.369201,43.812226],[4.370374,43.812535],[4.370495,43.812527],[4.370575,43.812473],[4.371003,43.81145],[4.370869,43.811421],[4.370838,43.811469],[4.370805,43.811483],[4.370524,43.811426],[4.370517,43.811446],[4.370493,43.811513],[4.370723,43.811566],[4.370398,43.812318],[4.369455,43.812121],[4.369791,43.811343],[4.369943,43.811372],[4.36997,43.811318],[4.369988,43.811307],[4.369581,43.811207],[4.369553,43.811251],[4.369482,43.811227],[4.369369,43.811467],[4.369214,43.811765],[4.369006,43.812148],[4.369044,43.812186]]]},"properties":{"id_pk":"PK_30189_021","nom":null,"insee":"30189","commune":"Nîmes","source":"osm","id_source":"w356449189","surf_m2":7700.3,"nb_pl_est":209,"nb_pl_reel":null,"nb_places":209,"stat_auto":"public","statut":null,"proprio":"etab_public","part_pub":1.0,"acces_osm":"permissive","payant":null,"sud_canal":false,"a_verif":false,"motif_ver":"","cle":"osm:w356449189","revue":{"statut":"a_revoir"}}},{"type":"Feature","geometry":{"type":"Polygon","coordinates":[[[4.354782,43.816251],[4.354905,43.815873],[4.354931,43.815805],[4.355063,43.81547],[4.355798,43.815598],[4.355819,43.815544],[4.355892,43.815585],[4.355908,43.815639],[4.355857,43.815695],[4.355618,43.815842],[4.355664,43.815884],[4.355927,43.815716],[4.355984,43.815474],[4.353735,43.815139],[4.353706,43.815207],[4.354282,43.815316],[4.35414,43.815685],[4.354163,43.815794],[4.354313,43.815844],[4.354294,43.816005],[4.354644,43.816181],[4.354782,43.816251]]]},"properties":{"id_pk":"PK_30189_022","nom":null,"insee":"30189","commune":"Nîmes","source":"osm","id_source":"w157551308","surf_m2":7296.2,"nb_pl_est":198,"nb_pl_reel":null,"nb_places":198,"stat_auto":"prive","statut":null,"proprio":"pm_privee","part_pub":0.0,"acces_osm":"private","payant":"yes","sud_canal":false,"a_verif":false,"motif_ver":"","cle":"osm:w157551308","revue":{"statut":"a_revoir"}}},{"type":"Feature","geometry":{"type":"Polygon","coordinates":[[[4.373045,43.807336],[4.373005,43.807227],[4.373531,43.807116],[4.373291,43.806484],[4.372709,43.806596],[4.37275,43.80671],[4.372305,43.806803],[4.372322,43.806849],[4.372254,43.806862],[4.372295,43.80698],[4.3722,43.807007],[4.372381,43.807472],[4.373045,43.807336]]]},"properties":{"id_pk":"PK_30189_023","nom":"Parking relais A54","insee":"30189","commune":"Nîmes","source":"osm","id_source":"w187633446","surf_m2":7194.0,"nb_pl_est":195,"nb_pl_reel":null,"nb_places":195,"stat_auto":"public","statut":null,"proprio":"epci","part_pub":1.0,"acces_osm":"yes","payant":"no","sud_canal":false,"a_verif":false,"motif_ver":"","cle":"osm:w187633446","revue":{"statut":"a_revoir"}}},{"type":"Feature","geometry":{"type":"Polygon","coordinates":[[[4.394545,43.843387],[4.394645,43.843036],[4.39453,43.843019],[4.394724,43.842497],[4.394405,43.842439],[4.394488,43.842168],[4.394865,43.842229],[4.394892,43.842129],[4.394569,43.842089],[4.394551,43.84212],[4.394506,43.842121],[4.394469,43.842116],[4.394155,43.842069],[4.393771,43.84327],[4.394545,43.843387]]]},"properties":{"id_pk":"PK_30189_024","nom":null,"insee":"30189","commune":"Nîmes","source":"osm","id_source":"w281321146","surf_m2":7158.4,"nb_pl_est":194,"nb_pl_reel":null,"nb_places":194,"stat_auto":"prive","statut":null,"proprio":"pm_privee","part_pub":0.01,"acces_osm":null,"payant":null,"sud_canal":false,"a_verif":false,"motif_ver":"","cle":"osm:w281321146","revue":{"statut":"a_revoir"}}},{"type":"Feature","geometry":{"type":"Polygon","coordinates":[[[4.350312,43.814146],[4.350073,43.814069],[4.350092,43.813989],[4.349957,43.814036],[4.349908,43.814127],[4.34991,43.814142],[4.349917,43.814203],[4.349779,43.814245],[4.349041,43.815708],[4.350069,43.815965],[4.350124,43.815822],[4.349535,43.815669],[4.349618,43.815497],[4.34955,43.815383],[4.349584,43.815297],[4.349748,43.815241],[4.349832,43.815077],[4.34991,43.814916],[4.349818,43.814883],[4.349814,43.814778],[4.349851,43.814701],[4.349943,43.814626],[4.349969,43.814513],[4.349993,43.81449],[4.350042,43.814488],[4.350112,43.814448],[4.350227,43.814215],[4.350312,43.814146]]]},"properties":{"id_pk":"PK_30189_025","nom":null,"insee":"30189","commune":"Nîmes","source":"osm","id_source":"w928168860","surf_m2":7013.8,"nb_pl_est":190,"nb_pl_reel":null,"nb_places":190,"stat_auto":"prive","statut":null,"proprio":"pm_privee","part_pub":0.13,"acces_osm":null,"payant":null,"sud_canal":false,"a_verif":false,"motif_ver":"","cle":"osm:w928168860","revue":{"statut":"a_revoir"}}},{"type":"Feature","geometry":{"type":"Polygon","coordinates":[[[4.34527,43.765154,37.1],[4.343883,43.765438,37.1],[4.344093,43.765962,36.3],[4.345463,43.765669,36.4],[4.34527,43.765154,37.1]]]},"properties":{"id_pk":"PK_30189_026","nom":null,"insee":"30189","commune":"Nîmes","source":"bdtopo","id_source":"EQ_RESEA0000000357926947","surf_m2":6930.4,"nb_pl_est":187,"nb_pl_reel":null,"nb_places":187,"stat_auto":"prive","statut":null,"proprio":"pp","part_pub":0.0,"acces_osm":null,"payant":null,"sud_canal":false,"a_verif":true,"motif_ver":"grande aire sans propriétaire personne morale : vérifier le foncier ; absent d'OSM (BD TOPO seule)","cle":"bdtopo:EQ_RESEA0000000357926947","revue":{"statut":"a_revoir"}}},{"type":"Feature","geometry":{"type":"Polygon","coordinates":[[[4.318276,43.824041],[4.317986,43.823952],[4.317897,43.823919],[4.317842,43.823901],[4.317093,43.823656],[4.316847,43.824099],[4.316771,43.824209],[4.317973,43.824583],[4.318276,43.824041]]]},"properties":{"id_pk":"PK_30189_027","nom":"Parking Personnel","insee":"30189","commune":"Nîmes","source":"osm","id_source":"w183016148","surf_m2":6849.9,"nb_pl_est":185,"nb_pl_reel":null,"nb_places":185,"stat_auto":"prive","statut":null,"proprio":"pp","part_pub":0.01,"acces_osm":"permissive","payant":null,"sud_canal":false,"a_verif":true,"motif_ver":"foncier privé mais accès OSM « permissive » ; grande aire sans propriétaire personne morale : vérifier le foncier","cle":"osm:w183016148","revue":{"statut":"a_revoir"}}},{"type":"Feature","geometry":{"type":"Polygon","coordinates":[[[4.367221,43.82352],[4.367335,43.823494],[4.367401,43.823404],[4.367196,43.823324],[4.367223,43.82329],[4.36728,43.82331],[4.367316,43.823265],[4.367035,43.823151],[4.366939,43.823095],[4.366873,43.823061],[4.366857,43.823031],[4.366116,43.82275],[4.365091,43.822365],[4.365063,43.822403],[4.364999,43.8224],[4.364863,43.82259],[4.367221,43.82352]]]},"properties":{"id_pk":"PK_30189_028","nom":null,"insee":"30189","commune":"Nîmes","source":"osm","id_source":"w929889611","surf_m2":6797.1,"nb_pl_est":183,"nb_pl_reel":null,"nb_places":183,"stat_auto":"prive","statut":null,"proprio":"pm_privee","part_pub":0.0,"acces_osm":"customers","payant":"no","sud_canal":false,"a_verif":false,"motif_ver":"","cle":"osm:w929889611","revue":{"statut":"a_revoir"}}},{"type":"Feature","geometry":{"type":"Polygon","coordinates":[[[4.32592,43.806266],[4.326046,43.806249],[4.326092,43.806274],[4.326736,43.805676],[4.326871,43.805562],[4.326919,43.805587],[4.32706,43.805434],[4.32726,43.805218],[4.327296,43.805162],[4.327298,43.805133],[4.327291,43.805085],[4.327244,43.805028],[4.327178,43.80498],[4.327104,43.804947],[4.327047,43.804936],[4.327011,43.805012],[4.326622,43.805387],[4.326624,43.80539],[4.326498,43.805498],[4.326461,43.805476],[4.326092,43.805792],[4.325843,43.805641],[4.325443,43.805982],[4.32592,43.806266]]]},"properties":{"id_pk":"PK_30189_029","nom":null,"insee":"30189","commune":"Nîmes","source":"osm","id_source":"w504720916","surf_m2":6721.3,"nb_pl_est":181,"nb_pl_reel":null,"nb_places":181,"stat_auto":"prive","statut":null,"proprio":"pm_privee","part_pub":0.04,"acces_osm":null,"payant":null,"sud_canal":false,"a_verif":false,"motif_ver":"","cle":"osm:w504720916","revue":{"statut":"a_revoir"}}},{"type":"Feature","geometry":{"type":"Polygon","coordinates":[[[4.386566,43.820556,31.6],[4.386544,43.820633,31.6],[4.386541,43.820696,31.6],[4.386614,43.820784,31.6],[4.386864,43.820997,31.6],[4.387842,43.820425,31.6],[4.387799,43.820384,31.6],[4.387981,43.820264,31.6],[4.387999,43.820123,31.6],[4.387754,43.819898,31.6],[4.386566,43.820556,31.6]]]},"properties":{"id_pk":"PK_30189_030","nom":null,"insee":"30189","commune":"Nîmes","source":"bdtopo","id_source":"EQ_RESEA0000000027764961","surf_m2":6529.9,"nb_pl_est":176,"nb_pl_reel":null,"nb_places":176,"stat_auto":"public","statut":null,"proprio":"commune","part_pub":1.0,"acces_osm":null,"payant":null,"sud_canal":false,"a_verif":true,"motif_ver":"absent d'OSM (BD TOPO seule)","cle":"bdtopo:EQ_RESEA0000000027764961","revue":{"statut":"a_revoir"}}},{"type":"Feature","geometry":{"type":"Polygon","coordinates":[[[4.346515,43.813897],[4.346736,43.813361],[4.346526,43.813187],[4.346103,43.813376],[4.34608,43.813453],[4.346047,43.813447],[4.346042,43.813463],[4.346008,43.813457],[4.346013,43.813442],[4.345982,43.813436],[4.345993,43.813401],[4.345878,43.813381],[4.345859,43.813357],[4.345826,43.81337],[4.345735,43.813262],[4.345764,43.813248],[4.3457,43.813174],[4.345805,43.813126],[4.345467,43.813086],[4.345345,43.813793],[4.346515,43.813897]]]},"properties":{"id_pk":"PK_30189_031","nom":null,"insee":"30189","commune":"Nîmes","source":"osm","id_source":"w954232972","surf_m2":6520.6,"nb_pl_est":176,"nb_pl_reel":null,"nb_places":176,"stat_auto":"public","statut":null,"proprio":"commune","part_pub":1.0,"acces_osm":null,"payant":null,"sud_canal":false,"a_verif":false,"motif_ver":"","cle":"osm:w954232972","revue":{"statut":"a_revoir"}}},{"type":"Feature","geometry":{"type":"Polygon","coordinates":[[[4.370814,43.810137],[4.370612,43.810101],[4.370441,43.809892],[4.369702,43.809757],[4.369953,43.809046],[4.369747,43.808962],[4.368869,43.809702],[4.370037,43.810063],[4.370131,43.810025],[4.370252,43.810048],[4.370391,43.810062],[4.37046,43.810187],[4.370767,43.810242],[4.370814,43.810137]]]},"properties":{"id_pk":"PK_30189_032","nom":null,"insee":"30189","commune":"Nîmes","source":"osm","id_source":"w911886527","surf_m2":6359.0,"nb_pl_est":171,"nb_pl_reel":null,"nb_places":171,"stat_auto":"prive","statut":null,"proprio":"pm_privee","part_pub":0.03,"acces_osm":"customers","payant":"no","sud_canal":false,"a_verif":false,"motif_ver":"","cle":"osm:w911886527","revue":{"statut":"a_revoir"}}},{"type":"Feature","geometry":{"type":"Polygon","coordinates":[[[4.354919,43.809503],[4.35492,43.809593],[4.355855,43.80958],[4.355854,43.809538],[4.355897,43.809538],[4.355894,43.80949],[4.35595,43.809486],[4.355946,43.80915],[4.356296,43.809142],[4.356291,43.808905],[4.35631,43.808887],[4.356359,43.808912],[4.356507,43.808811],[4.356531,43.808518],[4.356491,43.80848],[4.355952,43.808849],[4.355835,43.808852],[4.355336,43.808867],[4.355348,43.809498],[4.354919,43.809503]]]},"properties":{"id_pk":"PK_30189_033","nom":null,"insee":"30189","commune":"Nîmes","source":"osm","id_source":"w505017804","surf_m2":6150.1,"nb_pl_est":165,"nb_pl_reel":null,"nb_places":165,"stat_auto":"prive","statut":null,"proprio":"pm_privee","part_pub":0.0,"acces_osm":"customers","payant":"no","sud_canal":false,"a_verif":false,"motif_ver":"","cle":"osm:w505017804","revue":{"statut":"a_revoir"}}},{"type":"Feature","geometry":{"type":"Polygon","coordinates":[[[4.306781,43.844569],[4.306708,43.84454],[4.306741,43.844503],[4.306599,43.844446],[4.306574,43.844476],[4.306505,43.844448],[4.306544,43.844401],[4.306603,43.844425],[4.306879,43.844107],[4.306934,43.844086],[4.306987,43.844093],[4.307288,43.844228],[4.307329,43.844185],[4.307524,43.844275],[4.307666,43.844344],[4.307799,43.844468],[4.307905,43.844452],[4.308072,43.844254],[4.308058,43.844215],[4.308022,43.844196],[4.307988,43.844178],[4.307908,43.844138],[4.307866,43.844125],[4.30782,43.844105],[4.307705,43.844055],[4.307629,43.844031],[4.307613,43.844025],[4.307636,43.843999],[4.307522,43.843975],[4.30751,43.84397],[4.307341,43.843934],[4.30709,43.843932],[4.306893,43.84395],[4.306823,43.843966],[4.306154,43.844073],[4.306005,43.844248],[4.306039,43.844268],[4.306016,43.844348],[4.306101,43.844386],[4.306209,43.84443],[4.306155,43.844465],[4.306527,43.844642],[4.306729,43.844653],[4.306781,43.844569]]]},"properties":{"id_pk":"PK_30189_034","nom":null,"insee":"30189","commune":"Nîmes","source":"osm","id_source":"w593800590","surf_m2":5987.0,"nb_pl_est":161,"nb_pl_reel":null,"nb_places":161,"stat_auto":"prive","statut":null,"proprio":"pm_privee","part_pub":0.0,"acces_osm":"customers","payant":"no","sud_canal":false,"a_verif":false,"motif_ver":"","cle":"osm:w593800590","revue":{"statut":"a_revoir"}}},{"type":"Feature","geometry":{"type":"Polygon","coordinates":[[[4.340532,43.816951],[4.341006,43.817226],[4.341047,43.817192],[4.341241,43.817306],[4.34136,43.81729],[4.341496,43.81717],[4.34139,43.81709],[4.341593,43.816918],[4.341453,43.816833],[4.341576,43.81673],[4.341414,43.816641],[4.341269,43.816776],[4.340847,43.816533],[4.340996,43.816393],[4.34084,43.816301],[4.340658,43.816475],[4.340624,43.816454],[4.340598,43.816477],[4.340322,43.816716],[4.340168,43.81685],[4.34039,43.816981],[4.340532,43.816951]]]},"properties":{"id_pk":"PK_30189_035","nom":null,"insee":"30189","commune":"Nîmes","source":"osm","id_source":"w505004872","surf_m2":5977.6,"nb_pl_est":160,"nb_pl_reel":null,"nb_places":160,"stat_auto":"prive","statut":null,"proprio":"pp","part_pub":0.01,"acces_osm":null,"payant":null,"sud_canal":false,"a_verif":true,"motif_ver":"grande aire sans propriétaire personne morale : vérifier le foncier","cle":"osm:w505004872","revue":{"statut":"a_revoir"}}},{"type":"Feature","geometry":{"type":"Polygon","coordinates":[[[4.322401,43.806751],[4.322369,43.806712],[4.322548,43.806625],[4.322523,43.8066],[4.323123,43.806327],[4.322725,43.80596],[4.321627,43.806477],[4.322037,43.806927],[4.322401,43.806751]]]},"properties":{"id_pk":"PK_30189_036","nom":null,"insee":"30189","commune":"Nîmes","source":"osm","id_source":"w504720926","surf_m2":5863.4,"nb_pl_est":157,"nb_pl_reel":null,"nb_places":157,"stat_auto":"public","statut":null,"proprio":"commune","part_pub":1.0,"acces_osm":null,"payant":null,"sud_canal":false,"a_verif":false,"motif_ver":"","cle":"osm:w504720926","revue":{"statut":"a_revoir"}}},{"type":"Feature","geometry":{"type":"Polygon","coordinates":[[[4.361469,43.809465],[4.361582,43.809129],[4.361052,43.809036],[4.361127,43.808814],[4.360485,43.808702],[4.360319,43.809197],[4.361268,43.809363],[4.36106,43.809981],[4.361299,43.810001],[4.361458,43.809492],[4.361469,43.809465]]]},"properties":{"id_pk":"PK_30189_037","nom":null,"insee":"30189","commune":"Nîmes","source":"osm","id_source":"w156184421","surf_m2":5675.9,"nb_pl_est":152,"nb_pl_reel":null,"nb_places":152,"stat_auto":"prive","statut":null,"proprio":"pm_privee","part_pub":0.0,"acces_osm":"customers","payant":"no","sud_canal":false,"a_verif":false,"motif_ver":"","cle":"osm:w156184421","revue":{"statut":"a_revoir"}}},{"type":"Feature","geometry":{"type":"Polygon","coordinates":[[[4.42016,43.841478],[4.420965,43.840035],[4.420579,43.839924],[4.419791,43.841376],[4.42016,43.841478]]]},"properties":{"id_pk":"PK_30189_038","nom":null,"insee":"30189","commune":"Nîmes","source":"osm","id_source":"w359529364","surf_m2":5645.9,"nb_pl_est":151,"nb_pl_reel":null,"nb_places":151,"stat_auto":"prive","statut":null,"proprio":"pm_privee","part_pub":0.0,"acces_osm":"private","payant":null,"sud_canal":false,"a_verif":false,"motif_ver":"","cle":"osm:w359529364","revue":{"statut":"a_revoir"}}},{"type":"Feature","geometry":{"type":"Polygon","coordinates":[[[4.361993,43.809147],[4.361945,43.809301],[4.362006,43.809317],[4.361996,43.809354],[4.362092,43.809373],[4.362079,43.809408],[4.362059,43.809471],[4.361974,43.809551],[4.361891,43.809547],[4.361693,43.810101],[4.361727,43.810145],[4.361796,43.810193],[4.362244,43.81027],[4.362287,43.810277],[4.362618,43.809251],[4.361993,43.809147]]]},"properties":{"id_pk":"PK_30189_039","nom":null,"insee":"30189","commune":"Nîmes","source":"osm","id_source":"w220953559","surf_m2":5613.3,"nb_pl_est":150,"nb_pl_reel":null,"nb_places":150,"stat_auto":"prive","statut":null,"proprio":"pm_privee","part_pub":0.0,"acces_osm":"customers","payant":"no","sud_canal":false,"a_verif":false,"motif_ver":"","cle":"osm:w220953559","revue":{"statut":"a_revoir"}}},{"type":"Feature","geometry":{"type":"Polygon","coordinates":[[[4.266772,43.884517],[4.26689,43.884589],[4.26713,43.884387],[4.267346,43.884195],[4.267652,43.884324],[4.267725,43.884278],[4.26771,43.884045],[4.267766,43.883924],[4.267777,43.883809],[4.267715,43.883689],[4.267609,43.883534],[4.267545,43.883433],[4.267184,43.883421],[4.267278,43.883588],[4.267262,43.883646],[4.267203,43.883637],[4.267146,43.883707],[4.267157,43.883814],[4.26709,43.883865],[4.267109,43.883902],[4.267066,43.883958],[4.266971,43.883959],[4.266866,43.884088],[4.266851,43.884165],[4.266968,43.88416],[4.266979,43.884284],[4.266912,43.884316],[4.266819,43.884304],[4.266774,43.884393],[4.266531,43.884575],[4.26664,43.884641],[4.266772,43.884517]]]},"properties":{"id_pk":"PK_30189_040","nom":null,"insee":"30189","commune":"Nîmes","source":"osm","id_source":"w823918351","surf_m2":5611.1,"nb_pl_est":150,"nb_pl_reel":null,"nb_places":150,"stat_auto":"public","statut":null,"proprio":"commune","part_pub":1.0,"acces_osm":null,"payant":"no","sud_canal":false,"a_verif":false,"motif_ver":"","cle":"osm:w823918351","revue":{"statut":"a_revoir"}}},{"type":"Feature","geometry":{"type":"Polygon","coordinates":[[[4.36416,43.817618],[4.364171,43.817641],[4.364198,43.817691],[4.365189,43.817891],[4.365199,43.817858],[4.365215,43.817806],[4.365233,43.817744],[4.365253,43.81768],[4.365271,43.817621],[4.36529,43.817555],[4.365309,43.817493],[4.365328,43.817431],[4.365344,43.81738],[4.36425,43.817203],[4.364238,43.817201],[4.364187,43.817202],[4.364147,43.817208],[4.364111,43.81722],[4.364094,43.817235],[4.364004,43.817519],[4.364001,43.817537],[4.364013,43.817555],[4.36403,43.817565],[4.364142,43.81758],[4.36416,43.817618]]]},"properties":{"id_pk":"PK_30189_041","nom":"Parking exposants","insee":"30189","commune":"Nîmes","source":"osm","id_source":"w1144474225","surf_m2":5465.9,"nb_pl_est":146,"nb_pl_reel":null,"nb_places":146,"stat_auto":"prive","statut":null,"proprio":"pp","part_pub":0.0,"acces_osm":"private","payant":null,"sud_canal":false,"a_verif":true,"motif_ver":"grande aire sans propriétaire personne morale : vérifier le foncier","cle":"osm:w1144474225","revue":{"statut":"a_revoir"}}},{"type":"Feature","geometry":{"type":"Polygon","coordinates":[[[4.333459,43.828691],[4.334024,43.828646],[4.334365,43.82847],[4.33469,43.828205],[4.334497,43.828101],[4.334376,43.828206],[4.334046,43.828],[4.333908,43.827959],[4.33363,43.827903],[4.333403,43.827913],[4.333358,43.828013],[4.334074,43.828458],[4.333911,43.828596],[4.333751,43.828494],[4.33324,43.828177],[4.333212,43.828184],[4.333102,43.828232],[4.333459,43.828691]]]},"properties":{"id_pk":"PK_30189_042","nom":null,"insee":"30189","commune":"Nîmes","source":"osm","id_source":"w926212371","surf_m2":5371.6,"nb_pl_est":144,"nb_pl_reel":null,"nb_places":144,"stat_auto":"prive","statut":null,"proprio":"pp","part_pub":0.0,"acces_osm":null,"payant":null,"sud_canal":false,"a_verif":true,"motif_ver":"grande aire sans propriétaire personne morale : vérifier le foncier","cle":"osm:w926212371","revue":{"statut":"a_revoir"}}},{"type":"Feature","geometry":{"type":"Polygon","coordinates":[[[4.321731,43.821018],[4.321717,43.821084],[4.32172,43.821193],[4.321753,43.821293],[4.321841,43.821409],[4.321931,43.821508],[4.321874,43.821533],[4.321784,43.821543],[4.32177,43.821768],[4.321774,43.821832],[4.321809,43.821932],[4.321932,43.821934],[4.321995,43.822021],[4.322078,43.822038],[4.322081,43.821873],[4.322346,43.82205],[4.322424,43.822061],[4.32279,43.821965],[4.322299,43.821661],[4.322258,43.821478],[4.322248,43.821444],[4.322093,43.821228],[4.322045,43.821137],[4.322096,43.820841],[4.321996,43.820826],[4.32174,43.820816],[4.321731,43.821018]]]},"properties":{"id_pk":"PK_30189_043","nom":null,"insee":"30189","commune":"Nîmes","source":"osm","id_source":"w688901574","surf_m2":5131.3,"nb_pl_est":137,"nb_pl_reel":null,"nb_places":137,"stat_auto":"prive","statut":null,"proprio":"pp","part_pub":0.0,"acces_osm":null,"payant":null,"sud_canal":false,"a_verif":true,"motif_ver":"grande aire sans propriétaire personne morale : vérifier le foncier","cle":"osm:w688901574","revue":{"statut":"a_revoir"}}},{"type":"Feature","geometry":{"type":"Polygon","coordinates":[[[4.324093,43.864711],[4.324405,43.864711],[4.32437,43.863916],[4.32427,43.86362],[4.324177,43.863578],[4.32379,43.863626],[4.323777,43.863877],[4.323857,43.864133],[4.323862,43.864177],[4.323903,43.86461],[4.323906,43.864639],[4.324093,43.864711]]]},"properties":{"id_pk":"PK_30189_044","nom":null,"insee":"30189","commune":"Nîmes","source":"osm","id_source":"w779511670","surf_m2":5126.1,"nb_pl_est":137,"nb_pl_reel":null,"nb_places":137,"stat_auto":"prive","statut":null,"proprio":"pm_privee","part_pub":0.0,"acces_osm":null,"payant":null,"sud_canal":false,"a_verif":false,"motif_ver":"","cle":"osm:w779511670","revue":{"statut":"a_revoir"}}},{"type":"Feature","geometry":{"type":"Polygon","coordinates":[[[4.411302,43.860768],[4.411356,43.860049],[4.41102,43.860039],[4.410925,43.860036],[4.410778,43.859982],[4.410763,43.859949],[4.410346,43.859945],[4.410342,43.860123],[4.410661,43.860139],[4.410639,43.860702],[4.410676,43.860762],[4.411302,43.860768]]]},"properties":{"id_pk":"PK_30189_045","nom":null,"insee":"30189","commune":"Nîmes","source":"osm","id_source":"w1058990091","surf_m2":5036.4,"nb_pl_est":134,"nb_pl_reel":null,"nb_places":134,"stat_auto":"public","statut":null,"proprio":"etat","part_pub":1.0,"acces_osm":"private","payant":null,"sud_canal":false,"a_verif":true,"motif_ver":"foncier public mais accès OSM « private »","cle":"osm:w1058990091","revue":{"statut":"a_revoir"}}},{"type":"Feature","geometry":{"type":"Polygon","coordinates":[[[4.362754,43.808822],[4.363058,43.807898],[4.362876,43.807867],[4.362862,43.807907],[4.362718,43.807882],[4.362618,43.807907],[4.362495,43.807948],[4.362392,43.808007],[4.362321,43.808082],[4.362268,43.80819],[4.362247,43.808257],[4.362248,43.808272],[4.362251,43.808307],[4.362322,43.808319],[4.362306,43.808372],[4.362255,43.80854],[4.362212,43.808532],[4.36214,43.808716],[4.362754,43.808822]]]},"properties":{"id_pk":"PK_30189_046","nom":null,"insee":"30189","commune":"Nîmes","source":"osm","id_source":"w220953557","surf_m2":4949.9,"nb_pl_est":132,"nb_pl_reel":null,"nb_places":132,"stat_auto":"prive","statut":null,"proprio":"pm_privee","part_pub":0.0,"acces_osm":"customers","payant":"no","sud_canal":false,"a_verif":false,"motif_ver":"","cle":"osm:w220953557","revue":{"statut":"a_revoir"}}},{"type":"Feature","geometry":{"type":"Polygon","coordinates":[[[4.424916,43.840194],[4.424946,43.839891],[4.423122,43.839813],[4.423108,43.840117],[4.424916,43.840194]]]},"properties":{"id_pk":"PK_30189_047","nom":null,"insee":"30189","commune":"Nîmes","source":"osm","id_source":"w359529365","surf_m2":4947.0,"nb_pl_est":132,"nb_pl_reel":null,"nb_places":132,"stat_auto":"prive","statut":null,"proprio":"pm_privee","part_pub":0.0,"acces_osm":"private","payant":null,"sud_canal":false,"a_verif":false,"motif_ver":"","cle":"osm:w359529365","revue":{"statut":"a_revoir"}}},{"type":"Feature","geometry":{"type":"Polygon","coordinates":[[[4.325642,43.825901],[4.325674,43.825888],[4.325729,43.825959],[4.325743,43.825976],[4.325958,43.825668],[4.326403,43.825104],[4.326508,43.825026],[4.326712,43.824718],[4.326883,43.824506],[4.326913,43.824465],[4.326752,43.824392],[4.326368,43.824827],[4.326439,43.824857],[4.326389,43.824912],[4.325919,43.824724],[4.325813,43.82484],[4.326255,43.825013],[4.325956,43.825333],[4.325764,43.825313],[4.325638,43.82545],[4.325485,43.825618],[4.325464,43.825646],[4.325498,43.825669],[4.325448,43.82572],[4.325642,43.825901]]]},"properties":{"id_pk":"PK_30189_048","nom":null,"insee":"30189","commune":"Nîmes","source":"osm","id_source":"w182903483","surf_m2":4834.7,"nb_pl_est":129,"nb_pl_reel":null,"nb_places":129,"stat_auto":"prive","statut":null,"proprio":"pm_privee","part_pub":0.03,"acces_osm":null,"payant":null,"sud_canal":false,"a_verif":false,"motif_ver":"","cle":"osm:w182903483","revue":{"statut":"a_revoir"}}},{"type":"Feature","geometry":{"type":"Polygon","coordinates":[[[4.349468,43.814029],[4.349365,43.813999],[4.349275,43.81413],[4.3492,43.81415],[4.348984,43.814103],[4.348178,43.815289],[4.348398,43.815359],[4.348478,43.815385],[4.348527,43.815309],[4.348599,43.815311],[4.349468,43.814029]]]},"properties":{"id_pk":"PK_30189_049","nom":null,"insee":"30189","commune":"Nîmes","source":"osm","id_source":"w928168858","surf_m2":4809.0,"nb_pl_est":128,"nb_pl_reel":null,"nb_places":128,"stat_auto":"prive","statut":null,"proprio":"pm_privee","part_pub":0.0,"acces_osm":null,"payant":null,"sud_canal":false,"a_verif":false,"motif_ver":"","cle":"osm:w928168858","revue":{"statut":"a_revoir"}}},{"type":"Feature","geometry":{"type":"Polygon","coordinates":[[[4.404921,43.860939],[4.40494,43.860893],[4.404969,43.860861],[4.405133,43.860689],[4.405145,43.86061],[4.404698,43.860397],[4.404216,43.860155],[4.404134,43.860242],[4.403899,43.86037],[4.403793,43.860441],[4.403797,43.860479],[4.404181,43.860587],[4.404226,43.860646],[4.404344,43.860756],[4.404836,43.860982],[4.404921,43.860939]]]},"properties":{"id_pk":"PK_30189_050","nom":null,"insee":"30189","commune":"Nîmes","source":"osm","id_source":"w1058981143","surf_m2":4599.3,"nb_pl_est":122,"nb_pl_reel":null,"nb_places":122,"stat_auto":"public","statut":null,"proprio":"etat","part_pub":1.0,"acces_osm":"private","payant":null,"sud_canal":false,"a_verif":true,"motif_ver":"foncier public mais accès OSM « private »","cle":"osm:w1058981143","revue":{"statut":"a_revoir"}}},{"type":"Feature","geometry":{"type":"Polygon","coordinates":[[[4.357976,43.808896],[4.358007,43.808536],[4.356646,43.808475],[4.356615,43.808835],[4.357976,43.808896]]]},"properties":{"id_pk":"PK_30189_051","nom":null,"insee":"30189","commune":"Nîmes","source":"osm","id_source":"w965383133","surf_m2":4395.7,"nb_pl_est":117,"nb_pl_reel":null,"nb_places":117,"stat_auto":"prive","statut":null,"proprio":"pp","part_pub":0.0,"acces_osm":"customers","payant":null,"sud_canal":false,"a_verif":true,"motif_ver":"grande aire sans propriétaire personne morale : vérifier le foncier","cle":"osm:w965383133","revue":{"statut":"a_revoir"}}},{"type":"Feature","geometry":{"type":"Polygon","coordinates":[[[4.391828,43.836236],[4.391938,43.836422],[4.39248,43.836369],[4.392478,43.836345],[4.392749,43.836322],[4.392583,43.835798],[4.391578,43.835983],[4.391673,43.836266],[4.391828,43.836236]]]},"properties":{"id_pk":"PK_30189_052","nom":null,"insee":"30189","commune":"Nîmes","source":"osm","id_source":"w507309548","surf_m2":4388.3,"nb_pl_est":117,"nb_pl_reel":null,"nb_places":117,"stat_auto":"public","statut":null,"proprio":"etab_public","part_pub":1.0,"acces_osm":"private","payant":null,"sud_canal":false,"a_verif":true,"motif_ver":"foncier public mais accès OSM « private »","cle":"osm:w507309548","revue":{"statut":"a_revoir"}}},{"type":"Feature","geometry":{"type":"Polygon","coordinates":[[[4.361215,43.808519],[4.361253,43.80847],[4.361768,43.808557],[4.361816,43.808426],[4.361756,43.808413],[4.361767,43.808368],[4.361639,43.808277],[4.361651,43.808233],[4.360705,43.808071],[4.360511,43.808576],[4.361181,43.8087],[4.361176,43.808657],[4.361215,43.808519]]]},"properties":{"id_pk":"PK_30189_053","nom":null,"insee":"30189","commune":"Nîmes","source":"osm","id_source":"w156184424","surf_m2":4368.7,"nb_pl_est":116,"nb_pl_reel":null,"nb_places":116,"stat_auto":"prive","statut":null,"proprio":"pm_privee","part_pub":0.0,"acces_osm":"customers","payant":"no","sud_canal":false,"a_verif":false,"motif_ver":"","cle":"osm:w156184424","revue":{"statut":"a_revoir"}}},{"type":"Feature","geometry":{"type":"Polygon","coordinates":[[[4.371159,43.812035],[4.370825,43.812572],[4.370918,43.812603],[4.370971,43.812656],[4.370925,43.812719],[4.37145,43.8129],[4.371558,43.812697],[4.371819,43.81277],[4.371962,43.812561],[4.372126,43.812311],[4.372033,43.812282],[4.371838,43.812216],[4.371589,43.812645],[4.371392,43.81258],[4.371204,43.812524],[4.371009,43.81246],[4.37105,43.812396],[4.371151,43.81243],[4.37137,43.812091],[4.371303,43.812074],[4.371378,43.811942],[4.371165,43.811874],[4.371078,43.81201],[4.371159,43.812035]]]},"properties":{"id_pk":"PK_30189_054","nom":null,"insee":"30189","commune":"Nîmes","source":"osm","id_source":"w536020442","surf_m2":4098.0,"nb_pl_est":109,"nb_pl_reel":null,"nb_places":109,"stat_auto":"prive","statut":null,"proprio":"pm_privee","part_pub":0.0,"acces_osm":"customers","payant":"no","sud_canal":false,"a_verif":false,"motif_ver":"","cle":"osm:w536020442","revue":{"statut":"a_revoir"}}},{"type":"Feature","geometry":{"type":"Polygon","coordinates":[[[4.318287,43.827521],[4.319134,43.827373],[4.319879,43.82724],[4.319979,43.827209],[4.319994,43.827138],[4.319889,43.827075],[4.3198,43.827075],[4.319795,43.827046],[4.319531,43.827049],[4.319094,43.827082],[4.318624,43.827172],[4.318346,43.827247],[4.318155,43.827318],[4.318287,43.827521]]]},"properties":{"id_pk":"PK_30189_055","nom":null,"insee":"30189","commune":"Nîmes","source":"osm","id_source":"w545501743","surf_m2":4079.2,"nb_pl_est":108,"nb_pl_reel":null,"nb_places":108,"stat_auto":"public","statut":null,"proprio":"etab_public","part_pub":1.0,"acces_osm":null,"payant":null,"sud_canal":false,"a_verif":false,"motif_ver":"","cle":"osm:w545501743","revue":{"statut":"a_revoir"}}},{"type":"Feature","geometry":{"type":"Polygon","coordinates":[[[4.382303,43.830905],[4.382383,43.830813],[4.382253,43.830757],[4.382408,43.830574],[4.382471,43.830601],[4.382825,43.830183],[4.38263,43.830097],[4.382612,43.83009],[4.382278,43.83046],[4.381912,43.830895],[4.38195,43.831027],[4.382028,43.831178],[4.382208,43.831272],[4.382425,43.831369],[4.382531,43.831246],[4.382674,43.83107],[4.382303,43.830905]]]},"properties":{"id_pk":"PK_30189_056","nom":null,"insee":"30189","commune":"Nîmes","source":"osm","id_source":"w45375487","surf_m2":3970.2,"nb_pl_est":105,"nb_pl_reel":null,"nb_places":105,"stat_auto":"prive","statut":null,"proprio":"pm_privee","part_pub":0.01,"acces_osm":null,"payant":null,"sud_canal":false,"a_verif":false,"motif_ver":"","cle":"osm:w45375487","revue":{"statut":"a_revoir"}}},{"type":"Feature","geometry":{"type":"Polygon","coordinates":[[[4.312112,43.842878],[4.312088,43.843102],[4.312265,43.843114],[4.312294,43.842928],[4.312651,43.842935],[4.312663,43.842687],[4.312419,43.842673],[4.312248,43.84259],[4.312153,43.842717],[4.311597,43.842691],[4.311129,43.842794],[4.310929,43.842851],[4.310988,43.843128],[4.311391,43.843101],[4.31142,43.842846],[4.312112,43.842878]]]},"properties":{"id_pk":"PK_30189_057","nom":null,"insee":"30189","commune":"Nîmes","source":"osm","id_source":"w1116381692","surf_m2":3911.5,"nb_pl_est":104,"nb_pl_reel":null,"nb_places":104,"stat_auto":"prive","statut":null,"proprio":"pm_privee","part_pub":0.0,"acces_osm":null,"payant":null,"sud_canal":false,"a_verif":false,"motif_ver":"","cle":"osm:w1116381692","revue":{"statut":"a_revoir"}}},{"type":"Feature","geometry":{"type":"Polygon","coordinates":[[[4.407616,43.761279],[4.40764,43.760958],[4.407654,43.760776],[4.406683,43.760973],[4.406663,43.761179],[4.407601,43.761478],[4.407616,43.761279]]]},"properties":{"id_pk":"PK_30189_058","nom":null,"insee":"30189","commune":"Nîmes","source":"osm","id_source":"w974557592","surf_m2":3893.2,"nb_pl_est":103,"nb_pl_reel":null,"nb_places":103,"stat_auto":"public","statut":null,"proprio":"etat","part_pub":1.0,"acces_osm":"private","payant":null,"sud_canal":false,"a_verif":true,"motif_ver":"foncier public mais accès OSM « private »","cle":"osm:w974557592","revue":{"statut":"a_revoir"}}},{"type":"Feature","geometry":{"type":"Polygon","coordinates":[[[4.332778,43.826401],[4.332763,43.826425],[4.333149,43.826803],[4.333329,43.826929],[4.333405,43.826867],[4.333453,43.826828],[4.333341,43.826756],[4.333329,43.826749],[4.333302,43.826715],[4.333583,43.826249],[4.333821,43.82586],[4.333624,43.825799],[4.333476,43.826047],[4.333533,43.826065],[4.33353,43.826072],[4.333115,43.826193],[4.333101,43.826216],[4.333043,43.826197],[4.332983,43.826292],[4.332874,43.826256],[4.332844,43.826304],[4.33279,43.826287],[4.332728,43.826383],[4.332778,43.826401]]]},"properties":{"id_pk":"PK_30189_059","nom":"Parking Marcel Sant","insee":"30189","commune":"Nîmes","source":"osm","id_source":"w128987273","surf_m2":3879.8,"nb_pl_est":103,"nb_pl_reel":null,"nb_places":103,"stat_auto":"public","statut":null,"proprio":"commune","part_pub":0.7,"acces_osm":"yes","payant":null,"sud_canal":false,"a_verif":false,"motif_ver":"","cle":"osm:w128987273","revue":{"statut":"a_revoir"}}},{"type":"Feature","geometry":{"type":"Polygon","coordinates":[[[4.388835,43.837772],[4.389067,43.8376],[4.38939,43.837124],[4.389438,43.836913],[4.38934,43.836923],[4.389325,43.836979],[4.389245,43.836969],[4.388706,43.837043],[4.388581,43.8371],[4.388678,43.837697],[4.388835,43.837772]]]},"properties":{"id_pk":"PK_30189_060","nom":null,"insee":"30189","commune":"Nîmes","source":"osm","id_source":"w155951154","surf_m2":3844.3,"nb_pl_est":102,"nb_pl_reel":null,"nb_places":102,"stat_auto":"prive","statut":null,"proprio":"pm_privee","part_pub":0.01,"acces_osm":"yes","payant":null,"sud_canal":false,"a_verif":true,"motif_ver":"foncier privé mais accès OSM « yes »","cle":"osm:w155951154","revue":{"statut":"a_revoir"}}},{"type":"Feature","geometry":{"type":"Polygon","coordinates":[[[4.379058,43.850107],[4.378972,43.850097],[4.378183,43.850005],[4.37813,43.85026],[4.37825,43.850282],[4.37816,43.850552],[4.378881,43.850624],[4.379058,43.850107]]]},"properties":{"id_pk":"PK_30189_061","nom":null,"insee":"30189","commune":"Nîmes","source":"osm","id_source":"w720037114","surf_m2":3821.9,"nb_pl_est":101,"nb_pl_reel":null,"nb_places":101,"stat_auto":"public","statut":null,"proprio":"etab_public","part_pub":1.0,"acces_osm":null,"payant":null,"sud_canal":false,"a_verif":false,"motif_ver":"","cle":"osm:w720037114","revue":{"statut":"a_revoir"}}},{"type":"Feature","geometry":{"type":"Polygon","coordinates":[[[4.369556,43.821964],[4.369465,43.821914],[4.369314,43.822026],[4.369674,43.822239],[4.370115,43.822511],[4.370221,43.822434],[4.370105,43.822355],[4.370469,43.822129],[4.369914,43.821705],[4.369556,43.821964]]]},"properties":{"id_pk":"PK_30189_062","nom":null,"insee":"30189","commune":"Nîmes","source":"osm","id_source":"w1524955007","surf_m2":3763.8,"nb_pl_est":100,"nb_pl_reel":null,"nb_places":100,"stat_auto":"prive","statut":null,"proprio":"pm_privee","part_pub":0.0,"acces_osm":"private","payant":"no","sud_canal":false,"a_verif":false,"motif_ver":"","cle":"osm:w1524955007","revue":{"statut":"a_revoir"}}},{"type":"Feature","geometry":{"type":"Polygon","coordinates":[[[4.365541,43.816687],[4.365562,43.816619],[4.365416,43.816597],[4.365482,43.816375],[4.365626,43.816397],[4.365654,43.81632],[4.3646,43.816069],[4.364593,43.816089],[4.364583,43.816119],[4.364557,43.8162],[4.364459,43.816502],[4.365541,43.816687]]]},"properties":{"id_pk":"PK_30189_063","nom":"Parking Officiel","insee":"30189","commune":"Nîmes","source":"osm","id_source":"w1144474227","surf_m2":3758.7,"nb_pl_est":99,"nb_pl_reel":null,"nb_places":99,"stat_auto":"prive","statut":null,"proprio":"pp","part_pub":0.0,"acces_osm":"private","payant":null,"sud_canal":false,"a_verif":false,"motif_ver":"","cle":"osm:w1144474227","revue":{"statut":"a_revoir"}}},{"type":"Feature","geometry":{"type":"Polygon","coordinates":[[[4.357083,43.819542],[4.357397,43.818636],[4.357417,43.818597],[4.357612,43.817991],[4.357631,43.817932],[4.357559,43.817918],[4.357607,43.817779],[4.357668,43.817791],[4.357705,43.817661],[4.357641,43.817653],[4.357598,43.81755],[4.357533,43.817543],[4.357465,43.817782],[4.357524,43.817792],[4.357485,43.8179],[4.357414,43.817888],[4.356878,43.819507],[4.357083,43.819542]]]},"properties":{"id_pk":"PK_30189_064","nom":null,"insee":"30189","commune":"Nîmes","source":"osm","id_source":"w954232985","surf_m2":3723.6,"nb_pl_est":98,"nb_pl_reel":null,"nb_places":98,"stat_auto":"public","statut":null,"proprio":"epci","part_pub":1.0,"acces_osm":null,"payant":null,"sud_canal":false,"a_verif":false,"motif_ver":"","cle":"osm:w954232985","revue":{"statut":"a_revoir"}}},{"type":"Feature","geometry":{"type":"Polygon","coordinates":[[[4.343089,43.814818],[4.34343,43.814548],[4.343458,43.814459],[4.343047,43.814122],[4.342288,43.814644],[4.342413,43.814703],[4.342573,43.814614],[4.342947,43.814838],[4.343089,43.814818]]]},"properties":{"id_pk":"PK_30189_065","nom":null,"insee":"30189","commune":"Nîmes","source":"osm","id_source":"w970646640","surf_m2":3716.4,"nb_pl_est":98,"nb_pl_reel":null,"nb_places":98,"stat_auto":"prive","statut":null,"proprio":"pm_privee","part_pub":0.0,"acces_osm":null,"payant":null,"sud_canal":false,"a_verif":false,"motif_ver":"","cle":"osm:w970646640","revue":{"statut":"a_revoir"}}},{"type":"Feature","geometry":{"type":"Polygon","coordinates":[[[4.340715,43.817776],[4.340891,43.817613],[4.340857,43.817595],[4.340901,43.817542],[4.340804,43.817487],[4.340866,43.817438],[4.340815,43.8174],[4.340969,43.817282],[4.340546,43.817048],[4.340324,43.817238],[4.340292,43.817232],[4.339999,43.81753],[4.340538,43.817806],[4.340568,43.817769],[4.340617,43.817777],[4.340651,43.817745],[4.340715,43.817776]]]},"properties":{"id_pk":"PK_30189_066","nom":null,"insee":"30189","commune":"Nîmes","source":"osm","id_source":"w156181168","surf_m2":3681.0,"nb_pl_est":97,"nb_pl_reel":null,"nb_places":97,"stat_auto":"prive","statut":null,"proprio":"pm_privee","part_pub":0.0,"acces_osm":"private","payant":null,"sud_canal":false,"a_verif":false,"motif_ver":"","cle":"osm:w156181168","revue":{"statut":"a_revoir"}}},{"type":"Feature","geometry":{"type":"Polygon","coordinates":[[[4.31771,43.809348],[4.317406,43.809581],[4.317677,43.809758],[4.318169,43.809365],[4.317289,43.808707],[4.317052,43.808894],[4.31771,43.809348]]]},"properties":{"id_pk":"PK_30189_067","nom":null,"insee":"30189","commune":"Nîmes","source":"osm","id_source":"w505004913","surf_m2":3680.8,"nb_pl_est":97,"nb_pl_reel":null,"nb_places":97,"stat_auto":"prive","statut":null,"proprio":"pp","part_pub":0.0,"acces_osm":"private","payant":null,"sud_canal":false,"a_verif":false,"motif_ver":"","cle":"osm:w505004913","revue":{"statut":"a_revoir"}}},{"type":"Feature","geometry":{"type":"Polygon","coordinates":[[[4.363807,43.809166],[4.364692,43.809346],[4.365033,43.808624],[4.364741,43.808548],[4.364631,43.808802],[4.364389,43.808749],[4.364212,43.809127],[4.363853,43.809038],[4.363807,43.809166]]]},"properties":{"id_pk":"PK_30189_068","nom":null,"insee":"30189","commune":"Nîmes","source":"osm","id_source":"w183019093","surf_m2":3655.3,"nb_pl_est":97,"nb_pl_reel":null,"nb_places":97,"stat_auto":"prive","statut":null,"proprio":"pm_privee","part_pub":0.11,"acces_osm":"customers","payant":"no","sud_canal":false,"a_verif":false,"motif_ver":"","cle":"osm:w183019093","revue":{"statut":"a_revoir"}}},{"type":"Feature","geometry":{"type":"Polygon","coordinates":[[[4.302655,43.851221],[4.303287,43.85121],[4.303266,43.851157],[4.303842,43.851078],[4.304034,43.850749],[4.303749,43.850792],[4.303549,43.850833],[4.303448,43.850847],[4.303476,43.850981],[4.302707,43.851092],[4.302643,43.850857],[4.302294,43.85098],[4.302266,43.851113],[4.302167,43.851119],[4.302202,43.851273],[4.302655,43.851221]]]},"properties":{"id_pk":"PK_30189_069","nom":null,"insee":"30189","commune":"Nîmes","source":"osm","id_source":"w926724400","surf_m2":3645.4,"nb_pl_est":96,"nb_pl_reel":null,"nb_places":96,"stat_auto":"prive","statut":null,"proprio":"pp","part_pub":0.0,"acces_osm":null,"payant":null,"sud_canal":false,"a_verif":false,"motif_ver":"","cle":"osm:w926724400","revue":{"statut":"a_revoir"}}},{"type":"Feature","geometry":{"type":"Polygon","coordinates":[[[4.357337,43.843779],[4.357534,43.843345],[4.357573,43.843203],[4.357494,43.843188],[4.357428,43.84321],[4.357353,43.843217],[4.356722,43.842986],[4.356114,43.84292],[4.356064,43.843015],[4.35616,43.843037],[4.356337,43.843055],[4.356318,43.843087],[4.356605,43.843143],[4.356876,43.843216],[4.357125,43.8433],[4.356946,43.84369],[4.357337,43.843779]]]},"properties":{"id_pk":"PK_30189_070","nom":null,"insee":"30189","commune":"Nîmes","source":"osm","id_source":"w704855155","surf_m2":3542.7,"nb_pl_est":94,"nb_pl_reel":null,"nb_places":94,"stat_auto":"public","statut":null,"proprio":"etat","part_pub":1.0,"acces_osm":"private","payant":null,"sud_canal":false,"a_verif":true,"motif_ver":"foncier public mais accès OSM « private »","cle":"osm:w704855155","revue":{"statut":"a_revoir"}}},{"type":"Feature","geometry":{"type":"Polygon","coordinates":[[[4.407651,43.861415],[4.407559,43.861401],[4.406575,43.861552],[4.406469,43.86176],[4.40652,43.861775],[4.406691,43.861827],[4.407248,43.861994],[4.407651,43.861415]]]},"properties":{"id_pk":"PK_30189_071","nom":null,"insee":"30189","commune":"Nîmes","source":"osm","id_source":"w1058981132","surf_m2":3496.1,"nb_pl_est":92,"nb_pl_reel":null,"nb_places":92,"stat_auto":"public","statut":null,"proprio":"etat","part_pub":1.0,"acces_osm":"private","payant":null,"sud_canal":false,"a_verif":true,"motif_ver":"foncier public mais accès OSM « private »","cle":"osm:w1058981132","revue":{"statut":"a_revoir"}}},{"type":"Feature","geometry":{"type":"Polygon","coordinates":[[[4.394798,43.817357],[4.394529,43.817247],[4.394255,43.817408],[4.393866,43.817238],[4.393645,43.817362],[4.393903,43.81759],[4.394293,43.817938],[4.394798,43.817357]]]},"properties":{"id_pk":"PK_30189_072","nom":null,"insee":"30189","commune":"Nîmes","source":"osm","id_source":"w1092120673","surf_m2":3441.1,"nb_pl_est":91,"nb_pl_reel":null,"nb_places":91,"stat_auto":"prive","statut":null,"proprio":"pp","part_pub":0.02,"acces_osm":"private","payant":null,"sud_canal":false,"a_verif":false,"motif_ver":"","cle":"osm:w1092120673","revue":{"statut":"a_revoir"}}},{"type":"Feature","geometry":{"type":"Polygon","coordinates":[[[4.366294,43.824009],[4.366472,43.824],[4.366656,43.824071],[4.366533,43.824233],[4.367034,43.82444],[4.366744,43.8248],[4.366962,43.824881],[4.367415,43.82423],[4.366467,43.823875],[4.366363,43.823882],[4.366294,43.824009]]]},"properties":{"id_pk":"PK_30189_073","nom":null,"insee":"30189","commune":"Nîmes","source":"osm","id_source":"w239319694","surf_m2":3386.3,"nb_pl_est":89,"nb_pl_reel":null,"nb_places":89,"stat_auto":"prive","statut":null,"proprio":"pm_privee","part_pub":0.02,"acces_osm":null,"payant":null,"sud_canal":false,"a_verif":false,"motif_ver":"","cle":"osm:w239319694","revue":{"statut":"a_revoir"}}},{"type":"Feature","geometry":{"type":"Polygon","coordinates":[[[4.386011,43.822126],[4.38584,43.822554],[4.38593,43.822801],[4.385949,43.822856],[4.385749,43.822982],[4.385873,43.823001],[4.385978,43.822947],[4.386105,43.822784],[4.386398,43.822752],[4.386672,43.8227],[4.386444,43.822234],[4.386281,43.822286],[4.386035,43.822243],[4.386064,43.822135],[4.386011,43.822126]]]},"properties":{"id_pk":"PK_30189_074","nom":null,"insee":"30189","commune":"Nîmes","source":"osm","id_source":"w952473789","surf_m2":3384.4,"nb_pl_est":89,"nb_pl_reel":null,"nb_places":89,"stat_auto":"prive","statut":null,"proprio":"pm_privee","part_pub":0.0,"acces_osm":"private","payant":null,"sud_canal":false,"a_verif":false,"motif_ver":"","cle":"osm:w952473789","revue":{"statut":"a_revoir"}}},{"type":"Feature","geometry":{"type":"Polygon","coordinates":[[[4.308701,43.812094],[4.308828,43.812183],[4.309055,43.812274],[4.309346,43.81205],[4.309008,43.811815],[4.308926,43.811817],[4.308573,43.811569],[4.308242,43.811769],[4.308264,43.811861],[4.308504,43.812071],[4.308701,43.812094]]]},"properties":{"id_pk":"PK_30189_075","nom":null,"insee":"30189","commune":"Nîmes","source":"osm","id_source":"w1081164388","surf_m2":3368.2,"nb_pl_est":89,"nb_pl_reel":null,"nb_places":89,"stat_auto":"prive","statut":null,"proprio":"pm_privee","part_pub":0.0,"acces_osm":null,"payant":null,"sud_canal":false,"a_verif":false,"motif_ver":"","cle":"osm:w1081164388","revue":{"statut":"a_revoir"}}},{"type":"Feature","geometry":{"type":"Polygon","coordinates":[[[4.386349,43.823741],[4.386474,43.823733],[4.386471,43.823603],[4.386596,43.823574],[4.386643,43.823544],[4.386597,43.823444],[4.386601,43.823206],[4.386224,43.823125],[4.386177,43.823131],[4.385976,43.823219],[4.385952,43.823265],[4.385892,43.823427],[4.385924,43.823444],[4.385985,43.823457],[4.385967,43.823499],[4.385907,43.823488],[4.385806,43.82365],[4.386011,43.823691],[4.385996,43.823729],[4.386025,43.823734],[4.386349,43.823741]]]},"properties":{"id_pk":"PK_30189_076","nom":null,"insee":"30189","commune":"Nîmes","source":"osm","id_source":"w952473787","surf_m2":3319.7,"nb_pl_est":88,"nb_pl_reel":null,"nb_places":88,"stat_auto":"prive","statut":null,"proprio":"pm_privee","part_pub":0.0,"acces_osm":"private","payant":null,"sud_canal":false,"a_verif":false,"motif_ver":"","cle":"osm:w952473787","revue":{"statut":"a_revoir"}}},{"type":"Feature","geometry":{"type":"Polygon","coordinates":[[[4.356117,43.820482],[4.356181,43.820608],[4.356312,43.820598],[4.356097,43.820805],[4.356211,43.820867],[4.356086,43.821002],[4.356033,43.82108],[4.356099,43.821083],[4.356143,43.821016],[4.356505,43.820673],[4.356445,43.820645],[4.356383,43.820585],[4.356389,43.820526],[4.35646,43.82048],[4.356569,43.820493],[4.356693,43.820453],[4.356629,43.820267],[4.356594,43.820054],[4.356215,43.819995],[4.356146,43.819985],[4.356099,43.820005],[4.356076,43.820046],[4.35608,43.820152],[4.356021,43.820157],[4.356063,43.82037],[4.356117,43.820482]]]},"properties":{"id_pk":"PK_30189_077","nom":null,"insee":"30189","commune":"Nîmes","source":"osm","id_source":"w155810210","surf_m2":3310.8,"nb_pl_est":87,"nb_pl_reel":null,"nb_places":87,"stat_auto":"public","statut":null,"proprio":"commune","part_pub":0.99,"acces_osm":"yes","payant":"no","sud_canal":false,"a_verif":false,"motif_ver":"","cle":"osm:w155810210","revue":{"statut":"a_revoir"}}},{"type":"Feature","geometry":{"type":"Polygon","coordinates":[[[4.346974,43.817356],[4.346998,43.817327],[4.347082,43.817351],[4.347167,43.817321],[4.347222,43.817252],[4.347288,43.817266],[4.347443,43.817019],[4.347386,43.816991],[4.347176,43.816916],[4.347104,43.816891],[4.346885,43.817216],[4.346224,43.816983],[4.346443,43.816657],[4.346305,43.816622],[4.346118,43.816899],[4.345974,43.816845],[4.345941,43.816884],[4.34567,43.816781],[4.34542,43.816685],[4.345409,43.816791],[4.346071,43.81702],[4.346086,43.816995],[4.346159,43.817015],[4.346141,43.817058],[4.346974,43.817356]]]},"properties":{"id_pk":"PK_30189_078","nom":null,"insee":"30189","commune":"Nîmes","source":"osm","id_source":"w928168873","surf_m2":3236.4,"nb_pl_est":85,"nb_pl_reel":null,"nb_places":85,"stat_auto":"prive","statut":null,"proprio":"pm_privee","part_pub":0.01,"acces_osm":"yes","payant":"no","sud_canal":false,"a_verif":true,"motif_ver":"foncier privé mais accès OSM « yes »","cle":"osm:w928168873","revue":{"statut":"a_revoir"}}},{"type":"Feature","geometry":{"type":"Polygon","coordinates":[[[4.372256,43.837536],[4.372389,43.837482],[4.372455,43.837456],[4.372206,43.837147],[4.372821,43.836896],[4.372716,43.836661],[4.372679,43.836677],[4.371788,43.836932],[4.372256,43.837536]]]},"properties":{"id_pk":"PK_30189_079","nom":null,"insee":"30189","commune":"Nîmes","source":"osm","id_source":"w46124855","surf_m2":3183.4,"nb_pl_est":84,"nb_pl_reel":null,"nb_places":84,"stat_auto":"prive","statut":null,"proprio":"pm_privee","part_pub":0.0,"acces_osm":"destination","payant":null,"sud_canal":false,"a_verif":true,"motif_ver":"foncier privé mais accès OSM « destination »","cle":"osm:w46124855","revue":{"statut":"a_revoir"}}},{"type":"Feature","geometry":{"type":"Polygon","coordinates":[[[4.39271,43.844105],[4.392381,43.844355],[4.39304,43.844835],[4.393566,43.84485],[4.39271,43.844105]]]},"properties":{"id_pk":"PK_30189_080","nom":null,"insee":"30189","commune":"Nîmes","source":"osm","id_source":"w155950820","surf_m2":3136.1,"nb_pl_est":83,"nb_pl_reel":null,"nb_places":83,"stat_auto":"public","statut":null,"proprio":"domaine_public","part_pub":1.0,"acces_osm":null,"payant":null,"sud_canal":false,"a_verif":false,"motif_ver":"","cle":"osm:w155950820","revue":{"statut":"a_revoir"}}},{"type":"Feature","geometry":{"type":"Polygon","coordinates":[[[4.263282,43.858615],[4.26326,43.85803],[4.262694,43.858058],[4.262662,43.858643],[4.263282,43.858615]]]},"properties":{"id_pk":"PK_30189_081","nom":null,"insee":"30189","commune":"Nîmes","source":"osm","id_source":"w1327069687","surf_m2":3096.0,"nb_pl_est":82,"nb_pl_reel":null,"nb_places":82,"stat_auto":"prive","statut":null,"proprio":"pm_privee","part_pub":0.0,"acces_osm":null,"payant":null,"sud_canal":false,"a_verif":false,"motif_ver":"","cle":"osm:w1327069687","revue":{"statut":"a_revoir"}}},{"type":"Feature","geometry":{"type":"Polygon","coordinates":[[[4.327743,43.808524],[4.327779,43.808526],[4.327838,43.808516],[4.327853,43.808483],[4.327866,43.808466],[4.32791,43.80845],[4.328059,43.808169],[4.327888,43.808117],[4.327695,43.808353],[4.326445,43.807851],[4.326405,43.807897],[4.326136,43.807775],[4.325969,43.807962],[4.326064,43.808034],[4.326228,43.808114],[4.326362,43.807965],[4.326375,43.807941],[4.327743,43.808524]]]},"properties":{"id_pk":"PK_30189_082","nom":null,"insee":"30189","commune":"Nîmes","source":"osm","id_source":"w504720915","surf_m2":3024.6,"nb_pl_est":80,"nb_pl_reel":null,"nb_places":80,"stat_auto":"prive","statut":null,"proprio":"pm_privee","part_pub":0.04,"acces_osm":null,"payant":null,"sud_canal":false,"a_verif":false,"motif_ver":"","cle":"osm:w504720915","revue":{"statut":"a_revoir"}}},{"type":"Feature","geometry":{"type":"Polygon","coordinates":[[[4.37826,43.845468],[4.378262,43.845523],[4.378745,43.845578],[4.378834,43.84567],[4.378867,43.845666],[4.379134,43.845636],[4.378504,43.845315],[4.377472,43.845066],[4.377526,43.845135],[4.377709,43.845368],[4.377764,43.845503],[4.37826,43.845468]]]},"properties":{"id_pk":"PK_30189_083","nom":null,"insee":"30189","commune":"Nîmes","source":"osm","id_source":"w39431853","surf_m2":3020.4,"nb_pl_est":79,"nb_pl_reel":null,"nb_places":79,"stat_auto":"public","statut":null,"proprio":"commune","part_pub":1.0,"acces_osm":null,"payant":null,"sud_canal":false,"a_verif":false,"motif_ver":"","cle":"osm:w39431853","revue":{"statut":"a_revoir"}}},{"type":"Feature","geometry":{"type":"Polygon","coordinates":[[[4.309675,43.814502],[4.309737,43.814496],[4.310281,43.814068],[4.310497,43.814201],[4.310623,43.814108],[4.310395,43.81397],[4.310286,43.813961],[4.310435,43.813845],[4.310295,43.813728],[4.310181,43.81382],[4.310143,43.813779],[4.30944,43.814347],[4.309433,43.814366],[4.309656,43.814517],[4.309675,43.814502]]]},"properties":{"id_pk":"PK_30189_084","nom":null,"insee":"30189","commune":"Nîmes","source":"osm","id_source":"w1005965097","surf_m2":3019.1,"nb_pl_est":79,"nb_pl_reel":null,"nb_places":79,"stat_auto":"prive","statut":null,"proprio":"pp","part_pub":0.0,"acces_osm":null,"payant":null,"sud_canal":false,"a_verif":false,"motif_ver":"","cle":"osm:w1005965097","revue":{"statut":"a_revoir"}}},{"type":"Feature","geometry":{"type":"Polygon","coordinates":[[[4.340697,43.841483],[4.340708,43.841351],[4.340683,43.841246],[4.340766,43.841144],[4.340706,43.841037],[4.340794,43.840885],[4.340927,43.840814],[4.34084,43.840293],[4.340452,43.840399],[4.340565,43.841159],[4.340533,43.841218],[4.340468,43.841337],[4.340392,43.841425],[4.340697,43.841483]]]},"properties":{"id_pk":"PK_30189_085","nom":null,"insee":"30189","commune":"Nîmes","source":"osm","id_source":"w969910040","surf_m2":3018.3,"nb_pl_est":79,"nb_pl_reel":null,"nb_places":79,"stat_auto":"mixte","statut":null,"proprio":"pm_privee","part_pub":0.27,"acces_osm":null,"payant":null,"sud_canal":false,"a_verif":true,"motif_ver":"foncier mixte (27% public)","cle":"osm:w969910040","revue":{"statut":"a_revoir"}}},{"type":"Feature","geometry":{"type":"Polygon","coordinates":[[[4.361918,43.817132],[4.361931,43.817088],[4.362628,43.817192],[4.362824,43.817222],[4.362847,43.817245],[4.362958,43.817207],[4.363025,43.816981],[4.361817,43.8168],[4.361804,43.816844],[4.361729,43.817104],[4.361918,43.817132]]]},"properties":{"id_pk":"PK_30189_086","nom":"Parking-relais Parnasse","insee":"30189","commune":"Nîmes","source":"osm","id_source":"w187633448","surf_m2":2995.6,"nb_pl_est":79,"nb_pl_reel":null,"nb_places":90,"stat_auto":"public","statut":null,"proprio":"epci","part_pub":1.0,"acces_osm":"customers","payant":"yes","sud_canal":false,"a_verif":true,"motif_ver":"foncier public mais accès OSM « customers »","cle":"osm:w187633448","revue":{"statut":"a_revoir"}}},{"type":"Feature","geometry":{"type":"Polygon","coordinates":[[[4.390291,43.831083],[4.390724,43.830393],[4.390496,43.830321],[4.390401,43.830407],[4.390209,43.830475],[4.390128,43.83037],[4.389887,43.830459],[4.390063,43.830673],[4.390014,43.831025],[4.390291,43.831083]]]},"properties":{"id_pk":"PK_30189_087","nom":null,"insee":"30189","commune":"Nîmes","source":"osm","id_source":"w655994749","surf_m2":2989.6,"nb_pl_est":79,"nb_pl_reel":null,"nb_places":79,"stat_auto":"public","statut":null,"proprio":"commune","part_pub":1.0,"acces_osm":null,"payant":null,"sud_canal":false,"a_verif":false,"motif_ver":"","cle":"osm:w655994749","revue":{"statut":"a_revoir"}}},{"type":"Feature","geometry":{"type":"Polygon","coordinates":[[[4.367308,43.82507],[4.367823,43.824405],[4.367788,43.824381],[4.367422,43.824248],[4.366942,43.824937],[4.367308,43.82507]]]},"properties":{"id_pk":"PK_30189_088","nom":null,"insee":"30189","commune":"Nîmes","source":"osm","id_source":"w239316781","surf_m2":2985.9,"nb_pl_est":79,"nb_pl_reel":null,"nb_places":79,"stat_auto":"public","statut":null,"proprio":"departement","part_pub":1.0,"acces_osm":null,"payant":null,"sud_canal":false,"a_verif":false,"motif_ver":"","cle":"osm:w239316781","revue":{"statut":"a_revoir"}}},{"type":"Feature","geometry":{"type":"Polygon","coordinates":[[[4.299352,43.851887],[4.300021,43.851753],[4.300882,43.851529],[4.300815,43.851424],[4.300198,43.851618],[4.299125,43.851796],[4.298302,43.852119],[4.298404,43.852245],[4.299352,43.851887]]]},"properties":{"id_pk":"PK_30189_089","nom":null,"insee":"30189","commune":"Nîmes","source":"osm","id_source":"w926724402","surf_m2":2962.7,"nb_pl_est":78,"nb_pl_reel":null,"nb_places":78,"stat_auto":"public","statut":null,"proprio":"commune","part_pub":0.98,"acces_osm":null,"payant":null,"sud_canal":false,"a_verif":false,"motif_ver":"","cle":"osm:w926724402","revue":{"statut":"a_revoir"}}},{"type":"Feature","geometry":{"type":"Polygon","coordinates":[[[4.357783,43.817431],[4.357761,43.817616],[4.357882,43.817634],[4.359491,43.817873],[4.359583,43.817839],[4.359623,43.817818],[4.359816,43.817759],[4.357783,43.817431]]]},"properties":{"id_pk":"PK_30189_090","nom":null,"insee":"30189","commune":"Nîmes","source":"osm","id_source":"w954232986","surf_m2":2953.2,"nb_pl_est":78,"nb_pl_reel":null,"nb_places":78,"stat_auto":"public","statut":null,"proprio":"epci","part_pub":1.0,"acces_osm":null,"payant":null,"sud_canal":false,"a_verif":false,"motif_ver":"","cle":"osm:w954232986","revue":{"statut":"a_revoir"}}},{"type":"Feature","geometry":{"type":"Polygon","coordinates":[[[4.358464,43.821107],[4.358334,43.821124],[4.358189,43.821131],[4.358047,43.821134],[4.357908,43.821129],[4.357887,43.821173],[4.357739,43.82115],[4.357753,43.821099],[4.35764,43.821077],[4.35748,43.821029],[4.357327,43.820976],[4.357204,43.821121],[4.357571,43.821234],[4.35769,43.821265],[4.357806,43.821278],[4.358243,43.821289],[4.358641,43.821236],[4.35878,43.821262],[4.358896,43.820949],[4.358832,43.820943],[4.358781,43.820891],[4.358568,43.820871],[4.358422,43.820911],[4.358464,43.821107]]]},"properties":{"id_pk":"PK_30189_091","nom":null,"insee":"30189","commune":"Nîmes","source":"osm","id_source":"w1100619579","surf_m2":2951.3,"nb_pl_est":78,"nb_pl_reel":null,"nb_places":78,"stat_auto":"prive","statut":null,"proprio":"pp","part_pub":0.13,"acces_osm":"yes","payant":"no","sud_canal":false,"a_verif":true,"motif_ver":"foncier privé mais accès OSM « yes »","cle":"osm:w1100619579","revue":{"statut":"a_revoir"}}},{"type":"Feature","geometry":{"type":"Polygon","coordinates":[[[4.341001,43.821087],[4.341052,43.821061],[4.341064,43.821036],[4.341032,43.820958],[4.34091,43.820889],[4.340725,43.820828],[4.34057,43.820784],[4.34051,43.820775],[4.34044,43.820777],[4.340375,43.820791],[4.340323,43.820811],[4.340284,43.820839],[4.340261,43.820873],[4.34025,43.820908],[4.340243,43.82097],[4.340237,43.821051],[4.34024,43.82109],[4.34025,43.821118],[4.340268,43.82115],[4.340294,43.821176],[4.340317,43.821194],[4.340354,43.821215],[4.340391,43.821229],[4.34081,43.821363],[4.340838,43.821298],[4.341001,43.821087]]]},"properties":{"id_pk":"PK_30189_092","nom":null,"insee":"30189","commune":"Nîmes","source":"osm","id_source":"w567185815","surf_m2":2927.1,"nb_pl_est":77,"nb_pl_reel":null,"nb_places":77,"stat_auto":"public","statut":null,"proprio":"commune","part_pub":1.0,"acces_osm":null,"payant":null,"sud_canal":false,"a_verif":false,"motif_ver":"","cle":"osm:w567185815","revue":{"statut":"a_revoir"}}},{"type":"Feature","geometry":{"type":"Polygon","coordinates":[[[4.34801,43.813097],[4.34794,43.813326],[4.348175,43.813366],[4.348231,43.813188],[4.348255,43.81319],[4.348423,43.812665],[4.348332,43.812652],[4.348294,43.81278],[4.348167,43.812755],[4.348137,43.812872],[4.347394,43.812759],[4.347331,43.812992],[4.34801,43.813097]]]},"properties":{"id_pk":"PK_30189_093","nom":null,"insee":"30189","commune":"Nîmes","source":"osm","id_source":"w547710290","surf_m2":2920.1,"nb_pl_est":77,"nb_pl_reel":null,"nb_places":77,"stat_auto":"prive","statut":null,"proprio":"pp","part_pub":0.01,"acces_osm":null,"payant":null,"sud_canal":false,"a_verif":false,"motif_ver":"","cle":"osm:w547710290","revue":{"statut":"a_revoir"}}},{"type":"Feature","geometry":{"type":"Polygon","coordinates":[[[4.347565,43.816874],[4.347927,43.81632],[4.347983,43.816233],[4.348035,43.816144],[4.348042,43.816121],[4.348049,43.816102],[4.348034,43.816067],[4.348006,43.816048],[4.347896,43.816034],[4.347889,43.816044],[4.347649,43.816401],[4.347362,43.816314],[4.346922,43.816145],[4.346805,43.816306],[4.347411,43.816533],[4.347531,43.816578],[4.347367,43.816816],[4.347389,43.816822],[4.347424,43.816832],[4.347565,43.816874]]]},"properties":{"id_pk":"PK_30189_094","nom":null,"insee":"30189","commune":"Nîmes","source":"osm","id_source":"w928168874","surf_m2":2915.2,"nb_pl_est":77,"nb_pl_reel":null,"nb_places":77,"stat_auto":"prive","statut":null,"proprio":"pm_privee","part_pub":0.03,"acces_osm":"yes","payant":"no","sud_canal":false,"a_verif":true,"motif_ver":"foncier privé mais accès OSM « yes »","cle":"osm:w928168874","revue":{"statut":"a_revoir"}}},{"type":"Feature","geometry":{"type":"Polygon","coordinates":[[[4.348699,43.817332],[4.349254,43.817481],[4.349324,43.817436],[4.348345,43.817189],[4.348123,43.817754],[4.34886,43.818038],[4.348955,43.817904],[4.348475,43.817783],[4.348699,43.817332]]]},"properties":{"id_pk":"PK_30189_095","nom":null,"insee":"30189","commune":"Nîmes","source":"osm","id_source":"w928168863","surf_m2":2860.1,"nb_pl_est":75,"nb_pl_reel":null,"nb_places":75,"stat_auto":"prive","statut":null,"proprio":"pm_privee","part_pub":0.02,"acces_osm":null,"payant":null,"sud_canal":false,"a_verif":false,"motif_ver":"","cle":"osm:w928168863","revue":{"statut":"a_revoir"}}},{"type":"Feature","geometry":{"type":"Polygon","coordinates":[[[4.310633,43.844249],[4.31093,43.84425],[4.310922,43.844165],[4.310312,43.844121],[4.310397,43.844007],[4.310218,43.843979],[4.310126,43.8441],[4.309164,43.843844],[4.309054,43.843956],[4.309636,43.844189],[4.310291,43.844285],[4.310568,43.844279],[4.310603,43.844279],[4.310633,43.844249]]]},"properties":{"id_pk":"PK_30189_096","nom":null,"insee":"30189","commune":"Nîmes","source":"osm","id_source":"w996250380","surf_m2":2856.5,"nb_pl_est":75,"nb_pl_reel":null,"nb_places":75,"stat_auto":"prive","statut":null,"proprio":"pp","part_pub":0.01,"acces_osm":"private","payant":null,"sud_canal":false,"a_verif":false,"motif_ver":"","cle":"osm:w996250380","revue":{"statut":"a_revoir"}}},{"type":"Feature","geometry":{"type":"Polygon","coordinates":[[[4.343881,43.815944],[4.343762,43.815972],[4.343738,43.815926],[4.343525,43.815975],[4.343535,43.816009],[4.343436,43.816042],[4.343457,43.816138],[4.343515,43.816209],[4.343839,43.816224],[4.34419,43.816245],[4.344224,43.816212],[4.34424,43.81612],[4.344313,43.816084],[4.344221,43.81583],[4.344283,43.815817],[4.344147,43.815469],[4.343942,43.81551],[4.344064,43.815842],[4.344039,43.815854],[4.344043,43.815889],[4.343959,43.815996],[4.343881,43.815944]]]},"properties":{"id_pk":"PK_30189_097","nom":null,"insee":"30189","commune":"Nîmes","source":"osm","id_source":"w157097225","surf_m2":2805.1,"nb_pl_est":74,"nb_pl_reel":null,"nb_places":74,"stat_auto":"prive","statut":null,"proprio":"pm_privee","part_pub":0.04,"acces_osm":null,"payant":null,"sud_canal":false,"a_verif":false,"motif_ver":"","cle":"osm:w157097225","revue":{"statut":"a_revoir"}}},{"type":"Feature","geometry":{"type":"Polygon","coordinates":[[[4.321772,43.826619],[4.321754,43.826563],[4.322374,43.826413],[4.322382,43.826495],[4.322557,43.826491],[4.32256,43.826423],[4.322636,43.826384],[4.322597,43.82627],[4.322386,43.826226],[4.32225,43.826228],[4.321271,43.826455],[4.321375,43.826708],[4.321772,43.826619]]]},"properties":{"id_pk":"PK_30189_098","nom":null,"insee":"30189","commune":"Nîmes","source":"osm","id_source":"w935857926","surf_m2":2751.0,"nb_pl_est":72,"nb_pl_reel":null,"nb_places":72,"stat_auto":"public","statut":null,"proprio":"etab_public","part_pub":1.0,"acces_osm":null,"payant":null,"sud_canal":false,"a_verif":false,"motif_ver":"","cle":"osm:w935857926","revue":{"statut":"a_revoir"}}},{"type":"Feature","geometry":{"type":"Polygon","coordinates":[[[4.365532,43.817389],[4.365489,43.817382],[4.365443,43.817372],[4.365435,43.817386],[4.365422,43.817391],[4.365408,43.817392],[4.365344,43.81738],[4.365328,43.817431],[4.365309,43.817493],[4.36529,43.817555],[4.365271,43.817621],[4.365253,43.81768],[4.365233,43.817744],[4.365215,43.817806],[4.365199,43.817858],[4.365189,43.817891],[4.365173,43.817938],[4.366038,43.818114],[4.366072,43.818112],[4.366104,43.818092],[4.366177,43.817963],[4.366214,43.81792],[4.366256,43.817879],[4.366089,43.817853],[4.365489,43.817765],[4.365487,43.817772],[4.365426,43.817764],[4.365438,43.81772],[4.365442,43.81772],[4.36551,43.817472],[4.365507,43.817472],[4.36552,43.817426],[4.365532,43.817389]]]},"properties":{"id_pk":"PK_30189_099","nom":null,"insee":"30189","commune":"Nîmes","source":"osm","id_source":"w970646630","surf_m2":2742.7,"nb_pl_est":72,"nb_pl_reel":null,"nb_places":72,"stat_auto":"mixte","statut":null,"proprio":"pp","part_pub":0.22,"acces_osm":null,"payant":null,"sud_canal":false,"a_verif":true,"motif_ver":"foncier mixte (22% public)","cle":"osm:w970646630","revue":{"statut":"a_revoir"}}},{"type":"Feature","geometry":{"type":"Polygon","coordinates":[[[4.347249,43.815072],[4.347307,43.815117],[4.347965,43.814203],[4.347451,43.814141],[4.347444,43.814194],[4.347488,43.814376],[4.347504,43.814445],[4.347552,43.814627],[4.347316,43.814656],[4.34718,43.814739],[4.346981,43.814867],[4.347203,43.815027],[4.347258,43.815048],[4.347249,43.815072]]]},"properties":{"id_pk":"PK_30189_100","nom":null,"insee":"30189","commune":"Nîmes","source":"osm","id_source":"w1015980123","surf_m2":2726.6,"nb_pl_est":72,"nb_pl_reel":null,"nb_places":72,"stat_auto":"prive","statut":null,"proprio":"pp","part_pub":0.01,"acces_osm":null,"payant":null,"sud_canal":false,"a_verif":false,"motif_ver":"","cle":"osm:w1015980123","revue":{"statut":"a_revoir"}}},{"type":"Feature","geometry":{"type":"Polygon","coordinates":[[[4.370152,43.81394],[4.370103,43.813923],[4.369919,43.814208],[4.369987,43.814233],[4.369935,43.81429],[4.370444,43.814512],[4.370491,43.81447],[4.370565,43.814504],[4.3708,43.814181],[4.370152,43.81394]]]},"properties":{"id_pk":"PK_30189_101","nom":null,"insee":"30189","commune":"Nîmes","source":"osm","id_source":"w952473804","surf_m2":2658.9,"nb_pl_est":70,"nb_pl_reel":null,"nb_places":70,"stat_auto":"prive","statut":null,"proprio":"pm_privee","part_pub":0.0,"acces_osm":"yes","payant":"no","sud_canal":false,"a_verif":true,"motif_ver":"foncier privé mais accès OSM « yes »","cle":"osm:w952473804","revue":{"statut":"a_revoir"}}},{"type":"Feature","geometry":{"type":"Polygon","coordinates":[[[4.360859,43.81013],[4.360928,43.809946],[4.360165,43.809805],[4.359286,43.809707],[4.35926,43.809788],[4.359337,43.809799],[4.359321,43.809845],[4.359316,43.809865],[4.359982,43.809971],[4.360859,43.81013]]]},"properties":{"id_pk":"PK_30189_102","nom":null,"insee":"30189","commune":"Nîmes","source":"osm","id_source":"w156184412","surf_m2":2651.6,"nb_pl_est":70,"nb_pl_reel":null,"nb_places":70,"stat_auto":"prive","statut":null,"proprio":"pm_privee","part_pub":0.0,"acces_osm":"customers","payant":"no","sud_canal":false,"a_verif":false,"motif_ver":"","cle":"osm:w156184412","revue":{"statut":"a_revoir"}}},{"type":"Feature","geometry":{"type":"Polygon","coordinates":[[[4.389792,43.842451],[4.38853,43.842158],[4.388415,43.842353],[4.389699,43.84267],[4.389792,43.842451]]]},"properties":{"id_pk":"PK_30189_103","nom":null,"insee":"30189","commune":"Nîmes","source":"osm","id_source":"w155950824","surf_m2":2643.4,"nb_pl_est":69,"nb_pl_reel":null,"nb_places":69,"stat_auto":"prive","statut":null,"proprio":"hlm","part_pub":0.07,"acces_osm":"yes","payant":"no","sud_canal":false,"a_verif":true,"motif_ver":"foncier privé mais accès OSM « yes »","cle":"osm:w155950824","revue":{"statut":"a_revoir"}}},{"type":"Feature","geometry":{"type":"Polygon","coordinates":[[[4.327744,43.827517],[4.327937,43.827161],[4.327382,43.827008],[4.327232,43.827032],[4.327089,43.827098],[4.326953,43.827262],[4.327009,43.827281],[4.327744,43.827517]]]},"properties":{"id_pk":"PK_30189_104","nom":null,"insee":"30189","commune":"Nîmes","source":"osm","id_source":"w926719161","surf_m2":2596.3,"nb_pl_est":68,"nb_pl_reel":null,"nb_places":68,"stat_auto":"public","statut":null,"proprio":"commune","part_pub":1.0,"acces_osm":null,"payant":null,"sud_canal":false,"a_verif":false,"motif_ver":"","cle":"osm:w926719161","revue":{"statut":"a_revoir"}}},{"type":"Feature","geometry":{"type":"Polygon","coordinates":[[[4.374972,43.811871],[4.374984,43.811781],[4.375024,43.811706],[4.375095,43.811645],[4.375189,43.811603],[4.375297,43.811585],[4.375408,43.811592],[4.375509,43.811625],[4.37559,43.811679],[4.375643,43.81175],[4.37566,43.811812],[4.375661,43.811855],[4.375646,43.811907],[4.375616,43.811956],[4.375571,43.811999],[4.375516,43.812034],[4.375451,43.812057],[4.375482,43.812101],[4.375627,43.812136],[4.375834,43.811914],[4.375836,43.81173],[4.375787,43.81162],[4.375675,43.811534],[4.3755,43.811448],[4.375153,43.811428],[4.374997,43.811494],[4.374829,43.811579],[4.374748,43.811721],[4.374746,43.811801],[4.374774,43.811892],[4.374972,43.811871]]]},"properties":{"id_pk":"PK_30189_105","nom":null,"insee":"30189","commune":"Nîmes","source":"osm","id_source":"w929889650","surf_m2":2582.6,"nb_pl_est":68,"nb_pl_reel":null,"nb_places":68,"stat_auto":"prive","statut":null,"proprio":"pm_privee","part_pub":0.0,"acces_osm":"yes","payant":null,"sud_canal":false,"a_verif":true,"motif_ver":"foncier privé mais accès OSM « yes »","cle":"osm:w929889650","revue":{"statut":"a_revoir"}}},{"type":"Feature","geometry":{"type":"Polygon","coordinates":[[[4.318053,43.820423],[4.319101,43.82037],[4.319399,43.820234],[4.319381,43.820149],[4.31858,43.820201],[4.318563,43.820041],[4.318508,43.820011],[4.318303,43.820169],[4.318312,43.820203],[4.31826,43.820223],[4.317994,43.820243],[4.318053,43.820423]]]},"properties":{"id_pk":"PK_30189_106","nom":null,"insee":"30189","commune":"Nîmes","source":"osm","id_source":"w571346560","surf_m2":2577.2,"nb_pl_est":68,"nb_pl_reel":null,"nb_places":68,"stat_auto":"prive","statut":null,"proprio":"pp","part_pub":0.01,"acces_osm":null,"payant":null,"sud_canal":false,"a_verif":false,"motif_ver":"","cle":"osm:w571346560","revue":{"statut":"a_revoir"}}},{"type":"Feature","geometry":{"type":"Polygon","coordinates":[[[4.294125,43.861602],[4.294128,43.861566],[4.294188,43.861568],[4.294205,43.861377],[4.294025,43.861281],[4.293388,43.861282],[4.29323,43.86133],[4.293219,43.861428],[4.293247,43.861579],[4.294125,43.861602]]]},"properties":{"id_pk":"PK_30189_107","nom":null,"insee":"30189","commune":"Nîmes","source":"osm","id_source":"w281022482","surf_m2":2551.1,"nb_pl_est":67,"nb_pl_reel":null,"nb_places":67,"stat_auto":"prive","statut":null,"proprio":"pp","part_pub":0.0,"acces_osm":null,"payant":null,"sud_canal":false,"a_verif":false,"motif_ver":"","cle":"osm:w281022482","revue":{"statut":"a_revoir"}}},{"type":"Feature","geometry":{"type":"Polygon","coordinates":[[[4.389187,43.840925],[4.38906,43.841277],[4.389082,43.841282],[4.389047,43.841374],[4.388877,43.841336],[4.388688,43.841303],[4.388499,43.84167],[4.388726,43.841683],[4.388824,43.841458],[4.388938,43.841472],[4.38895,43.841438],[4.389003,43.841449],[4.38919,43.841411],[4.389332,43.841436],[4.389399,43.841276],[4.389243,43.841252],[4.389375,43.840952],[4.389153,43.840515],[4.389023,43.84056],[4.388981,43.840662],[4.389055,43.840674],[4.389187,43.840925]]]},"properties":{"id_pk":"PK_30189_108","nom":null,"insee":"30189","commune":"Nîmes","source":"osm","id_source":"w1170949779","surf_m2":2519.6,"nb_pl_est":66,"nb_pl_reel":null,"nb_places":66,"stat_auto":"prive","statut":null,"proprio":"pm_privee","part_pub":0.04,"acces_osm":null,"payant":null,"sud_canal":false,"a_verif":false,"motif_ver":"","cle":"osm:w1170949779","revue":{"statut":"a_revoir"}}},{"type":"Feature","geometry":{"type":"Polygon","coordinates":[[[4.344798,43.822332],[4.344816,43.822306],[4.344837,43.822278],[4.344986,43.822274],[4.345015,43.822198],[4.344922,43.822123],[4.344311,43.82197],[4.343691,43.82177],[4.343583,43.821945],[4.344798,43.822332]]]},"properties":{"id_pk":"PK_30189_109","nom":null,"insee":"30189","commune":"Nîmes","source":"osm","id_source":"w578901135","surf_m2":2509.2,"nb_pl_est":66,"nb_pl_reel":null,"nb_places":66,"stat_auto":"public","statut":null,"proprio":"commune","part_pub":1.0,"acces_osm":"yes","payant":null,"sud_canal":false,"a_verif":false,"motif_ver":"","cle":"osm:w578901135","revue":{"statut":"a_revoir"}}},{"type":"Feature","geometry":{"type":"Polygon","coordinates":[[[4.330961,43.817643],[4.330799,43.817907],[4.330789,43.81798],[4.330828,43.818046],[4.331295,43.818197],[4.331382,43.818052],[4.331481,43.818085],[4.331632,43.817842],[4.330961,43.817643]]]},"properties":{"id_pk":"PK_30189_110","nom":null,"insee":"30189","commune":"Nîmes","source":"osm","id_source":"w732082227","surf_m2":2491.7,"nb_pl_est":65,"nb_pl_reel":null,"nb_places":65,"stat_auto":"public","statut":null,"proprio":"etab_public","part_pub":1.0,"acces_osm":null,"payant":null,"sud_canal":false,"a_verif":false,"motif_ver":"","cle":"osm:w732082227","revue":{"statut":"a_revoir"}}},{"type":"Feature","geometry":{"type":"Polygon","coordinates":[[[4.372013,43.811645],[4.372041,43.811602],[4.372098,43.811405],[4.37161,43.811009],[4.371549,43.810994],[4.371507,43.811003],[4.371312,43.811422],[4.372013,43.811645]]]},"properties":{"id_pk":"PK_30189_111","nom":null,"insee":"30189","commune":"Nîmes","source":"osm","id_source":"w356430446","surf_m2":2485.8,"nb_pl_est":65,"nb_pl_reel":null,"nb_places":65,"stat_auto":"prive","statut":null,"proprio":"pm_privee","part_pub":0.03,"acces_osm":"permissive","payant":null,"sud_canal":false,"a_verif":true,"motif_ver":"foncier privé mais accès OSM « permissive »","cle":"osm:w356430446","revue":{"statut":"a_revoir"}}},{"type":"Feature","geometry":{"type":"Polygon","coordinates":[[[4.353576,43.815092],[4.354415,43.815217],[4.35459,43.814627],[4.353908,43.814521],[4.353866,43.81467],[4.354415,43.814752],[4.354333,43.81502],[4.353865,43.814949],[4.353841,43.81503],[4.353604,43.814995],[4.353576,43.815092]]]},"properties":{"id_pk":"PK_30189_112","nom":null,"insee":"30189","commune":"Nîmes","source":"osm","id_source":"w156000559","surf_m2":2483.2,"nb_pl_est":65,"nb_pl_reel":null,"nb_places":65,"stat_auto":"prive","statut":null,"proprio":"pm_privee","part_pub":0.01,"acces_osm":null,"payant":null,"sud_canal":false,"a_verif":false,"motif_ver":"","cle":"osm:w156000559","revue":{"statut":"a_revoir"}}},{"type":"Feature","geometry":{"type":"Polygon","coordinates":[[[4.407944,43.862194],[4.408028,43.862227],[4.40839,43.86174],[4.407948,43.861569],[4.407587,43.862056],[4.407944,43.862194]]]},"properties":{"id_pk":"PK_30189_113","nom":null,"insee":"30189","commune":"Nîmes","source":"osm","id_source":"w1058981131","surf_m2":2472.9,"nb_pl_est":65,"nb_pl_reel":null,"nb_places":65,"stat_auto":"public","statut":null,"proprio":"etat","part_pub":1.0,"acces_osm":"private","payant":null,"sud_canal":false,"a_verif":true,"motif_ver":"foncier public mais accès OSM « private »","cle":"osm:w1058981131","revue":{"statut":"a_revoir"}}},{"type":"Feature","geometry":{"type":"Polygon","coordinates":[[[4.369439,43.823355],[4.36976,43.823046],[4.369229,43.822734],[4.368884,43.823055],[4.369439,43.823355]]]},"properties":{"id_pk":"PK_30189_114","nom":null,"insee":"30189","commune":"Nîmes","source":"osm","id_source":"w708018728","surf_m2":2440.9,"nb_pl_est":64,"nb_pl_reel":null,"nb_places":64,"stat_auto":"prive","statut":null,"proprio":"pp","part_pub":0.0,"acces_osm":null,"payant":null,"sud_canal":false,"a_verif":false,"motif_ver":"","cle":"osm:w708018728","revue":{"statut":"a_revoir"}}},{"type":"Feature","geometry":{"type":"Polygon","coordinates":[[[4.326137,43.807738],[4.326186,43.807564],[4.325668,43.807325],[4.325756,43.807226],[4.325509,43.807083],[4.325431,43.807135],[4.325389,43.807281],[4.325412,43.807346],[4.325472,43.807419],[4.325605,43.807497],[4.325575,43.807535],[4.325677,43.807589],[4.325628,43.807628],[4.325727,43.807682],[4.325699,43.807721],[4.325999,43.807888],[4.326137,43.807738]]]},"properties":{"id_pk":"PK_30189_115","nom":null,"insee":"30189","commune":"Nîmes","source":"osm","id_source":"w1044053950","surf_m2":2435.7,"nb_pl_est":64,"nb_pl_reel":null,"nb_places":64,"stat_auto":"prive","statut":null,"proprio":"pm_privee","part_pub":0.0,"acces_osm":null,"payant":null,"sud_canal":false,"a_verif":false,"motif_ver":"","cle":"osm:w1044053950","revue":{"statut":"a_revoir"}}},{"type":"Feature","geometry":{"type":"Polygon","coordinates":[[[4.358874,43.820805],[4.358816,43.820832],[4.35936,43.821399],[4.359393,43.821383],[4.359471,43.821346],[4.359351,43.821209],[4.359564,43.821099],[4.359574,43.821084],[4.35909,43.820578],[4.359011,43.820649],[4.358931,43.820706],[4.358831,43.820763],[4.358874,43.820805]]]},"properties":{"id_pk":"PK_30189_116","nom":null,"insee":"30189","commune":"Nîmes","source":"osm","id_source":"w1100619581","surf_m2":2416.4,"nb_pl_est":63,"nb_pl_reel":null,"nb_places":63,"stat_auto":"public","statut":null,"proprio":"epci","part_pub":0.74,"acces_osm":"private","payant":null,"sud_canal":false,"a_verif":true,"motif_ver":"foncier public mais accès OSM « private »","cle":"osm:w1100619581","revue":{"statut":"a_revoir"}}},{"type":"Feature","geometry":{"type":"Polygon","coordinates":[[[4.357537,43.818456],[4.358088,43.818541],[4.358225,43.81808],[4.357672,43.818],[4.357537,43.818456]]]},"properties":{"id_pk":"PK_30189_117","nom":null,"insee":"30189","commune":"Nîmes","source":"osm","id_source":"w242230487","surf_m2":2362.7,"nb_pl_est":62,"nb_pl_reel":null,"nb_places":62,"stat_auto":"public","statut":null,"proprio":"epci","part_pub":1.0,"acces_osm":null,"payant":null,"sud_canal":false,"a_verif":false,"motif_ver":"","cle":"osm:w242230487","revue":{"statut":"a_revoir"}}},{"type":"Feature","geometry":{"type":"Polygon","coordinates":[[[4.341177,43.817707],[4.34124,43.818084],[4.341281,43.818166],[4.341607,43.818328],[4.341798,43.818118],[4.341712,43.817982],[4.341767,43.817931],[4.341175,43.817569],[4.341177,43.817707]]]},"properties":{"id_pk":"PK_30189_118","nom":null,"insee":"30189","commune":"Nîmes","source":"osm","id_source":"w505004879","surf_m2":2344.4,"nb_pl_est":61,"nb_pl_reel":null,"nb_places":61,"stat_auto":"prive","statut":null,"proprio":"pm_privee","part_pub":0.0,"acces_osm":null,"payant":null,"sud_canal":false,"a_verif":false,"motif_ver":"","cle":"osm:w505004879","revue":{"statut":"a_revoir"}}},{"type":"Feature","geometry":{"type":"Polygon","coordinates":[[[4.349752,43.78757],[4.350294,43.78723],[4.350304,43.787155],[4.350185,43.787109],[4.349944,43.787051],[4.34982,43.787053],[4.349748,43.787074],[4.3494,43.787393],[4.349752,43.78757]]]},"properties":{"id_pk":"PK_30189_119","nom":null,"insee":"30189","commune":"Nîmes","source":"osm","id_source":"w505309543","surf_m2":2335.8,"nb_pl_est":61,"nb_pl_reel":null,"nb_places":61,"stat_auto":"public","statut":null,"proprio":"commune","part_pub":1.0,"acces_osm":null,"payant":null,"sud_canal":false,"a_verif":false,"motif_ver":"","cle":"osm:w505309543","revue":{"statut":"a_revoir"}}},{"type":"Feature","geometry":{"type":"Polygon","coordinates":[[[4.371819,43.81277],[4.371662,43.813017],[4.372073,43.813165],[4.372392,43.813279],[4.37242,43.813242],[4.372449,43.813252],[4.372716,43.812835],[4.372672,43.812819],[4.37266,43.812837],[4.372541,43.813012],[4.372507,43.812999],[4.372285,43.812924],[4.372247,43.81298],[4.372171,43.812954],[4.372212,43.812898],[4.371923,43.812797],[4.371885,43.812787],[4.372003,43.812602],[4.372017,43.81258],[4.371962,43.812561],[4.371819,43.81277]]]},"properties":{"id_pk":"PK_30189_120","nom":null,"insee":"30189","commune":"Nîmes","source":"osm","id_source":"w536020445","surf_m2":2334.2,"nb_pl_est":61,"nb_pl_reel":null,"nb_places":61,"stat_auto":"public","statut":null,"proprio":"departement","part_pub":1.0,"acces_osm":null,"payant":null,"sud_canal":false,"a_verif":false,"motif_ver":"","cle":"osm:w536020445","revue":{"statut":"a_revoir"}}},{"type":"Feature","geometry":{"type":"Polygon","coordinates":[[[4.40379,43.826979],[4.404257,43.827045],[4.404521,43.827145],[4.404691,43.826894],[4.404072,43.826656],[4.404036,43.826629],[4.403908,43.826703],[4.403823,43.826697],[4.403811,43.826771],[4.403832,43.826797],[4.403815,43.826824],[4.403794,43.826864],[4.40379,43.826979]]]},"properties":{"id_pk":"PK_30189_121","nom":null,"insee":"30189","commune":"Nîmes","source":"osm","id_source":"w281312698","surf_m2":2322.8,"nb_pl_est":61,"nb_pl_reel":null,"nb_places":61,"stat_auto":"public","statut":null,"proprio":"commune","part_pub":1.0,"acces_osm":null,"payant":null,"sud_canal":false,"a_verif":false,"motif_ver":"","cle":"osm:w281312698","revue":{"statut":"a_revoir"}}},{"type":"Feature","geometry":{"type":"Polygon","coordinates":[[[4.328655,43.831325],[4.328923,43.831063],[4.328567,43.830895],[4.328354,43.831119],[4.328115,43.83137],[4.328146,43.831449],[4.328441,43.831569],[4.328655,43.831325]]]},"properties":{"id_pk":"PK_30189_122","nom":"Place Pierre de Fermat","insee":"30189","commune":"Nîmes","source":"osm","id_source":"w40801992","surf_m2":2307.0,"nb_pl_est":60,"nb_pl_reel":null,"nb_places":60,"stat_auto":"mixte","statut":null,"proprio":"pm_privee","part_pub":0.22,"acces_osm":null,"payant":null,"sud_canal":false,"a_verif":true,"motif_ver":"foncier mixte (22% public)","cle":"osm:w40801992","revue":{"statut":"a_revoir"}}},{"type":"Feature","geometry":{"type":"Polygon","coordinates":[[[4.350147,43.816004],[4.349041,43.815708],[4.34909,43.815853],[4.34909,43.815884],[4.349029,43.81587],[4.348896,43.816142],[4.348938,43.816165],[4.348943,43.816188],[4.349235,43.81626],[4.349406,43.815916],[4.350108,43.816103],[4.350147,43.816004]]]},"properties":{"id_pk":"PK_30189_123","nom":null,"insee":"30189","commune":"Nîmes","source":"osm","id_source":"w928168861","surf_m2":2246.6,"nb_pl_est":59,"nb_pl_reel":null,"nb_places":59,"stat_auto":"prive","statut":null,"proprio":"pm_privee","part_pub":0.01,"acces_osm":null,"payant":null,"sud_canal":false,"a_verif":false,"motif_ver":"","cle":"osm:w928168861","revue":{"statut":"a_revoir"}}},{"type":"Feature","geometry":{"type":"Polygon","coordinates":[[[4.35587,43.814334],[4.355851,43.81441],[4.355832,43.814501],[4.355868,43.814555],[4.356001,43.814604],[4.356185,43.814621],[4.356254,43.81458],[4.356295,43.814462],[4.356306,43.814403],[4.356308,43.814345],[4.356251,43.814297],[4.356145,43.81427],[4.356202,43.814083],[4.356376,43.814109],[4.356402,43.813977],[4.355995,43.81391],[4.355962,43.814013],[4.355902,43.814213],[4.35587,43.814334]]]},"properties":{"id_pk":"PK_30189_124","nom":null,"insee":"30189","commune":"Nîmes","source":"osm","id_source":"w156000558","surf_m2":2231.7,"nb_pl_est":58,"nb_pl_reel":null,"nb_places":58,"stat_auto":"prive","statut":null,"proprio":"pm_privee","part_pub":0.0,"acces_osm":null,"payant":null,"sud_canal":false,"a_verif":false,"motif_ver":"","cle":"osm:w156000558","revue":{"statut":"a_revoir"}}},{"type":"Feature","geometry":{"type":"Polygon","coordinates":[[[4.367833,43.822653],[4.367995,43.822479],[4.367704,43.822249],[4.367542,43.822177],[4.367626,43.822077],[4.367446,43.822006],[4.367144,43.822362],[4.367833,43.822653]]]},"properties":{"id_pk":"PK_30189_125","nom":null,"insee":"30189","commune":"Nîmes","source":"osm","id_source":"w237824150","surf_m2":2222.0,"nb_pl_est":58,"nb_pl_reel":null,"nb_places":58,"stat_auto":"prive","statut":null,"proprio":"pp","part_pub":0.01,"acces_osm":"private","payant":null,"sud_canal":false,"a_verif":false,"motif_ver":"","cle":"osm:w237824150","revue":{"statut":"a_revoir"}}},{"type":"Feature","geometry":{"type":"Polygon","coordinates":[[[4.38604,43.832991],[4.386214,43.832796],[4.386744,43.833034],[4.386806,43.832972],[4.386859,43.832912],[4.386333,43.832671],[4.38649,43.832487],[4.386261,43.832394],[4.386054,43.83263],[4.385829,43.832896],[4.38604,43.832991]]]},"properties":{"id_pk":"PK_30189_126","nom":null,"insee":"30189","commune":"Nîmes","source":"osm","id_source":"w45375673","surf_m2":2212.5,"nb_pl_est":58,"nb_pl_reel":null,"nb_places":58,"stat_auto":"public","statut":null,"proprio":"etab_public","part_pub":0.72,"acces_osm":null,"payant":null,"sud_canal":false,"a_verif":false,"motif_ver":"","cle":"osm:w45375673","revue":{"statut":"a_revoir"}}},{"type":"Feature","geometry":{"type":"Polygon","coordinates":[[[4.335354,43.824479],[4.335401,43.824399],[4.335436,43.824341],[4.335543,43.824376],[4.335972,43.823676],[4.335984,43.823656],[4.335942,43.823643],[4.335779,43.823593],[4.335746,43.823583],[4.335725,43.823619],[4.3357,43.823612],[4.335232,43.824387],[4.335205,43.824433],[4.335354,43.824479]]]},"properties":{"id_pk":"PK_30189_127","nom":null,"insee":"30189","commune":"Nîmes","source":"osm","id_source":"w578901150","surf_m2":2188.7,"nb_pl_est":58,"nb_pl_reel":null,"nb_places":58,"stat_auto":"public","statut":null,"proprio":"domaine_public","part_pub":1.0,"acces_osm":null,"payant":null,"sud_canal":false,"a_verif":false,"motif_ver":"","cle":"osm:w578901150","revue":{"statut":"a_revoir"}}},{"type":"Feature","geometry":{"type":"Polygon","coordinates":[[[4.308321,43.843983],[4.308262,43.843928],[4.308139,43.843851],[4.307979,43.8438],[4.307486,43.843726],[4.307158,43.843701],[4.306935,43.843716],[4.306856,43.843729],[4.306855,43.843758],[4.30677,43.843787],[4.306812,43.843895],[4.30695,43.843876],[4.307379,43.843868],[4.307734,43.84391],[4.3079,43.84393],[4.308108,43.844009],[4.308043,43.84408],[4.308171,43.844132],[4.308321,43.843983]]]},"properties":{"id_pk":"PK_30189_128","nom":null,"insee":"30189","commune":"Nîmes","source":"osm","id_source":"w1312320162","surf_m2":2185.6,"nb_pl_est":58,"nb_pl_reel":null,"nb_places":58,"stat_auto":"prive","statut":null,"proprio":"pm_privee","part_pub":0.04,"acces_osm":null,"payant":null,"sud_canal":false,"a_verif":false,"motif_ver":"","cle":"osm:w1312320162","revue":{"statut":"a_revoir"}}},{"type":"Feature","geometry":{"type":"Polygon","coordinates":[[[4.343024,43.772513],[4.342966,43.772542],[4.342871,43.772591],[4.342732,43.772661],[4.342615,43.772721],[4.342491,43.772784],[4.342432,43.772814],[4.342698,43.773087],[4.342777,43.773047],[4.342881,43.772994],[4.343004,43.772932],[4.343129,43.772868],[4.343239,43.772812],[4.34329,43.772786],[4.343024,43.772513]]]},"properties":{"id_pk":"PK_30189_129","nom":null,"insee":"30189","commune":"Nîmes","source":"osm","id_source":"w806338878","surf_m2":2166.8,"nb_pl_est":57,"nb_pl_reel":null,"nb_places":57,"stat_auto":"prive","statut":null,"proprio":"pm_privee","part_pub":0.0,"acces_osm":"private","payant":null,"sud_canal":false,"a_verif":false,"motif_ver":"","cle":"osm:w806338878","revue":{"statut":"a_revoir"}}},{"type":"Feature","geometry":{"type":"Polygon","coordinates":[[[4.356621,43.810849],[4.356698,43.810841],[4.356753,43.810823],[4.356879,43.81084],[4.356928,43.810655],[4.356929,43.810462],[4.356886,43.81036],[4.356791,43.810338],[4.356461,43.810338],[4.356483,43.81041],[4.356406,43.810515],[4.356394,43.810666],[4.35646,43.810769],[4.356384,43.810838],[4.356621,43.810849]]]},"properties":{"id_pk":"PK_30189_130","nom":null,"insee":"30189","commune":"Nîmes","source":"osm","id_source":"w1387344569","surf_m2":2166.4,"nb_pl_est":57,"nb_pl_reel":null,"nb_places":57,"stat_auto":"public","statut":null,"proprio":"commune","part_pub":1.0,"acces_osm":"yes","payant":"no","sud_canal":false,"a_verif":false,"motif_ver":"","cle":"osm:w1387344569","revue":{"statut":"a_revoir"}}},{"type":"Feature","geometry":{"type":"Polygon","coordinates":[[[4.396688,43.846792],[4.39687,43.846782],[4.396967,43.846765],[4.397055,43.846737],[4.397537,43.8466],[4.397519,43.846582],[4.39655,43.846498],[4.396511,43.846494],[4.396214,43.84647],[4.396177,43.846488],[4.396433,43.846703],[4.396437,43.846723],[4.396515,43.846762],[4.396598,43.846785],[4.396688,43.846792]]]},"properties":{"id_pk":"PK_30189_131","nom":null,"insee":"30189","commune":"Nîmes","source":"osm","id_source":"w431606055","surf_m2":2152.3,"nb_pl_est":57,"nb_pl_reel":null,"nb_places":57,"stat_auto":"public","statut":null,"proprio":"domaine_public","part_pub":1.0,"acces_osm":"yes","payant":"no","sud_canal":false,"a_verif":false,"motif_ver":"","cle":"osm:w431606055","revue":{"statut":"a_revoir"}}},{"type":"Feature","geometry":{"type":"Polygon","coordinates":[[[4.383847,43.843211],[4.383691,43.843062],[4.383599,43.842881],[4.383132,43.842952],[4.382991,43.843284],[4.383126,43.84331],[4.383344,43.843359],[4.383427,43.843196],[4.383809,43.843283],[4.383847,43.843211]]]},"properties":{"id_pk":"PK_30189_132","nom":"Place de Bir Hakeim","insee":"30189","commune":"Nîmes","source":"osm","id_source":"w40648175","surf_m2":2150.3,"nb_pl_est":57,"nb_pl_reel":null,"nb_places":57,"stat_auto":"public","statut":null,"proprio":"domaine_public","part_pub":1.0,"acces_osm":null,"payant":null,"sud_canal":false,"a_verif":false,"motif_ver":"","cle":"osm:w40648175","revue":{"statut":"a_revoir"}}},{"type":"Feature","geometry":{"type":"Polygon","coordinates":[[[4.364357,43.810011],[4.364612,43.809464],[4.364416,43.809419],[4.36433,43.809622],[4.364132,43.809574],[4.364108,43.809618],[4.364014,43.809593],[4.363909,43.809822],[4.363772,43.809791],[4.363725,43.809873],[4.364131,43.809962],[4.364148,43.809966],[4.364259,43.809992],[4.364357,43.810011]]]},"properties":{"id_pk":"PK_30189_133","nom":null,"insee":"30189","commune":"Nîmes","source":"osm","id_source":"w183019102","surf_m2":2137.3,"nb_pl_est":57,"nb_pl_reel":null,"nb_places":57,"stat_auto":"prive","statut":null,"proprio":"pm_privee","part_pub":0.02,"acces_osm":"customers","payant":"no","sud_canal":false,"a_verif":false,"motif_ver":"","cle":"osm:w183019102","revue":{"statut":"a_revoir"}}},{"type":"Feature","geometry":{"type":"Polygon","coordinates":[[[4.354307,43.819207],[4.3545,43.81859],[4.354372,43.818524],[4.354175,43.818533],[4.354128,43.818565],[4.353972,43.819194],[4.354307,43.819207]]]},"properties":{"id_pk":"PK_30189_134","nom":null,"insee":"30189","commune":"Nîmes","source":"osm","id_source":"w928168878","surf_m2":2123.3,"nb_pl_est":57,"nb_pl_reel":null,"nb_places":57,"stat_auto":"prive","statut":null,"proprio":"pm_privee","part_pub":0.07,"acces_osm":null,"payant":null,"sud_canal":false,"a_verif":false,"motif_ver":"","cle":"osm:w928168878","revue":{"statut":"a_revoir"}}},{"type":"Feature","geometry":{"type":"Polygon","coordinates":[[[4.349457,43.818707],[4.348752,43.818499],[4.348578,43.818772],[4.34926,43.818988],[4.349457,43.818707]]]},"properties":{"id_pk":"PK_30189_135","nom":null,"insee":"30189","commune":"Nîmes","source":"osm","id_source":"w954232979","surf_m2":2069.4,"nb_pl_est":56,"nb_pl_reel":null,"nb_places":56,"stat_auto":"prive","statut":null,"proprio":"pm_privee","part_pub":0.17,"acces_osm":null,"payant":null,"sud_canal":false,"a_verif":false,"motif_ver":"","cle":"osm:w954232979","revue":{"statut":"a_revoir"}}},{"type":"Feature","geometry":{"type":"Polygon","coordinates":[[[4.319394,43.821145],[4.319885,43.820761],[4.319745,43.820692],[4.319708,43.820692],[4.31953,43.820697],[4.319528,43.820657],[4.319263,43.820663],[4.31927,43.820708],[4.319219,43.82071],[4.31918,43.820716],[4.319178,43.820689],[4.319102,43.820697],[4.319229,43.821077],[4.319222,43.821139],[4.319394,43.821145]]]},"properties":{"id_pk":"PK_30189_136","nom":null,"insee":"30189","commune":"Nîmes","source":"osm","id_source":"w904596704","surf_m2":2045.9,"nb_pl_est":56,"nb_pl_reel":null,"nb_places":56,"stat_auto":"prive","statut":null,"proprio":"pm_privee","part_pub":0.19,"acces_osm":"customers","payant":"no","sud_canal":false,"a_verif":false,"motif_ver":"","cle":"osm:w904596704","revue":{"statut":"a_revoir"}}},{"type":"Feature","geometry":{"type":"Polygon","coordinates":[[[4.358335,43.816947],[4.357224,43.816772],[4.357205,43.816851],[4.357275,43.816879],[4.357376,43.816925],[4.357465,43.816985],[4.357527,43.817039],[4.357546,43.817065],[4.35759,43.817071],[4.358037,43.81714],[4.358059,43.817143],[4.358086,43.817148],[4.358265,43.817175],[4.358335,43.816947]]]},"properties":{"id_pk":"PK_30189_137","nom":null,"insee":"30189","commune":"Nîmes","source":"osm","id_source":"w157100339","surf_m2":2042.1,"nb_pl_est":56,"nb_pl_reel":null,"nb_places":56,"stat_auto":"public","statut":null,"proprio":"commune","part_pub":1.0,"acces_osm":null,"payant":null,"sud_canal":false,"a_verif":false,"motif_ver":"","cle":"osm:w157100339","revue":{"statut":"a_revoir"}}},{"type":"Feature","geometry":{"type":"Polygon","coordinates":[[[4.363611,43.827644],[4.36366,43.827614],[4.363688,43.827627],[4.363711,43.827638],[4.363766,43.827585],[4.363595,43.827104],[4.363267,43.827151],[4.36303,43.827366],[4.363611,43.827644]]]},"properties":{"id_pk":"PK_30189_138","nom":null,"insee":"30189","commune":"Nîmes","source":"osm","id_source":"w572201148","surf_m2":2036.0,"nb_pl_est":56,"nb_pl_reel":null,"nb_places":56,"stat_auto":"prive","statut":null,"proprio":"hlm","part_pub":0.0,"acces_osm":null,"payant":null,"sud_canal":false,"a_verif":false,"motif_ver":"","cle":"osm:w572201148","revue":{"statut":"a_revoir"}}},{"type":"Feature","geometry":{"type":"Polygon","coordinates":[[[4.405212,43.87627],[4.405357,43.876228],[4.40548,43.876162],[4.405674,43.876006],[4.405787,43.875902],[4.405883,43.875769],[4.405924,43.875671],[4.405467,43.875621],[4.405359,43.875928],[4.405279,43.876089],[4.405238,43.876165],[4.4052,43.876184],[4.405157,43.876183],[4.405212,43.87627]]]},"properties":{"id_pk":"PK_30189_139","nom":null,"insee":"30189","commune":"Nîmes","source":"osm","id_source":"w773642591","surf_m2":1983.4,"nb_pl_est":55,"nb_pl_reel":null,"nb_places":55,"stat_auto":"public","statut":null,"proprio":"commune","part_pub":1.0,"acces_osm":null,"payant":"no","sud_canal":false,"a_verif":false,"motif_ver":"","cle":"osm:w773642591","revue":{"statut":"a_revoir"}}},{"type":"Feature","geometry":{"type":"Polygon","coordinates":[[[4.401171,43.854804],[4.40145,43.855057],[4.401544,43.855038],[4.40173,43.854936],[4.401693,43.8549],[4.401956,43.854755],[4.401699,43.854496],[4.401423,43.854658],[4.401171,43.854804]]]},"properties":{"id_pk":"PK_30189_140","nom":null,"insee":"30189","commune":"Nîmes","source":"osm","id_source":"w1170949776","surf_m2":1978.5,"nb_pl_est":55,"nb_pl_reel":null,"nb_places":55,"stat_auto":"prive","statut":null,"proprio":"pp","part_pub":0.0,"acces_osm":null,"payant":null,"sud_canal":false,"a_verif":false,"motif_ver":"","cle":"osm:w1170949776","revue":{"statut":"a_revoir"}}},{"type":"Feature","geometry":{"type":"Polygon","coordinates":[[[4.392786,43.843626],[4.392848,43.843585],[4.392919,43.843592],[4.39292,43.843531],[4.392874,43.843524],[4.392847,43.843492],[4.39286,43.843454],[4.392899,43.843437],[4.393029,43.843015],[4.393137,43.843033],[4.393193,43.842846],[4.39296,43.842813],[4.39285,43.84326],[4.392385,43.843158],[4.392314,43.843225],[4.392786,43.843626]]]},"properties":{"id_pk":"PK_30189_141","nom":null,"insee":"30189","commune":"Nîmes","source":"osm","id_source":"w1210783357","surf_m2":1968.4,"nb_pl_est":55,"nb_pl_reel":null,"nb_places":55,"stat_auto":"prive","statut":null,"proprio":"pm_privee","part_pub":0.04,"acces_osm":null,"payant":"no","sud_canal":false,"a_verif":false,"motif_ver":"","cle":"osm:w1210783357","revue":{"statut":"a_revoir"}}},{"type":"Feature","geometry":{"type":"Polygon","coordinates":[[[4.261601,43.860961],[4.261221,43.860476],[4.260979,43.860577],[4.261203,43.860882],[4.261245,43.861057],[4.261347,43.861185],[4.261515,43.861271],[4.261601,43.860961]]]},"properties":{"id_pk":"PK_30189_142","nom":null,"insee":"30189","commune":"Nîmes","source":"osm","id_source":"w1327070307","surf_m2":1967.3,"nb_pl_est":55,"nb_pl_reel":null,"nb_places":55,"stat_auto":"prive","statut":null,"proprio":"pm_privee","part_pub":0.02,"acces_osm":null,"payant":null,"sud_canal":false,"a_verif":false,"motif_ver":"","cle":"osm:w1327070307","revue":{"statut":"a_revoir"}}},{"type":"Feature","geometry":{"type":"Polygon","coordinates":[[[4.375431,43.842302],[4.375461,43.842341],[4.375397,43.842378],[4.375905,43.842919],[4.37637,43.84301],[4.376427,43.842872],[4.376052,43.842803],[4.375653,43.842395],[4.375748,43.842344],[4.375773,43.84233],[4.37566,43.842211],[4.375431,43.842302]]]},"properties":{"id_pk":"PK_30189_143","nom":null,"insee":"30189","commune":"Nîmes","source":"osm","id_source":"w1095391164","surf_m2":1961.1,"nb_pl_est":55,"nb_pl_reel":null,"nb_places":55,"stat_auto":"prive","statut":null,"proprio":"pm_privee","part_pub":0.0,"acces_osm":null,"payant":null,"sud_canal":false,"a_verif":false,"motif_ver":"","cle":"osm:w1095391164","revue":{"statut":"a_revoir"}}},{"type":"Feature","geometry":{"type":"Polygon","coordinates":[[[4.325342,43.83124],[4.325292,43.831218],[4.325502,43.830904],[4.325309,43.830823],[4.325092,43.830755],[4.324823,43.831189],[4.325293,43.831337],[4.325342,43.83124]]]},"properties":{"id_pk":"PK_30189_144","nom":null,"insee":"30189","commune":"Nîmes","source":"osm","id_source":"w944317133","surf_m2":1957.2,"nb_pl_est":55,"nb_pl_reel":null,"nb_places":55,"stat_auto":"public","statut":null,"proprio":"domaine_public","part_pub":0.91,"acces_osm":null,"payant":null,"sud_canal":false,"a_verif":false,"motif_ver":"","cle":"osm:w944317133","revue":{"statut":"a_revoir"}}},{"type":"Feature","geometry":{"type":"Polygon","coordinates":[[[4.343694,43.814782],[4.343609,43.814795],[4.343413,43.814739],[4.343242,43.814919],[4.343161,43.815003],[4.343267,43.815043],[4.343375,43.815084],[4.343567,43.814954],[4.343897,43.815123],[4.344057,43.815096],[4.34393,43.814673],[4.343694,43.814782]]]},"properties":{"id_pk":"PK_30189_145","nom":null,"insee":"30189","commune":"Nîmes","source":"osm","id_source":"w296627600","surf_m2":1951.9,"nb_pl_est":55,"nb_pl_reel":null,"nb_places":55,"stat_auto":"prive","statut":null,"proprio":"pm_privee","part_pub":0.03,"acces_osm":null,"payant":null,"sud_canal":false,"a_verif":false,"motif_ver":"","cle":"osm:w296627600","revue":{"statut":"a_revoir"}}},{"type":"Feature","geometry":{"type":"Polygon","coordinates":[[[4.321388,43.819763],[4.321858,43.820055],[4.321989,43.820081],[4.322082,43.820053],[4.32213,43.819974],[4.322047,43.819894],[4.321749,43.819744],[4.321756,43.819728],[4.321738,43.81971],[4.321265,43.819498],[4.321109,43.819478],[4.321062,43.81956],[4.32117,43.819646],[4.321388,43.819763]]]},"properties":{"id_pk":"PK_30189_146","nom":null,"insee":"30189","commune":"Nîmes","source":"osm","id_source":"w966730296","surf_m2":1950.7,"nb_pl_est":55,"nb_pl_reel":null,"nb_places":55,"stat_auto":"public","statut":null,"proprio":"domaine_public","part_pub":1.0,"acces_osm":null,"payant":null,"sud_canal":false,"a_verif":false,"motif_ver":"","cle":"osm:w966730296","revue":{"statut":"a_revoir"}}},{"type":"Feature","geometry":{"type":"Polygon","coordinates":[[[4.342923,43.829233],[4.343045,43.829129],[4.342956,43.82887],[4.342875,43.828832],[4.342455,43.828809],[4.342506,43.829267],[4.342923,43.829233]]]},"properties":{"id_pk":"PK_30189_147","nom":null,"insee":"30189","commune":"Nîmes","source":"osm","id_source":"w926215931","surf_m2":1927.6,"nb_pl_est":55,"nb_pl_reel":null,"nb_places":55,"stat_auto":"public","statut":null,"proprio":"commune","part_pub":1.0,"acces_osm":null,"payant":null,"sud_canal":false,"a_verif":false,"motif_ver":"","cle":"osm:w926215931","revue":{"statut":"a_revoir"}}},{"type":"Feature","geometry":{"type":"Polygon","coordinates":[[[4.33158,43.811818],[4.331369,43.811636],[4.330969,43.811345],[4.330913,43.811324],[4.330756,43.811211],[4.330735,43.811226],[4.330678,43.811185],[4.330698,43.811168],[4.330645,43.811129],[4.330623,43.811143],[4.330572,43.811108],[4.330592,43.811092],[4.330521,43.811039],[4.330465,43.811025],[4.330424,43.811094],[4.330425,43.811142],[4.330459,43.811193],[4.330512,43.811228],[4.331446,43.811899],[4.33158,43.811818]]]},"properties":{"id_pk":"PK_30189_148","nom":null,"insee":"30189","commune":"Nîmes","source":"osm","id_source":"w935861065","surf_m2":1886.2,"nb_pl_est":54,"nb_pl_reel":null,"nb_places":54,"stat_auto":"prive","statut":null,"proprio":"pm_privee","part_pub":0.0,"acces_osm":null,"payant":null,"sud_canal":false,"a_verif":false,"motif_ver":"","cle":"osm:w935861065","revue":{"statut":"a_revoir"}}},{"type":"Feature","geometry":{"type":"Polygon","coordinates":[[[4.309654,43.814981],[4.309555,43.814907],[4.30966,43.81482],[4.309517,43.814724],[4.309605,43.814655],[4.309566,43.814628],[4.309621,43.814581],[4.309486,43.814485],[4.309422,43.814433],[4.309035,43.814751],[4.309492,43.815079],[4.309654,43.814981]]]},"properties":{"id_pk":"PK_30189_149","nom":null,"insee":"30189","commune":"Nîmes","source":"osm","id_source":"w1215419151","surf_m2":1880.9,"nb_pl_est":54,"nb_pl_reel":null,"nb_places":54,"stat_auto":"prive","statut":null,"proprio":"pp","part_pub":0.0,"acces_osm":null,"payant":null,"sud_canal":false,"a_verif":false,"motif_ver":"","cle":"osm:w1215419151","revue":{"statut":"a_revoir"}}},{"type":"Feature","geometry":{"type":"Polygon","coordinates":[[[4.364283,43.807874],[4.364217,43.807867],[4.364121,43.808156],[4.364272,43.808184],[4.364353,43.808203],[4.364426,43.808036],[4.364482,43.807917],[4.364771,43.807905],[4.364779,43.807887],[4.365113,43.807968],[4.36508,43.80804],[4.365232,43.808095],[4.36533,43.807884],[4.365249,43.807801],[4.364313,43.807819],[4.364283,43.807874]]]},"properties":{"id_pk":"PK_30189_150","nom":null,"insee":"30189","commune":"Nîmes","source":"osm","id_source":"w156184403","surf_m2":1875.7,"nb_pl_est":54,"nb_pl_reel":null,"nb_places":54,"stat_auto":"prive","statut":null,"proprio":"pm_privee","part_pub":0.0,"acces_osm":"customers","payant":"no","sud_canal":false,"a_verif":false,"motif_ver":"","cle":"osm:w156184403","revue":{"statut":"a_revoir"}}},{"type":"Feature","geometry":{"type":"Polygon","coordinates":[[[4.365536,43.820955],[4.365635,43.820651],[4.365427,43.820624],[4.365055,43.821287],[4.365188,43.821333],[4.365162,43.821455],[4.365242,43.821389],[4.365372,43.821339],[4.365536,43.820955]]]},"properties":{"id_pk":"PK_30189_151","nom":null,"insee":"30189","commune":"Nîmes","source":"osm","id_source":"w929882642","surf_m2":1866.2,"nb_pl_est":54,"nb_pl_reel":null,"nb_places":54,"stat_auto":"prive","statut":null,"proprio":"pp","part_pub":0.09,"acces_osm":null,"payant":null,"sud_canal":false,"a_verif":false,"motif_ver":"","cle":"osm:w929882642","revue":{"statut":"a_revoir"}}},{"type":"Feature","geometry":{"type":"Polygon","coordinates":[[[4.386379,43.848983],[4.38651,43.84874],[4.386444,43.848737],[4.386353,43.848734],[4.386225,43.848647],[4.385903,43.848735],[4.385895,43.848768],[4.385964,43.848942],[4.386031,43.849156],[4.386344,43.849156],[4.386379,43.848983]]]},"properties":{"id_pk":"PK_30189_152","nom":null,"insee":"30189","commune":"Nîmes","source":"osm","id_source":"w40109387","surf_m2":1865.5,"nb_pl_est":54,"nb_pl_reel":null,"nb_places":54,"stat_auto":"public","statut":null,"proprio":"commune","part_pub":1.0,"acces_osm":"yes","payant":"no","sud_canal":false,"a_verif":false,"motif_ver":"","cle":"osm:w40109387","revue":{"statut":"a_revoir"}}},{"type":"Feature","geometry":{"type":"Polygon","coordinates":[[[4.370159,43.845907],[4.37018,43.84592],[4.370243,43.845979],[4.371287,43.845527],[4.371174,43.845386],[4.371127,43.845406],[4.370095,43.845842],[4.370159,43.845907]]]},"properties":{"id_pk":"PK_30189_153","nom":null,"insee":"30189","commune":"Nîmes","source":"osm","id_source":"w789698940","surf_m2":1850.9,"nb_pl_est":54,"nb_pl_reel":null,"nb_places":54,"stat_auto":"public","statut":null,"proprio":"commune","part_pub":1.0,"acces_osm":"yes","payant":"no","sud_canal":false,"a_verif":false,"motif_ver":"","cle":"osm:w789698940","revue":{"statut":"a_revoir"}}},{"type":"Feature","geometry":{"type":"Polygon","coordinates":[[[4.354352,43.824204],[4.35432,43.82435],[4.354408,43.824593],[4.354518,43.824635],[4.354789,43.824267],[4.354604,43.824204],[4.354766,43.823948],[4.354533,43.82387],[4.354352,43.824204]]]},"properties":{"id_pk":"PK_30189_154","nom":null,"insee":"30189","commune":"Nîmes","source":"osm","id_source":"w1470189187","surf_m2":1840.4,"nb_pl_est":53,"nb_pl_reel":null,"nb_places":53,"stat_auto":"public","statut":null,"proprio":"commune","part_pub":0.99,"acces_osm":"yes","payant":null,"sud_canal":false,"a_verif":false,"motif_ver":"","cle":"osm:w1470189187","revue":{"statut":"a_revoir"}}},{"type":"Feature","geometry":{"type":"Polygon","coordinates":[[[4.316259,43.812315],[4.316157,43.812393],[4.316407,43.812562],[4.316561,43.812448],[4.316657,43.812509],[4.316614,43.812543],[4.316869,43.812719],[4.317021,43.812607],[4.316255,43.812083],[4.316086,43.812203],[4.316259,43.812315]]]},"properties":{"id_pk":"PK_30189_155","nom":null,"insee":"30189","commune":"Nîmes","source":"osm","id_source":"w152451652","surf_m2":1810.2,"nb_pl_est":53,"nb_pl_reel":null,"nb_places":53,"stat_auto":"public","statut":null,"proprio":"etab_public","part_pub":1.0,"acces_osm":"permissive","payant":null,"sud_canal":false,"a_verif":false,"motif_ver":"","cle":"osm:w152451652","revue":{"statut":"a_revoir"}}},{"type":"Feature","geometry":{"type":"Polygon","coordinates":[[[4.337964,43.829539],[4.33783,43.829307],[4.337159,43.82887],[4.336952,43.829042],[4.337663,43.829419],[4.337964,43.829539]]]},"properties":{"id_pk":"PK_30189_156","nom":null,"insee":"30189","commune":"Nîmes","source":"osm","id_source":"w926212386","surf_m2":1797.1,"nb_pl_est":53,"nb_pl_reel":null,"nb_places":53,"stat_auto":"public","statut":null,"proprio":"commune","part_pub":1.0,"acces_osm":"private","payant":null,"sud_canal":false,"a_verif":true,"motif_ver":"foncier public mais accès OSM « private »","cle":"osm:w926212386","revue":{"statut":"a_revoir"}}},{"type":"Feature","geometry":{"type":"Polygon","coordinates":[[[4.36008,43.809533],[4.360171,43.809257],[4.359476,43.809138],[4.3594,43.809413],[4.36008,43.809533]]]},"properties":{"id_pk":"PK_30189_157","nom":null,"insee":"30189","commune":"Nîmes","source":"osm","id_source":"w961131612","surf_m2":1780.6,"nb_pl_est":53,"nb_pl_reel":null,"nb_places":53,"stat_auto":"prive","statut":null,"proprio":"pm_privee","part_pub":0.0,"acces_osm":"yes","payant":"no","sud_canal":false,"a_verif":true,"motif_ver":"foncier privé mais accès OSM « yes »","cle":"osm:w961131612","revue":{"statut":"a_revoir"}}},{"type":"Feature","geometry":{"type":"Polygon","coordinates":[[[4.373171,43.808483],[4.37244,43.808414],[4.372431,43.808456],[4.372363,43.808448],[4.372297,43.808814],[4.37236,43.808818],[4.372321,43.809003],[4.372658,43.809032],[4.372669,43.808984],[4.372497,43.808863],[4.372507,43.808819],[4.372575,43.808829],[4.372634,43.808538],[4.37316,43.808529],[4.373171,43.808483]]]},"properties":{"id_pk":"PK_30189_158","nom":null,"insee":"30189","commune":"Nîmes","source":"osm","id_source":"w1359089842","surf_m2":1774.8,"nb_pl_est":52,"nb_pl_reel":null,"nb_places":52,"stat_auto":"prive","statut":null,"proprio":"pm_privee","part_pub":0.0,"acces_osm":null,"payant":null,"sud_canal":false,"a_verif":false,"motif_ver":"","cle":"osm:w1359089842","revue":{"statut":"a_revoir"}}},{"type":"Feature","geometry":{"type":"Polygon","coordinates":[[[4.345903,43.822604],[4.345911,43.822581],[4.345955,43.822467],[4.345895,43.822394],[4.345722,43.822322],[4.345092,43.822175],[4.344981,43.82236],[4.345903,43.822604]]]},"properties":{"id_pk":"PK_30189_159","nom":null,"insee":"30189","commune":"Nîmes","source":"osm","id_source":"w926720397","surf_m2":1773.3,"nb_pl_est":52,"nb_pl_reel":null,"nb_places":52,"stat_auto":"public","statut":null,"proprio":"commune","part_pub":1.0,"acces_osm":"customers","payant":null,"sud_canal":false,"a_verif":true,"motif_ver":"foncier public mais accès OSM « customers »","cle":"osm:w926720397","revue":{"statut":"a_revoir"}}},{"type":"Feature","geometry":{"type":"Polygon","coordinates":[[[4.360353,43.807405],[4.360184,43.807936],[4.360526,43.808],[4.36071,43.807463],[4.360353,43.807405]]]},"properties":{"id_pk":"PK_30189_160","nom":null,"insee":"30189","commune":"Nîmes","source":"osm","id_source":"w156184699","surf_m2":1765.6,"nb_pl_est":52,"nb_pl_reel":null,"nb_places":52,"stat_auto":"prive","statut":null,"proprio":"pm_privee","part_pub":0.0,"acces_osm":"customers","payant":"no","sud_canal":false,"a_verif":false,"motif_ver":"","cle":"osm:w156184699","revue":{"statut":"a_revoir"}}},{"type":"Feature","geometry":{"type":"Polygon","coordinates":[[[4.402418,43.85643],[4.402438,43.855962],[4.40204,43.855958],[4.401967,43.856418],[4.402418,43.85643]]]},"properties":{"id_pk":"PK_30189_161","nom":null,"insee":"30189","commune":"Nîmes","source":"osm","id_source":"w242017215","surf_m2":1762.9,"nb_pl_est":52,"nb_pl_reel":null,"nb_places":52,"stat_auto":"prive","statut":null,"proprio":"pm_privee","part_pub":0.01,"acces_osm":null,"payant":null,"sud_canal":false,"a_verif":false,"motif_ver":"","cle":"osm:w242017215","revue":{"statut":"a_revoir"}}},{"type":"Feature","geometry":{"type":"Polygon","coordinates":[[[4.311219,43.813812],[4.311313,43.81386],[4.311398,43.813773],[4.310814,43.81343],[4.310862,43.813387],[4.310763,43.81333],[4.310695,43.813293],[4.310654,43.813324],[4.310406,43.813189],[4.31036,43.813218],[4.310479,43.813434],[4.31117,43.813846],[4.311219,43.813812]]]},"properties":{"id_pk":"PK_30189_162","nom":null,"insee":"30189","commune":"Nîmes","source":"osm","id_source":"w1016873467","surf_m2":1747.2,"nb_pl_est":52,"nb_pl_reel":null,"nb_places":52,"stat_auto":"prive","statut":null,"proprio":"pm_privee","part_pub":0.0,"acces_osm":null,"payant":null,"sud_canal":false,"a_verif":false,"motif_ver":"","cle":"osm:w1016873467","revue":{"statut":"a_revoir"}}},{"type":"Feature","geometry":{"type":"Polygon","coordinates":[[[4.34888,43.816973],[4.349352,43.817095],[4.349405,43.817003],[4.348547,43.816799],[4.348363,43.817136],[4.348761,43.817226],[4.34888,43.816973]]]},"properties":{"id_pk":"PK_30189_163","nom":null,"insee":"30189","commune":"Nîmes","source":"osm","id_source":"w928168862","surf_m2":1731.2,"nb_pl_est":52,"nb_pl_reel":null,"nb_places":52,"stat_auto":"prive","statut":null,"proprio":"pm_privee","part_pub":0.05,"acces_osm":null,"payant":null,"sud_canal":false,"a_verif":false,"motif_ver":"","cle":"osm:w928168862","revue":{"statut":"a_revoir"}}},{"type":"Feature","geometry":{"type":"Polygon","coordinates":[[[4.351347,43.819543],[4.35152,43.819235],[4.351402,43.819259],[4.350935,43.819162],[4.350963,43.819112],[4.350685,43.819064],[4.350637,43.819192],[4.350967,43.819258],[4.350883,43.819472],[4.351347,43.819543]]]},"properties":{"id_pk":"PK_30189_164","nom":null,"insee":"30189","commune":"Nîmes","source":"osm","id_source":"w928168875","surf_m2":1720.8,"nb_pl_est":52,"nb_pl_reel":null,"nb_places":52,"stat_auto":"prive","statut":null,"proprio":"pp","part_pub":0.07,"acces_osm":"yes","payant":"no","sud_canal":false,"a_verif":true,"motif_ver":"foncier privé mais accès OSM « yes »","cle":"osm:w928168875","revue":{"statut":"a_revoir"}}},{"type":"Feature","geometry":{"type":"Polygon","coordinates":[[[4.373087,43.807528],[4.373427,43.807519],[4.373684,43.807479],[4.373623,43.807389],[4.373598,43.807352],[4.373531,43.807116],[4.373005,43.807227],[4.373045,43.807336],[4.37309,43.807475],[4.373087,43.807528]]]},"properties":{"id_pk":"PK_30189_165","nom":null,"insee":"30189","commune":"Nîmes","source":"osm","id_source":"w141252541","surf_m2":1719.3,"nb_pl_est":52,"nb_pl_reel":null,"nb_places":21,"stat_auto":"public","statut":null,"proprio":"epci","part_pub":1.0,"acces_osm":"yes","payant":"no","sud_canal":false,"a_verif":false,"motif_ver":"","cle":"osm:w141252541","revue":{"statut":"a_revoir"}}},{"type":"Feature","geometry":{"type":"Polygon","coordinates":[[[4.345871,43.814168],[4.346004,43.814182],[4.346077,43.814016],[4.345844,43.813987],[4.345335,43.813921],[4.345326,43.813959],[4.345269,43.814197],[4.345573,43.814235],[4.345855,43.814252],[4.345871,43.814168]]]},"properties":{"id_pk":"PK_30189_166","nom":null,"insee":"30189","commune":"Nîmes","source":"osm","id_source":"w220927779","surf_m2":1675.1,"nb_pl_est":51,"nb_pl_reel":null,"nb_places":51,"stat_auto":"prive","statut":null,"proprio":"pm_privee","part_pub":0.03,"acces_osm":null,"payant":null,"sud_canal":false,"a_verif":false,"motif_ver":"","cle":"osm:w220927779","revue":{"statut":"a_revoir"}}},{"type":"Feature","geometry":{"type":"Polygon","coordinates":[[[4.349282,43.820541],[4.348803,43.821343],[4.348857,43.821368],[4.348976,43.821417],[4.349014,43.821363],[4.349065,43.821288],[4.349254,43.820986],[4.349465,43.820622],[4.349282,43.820541]]]},"properties":{"id_pk":"PK_30189_167","nom":null,"insee":"30189","commune":"Nîmes","source":"osm","id_source":"w225825901","surf_m2":1664.0,"nb_pl_est":51,"nb_pl_reel":null,"nb_places":51,"stat_auto":"prive","statut":null,"proprio":"pm_privee","part_pub":0.0,"acces_osm":"customers","payant":null,"sud_canal":false,"a_verif":false,"motif_ver":"","cle":"osm:w225825901","revue":{"statut":"a_revoir"}}},{"type":"Feature","geometry":{"type":"Polygon","coordinates":[[[4.369051,43.820199],[4.368969,43.820159],[4.368744,43.820028],[4.368845,43.819935],[4.368857,43.819848],[4.369043,43.819674],[4.368746,43.819501],[4.368537,43.819722],[4.368634,43.820071],[4.368962,43.820261],[4.369051,43.820199]]]},"properties":{"id_pk":"PK_30189_168","nom":null,"insee":"30189","commune":"Nîmes","source":"osm","id_source":"w970646623","surf_m2":1659.7,"nb_pl_est":51,"nb_pl_reel":null,"nb_places":51,"stat_auto":"prive","statut":null,"proprio":"pp","part_pub":0.04,"acces_osm":null,"payant":null,"sud_canal":false,"a_verif":false,"motif_ver":"","cle":"osm:w970646623","revue":{"statut":"a_revoir"}}},{"type":"Feature","geometry":{"type":"Polygon","coordinates":[[[4.360043,43.817454],[4.360075,43.817459],[4.360102,43.817463],[4.360148,43.817431],[4.360242,43.817384],[4.360325,43.817353],[4.360438,43.817332],[4.360459,43.817274],[4.359574,43.817131],[4.359509,43.817366],[4.360043,43.817454]]]},"properties":{"id_pk":"PK_30189_169","nom":null,"insee":"30189","commune":"Nîmes","source":"osm","id_source":"w157100341","surf_m2":1656.6,"nb_pl_est":51,"nb_pl_reel":null,"nb_places":51,"stat_auto":"public","statut":null,"proprio":"commune","part_pub":1.0,"acces_osm":null,"payant":null,"sud_canal":false,"a_verif":false,"motif_ver":"","cle":"osm:w157100341","revue":{"statut":"a_revoir"}}},{"type":"Feature","geometry":{"type":"Polygon","coordinates":[[[4.345652,43.815201],[4.34563,43.815227],[4.345666,43.81539],[4.345729,43.815396],[4.345718,43.815429],[4.345708,43.81545],[4.345762,43.815481],[4.345845,43.815605],[4.345879,43.815645],[4.34594,43.815685],[4.346025,43.815646],[4.346102,43.815594],[4.346125,43.815459],[4.346151,43.815334],[4.346113,43.815211],[4.345692,43.815164],[4.345683,43.815194],[4.345652,43.815201]]]},"properties":{"id_pk":"PK_30189_170","nom":null,"insee":"30189","commune":"Nîmes","source":"osm","id_source":"w157097224","surf_m2":1645.9,"nb_pl_est":51,"nb_pl_reel":null,"nb_places":51,"stat_auto":"prive","statut":null,"proprio":"pm_privee","part_pub":0.0,"acces_osm":"customers","payant":null,"sud_canal":false,"a_verif":false,"motif_ver":"","cle":"osm:w157097224","revue":{"statut":"a_revoir"}}},{"type":"Feature","geometry":{"type":"Polygon","coordinates":[[[4.32985,43.812896],[4.32986,43.812867],[4.329902,43.81281],[4.329827,43.81278],[4.329842,43.812761],[4.329815,43.81275],[4.329844,43.812713],[4.329871,43.812724],[4.329887,43.812705],[4.329913,43.812715],[4.330067,43.812533],[4.32989,43.812457],[4.329731,43.812654],[4.329306,43.812458],[4.329155,43.812644],[4.32985,43.812896]]]},"properties":{"id_pk":"PK_30189_171","nom":null,"insee":"30189","commune":"Nîmes","source":"osm","id_source":"w946545752","surf_m2":1627.6,"nb_pl_est":50,"nb_pl_reel":null,"nb_places":50,"stat_auto":"prive","statut":null,"proprio":"pm_privee","part_pub":0.0,"acces_osm":"private","payant":null,"sud_canal":false,"a_verif":false,"motif_ver":"","cle":"osm:w946545752","revue":{"statut":"a_revoir"}}},{"type":"Feature","geometry":{"type":"Polygon","coordinates":[[[4.344817,43.81431],[4.344984,43.813905],[4.344651,43.813825],[4.344451,43.81379],[4.344433,43.813899],[4.344404,43.814025],[4.344591,43.814047],[4.344574,43.814121],[4.34464,43.81413],[4.34463,43.814174],[4.344581,43.814169],[4.344554,43.814277],[4.344817,43.81431]]]},"properties":{"id_pk":"PK_30189_172","nom":null,"insee":"30189","commune":"Nîmes","source":"osm","id_source":"w954232958","surf_m2":1607.6,"nb_pl_est":50,"nb_pl_reel":null,"nb_places":50,"stat_auto":"prive","statut":null,"proprio":"pm_privee","part_pub":0.0,"acces_osm":null,"payant":null,"sud_canal":false,"a_verif":false,"motif_ver":"","cle":"osm:w954232958","revue":{"statut":"a_revoir"}}},{"type":"Feature","geometry":{"type":"Polygon","coordinates":[[[4.379267,43.845748],[4.380405,43.846006],[4.380445,43.845991],[4.380414,43.84592],[4.380377,43.845852],[4.380299,43.845799],[4.380123,43.845751],[4.379713,43.845675],[4.379572,43.845667],[4.379235,43.845705],[4.379267,43.845748]]]},"properties":{"id_pk":"PK_30189_173","nom":null,"insee":"30189","commune":"Nîmes","source":"osm","id_source":"w45828622","surf_m2":1606.5,"nb_pl_est":50,"nb_pl_reel":null,"nb_places":50,"stat_auto":"public","statut":null,"proprio":"etab_public","part_pub":1.0,"acces_osm":null,"payant":"no","sud_canal":false,"a_verif":false,"motif_ver":"","cle":"osm:w45828622","revue":{"statut":"a_revoir"}}},{"type":"Feature","geometry":{"type":"Polygon","coordinates":[[[4.351053,43.814666],[4.351144,43.814338],[4.351184,43.814347],[4.351262,43.814147],[4.350531,43.814004],[4.350498,43.81409],[4.351039,43.814178],[4.350983,43.814371],[4.350769,43.814315],[4.350699,43.814454],[4.350903,43.814507],[4.350833,43.814645],[4.350895,43.814634],[4.351053,43.814666]]]},"properties":{"id_pk":"PK_30189_174","nom":null,"insee":"30189","commune":"Nîmes","source":"osm","id_source":"w928168864","surf_m2":1600.9,"nb_pl_est":50,"nb_pl_reel":null,"nb_places":50,"stat_auto":"prive","statut":null,"proprio":"pm_privee","part_pub":0.0,"acces_osm":null,"payant":null,"sud_canal":false,"a_verif":false,"motif_ver":"","cle":"osm:w928168864","revue":{"statut":"a_revoir"}}},{"type":"Feature","geometry":{"type":"Polygon","coordinates":[[[4.369573,43.838002],[4.369495,43.837992],[4.369426,43.838254],[4.36967,43.838298],[4.369656,43.838499],[4.369801,43.838484],[4.369868,43.837862],[4.369624,43.837837],[4.369573,43.838002]]]},"properties":{"id_pk":"PK_30189_175","nom":null,"insee":"30189","commune":"Nîmes","source":"osm","id_source":"w780391468","surf_m2":1583.6,"nb_pl_est":50,"nb_pl_reel":null,"nb_places":50,"stat_auto":"prive","statut":null,"proprio":"pp","part_pub":0.0,"acces_osm":null,"payant":null,"sud_canal":false,"a_verif":false,"motif_ver":"","cle":"osm:w780391468","revue":{"statut":"a_revoir"}}},{"type":"Feature","geometry":{"type":"Polygon","coordinates":[[[4.395657,43.836966],[4.395624,43.836825],[4.395593,43.836802],[4.39518,43.836609],[4.394601,43.836673],[4.394643,43.836831],[4.395129,43.836782],[4.395176,43.83678],[4.395442,43.8369],[4.395449,43.836979],[4.395657,43.836966]]]},"properties":{"id_pk":"PK_30189_176","nom":null,"insee":"30189","commune":"Nîmes","source":"osm","id_source":"w904782821","surf_m2":1568.0,"nb_pl_est":49,"nb_pl_reel":null,"nb_places":49,"stat_auto":"prive","statut":null,"proprio":"pm_privee","part_pub":0.0,"acces_osm":"private","payant":"no","sud_canal":false,"a_verif":false,"motif_ver":"","cle":"osm:w904782821","revue":{"statut":"a_revoir"}}},{"type":"Feature","geometry":{"type":"Polygon","coordinates":[[[4.347171,43.815388],[4.34668,43.816077],[4.346922,43.816145],[4.347318,43.815542],[4.347171,43.815388]]]},"properties":{"id_pk":"PK_30189_177","nom":null,"insee":"30189","commune":"Nîmes","source":"osm","id_source":"w928168871","surf_m2":1566.3,"nb_pl_est":49,"nb_pl_reel":null,"nb_places":49,"stat_auto":"prive","statut":null,"proprio":"pp","part_pub":0.0,"acces_osm":"yes","payant":"no","sud_canal":false,"a_verif":true,"motif_ver":"foncier privé mais accès OSM « yes »","cle":"osm:w928168871","revue":{"statut":"a_revoir"}}},{"type":"Feature","geometry":{"type":"Polygon","coordinates":[[[4.371365,43.8134],[4.371451,43.813375],[4.371547,43.81325],[4.371003,43.813042],[4.370838,43.813052],[4.370757,43.813136],[4.370794,43.813246],[4.371265,43.813425],[4.371365,43.8134]]]},"properties":{"id_pk":"PK_30189_178","nom":null,"insee":"30189","commune":"Nîmes","source":"osm","id_source":"w952473800","surf_m2":1561.6,"nb_pl_est":49,"nb_pl_reel":null,"nb_places":49,"stat_auto":"prive","statut":null,"proprio":"pm_privee","part_pub":0.0,"acces_osm":null,"payant":null,"sud_canal":false,"a_verif":false,"motif_ver":"","cle":"osm:w952473800","revue":{"statut":"a_revoir"}}},{"type":"Feature","geometry":{"type":"Polygon","coordinates":[[[4.35535,43.817037],[4.355413,43.816799],[4.355271,43.81678],[4.355234,43.816831],[4.35464,43.816732],[4.354631,43.816758],[4.354556,43.816963],[4.35535,43.817037]]]},"properties":{"id_pk":"PK_30189_179","nom":null,"insee":"30189","commune":"Nîmes","source":"osm","id_source":"w1343178114","surf_m2":1559.5,"nb_pl_est":49,"nb_pl_reel":null,"nb_places":49,"stat_auto":"prive","statut":null,"proprio":"pp","part_pub":0.0,"acces_osm":"private","payant":"no","sud_canal":false,"a_verif":false,"motif_ver":"","cle":"osm:w1343178114","revue":{"statut":"a_revoir"}}},{"type":"Feature","geometry":{"type":"Polygon","coordinates":[[[4.34961,43.787859],[4.349663,43.787822],[4.349596,43.787785],[4.34983,43.787609],[4.349795,43.787592],[4.349752,43.78757],[4.3494,43.787393],[4.349364,43.787376],[4.349095,43.787642],[4.34961,43.787859]]]},"properties":{"id_pk":"PK_30189_180","nom":null,"insee":"30189","commune":"Nîmes","source":"osm","id_source":"w505309544","surf_m2":1556.9,"nb_pl_est":49,"nb_pl_reel":null,"nb_places":49,"stat_auto":"prive","statut":null,"proprio":"pm_privee","part_pub":0.01,"acces_osm":null,"payant":null,"sud_canal":false,"a_verif":false,"motif_ver":"","cle":"osm:w505309544","revue":{"statut":"a_revoir"}}},{"type":"Feature","geometry":{"type":"Polygon","coordinates":[[[4.369113,43.819556],[4.369365,43.819321],[4.368872,43.819107],[4.368801,43.819176],[4.368676,43.819109],[4.368559,43.819224],[4.369113,43.819556]]]},"properties":{"id_pk":"PK_30189_181","nom":null,"insee":"30189","commune":"Nîmes","source":"osm","id_source":"w572205073","surf_m2":1553.8,"nb_pl_est":49,"nb_pl_reel":null,"nb_places":49,"stat_auto":"prive","statut":null,"proprio":"pm_privee","part_pub":0.0,"acces_osm":null,"payant":null,"sud_canal":false,"a_verif":false,"motif_ver":"","cle":"osm:w572205073","revue":{"statut":"a_revoir"}}},{"type":"Feature","geometry":{"type":"Polygon","coordinates":[[[4.345292,43.813162],[4.345315,43.813033],[4.345231,43.812948],[4.345304,43.812644],[4.345228,43.812641],[4.345195,43.81278],[4.34496,43.812752],[4.344966,43.812845],[4.344789,43.81297],[4.344671,43.813103],[4.345292,43.813162]]]},"properties":{"id_pk":"PK_30189_182","nom":null,"insee":"30189","commune":"Nîmes","source":"osm","id_source":"w954232971","surf_m2":1546.5,"nb_pl_est":49,"nb_pl_reel":null,"nb_places":49,"stat_auto":"prive","statut":null,"proprio":"pp","part_pub":0.0,"acces_osm":null,"payant":null,"sud_canal":false,"a_verif":false,"motif_ver":"","cle":"osm:w954232971","revue":{"statut":"a_revoir"}}},{"type":"Feature","geometry":{"type":"Polygon","coordinates":[[[4.341088,43.830089],[4.341555,43.82956],[4.341711,43.829463],[4.341539,43.829408],[4.341309,43.829612],[4.340925,43.829494],[4.340893,43.82958],[4.341093,43.829653],[4.341123,43.829767],[4.34108,43.829858],[4.340984,43.830063],[4.341088,43.830089]]]},"properties":{"id_pk":"PK_30189_183","nom":null,"insee":"30189","commune":"Nîmes","source":"osm","id_source":"w926215926","surf_m2":1539.9,"nb_pl_est":49,"nb_pl_reel":null,"nb_places":49,"stat_auto":"public","statut":null,"proprio":"commune","part_pub":1.0,"acces_osm":null,"payant":null,"sud_canal":false,"a_verif":false,"motif_ver":"","cle":"osm:w926215926","revue":{"statut":"a_revoir"}}},{"type":"Feature","geometry":{"type":"Polygon","coordinates":[[[4.370075,43.843661],[4.370155,43.843757],[4.370229,43.843803],[4.370502,43.843826],[4.370946,43.843867],[4.371029,43.843878],[4.371041,43.843788],[4.370307,43.843611],[4.369975,43.843409],[4.369959,43.843482],[4.370075,43.843661]]]},"properties":{"id_pk":"PK_30189_184","nom":"Parking de la Sernam","insee":"30189","commune":"Nîmes","source":"osm","id_source":"w38921856","surf_m2":1530.9,"nb_pl_est":49,"nb_pl_reel":null,"nb_places":50,"stat_auto":"public","statut":null,"proprio":"commune","part_pub":1.0,"acces_osm":null,"payant":null,"sud_canal":false,"a_verif":false,"motif_ver":"","cle":"osm:w38921856","revue":{"statut":"a_revoir"}}},{"type":"Feature","geometry":{"type":"Polygon","coordinates":[[[4.370935,43.823024],[4.371166,43.822938],[4.37112,43.822893],[4.371176,43.822861],[4.371213,43.822903],[4.371451,43.822807],[4.37157,43.822726],[4.371647,43.822792],[4.371708,43.822768],[4.371738,43.822807],[4.371697,43.822836],[4.371753,43.822884],[4.371918,43.822792],[4.371659,43.822566],[4.371605,43.82259],[4.371533,43.822539],[4.371405,43.822642],[4.371244,43.82273],[4.37083,43.822917],[4.370935,43.823024]]]},"properties":{"id_pk":"PK_30189_185","nom":null,"insee":"30189","commune":"Nîmes","source":"osm","id_source":"w929889634","surf_m2":1529.9,"nb_pl_est":49,"nb_pl_reel":null,"nb_places":49,"stat_auto":"prive","statut":null,"proprio":"pm_privee","part_pub":0.0,"acces_osm":"private","payant":null,"sud_canal":false,"a_verif":false,"motif_ver":"","cle":"osm:w929889634","revue":{"statut":"a_revoir"}}},{"type":"Feature","geometry":{"type":"Polygon","coordinates":[[[4.310827,43.812845],[4.31087,43.813025],[4.31144,43.812952],[4.311365,43.812641],[4.310805,43.812754],[4.310827,43.812845]]]},"properties":{"id_pk":"PK_30189_186","nom":null,"insee":"30189","commune":"Nîmes","source":"osm","id_source":"w941087612","surf_m2":1528.5,"nb_pl_est":49,"nb_pl_reel":null,"nb_places":49,"stat_auto":"prive","statut":null,"proprio":"pm_privee","part_pub":0.0,"acces_osm":null,"payant":null,"sud_canal":false,"a_verif":false,"motif_ver":"","cle":"osm:w941087612","revue":{"statut":"a_revoir"}}},{"type":"Feature","geometry":{"type":"Polygon","coordinates":[[[4.359866,43.818784],[4.360086,43.818897],[4.360232,43.818839],[4.36037,43.818569],[4.360312,43.818472],[4.360089,43.818416],[4.359796,43.818681],[4.359866,43.818784]]]},"properties":{"id_pk":"PK_30189_187","nom":null,"insee":"30189","commune":"Nîmes","source":"osm","id_source":"w954232988","surf_m2":1519.3,"nb_pl_est":49,"nb_pl_reel":null,"nb_places":49,"stat_auto":"prive","statut":null,"proprio":"pm_privee","part_pub":0.01,"acces_osm":"customers","payant":"no","sud_canal":false,"a_verif":false,"motif_ver":"","cle":"osm:w954232988","revue":{"statut":"a_revoir"}}},{"type":"Feature","geometry":{"type":"Polygon","coordinates":[[[4.320565,43.821041],[4.320857,43.821038],[4.320857,43.820771],[4.320754,43.820759],[4.320616,43.820762],[4.320547,43.820765],[4.320354,43.820773],[4.320319,43.820775],[4.320239,43.820778],[4.320235,43.821042],[4.320565,43.821041]]]},"properties":{"id_pk":"PK_30189_188","nom":null,"insee":"30189","commune":"Nîmes","source":"osm","id_source":"w921777774","surf_m2":1515.1,"nb_pl_est":49,"nb_pl_reel":null,"nb_places":49,"stat_auto":"public","statut":null,"proprio":"etab_public","part_pub":1.0,"acces_osm":null,"payant":null,"sud_canal":false,"a_verif":false,"motif_ver":"","cle":"osm:w921777774","revue":{"statut":"a_revoir"}}},{"type":"Feature","geometry":{"type":"Polygon","coordinates":[[[4.364039,43.81021],[4.364017,43.81026],[4.364096,43.810284],[4.364117,43.810253],[4.364259,43.809992],[4.364148,43.809966],[4.364131,43.809962],[4.363725,43.809873],[4.363703,43.809916],[4.363621,43.809889],[4.363552,43.810062],[4.363677,43.81009],[4.36363,43.810166],[4.363811,43.81021],[4.363839,43.810168],[4.364039,43.81021]]]},"properties":{"id_pk":"PK_30189_189","nom":null,"insee":"30189","commune":"Nîmes","source":"osm","id_source":"w156184397","surf_m2":1505.6,"nb_pl_est":48,"nb_pl_reel":null,"nb_places":48,"stat_auto":"prive","statut":null,"proprio":"pm_privee","part_pub":0.0,"acces_osm":"customers","payant":"no","sud_canal":false,"a_verif":false,"motif_ver":"","cle":"osm:w156184397","revue":{"statut":"a_revoir"}}},{"type":"Feature","geometry":{"type":"Polygon","coordinates":[[[4.332449,43.829597],[4.332485,43.829611],[4.33255,43.829514],[4.33209,43.829344],[4.33196,43.829314],[4.331843,43.829572],[4.332003,43.829632],[4.332321,43.829732],[4.332357,43.829738],[4.332449,43.829597]]]},"properties":{"id_pk":"PK_30189_190","nom":null,"insee":"30189","commune":"Nîmes","source":"osm","id_source":"w1005965063","surf_m2":1494.7,"nb_pl_est":48,"nb_pl_reel":null,"nb_places":48,"stat_auto":"public","statut":null,"proprio":"commune","part_pub":0.93,"acces_osm":"private","payant":null,"sud_canal":false,"a_verif":true,"motif_ver":"foncier public mais accès OSM « private »","cle":"osm:w1005965063","revue":{"statut":"a_revoir"}}},{"type":"Feature","geometry":{"type":"Polygon","coordinates":[[[4.362309,43.823967],[4.362789,43.824126],[4.362963,43.824186],[4.363001,43.824009],[4.362931,43.823963],[4.362829,43.823917],[4.362731,43.82388],[4.362606,43.823832],[4.362504,43.823804],[4.362384,43.823779],[4.362295,43.823766],[4.362136,43.823908],[4.362309,43.823967]]]},"properties":{"id_pk":"PK_30189_191","nom":null,"insee":"30189","commune":"Nîmes","source":"osm","id_source":"w965969788","surf_m2":1494.0,"nb_pl_est":48,"nb_pl_reel":null,"nb_places":48,"stat_auto":"prive","statut":null,"proprio":"pp","part_pub":0.0,"acces_osm":null,"payant":null,"sud_canal":false,"a_verif":false,"motif_ver":"","cle":"osm:w965969788","revue":{"statut":"a_revoir"}}},{"type":"Feature","geometry":{"type":"Polygon","coordinates":[[[4.381167,43.83059],[4.38014,43.830072],[4.380109,43.830104],[4.380044,43.830172],[4.381051,43.830707],[4.381167,43.83059]]]},"properties":{"id_pk":"PK_30189_192","nom":null,"insee":"30189","commune":"Nîmes","source":"osm","id_source":"w1155440276","surf_m2":1486.7,"nb_pl_est":48,"nb_pl_reel":null,"nb_places":48,"stat_auto":"prive","statut":null,"proprio":"pm_privee","part_pub":0.0,"acces_osm":"private","payant":null,"sud_canal":false,"a_verif":false,"motif_ver":"","cle":"osm:w1155440276","revue":{"statut":"a_revoir"}}},{"type":"Feature","geometry":{"type":"Polygon","coordinates":[[[4.345091,43.816303],[4.344946,43.816378],[4.344988,43.816492],[4.344967,43.816535],[4.345305,43.816636],[4.34542,43.816685],[4.34567,43.816781],[4.345724,43.816697],[4.345467,43.816588],[4.345477,43.816533],[4.345546,43.816414],[4.345091,43.816303]]]},"properties":{"id_pk":"PK_30189_193","nom":null,"insee":"30189","commune":"Nîmes","source":"osm","id_source":"w157097220","surf_m2":1476.2,"nb_pl_est":48,"nb_pl_reel":null,"nb_places":48,"stat_auto":"prive","statut":null,"proprio":"pm_privee","part_pub":0.0,"acces_osm":null,"payant":null,"sud_canal":false,"a_verif":false,"motif_ver":"","cle":"osm:w157097220","revue":{"statut":"a_revoir"}}},{"type":"Feature","geometry":{"type":"Polygon","coordinates":[[[4.326806,43.831238],[4.326976,43.831002],[4.326304,43.830853],[4.326212,43.831071],[4.326806,43.831238]]]},"properties":{"id_pk":"PK_30189_194","nom":null,"insee":"30189","commune":"Nîmes","source":"osm","id_source":"w944317134","surf_m2":1469.7,"nb_pl_est":48,"nb_pl_reel":null,"nb_places":48,"stat_auto":"public","statut":null,"proprio":"commune","part_pub":1.0,"acces_osm":null,"payant":null,"sud_canal":false,"a_verif":false,"motif_ver":"","cle":"osm:w944317134","revue":{"statut":"a_revoir"}}},{"type":"Feature","geometry":{"type":"Polygon","coordinates":[[[4.316099,43.813087],[4.315586,43.813466],[4.315816,43.813617],[4.316305,43.813269],[4.316099,43.813087]]]},"properties":{"id_pk":"PK_30189_195","nom":null,"insee":"30189","commune":"Nîmes","source":"osm","id_source":"w152451653","surf_m2":1453.2,"nb_pl_est":47,"nb_pl_reel":null,"nb_places":47,"stat_auto":"public","statut":null,"proprio":"etab_public","part_pub":1.0,"acces_osm":"permissive","payant":null,"sud_canal":false,"a_verif":false,"motif_ver":"","cle":"osm:w152451653","revue":{"statut":"a_revoir"}}},{"type":"Feature","geometry":{"type":"Polygon","coordinates":[[[4.349993,43.832112],[4.350022,43.832143],[4.35061,43.832109],[4.35063,43.831877],[4.35033,43.831735],[4.349993,43.832112]]]},"properties":{"id_pk":"PK_30189_196","nom":null,"insee":"30189","commune":"Nîmes","source":"osm","id_source":"w1531449183","surf_m2":1442.3,"nb_pl_est":47,"nb_pl_reel":null,"nb_places":47,"stat_auto":"prive","statut":null,"proprio":"pm_privee","part_pub":0.01,"acces_osm":"private","payant":null,"sud_canal":false,"a_verif":false,"motif_ver":"","cle":"osm:w1531449183","revue":{"statut":"a_revoir"}}},{"type":"Feature","geometry":{"type":"Polygon","coordinates":[[[4.372189,43.822432],[4.372551,43.822227],[4.372432,43.82213],[4.372449,43.822113],[4.372348,43.821983],[4.372104,43.822054],[4.371876,43.822179],[4.372189,43.822432]]]},"properties":{"id_pk":"PK_30189_197","nom":null,"insee":"30189","commune":"Nîmes","source":"osm","id_source":"w929889635","surf_m2":1429.7,"nb_pl_est":47,"nb_pl_reel":null,"nb_places":47,"stat_auto":"prive","statut":null,"proprio":"pp","part_pub":0.0,"acces_osm":"private","payant":null,"sud_canal":false,"a_verif":false,"motif_ver":"","cle":"osm:w929889635","revue":{"statut":"a_revoir"}}},{"type":"Feature","geometry":{"type":"Polygon","coordinates":[[[4.37355,43.811269],[4.37384,43.812007],[4.374028,43.811992],[4.373762,43.811222],[4.37355,43.811269]]]},"properties":{"id_pk":"PK_30189_198","nom":null,"insee":"30189","commune":"Nîmes","source":"osm","id_source":"w929889648","surf_m2":1425.9,"nb_pl_est":47,"nb_pl_reel":null,"nb_places":47,"stat_auto":"prive","statut":null,"proprio":"pm_privee","part_pub":0.0,"acces_osm":null,"payant":null,"sud_canal":false,"a_verif":false,"motif_ver":"","cle":"osm:w929889648","revue":{"statut":"a_revoir"}}},{"type":"Feature","geometry":{"type":"Polygon","coordinates":[[[4.371897,43.809196],[4.372061,43.808638],[4.371752,43.808633],[4.371633,43.809165],[4.371897,43.809196]]]},"properties":{"id_pk":"PK_30189_199","nom":null,"insee":"30189","commune":"Nîmes","source":"osm","id_source":"w929889659","surf_m2":1417.0,"nb_pl_est":47,"nb_pl_reel":null,"nb_places":47,"stat_auto":"prive","statut":null,"proprio":"pm_privee","part_pub":0.0,"acces_osm":"customers","payant":"no","sud_canal":false,"a_verif":false,"motif_ver":"","cle":"osm:w929889659","revue":{"statut":"a_revoir"}}},{"type":"Feature","geometry":{"type":"Polygon","coordinates":[[[4.326697,43.824084],[4.326568,43.824263],[4.326846,43.824376],[4.326897,43.824272],[4.326838,43.82399],[4.326803,43.823881],[4.326568,43.82377],[4.326492,43.823802],[4.32643,43.823855],[4.32635,43.823943],[4.326697,43.824084]]]},"properties":{"id_pk":"PK_30189_200","nom":null,"insee":"30189","commune":"Nîmes","source":"osm","id_source":"w583550659","surf_m2":1412.9,"nb_pl_est":47,"nb_pl_reel":null,"nb_places":40,"stat_auto":"prive","statut":null,"proprio":"pm_privee","part_pub":0.01,"acces_osm":null,"payant":null,"sud_canal":false,"a_verif":false,"motif_ver":"","cle":"osm:w583550659","revue":{"statut":"a_revoir"}}},{"type":"Feature","geometry":{"type":"Polygon","coordinates":[[[4.329203,43.820122],[4.32947,43.820145],[4.329481,43.820099],[4.329496,43.820083],[4.329505,43.820074],[4.329505,43.820044],[4.329491,43.820027],[4.329464,43.819996],[4.32944,43.819981],[4.329452,43.819958],[4.328925,43.819785],[4.328914,43.819803],[4.328876,43.819794],[4.328854,43.819828],[4.328833,43.819862],[4.328782,43.819848],[4.328713,43.819961],[4.329203,43.820122]]]},"properties":{"id_pk":"PK_30189_201","nom":null,"insee":"30189","commune":"Nîmes","source":"osm","id_source":"w578901071","surf_m2":1407.1,"nb_pl_est":47,"nb_pl_reel":null,"nb_places":47,"stat_auto":"public","statut":null,"proprio":"commune","part_pub":1.0,"acces_osm":null,"payant":null,"sud_canal":false,"a_verif":false,"motif_ver":"","cle":"osm:w578901071","revue":{"statut":"a_revoir"}}},{"type":"Feature","geometry":{"type":"Polygon","coordinates":[[[4.389683,43.844587],[4.389522,43.844604],[4.389692,43.845121],[4.390012,43.84507],[4.38988,43.844702],[4.389683,43.844587]]]},"properties":{"id_pk":"PK_30189_202","nom":null,"insee":"30189","commune":"Nîmes","source":"osm","id_source":"w155950817","surf_m2":1406.4,"nb_pl_est":47,"nb_pl_reel":null,"nb_places":47,"stat_auto":"public","statut":null,"proprio":"domaine_public","part_pub":1.0,"acces_osm":null,"payant":null,"sud_canal":false,"a_verif":false,"motif_ver":"","cle":"osm:w155950817","revue":{"statut":"a_revoir"}}},{"type":"Feature","geometry":{"type":"Polygon","coordinates":[[[4.367021,43.812235],[4.366603,43.812378],[4.366486,43.812563],[4.366533,43.81258],[4.366931,43.812667],[4.367119,43.812253],[4.367021,43.812235]]]},"properties":{"id_pk":"PK_30189_203","nom":null,"insee":"30189","commune":"Nîmes","source":"osm","id_source":"w141253597","surf_m2":1380.2,"nb_pl_est":46,"nb_pl_reel":null,"nb_places":46,"stat_auto":"prive","statut":null,"proprio":"pm_privee","part_pub":0.0,"acces_osm":"customers","payant":"no","sud_canal":false,"a_verif":false,"motif_ver":"","cle":"osm:w141253597","revue":{"statut":"a_revoir"}}},{"type":"Feature","geometry":{"type":"Polygon","coordinates":[[[4.348204,43.818791],[4.348132,43.818764],[4.348106,43.8188],[4.348039,43.818776],[4.34807,43.81874],[4.347644,43.818586],[4.347508,43.818623],[4.347418,43.818849],[4.347571,43.818851],[4.347857,43.81889],[4.348067,43.818944],[4.348204,43.818791]]]},"properties":{"id_pk":"PK_30189_204","nom":null,"insee":"30189","commune":"Nîmes","source":"osm","id_source":"w1019723641","surf_m2":1376.5,"nb_pl_est":46,"nb_pl_reel":null,"nb_places":46,"stat_auto":"prive","statut":null,"proprio":"pm_privee","part_pub":0.1,"acces_osm":null,"payant":null,"sud_canal":false,"a_verif":false,"motif_ver":"","cle":"osm:w1019723641","revue":{"statut":"a_revoir"}}},{"type":"Feature","geometry":{"type":"Polygon","coordinates":[[[4.359574,43.821084],[4.3597,43.820696],[4.359658,43.820665],[4.359604,43.820641],[4.359144,43.820526],[4.35909,43.820578],[4.359574,43.821084]]]},"properties":{"id_pk":"PK_30189_205","nom":null,"insee":"30189","commune":"Nîmes","source":"osm","id_source":"w1100619587","surf_m2":1362.5,"nb_pl_est":46,"nb_pl_reel":null,"nb_places":46,"stat_auto":"public","statut":null,"proprio":"epci","part_pub":0.82,"acces_osm":"private","payant":null,"sud_canal":false,"a_verif":true,"motif_ver":"foncier public mais accès OSM « private »","cle":"osm:w1100619587","revue":{"statut":"a_revoir"}}},{"type":"Feature","geometry":{"type":"Polygon","coordinates":[[[4.32589,43.832133],[4.325984,43.831854],[4.325975,43.831773],[4.325651,43.83168],[4.325459,43.831918],[4.325502,43.831997],[4.32589,43.832133]]]},"properties":{"id_pk":"PK_30189_206","nom":null,"insee":"30189","commune":"Nîmes","source":"osm","id_source":"w968175094","surf_m2":1355.1,"nb_pl_est":46,"nb_pl_reel":null,"nb_places":46,"stat_auto":"public","statut":null,"proprio":"commune","part_pub":1.0,"acces_osm":null,"payant":null,"sud_canal":false,"a_verif":false,"motif_ver":"","cle":"osm:w968175094","revue":{"statut":"a_revoir"}}},{"type":"Feature","geometry":{"type":"Polygon","coordinates":[[[4.33014,43.816302],[4.330354,43.816022],[4.329882,43.815777],[4.329735,43.81593],[4.32999,43.816047],[4.329873,43.816172],[4.330018,43.816241],[4.33014,43.816302]]]},"properties":{"id_pk":"PK_30189_207","nom":null,"insee":"30189","commune":"Nîmes","source":"osm","id_source":"w1227021613","surf_m2":1349.6,"nb_pl_est":46,"nb_pl_reel":null,"nb_places":46,"stat_auto":"public","statut":null,"proprio":"commune","part_pub":1.0,"acces_osm":null,"payant":null,"sud_canal":false,"a_verif":false,"motif_ver":"","cle":"osm:w1227021613","revue":{"statut":"a_revoir"}}},{"type":"Feature","geometry":{"type":"Polygon","coordinates":[[[4.346758,43.815373],[4.34696,43.815444],[4.346822,43.815649],[4.346924,43.815685],[4.347163,43.81533],[4.346755,43.815187],[4.346652,43.81525],[4.346455,43.815542],[4.346608,43.815596],[4.346758,43.815373]]]},"properties":{"id_pk":"PK_30189_208","nom":null,"insee":"30189","commune":"Nîmes","source":"osm","id_source":"w1194038017","surf_m2":1341.3,"nb_pl_est":45,"nb_pl_reel":null,"nb_places":45,"stat_auto":"prive","statut":null,"proprio":"pm_privee","part_pub":0.0,"acces_osm":"customers","payant":null,"sud_canal":false,"a_verif":false,"motif_ver":"","cle":"osm:w1194038017","revue":{"statut":"a_revoir"}}},{"type":"Feature","geometry":{"type":"Polygon","coordinates":[[[4.355593,43.840894],[4.355746,43.840634],[4.35544,43.840572],[4.355453,43.840512],[4.355274,43.840473],[4.355098,43.840745],[4.355593,43.840894]]]},"properties":{"id_pk":"PK_30189_209","nom":"Place de la Révolution","insee":"30189","commune":"Nîmes","source":"osm","id_source":"w718288020","surf_m2":1339.6,"nb_pl_est":45,"nb_pl_reel":null,"nb_places":45,"stat_auto":"public","statut":null,"proprio":"domaine_public","part_pub":1.0,"acces_osm":"yes","payant":"yes","sud_canal":false,"a_verif":false,"motif_ver":"","cle":"osm:w718288020","revue":{"statut":"a_revoir"}}},{"type":"Feature","geometry":{"type":"Polygon","coordinates":[[[4.315845,43.80743],[4.316301,43.80775],[4.31641,43.807654],[4.316484,43.807701],[4.316615,43.807597],[4.316533,43.807542],[4.316484,43.807548],[4.316287,43.807447],[4.316172,43.807375],[4.316048,43.807281],[4.315845,43.80743]]]},"properties":{"id_pk":"PK_30189_210","nom":null,"insee":"30189","commune":"Nîmes","source":"osm","id_source":"w152299174","surf_m2":1335.0,"nb_pl_est":45,"nb_pl_reel":null,"nb_places":45,"stat_auto":"prive","statut":null,"proprio":"pm_privee","part_pub":0.0,"acces_osm":"private","payant":null,"sud_canal":false,"a_verif":false,"motif_ver":"","cle":"osm:w152299174","revue":{"statut":"a_revoir"}}},{"type":"Feature","geometry":{"type":"Polygon","coordinates":[[[4.323461,43.822803],[4.323565,43.822712],[4.323643,43.822603],[4.323626,43.82255],[4.323563,43.822541],[4.323478,43.822524],[4.323414,43.822497],[4.323174,43.822271],[4.32314,43.822238],[4.322947,43.822199],[4.322875,43.822214],[4.323461,43.822803]]]},"properties":{"id_pk":"PK_30189_211","nom":null,"insee":"30189","commune":"Nîmes","source":"osm","id_source":"w688901573","surf_m2":1326.5,"nb_pl_est":45,"nb_pl_reel":null,"nb_places":45,"stat_auto":"prive","statut":null,"proprio":"pp","part_pub":0.04,"acces_osm":null,"payant":null,"sud_canal":false,"a_verif":false,"motif_ver":"","cle":"osm:w688901573","revue":{"statut":"a_revoir"}}},{"type":"Feature","geometry":{"type":"Polygon","coordinates":[[[4.388076,43.839872],[4.38811,43.839796],[4.388035,43.839753],[4.388078,43.839644],[4.38742,43.839531],[4.387344,43.839719],[4.388076,43.839872]]]},"properties":{"id_pk":"PK_30189_212","nom":null,"insee":"30189","commune":"Nîmes","source":"osm","id_source":"w562903310","surf_m2":1326.0,"nb_pl_est":45,"nb_pl_reel":null,"nb_places":45,"stat_auto":"public","statut":null,"proprio":"domaine_public","part_pub":0.98,"acces_osm":null,"payant":null,"sud_canal":false,"a_verif":false,"motif_ver":"","cle":"osm:w562903310","revue":{"statut":"a_revoir"}}},{"type":"Feature","geometry":{"type":"Polygon","coordinates":[[[4.319996,43.821509],[4.319985,43.821004],[4.319919,43.821004],[4.319824,43.821092],[4.319777,43.821136],[4.319601,43.821348],[4.31958,43.821511],[4.319996,43.821509]]]},"properties":{"id_pk":"PK_30189_213","nom":null,"insee":"30189","commune":"Nîmes","source":"osm","id_source":"w921777775","surf_m2":1319.9,"nb_pl_est":45,"nb_pl_reel":null,"nb_places":45,"stat_auto":"public","statut":null,"proprio":"etab_public","part_pub":1.0,"acces_osm":null,"payant":null,"sud_canal":false,"a_verif":false,"motif_ver":"","cle":"osm:w921777775","revue":{"statut":"a_revoir"}}},{"type":"Feature","geometry":{"type":"Polygon","coordinates":[[[4.351867,43.81382],[4.352023,43.813843],[4.352057,43.813725],[4.352079,43.813729],[4.352086,43.813679],[4.351919,43.81366],[4.351878,43.813631],[4.351821,43.813622],[4.351825,43.813608],[4.351894,43.813555],[4.351855,43.813473],[4.35175,43.813535],[4.351506,43.813499],[4.351454,43.813679],[4.351716,43.813721],[4.351656,43.813935],[4.351827,43.813957],[4.351834,43.813931],[4.351867,43.81382]]]},"properties":{"id_pk":"PK_30189_214","nom":null,"insee":"30189","commune":"Nîmes","source":"osm","id_source":"w1015980056","surf_m2":1316.0,"nb_pl_est":45,"nb_pl_reel":null,"nb_places":45,"stat_auto":"prive","statut":null,"proprio":"pp","part_pub":0.0,"acces_osm":null,"payant":null,"sud_canal":false,"a_verif":false,"motif_ver":"","cle":"osm:w1015980056","revue":{"statut":"a_revoir"}}},{"type":"Feature","geometry":{"type":"Polygon","coordinates":[[[4.329382,43.822694],[4.329411,43.822644],[4.329728,43.822736],[4.329814,43.822601],[4.329647,43.822551],[4.329685,43.822498],[4.329215,43.822371],[4.329071,43.822603],[4.329382,43.822694]]]},"properties":{"id_pk":"PK_30189_215","nom":null,"insee":"30189","commune":"Nîmes","source":"osm","id_source":"w565760582","surf_m2":1311.9,"nb_pl_est":45,"nb_pl_reel":null,"nb_places":45,"stat_auto":"public","statut":null,"proprio":"commune","part_pub":1.0,"acces_osm":null,"payant":null,"sud_canal":false,"a_verif":false,"motif_ver":"","cle":"osm:w565760582","revue":{"statut":"a_revoir"}}},{"type":"Feature","geometry":{"type":"Polygon","coordinates":[[[4.296513,43.833237],[4.296502,43.833175],[4.296442,43.833184],[4.296433,43.833163],[4.29649,43.833157],[4.296479,43.833061],[4.296414,43.833068],[4.29641,43.833046],[4.296473,43.833039],[4.296461,43.832955],[4.296405,43.83296],[4.296395,43.83292],[4.296455,43.832914],[4.296416,43.832641],[4.296382,43.832644],[4.296379,43.832617],[4.296419,43.832612],[4.296413,43.832556],[4.296373,43.832556],[4.296364,43.832527],[4.296393,43.832525],[4.296384,43.83245],[4.296319,43.832462],[4.296291,43.832401],[4.296166,43.832427],[4.296197,43.832507],[4.296257,43.832496],[4.296264,43.832526],[4.296205,43.832531],[4.296222,43.832658],[4.296282,43.832655],[4.296287,43.832678],[4.296227,43.832682],[4.29624,43.832786],[4.296302,43.832781],[4.296305,43.832803],[4.296247,43.832808],[4.296265,43.83294],[4.296325,43.832937],[4.296328,43.832957],[4.296271,43.832965],[4.29629,43.833125],[4.296353,43.833119],[4.296358,43.83314],[4.296302,43.833148],[4.296327,43.833261],[4.296513,43.833237]]]},"properties":{"id_pk":"PK_30189_216","nom":null,"insee":"30189","commune":"Nîmes","source":"osm","id_source":"w1008217056","surf_m2":1307.6,"nb_pl_est":45,"nb_pl_reel":null,"nb_places":45,"stat_auto":"prive","statut":null,"proprio":"pp","part_pub":0.0,"acces_osm":"private","payant":null,"sud_canal":false,"a_verif":false,"motif_ver":"","cle":"osm:w1008217056","revue":{"statut":"a_revoir"}}},{"type":"Feature","geometry":{"type":"Polygon","coordinates":[[[4.368707,43.814555],[4.368719,43.814534],[4.368861,43.814571],[4.36902,43.814357],[4.368511,43.814198],[4.368352,43.814462],[4.368707,43.814555]]]},"properties":{"id_pk":"PK_30189_217","nom":null,"insee":"30189","commune":"Nîmes","source":"osm","id_source":"w991997107","surf_m2":1303.3,"nb_pl_est":45,"nb_pl_reel":null,"nb_places":45,"stat_auto":"prive","statut":null,"proprio":"pm_privee","part_pub":0.0,"acces_osm":null,"payant":null,"sud_canal":false,"a_verif":false,"motif_ver":"","cle":"osm:w991997107","revue":{"statut":"a_revoir"}}},{"type":"Feature","geometry":{"type":"Polygon","coordinates":[[[4.318345,43.840659],[4.318386,43.840695],[4.318746,43.840572],[4.31888,43.840759],[4.318941,43.840739],[4.319031,43.840482],[4.31906,43.840407],[4.319056,43.84038],[4.319008,43.84032],[4.318945,43.840305],[4.318811,43.84035],[4.318658,43.840442],[4.318563,43.840501],[4.318345,43.840659]]]},"properties":{"id_pk":"PK_30189_218","nom":null,"insee":"30189","commune":"Nîmes","source":"osm","id_source":"w789028286","surf_m2":1293.2,"nb_pl_est":45,"nb_pl_reel":null,"nb_places":45,"stat_auto":"public","statut":null,"proprio":"domaine_public","part_pub":1.0,"acces_osm":"yes","payant":"no","sud_canal":false,"a_verif":false,"motif_ver":"","cle":"osm:w789028286","revue":{"statut":"a_revoir"}}},{"type":"Feature","geometry":{"type":"Polygon","coordinates":[[[4.348524,43.81368],[4.34828,43.813793],[4.34847,43.813886],[4.348499,43.813874],[4.348543,43.813863],[4.348607,43.813861],[4.34861,43.813851],[4.348621,43.813838],[4.348636,43.813832],[4.348654,43.813826],[4.349072,43.813894],[4.349315,43.813928],[4.34936,43.813868],[4.349395,43.813799],[4.348524,43.81368]]]},"properties":{"id_pk":"PK_30189_219","nom":null,"insee":"30189","commune":"Nîmes","source":"osm","id_source":"w928168859","surf_m2":1292.5,"nb_pl_est":45,"nb_pl_reel":null,"nb_places":45,"stat_auto":"prive","statut":null,"proprio":"pm_privee","part_pub":0.13,"acces_osm":null,"payant":null,"sud_canal":false,"a_verif":false,"motif_ver":"","cle":"osm:w928168859","revue":{"statut":"a_revoir"}}},{"type":"Feature","geometry":{"type":"Polygon","coordinates":[[[4.397646,43.857347],[4.397691,43.857069],[4.397786,43.856799],[4.397799,43.856751],[4.397438,43.856681],[4.397379,43.856804],[4.397587,43.856868],[4.397414,43.85729],[4.397646,43.857347]]]},"properties":{"id_pk":"PK_30189_220","nom":null,"insee":"30189","commune":"Nîmes","source":"osm","id_source":"w977661704","surf_m2":1288.2,"nb_pl_est":44,"nb_pl_reel":null,"nb_places":44,"stat_auto":"public","statut":null,"proprio":"commune","part_pub":1.0,"acces_osm":null,"payant":null,"sud_canal":false,"a_verif":false,"motif_ver":"","cle":"osm:w977661704","revue":{"statut":"a_revoir"}}},{"type":"Feature","geometry":{"type":"Polygon","coordinates":[[[4.376149,43.834279],[4.376615,43.834486],[4.376803,43.834273],[4.37635,43.834051],[4.376149,43.834279]]]},"properties":{"id_pk":"PK_30189_221","nom":null,"insee":"30189","commune":"Nîmes","source":"osm","id_source":"w771590954","surf_m2":1280.2,"nb_pl_est":44,"nb_pl_reel":null,"nb_places":44,"stat_auto":"prive","statut":null,"proprio":"pm_privee","part_pub":0.0,"acces_osm":null,"payant":null,"sud_canal":false,"a_verif":false,"motif_ver":"","cle":"osm:w771590954","revue":{"statut":"a_revoir"}}},{"type":"Feature","geometry":{"type":"Polygon","coordinates":[[[4.347104,43.816891],[4.347176,43.816916],[4.347204,43.816879],[4.347357,43.816862],[4.347389,43.816822],[4.347367,43.816816],[4.346535,43.816505],[4.346443,43.816657],[4.347104,43.816891]]]},"properties":{"id_pk":"PK_30189_222","nom":null,"insee":"30189","commune":"Nîmes","source":"osm","id_source":"w928168872","surf_m2":1261.5,"nb_pl_est":44,"nb_pl_reel":null,"nb_places":44,"stat_auto":"prive","statut":null,"proprio":"pm_privee","part_pub":0.0,"acces_osm":"yes","payant":"no","sud_canal":false,"a_verif":true,"motif_ver":"foncier privé mais accès OSM « yes »","cle":"osm:w928168872","revue":{"statut":"a_revoir"}}},{"type":"Feature","geometry":{"type":"Polygon","coordinates":[[[4.360972,43.830064],[4.361024,43.830041],[4.361076,43.830073],[4.361257,43.829976],[4.36114,43.829889],[4.361157,43.829865],[4.361083,43.829804],[4.361055,43.829653],[4.360876,43.829668],[4.360876,43.829719],[4.360778,43.829728],[4.360749,43.829846],[4.36069,43.829916],[4.360745,43.829994],[4.360972,43.830064]]]},"properties":{"id_pk":"PK_30189_223","nom":null,"insee":"30189","commune":"Nîmes","source":"osm","id_source":"w903893595","surf_m2":1260.8,"nb_pl_est":44,"nb_pl_reel":null,"nb_places":40,"stat_auto":"prive","statut":null,"proprio":"pp","part_pub":0.0,"acces_osm":"customers","payant":"no","sud_canal":false,"a_verif":false,"motif_ver":"","cle":"osm:w903893595","revue":{"statut":"a_revoir"}}},{"type":"Feature","geometry":{"type":"Polygon","coordinates":[[[4.346611,43.818923],[4.346525,43.819101],[4.346571,43.819119],[4.346589,43.819224],[4.346647,43.81924],[4.346627,43.819279],[4.346678,43.819302],[4.346616,43.819394],[4.34665,43.819436],[4.34676,43.819394],[4.346787,43.819364],[4.346999,43.818996],[4.34694,43.818975],[4.34685,43.819015],[4.346734,43.81898],[4.346748,43.818953],[4.346734,43.818824],[4.346677,43.8188],[4.346611,43.818923]]]},"properties":{"id_pk":"PK_30189_224","nom":null,"insee":"30189","commune":"Nîmes","source":"osm","id_source":"w153323525","surf_m2":1248.2,"nb_pl_est":44,"nb_pl_reel":null,"nb_places":44,"stat_auto":"prive","statut":null,"proprio":"pm_privee","part_pub":0.0,"acces_osm":null,"payant":null,"sud_canal":false,"a_verif":false,"motif_ver":"","cle":"osm:w153323525","revue":{"statut":"a_revoir"}}},{"type":"Feature","geometry":{"type":"Polygon","coordinates":[[[4.367446,43.823617],[4.368289,43.823921],[4.368332,43.823827],[4.368097,43.823721],[4.368125,43.82368],[4.367552,43.823462],[4.367446,43.823617]]]},"properties":{"id_pk":"PK_30189_225","nom":null,"insee":"30189","commune":"Nîmes","source":"osm","id_source":"w929889612","surf_m2":1245.7,"nb_pl_est":44,"nb_pl_reel":null,"nb_places":44,"stat_auto":"prive","statut":null,"proprio":"pm_privee","part_pub":0.0,"acces_osm":"customers","payant":null,"sud_canal":false,"a_verif":false,"motif_ver":"","cle":"osm:w929889612","revue":{"statut":"a_revoir"}}},{"type":"Feature","geometry":{"type":"Polygon","coordinates":[[[4.335834,43.828282],[4.335863,43.828307],[4.335922,43.828327],[4.336484,43.828419],[4.336522,43.828348],[4.336554,43.828289],[4.336502,43.828259],[4.335974,43.828094],[4.335843,43.828144],[4.335818,43.828216],[4.335823,43.828256],[4.335834,43.828282]]]},"properties":{"id_pk":"PK_30189_226","nom":null,"insee":"30189","commune":"Nîmes","source":"osm","id_source":"w566421458","surf_m2":1235.4,"nb_pl_est":43,"nb_pl_reel":null,"nb_places":43,"stat_auto":"public","statut":null,"proprio":"departement","part_pub":1.0,"acces_osm":"private","payant":null,"sud_canal":false,"a_verif":true,"motif_ver":"foncier public mais accès OSM « private »","cle":"osm:w566421458","revue":{"statut":"a_revoir"}}},{"type":"Feature","geometry":{"type":"Polygon","coordinates":[[[4.320949,43.821724],[4.32096,43.821408],[4.320702,43.82141],[4.320397,43.821611],[4.320395,43.821639],[4.320392,43.821699],[4.320949,43.821724]]]},"properties":{"id_pk":"PK_30189_227","nom":null,"insee":"30189","commune":"Nîmes","source":"osm","id_source":"w921777776","surf_m2":1235.1,"nb_pl_est":43,"nb_pl_reel":null,"nb_places":43,"stat_auto":"public","statut":null,"proprio":"etab_public","part_pub":1.0,"acces_osm":null,"payant":null,"sud_canal":false,"a_verif":false,"motif_ver":"","cle":"osm:w921777776","revue":{"statut":"a_revoir"}}},{"type":"Feature","geometry":{"type":"Polygon","coordinates":[[[4.385604,43.828687],[4.385885,43.828741],[4.386155,43.828767],[4.386167,43.828641],[4.386019,43.82863],[4.386038,43.828567],[4.385503,43.828455],[4.38546,43.828533],[4.385412,43.828579],[4.385389,43.828627],[4.385604,43.828687]]]},"properties":{"id_pk":"PK_30189_228","nom":null,"insee":"30189","commune":"Nîmes","source":"osm","id_source":"w571641203","surf_m2":1214.5,"nb_pl_est":43,"nb_pl_reel":null,"nb_places":43,"stat_auto":"public","statut":null,"proprio":"domaine_public","part_pub":1.0,"acces_osm":null,"payant":null,"sud_canal":false,"a_verif":false,"motif_ver":"","cle":"osm:w571641203","revue":{"statut":"a_revoir"}}},{"type":"Feature","geometry":{"type":"Polygon","coordinates":[[[4.340499,43.818196],[4.340625,43.818061],[4.339932,43.817727],[4.339807,43.817863],[4.340499,43.818196]]]},"properties":{"id_pk":"PK_30189_229","nom":null,"insee":"30189","commune":"Nîmes","source":"osm","id_source":"w505004876","surf_m2":1214.2,"nb_pl_est":43,"nb_pl_reel":null,"nb_places":43,"stat_auto":"prive","statut":null,"proprio":"pm_privee","part_pub":0.0,"acces_osm":null,"payant":null,"sud_canal":false,"a_verif":false,"motif_ver":"","cle":"osm:w505004876","revue":{"statut":"a_revoir"}}},{"type":"Feature","geometry":{"type":"Polygon","coordinates":[[[4.36198,43.828412],[4.362814,43.828723],[4.362952,43.828619],[4.362079,43.828287],[4.36198,43.828412]]]},"properties":{"id_pk":"PK_30189_230","nom":null,"insee":"30189","commune":"Nîmes","source":"osm","id_source":"w384983802","surf_m2":1212.7,"nb_pl_est":43,"nb_pl_reel":null,"nb_places":43,"stat_auto":"prive","statut":null,"proprio":"pm_privee","part_pub":0.0,"acces_osm":null,"payant":null,"sud_canal":false,"a_verif":false,"motif_ver":"","cle":"osm:w384983802","revue":{"statut":"a_revoir"}}},{"type":"Feature","geometry":{"type":"Polygon","coordinates":[[[4.303662,43.85177],[4.30366,43.851623],[4.302744,43.851636],[4.302754,43.851783],[4.303662,43.85177]]]},"properties":{"id_pk":"PK_30189_231","nom":null,"insee":"30189","commune":"Nîmes","source":"osm","id_source":"w926724401","surf_m2":1197.0,"nb_pl_est":43,"nb_pl_reel":null,"nb_places":43,"stat_auto":"prive","statut":null,"proprio":"pp","part_pub":0.0,"acces_osm":"private","payant":null,"sud_canal":false,"a_verif":false,"motif_ver":"","cle":"osm:w926724401","revue":{"statut":"a_revoir"}}},{"type":"Feature","geometry":{"type":"Polygon","coordinates":[[[4.361374,43.807454],[4.361418,43.807321],[4.360561,43.807174],[4.360545,43.807223],[4.360398,43.807198],[4.36037,43.807281],[4.361374,43.807454]]]},"properties":{"id_pk":"PK_30189_232","nom":null,"insee":"30189","commune":"Nîmes","source":"osm","id_source":"w961131616","surf_m2":1193.0,"nb_pl_est":43,"nb_pl_reel":null,"nb_places":43,"stat_auto":"prive","statut":null,"proprio":"pm_privee","part_pub":0.0,"acces_osm":null,"payant":null,"sud_canal":false,"a_verif":false,"motif_ver":"","cle":"osm:w961131616","revue":{"statut":"a_revoir"}}},{"type":"Feature","geometry":{"type":"Polygon","coordinates":[[[4.34131,43.836114],[4.341481,43.836063],[4.341436,43.835991],[4.341486,43.835975],[4.341171,43.835535],[4.341114,43.835552],[4.341044,43.835601],[4.340968,43.835635],[4.34131,43.836114]]]},"properties":{"id_pk":"PK_30189_233","nom":null,"insee":"30189","commune":"Nîmes","source":"osm","id_source":"w548175430","surf_m2":1185.6,"nb_pl_est":42,"nb_pl_reel":null,"nb_places":42,"stat_auto":"public","statut":null,"proprio":"departement","part_pub":1.0,"acces_osm":"customers","payant":"no","sud_canal":false,"a_verif":true,"motif_ver":"foncier public mais accès OSM « customers »","cle":"osm:w548175430","revue":{"statut":"a_revoir"}}},{"type":"Feature","geometry":{"type":"Polygon","coordinates":[[[4.388155,43.819979],[4.388212,43.820038],[4.388591,43.820114],[4.38862,43.820075],[4.388656,43.819985],[4.388672,43.819907],[4.388648,43.819867],[4.388542,43.819835],[4.388286,43.819774],[4.388215,43.819784],[4.388127,43.819833],[4.388117,43.819895],[4.388155,43.819979]]]},"properties":{"id_pk":"PK_30189_234","nom":null,"insee":"30189","commune":"Nîmes","source":"osm","id_source":"w281004562","surf_m2":1184.4,"nb_pl_est":42,"nb_pl_reel":null,"nb_places":42,"stat_auto":"public","statut":null,"proprio":"commune","part_pub":1.0,"acces_osm":null,"payant":null,"sud_canal":false,"a_verif":false,"motif_ver":"","cle":"osm:w281004562","revue":{"statut":"a_revoir"}}},{"type":"Feature","geometry":{"type":"Polygon","coordinates":[[[4.338282,43.819945],[4.338166,43.819873],[4.337873,43.819604],[4.337687,43.819704],[4.33766,43.819751],[4.338036,43.820084],[4.338282,43.819945]]]},"properties":{"id_pk":"PK_30189_235","nom":null,"insee":"30189","commune":"Nîmes","source":"osm","id_source":"w968163011","surf_m2":1175.4,"nb_pl_est":42,"nb_pl_reel":null,"nb_places":42,"stat_auto":"prive","statut":null,"proprio":"pm_privee","part_pub":0.01,"acces_osm":"private","payant":null,"sud_canal":false,"a_verif":false,"motif_ver":"","cle":"osm:w968163011","revue":{"statut":"a_revoir"}}},{"type":"Feature","geometry":{"type":"Polygon","coordinates":[[[4.31849,43.839411],[4.318506,43.839324],[4.318222,43.839246],[4.318097,43.839211],[4.317712,43.839208],[4.317709,43.839397],[4.31849,43.839411]]]},"properties":{"id_pk":"PK_30189_236","nom":null,"insee":"30189","commune":"Nîmes","source":"osm","id_source":"w777199298","surf_m2":1166.3,"nb_pl_est":42,"nb_pl_reel":null,"nb_places":42,"stat_auto":"prive","statut":null,"proprio":"pp","part_pub":0.1,"acces_osm":"yes","payant":"no","sud_canal":false,"a_verif":true,"motif_ver":"foncier privé mais accès OSM « yes »","cle":"osm:w777199298","revue":{"statut":"a_revoir"}}},{"type":"Feature","geometry":{"type":"Polygon","coordinates":[[[4.371785,43.820972],[4.371965,43.820845],[4.371477,43.820504],[4.371277,43.820639],[4.371785,43.820972]]]},"properties":{"id_pk":"PK_30189_237","nom":null,"insee":"30189","commune":"Nîmes","source":"osm","id_source":"w720159700","surf_m2":1157.6,"nb_pl_est":42,"nb_pl_reel":null,"nb_places":42,"stat_auto":"prive","statut":null,"proprio":"pm_privee","part_pub":0.02,"acces_osm":"private","payant":null,"sud_canal":false,"a_verif":false,"motif_ver":"","cle":"osm:w720159700","revue":{"statut":"a_revoir"}}},{"type":"Feature","geometry":{"type":"Polygon","coordinates":[[[4.323156,43.832656],[4.322727,43.832621],[4.322599,43.832936],[4.322894,43.832999],[4.323156,43.832656]]]},"properties":{"id_pk":"PK_30189_238","nom":null,"insee":"30189","commune":"Nîmes","source":"osm","id_source":"w1292178184","surf_m2":1148.9,"nb_pl_est":42,"nb_pl_reel":null,"nb_places":42,"stat_auto":"prive","statut":null,"proprio":"pm_privee","part_pub":0.0,"acces_osm":null,"payant":null,"sud_canal":false,"a_verif":false,"motif_ver":"","cle":"osm:w1292178184","revue":{"statut":"a_revoir"}}},{"type":"Feature","geometry":{"type":"Polygon","coordinates":[[[4.31045,43.814946],[4.310492,43.814887],[4.310854,43.814624],[4.310632,43.814469],[4.310227,43.814809],[4.31045,43.814946]]]},"properties":{"id_pk":"PK_30189_239","nom":null,"insee":"30189","commune":"Nîmes","source":"osm","id_source":"w941087623","surf_m2":1138.7,"nb_pl_est":41,"nb_pl_reel":null,"nb_places":41,"stat_auto":"prive","statut":null,"proprio":"pm_privee","part_pub":0.01,"acces_osm":null,"payant":null,"sud_canal":false,"a_verif":false,"motif_ver":"","cle":"osm:w941087623","revue":{"statut":"a_revoir"}}},{"type":"Feature","geometry":{"type":"Polygon","coordinates":[[[4.367436,43.821455],[4.367467,43.821366],[4.367443,43.821217],[4.366967,43.821272],[4.366889,43.821385],[4.36732,43.821565],[4.367436,43.821455]]]},"properties":{"id_pk":"PK_30189_240","nom":null,"insee":"30189","commune":"Nîmes","source":"osm","id_source":"w929882647","surf_m2":1138.2,"nb_pl_est":41,"nb_pl_reel":null,"nb_places":41,"stat_auto":"prive","statut":null,"proprio":"pm_privee","part_pub":0.0,"acces_osm":null,"payant":null,"sud_canal":false,"a_verif":false,"motif_ver":"","cle":"osm:w929882647","revue":{"statut":"a_revoir"}}},{"type":"Feature","geometry":{"type":"Polygon","coordinates":[[[4.395597,43.850622],[4.396403,43.850925],[4.396461,43.850879],[4.396327,43.850768],[4.395443,43.850489],[4.395332,43.850582],[4.395483,43.850732],[4.395597,43.850622]]]},"properties":{"id_pk":"PK_30189_241","nom":null,"insee":"30189","commune":"Nîmes","source":"osm","id_source":"w562985655","surf_m2":1133.5,"nb_pl_est":41,"nb_pl_reel":null,"nb_places":41,"stat_auto":"public","statut":null,"proprio":"commune","part_pub":0.96,"acces_osm":null,"payant":null,"sud_canal":false,"a_verif":false,"motif_ver":"","cle":"osm:w562985655","revue":{"statut":"a_revoir"}}},{"type":"Feature","geometry":{"type":"Polygon","coordinates":[[[4.324534,43.822789],[4.324534,43.822838],[4.324597,43.822839],[4.324671,43.822832],[4.324767,43.82271],[4.324921,43.822518],[4.324548,43.822442],[4.324417,43.82261],[4.324434,43.822626],[4.324417,43.822653],[4.324397,43.822681],[4.324376,43.822712],[4.324534,43.822789]]]},"properties":{"id_pk":"PK_30189_242","nom":null,"insee":"30189","commune":"Nîmes","source":"osm","id_source":"w1028954756","surf_m2":1122.3,"nb_pl_est":41,"nb_pl_reel":null,"nb_places":41,"stat_auto":"public","statut":null,"proprio":"etab_public","part_pub":1.0,"acces_osm":null,"payant":null,"sud_canal":false,"a_verif":false,"motif_ver":"","cle":"osm:w1028954756","revue":{"statut":"a_revoir"}}},{"type":"Feature","geometry":{"type":"Polygon","coordinates":[[[4.321708,43.821989],[4.321704,43.82155],[4.321461,43.821679],[4.321476,43.821817],[4.321598,43.821897],[4.321496,43.821897],[4.321226,43.821773],[4.321213,43.82199],[4.321708,43.821989]]]},"properties":{"id_pk":"PK_30189_243","nom":null,"insee":"30189","commune":"Nîmes","source":"osm","id_source":"w921777777","surf_m2":1116.9,"nb_pl_est":41,"nb_pl_reel":null,"nb_places":41,"stat_auto":"prive","statut":null,"proprio":"pp","part_pub":0.19,"acces_osm":null,"payant":null,"sud_canal":false,"a_verif":false,"motif_ver":"","cle":"osm:w921777777","revue":{"statut":"a_revoir"}}},{"type":"Feature","geometry":{"type":"Polygon","coordinates":[[[4.373781,43.804682],[4.373895,43.804497],[4.373706,43.804401],[4.37338,43.804314],[4.373334,43.804525],[4.373384,43.804531],[4.373371,43.804581],[4.373781,43.804682]]]},"properties":{"id_pk":"PK_30189_244","nom":null,"insee":"30189","commune":"Nîmes","source":"osm","id_source":"w1011898353","surf_m2":1115.7,"nb_pl_est":41,"nb_pl_reel":null,"nb_places":41,"stat_auto":"prive","statut":null,"proprio":"pp","part_pub":0.0,"acces_osm":null,"payant":null,"sud_canal":false,"a_verif":false,"motif_ver":"","cle":"osm:w1011898353","revue":{"statut":"a_revoir"}}},{"type":"Feature","geometry":{"type":"Polygon","coordinates":[[[4.338576,43.836128],[4.338529,43.835991],[4.337656,43.836154],[4.337701,43.836278],[4.337939,43.836229],[4.337946,43.836249],[4.338576,43.836128]]]},"properties":{"id_pk":"PK_30189_245","nom":null,"insee":"30189","commune":"Nîmes","source":"osm","id_source":"w44954299","surf_m2":1109.5,"nb_pl_est":41,"nb_pl_reel":null,"nb_places":41,"stat_auto":"prive","statut":null,"proprio":"pp","part_pub":0.0,"acces_osm":"private","payant":null,"sud_canal":false,"a_verif":false,"motif_ver":"","cle":"osm:w44954299","revue":{"statut":"a_revoir"}}},{"type":"Feature","geometry":{"type":"Polygon","coordinates":[[[4.373909,43.807776],[4.373077,43.807697],[4.37303,43.807693],[4.373021,43.807704],[4.373188,43.80778],[4.373143,43.807832],[4.373293,43.807867],[4.373948,43.807921],[4.373975,43.807847],[4.374,43.807776],[4.373909,43.807776]]]},"properties":{"id_pk":"PK_30189_246","nom":null,"insee":"30189","commune":"Nîmes","source":"osm","id_source":"w141252535","surf_m2":1096.8,"nb_pl_est":41,"nb_pl_reel":null,"nb_places":24,"stat_auto":"public","statut":null,"proprio":"etat","part_pub":1.0,"acces_osm":"yes","payant":"no","sud_canal":false,"a_verif":false,"motif_ver":"","cle":"osm:w141252535","revue":{"statut":"a_revoir"}}},{"type":"Feature","geometry":{"type":"Polygon","coordinates":[[[4.35608,43.817603],[4.355988,43.817879],[4.35598,43.817904],[4.355905,43.81813],[4.355983,43.818143],[4.356124,43.818168],[4.356299,43.817641],[4.35608,43.817603]]]},"properties":{"id_pk":"PK_30189_247","nom":null,"insee":"30189","commune":"Nîmes","source":"osm","id_source":"w156001871","surf_m2":1093.4,"nb_pl_est":40,"nb_pl_reel":null,"nb_places":40,"stat_auto":"public","statut":null,"proprio":"commune","part_pub":1.0,"acces_osm":null,"payant":null,"sud_canal":false,"a_verif":false,"motif_ver":"","cle":"osm:w156001871","revue":{"statut":"a_revoir"}}},{"type":"Feature","geometry":{"type":"Polygon","coordinates":[[[4.378614,43.835838],[4.378509,43.835712],[4.378573,43.835674],[4.378442,43.835544],[4.378265,43.835625],[4.378131,43.835507],[4.378053,43.835589],[4.378378,43.83595],[4.378614,43.835838]]]},"properties":{"id_pk":"PK_30189_248","nom":null,"insee":"30189","commune":"Nîmes","source":"osm","id_source":"w771591326","surf_m2":1092.6,"nb_pl_est":40,"nb_pl_reel":null,"nb_places":40,"stat_auto":"prive","statut":null,"proprio":"pm_privee","part_pub":0.0,"acces_osm":null,"payant":null,"sud_canal":false,"a_verif":false,"motif_ver":"","cle":"osm:w771591326","revue":{"statut":"a_revoir"}}},{"type":"Feature","geometry":{"type":"Polygon","coordinates":[[[4.364692,43.840232],[4.364725,43.840447],[4.365303,43.840407],[4.365308,43.840425],[4.365355,43.840423],[4.365372,43.840429],[4.365385,43.840376],[4.365126,43.840206],[4.364692,43.840232]]]},"properties":{"id_pk":"PK_30189_249","nom":null,"insee":"30189","commune":"Nîmes","source":"osm","id_source":"w1213408433","surf_m2":1091.0,"nb_pl_est":40,"nb_pl_reel":null,"nb_places":40,"stat_auto":"public","statut":null,"proprio":"etat","part_pub":1.0,"acces_osm":"yes","payant":"no","sud_canal":false,"a_verif":false,"motif_ver":"","cle":"osm:w1213408433","revue":{"statut":"a_revoir"}}},{"type":"Feature","geometry":{"type":"Polygon","coordinates":[[[4.331301,43.81856],[4.331225,43.818689],[4.331216,43.818879],[4.331509,43.818961],[4.331686,43.818678],[4.331301,43.81856]]]},"properties":{"id_pk":"PK_30189_250","nom":null,"insee":"30189","commune":"Nîmes","source":"osm","id_source":"w732082228","surf_m2":1088.6,"nb_pl_est":40,"nb_pl_reel":null,"nb_places":40,"stat_auto":"public","statut":null,"proprio":"etab_public","part_pub":1.0,"acces_osm":null,"payant":null,"sud_canal":false,"a_verif":false,"motif_ver":"","cle":"osm:w732082228","revue":{"statut":"a_revoir"}}},{"type":"Feature","geometry":{"type":"Polygon","coordinates":[[[4.346953,43.818155],[4.346989,43.818261],[4.347049,43.818251],[4.347052,43.818294],[4.347019,43.818342],[4.346961,43.818326],[4.346763,43.818661],[4.346914,43.81871],[4.346968,43.818726],[4.347176,43.818364],[4.347186,43.818337],[4.347192,43.818286],[4.347185,43.818227],[4.347142,43.818119],[4.347081,43.818135],[4.346953,43.818155]]]},"properties":{"id_pk":"PK_30189_251","nom":null,"insee":"30189","commune":"Nîmes","source":"osm","id_source":"w626407544","surf_m2":1086.2,"nb_pl_est":40,"nb_pl_reel":null,"nb_places":40,"stat_auto":"prive","statut":null,"proprio":"pm_privee","part_pub":0.0,"acces_osm":"customers","payant":null,"sud_canal":false,"a_verif":false,"motif_ver":"","cle":"osm:w626407544","revue":{"statut":"a_revoir"}}},{"type":"Feature","geometry":{"type":"Polygon","coordinates":[[[4.322911,43.854981],[4.323025,43.854846],[4.323057,43.854859],[4.322912,43.855038],[4.32308,43.855109],[4.32323,43.854939],[4.323169,43.854914],[4.323212,43.854859],[4.323207,43.854848],[4.323077,43.854787],[4.323155,43.854693],[4.322983,43.854616],[4.322744,43.854907],[4.322911,43.854981]]]},"properties":{"id_pk":"PK_30189_252","nom":null,"insee":"30189","commune":"Nîmes","source":"osm","id_source":"w562081056","surf_m2":1068.5,"nb_pl_est":40,"nb_pl_reel":null,"nb_places":40,"stat_auto":"public","statut":null,"proprio":"commune","part_pub":1.0,"acces_osm":null,"payant":null,"sud_canal":false,"a_verif":false,"motif_ver":"","cle":"osm:w562081056","revue":{"statut":"a_revoir"}}},{"type":"Feature","geometry":{"type":"Polygon","coordinates":[[[4.317332,43.815458],[4.317412,43.815417],[4.317088,43.815188],[4.317012,43.81525],[4.316959,43.815214],[4.316824,43.81533],[4.317202,43.815592],[4.317281,43.815562],[4.317332,43.815458]]]},"properties":{"id_pk":"PK_30189_253","nom":null,"insee":"30189","commune":"Nîmes","source":"osm","id_source":"w153397444","surf_m2":1048.3,"nb_pl_est":39,"nb_pl_reel":null,"nb_places":39,"stat_auto":"prive","statut":null,"proprio":"pm_privee","part_pub":0.0,"acces_osm":"permissive","payant":null,"sud_canal":false,"a_verif":true,"motif_ver":"foncier privé mais accès OSM « permissive »","cle":"osm:w153397444","revue":{"statut":"a_revoir"}}},{"type":"Feature","geometry":{"type":"Polygon","coordinates":[[[4.390108,43.8442],[4.390344,43.844374],[4.390688,43.844134],[4.390621,43.844082],[4.390513,43.844002],[4.390452,43.84396],[4.390108,43.8442]]]},"properties":{"id_pk":"PK_30189_254","nom":null,"insee":"30189","commune":"Nîmes","source":"osm","id_source":"w431606059","surf_m2":1043.7,"nb_pl_est":39,"nb_pl_reel":null,"nb_places":39,"stat_auto":"public","statut":null,"proprio":"departement","part_pub":1.0,"acces_osm":null,"payant":null,"sud_canal":false,"a_verif":false,"motif_ver":"","cle":"osm:w431606059","revue":{"statut":"a_revoir"}}},{"type":"Feature","geometry":{"type":"Polygon","coordinates":[[[4.370512,43.808698],[4.370569,43.808688],[4.370573,43.808638],[4.370537,43.808618],[4.370567,43.808563],[4.370622,43.808583],[4.370685,43.808566],[4.371015,43.808358],[4.371054,43.808342],[4.370962,43.808253],[4.370838,43.808241],[4.37039,43.808526],[4.370512,43.808698]]]},"properties":{"id_pk":"PK_30189_255","nom":null,"insee":"30189","commune":"Nîmes","source":"osm","id_source":"w985562861","surf_m2":1037.8,"nb_pl_est":39,"nb_pl_reel":null,"nb_places":39,"stat_auto":"prive","statut":null,"proprio":"pp","part_pub":0.0,"acces_osm":"customers","payant":"no","sud_canal":false,"a_verif":false,"motif_ver":"","cle":"osm:w985562861","revue":{"statut":"a_revoir"}}},{"type":"Feature","geometry":{"type":"Polygon","coordinates":[[[4.298789,43.852517],[4.299139,43.852364],[4.299694,43.852292],[4.299791,43.85214],[4.29935,43.852231],[4.29884,43.852369],[4.298787,43.852331],[4.298667,43.852389],[4.298757,43.852479],[4.298789,43.852517]]]},"properties":{"id_pk":"PK_30189_256","nom":null,"insee":"30189","commune":"Nîmes","source":"osm","id_source":"w926724413","surf_m2":1036.0,"nb_pl_est":39,"nb_pl_reel":null,"nb_places":39,"stat_auto":"prive","statut":null,"proprio":"pm_privee","part_pub":0.0,"acces_osm":"private","payant":null,"sud_canal":false,"a_verif":false,"motif_ver":"","cle":"osm:w926724413","revue":{"statut":"a_revoir"}}},{"type":"Feature","geometry":{"type":"Polygon","coordinates":[[[4.356439,43.81948],[4.35652,43.819223],[4.356099,43.819154],[4.356017,43.81941],[4.356439,43.81948]]]},"properties":{"id_pk":"PK_30189_257","nom":null,"insee":"30189","commune":"Nîmes","source":"osm","id_source":"w1135088629","surf_m2":1017.7,"nb_pl_est":39,"nb_pl_reel":null,"nb_places":39,"stat_auto":"prive","statut":null,"proprio":"pp","part_pub":0.0,"acces_osm":"customers","payant":"no","sud_canal":false,"a_verif":false,"motif_ver":"","cle":"osm:w1135088629","revue":{"statut":"a_revoir"}}},{"type":"Feature","geometry":{"type":"Polygon","coordinates":[[[4.355783,43.818518],[4.355592,43.819053],[4.35579,43.81909],[4.355982,43.818555],[4.355783,43.818518]]]},"properties":{"id_pk":"PK_30189_258","nom":null,"insee":"30189","commune":"Nîmes","source":"osm","id_source":"w156001870","surf_m2":1013.2,"nb_pl_est":39,"nb_pl_reel":null,"nb_places":39,"stat_auto":"public","statut":null,"proprio":"commune","part_pub":1.0,"acces_osm":null,"payant":null,"sud_canal":false,"a_verif":false,"motif_ver":"","cle":"osm:w156001870","revue":{"statut":"a_revoir"}}},{"type":"Feature","geometry":{"type":"Polygon","coordinates":[[[4.339176,43.82458],[4.339296,43.824401],[4.338753,43.824234],[4.338658,43.824405],[4.339176,43.82458]]]},"properties":{"id_pk":"PK_30189_259","nom":null,"insee":"30189","commune":"Nîmes","source":"osm","id_source":"w1006768304","surf_m2":994.9,"nb_pl_est":38,"nb_pl_reel":null,"nb_places":38,"stat_auto":"public","statut":null,"proprio":"commune","part_pub":1.0,"acces_osm":null,"payant":null,"sud_canal":false,"a_verif":false,"motif_ver":"","cle":"osm:w1006768304","revue":{"statut":"a_revoir"}}},{"type":"Feature","geometry":{"type":"Polygon","coordinates":[[[4.340158,43.824955],[4.340271,43.824782],[4.339875,43.824672],[4.339709,43.824943],[4.340017,43.82499],[4.340158,43.824955]]]},"properties":{"id_pk":"PK_30189_260","nom":null,"insee":"30189","commune":"Nîmes","source":"osm","id_source":"w1006768305","surf_m2":993.8,"nb_pl_est":38,"nb_pl_reel":null,"nb_places":38,"stat_auto":"public","statut":null,"proprio":"commune","part_pub":1.0,"acces_osm":null,"payant":null,"sud_canal":false,"a_verif":false,"motif_ver":"","cle":"osm:w1006768305","revue":{"statut":"a_revoir"}}},{"type":"Feature","geometry":{"type":"Polygon","coordinates":[[[4.360656,43.820379],[4.360799,43.820023],[4.360688,43.82003],[4.360607,43.820221],[4.360106,43.820109],[4.360044,43.82023],[4.360656,43.820379]]]},"properties":{"id_pk":"PK_30189_261","nom":null,"insee":"30189","commune":"Nîmes","source":"osm","id_source":"w954232991","surf_m2":976.3,"nb_pl_est":38,"nb_pl_reel":null,"nb_places":38,"stat_auto":"prive","statut":null,"proprio":"pm_privee","part_pub":0.0,"acces_osm":null,"payant":null,"sud_canal":false,"a_verif":false,"motif_ver":"","cle":"osm:w954232991","revue":{"statut":"a_revoir"}}},{"type":"Feature","geometry":{"type":"Polygon","coordinates":[[[4.359857,43.820037],[4.359817,43.82003],[4.359851,43.819976],[4.359501,43.819907],[4.359466,43.819851],[4.359518,43.819838],[4.359487,43.819722],[4.359433,43.819701],[4.359276,43.819714],[4.359385,43.820028],[4.359815,43.820136],[4.359857,43.820037]]]},"properties":{"id_pk":"PK_30189_262","nom":null,"insee":"30189","commune":"Nîmes","source":"osm","id_source":"w991997100","surf_m2":968.9,"nb_pl_est":38,"nb_pl_reel":null,"nb_places":38,"stat_auto":"prive","statut":null,"proprio":"pm_privee","part_pub":0.0,"acces_osm":null,"payant":null,"sud_canal":false,"a_verif":false,"motif_ver":"","cle":"osm:w991997100","revue":{"statut":"a_revoir"}}},{"type":"Feature","geometry":{"type":"Polygon","coordinates":[[[4.278074,43.888657,-1000.0],[4.278008,43.888612,-1000.0],[4.277493,43.888975,-1000.0],[4.277648,43.889047,-1000.0],[4.278178,43.888748,-1000.0],[4.278074,43.888657,-1000.0]]]},"properties":{"id_pk":"PK_30189_263","nom":null,"insee":"30189","commune":"Nîmes","source":"bdtopo","id_source":"EQ_RESEA0000002000743950","surf_m2":968.8,"nb_pl_est":38,"nb_pl_reel":null,"nb_places":38,"stat_auto":"public","statut":null,"proprio":"commune","part_pub":1.0,"acces_osm":null,"payant":null,"sud_canal":false,"a_verif":true,"motif_ver":"absent d'OSM (BD TOPO seule)","cle":"bdtopo:EQ_RESEA0000002000743950","revue":{"statut":"a_revoir"}}},{"type":"Feature","geometry":{"type":"Polygon","coordinates":[[[4.371939,43.819795],[4.371889,43.819775],[4.371905,43.819754],[4.371954,43.819777],[4.371998,43.819721],[4.371781,43.819628],[4.371844,43.81954],[4.371892,43.819562],[4.371955,43.819494],[4.371905,43.819477],[4.371922,43.819457],[4.371965,43.819477],[4.372035,43.819396],[4.371863,43.819321],[4.371792,43.819407],[4.37185,43.819428],[4.371831,43.819449],[4.371779,43.819425],[4.371729,43.819491],[4.371772,43.819511],[4.371711,43.819593],[4.371659,43.819574],[4.371609,43.819632],[4.371657,43.81965],[4.371647,43.819671],[4.371592,43.81965],[4.371541,43.819714],[4.371605,43.819742],[4.371794,43.819825],[4.371882,43.819864],[4.371939,43.819795]]]},"properties":{"id_pk":"PK_30189_264","nom":null,"insee":"30189","commune":"Nîmes","source":"osm","id_source":"w1076398774","surf_m2":961.7,"nb_pl_est":37,"nb_pl_reel":null,"nb_places":37,"stat_auto":"public","statut":null,"proprio":"epci","part_pub":1.0,"acces_osm":null,"payant":null,"sud_canal":false,"a_verif":false,"motif_ver":"","cle":"osm:w1076398774","revue":{"statut":"a_revoir"}}},{"type":"Feature","geometry":{"type":"Polygon","coordinates":[[[4.310933,43.814915],[4.310853,43.814979],[4.3108,43.814944],[4.310693,43.815023],[4.310798,43.815118],[4.311543,43.814572],[4.311312,43.814581],[4.311056,43.814772],[4.311044,43.814764],[4.310881,43.814884],[4.310933,43.814915]]]},"properties":{"id_pk":"PK_30189_265","nom":null,"insee":"30189","commune":"Nîmes","source":"osm","id_source":"w941087622","surf_m2":954.7,"nb_pl_est":37,"nb_pl_reel":null,"nb_places":37,"stat_auto":"prive","statut":null,"proprio":"pm_privee","part_pub":0.0,"acces_osm":null,"payant":null,"sud_canal":false,"a_verif":false,"motif_ver":"","cle":"osm:w941087622","revue":{"statut":"a_revoir"}}},{"type":"Feature","geometry":{"type":"Polygon","coordinates":[[[4.317013,43.841109],[4.317316,43.840991],[4.317279,43.840885],[4.317157,43.840936],[4.317067,43.840807],[4.316895,43.840847],[4.316753,43.841054],[4.316784,43.841071],[4.316819,43.841142],[4.317013,43.841109]]]},"properties":{"id_pk":"PK_30189_266","nom":null,"insee":"30189","commune":"Nîmes","source":"osm","id_source":"w923860544","surf_m2":953.8,"nb_pl_est":37,"nb_pl_reel":null,"nb_places":37,"stat_auto":"prive","statut":null,"proprio":"pp","part_pub":0.15,"acces_osm":"yes","payant":"no","sud_canal":false,"a_verif":true,"motif_ver":"foncier privé mais accès OSM « yes »","cle":"osm:w923860544","revue":{"statut":"a_revoir"}}},{"type":"Feature","geometry":{"type":"Polygon","coordinates":[[[4.363997,43.822119],[4.364112,43.821928],[4.363935,43.821873],[4.363756,43.822172],[4.364271,43.822334],[4.364336,43.822225],[4.363997,43.822119]]]},"properties":{"id_pk":"PK_30189_267","nom":null,"insee":"30189","commune":"Nîmes","source":"osm","id_source":"w1089645756","surf_m2":950.5,"nb_pl_est":37,"nb_pl_reel":null,"nb_places":37,"stat_auto":"prive","statut":null,"proprio":"pm_privee","part_pub":0.0,"acces_osm":"customers","payant":null,"sud_canal":false,"a_verif":false,"motif_ver":"","cle":"osm:w1089645756","revue":{"statut":"a_revoir"}}},{"type":"Feature","geometry":{"type":"Polygon","coordinates":[[[4.300517,43.830525],[4.30055,43.83048],[4.300572,43.830492],[4.300536,43.830529],[4.300647,43.830576],[4.300678,43.830533],[4.300699,43.830541],[4.300666,43.830582],[4.30078,43.830625],[4.300805,43.830588],[4.300835,43.830592],[4.300796,43.830633],[4.300907,43.830678],[4.300936,43.830642],[4.300959,43.830649],[4.300927,43.830687],[4.301034,43.830734],[4.301066,43.830703],[4.301092,43.830719],[4.301187,43.830612],[4.301118,43.83058],[4.301108,43.830592],[4.301024,43.830564],[4.30099,43.830601],[4.300975,43.830594],[4.301004,43.830557],[4.300895,43.830513],[4.30086,43.830546],[4.300844,43.830539],[4.300872,43.830504],[4.300757,43.830459],[4.300727,43.830493],[4.300711,43.830486],[4.300742,43.830452],[4.300633,43.830407],[4.300615,43.830432],[4.30059,43.830426],[4.300616,43.830402],[4.300509,43.830349],[4.300483,43.830385],[4.300434,43.830373],[4.300367,43.830459],[4.300517,43.830525]]]},"properties":{"id_pk":"PK_30189_268","nom":null,"insee":"30189","commune":"Nîmes","source":"osm","id_source":"w934068820","surf_m2":947.5,"nb_pl_est":37,"nb_pl_reel":null,"nb_places":37,"stat_auto":"prive","statut":null,"proprio":"pm_privee","part_pub":0.0,"acces_osm":"private","payant":null,"sud_canal":false,"a_verif":false,"motif_ver":"","cle":"osm:w934068820","revue":{"statut":"a_revoir"}}},{"type":"Feature","geometry":{"type":"Polygon","coordinates":[[[4.376118,43.862553],[4.376187,43.862576],[4.376172,43.862598],[4.376294,43.862646],[4.376519,43.862738],[4.376558,43.862695],[4.376672,43.862542],[4.376636,43.862528],[4.376342,43.862412],[4.376246,43.862375],[4.376118,43.862553]]]},"properties":{"id_pk":"PK_30189_269","nom":"Parking Relais Calvas","insee":"30189","commune":"Nîmes","source":"osm","id_source":"w718213752","surf_m2":943.2,"nb_pl_est":37,"nb_pl_reel":null,"nb_places":34,"stat_auto":"public","statut":null,"proprio":"epci","part_pub":1.0,"acces_osm":"yes","payant":null,"sud_canal":false,"a_verif":false,"motif_ver":"","cle":"osm:w718213752","revue":{"statut":"a_revoir"}}},{"type":"Feature","geometry":{"type":"Polygon","coordinates":[[[4.371044,43.822109],[4.371175,43.822022],[4.371239,43.822076],[4.371398,43.821965],[4.371364,43.821928],[4.371426,43.821901],[4.37147,43.821912],[4.37172,43.822105],[4.371822,43.822035],[4.371598,43.821847],[4.371526,43.821875],[4.371341,43.821795],[4.370959,43.822064],[4.371044,43.822109]]]},"properties":{"id_pk":"PK_30189_270","nom":null,"insee":"30189","commune":"Nîmes","source":"osm","id_source":"w929889633","surf_m2":938.7,"nb_pl_est":37,"nb_pl_reel":null,"nb_places":37,"stat_auto":"prive","statut":null,"proprio":"pp","part_pub":0.0,"acces_osm":"private","payant":null,"sud_canal":false,"a_verif":false,"motif_ver":"","cle":"osm:w929889633","revue":{"statut":"a_revoir"}}},{"type":"Feature","geometry":{"type":"Polygon","coordinates":[[[4.372307,43.842272],[4.372857,43.842384],[4.372975,43.842229],[4.372383,43.842104],[4.372307,43.842272]]]},"properties":{"id_pk":"PK_30189_271","nom":null,"insee":"30189","commune":"Nîmes","source":"osm","id_source":"w1560775426","surf_m2":926.8,"nb_pl_est":37,"nb_pl_reel":null,"nb_places":37,"stat_auto":"public","statut":null,"proprio":"etab_public","part_pub":1.05,"acces_osm":"private","payant":null,"sud_canal":false,"a_verif":true,"motif_ver":"foncier public mais accès OSM « private »","cle":"osm:w1560775426","revue":{"statut":"a_revoir"}}},{"type":"Feature","geometry":{"type":"Polygon","coordinates":[[[4.372009,43.82274],[4.371726,43.822502],[4.372028,43.822329],[4.371876,43.822179],[4.371756,43.822265],[4.371584,43.822491],[4.371918,43.822792],[4.372009,43.82274]]]},"properties":{"id_pk":"PK_30189_272","nom":null,"insee":"30189","commune":"Nîmes","source":"osm","id_source":"w929889641","surf_m2":923.2,"nb_pl_est":36,"nb_pl_reel":null,"nb_places":36,"stat_auto":"prive","statut":null,"proprio":"pp","part_pub":0.0,"acces_osm":"private","payant":null,"sud_canal":false,"a_verif":false,"motif_ver":"","cle":"osm:w929889641","revue":{"statut":"a_revoir"}}},{"type":"Feature","geometry":{"type":"Polygon","coordinates":[[[4.366703,43.822163],[4.366833,43.822016],[4.366328,43.82179],[4.366204,43.82194],[4.366703,43.822163]]]},"properties":{"id_pk":"PK_30189_273","nom":null,"insee":"30189","commune":"Nîmes","source":"osm","id_source":"w237824148","surf_m2":922.5,"nb_pl_est":36,"nb_pl_reel":null,"nb_places":36,"stat_auto":"prive","statut":null,"proprio":"pp","part_pub":0.0,"acces_osm":"private","payant":null,"sud_canal":false,"a_verif":false,"motif_ver":"","cle":"osm:w237824148","revue":{"statut":"a_revoir"}}},{"type":"Feature","geometry":{"type":"Polygon","coordinates":[[[4.369177,43.8214],[4.369587,43.821038],[4.369405,43.820927],[4.36902,43.821312],[4.369177,43.8214]]]},"properties":{"id_pk":"PK_30189_274","nom":null,"insee":"30189","commune":"Nîmes","source":"osm","id_source":"w929889628","surf_m2":917.4,"nb_pl_est":36,"nb_pl_reel":null,"nb_places":36,"stat_auto":"prive","statut":null,"proprio":"pm_privee","part_pub":0.0,"acces_osm":"private","payant":null,"sud_canal":false,"a_verif":false,"motif_ver":"","cle":"osm:w929889628","revue":{"statut":"a_revoir"}}},{"type":"Feature","geometry":{"type":"Polygon","coordinates":[[[4.387445,43.821761],[4.387365,43.821739],[4.386935,43.821362],[4.387036,43.821301],[4.386973,43.821176],[4.386758,43.821273],[4.386824,43.82139],[4.387351,43.821852],[4.387415,43.821866],[4.387445,43.821761]]]},"properties":{"id_pk":"PK_30189_275","nom":null,"insee":"30189","commune":"Nîmes","source":"osm","id_source":"w952473791","surf_m2":913.3,"nb_pl_est":36,"nb_pl_reel":null,"nb_places":36,"stat_auto":"prive","statut":null,"proprio":"pm_privee","part_pub":0.0,"acces_osm":"private","payant":null,"sud_canal":false,"a_verif":false,"motif_ver":"","cle":"osm:w952473791","revue":{"statut":"a_revoir"}}},{"type":"Feature","geometry":{"type":"Polygon","coordinates":[[[4.384555,43.844],[4.384595,43.84399],[4.384673,43.844022],[4.384886,43.843533],[4.384689,43.843493],[4.384489,43.843965],[4.384555,43.844]]]},"properties":{"id_pk":"PK_30189_276","nom":null,"insee":"30189","commune":"Nîmes","source":"osm","id_source":"w1088250942","surf_m2":909.8,"nb_pl_est":36,"nb_pl_reel":null,"nb_places":36,"stat_auto":"public","statut":null,"proprio":"domaine_public","part_pub":0.72,"acces_osm":null,"payant":null,"sud_canal":false,"a_verif":false,"motif_ver":"","cle":"osm:w1088250942","revue":{"statut":"a_revoir"}}},{"type":"Feature","geometry":{"type":"Polygon","coordinates":[[[4.332196,43.818345],[4.33212,43.818467],[4.332111,43.818481],[4.332436,43.818584],[4.332501,43.818591],[4.332438,43.818255],[4.332353,43.818094],[4.332196,43.818345]]]},"properties":{"id_pk":"PK_30189_277","nom":null,"insee":"30189","commune":"Nîmes","source":"osm","id_source":"w732082229","surf_m2":895.0,"nb_pl_est":36,"nb_pl_reel":null,"nb_places":36,"stat_auto":"public","statut":null,"proprio":"etab_public","part_pub":1.0,"acces_osm":null,"payant":null,"sud_canal":false,"a_verif":false,"motif_ver":"","cle":"osm:w732082229","revue":{"statut":"a_revoir"}}},{"type":"Feature","geometry":{"type":"Polygon","coordinates":[[[4.372166,43.811714],[4.372565,43.811982],[4.372671,43.812026],[4.372734,43.812027],[4.372807,43.811974],[4.372344,43.811605],[4.372166,43.811714]]]},"properties":{"id_pk":"PK_30189_278","nom":null,"insee":"30189","commune":"Nîmes","source":"osm","id_source":"w356430447","surf_m2":892.1,"nb_pl_est":36,"nb_pl_reel":null,"nb_places":36,"stat_auto":"prive","statut":null,"proprio":"pm_privee","part_pub":0.08,"acces_osm":"private","payant":null,"sud_canal":false,"a_verif":false,"motif_ver":"","cle":"osm:w356430447","revue":{"statut":"a_revoir"}}},{"type":"Feature","geometry":{"type":"Polygon","coordinates":[[[4.366872,43.821972],[4.367049,43.821756],[4.366721,43.821606],[4.366532,43.821824],[4.366872,43.821972]]]},"properties":{"id_pk":"PK_30189_279","nom":null,"insee":"30189","commune":"Nîmes","source":"osm","id_source":"w237824149","surf_m2":892.0,"nb_pl_est":36,"nb_pl_reel":null,"nb_places":36,"stat_auto":"prive","statut":null,"proprio":"pp","part_pub":0.0,"acces_osm":"private","payant":null,"sud_canal":false,"a_verif":false,"motif_ver":"","cle":"osm:w237824149","revue":{"statut":"a_revoir"}}},{"type":"Feature","geometry":{"type":"Polygon","coordinates":[[[4.370112,43.810906],[4.370319,43.810484],[4.370142,43.810377],[4.369923,43.810858],[4.370112,43.810906]]]},"properties":{"id_pk":"PK_30189_280","nom":null,"insee":"30189","commune":"Nîmes","source":"osm","id_source":"w929889658","surf_m2":887.4,"nb_pl_est":35,"nb_pl_reel":null,"nb_places":35,"stat_auto":"public","statut":null,"proprio":"etab_public","part_pub":1.0,"acces_osm":null,"payant":null,"sud_canal":false,"a_verif":false,"motif_ver":"","cle":"osm:w929889658","revue":{"statut":"a_revoir"}}},{"type":"Feature","geometry":{"type":"Polygon","coordinates":[[[4.364127,43.824062],[4.364275,43.824101],[4.364452,43.824138],[4.364531,43.823985],[4.364363,43.82394],[4.364279,43.823925],[4.36423,43.823911],[4.364234,43.823904],[4.364179,43.82389],[4.364192,43.823867],[4.364105,43.823851],[4.364055,43.823838],[4.364057,43.823832],[4.364028,43.823824],[4.363921,43.824017],[4.364127,43.824062]]]},"properties":{"id_pk":"PK_30189_281","nom":null,"insee":"30189","commune":"Nîmes","source":"osm","id_source":"w970646587","surf_m2":886.9,"nb_pl_est":35,"nb_pl_reel":null,"nb_places":35,"stat_auto":"prive","statut":null,"proprio":"pp","part_pub":0.01,"acces_osm":"private","payant":null,"sud_canal":false,"a_verif":false,"motif_ver":"","cle":"osm:w970646587","revue":{"statut":"a_revoir"}}},{"type":"Feature","geometry":{"type":"Polygon","coordinates":[[[4.350877,43.790233],[4.351,43.790055],[4.350985,43.789975],[4.351022,43.78986],[4.350994,43.789751],[4.350914,43.789735],[4.350652,43.790136],[4.350877,43.790233]]]},"properties":{"id_pk":"PK_30189_282","nom":null,"insee":"30189","commune":"Nîmes","source":"osm","id_source":"w937257812","surf_m2":884.9,"nb_pl_est":35,"nb_pl_reel":null,"nb_places":35,"stat_auto":"prive","statut":null,"proprio":"pm_privee","part_pub":0.0,"acces_osm":"customers","payant":"no","sud_canal":false,"a_verif":false,"motif_ver":"","cle":"osm:w937257812","revue":{"statut":"a_revoir"}}},{"type":"Feature","geometry":{"type":"Polygon","coordinates":[[[4.362132,43.820717],[4.362303,43.820254],[4.362087,43.820224],[4.361942,43.820649],[4.362132,43.820717]]]},"properties":{"id_pk":"PK_30189_283","nom":null,"insee":"30189","commune":"Nîmes","source":"osm","id_source":"w954232989","surf_m2":874.6,"nb_pl_est":35,"nb_pl_reel":null,"nb_places":35,"stat_auto":"prive","statut":null,"proprio":"pm_privee","part_pub":0.0,"acces_osm":null,"payant":null,"sud_canal":false,"a_verif":false,"motif_ver":"","cle":"osm:w954232989","revue":{"statut":"a_revoir"}}},{"type":"Feature","geometry":{"type":"Polygon","coordinates":[[[4.339307,43.830469],[4.33935,43.83041],[4.339401,43.83034],[4.338795,43.83012],[4.33871,43.83025],[4.339307,43.830469]]]},"properties":{"id_pk":"PK_30189_284","nom":null,"insee":"30189","commune":"Nîmes","source":"osm","id_source":"w943392225","surf_m2":871.3,"nb_pl_est":35,"nb_pl_reel":null,"nb_places":35,"stat_auto":"public","statut":null,"proprio":"commune","part_pub":1.0,"acces_osm":"private","payant":null,"sud_canal":false,"a_verif":true,"motif_ver":"foncier public mais accès OSM « private »","cle":"osm:w943392225","revue":{"statut":"a_revoir"}}},{"type":"Feature","geometry":{"type":"Polygon","coordinates":[[[4.300078,43.830925],[4.300104,43.830887],[4.300124,43.830894],[4.300097,43.830934],[4.300138,43.83095],[4.300169,43.830914],[4.300192,43.830921],[4.300158,43.83096],[4.300209,43.830981],[4.300237,43.830941],[4.300252,43.83095],[4.300223,43.830988],[4.300272,43.831006],[4.300303,43.830968],[4.300318,43.830973],[4.300289,43.831014],[4.300332,43.831031],[4.300363,43.830993],[4.30038,43.831001],[4.300352,43.831036],[4.300405,43.831058],[4.300435,43.83102],[4.300455,43.831028],[4.300422,43.831063],[4.300472,43.831086],[4.300502,43.831045],[4.300519,43.831054],[4.300488,43.831089],[4.300537,43.83111],[4.300568,43.831076],[4.300582,43.83108],[4.300553,43.831113],[4.300602,43.831135],[4.300626,43.8311],[4.300653,43.831106],[4.300619,43.83114],[4.300699,43.831179],[4.300845,43.831068],[4.300742,43.831029],[4.300714,43.831068],[4.300694,43.831061],[4.300727,43.831025],[4.300673,43.831005],[4.300646,43.831041],[4.30063,43.831034],[4.300657,43.830996],[4.300611,43.830979],[4.300583,43.831018],[4.30056,43.831009],[4.300597,43.83097],[4.300548,43.83095],[4.300516,43.830989],[4.300502,43.830984],[4.300529,43.830943],[4.300486,43.830927],[4.300455,43.830964],[4.300437,43.830959],[4.300466,43.830917],[4.300418,43.830899],[4.300386,43.830939],[4.300369,43.830934],[4.3004,43.830889],[4.300358,43.83087],[4.300325,43.830913],[4.300309,43.830909],[4.300337,43.830865],[4.300281,43.830848],[4.30026,43.830884],[4.300234,43.830877],[4.300266,43.830837],[4.300215,43.830821],[4.300192,43.830857],[4.300177,43.830851],[4.300204,43.830817],[4.300157,43.830793],[4.300132,43.830829],[4.300097,43.830816],[4.30003,43.830906],[4.300078,43.830925]]]},"properties":{"id_pk":"PK_30189_285","nom":null,"insee":"30189","commune":"Nîmes","source":"osm","id_source":"w1041446124","surf_m2":866.1,"nb_pl_est":35,"nb_pl_reel":null,"nb_places":35,"stat_auto":"prive","statut":null,"proprio":"pm_privee","part_pub":0.0,"acces_osm":"private","payant":null,"sud_canal":false,"a_verif":false,"motif_ver":"","cle":"osm:w1041446124","revue":{"statut":"a_revoir"}}},{"type":"Feature","geometry":{"type":"Polygon","coordinates":[[[4.378037,43.846111],[4.37805,43.846133],[4.378061,43.846143],[4.378082,43.846151],[4.378103,43.846161],[4.378126,43.846169],[4.378158,43.846179],[4.378179,43.846188],[4.378195,43.846197],[4.378209,43.846207],[4.378235,43.846233],[4.378249,43.846247],[4.378262,43.846266],[4.378269,43.846281],[4.378269,43.846311],[4.378346,43.846336],[4.378247,43.845846],[4.378011,43.845872],[4.377987,43.845891],[4.378037,43.846111]]]},"properties":{"id_pk":"PK_30189_286","nom":null,"insee":"30189","commune":"Nîmes","source":"osm","id_source":"w1279871880","surf_m2":848.8,"nb_pl_est":34,"nb_pl_reel":null,"nb_places":34,"stat_auto":"public","statut":null,"proprio":"etab_public","part_pub":1.0,"acces_osm":"yes","payant":"no","sud_canal":false,"a_verif":false,"motif_ver":"","cle":"osm:w1279871880","revue":{"statut":"a_revoir"}}},{"type":"Feature","geometry":{"type":"Polygon","coordinates":[[[4.357444,43.826318],[4.357861,43.826188],[4.357971,43.826005],[4.357697,43.825984],[4.357614,43.826192],[4.357351,43.826131],[4.357349,43.82626],[4.357444,43.826318]]]},"properties":{"id_pk":"PK_30189_287","nom":null,"insee":"30189","commune":"Nîmes","source":"osm","id_source":"w686692735","surf_m2":847.8,"nb_pl_est":34,"nb_pl_reel":null,"nb_places":34,"stat_auto":"public","statut":null,"proprio":"commune","part_pub":1.0,"acces_osm":"yes","payant":null,"sud_canal":false,"a_verif":false,"motif_ver":"","cle":"osm:w686692735","revue":{"statut":"a_revoir"}}},{"type":"Feature","geometry":{"type":"Polygon","coordinates":[[[4.374305,43.825066],[4.374703,43.82514],[4.374743,43.825116],[4.374398,43.824824],[4.374345,43.824793],[4.374139,43.824962],[4.374305,43.825066]]]},"properties":{"id_pk":"PK_30189_288","nom":null,"insee":"30189","commune":"Nîmes","source":"osm","id_source":"w44308293","surf_m2":841.3,"nb_pl_est":34,"nb_pl_reel":null,"nb_places":34,"stat_auto":"prive","statut":null,"proprio":"pm_privee","part_pub":0.14,"acces_osm":null,"payant":"no","sud_canal":false,"a_verif":false,"motif_ver":"","cle":"osm:w44308293","revue":{"statut":"a_revoir"}}},{"type":"Feature","geometry":{"type":"Polygon","coordinates":[[[4.316554,43.827612],[4.316654,43.827626],[4.316821,43.827636],[4.316906,43.827618],[4.317129,43.827528],[4.317099,43.827453],[4.316959,43.827452],[4.31672,43.82748],[4.316594,43.827464],[4.316485,43.827466],[4.316488,43.827452],[4.316454,43.827452],[4.316458,43.827521],[4.31649,43.827616],[4.316554,43.827612]]]},"properties":{"id_pk":"PK_30189_289","nom":null,"insee":"30189","commune":"Nîmes","source":"osm","id_source":"w1172587422","surf_m2":839.8,"nb_pl_est":34,"nb_pl_reel":null,"nb_places":34,"stat_auto":"prive","statut":null,"proprio":"pp","part_pub":0.0,"acces_osm":"private","payant":null,"sud_canal":false,"a_verif":false,"motif_ver":"","cle":"osm:w1172587422","revue":{"statut":"a_revoir"}}},{"type":"Feature","geometry":{"type":"Polygon","coordinates":[[[4.350972,43.831618],[4.351063,43.831311],[4.35083,43.831247],[4.350646,43.831422],[4.35061,43.831453],[4.350972,43.831618]]]},"properties":{"id_pk":"PK_30189_290","nom":null,"insee":"30189","commune":"Nîmes","source":"osm","id_source":"w548551578","surf_m2":838.8,"nb_pl_est":34,"nb_pl_reel":null,"nb_places":34,"stat_auto":"prive","statut":null,"proprio":"pm_privee","part_pub":0.0,"acces_osm":"private","payant":null,"sud_canal":false,"a_verif":false,"motif_ver":"","cle":"osm:w548551578","revue":{"statut":"a_revoir"}}},{"type":"Feature","geometry":{"type":"Polygon","coordinates":[[[4.320307,43.839776],[4.320221,43.839566],[4.3201,43.839546],[4.32008,43.839496],[4.319966,43.83952],[4.320031,43.83968],[4.319835,43.839722],[4.319893,43.839864],[4.320307,43.839776]]]},"properties":{"id_pk":"PK_30189_291","nom":null,"insee":"30189","commune":"Nîmes","source":"osm","id_source":"w1116381682","surf_m2":838.5,"nb_pl_est":34,"nb_pl_reel":null,"nb_places":34,"stat_auto":"prive","statut":null,"proprio":"pm_privee","part_pub":0.02,"acces_osm":null,"payant":null,"sud_canal":false,"a_verif":false,"motif_ver":"","cle":"osm:w1116381682","revue":{"statut":"a_revoir"}}},{"type":"Feature","geometry":{"type":"Polygon","coordinates":[[[4.371256,43.822528],[4.371412,43.82244],[4.371229,43.822278],[4.371192,43.822303],[4.371165,43.822282],[4.371207,43.822253],[4.371033,43.822116],[4.370822,43.822187],[4.371256,43.822528]]]},"properties":{"id_pk":"PK_30189_292","nom":null,"insee":"30189","commune":"Nîmes","source":"osm","id_source":"w929889632","surf_m2":835.6,"nb_pl_est":34,"nb_pl_reel":null,"nb_places":34,"stat_auto":"prive","statut":null,"proprio":"pp","part_pub":0.0,"acces_osm":"private","payant":null,"sud_canal":false,"a_verif":false,"motif_ver":"","cle":"osm:w929889632","revue":{"statut":"a_revoir"}}},{"type":"Feature","geometry":{"type":"Polygon","coordinates":[[[4.376468,43.842319],[4.376547,43.842171],[4.375973,43.842041],[4.375912,43.84219],[4.376468,43.842319]]]},"properties":{"id_pk":"PK_30189_293","nom":null,"insee":"30189","commune":"Nîmes","source":"osm","id_source":"w1095391163","surf_m2":831.9,"nb_pl_est":34,"nb_pl_reel":null,"nb_places":34,"stat_auto":"prive","statut":null,"proprio":"pm_privee","part_pub":0.0,"acces_osm":null,"payant":null,"sud_canal":false,"a_verif":false,"motif_ver":"","cle":"osm:w1095391163","revue":{"statut":"a_revoir"}}},{"type":"Feature","geometry":{"type":"Polygon","coordinates":[[[4.371057,43.811128],[4.371238,43.810725],[4.371022,43.810681],[4.370854,43.811072],[4.371057,43.811128]]]},"properties":{"id_pk":"PK_30189_294","nom":null,"insee":"30189","commune":"Nîmes","source":"osm","id_source":"w929889657","surf_m2":822.0,"nb_pl_est":33,"nb_pl_reel":null,"nb_places":33,"stat_auto":"public","statut":null,"proprio":"etab_public","part_pub":1.0,"acces_osm":null,"payant":null,"sud_canal":false,"a_verif":false,"motif_ver":"","cle":"osm:w929889657","revue":{"statut":"a_revoir"}}},{"type":"Feature","geometry":{"type":"Polygon","coordinates":[[[4.365093,43.824564],[4.365228,43.824602],[4.365425,43.82465],[4.365503,43.8245],[4.365374,43.824461],[4.365318,43.824452],[4.365266,43.82444],[4.365133,43.824391],[4.365001,43.82435],[4.364906,43.824509],[4.365093,43.824564]]]},"properties":{"id_pk":"PK_30189_295","nom":null,"insee":"30189","commune":"Nîmes","source":"osm","id_source":"w970646592","surf_m2":818.9,"nb_pl_est":33,"nb_pl_reel":null,"nb_places":33,"stat_auto":"prive","statut":null,"proprio":"hlm","part_pub":0.0,"acces_osm":"private","payant":null,"sud_canal":false,"a_verif":false,"motif_ver":"","cle":"osm:w970646592","revue":{"statut":"a_revoir"}}},{"type":"Feature","geometry":{"type":"Polygon","coordinates":[[[4.299719,43.831405],[4.299789,43.831432],[4.299767,43.831461],[4.299825,43.831486],[4.299856,43.831441],[4.299878,43.831451],[4.299845,43.831488],[4.299952,43.831533],[4.299986,43.831492],[4.300007,43.831502],[4.299978,43.831539],[4.300019,43.831559],[4.300051,43.831519],[4.30007,43.831527],[4.300037,43.831566],[4.300153,43.831613],[4.300183,43.831573],[4.300202,43.831582],[4.300171,43.831621],[4.300222,43.831642],[4.300246,43.8316],[4.30027,43.831609],[4.300239,43.831652],[4.300341,43.831689],[4.300424,43.831555],[4.300326,43.831519],[4.300298,43.831553],[4.300274,43.831547],[4.300303,43.831512],[4.300258,43.83149],[4.300232,43.831527],[4.300218,43.831522],[4.30024,43.831489],[4.300129,43.831438],[4.300101,43.831479],[4.300077,43.831469],[4.30011,43.831434],[4.300066,43.831412],[4.300042,43.83145],[4.300018,43.831444],[4.300051,43.831406],[4.300003,43.831387],[4.299976,43.831424],[4.299957,43.831417],[4.299986,43.83138],[4.299939,43.83136],[4.299908,43.831402],[4.299888,43.831397],[4.29992,43.831355],[4.29987,43.831335],[4.299846,43.831373],[4.299823,43.831367],[4.299847,43.831329],[4.299805,43.831314],[4.299782,43.831346],[4.299744,43.831335],[4.299707,43.8314],[4.299719,43.831405]]]},"properties":{"id_pk":"PK_30189_296","nom":null,"insee":"30189","commune":"Nîmes","source":"osm","id_source":"w934068822","surf_m2":815.0,"nb_pl_est":33,"nb_pl_reel":null,"nb_places":33,"stat_auto":"prive","statut":null,"proprio":"pm_privee","part_pub":0.0,"acces_osm":"private","payant":null,"sud_canal":false,"a_verif":false,"motif_ver":"","cle":"osm:w934068822","revue":{"statut":"a_revoir"}}},{"type":"Feature","geometry":{"type":"Polygon","coordinates":[[[4.363649,43.809257],[4.363272,43.810354],[4.363341,43.810364],[4.363735,43.809276],[4.363649,43.809257]]]},"properties":{"id_pk":"PK_30189_297","nom":null,"insee":"30189","commune":"Nîmes","source":"osm","id_source":"w1197822001","surf_m2":803.2,"nb_pl_est":33,"nb_pl_reel":null,"nb_places":33,"stat_auto":"prive","statut":null,"proprio":"pm_privee","part_pub":0.0,"acces_osm":null,"payant":null,"sud_canal":false,"a_verif":false,"motif_ver":"","cle":"osm:w1197822001","revue":{"statut":"a_revoir"}}},{"type":"Feature","geometry":{"type":"Polygon","coordinates":[[[4.362957,43.810475],[4.363006,43.810329],[4.362372,43.810219],[4.362339,43.810345],[4.362957,43.810475]]]},"properties":{"id_pk":"PK_30189_298","nom":null,"insee":"30189","commune":"Nîmes","source":"osm","id_source":"w922848511","surf_m2":803.1,"nb_pl_est":33,"nb_pl_reel":null,"nb_places":33,"stat_auto":"prive","statut":null,"proprio":"pm_privee","part_pub":0.0,"acces_osm":null,"payant":null,"sud_canal":false,"a_verif":false,"motif_ver":"","cle":"osm:w922848511","revue":{"statut":"a_revoir"}}},{"type":"Feature","geometry":{"type":"Polygon","coordinates":[[[4.338322,43.833664],[4.338517,43.833454],[4.338259,43.833308],[4.338027,43.833523],[4.338322,43.833664]]]},"properties":{"id_pk":"PK_30189_299","nom":null,"insee":"30189","commune":"Nîmes","source":"osm","id_source":"w943390730","surf_m2":799.8,"nb_pl_est":33,"nb_pl_reel":null,"nb_places":33,"stat_auto":"prive","statut":null,"proprio":"pm_privee","part_pub":0.0,"acces_osm":"private","payant":null,"sud_canal":false,"a_verif":false,"motif_ver":"","cle":"osm:w943390730","revue":{"statut":"a_revoir"}}},{"type":"Feature","geometry":{"type":"Polygon","coordinates":[[[4.364807,43.823775],[4.364894,43.823621],[4.364801,43.823582],[4.364563,43.823516],[4.364407,43.823524],[4.364308,43.823641],[4.364807,43.823775]]]},"properties":{"id_pk":"PK_30189_300","nom":null,"insee":"30189","commune":"Nîmes","source":"osm","id_source":"w970646586","surf_m2":790.0,"nb_pl_est":33,"nb_pl_reel":null,"nb_places":33,"stat_auto":"prive","statut":null,"proprio":"pp","part_pub":0.01,"acces_osm":"private","payant":null,"sud_canal":false,"a_verif":false,"motif_ver":"","cle":"osm:w970646586","revue":{"statut":"a_revoir"}}},{"type":"Feature","geometry":{"type":"Polygon","coordinates":[[[4.353508,43.819046],[4.353614,43.818719],[4.353384,43.818626],[4.353279,43.819006],[4.353508,43.819046]]]},"properties":{"id_pk":"PK_30189_301","nom":null,"insee":"30189","commune":"Nîmes","source":"osm","id_source":"w928168877","surf_m2":788.2,"nb_pl_est":32,"nb_pl_reel":null,"nb_places":32,"stat_auto":"prive","statut":null,"proprio":"pm_privee","part_pub":0.01,"acces_osm":null,"payant":null,"sud_canal":false,"a_verif":false,"motif_ver":"","cle":"osm:w928168877","revue":{"statut":"a_revoir"}}},{"type":"Feature","geometry":{"type":"Polygon","coordinates":[[[4.364112,43.824461],[4.364204,43.824371],[4.364005,43.824317],[4.363923,43.824303],[4.363872,43.82429],[4.36382,43.824268],[4.363832,43.824244],[4.363752,43.824223],[4.363748,43.82423],[4.3637,43.824218],[4.363704,43.824209],[4.363611,43.824184],[4.363525,43.824148],[4.363454,43.824208],[4.363446,43.824241],[4.363452,43.82426],[4.363473,43.824284],[4.363492,43.824295],[4.363999,43.82443],[4.364112,43.824461]]]},"properties":{"id_pk":"PK_30189_302","nom":null,"insee":"30189","commune":"Nîmes","source":"osm","id_source":"w970646590","surf_m2":788.0,"nb_pl_est":32,"nb_pl_reel":null,"nb_places":32,"stat_auto":"prive","statut":null,"proprio":"pp","part_pub":0.01,"acces_osm":null,"payant":null,"sud_canal":false,"a_verif":false,"motif_ver":"","cle":"osm:w970646590","revue":{"statut":"a_revoir"}}},{"type":"Feature","geometry":{"type":"Polygon","coordinates":[[[4.298555,43.844726],[4.298529,43.844683],[4.298546,43.844679],[4.298569,43.84472],[4.298683,43.844688],[4.298663,43.844649],[4.298681,43.844642],[4.298702,43.844686],[4.298783,43.84466],[4.298763,43.844619],[4.298781,43.844614],[4.298799,43.844655],[4.298891,43.844631],[4.298873,43.844591],[4.298889,43.844584],[4.298909,43.844625],[4.298991,43.844602],[4.298975,43.844564],[4.29899,43.844559],[4.299012,43.844596],[4.299094,43.844572],[4.299074,43.844532],[4.299092,43.844525],[4.29911,43.844569],[4.299199,43.844545],[4.299175,43.844502],[4.299106,43.844472],[4.299087,43.844427],[4.298974,43.844459],[4.298999,43.844506],[4.298983,43.84451],[4.298959,43.844465],[4.298866,43.84449],[4.298894,43.844534],[4.298877,43.844539],[4.298866,43.844515],[4.298659,43.844569],[4.298669,43.844593],[4.298633,43.844605],[4.298612,43.844562],[4.298536,43.844582],[4.298558,43.844625],[4.298398,43.844671],[4.298432,43.844759],[4.298555,43.844726]]]},"properties":{"id_pk":"PK_30189_303","nom":null,"insee":"30189","commune":"Nîmes","source":"osm","id_source":"w1008217034","surf_m2":782.7,"nb_pl_est":32,"nb_pl_reel":null,"nb_places":32,"stat_auto":"prive","statut":null,"proprio":"pp","part_pub":0.0,"acces_osm":"private","payant":null,"sud_canal":false,"a_verif":false,"motif_ver":"","cle":"osm:w1008217034","revue":{"statut":"a_revoir"}}},{"type":"Feature","geometry":{"type":"Polygon","coordinates":[[[4.364183,43.844651],[4.36418,43.8447],[4.364747,43.84472],[4.364757,43.844567],[4.36419,43.844547],[4.364183,43.844651]]]},"properties":{"id_pk":"PK_30189_304","nom":null,"insee":"30189","commune":"Nîmes","source":"osm","id_source":"w1099833007","surf_m2":778.5,"nb_pl_est":32,"nb_pl_reel":null,"nb_places":32,"stat_auto":"public","statut":null,"proprio":"commune","part_pub":1.0,"acces_osm":"yes","payant":"no","sud_canal":false,"a_verif":false,"motif_ver":"","cle":"osm:w1099833007","revue":{"statut":"a_revoir"}}},{"type":"Feature","geometry":{"type":"Polygon","coordinates":[[[4.300259,43.844194],[4.300289,43.844124],[4.300269,43.844091],[4.300088,43.844137],[4.300116,43.844182],[4.30008,43.844189],[4.300057,43.844146],[4.29988,43.844195],[4.299902,43.84424],[4.299741,43.84428],[4.299723,43.844242],[4.299593,43.844281],[4.299613,43.844316],[4.299662,43.844359],[4.299685,43.844401],[4.30028,43.844239],[4.300259,43.844194]]]},"properties":{"id_pk":"PK_30189_305","nom":null,"insee":"30189","commune":"Nîmes","source":"osm","id_source":"w1074192994","surf_m2":777.8,"nb_pl_est":32,"nb_pl_reel":null,"nb_places":32,"stat_auto":"prive","statut":null,"proprio":"pp","part_pub":0.0,"acces_osm":"private","payant":null,"sud_canal":false,"a_verif":false,"motif_ver":"","cle":"osm:w1074192994","revue":{"statut":"a_revoir"}}},{"type":"Feature","geometry":{"type":"Polygon","coordinates":[[[4.35454,43.816492],[4.354445,43.816754],[4.3545,43.816767],[4.354659,43.816709],[4.354785,43.816333],[4.35479,43.81632],[4.354617,43.816272],[4.35454,43.816492]]]},"properties":{"id_pk":"PK_30189_306","nom":null,"insee":"30189","commune":"Nîmes","source":"osm","id_source":"w1343178113","surf_m2":775.6,"nb_pl_est":32,"nb_pl_reel":null,"nb_places":32,"stat_auto":"prive","statut":null,"proprio":"pm_privee","part_pub":0.04,"acces_osm":"customers","payant":"no","sud_canal":false,"a_verif":false,"motif_ver":"","cle":"osm:w1343178113","revue":{"statut":"a_revoir"}}},{"type":"Feature","geometry":{"type":"Polygon","coordinates":[[[4.347939,43.81824],[4.348042,43.81831],[4.348005,43.818353],[4.348524,43.81852],[4.348611,43.818406],[4.347951,43.818187],[4.347939,43.81824]]]},"properties":{"id_pk":"PK_30189_307","nom":null,"insee":"30189","commune":"Nîmes","source":"osm","id_source":"w220937886","surf_m2":755.4,"nb_pl_est":31,"nb_pl_reel":null,"nb_places":31,"stat_auto":"public","statut":null,"proprio":"commune","part_pub":0.62,"acces_osm":"customers","payant":"no","sud_canal":false,"a_verif":true,"motif_ver":"foncier public mais accès OSM « customers »","cle":"osm:w220937886","revue":{"statut":"a_revoir"}}},{"type":"Feature","geometry":{"type":"Polygon","coordinates":[[[4.319801,43.820241],[4.319973,43.820148],[4.320024,43.820059],[4.319957,43.819954],[4.319863,43.819943],[4.319665,43.820115],[4.319584,43.820214],[4.319699,43.820328],[4.319801,43.820241]]]},"properties":{"id_pk":"PK_30189_308","nom":null,"insee":"30189","commune":"Nîmes","source":"osm","id_source":"w921778988","surf_m2":753.8,"nb_pl_est":31,"nb_pl_reel":null,"nb_places":31,"stat_auto":"public","statut":null,"proprio":"commune","part_pub":0.99,"acces_osm":null,"payant":null,"sud_canal":false,"a_verif":false,"motif_ver":"","cle":"osm:w921778988","revue":{"statut":"a_revoir"}}},{"type":"Feature","geometry":{"type":"Polygon","coordinates":[[[4.368107,43.82218],[4.367809,43.821995],[4.367604,43.822191],[4.367913,43.822326],[4.368107,43.82218]]]},"properties":{"id_pk":"PK_30189_309","nom":null,"insee":"30189","commune":"Nîmes","source":"osm","id_source":"w929889622","surf_m2":749.3,"nb_pl_est":31,"nb_pl_reel":null,"nb_places":31,"stat_auto":"public","statut":null,"proprio":"etat","part_pub":1.0,"acces_osm":"private","payant":null,"sud_canal":false,"a_verif":true,"motif_ver":"foncier public mais accès OSM « private »","cle":"osm:w929889622","revue":{"statut":"a_revoir"}}},{"type":"Feature","geometry":{"type":"Polygon","coordinates":[[[4.383744,43.836166],[4.383441,43.835644],[4.38347,43.836243],[4.383744,43.836166]]]},"properties":{"id_pk":"PK_30189_310","nom":null,"insee":"30189","commune":"Nîmes","source":"osm","id_source":"w810359989","surf_m2":744.4,"nb_pl_est":31,"nb_pl_reel":null,"nb_places":31,"stat_auto":"public","statut":null,"proprio":"domaine_public","part_pub":1.0,"acces_osm":null,"payant":null,"sud_canal":false,"a_verif":false,"motif_ver":"","cle":"osm:w810359989","revue":{"statut":"a_revoir"}}},{"type":"Feature","geometry":{"type":"Polygon","coordinates":[[[4.364281,43.82769],[4.364326,43.827626],[4.364482,43.827669],[4.364597,43.827646],[4.364442,43.827386],[4.364323,43.827349],[4.364152,43.827667],[4.364281,43.82769]]]},"properties":{"id_pk":"PK_30189_311","nom":null,"insee":"30189","commune":"Nîmes","source":"osm","id_source":"w773663452","surf_m2":741.8,"nb_pl_est":31,"nb_pl_reel":null,"nb_places":31,"stat_auto":"prive","statut":null,"proprio":"pp","part_pub":0.02,"acces_osm":null,"payant":null,"sud_canal":false,"a_verif":false,"motif_ver":"","cle":"osm:w773663452","revue":{"statut":"a_revoir"}}},{"type":"Feature","geometry":{"type":"Polygon","coordinates":[[[4.36972,43.820056],[4.369793,43.820047],[4.369797,43.820131],[4.369741,43.820134],[4.369754,43.820275],[4.370168,43.820248],[4.370143,43.820066],[4.369878,43.820085],[4.369866,43.819998],[4.369713,43.820009],[4.36972,43.820056]]]},"properties":{"id_pk":"PK_30189_312","nom":null,"insee":"30189","commune":"Nîmes","source":"osm","id_source":"w572205072","surf_m2":740.3,"nb_pl_est":31,"nb_pl_reel":null,"nb_places":31,"stat_auto":"prive","statut":null,"proprio":"pm_privee","part_pub":0.01,"acces_osm":null,"payant":null,"sud_canal":false,"a_verif":false,"motif_ver":"","cle":"osm:w572205072","revue":{"statut":"a_revoir"}}},{"type":"Feature","geometry":{"type":"Polygon","coordinates":[[[4.365137,43.837301],[4.365258,43.837163],[4.365209,43.837088],[4.364743,43.8372],[4.364836,43.837372],[4.365137,43.837301]]]},"properties":{"id_pk":"PK_30189_313","nom":"Place de l'Écluse","insee":"30189","commune":"Nîmes","source":"osm","id_source":"w771515352","surf_m2":739.8,"nb_pl_est":31,"nb_pl_reel":null,"nb_places":31,"stat_auto":"public","statut":null,"proprio":"domaine_public","part_pub":0.99,"acces_osm":null,"payant":null,"sud_canal":false,"a_verif":false,"motif_ver":"","cle":"osm:w771515352","revue":{"statut":"a_revoir"}}},{"type":"Feature","geometry":{"type":"Polygon","coordinates":[[[4.362661,43.832243],[4.362538,43.832145],[4.362075,43.832438],[4.362198,43.83254],[4.362661,43.832243]]]},"properties":{"id_pk":"PK_30189_314","nom":"Place du Guesclin","insee":"30189","commune":"Nîmes","source":"osm","id_source":"w41833868","surf_m2":739.2,"nb_pl_est":31,"nb_pl_reel":null,"nb_places":31,"stat_auto":"public","statut":null,"proprio":"domaine_public","part_pub":1.0,"acces_osm":null,"payant":null,"sud_canal":false,"a_verif":false,"motif_ver":"","cle":"osm:w41833868","revue":{"statut":"a_revoir"}}},{"type":"Feature","geometry":{"type":"Polygon","coordinates":[[[4.338767,43.820726],[4.338456,43.820465],[4.338271,43.820563],[4.338563,43.820828],[4.338767,43.820726]]]},"properties":{"id_pk":"PK_30189_315","nom":null,"insee":"30189","commune":"Nîmes","source":"osm","id_source":"w968163023","surf_m2":728.8,"nb_pl_est":31,"nb_pl_reel":null,"nb_places":31,"stat_auto":"public","statut":null,"proprio":"commune","part_pub":1.0,"acces_osm":null,"payant":null,"sud_canal":false,"a_verif":false,"motif_ver":"","cle":"osm:w968163023","revue":{"statut":"a_revoir"}}},{"type":"Feature","geometry":{"type":"Polygon","coordinates":[[[4.374911,43.811519],[4.375211,43.811385],[4.375019,43.81119],[4.374928,43.811229],[4.374743,43.811323],[4.374781,43.811371],[4.374911,43.811519]]]},"properties":{"id_pk":"PK_30189_316","nom":null,"insee":"30189","commune":"Nîmes","source":"osm","id_source":"w929889651","surf_m2":727.5,"nb_pl_est":31,"nb_pl_reel":null,"nb_places":31,"stat_auto":"prive","statut":null,"proprio":"pm_privee","part_pub":0.0,"acces_osm":null,"payant":null,"sud_canal":false,"a_verif":false,"motif_ver":"","cle":"osm:w929889651","revue":{"statut":"a_revoir"}}},{"type":"Feature","geometry":{"type":"Polygon","coordinates":[[[4.297209,43.844827],[4.297353,43.844786],[4.297328,43.844741],[4.297362,43.844732],[4.297382,43.844777],[4.297531,43.844739],[4.29751,43.844693],[4.297541,43.844686],[4.297556,43.844727],[4.297761,43.844669],[4.29769,43.844535],[4.297191,43.844675],[4.297216,43.84472],[4.297154,43.844737],[4.297185,43.844781],[4.297209,43.844827]]]},"properties":{"id_pk":"PK_30189_317","nom":null,"insee":"30189","commune":"Nîmes","source":"osm","id_source":"w1074192988","surf_m2":721.9,"nb_pl_est":30,"nb_pl_reel":null,"nb_places":30,"stat_auto":"prive","statut":null,"proprio":"pm_privee","part_pub":0.0,"acces_osm":"private","payant":null,"sud_canal":false,"a_verif":false,"motif_ver":"","cle":"osm:w1074192988","revue":{"statut":"a_revoir"}}},{"type":"Feature","geometry":{"type":"Polygon","coordinates":[[[4.369966,43.846044],[4.369869,43.845943],[4.369298,43.846192],[4.369354,43.84626],[4.369381,43.846293],[4.369966,43.846044]]]},"properties":{"id_pk":"PK_30189_318","nom":null,"insee":"30189","commune":"Nîmes","source":"osm","id_source":"w812994324","surf_m2":720.6,"nb_pl_est":30,"nb_pl_reel":null,"nb_places":30,"stat_auto":"public","statut":null,"proprio":"commune","part_pub":1.0,"acces_osm":"yes","payant":"no","sud_canal":false,"a_verif":false,"motif_ver":"","cle":"osm:w812994324","revue":{"statut":"a_revoir"}}},{"type":"Feature","geometry":{"type":"Polygon","coordinates":[[[4.356992,43.829464],[4.35705,43.829527],[4.357255,43.829458],[4.357181,43.829383],[4.357152,43.829394],[4.357126,43.82936],[4.357113,43.829339],[4.357062,43.82936],[4.357033,43.82929],[4.356994,43.829302],[4.356972,43.82931],[4.356654,43.829446],[4.356732,43.829563],[4.356992,43.829464]]]},"properties":{"id_pk":"PK_30189_319","nom":null,"insee":"30189","commune":"Nîmes","source":"osm","id_source":"w1002697443","surf_m2":715.3,"nb_pl_est":30,"nb_pl_reel":null,"nb_places":30,"stat_auto":"prive","statut":null,"proprio":"pp","part_pub":0.02,"acces_osm":"private","payant":null,"sud_canal":false,"a_verif":false,"motif_ver":"","cle":"osm:w1002697443","revue":{"statut":"a_revoir"}}},{"type":"Feature","geometry":{"type":"Polygon","coordinates":[[[4.394309,43.845502],[4.394305,43.845589],[4.394298,43.84574],[4.394484,43.845879],[4.394687,43.845882],[4.394731,43.84585],[4.394342,43.84551],[4.394309,43.845502]]]},"properties":{"id_pk":"PK_30189_320","nom":null,"insee":"30189","commune":"Nîmes","source":"osm","id_source":"w155950826","surf_m2":709.6,"nb_pl_est":30,"nb_pl_reel":null,"nb_places":30,"stat_auto":"public","statut":null,"proprio":"domaine_public","part_pub":1.0,"acces_osm":null,"payant":null,"sud_canal":false,"a_verif":false,"motif_ver":"","cle":"osm:w155950826","revue":{"statut":"a_revoir"}}},{"type":"Feature","geometry":{"type":"Polygon","coordinates":[[[4.345275,43.812287],[4.34522,43.812245],[4.344066,43.813076],[4.34412,43.813095],[4.345275,43.812287]]]},"properties":{"id_pk":"PK_30189_321","nom":null,"insee":"30189","commune":"Nîmes","source":"osm","id_source":"w954232974","surf_m2":709.3,"nb_pl_est":30,"nb_pl_reel":null,"nb_places":30,"stat_auto":"prive","statut":null,"proprio":"pp","part_pub":0.0,"acces_osm":null,"payant":null,"sud_canal":false,"a_verif":false,"motif_ver":"","cle":"osm:w954232974","revue":{"statut":"a_revoir"}}},{"type":"Feature","geometry":{"type":"Polygon","coordinates":[[[4.349015,43.83165],[4.349076,43.83168],[4.349271,43.83147],[4.349614,43.831608],[4.349713,43.83153],[4.349293,43.831326],[4.349015,43.83165]]]},"properties":{"id_pk":"PK_30189_322","nom":null,"insee":"30189","commune":"Nîmes","source":"osm","id_source":"w155799019","surf_m2":703.1,"nb_pl_est":30,"nb_pl_reel":null,"nb_places":30,"stat_auto":"prive","statut":null,"proprio":"hlm","part_pub":0.0,"acces_osm":"customers","payant":null,"sud_canal":false,"a_verif":false,"motif_ver":"","cle":"osm:w155799019","revue":{"statut":"a_revoir"}}},{"type":"Feature","geometry":{"type":"Polygon","coordinates":[[[4.37267,43.842509],[4.372806,43.842394],[4.372227,43.842271],[4.372176,43.842408],[4.37267,43.842509]]]},"properties":{"id_pk":"PK_30189_323","nom":null,"insee":"30189","commune":"Nîmes","source":"osm","id_source":"w1560775427","surf_m2":698.6,"nb_pl_est":30,"nb_pl_reel":null,"nb_places":30,"stat_auto":"public","statut":null,"proprio":"etab_public","part_pub":1.0,"acces_osm":null,"payant":null,"sud_canal":false,"a_verif":false,"motif_ver":"","cle":"osm:w1560775427","revue":{"statut":"a_revoir"}}},{"type":"Feature","geometry":{"type":"Polygon","coordinates":[[[4.347827,43.818295],[4.347775,43.818277],[4.347729,43.818231],[4.347625,43.818203],[4.347614,43.81822],[4.347535,43.818195],[4.347512,43.81821],[4.347492,43.818256],[4.347566,43.818284],[4.347498,43.818386],[4.347485,43.818446],[4.347571,43.81857],[4.34762,43.818588],[4.347827,43.818295]]]},"properties":{"id_pk":"PK_30189_324","nom":null,"insee":"30189","commune":"Nîmes","source":"osm","id_source":"w1019723640","surf_m2":698.4,"nb_pl_est":30,"nb_pl_reel":null,"nb_places":30,"stat_auto":"prive","statut":null,"proprio":"pm_privee","part_pub":0.0,"acces_osm":null,"payant":null,"sud_canal":false,"a_verif":false,"motif_ver":"","cle":"osm:w1019723640","revue":{"statut":"a_revoir"}}},{"type":"Feature","geometry":{"type":"Polygon","coordinates":[[[4.365578,43.840336],[4.365596,43.84031],[4.365622,43.840241],[4.365631,43.840182],[4.365628,43.840103],[4.365594,43.840064],[4.36553,43.84005],[4.365345,43.840059],[4.365211,43.840065],[4.365193,43.840073],[4.365189,43.84009],[4.365541,43.840349],[4.365578,43.840336]]]},"properties":{"id_pk":"PK_30189_325","nom":null,"insee":"30189","commune":"Nîmes","source":"osm","id_source":"w39447664","surf_m2":696.4,"nb_pl_est":30,"nb_pl_reel":null,"nb_places":30,"stat_auto":"public","statut":null,"proprio":"domaine_public","part_pub":1.0,"acces_osm":"yes","payant":"yes","sud_canal":false,"a_verif":false,"motif_ver":"","cle":"osm:w39447664","revue":{"statut":"a_revoir"}}},{"type":"Feature","geometry":{"type":"Polygon","coordinates":[[[4.401423,43.854658],[4.401699,43.854496],[4.401393,43.854194],[4.401311,43.854241],[4.401363,43.854278],[4.401519,43.85442],[4.401261,43.854569],[4.401348,43.854647],[4.401423,43.854658]]]},"properties":{"id_pk":"PK_30189_326","nom":null,"insee":"30189","commune":"Nîmes","source":"osm","id_source":"w1170949775","surf_m2":694.3,"nb_pl_est":30,"nb_pl_reel":null,"nb_places":30,"stat_auto":"prive","statut":null,"proprio":"pm_privee","part_pub":0.0,"acces_osm":null,"payant":null,"sud_canal":false,"a_verif":false,"motif_ver":"","cle":"osm:w1170949775","revue":{"statut":"a_revoir"}}},{"type":"Feature","geometry":{"type":"Polygon","coordinates":[[[4.310654,43.813324],[4.310695,43.813293],[4.310763,43.81333],[4.310919,43.813192],[4.310893,43.813096],[4.310876,43.813083],[4.310443,43.813148],[4.310406,43.813189],[4.310654,43.813324]]]},"properties":{"id_pk":"PK_30189_327","nom":null,"insee":"30189","commune":"Nîmes","source":"osm","id_source":"w941087606","surf_m2":687.0,"nb_pl_est":29,"nb_pl_reel":null,"nb_places":29,"stat_auto":"prive","statut":null,"proprio":"pm_privee","part_pub":0.0,"acces_osm":null,"payant":null,"sud_canal":false,"a_verif":false,"motif_ver":"","cle":"osm:w941087606","revue":{"statut":"a_revoir"}}},{"type":"Feature","geometry":{"type":"Polygon","coordinates":[[[4.356396,43.808285],[4.356435,43.808307],[4.356494,43.808371],[4.356551,43.808353],[4.356556,43.808158],[4.356552,43.808117],[4.356134,43.808173],[4.356142,43.808213],[4.356076,43.80822],[4.356093,43.808326],[4.356396,43.808285]]]},"properties":{"id_pk":"PK_30189_328","nom":null,"insee":"30189","commune":"Nîmes","source":"osm","id_source":"w505017789","surf_m2":686.3,"nb_pl_est":29,"nb_pl_reel":null,"nb_places":29,"stat_auto":"prive","statut":null,"proprio":"pm_privee","part_pub":0.0,"acces_osm":"yes","payant":"no","sud_canal":false,"a_verif":true,"motif_ver":"foncier privé mais accès OSM « yes »","cle":"osm:w505017789","revue":{"statut":"a_revoir"}}},{"type":"Feature","geometry":{"type":"Polygon","coordinates":[[[4.374044,43.847362],[4.373952,43.847272],[4.373894,43.847214],[4.373556,43.847391],[4.373706,43.847539],[4.374044,43.847362]]]},"properties":{"id_pk":"PK_30189_329","nom":null,"insee":"30189","commune":"Nîmes","source":"osm","id_source":"w212337783","surf_m2":685.8,"nb_pl_est":29,"nb_pl_reel":null,"nb_places":29,"stat_auto":"prive","statut":null,"proprio":"pm_privee","part_pub":0.0,"acces_osm":null,"payant":null,"sud_canal":false,"a_verif":false,"motif_ver":"","cle":"osm:w212337783","revue":{"statut":"a_revoir"}}},{"type":"Feature","geometry":{"type":"Polygon","coordinates":[[[4.341635,43.833435],[4.341335,43.833211],[4.341123,43.833249],[4.341464,43.833551],[4.341635,43.833435]]]},"properties":{"id_pk":"PK_30189_330","nom":null,"insee":"30189","commune":"Nîmes","source":"osm","id_source":"w926215942","surf_m2":672.7,"nb_pl_est":29,"nb_pl_reel":null,"nb_places":29,"stat_auto":"prive","statut":null,"proprio":"pp","part_pub":0.0,"acces_osm":"private","payant":null,"sud_canal":false,"a_verif":false,"motif_ver":"","cle":"osm:w926215942","revue":{"statut":"a_revoir"}}},{"type":"Feature","geometry":{"type":"Polygon","coordinates":[[[4.383262,43.843897],[4.382859,43.843621],[4.382724,43.843724],[4.382858,43.843803],[4.38291,43.843839],[4.383007,43.843904],[4.383074,43.84395],[4.383139,43.843994],[4.383262,43.843897]]]},"properties":{"id_pk":"PK_30189_331","nom":null,"insee":"30189","commune":"Nîmes","source":"osm","id_source":"w1076398743","surf_m2":667.0,"nb_pl_est":29,"nb_pl_reel":null,"nb_places":29,"stat_auto":"prive","statut":null,"proprio":"pp","part_pub":0.0,"acces_osm":null,"payant":null,"sud_canal":false,"a_verif":false,"motif_ver":"","cle":"osm:w1076398743","revue":{"statut":"a_revoir"}}},{"type":"Feature","geometry":{"type":"Polygon","coordinates":[[[4.341668,43.82122],[4.341794,43.821147],[4.341828,43.82107],[4.341525,43.820936],[4.341463,43.820948],[4.341394,43.821115],[4.341497,43.821163],[4.341668,43.82122]]]},"properties":{"id_pk":"PK_30189_332","nom":null,"insee":"30189","commune":"Nîmes","source":"osm","id_source":"w968162986","surf_m2":665.5,"nb_pl_est":29,"nb_pl_reel":null,"nb_places":29,"stat_auto":"public","statut":null,"proprio":"commune","part_pub":0.89,"acces_osm":null,"payant":null,"sud_canal":false,"a_verif":false,"motif_ver":"","cle":"osm:w968162986","revue":{"statut":"a_revoir"}}},{"type":"Feature","geometry":{"type":"Polygon","coordinates":[[[4.345467,43.813086],[4.345476,43.813011],[4.345405,43.813],[4.345234,43.813784],[4.345345,43.813793],[4.345467,43.813086]]]},"properties":{"id_pk":"PK_30189_333","nom":null,"insee":"30189","commune":"Nîmes","source":"osm","id_source":"w954232973","surf_m2":665.4,"nb_pl_est":29,"nb_pl_reel":null,"nb_places":29,"stat_auto":"mixte","statut":null,"proprio":"pp","part_pub":0.32,"acces_osm":null,"payant":null,"sud_canal":false,"a_verif":true,"motif_ver":"foncier mixte (32% public)","cle":"osm:w954232973","revue":{"statut":"a_revoir"}}},{"type":"Feature","geometry":{"type":"Polygon","coordinates":[[[4.368927,43.824405],[4.369042,43.82423],[4.368766,43.824097],[4.36859,43.82428],[4.368927,43.824405]]]},"properties":{"id_pk":"PK_30189_334","nom":null,"insee":"30189","commune":"Nîmes","source":"osm","id_source":"w929889614","surf_m2":658.4,"nb_pl_est":28,"nb_pl_reel":null,"nb_places":28,"stat_auto":"prive","statut":null,"proprio":"pm_privee","part_pub":0.0,"acces_osm":null,"payant":null,"sud_canal":false,"a_verif":false,"motif_ver":"","cle":"osm:w929889614","revue":{"statut":"a_revoir"}}},{"type":"Feature","geometry":{"type":"Polygon","coordinates":[[[4.361583,43.826542],[4.36168,43.826208],[4.361469,43.826176],[4.361372,43.82651],[4.361583,43.826542]]]},"properties":{"id_pk":"PK_30189_335","nom":null,"insee":"30189","commune":"Nîmes","source":"osm","id_source":"w239308657","surf_m2":657.7,"nb_pl_est":28,"nb_pl_reel":null,"nb_places":28,"stat_auto":"public","statut":null,"proprio":"etat","part_pub":1.0,"acces_osm":null,"payant":null,"sud_canal":false,"a_verif":false,"motif_ver":"","cle":"osm:w239308657","revue":{"statut":"a_revoir"}}},{"type":"Feature","geometry":{"type":"Polygon","coordinates":[[[4.313836,43.851941],[4.313993,43.852051],[4.314024,43.852113],[4.314156,43.852083],[4.31408,43.851888],[4.314139,43.851838],[4.314093,43.851794],[4.314032,43.851736],[4.313808,43.851865],[4.313836,43.851941]]]},"properties":{"id_pk":"PK_30189_336","nom":null,"insee":"30189","commune":"Nîmes","source":"osm","id_source":"w1291161462","surf_m2":648.8,"nb_pl_est":28,"nb_pl_reel":null,"nb_places":28,"stat_auto":"prive","statut":null,"proprio":"pm_privee","part_pub":0.0,"acces_osm":null,"payant":null,"sud_canal":false,"a_verif":false,"motif_ver":"","cle":"osm:w1291161462","revue":{"statut":"a_revoir"}}},{"type":"Feature","geometry":{"type":"Polygon","coordinates":[[[4.310468,43.851058],[4.310719,43.851056],[4.31093,43.851027],[4.310923,43.850987],[4.310716,43.851012],[4.310484,43.851005],[4.30954,43.850884],[4.309522,43.850936],[4.310468,43.851058]]]},"properties":{"id_pk":"PK_30189_337","nom":null,"insee":"30189","commune":"Nîmes","source":"osm","id_source":"w926724395","surf_m2":647.4,"nb_pl_est":28,"nb_pl_reel":null,"nb_places":28,"stat_auto":"prive","statut":null,"proprio":"pm_privee","part_pub":0.0,"acces_osm":"private","payant":null,"sud_canal":false,"a_verif":false,"motif_ver":"","cle":"osm:w926724395","revue":{"statut":"a_revoir"}}},{"type":"Feature","geometry":{"type":"Polygon","coordinates":[[[4.327138,43.831951],[4.3274,43.832037],[4.327464,43.831948],[4.327443,43.831941],[4.327491,43.831864],[4.32751,43.831825],[4.327232,43.831736],[4.327194,43.831798],[4.327105,43.83194],[4.327138,43.831951]]]},"properties":{"id_pk":"PK_30189_338","nom":null,"insee":"30189","commune":"Nîmes","source":"osm","id_source":"w1005957289","surf_m2":636.2,"nb_pl_est":28,"nb_pl_reel":null,"nb_places":28,"stat_auto":"prive","statut":null,"proprio":"hlm","part_pub":0.0,"acces_osm":"private","payant":null,"sud_canal":false,"a_verif":false,"motif_ver":"","cle":"osm:w1005957289","revue":{"statut":"a_revoir"}}},{"type":"Feature","geometry":{"type":"Polygon","coordinates":[[[4.31818,43.840162],[4.318385,43.840243],[4.318456,43.840251],[4.318569,43.840164],[4.318113,43.839954],[4.318022,43.840011],[4.31818,43.840162]]]},"properties":{"id_pk":"PK_30189_339","nom":null,"insee":"30189","commune":"Nîmes","source":"osm","id_source":"w934085164","surf_m2":634.1,"nb_pl_est":28,"nb_pl_reel":null,"nb_places":28,"stat_auto":"mixte","statut":null,"proprio":"pp","part_pub":0.25,"acces_osm":null,"payant":null,"sud_canal":false,"a_verif":true,"motif_ver":"foncier mixte (25% public)","cle":"osm:w934085164","revue":{"statut":"a_revoir"}}},{"type":"Feature","geometry":{"type":"Polygon","coordinates":[[[4.346092,43.814061],[4.346009,43.81443],[4.346196,43.814452],[4.346279,43.814083],[4.346092,43.814061]]]},"properties":{"id_pk":"PK_30189_340","nom":null,"insee":"30189","commune":"Nîmes","source":"osm","id_source":"w300994967","surf_m2":633.2,"nb_pl_est":27,"nb_pl_reel":null,"nb_places":27,"stat_auto":"prive","statut":null,"proprio":"pp","part_pub":0.0,"acces_osm":null,"payant":null,"sud_canal":false,"a_verif":false,"motif_ver":"","cle":"osm:w300994967","revue":{"statut":"a_revoir"}}},{"type":"Feature","geometry":{"type":"Polygon","coordinates":[[[4.332317,43.819179],[4.332645,43.819295],[4.332546,43.818836],[4.332317,43.819179]]]},"properties":{"id_pk":"PK_30189_341","nom":null,"insee":"30189","commune":"Nîmes","source":"osm","id_source":"w732082230","surf_m2":620.8,"nb_pl_est":27,"nb_pl_reel":null,"nb_places":27,"stat_auto":"public","statut":null,"proprio":"etab_public","part_pub":1.0,"acces_osm":null,"payant":null,"sud_canal":false,"a_verif":false,"motif_ver":"","cle":"osm:w732082230","revue":{"statut":"a_revoir"}}},{"type":"Feature","geometry":{"type":"Polygon","coordinates":[[[4.364391,43.824437],[4.364529,43.824476],[4.364694,43.824513],[4.364802,43.824368],[4.364468,43.824261],[4.364298,43.824412],[4.364391,43.824437]]]},"properties":{"id_pk":"PK_30189_342","nom":null,"insee":"30189","commune":"Nîmes","source":"osm","id_source":"w970646589","surf_m2":620.7,"nb_pl_est":27,"nb_pl_reel":null,"nb_places":27,"stat_auto":"prive","statut":null,"proprio":"pm_privee","part_pub":0.08,"acces_osm":"private","payant":null,"sud_canal":false,"a_verif":false,"motif_ver":"","cle":"osm:w970646589","revue":{"statut":"a_revoir"}}},{"type":"Feature","geometry":{"type":"Polygon","coordinates":[[[4.363739,43.822427],[4.363789,43.822444],[4.363967,43.822504],[4.364028,43.822525],[4.364155,43.82233],[4.363865,43.822233],[4.363739,43.822427]]]},"properties":{"id_pk":"PK_30189_343","nom":null,"insee":"30189","commune":"Nîmes","source":"osm","id_source":"w1089645755","surf_m2":614.2,"nb_pl_est":27,"nb_pl_reel":null,"nb_places":27,"stat_auto":"prive","statut":null,"proprio":"pm_privee","part_pub":0.0,"acces_osm":"private","payant":null,"sud_canal":false,"a_verif":false,"motif_ver":"","cle":"osm:w1089645755","revue":{"statut":"a_revoir"}}},{"type":"Feature","geometry":{"type":"Polygon","coordinates":[[[4.35309,43.813969],[4.353018,43.813962],[4.352935,43.814041],[4.352917,43.814096],[4.353396,43.814155],[4.353438,43.814012],[4.35309,43.813969]]]},"properties":{"id_pk":"PK_30189_344","nom":null,"insee":"30189","commune":"Nîmes","source":"osm","id_source":"w928168865","surf_m2":610.8,"nb_pl_est":27,"nb_pl_reel":null,"nb_places":27,"stat_auto":"public","statut":null,"proprio":"commune","part_pub":0.97,"acces_osm":null,"payant":null,"sud_canal":false,"a_verif":false,"motif_ver":"","cle":"osm:w928168865","revue":{"statut":"a_revoir"}}},{"type":"Feature","geometry":{"type":"Polygon","coordinates":[[[4.370215,43.824991],[4.37027,43.824945],[4.369853,43.82472],[4.369657,43.824704],[4.369611,43.824782],[4.370215,43.824991]]]},"properties":{"id_pk":"PK_30189_345","nom":null,"insee":"30189","commune":"Nîmes","source":"osm","id_source":"w1033590232","surf_m2":609.3,"nb_pl_est":27,"nb_pl_reel":null,"nb_places":27,"stat_auto":"prive","statut":null,"proprio":"pm_privee","part_pub":0.0,"acces_osm":"customers","payant":"no","sud_canal":false,"a_verif":false,"motif_ver":"","cle":"osm:w1033590232","revue":{"statut":"a_revoir"}}},{"type":"Feature","geometry":{"type":"Polygon","coordinates":[[[4.343066,43.815356],[4.343071,43.81535],[4.343092,43.815321],[4.343197,43.815179],[4.343154,43.815155],[4.343167,43.815143],[4.34321,43.815167],[4.343253,43.815129],[4.343321,43.815116],[4.343364,43.815094],[4.343375,43.815084],[4.343267,43.815043],[4.343161,43.815003],[4.342891,43.815255],[4.343033,43.815325],[4.342992,43.815366],[4.343032,43.81539],[4.343066,43.815356]]]},"properties":{"id_pk":"PK_30189_346","nom":null,"insee":"30189","commune":"Nîmes","source":"osm","id_source":"w1015980112","surf_m2":602.6,"nb_pl_est":26,"nb_pl_reel":null,"nb_places":26,"stat_auto":"prive","statut":null,"proprio":"pm_privee","part_pub":0.04,"acces_osm":null,"payant":null,"sud_canal":false,"a_verif":false,"motif_ver":"","cle":"osm:w1015980112","revue":{"statut":"a_revoir"}}},{"type":"Feature","geometry":{"type":"Polygon","coordinates":[[[4.346944,43.817944],[4.346605,43.817736],[4.346437,43.817836],[4.346754,43.818033],[4.346944,43.817944]]]},"properties":{"id_pk":"PK_30189_347","nom":null,"insee":"30189","commune":"Nîmes","source":"osm","id_source":"w954232978","surf_m2":600.5,"nb_pl_est":26,"nb_pl_reel":null,"nb_places":26,"stat_auto":"prive","statut":null,"proprio":"pm_privee","part_pub":0.0,"acces_osm":null,"payant":null,"sud_canal":false,"a_verif":false,"motif_ver":"","cle":"osm:w954232978","revue":{"statut":"a_revoir"}}},{"type":"Feature","geometry":{"type":"Polygon","coordinates":[[[4.352931,43.818946],[4.353002,43.81859],[4.352837,43.818547],[4.352748,43.818917],[4.352931,43.818946]]]},"properties":{"id_pk":"PK_30189_348","nom":null,"insee":"30189","commune":"Nîmes","source":"osm","id_source":"w928168876","surf_m2":589.9,"nb_pl_est":26,"nb_pl_reel":null,"nb_places":26,"stat_auto":"prive","statut":null,"proprio":"pm_privee","part_pub":0.0,"acces_osm":null,"payant":null,"sud_canal":false,"a_verif":false,"motif_ver":"","cle":"osm:w928168876","revue":{"statut":"a_revoir"}}},{"type":"Feature","geometry":{"type":"Polygon","coordinates":[[[4.355361,43.83242],[4.355822,43.832388],[4.355822,43.832257],[4.355336,43.832273],[4.355361,43.83242]]]},"properties":{"id_pk":"PK_30189_349","nom":null,"insee":"30189","commune":"Nîmes","source":"osm","id_source":"w155799017","surf_m2":589.7,"nb_pl_est":26,"nb_pl_reel":null,"nb_places":26,"stat_auto":"prive","statut":null,"proprio":"pp","part_pub":0.0,"acces_osm":null,"payant":null,"sud_canal":false,"a_verif":false,"motif_ver":"","cle":"osm:w155799017","revue":{"statut":"a_revoir"}}},{"type":"Feature","geometry":{"type":"Polygon","coordinates":[[[4.359188,43.843779],[4.359375,43.843819],[4.359399,43.843824],[4.359402,43.843817],[4.359536,43.843846],[4.359548,43.843818],[4.359598,43.843829],[4.359661,43.843685],[4.359235,43.843653],[4.359174,43.843698],[4.359188,43.843779]]]},"properties":{"id_pk":"PK_30189_350","nom":null,"insee":"30189","commune":"Nîmes","source":"osm","id_source":"w997268600","surf_m2":589.0,"nb_pl_est":26,"nb_pl_reel":null,"nb_places":26,"stat_auto":"public","statut":null,"proprio":"commune","part_pub":1.0,"acces_osm":"private","payant":null,"sud_canal":false,"a_verif":true,"motif_ver":"foncier public mais accès OSM « private »","cle":"osm:w997268600","revue":{"statut":"a_revoir"}}},{"type":"Feature","geometry":{"type":"Polygon","coordinates":[[[4.315272,43.816919],[4.315535,43.816726],[4.315363,43.816604],[4.3151,43.816796],[4.315272,43.816919]]]},"properties":{"id_pk":"PK_30189_351","nom":null,"insee":"30189","commune":"Nîmes","source":"osm","id_source":"w504720966","surf_m2":583.8,"nb_pl_est":26,"nb_pl_reel":null,"nb_places":26,"stat_auto":"public","statut":null,"proprio":"etab_public","part_pub":1.0,"acces_osm":null,"payant":null,"sud_canal":false,"a_verif":false,"motif_ver":"","cle":"osm:w504720966","revue":{"statut":"a_revoir"}}},{"type":"Feature","geometry":{"type":"Polygon","coordinates":[[[4.347664,43.815326],[4.347651,43.815277],[4.347765,43.815182],[4.348465,43.815454],[4.348501,43.815417],[4.348398,43.815359],[4.347772,43.815142],[4.347672,43.815163],[4.347597,43.815259],[4.347601,43.815362],[4.347716,43.815463],[4.347766,43.815435],[4.347664,43.815326]]]},"properties":{"id_pk":"PK_30189_352","nom":null,"insee":"30189","commune":"Nîmes","source":"osm","id_source":"w928168870","surf_m2":581.4,"nb_pl_est":26,"nb_pl_reel":null,"nb_places":26,"stat_auto":"prive","statut":null,"proprio":"pm_privee","part_pub":0.0,"acces_osm":null,"payant":null,"sud_canal":false,"a_verif":false,"motif_ver":"","cle":"osm:w928168870","revue":{"statut":"a_revoir"}}},{"type":"Feature","geometry":{"type":"Polygon","coordinates":[[[4.345421,43.812708],[4.345609,43.812718],[4.345676,43.812647],[4.345799,43.812189],[4.345701,43.812189],[4.34563,43.812637],[4.345595,43.812672],[4.345365,43.812656],[4.34531,43.812959],[4.345375,43.812974],[4.345421,43.812708]]]},"properties":{"id_pk":"PK_30189_353","nom":null,"insee":"30189","commune":"Nîmes","source":"osm","id_source":"w954232975","surf_m2":577.6,"nb_pl_est":26,"nb_pl_reel":null,"nb_places":26,"stat_auto":"prive","statut":null,"proprio":"pp","part_pub":0.0,"acces_osm":null,"payant":null,"sud_canal":false,"a_verif":false,"motif_ver":"","cle":"osm:w954232975","revue":{"statut":"a_revoir"}}},{"type":"Feature","geometry":{"type":"Polygon","coordinates":[[[4.300639,43.844194],[4.300616,43.844156],[4.300634,43.844151],[4.300656,43.844188],[4.300743,43.844165],[4.300721,43.844125],[4.300738,43.844117],[4.300759,43.844159],[4.30087,43.844127],[4.300853,43.844091],[4.300872,43.844085],[4.300889,43.844122],[4.301004,43.844089],[4.300942,43.843958],[4.300877,43.843974],[4.300898,43.844013],[4.300877,43.844021],[4.300859,43.843983],[4.300761,43.844007],[4.300783,43.844047],[4.300762,43.844052],[4.300741,43.844011],[4.300643,43.844041],[4.300663,43.844079],[4.300641,43.844085],[4.300623,43.844043],[4.300569,43.844057],[4.300592,43.844097],[4.300562,43.844105],[4.300539,43.844065],[4.300463,43.844086],[4.300484,43.844123],[4.30053,43.84418],[4.300553,43.844217],[4.300639,43.844194]]]},"properties":{"id_pk":"PK_30189_354","nom":null,"insee":"30189","commune":"Nîmes","source":"osm","id_source":"w1008217035","surf_m2":573.5,"nb_pl_est":25,"nb_pl_reel":null,"nb_places":25,"stat_auto":"prive","statut":null,"proprio":"pp","part_pub":0.0,"acces_osm":"private","payant":null,"sud_canal":false,"a_verif":false,"motif_ver":"","cle":"osm:w1008217035","revue":{"statut":"a_revoir"}}},{"type":"Feature","geometry":{"type":"Polygon","coordinates":[[[4.345489,43.815812],[4.345962,43.815912],[4.346013,43.815788],[4.34554,43.815688],[4.345489,43.815812]]]},"properties":{"id_pk":"PK_30189_355","nom":null,"insee":"30189","commune":"Nîmes","source":"osm","id_source":"w306374505","surf_m2":568.7,"nb_pl_est":25,"nb_pl_reel":null,"nb_places":25,"stat_auto":"prive","statut":null,"proprio":"pm_privee","part_pub":0.0,"acces_osm":"private","payant":null,"sud_canal":false,"a_verif":false,"motif_ver":"","cle":"osm:w306374505","revue":{"statut":"a_revoir"}}},{"type":"Feature","geometry":{"type":"Polygon","coordinates":[[[4.338435,43.825386],[4.338548,43.825292],[4.338251,43.825236],[4.337809,43.825113],[4.337773,43.825175],[4.338435,43.825386]]]},"properties":{"id_pk":"PK_30189_356","nom":null,"insee":"30189","commune":"Nîmes","source":"osm","id_source":"w926719693","surf_m2":564.1,"nb_pl_est":25,"nb_pl_reel":null,"nb_places":25,"stat_auto":"public","statut":null,"proprio":"commune","part_pub":1.0,"acces_osm":null,"payant":null,"sud_canal":false,"a_verif":false,"motif_ver":"","cle":"osm:w926719693","revue":{"statut":"a_revoir"}}},{"type":"Feature","geometry":{"type":"Polygon","coordinates":[[[4.350177,43.83125],[4.350298,43.831227],[4.350322,43.831077],[4.350049,43.831033],[4.349935,43.831159],[4.349966,43.831229],[4.350177,43.83125]]]},"properties":{"id_pk":"PK_30189_357","nom":null,"insee":"30189","commune":"Nîmes","source":"osm","id_source":"w548551581","surf_m2":561.9,"nb_pl_est":25,"nb_pl_reel":null,"nb_places":25,"stat_auto":"prive","statut":null,"proprio":"pm_privee","part_pub":0.0,"acces_osm":"private","payant":null,"sud_canal":false,"a_verif":false,"motif_ver":"","cle":"osm:w548551581","revue":{"statut":"a_revoir"}}},{"type":"Feature","geometry":{"type":"Polygon","coordinates":[[[4.405343,43.85791],[4.405346,43.857828],[4.405394,43.857793],[4.405229,43.857669],[4.405106,43.85761],[4.40498,43.857721],[4.405294,43.857931],[4.405343,43.85791]]]},"properties":{"id_pk":"PK_30189_358","nom":null,"insee":"30189","commune":"Nîmes","source":"osm","id_source":"w1531709451","surf_m2":559.5,"nb_pl_est":25,"nb_pl_reel":null,"nb_places":25,"stat_auto":"public","statut":null,"proprio":"etat","part_pub":1.0,"acces_osm":"private","payant":null,"sud_canal":false,"a_verif":true,"motif_ver":"foncier public mais accès OSM « private »","cle":"osm:w1531709451","revue":{"statut":"a_revoir"}}},{"type":"Feature","geometry":{"type":"Polygon","coordinates":[[[4.37483,43.812082],[4.374729,43.811989],[4.374308,43.812074],[4.3742,43.812093],[4.374221,43.812197],[4.37483,43.812082]]]},"properties":{"id_pk":"PK_30189_359","nom":null,"insee":"30189","commune":"Nîmes","source":"osm","id_source":"w952473797","surf_m2":557.9,"nb_pl_est":25,"nb_pl_reel":null,"nb_places":25,"stat_auto":"prive","statut":null,"proprio":"pm_privee","part_pub":0.0,"acces_osm":"private","payant":null,"sud_canal":false,"a_verif":false,"motif_ver":"","cle":"osm:w952473797","revue":{"statut":"a_revoir"}}},{"type":"Feature","geometry":{"type":"Polygon","coordinates":[[[4.362228,43.831834],[4.362212,43.831821],[4.362175,43.831789],[4.361907,43.831565],[4.361835,43.831842],[4.361824,43.831883],[4.362228,43.831834]]]},"properties":{"id_pk":"PK_30189_360","nom":"Place du 8 Mai 1945","insee":"30189","commune":"Nîmes","source":"osm","id_source":"w41833799","surf_m2":556.6,"nb_pl_est":25,"nb_pl_reel":null,"nb_places":25,"stat_auto":"public","statut":null,"proprio":"domaine_public","part_pub":1.0,"acces_osm":null,"payant":null,"sud_canal":false,"a_verif":false,"motif_ver":"","cle":"osm:w41833799","revue":{"statut":"a_revoir"}}},{"type":"Feature","geometry":{"type":"Polygon","coordinates":[[[4.395444,43.845566],[4.395001,43.845502],[4.395435,43.845843],[4.395444,43.845566]]]},"properties":{"id_pk":"PK_30189_361","nom":null,"insee":"30189","commune":"Nîmes","source":"osm","id_source":"w1493434070","surf_m2":551.3,"nb_pl_est":25,"nb_pl_reel":null,"nb_places":25,"stat_auto":"public","statut":null,"proprio":"commune","part_pub":0.55,"acces_osm":null,"payant":null,"sud_canal":false,"a_verif":false,"motif_ver":"","cle":"osm:w1493434070","revue":{"statut":"a_revoir"}}},{"type":"Feature","geometry":{"type":"Polygon","coordinates":[[[4.342724,43.815983],[4.342862,43.815866],[4.342553,43.815688],[4.342404,43.815797],[4.342724,43.815983]]]},"properties":{"id_pk":"PK_30189_362","nom":null,"insee":"30189","commune":"Nîmes","source":"osm","id_source":"w1015980115","surf_m2":550.1,"nb_pl_est":25,"nb_pl_reel":null,"nb_places":25,"stat_auto":"mixte","statut":null,"proprio":"pm_privee","part_pub":0.31,"acces_osm":null,"payant":null,"sud_canal":false,"a_verif":true,"motif_ver":"foncier mixte (31% public)","cle":"osm:w1015980115","revue":{"statut":"a_revoir"}}},{"type":"Feature","geometry":{"type":"Polygon","coordinates":[[[4.327194,43.831798],[4.327151,43.831742],[4.326836,43.831588],[4.326779,43.831677],[4.326968,43.831811],[4.327036,43.831898],[4.327049,43.831912],[4.327081,43.831946],[4.327105,43.83194],[4.327194,43.831798]]]},"properties":{"id_pk":"PK_30189_363","nom":null,"insee":"30189","commune":"Nîmes","source":"osm","id_source":"w1005957293","surf_m2":549.9,"nb_pl_est":25,"nb_pl_reel":null,"nb_places":25,"stat_auto":"public","statut":null,"proprio":"commune","part_pub":0.93,"acces_osm":null,"payant":null,"sud_canal":false,"a_verif":false,"motif_ver":"","cle":"osm:w1005957293","revue":{"statut":"a_revoir"}}},{"type":"Feature","geometry":{"type":"Polygon","coordinates":[[[4.370461,43.840823],[4.370471,43.840791],[4.370487,43.840745],[4.370506,43.840695],[4.37024,43.840632],[4.370231,43.840651],[4.370191,43.840761],[4.370163,43.840844],[4.370236,43.840863],[4.370435,43.840902],[4.370461,43.840823]]]},"properties":{"id_pk":"PK_30189_364","nom":null,"insee":"30189","commune":"Nîmes","source":"osm","id_source":"w39784606","surf_m2":548.4,"nb_pl_est":25,"nb_pl_reel":null,"nb_places":25,"stat_auto":"public","statut":null,"proprio":"domaine_public","part_pub":0.97,"acces_osm":null,"payant":"no","sud_canal":false,"a_verif":false,"motif_ver":"","cle":"osm:w39784606","revue":{"statut":"a_revoir"}}},{"type":"Feature","geometry":{"type":"Polygon","coordinates":[[[4.361501,43.82058],[4.361576,43.820435],[4.361498,43.82042],[4.361333,43.820393],[4.36121,43.820373],[4.361154,43.820363],[4.361109,43.820487],[4.361501,43.82058]]]},"properties":{"id_pk":"PK_30189_365","nom":null,"insee":"30189","commune":"Nîmes","source":"osm","id_source":"w954232992","surf_m2":538.3,"nb_pl_est":24,"nb_pl_reel":null,"nb_places":24,"stat_auto":"prive","statut":null,"proprio":"pp","part_pub":0.0,"acces_osm":null,"payant":null,"sud_canal":false,"a_verif":false,"motif_ver":"","cle":"osm:w954232992","revue":{"statut":"a_revoir"}}},{"type":"Feature","geometry":{"type":"Polygon","coordinates":[[[4.38565,43.823618],[4.385818,43.823178],[4.385731,43.82316],[4.385673,43.823196],[4.385521,43.823595],[4.38565,43.823618]]]},"properties":{"id_pk":"PK_30189_366","nom":null,"insee":"30189","commune":"Nîmes","source":"osm","id_source":"w952473788","surf_m2":534.6,"nb_pl_est":24,"nb_pl_reel":null,"nb_places":24,"stat_auto":"prive","statut":null,"proprio":"pm_privee","part_pub":0.0,"acces_osm":"private","payant":null,"sud_canal":false,"a_verif":false,"motif_ver":"","cle":"osm:w952473788","revue":{"statut":"a_revoir"}}},{"type":"Feature","geometry":{"type":"Polygon","coordinates":[[[4.38528,43.842716],[4.385542,43.842779],[4.385377,43.842537],[4.385357,43.842463],[4.385129,43.842492],[4.38528,43.842716]]]},"properties":{"id_pk":"PK_30189_367","nom":null,"insee":"30189","commune":"Nîmes","source":"osm","id_source":"w507306551","surf_m2":532.7,"nb_pl_est":24,"nb_pl_reel":null,"nb_places":24,"stat_auto":"public","statut":null,"proprio":"commune","part_pub":1.0,"acces_osm":null,"payant":null,"sud_canal":false,"a_verif":false,"motif_ver":"","cle":"osm:w507306551","revue":{"statut":"a_revoir"}}},{"type":"Feature","geometry":{"type":"Polygon","coordinates":[[[4.321228,43.839531],[4.321284,43.839454],[4.321111,43.839399],[4.320837,43.839485],[4.320945,43.83964],[4.321228,43.839531]]]},"properties":{"id_pk":"PK_30189_368","nom":null,"insee":"30189","commune":"Nîmes","source":"osm","id_source":"w944317118","surf_m2":530.1,"nb_pl_est":24,"nb_pl_reel":null,"nb_places":24,"stat_auto":"prive","statut":null,"proprio":"pm_privee","part_pub":0.02,"acces_osm":null,"payant":null,"sud_canal":false,"a_verif":false,"motif_ver":"","cle":"osm:w944317118","revue":{"statut":"a_revoir"}}},{"type":"Feature","geometry":{"type":"Polygon","coordinates":[[[4.291398,43.861928],[4.291568,43.861905],[4.291579,43.861755],[4.291242,43.861772],[4.291242,43.861787],[4.29118,43.86179],[4.291178,43.861909],[4.291398,43.861928]]]},"properties":{"id_pk":"PK_30189_369","nom":null,"insee":"30189","commune":"Nîmes","source":"osm","id_source":"w1019723582","surf_m2":529.6,"nb_pl_est":24,"nb_pl_reel":null,"nb_places":24,"stat_auto":"prive","statut":null,"proprio":"pp","part_pub":0.0,"acces_osm":null,"payant":null,"sud_canal":false,"a_verif":false,"motif_ver":"","cle":"osm:w1019723582","revue":{"statut":"a_revoir"}}},{"type":"Feature","geometry":{"type":"Polygon","coordinates":[[[4.414906,43.87431],[4.415224,43.87414],[4.4151,43.87402],[4.415035,43.874055],[4.414783,43.87419],[4.414906,43.87431]]]},"properties":{"id_pk":"PK_30189_370","nom":null,"insee":"30189","commune":"Nîmes","source":"osm","id_source":"w618832451","surf_m2":528.7,"nb_pl_est":24,"nb_pl_reel":null,"nb_places":21,"stat_auto":"prive","statut":null,"proprio":"pp","part_pub":0.02,"acces_osm":null,"payant":null,"sud_canal":false,"a_verif":false,"motif_ver":"","cle":"osm:w618832451","revue":{"statut":"a_revoir"}}},{"type":"Feature","geometry":{"type":"Polygon","coordinates":[[[4.364926,43.808526],[4.364969,43.808442],[4.365022,43.808463],[4.365146,43.808214],[4.364973,43.808166],[4.364807,43.80852],[4.364926,43.808526]]]},"properties":{"id_pk":"PK_30189_371","nom":null,"insee":"30189","commune":"Nîmes","source":"osm","id_source":"w156184435","surf_m2":528.5,"nb_pl_est":24,"nb_pl_reel":null,"nb_places":24,"stat_auto":"prive","statut":null,"proprio":"pm_privee","part_pub":0.0,"acces_osm":"customers","payant":"no","sud_canal":false,"a_verif":false,"motif_ver":"","cle":"osm:w156184435","revue":{"statut":"a_revoir"}}},{"type":"Feature","geometry":{"type":"Polygon","coordinates":[[[4.386998,43.835706],[4.387064,43.835866],[4.387416,43.8358],[4.387346,43.835648],[4.387144,43.835691],[4.387131,43.83567],[4.386998,43.835706]]]},"properties":{"id_pk":"PK_30189_372","nom":null,"insee":"30189","commune":"Nîmes","source":"osm","id_source":"w155950837","surf_m2":525.0,"nb_pl_est":24,"nb_pl_reel":null,"nb_places":24,"stat_auto":"prive","statut":null,"proprio":"pm_privee","part_pub":0.0,"acces_osm":null,"payant":null,"sud_canal":false,"a_verif":false,"motif_ver":"","cle":"osm:w155950837","revue":{"statut":"a_revoir"}}},{"type":"Feature","geometry":{"type":"Polygon","coordinates":[[[4.368359,43.821958],[4.368521,43.821848],[4.368218,43.821673],[4.368091,43.821802],[4.368359,43.821958]]]},"properties":{"id_pk":"PK_30189_373","nom":null,"insee":"30189","commune":"Nîmes","source":"osm","id_source":"w929889623","surf_m2":518.3,"nb_pl_est":23,"nb_pl_reel":null,"nb_places":23,"stat_auto":"public","statut":null,"proprio":"etat","part_pub":1.0,"acces_osm":"private","payant":null,"sud_canal":false,"a_verif":true,"motif_ver":"foncier public mais accès OSM « private »","cle":"osm:w929889623","revue":{"statut":"a_revoir"}}},{"type":"Feature","geometry":{"type":"Polygon","coordinates":[[[4.369402,43.820716],[4.369543,43.820597],[4.369245,43.820427],[4.369116,43.820551],[4.369402,43.820716]]]},"properties":{"id_pk":"PK_30189_374","nom":null,"insee":"30189","commune":"Nîmes","source":"osm","id_source":"w929889627","surf_m2":517.3,"nb_pl_est":23,"nb_pl_reel":null,"nb_places":23,"stat_auto":"prive","statut":null,"proprio":"pm_privee","part_pub":0.0,"acces_osm":"private","payant":null,"sud_canal":false,"a_verif":false,"motif_ver":"","cle":"osm:w929889627","revue":{"statut":"a_revoir"}}},{"type":"Feature","geometry":{"type":"Polygon","coordinates":[[[4.366484,43.821809],[4.366602,43.821679],[4.366286,43.821539],[4.366176,43.82166],[4.366484,43.821809]]]},"properties":{"id_pk":"PK_30189_375","nom":null,"insee":"30189","commune":"Nîmes","source":"osm","id_source":"w929882652","surf_m2":498.6,"nb_pl_est":23,"nb_pl_reel":null,"nb_places":23,"stat_auto":"prive","statut":null,"proprio":"pp","part_pub":0.01,"acces_osm":null,"payant":null,"sud_canal":false,"a_verif":false,"motif_ver":"","cle":"osm:w929882652","revue":{"statut":"a_revoir"}}},{"type":"Feature","geometry":{"type":"Polygon","coordinates":[[[4.31636,43.812935],[4.316051,43.812726],[4.315949,43.812792],[4.315937,43.812852],[4.316156,43.812998],[4.31636,43.812935]]]},"properties":{"id_pk":"PK_30189_376","nom":null,"insee":"30189","commune":"Nîmes","source":"osm","id_source":"w1081164361","surf_m2":498.5,"nb_pl_est":23,"nb_pl_reel":null,"nb_places":23,"stat_auto":"public","statut":null,"proprio":"etab_public","part_pub":1.0,"acces_osm":null,"payant":null,"sud_canal":false,"a_verif":false,"motif_ver":"","cle":"osm:w1081164361","revue":{"statut":"a_revoir"}}},{"type":"Feature","geometry":{"type":"Polygon","coordinates":[[[4.388117,43.838124],[4.388159,43.838114],[4.388172,43.838093],[4.388175,43.838066],[4.388147,43.838041],[4.388133,43.838032],[4.387553,43.83794],[4.387587,43.838038],[4.388117,43.838124]]]},"properties":{"id_pk":"PK_30189_377","nom":null,"insee":"30189","commune":"Nîmes","source":"osm","id_source":"w1122447283","surf_m2":492.8,"nb_pl_est":22,"nb_pl_reel":null,"nb_places":22,"stat_auto":"public","statut":null,"proprio":"domaine_public","part_pub":1.0,"acces_osm":null,"payant":null,"sud_canal":false,"a_verif":false,"motif_ver":"","cle":"osm:w1122447283","revue":{"statut":"a_revoir"}}},{"type":"Feature","geometry":{"type":"Polygon","coordinates":[[[4.317697,43.84082],[4.317714,43.840773],[4.318056,43.840639],[4.318001,43.84057],[4.317893,43.840607],[4.317738,43.840662],[4.31755,43.840728],[4.31752,43.840769],[4.317531,43.840823],[4.317617,43.840849],[4.317697,43.84082]]]},"properties":{"id_pk":"PK_30189_378","nom":null,"insee":"30189","commune":"Nîmes","source":"osm","id_source":"w954232997","surf_m2":485.4,"nb_pl_est":22,"nb_pl_reel":null,"nb_places":22,"stat_auto":"public","statut":null,"proprio":"domaine_public","part_pub":0.56,"acces_osm":"customers","payant":null,"sud_canal":false,"a_verif":true,"motif_ver":"foncier public mais accès OSM « customers »","cle":"osm:w954232997","revue":{"statut":"a_revoir"}}},{"type":"Feature","geometry":{"type":"Polygon","coordinates":[[[4.361109,43.820487],[4.361154,43.820363],[4.36116,43.820346],[4.361089,43.820329],[4.360798,43.820265],[4.360758,43.820402],[4.361109,43.820487]]]},"properties":{"id_pk":"PK_30189_379","nom":null,"insee":"30189","commune":"Nîmes","source":"osm","id_source":"w954232990","surf_m2":479.4,"nb_pl_est":22,"nb_pl_reel":null,"nb_places":22,"stat_auto":"prive","statut":null,"proprio":"pp","part_pub":0.0,"acces_osm":null,"payant":null,"sud_canal":false,"a_verif":false,"motif_ver":"","cle":"osm:w954232990","revue":{"statut":"a_revoir"}}},{"type":"Feature","geometry":{"type":"Polygon","coordinates":[[[4.359996,43.81924],[4.360121,43.819251],[4.360232,43.818922],[4.360033,43.819027],[4.359887,43.819164],[4.359996,43.81924]]]},"properties":{"id_pk":"PK_30189_380","nom":null,"insee":"30189","commune":"Nîmes","source":"osm","id_source":"w958114371","surf_m2":475.9,"nb_pl_est":22,"nb_pl_reel":null,"nb_places":22,"stat_auto":"prive","statut":null,"proprio":"pm_privee","part_pub":0.0,"acces_osm":"customers","payant":"no","sud_canal":false,"a_verif":false,"motif_ver":"","cle":"osm:w958114371","revue":{"statut":"a_revoir"}}},{"type":"Feature","geometry":{"type":"Polygon","coordinates":[[[4.352112,43.832382],[4.352095,43.832452],[4.35221,43.832469],[4.352192,43.832537],[4.352512,43.832584],[4.352528,43.832527],[4.352549,43.832451],[4.352112,43.832382]]]},"properties":{"id_pk":"PK_30189_381","nom":null,"insee":"30189","commune":"Nîmes","source":"osm","id_source":"w1531449181","surf_m2":475.8,"nb_pl_est":22,"nb_pl_reel":null,"nb_places":22,"stat_auto":"prive","statut":null,"proprio":"pp","part_pub":0.03,"acces_osm":"private","payant":null,"sud_canal":false,"a_verif":false,"motif_ver":"","cle":"osm:w1531449181","revue":{"statut":"a_revoir"}}},{"type":"Feature","geometry":{"type":"Polygon","coordinates":[[[4.374021,43.810758],[4.374316,43.810343],[4.374215,43.810312],[4.373913,43.810721],[4.374021,43.810758]]]},"properties":{"id_pk":"PK_30189_382","nom":null,"insee":"30189","commune":"Nîmes","source":"osm","id_source":"w929889653","surf_m2":475.2,"nb_pl_est":22,"nb_pl_reel":null,"nb_places":22,"stat_auto":"prive","statut":null,"proprio":"pm_privee","part_pub":0.0,"acces_osm":null,"payant":null,"sud_canal":false,"a_verif":false,"motif_ver":"","cle":"osm:w929889653","revue":{"statut":"a_revoir"}}},{"type":"Feature","geometry":{"type":"Polygon","coordinates":[[[4.300849,43.851308],[4.300883,43.851319],[4.301224,43.851267],[4.301293,43.851222],[4.301274,43.851123],[4.30081,43.85123],[4.300849,43.851308]]]},"properties":{"id_pk":"PK_30189_383","nom":null,"insee":"30189","commune":"Nîmes","source":"osm","id_source":"w926724407","surf_m2":472.5,"nb_pl_est":22,"nb_pl_reel":null,"nb_places":22,"stat_auto":"public","statut":null,"proprio":"commune","part_pub":1.0,"acces_osm":"private","payant":null,"sud_canal":false,"a_verif":true,"motif_ver":"foncier public mais accès OSM « private »","cle":"osm:w926724407","revue":{"statut":"a_revoir"}}},{"type":"Feature","geometry":{"type":"Polygon","coordinates":[[[4.329085,43.837044],[4.329096,43.836973],[4.32908,43.836884],[4.328954,43.837003],[4.328928,43.83704],[4.328909,43.837363],[4.329016,43.837361],[4.32903,43.837335],[4.329032,43.837313],[4.329013,43.837257],[4.32903,43.837178],[4.329069,43.837079],[4.329085,43.837044]]]},"properties":{"id_pk":"PK_30189_384","nom":null,"insee":"30189","commune":"Nîmes","source":"osm","id_source":"w40651616","surf_m2":468.8,"nb_pl_est":22,"nb_pl_reel":null,"nb_places":22,"stat_auto":"public","statut":null,"proprio":"domaine_public","part_pub":0.95,"acces_osm":null,"payant":null,"sud_canal":false,"a_verif":false,"motif_ver":"","cle":"osm:w40651616","revue":{"statut":"a_revoir"}}},{"type":"Feature","geometry":{"type":"Polygon","coordinates":[[[4.334054,43.814082],[4.334202,43.814266],[4.334005,43.814342],[4.334023,43.814378],[4.334188,43.814347],[4.334231,43.81429],[4.334239,43.814212],[4.334195,43.814135],[4.334084,43.814037],[4.333727,43.813786],[4.333715,43.813839],[4.334054,43.814082]]]},"properties":{"id_pk":"PK_30189_385","nom":null,"insee":"30189","commune":"Nîmes","source":"osm","id_source":"w935861074","surf_m2":456.7,"nb_pl_est":21,"nb_pl_reel":null,"nb_places":21,"stat_auto":"mixte","statut":null,"proprio":"pm_privee","part_pub":0.23,"acces_osm":null,"payant":null,"sud_canal":false,"a_verif":true,"motif_ver":"foncier mixte (23% public)","cle":"osm:w935861074","revue":{"statut":"a_revoir"}}},{"type":"Feature","geometry":{"type":"Polygon","coordinates":[[[4.36385,43.808862],[4.364073,43.808213],[4.364003,43.808193],[4.363777,43.808849],[4.36385,43.808862]]]},"properties":{"id_pk":"PK_30189_386","nom":null,"insee":"30189","commune":"Nîmes","source":"osm","id_source":"w996250405","surf_m2":453.2,"nb_pl_est":21,"nb_pl_reel":null,"nb_places":21,"stat_auto":"prive","statut":null,"proprio":"pm_privee","part_pub":0.0,"acces_osm":null,"payant":null,"sud_canal":false,"a_verif":false,"motif_ver":"","cle":"osm:w996250405","revue":{"statut":"a_revoir"}}},{"type":"Feature","geometry":{"type":"Polygon","coordinates":[[[4.364162,43.808401],[4.364335,43.80844],[4.364429,43.808219],[4.364353,43.808203],[4.364272,43.808184],[4.364247,43.808244],[4.364163,43.808225],[4.364107,43.80836],[4.364173,43.808374],[4.364162,43.808401]]]},"properties":{"id_pk":"PK_30189_387","nom":null,"insee":"30189","commune":"Nîmes","source":"osm","id_source":"w156184432","surf_m2":452.2,"nb_pl_est":21,"nb_pl_reel":null,"nb_places":21,"stat_auto":"prive","statut":null,"proprio":"pm_privee","part_pub":0.0,"acces_osm":"customers","payant":"no","sud_canal":false,"a_verif":false,"motif_ver":"","cle":"osm:w156184432","revue":{"statut":"a_revoir"}}},{"type":"Feature","geometry":{"type":"Polygon","coordinates":[[[4.354527,43.820067],[4.354545,43.820016],[4.353666,43.819882],[4.353648,43.819941],[4.354527,43.820067]]]},"properties":{"id_pk":"PK_30189_388","nom":null,"insee":"30189","commune":"Nîmes","source":"osm","id_source":"w958114367","surf_m2":451.1,"nb_pl_est":21,"nb_pl_reel":null,"nb_places":21,"stat_auto":"prive","statut":null,"proprio":"pp","part_pub":0.0,"acces_osm":"private","payant":null,"sud_canal":false,"a_verif":false,"motif_ver":"","cle":"osm:w958114367","revue":{"statut":"a_revoir"}}},{"type":"Feature","geometry":{"type":"Polygon","coordinates":[[[4.337424,43.823593],[4.337352,43.82357],[4.336996,43.824149],[4.337012,43.824155],[4.337068,43.824173],[4.337424,43.823593]]]},"properties":{"id_pk":"PK_30189_389","nom":null,"insee":"30189","commune":"Nîmes","source":"osm","id_source":"w1203539024","surf_m2":449.2,"nb_pl_est":21,"nb_pl_reel":null,"nb_places":21,"stat_auto":"public","statut":null,"proprio":"domaine_public","part_pub":1.0,"acces_osm":"yes","payant":null,"sud_canal":false,"a_verif":false,"motif_ver":"","cle":"osm:w1203539024","revue":{"statut":"a_revoir"}}},{"type":"Feature","geometry":{"type":"Polygon","coordinates":[[[4.366314,43.820668],[4.366122,43.821341],[4.366202,43.821333],[4.366387,43.820658],[4.366314,43.820668]]]},"properties":{"id_pk":"PK_30189_390","nom":null,"insee":"30189","commune":"Nîmes","source":"osm","id_source":"w929882645","surf_m2":445.0,"nb_pl_est":21,"nb_pl_reel":null,"nb_places":21,"stat_auto":"prive","statut":null,"proprio":"pm_privee","part_pub":0.08,"acces_osm":null,"payant":null,"sud_canal":false,"a_verif":false,"motif_ver":"","cle":"osm:w929882645","revue":{"statut":"a_revoir"}}},{"type":"Feature","geometry":{"type":"Polygon","coordinates":[[[4.372439,43.84264],[4.372474,43.842558],[4.371924,43.842433],[4.371888,43.842515],[4.372439,43.84264]]]},"properties":{"id_pk":"PK_30189_391","nom":null,"insee":"30189","commune":"Nîmes","source":"osm","id_source":"w1560775434","surf_m2":441.4,"nb_pl_est":21,"nb_pl_reel":null,"nb_places":21,"stat_auto":"public","statut":null,"proprio":"etab_public","part_pub":1.0,"acces_osm":null,"payant":null,"sud_canal":false,"a_verif":false,"motif_ver":"","cle":"osm:w1560775434","revue":{"statut":"a_revoir"}}},{"type":"Feature","geometry":{"type":"Polygon","coordinates":[[[4.323783,43.807794],[4.323803,43.807745],[4.323005,43.807155],[4.322987,43.807201],[4.323783,43.807794]]]},"properties":{"id_pk":"PK_30189_392","nom":null,"insee":"30189","commune":"Nîmes","source":"osm","id_source":"w504720902","surf_m2":437.5,"nb_pl_est":20,"nb_pl_reel":null,"nb_places":20,"stat_auto":"public","statut":null,"proprio":"commune","part_pub":1.0,"acces_osm":null,"payant":null,"sud_canal":false,"a_verif":false,"motif_ver":"","cle":"osm:w504720902","revue":{"statut":"a_revoir"}}},{"type":"Feature","geometry":{"type":"Polygon","coordinates":[[[4.356966,43.833648],[4.356449,43.83353],[4.35641,43.833606],[4.356915,43.833736],[4.356966,43.833648]]]},"properties":{"id_pk":"PK_30189_393","nom":null,"insee":"30189","commune":"Nîmes","source":"osm","id_source":"w155799018","surf_m2":426.7,"nb_pl_est":20,"nb_pl_reel":null,"nb_places":20,"stat_auto":"prive","statut":null,"proprio":"pp","part_pub":0.0,"acces_osm":null,"payant":null,"sud_canal":false,"a_verif":false,"motif_ver":"","cle":"osm:w155799018","revue":{"statut":"a_revoir"}}},{"type":"Feature","geometry":{"type":"Polygon","coordinates":[[[4.337158,43.836165],[4.337246,43.836038],[4.336929,43.835954],[4.336875,43.836102],[4.337158,43.836165]]]},"properties":{"id_pk":"PK_30189_394","nom":null,"insee":"30189","commune":"Nîmes","source":"osm","id_source":"w946557879","surf_m2":417.3,"nb_pl_est":20,"nb_pl_reel":null,"nb_places":20,"stat_auto":"prive","statut":null,"proprio":"pp","part_pub":0.0,"acces_osm":"private","payant":null,"sud_canal":false,"a_verif":false,"motif_ver":"","cle":"osm:w946557879","revue":{"statut":"a_revoir"}}},{"type":"Feature","geometry":{"type":"Polygon","coordinates":[[[4.374107,43.811703],[4.37389,43.811176],[4.373828,43.811211],[4.374015,43.811729],[4.374107,43.811703]]]},"properties":{"id_pk":"PK_30189_395","nom":null,"insee":"30189","commune":"Nîmes","source":"osm","id_source":"w929889649","surf_m2":415.1,"nb_pl_est":19,"nb_pl_reel":null,"nb_places":19,"stat_auto":"prive","statut":null,"proprio":"pm_privee","part_pub":0.0,"acces_osm":null,"payant":null,"sud_canal":false,"a_verif":false,"motif_ver":"","cle":"osm:w929889649","revue":{"statut":"a_revoir"}}},{"type":"Feature","geometry":{"type":"Polygon","coordinates":[[[4.414444,43.873851],[4.414522,43.873811],[4.414647,43.873626],[4.414459,43.873572],[4.414397,43.873687],[4.414322,43.873723],[4.414444,43.873851]]]},"properties":{"id_pk":"PK_30189_396","nom":null,"insee":"30189","commune":"Nîmes","source":"osm","id_source":"w708018714","surf_m2":412.6,"nb_pl_est":19,"nb_pl_reel":null,"nb_places":19,"stat_auto":"prive","statut":null,"proprio":"pp","part_pub":0.01,"acces_osm":null,"payant":null,"sud_canal":false,"a_verif":false,"motif_ver":"","cle":"osm:w708018714","revue":{"statut":"a_revoir"}}},{"type":"Feature","geometry":{"type":"Polygon","coordinates":[[[4.342184,43.853091],[4.342026,43.852986],[4.341691,43.853204],[4.34188,43.853206],[4.342184,43.853091]]]},"properties":{"id_pk":"PK_30189_397","nom":null,"insee":"30189","commune":"Nîmes","source":"osm","id_source":"w1099818204","surf_m2":410.8,"nb_pl_est":19,"nb_pl_reel":null,"nb_places":10,"stat_auto":"public","statut":null,"proprio":"domaine_public","part_pub":0.64,"acces_osm":"yes","payant":"no","sud_canal":false,"a_verif":false,"motif_ver":"","cle":"osm:w1099818204","revue":{"statut":"a_revoir"}}},{"type":"Feature","geometry":{"type":"Polygon","coordinates":[[[4.338404,43.832809],[4.338443,43.832827],[4.338538,43.832749],[4.338511,43.832676],[4.338371,43.832665],[4.338233,43.832676],[4.338157,43.832746],[4.338355,43.832848],[4.338404,43.832809]]]},"properties":{"id_pk":"PK_30189_398","nom":null,"insee":"30189","commune":"Nîmes","source":"osm","id_source":"w943390727","surf_m2":406.2,"nb_pl_est":19,"nb_pl_reel":null,"nb_places":19,"stat_auto":"prive","statut":null,"proprio":"pm_privee","part_pub":0.0,"acces_osm":null,"payant":null,"sud_canal":false,"a_verif":false,"motif_ver":"","cle":"osm:w943390727","revue":{"statut":"a_revoir"}}},{"type":"Feature","geometry":{"type":"Polygon","coordinates":[[[4.327848,43.813754],[4.327878,43.813725],[4.3275,43.813531],[4.327443,43.813701],[4.327848,43.813754]]]},"properties":{"id_pk":"PK_30189_399","nom":null,"insee":"30189","commune":"Nîmes","source":"osm","id_source":"w1082670725","surf_m2":397.5,"nb_pl_est":19,"nb_pl_reel":null,"nb_places":19,"stat_auto":"public","statut":null,"proprio":"etab_public","part_pub":1.0,"acces_osm":"yes","payant":"no","sud_canal":false,"a_verif":false,"motif_ver":"","cle":"osm:w1082670725","revue":{"statut":"a_revoir"}}},{"type":"Feature","geometry":{"type":"Polygon","coordinates":[[[4.37347,43.811263],[4.373408,43.811277],[4.373647,43.811872],[4.37372,43.811854],[4.37347,43.811263]]]},"properties":{"id_pk":"PK_30189_400","nom":null,"insee":"30189","commune":"Nîmes","source":"osm","id_source":"w929889647","surf_m2":391.3,"nb_pl_est":19,"nb_pl_reel":null,"nb_places":19,"stat_auto":"prive","statut":null,"proprio":"pm_privee","part_pub":0.0,"acces_osm":null,"payant":null,"sud_canal":false,"a_verif":false,"motif_ver":"","cle":"osm:w929889647","revue":{"statut":"a_revoir"}}},{"type":"Feature","geometry":{"type":"Polygon","coordinates":[[[4.360754,43.840123],[4.36085,43.840119],[4.361043,43.840115],[4.361042,43.840054],[4.36104,43.840027],[4.361039,43.839976],[4.360718,43.839991],[4.360719,43.84012],[4.360754,43.840123]]]},"properties":{"id_pk":"PK_30189_401","nom":null,"insee":"30189","commune":"Nîmes","source":"osm","id_source":"w779441650","surf_m2":389.7,"nb_pl_est":18,"nb_pl_reel":null,"nb_places":18,"stat_auto":"public","statut":null,"proprio":"commune","part_pub":0.95,"acces_osm":"yes","payant":"no","sud_canal":false,"a_verif":false,"motif_ver":"","cle":"osm:w779441650","revue":{"statut":"a_revoir"}}},{"type":"Feature","geometry":{"type":"Polygon","coordinates":[[[4.338116,43.829132],[4.338225,43.829119],[4.338322,43.828947],[4.338334,43.828876],[4.33823,43.828862],[4.338042,43.82907],[4.338116,43.829132]]]},"properties":{"id_pk":"PK_30189_402","nom":null,"insee":"30189","commune":"Nîmes","source":"osm","id_source":"w926212391","surf_m2":387.8,"nb_pl_est":18,"nb_pl_reel":null,"nb_places":18,"stat_auto":"prive","statut":null,"proprio":"pm_privee","part_pub":0.0,"acces_osm":null,"payant":null,"sud_canal":false,"a_verif":false,"motif_ver":"","cle":"osm:w926212391","revue":{"statut":"a_revoir"}}},{"type":"Feature","geometry":{"type":"Polygon","coordinates":[[[4.320478,43.811743],[4.320686,43.811893],[4.32076,43.811832],[4.320868,43.811795],[4.320674,43.8117],[4.320504,43.811657],[4.320478,43.811743]]]},"properties":{"id_pk":"PK_30189_403","nom":null,"insee":"30189","commune":"Nîmes","source":"osm","id_source":"w152338897","surf_m2":386.6,"nb_pl_est":18,"nb_pl_reel":null,"nb_places":18,"stat_auto":"prive","statut":null,"proprio":"pm_privee","part_pub":0.0,"acces_osm":"permissive","payant":null,"sud_canal":false,"a_verif":true,"motif_ver":"foncier privé mais accès OSM « permissive »","cle":"osm:w152338897","revue":{"statut":"a_revoir"}}},{"type":"Feature","geometry":{"type":"Polygon","coordinates":[[[4.328908,43.813424],[4.328949,43.813336],[4.328547,43.813241],[4.328508,43.813351],[4.328908,43.813424]]]},"properties":{"id_pk":"PK_30189_404","nom":null,"insee":"30189","commune":"Nîmes","source":"osm","id_source":"w946545747","surf_m2":385.1,"nb_pl_est":18,"nb_pl_reel":null,"nb_places":18,"stat_auto":"prive","statut":null,"proprio":"pp","part_pub":0.02,"acces_osm":null,"payant":null,"sud_canal":false,"a_verif":false,"motif_ver":"","cle":"osm:w946545747","revue":{"statut":"a_revoir"}}},{"type":"Feature","geometry":{"type":"Polygon","coordinates":[[[4.355092,43.808765],[4.355093,43.80872],[4.355213,43.808715],[4.355213,43.808623],[4.354911,43.808629],[4.354911,43.808675],[4.35484,43.808676],[4.354841,43.808726],[4.354844,43.808767],[4.355092,43.808765]]]},"properties":{"id_pk":"PK_30189_405","nom":null,"insee":"30189","commune":"Nîmes","source":"osm","id_source":"w505017791","surf_m2":382.5,"nb_pl_est":18,"nb_pl_reel":null,"nb_places":18,"stat_auto":"prive","statut":null,"proprio":"pm_privee","part_pub":0.0,"acces_osm":"yes","payant":"no","sud_canal":false,"a_verif":true,"motif_ver":"foncier privé mais accès OSM « yes »","cle":"osm:w505017791","revue":{"statut":"a_revoir"}}},{"type":"Feature","geometry":{"type":"Polygon","coordinates":[[[4.349255,43.819304],[4.349506,43.818899],[4.34941,43.818875],[4.349187,43.819266],[4.349192,43.819322],[4.349255,43.819304]]]},"properties":{"id_pk":"PK_30189_406","nom":null,"insee":"30189","commune":"Nîmes","source":"osm","id_source":"w954232981","surf_m2":373.4,"nb_pl_est":18,"nb_pl_reel":null,"nb_places":18,"stat_auto":"prive","statut":null,"proprio":"pm_privee","part_pub":0.0,"acces_osm":null,"payant":null,"sud_canal":false,"a_verif":false,"motif_ver":"","cle":"osm:w954232981","revue":{"statut":"a_revoir"}}},{"type":"Feature","geometry":{"type":"Polygon","coordinates":[[[4.315251,43.848295],[4.315218,43.848153],[4.314981,43.84816],[4.314945,43.848162],[4.314943,43.848304],[4.315251,43.848295]]]},"properties":{"id_pk":"PK_30189_407","nom":null,"insee":"30189","commune":"Nîmes","source":"osm","id_source":"w996250395","surf_m2":370.6,"nb_pl_est":18,"nb_pl_reel":null,"nb_places":18,"stat_auto":"public","statut":null,"proprio":"commune","part_pub":1.0,"acces_osm":null,"payant":null,"sud_canal":false,"a_verif":false,"motif_ver":"","cle":"osm:w996250395","revue":{"statut":"a_revoir"}}},{"type":"Feature","geometry":{"type":"Polygon","coordinates":[[[4.372785,43.84164],[4.372801,43.841601],[4.372452,43.841529],[4.372409,43.841637],[4.372758,43.841709],[4.372785,43.84164]]]},"properties":{"id_pk":"PK_30189_408","nom":null,"insee":"30189","commune":"Nîmes","source":"osm","id_source":"w1560775422","surf_m2":367.0,"nb_pl_est":18,"nb_pl_reel":null,"nb_places":18,"stat_auto":"public","statut":null,"proprio":"etab_public","part_pub":1.0,"acces_osm":null,"payant":null,"sud_canal":false,"a_verif":false,"motif_ver":"","cle":"osm:w1560775422","revue":{"statut":"a_revoir"}}},{"type":"Feature","geometry":{"type":"Polygon","coordinates":[[[4.345563,43.812591],[4.345644,43.812235],[4.345569,43.812221],[4.34536,43.812291],[4.345406,43.812325],[4.345545,43.812287],[4.345507,43.812526],[4.345451,43.812534],[4.345425,43.812584],[4.345563,43.812591]]]},"properties":{"id_pk":"PK_30189_409","nom":null,"insee":"30189","commune":"Nîmes","source":"osm","id_source":"w954232976","surf_m2":365.7,"nb_pl_est":17,"nb_pl_reel":null,"nb_places":17,"stat_auto":"prive","statut":null,"proprio":"pp","part_pub":0.0,"acces_osm":null,"payant":null,"sud_canal":false,"a_verif":false,"motif_ver":"","cle":"osm:w954232976","revue":{"statut":"a_revoir"}}},{"type":"Feature","geometry":{"type":"Polygon","coordinates":[[[4.337127,43.820622],[4.33676,43.820294],[4.336681,43.820328],[4.337056,43.820671],[4.337127,43.820622]]]},"properties":{"id_pk":"PK_30189_410","nom":null,"insee":"30189","commune":"Nîmes","source":"osm","id_source":"w968163021","surf_m2":363.5,"nb_pl_est":17,"nb_pl_reel":null,"nb_places":17,"stat_auto":"prive","statut":null,"proprio":"pm_privee","part_pub":0.0,"acces_osm":null,"payant":null,"sud_canal":false,"a_verif":false,"motif_ver":"","cle":"osm:w968163021","revue":{"statut":"a_revoir"}}},{"type":"Feature","geometry":{"type":"Polygon","coordinates":[[[4.337505,43.819987],[4.337393,43.819891],[4.33709,43.82005],[4.337145,43.820101],[4.337261,43.820052],[4.337296,43.820085],[4.337505,43.819987]]]},"properties":{"id_pk":"PK_30189_411","nom":null,"insee":"30189","commune":"Nîmes","source":"osm","id_source":"w968163017","surf_m2":346.7,"nb_pl_est":17,"nb_pl_reel":null,"nb_places":17,"stat_auto":"public","statut":null,"proprio":"commune","part_pub":1.0,"acces_osm":null,"payant":null,"sud_canal":false,"a_verif":false,"motif_ver":"","cle":"osm:w968163017","revue":{"statut":"a_revoir"}}},{"type":"Feature","geometry":{"type":"Polygon","coordinates":[[[4.334589,43.829384],[4.334505,43.829347],[4.334356,43.829352],[4.334256,43.82943],[4.334368,43.829533],[4.334389,43.829506],[4.334458,43.82953],[4.334589,43.829384]]]},"properties":{"id_pk":"PK_30189_412","nom":null,"insee":"30189","commune":"Nîmes","source":"osm","id_source":"w1005957296","surf_m2":345.6,"nb_pl_est":17,"nb_pl_reel":null,"nb_places":17,"stat_auto":"public","statut":null,"proprio":"commune","part_pub":1.0,"acces_osm":null,"payant":null,"sud_canal":false,"a_verif":false,"motif_ver":"","cle":"osm:w1005957296","revue":{"statut":"a_revoir"}}},{"type":"Feature","geometry":{"type":"Polygon","coordinates":[[[4.373647,43.811237],[4.37393,43.810878],[4.373842,43.810844],[4.373564,43.811222],[4.373647,43.811237]]]},"properties":{"id_pk":"PK_30189_413","nom":null,"insee":"30189","commune":"Nîmes","source":"osm","id_source":"w929889652","surf_m2":345.3,"nb_pl_est":17,"nb_pl_reel":null,"nb_places":17,"stat_auto":"prive","statut":null,"proprio":"pm_privee","part_pub":0.0,"acces_osm":null,"payant":null,"sud_canal":false,"a_verif":false,"motif_ver":"","cle":"osm:w929889652","revue":{"statut":"a_revoir"}}},{"type":"Feature","geometry":{"type":"Polygon","coordinates":[[[4.33862,43.825207],[4.338801,43.825169],[4.338969,43.825106],[4.339068,43.825038],[4.339196,43.824874],[4.339134,43.824862],[4.339033,43.825012],[4.338946,43.825079],[4.338776,43.825137],[4.338631,43.825169],[4.338363,43.8251],[4.338352,43.825097],[4.338334,43.82513],[4.33862,43.825207]]]},"properties":{"id_pk":"PK_30189_414","nom":null,"insee":"30189","commune":"Nîmes","source":"osm","id_source":"w1006768306","surf_m2":337.5,"nb_pl_est":16,"nb_pl_reel":null,"nb_places":16,"stat_auto":"public","statut":null,"proprio":"commune","part_pub":1.0,"acces_osm":null,"payant":null,"sud_canal":false,"a_verif":false,"motif_ver":"","cle":"osm:w1006768306","revue":{"statut":"a_revoir"}}},{"type":"Feature","geometry":{"type":"Polygon","coordinates":[[[4.315218,43.848153],[4.31524,43.848153],[4.315198,43.847986],[4.31499,43.848008],[4.314981,43.84816],[4.315218,43.848153]]]},"properties":{"id_pk":"PK_30189_415","nom":null,"insee":"30189","commune":"Nîmes","source":"osm","id_source":"w512087070","surf_m2":334.3,"nb_pl_est":16,"nb_pl_reel":null,"nb_places":16,"stat_auto":"public","statut":null,"proprio":"commune","part_pub":1.0,"acces_osm":null,"payant":null,"sud_canal":false,"a_verif":false,"motif_ver":"","cle":"osm:w512087070","revue":{"statut":"a_revoir"}}},{"type":"Feature","geometry":{"type":"Polygon","coordinates":[[[4.351319,43.832247],[4.351047,43.832259],[4.351022,43.832343],[4.351329,43.832393],[4.351374,43.832253],[4.351319,43.832247]]]},"properties":{"id_pk":"PK_30189_416","nom":null,"insee":"30189","commune":"Nîmes","source":"osm","id_source":"w155799020","surf_m2":333.4,"nb_pl_est":16,"nb_pl_reel":null,"nb_places":16,"stat_auto":"public","statut":null,"proprio":"domaine_public","part_pub":1.0,"acces_osm":"yes","payant":"yes","sud_canal":false,"a_verif":false,"motif_ver":"","cle":"osm:w155799020","revue":{"statut":"a_revoir"}}},{"type":"Feature","geometry":{"type":"Polygon","coordinates":[[[4.365831,43.824615],[4.36591,43.824479],[4.365758,43.824439],[4.365693,43.82447],[4.365629,43.824452],[4.365565,43.824547],[4.365831,43.824615]]]},"properties":{"id_pk":"PK_30189_417","nom":null,"insee":"30189","commune":"Nîmes","source":"osm","id_source":"w970646594","surf_m2":330.7,"nb_pl_est":16,"nb_pl_reel":null,"nb_places":16,"stat_auto":"prive","statut":null,"proprio":"hlm","part_pub":0.0,"acces_osm":"private","payant":null,"sud_canal":false,"a_verif":false,"motif_ver":"","cle":"osm:w970646594","revue":{"statut":"a_revoir"}}},{"type":"Feature","geometry":{"type":"Polygon","coordinates":[[[4.353222,43.815441],[4.352993,43.816767],[4.353017,43.816785],[4.353253,43.815416],[4.353222,43.815441]]]},"properties":{"id_pk":"PK_30189_418","nom":null,"insee":"30189","commune":"Nîmes","source":"osm","id_source":"w1015980089","surf_m2":319.3,"nb_pl_est":16,"nb_pl_reel":null,"nb_places":16,"stat_auto":"public","statut":null,"proprio":"domaine_public","part_pub":1.0,"acces_osm":null,"payant":null,"sud_canal":false,"a_verif":false,"motif_ver":"","cle":"osm:w1015980089","revue":{"statut":"a_revoir"}}},{"type":"Feature","geometry":{"type":"Polygon","coordinates":[[[4.328102,43.8084],[4.328364,43.807882],[4.328305,43.807873],[4.328041,43.808376],[4.328102,43.8084]]]},"properties":{"id_pk":"PK_30189_419","nom":null,"insee":"30189","commune":"Nîmes","source":"osm","id_source":"w1044053948","surf_m2":311.6,"nb_pl_est":15,"nb_pl_reel":null,"nb_places":15,"stat_auto":"public","statut":null,"proprio":"domaine_public","part_pub":0.81,"acces_osm":null,"payant":null,"sud_canal":false,"a_verif":false,"motif_ver":"","cle":"osm:w1044053948","revue":{"statut":"a_revoir"}}},{"type":"Feature","geometry":{"type":"Polygon","coordinates":[[[4.342894,43.835542],[4.342913,43.835585],[4.342959,43.835622],[4.343001,43.835633],[4.343064,43.835635],[4.343146,43.835608],[4.343178,43.83553],[4.343155,43.83547],[4.343036,43.835494],[4.342903,43.835498],[4.342894,43.835542]]]},"properties":{"id_pk":"PK_30189_420","nom":null,"insee":"30189","commune":"Nîmes","source":"osm","id_source":"w44739402","surf_m2":308.6,"nb_pl_est":15,"nb_pl_reel":null,"nb_places":15,"stat_auto":"public","statut":null,"proprio":"domaine_public","part_pub":1.0,"acces_osm":"private","payant":"no","sud_canal":false,"a_verif":true,"motif_ver":"foncier public mais accès OSM « private »","cle":"osm:w44739402","revue":{"statut":"a_revoir"}}},{"type":"Feature","geometry":{"type":"Polygon","coordinates":[[[4.306791,43.845066],[4.306704,43.845159],[4.306723,43.845206],[4.306819,43.845246],[4.306866,43.845238],[4.306983,43.845108],[4.306986,43.845069],[4.306818,43.844992],[4.306772,43.844995],[4.306728,43.845044],[4.306768,43.845058],[4.306791,43.845034],[4.306927,43.845092],[4.306829,43.845193],[4.30677,43.84517],[4.306846,43.84509],[4.306791,43.845066]]]},"properties":{"id_pk":"PK_30189_421","nom":null,"insee":"30189","commune":"Nîmes","source":"osm","id_source":"w1019723545","surf_m2":305.3,"nb_pl_est":15,"nb_pl_reel":null,"nb_places":15,"stat_auto":"prive","statut":null,"proprio":"pm_privee","part_pub":0.11,"acces_osm":null,"payant":null,"sud_canal":false,"a_verif":false,"motif_ver":"","cle":"osm:w1019723545","revue":{"statut":"a_revoir"}}},{"type":"Feature","geometry":{"type":"Polygon","coordinates":[[[4.308058,43.814138],[4.308184,43.814066],[4.308105,43.813995],[4.308023,43.813896],[4.307948,43.81388],[4.307891,43.813924],[4.307952,43.813981],[4.307952,43.814007],[4.308058,43.814138]]]},"properties":{"id_pk":"PK_30189_422","nom":null,"insee":"30189","commune":"Nîmes","source":"osm","id_source":"w153320347","surf_m2":302.2,"nb_pl_est":15,"nb_pl_reel":null,"nb_places":15,"stat_auto":"prive","statut":null,"proprio":"pm_privee","part_pub":0.0,"acces_osm":null,"payant":null,"sud_canal":false,"a_verif":false,"motif_ver":"","cle":"osm:w153320347","revue":{"statut":"a_revoir"}}},{"type":"Feature","geometry":{"type":"Polygon","coordinates":[[[4.387069,43.821211],[4.38709,43.821254],[4.387308,43.82145],[4.387348,43.821431],[4.387225,43.821296],[4.387234,43.821292],[4.387186,43.821241],[4.38731,43.82118],[4.387327,43.821171],[4.387296,43.821137],[4.387252,43.821114],[4.387069,43.821211]]]},"properties":{"id_pk":"PK_30189_423","nom":null,"insee":"30189","commune":"Nîmes","source":"osm","id_source":"w1551337555","surf_m2":299.3,"nb_pl_est":15,"nb_pl_reel":null,"nb_places":15,"stat_auto":"prive","statut":null,"proprio":"pm_privee","part_pub":0.0,"acces_osm":null,"payant":null,"sud_canal":false,"a_verif":false,"motif_ver":"","cle":"osm:w1551337555","revue":{"statut":"a_revoir"}}},{"type":"Feature","geometry":{"type":"Polygon","coordinates":[[[4.358027,43.832974],[4.358052,43.832949],[4.35791,43.832847],[4.357761,43.832793],[4.357755,43.83297],[4.358027,43.832974]]]},"properties":{"id_pk":"PK_30189_424","nom":null,"insee":"30189","commune":"Nîmes","source":"osm","id_source":"w1531449177","surf_m2":299.0,"nb_pl_est":15,"nb_pl_reel":null,"nb_places":15,"stat_auto":"prive","statut":null,"proprio":"pm_privee","part_pub":0.0,"acces_osm":"private","payant":null,"sud_canal":false,"a_verif":false,"motif_ver":"","cle":"osm:w1531449177","revue":{"statut":"a_revoir"}}},{"type":"Feature","geometry":{"type":"Polygon","coordinates":[[[4.352284,43.83673],[4.352385,43.836588],[4.352199,43.83652],[4.352098,43.836661],[4.352284,43.83673]]]},"properties":{"id_pk":"PK_30189_425","nom":null,"insee":"30189","commune":"Nîmes","source":"osm","id_source":"w1531449171","surf_m2":297.6,"nb_pl_est":15,"nb_pl_reel":null,"nb_places":15,"stat_auto":"prive","statut":null,"proprio":"pp","part_pub":0.0,"acces_osm":"private","payant":null,"sud_canal":false,"a_verif":false,"motif_ver":"","cle":"osm:w1531449171","revue":{"statut":"a_revoir"}}},{"type":"Feature","geometry":{"type":"Polygon","coordinates":[[[4.309006,43.853185],[4.308986,43.853194],[4.30891,43.853194],[4.308839,43.853182],[4.308856,43.853267],[4.308951,43.853309],[4.308954,43.853379],[4.309062,43.853401],[4.309068,43.853259],[4.309051,43.853167],[4.309006,43.853185]]]},"properties":{"id_pk":"PK_30189_426","nom":null,"insee":"30189","commune":"Nîmes","source":"osm","id_source":"w1282549777","surf_m2":295.2,"nb_pl_est":15,"nb_pl_reel":null,"nb_places":15,"stat_auto":"public","statut":null,"proprio":"commune","part_pub":1.0,"acces_osm":null,"payant":null,"sud_canal":false,"a_verif":false,"motif_ver":"","cle":"osm:w1282549777","revue":{"statut":"a_revoir"}}},{"type":"Feature","geometry":{"type":"Polygon","coordinates":[[[4.366666,43.84133],[4.366373,43.841132],[4.366327,43.841325],[4.366666,43.84133]]]},"properties":{"id_pk":"PK_30189_427","nom":null,"insee":"30189","commune":"Nîmes","source":"osm","id_source":"w39444339","surf_m2":293.2,"nb_pl_est":14,"nb_pl_reel":null,"nb_places":11,"stat_auto":"public","statut":null,"proprio":"domaine_public","part_pub":1.0,"acces_osm":"yes","payant":"yes","sud_canal":false,"a_verif":false,"motif_ver":"","cle":"osm:w39444339","revue":{"statut":"a_revoir"}}},{"type":"Feature","geometry":{"type":"Polygon","coordinates":[[[4.320935,43.813427],[4.320955,43.813377],[4.320906,43.813337],[4.320901,43.813332],[4.320874,43.813337],[4.320827,43.813349],[4.320764,43.813419],[4.320742,43.813498],[4.320773,43.813544],[4.320867,43.813576],[4.320935,43.813427]]]},"properties":{"id_pk":"PK_30189_428","nom":null,"insee":"30189","commune":"Nîmes","source":"osm","id_source":"w946550824","surf_m2":289.6,"nb_pl_est":14,"nb_pl_reel":null,"nb_places":14,"stat_auto":"prive","statut":null,"proprio":"hlm","part_pub":0.0,"acces_osm":null,"payant":null,"sud_canal":false,"a_verif":true,"motif_ver":"capacité proche du seuil de 10 places","cle":"osm:w946550824","revue":{"statut":"a_revoir"}}},{"type":"Feature","geometry":{"type":"Polygon","coordinates":[[[4.301232,43.851741],[4.301212,43.851703],[4.300757,43.851791],[4.300793,43.851882],[4.301232,43.851741]]]},"properties":{"id_pk":"PK_30189_429","nom":null,"insee":"30189","commune":"Nîmes","source":"osm","id_source":"w926724412","surf_m2":286.9,"nb_pl_est":14,"nb_pl_reel":null,"nb_places":14,"stat_auto":"prive","statut":null,"proprio":"pm_privee","part_pub":0.0,"acces_osm":"private","payant":null,"sud_canal":false,"a_verif":true,"motif_ver":"capacité proche du seuil de 10 places","cle":"osm:w926724412","revue":{"statut":"a_revoir"}}},{"type":"Feature","geometry":{"type":"Polygon","coordinates":[[[4.330144,43.832364],[4.329878,43.832313],[4.329934,43.832106],[4.330256,43.832141],[4.330261,43.83212],[4.329898,43.832078],[4.329828,43.83235],[4.329966,43.832393],[4.330057,43.832408],[4.33007,43.832375],[4.330144,43.832384],[4.330144,43.832364]]]},"properties":{"id_pk":"PK_30189_430","nom":null,"insee":"30189","commune":"Nîmes","source":"osm","id_source":"w760463622","surf_m2":286.7,"nb_pl_est":14,"nb_pl_reel":null,"nb_places":14,"stat_auto":"prive","statut":null,"proprio":"pm_privee","part_pub":0.0,"acces_osm":"private","payant":null,"sud_canal":false,"a_verif":true,"motif_ver":"capacité proche du seuil de 10 places","cle":"osm:w760463622","revue":{"statut":"a_revoir"}}},{"type":"Feature","geometry":{"type":"Polygon","coordinates":[[[4.35437,43.827326],[4.354356,43.827333],[4.354389,43.827373],[4.354406,43.827367],[4.354527,43.827516],[4.354511,43.827523],[4.354541,43.827563],[4.354561,43.827557],[4.354624,43.827632],[4.354678,43.827608],[4.35437,43.827224],[4.354304,43.827246],[4.35437,43.827326]]]},"properties":{"id_pk":"PK_30189_431","nom":null,"insee":"30189","commune":"Nîmes","source":"osm","id_source":"w42292830","surf_m2":286.1,"nb_pl_est":14,"nb_pl_reel":null,"nb_places":14,"stat_auto":"prive","statut":null,"proprio":"pp","part_pub":0.0,"acces_osm":"private","payant":null,"sud_canal":false,"a_verif":true,"motif_ver":"capacité proche du seuil de 10 places","cle":"osm:w42292830","revue":{"statut":"a_revoir"}}},{"type":"Feature","geometry":{"type":"Polygon","coordinates":[[[4.332521,43.813217],[4.332582,43.813141],[4.332321,43.813037],[4.33225,43.813045],[4.332211,43.813103],[4.332521,43.813217]]]},"properties":{"id_pk":"PK_30189_432","nom":null,"insee":"30189","commune":"Nîmes","source":"osm","id_source":"w935861071","surf_m2":281.3,"nb_pl_est":14,"nb_pl_reel":null,"nb_places":14,"stat_auto":"prive","statut":null,"proprio":"pm_privee","part_pub":0.0,"acces_osm":null,"payant":null,"sud_canal":false,"a_verif":true,"motif_ver":"capacité proche du seuil de 10 places","cle":"osm:w935861071","revue":{"statut":"a_revoir"}}},{"type":"Feature","geometry":{"type":"Polygon","coordinates":[[[4.397976,43.858891],[4.397995,43.858847],[4.398013,43.858804],[4.397611,43.858919],[4.39769,43.859001],[4.397976,43.858891]]]},"properties":{"id_pk":"PK_30189_433","nom":null,"insee":"30189","commune":"Nîmes","source":"osm","id_source":"w1085410257","surf_m2":281.2,"nb_pl_est":14,"nb_pl_reel":null,"nb_places":14,"stat_auto":"public","statut":null,"proprio":"commune","part_pub":1.0,"acces_osm":null,"payant":null,"sud_canal":false,"a_verif":true,"motif_ver":"capacité proche du seuil de 10 places","cle":"osm:w1085410257","revue":{"statut":"a_revoir"}}},{"type":"Feature","geometry":{"type":"Polygon","coordinates":[[[4.385758,43.843553],[4.385816,43.843429],[4.385587,43.843375],[4.38553,43.843498],[4.385758,43.843553]]]},"properties":{"id_pk":"PK_30189_434","nom":null,"insee":"30189","commune":"Nîmes","source":"osm","id_source":"w1210783359","surf_m2":280.9,"nb_pl_est":14,"nb_pl_reel":null,"nb_places":14,"stat_auto":"public","statut":null,"proprio":"commune","part_pub":0.93,"acces_osm":"yes","payant":"no","sud_canal":false,"a_verif":true,"motif_ver":"capacité proche du seuil de 10 places","cle":"osm:w1210783359","revue":{"statut":"a_revoir"}}},{"type":"Feature","geometry":{"type":"Polygon","coordinates":[[[4.404691,43.858967],[4.405295,43.858992],[4.405299,43.85894],[4.404695,43.858915],[4.404691,43.858967]]]},"properties":{"id_pk":"PK_30189_435","nom":null,"insee":"30189","commune":"Nîmes","source":"osm","id_source":"w1531709456","surf_m2":280.5,"nb_pl_est":14,"nb_pl_reel":null,"nb_places":14,"stat_auto":"public","statut":null,"proprio":"etat","part_pub":1.0,"acces_osm":"private","payant":null,"sud_canal":false,"a_verif":true,"motif_ver":"foncier public mais accès OSM « private » ; capacité proche du seuil de 10 places","cle":"osm:w1531709456","revue":{"statut":"a_revoir"}}},{"type":"Feature","geometry":{"type":"Polygon","coordinates":[[[4.30537,43.844421],[4.305284,43.844516],[4.305309,43.844552],[4.305473,43.844627],[4.305523,43.844612],[4.305635,43.844486],[4.305618,43.844451],[4.305524,43.84441],[4.30546,43.844404],[4.305485,43.844456],[4.305509,43.844455],[4.30557,43.844486],[4.305485,43.844577],[4.305357,43.844517],[4.305414,43.844448],[4.30537,43.844421]]]},"properties":{"id_pk":"PK_30189_436","nom":null,"insee":"30189","commune":"Nîmes","source":"osm","id_source":"w1023048048","surf_m2":280.1,"nb_pl_est":14,"nb_pl_reel":null,"nb_places":14,"stat_auto":"prive","statut":null,"proprio":"pm_privee","part_pub":0.05,"acces_osm":null,"payant":null,"sud_canal":false,"a_verif":true,"motif_ver":"capacité proche du seuil de 10 places","cle":"osm:w1023048048","revue":{"statut":"a_revoir"}}},{"type":"Feature","geometry":{"type":"Polygon","coordinates":[[[4.363484,43.821164],[4.363506,43.821129],[4.362765,43.820893],[4.362743,43.820928],[4.363484,43.821164]]]},"properties":{"id_pk":"PK_30189_437","nom":null,"insee":"30189","commune":"Nîmes","source":"osm","id_source":"w954232993","surf_m2":278.0,"nb_pl_est":14,"nb_pl_reel":null,"nb_places":14,"stat_auto":"prive","statut":null,"proprio":"pp","part_pub":0.0,"acces_osm":null,"payant":null,"sud_canal":false,"a_verif":true,"motif_ver":"capacité proche du seuil de 10 places","cle":"osm:w954232993","revue":{"statut":"a_revoir"}}},{"type":"Feature","geometry":{"type":"Polygon","coordinates":[[[4.344129,43.844122],[4.344184,43.844022],[4.343948,43.843964],[4.343874,43.844093],[4.344129,43.844122]]]},"properties":{"id_pk":"PK_30189_438","nom":null,"insee":"30189","commune":"Nîmes","source":"osm","id_source":"w935862686","surf_m2":275.3,"nb_pl_est":14,"nb_pl_reel":null,"nb_places":14,"stat_auto":"public","statut":null,"proprio":"commune","part_pub":1.0,"acces_osm":null,"payant":null,"sud_canal":false,"a_verif":true,"motif_ver":"capacité proche du seuil de 10 places","cle":"osm:w935862686","revue":{"statut":"a_revoir"}}},{"type":"Feature","geometry":{"type":"Polygon","coordinates":[[[4.318926,43.83975],[4.318959,43.839461],[4.318804,43.83945],[4.3188,43.839564],[4.318863,43.839571],[4.318864,43.839748],[4.318926,43.83975]]]},"properties":{"id_pk":"PK_30189_439","nom":null,"insee":"30189","commune":"Nîmes","source":"osm","id_source":"w934085160","surf_m2":270.3,"nb_pl_est":13,"nb_pl_reel":null,"nb_places":13,"stat_auto":"prive","statut":null,"proprio":"pp","part_pub":0.0,"acces_osm":null,"payant":null,"sud_canal":false,"a_verif":true,"motif_ver":"capacité proche du seuil de 10 places","cle":"osm:w934085160","revue":{"statut":"a_revoir"}}},{"type":"Feature","geometry":{"type":"Polygon","coordinates":[[[4.370712,43.842378],[4.370726,43.84233],[4.370765,43.842234],[4.370806,43.842126],[4.370492,43.842321],[4.370712,43.842378]]]},"properties":{"id_pk":"PK_30189_440","nom":null,"insee":"30189","commune":"Nîmes","source":"osm","id_source":"w39070542","surf_m2":269.3,"nb_pl_est":13,"nb_pl_reel":null,"nb_places":20,"stat_auto":"prive","statut":null,"proprio":"pp","part_pub":0.04,"acces_osm":null,"payant":null,"sud_canal":false,"a_verif":false,"motif_ver":"","cle":"osm:w39070542","revue":{"statut":"a_revoir"}}},{"type":"Feature","geometry":{"type":"Polygon","coordinates":[[[4.3366,43.816741],[4.337,43.816366],[4.336949,43.81634],[4.33655,43.816713],[4.3366,43.816741]]]},"properties":{"id_pk":"PK_30189_441","nom":null,"insee":"30189","commune":"Nîmes","source":"osm","id_source":"w1082267875","surf_m2":264.4,"nb_pl_est":13,"nb_pl_reel":null,"nb_places":13,"stat_auto":"prive","statut":null,"proprio":"pm_privee","part_pub":0.0,"acces_osm":null,"payant":null,"sud_canal":false,"a_verif":true,"motif_ver":"capacité proche du seuil de 10 places","cle":"osm:w1082267875","revue":{"statut":"a_revoir"}}},{"type":"Feature","geometry":{"type":"Polygon","coordinates":[[[4.351592,43.814809],[4.351668,43.814773],[4.351801,43.814339],[4.35172,43.814376],[4.351592,43.814809]]]},"properties":{"id_pk":"PK_30189_442","nom":null,"insee":"30189","commune":"Nîmes","source":"osm","id_source":"w1015980065","surf_m2":261.6,"nb_pl_est":13,"nb_pl_reel":null,"nb_places":13,"stat_auto":"prive","statut":null,"proprio":"pm_privee","part_pub":0.0,"acces_osm":null,"payant":null,"sud_canal":false,"a_verif":true,"motif_ver":"capacité proche du seuil de 10 places","cle":"osm:w1015980065","revue":{"statut":"a_revoir"}}},{"type":"Feature","geometry":{"type":"Polygon","coordinates":[[[4.312006,43.83792],[4.311948,43.837748],[4.311784,43.837791],[4.311806,43.837854],[4.311861,43.837955],[4.312006,43.83792]]]},"properties":{"id_pk":"PK_30189_443","nom":null,"insee":"30189","commune":"Nîmes","source":"osm","id_source":"w1433209625","surf_m2":260.7,"nb_pl_est":13,"nb_pl_reel":null,"nb_places":13,"stat_auto":"prive","statut":null,"proprio":"pm_privee","part_pub":0.0,"acces_osm":null,"payant":null,"sud_canal":false,"a_verif":true,"motif_ver":"capacité proche du seuil de 10 places","cle":"osm:w1433209625","revue":{"statut":"a_revoir"}}},{"type":"Feature","geometry":{"type":"Polygon","coordinates":[[[4.397074,43.856526],[4.397684,43.856692],[4.397712,43.85665],[4.397095,43.856489],[4.397074,43.856526]]]},"properties":{"id_pk":"PK_30189_444","nom":null,"insee":"30189","commune":"Nîmes","source":"osm","id_source":"w977661701","surf_m2":255.2,"nb_pl_est":13,"nb_pl_reel":null,"nb_places":13,"stat_auto":"public","statut":null,"proprio":"domaine_public","part_pub":1.0,"acces_osm":null,"payant":null,"sud_canal":false,"a_verif":true,"motif_ver":"capacité proche du seuil de 10 places","cle":"osm:w977661701","revue":{"statut":"a_revoir"}}},{"type":"Feature","geometry":{"type":"Polygon","coordinates":[[[4.312728,43.840624],[4.313103,43.840628],[4.313111,43.840547],[4.312728,43.840558],[4.312728,43.840624]]]},"properties":{"id_pk":"PK_30189_445","nom":null,"insee":"30189","commune":"Nîmes","source":"osm","id_source":"w934084743","surf_m2":247.9,"nb_pl_est":12,"nb_pl_reel":null,"nb_places":12,"stat_auto":"public","statut":null,"proprio":"commune","part_pub":1.0,"acces_osm":null,"payant":null,"sud_canal":false,"a_verif":true,"motif_ver":"capacité proche du seuil de 10 places","cle":"osm:w934084743","revue":{"statut":"a_revoir"}}},{"type":"Feature","geometry":{"type":"Polygon","coordinates":[[[4.321157,43.839353],[4.321214,43.83931],[4.321205,43.839229],[4.321192,43.839191],[4.320986,43.839236],[4.320945,43.839291],[4.321157,43.839353]]]},"properties":{"id_pk":"PK_30189_446","nom":null,"insee":"30189","commune":"Nîmes","source":"osm","id_source":"w944317119","surf_m2":244.1,"nb_pl_est":12,"nb_pl_reel":null,"nb_places":12,"stat_auto":"public","statut":null,"proprio":"domaine_public","part_pub":1.0,"acces_osm":null,"payant":null,"sud_canal":false,"a_verif":true,"motif_ver":"capacité proche du seuil de 10 places","cle":"osm:w944317119","revue":{"statut":"a_revoir"}}},{"type":"Feature","geometry":{"type":"Polygon","coordinates":[[[4.35156,43.830669],[4.351159,43.830888],[4.350691,43.83124],[4.35071,43.83125],[4.351174,43.830903],[4.351761,43.830586],[4.351759,43.830563],[4.35156,43.830669]]]},"properties":{"id_pk":"PK_30189_447","nom":null,"insee":"30189","commune":"Nîmes","source":"osm","id_source":"w935827953","surf_m2":241.4,"nb_pl_est":12,"nb_pl_reel":null,"nb_places":12,"stat_auto":"public","statut":null,"proprio":"domaine_public","part_pub":1.0,"acces_osm":null,"payant":null,"sud_canal":false,"a_verif":true,"motif_ver":"capacité proche du seuil de 10 places","cle":"osm:w935827953","revue":{"statut":"a_revoir"}}},{"type":"Feature","geometry":{"type":"Polygon","coordinates":[[[4.319605,43.840185],[4.319744,43.840119],[4.320005,43.840042],[4.320012,43.839988],[4.319694,43.840066],[4.319544,43.840169],[4.319605,43.840185]]]},"properties":{"id_pk":"PK_30189_448","nom":null,"insee":"30189","commune":"Nîmes","source":"osm","id_source":"w954232996","surf_m2":240.1,"nb_pl_est":12,"nb_pl_reel":null,"nb_places":12,"stat_auto":"public","statut":null,"proprio":"domaine_public","part_pub":1.0,"acces_osm":null,"payant":null,"sud_canal":false,"a_verif":true,"motif_ver":"capacité proche du seuil de 10 places","cle":"osm:w954232996","revue":{"statut":"a_revoir"}}},{"type":"Feature","geometry":{"type":"Polygon","coordinates":[[[4.375229,43.836621],[4.375437,43.836536],[4.375361,43.836439],[4.375152,43.836524],[4.375229,43.836621]]]},"properties":{"id_pk":"PK_30189_449","nom":null,"insee":"30189","commune":"Nîmes","source":"osm","id_source":"w598061688","surf_m2":239.7,"nb_pl_est":12,"nb_pl_reel":null,"nb_places":12,"stat_auto":"prive","statut":null,"proprio":"hlm","part_pub":0.0,"acces_osm":null,"payant":null,"sud_canal":false,"a_verif":true,"motif_ver":"capacité proche du seuil de 10 places","cle":"osm:w598061688","revue":{"statut":"a_revoir"}}},{"type":"Feature","geometry":{"type":"Polygon","coordinates":[[[4.345363,43.846516],[4.345221,43.846332],[4.345175,43.846216],[4.345194,43.846095],[4.345244,43.846026],[4.345285,43.84599],[4.345249,43.845978],[4.34516,43.846076],[4.345131,43.846163],[4.34514,43.846286],[4.345285,43.846485],[4.345321,43.84653],[4.345363,43.846516]]]},"properties":{"id_pk":"PK_30189_450","nom":null,"insee":"30189","commune":"Nîmes","source":"osm","id_source":"w935862689","surf_m2":235.8,"nb_pl_est":12,"nb_pl_reel":null,"nb_places":12,"stat_auto":"public","statut":null,"proprio":"commune","part_pub":1.0,"acces_osm":null,"payant":null,"sud_canal":false,"a_verif":true,"motif_ver":"capacité proche du seuil de 10 places","cle":"osm:w935862689","revue":{"statut":"a_revoir"}}},{"type":"Feature","geometry":{"type":"Polygon","coordinates":[[[4.338009,43.816327],[4.338035,43.816313],[4.338154,43.816376],[4.338188,43.816341],[4.338201,43.816328],[4.338088,43.816266],[4.338065,43.816292],[4.33781,43.816156],[4.337741,43.816183],[4.338009,43.816327]]]},"properties":{"id_pk":"PK_30189_451","nom":null,"insee":"30189","commune":"Nîmes","source":"osm","id_source":"w1082267877","surf_m2":227.8,"nb_pl_est":12,"nb_pl_reel":null,"nb_places":12,"stat_auto":"prive","statut":null,"proprio":"pm_privee","part_pub":0.0,"acces_osm":null,"payant":null,"sud_canal":false,"a_verif":true,"motif_ver":"capacité proche du seuil de 10 places","cle":"osm:w1082267877","revue":{"statut":"a_revoir"}}},{"type":"Feature","geometry":{"type":"Polygon","coordinates":[[[4.323002,43.826332],[4.323147,43.826179],[4.322996,43.826139],[4.322888,43.826291],[4.323002,43.826332]]]},"properties":{"id_pk":"PK_30189_452","nom":null,"insee":"30189","commune":"Nîmes","source":"osm","id_source":"w935857927","surf_m2":226.6,"nb_pl_est":11,"nb_pl_reel":null,"nb_places":11,"stat_auto":"public","statut":null,"proprio":"etab_public","part_pub":1.0,"acces_osm":null,"payant":null,"sud_canal":false,"a_verif":true,"motif_ver":"capacité proche du seuil de 10 places","cle":"osm:w935857927","revue":{"statut":"a_revoir"}}},{"type":"Feature","geometry":{"type":"Polygon","coordinates":[[[4.363295,43.84489],[4.363252,43.844782],[4.363111,43.844811],[4.363127,43.844851],[4.363009,43.844875],[4.363035,43.844943],[4.363295,43.84489]]]},"properties":{"id_pk":"PK_30189_453","nom":null,"insee":"30189","commune":"Nîmes","source":"osm","id_source":"w1169018243","surf_m2":224.5,"nb_pl_est":11,"nb_pl_reel":null,"nb_places":11,"stat_auto":"prive","statut":null,"proprio":"pm_privee","part_pub":0.0,"acces_osm":"customers","payant":"no","sud_canal":false,"a_verif":true,"motif_ver":"capacité proche du seuil de 10 places","cle":"osm:w1169018243","revue":{"statut":"a_revoir"}}},{"type":"Feature","geometry":{"type":"Polygon","coordinates":[[[4.331894,43.820978],[4.331864,43.821027],[4.332285,43.821164],[4.332316,43.821114],[4.331894,43.820978]]]},"properties":{"id_pk":"PK_30189_454","nom":null,"insee":"30189","commune":"Nîmes","source":"osm","id_source":"w619508237","surf_m2":224.0,"nb_pl_est":11,"nb_pl_reel":null,"nb_places":11,"stat_auto":"public","statut":null,"proprio":"commune","part_pub":1.0,"acces_osm":null,"payant":null,"sud_canal":false,"a_verif":true,"motif_ver":"capacité proche du seuil de 10 places","cle":"osm:w619508237","revue":{"statut":"a_revoir"}}},{"type":"Feature","geometry":{"type":"Polygon","coordinates":[[[4.338433,43.824975],[4.338801,43.82509],[4.338869,43.825059],[4.338433,43.824926],[4.338332,43.825091],[4.338352,43.825097],[4.338363,43.8251],[4.338433,43.824975]]]},"properties":{"id_pk":"PK_30189_455","nom":null,"insee":"30189","commune":"Nîmes","source":"osm","id_source":"w1006768308","surf_m2":223.7,"nb_pl_est":11,"nb_pl_reel":null,"nb_places":11,"stat_auto":"public","statut":null,"proprio":"domaine_public","part_pub":0.7,"acces_osm":null,"payant":null,"sud_canal":false,"a_verif":true,"motif_ver":"capacité proche du seuil de 10 places","cle":"osm:w1006768308","revue":{"statut":"a_revoir"}}},{"type":"Feature","geometry":{"type":"Polygon","coordinates":[[[4.341263,43.841667],[4.341302,43.841653],[4.341286,43.841625],[4.341207,43.84159],[4.34115,43.841542],[4.341046,43.841573],[4.341093,43.84171],[4.341263,43.841667]]]},"properties":{"id_pk":"PK_30189_456","nom":null,"insee":"30189","commune":"Nîmes","source":"osm","id_source":"w969910042","surf_m2":218.4,"nb_pl_est":11,"nb_pl_reel":null,"nb_places":11,"stat_auto":"prive","statut":null,"proprio":"pm_privee","part_pub":0.0,"acces_osm":null,"payant":null,"sud_canal":false,"a_verif":true,"motif_ver":"capacité proche du seuil de 10 places","cle":"osm:w969910042","revue":{"statut":"a_revoir"}}},{"type":"Feature","geometry":{"type":"Polygon","coordinates":[[[4.323747,43.855948],[4.323971,43.856272],[4.323986,43.856241],[4.323796,43.855954],[4.323504,43.855645],[4.323468,43.855645],[4.323747,43.855948]]]},"properties":{"id_pk":"PK_30189_457","nom":null,"insee":"30189","commune":"Nîmes","source":"osm","id_source":"w930359652","surf_m2":218.0,"nb_pl_est":11,"nb_pl_reel":null,"nb_places":11,"stat_auto":"public","statut":null,"proprio":"commune","part_pub":1.0,"acces_osm":null,"payant":null,"sud_canal":false,"a_verif":true,"motif_ver":"capacité proche du seuil de 10 places","cle":"osm:w930359652","revue":{"statut":"a_revoir"}}},{"type":"Feature","geometry":{"type":"Polygon","coordinates":[[[4.353895,43.837424],[4.35455,43.837513],[4.354595,43.837482],[4.353927,43.837393],[4.353895,43.837424]]]},"properties":{"id_pk":"PK_30189_458","nom":null,"insee":"30189","commune":"Nîmes","source":"osm","id_source":"w1531449170","surf_m2":212.0,"nb_pl_est":11,"nb_pl_reel":null,"nb_places":11,"stat_auto":"prive","statut":null,"proprio":"pp","part_pub":0.0,"acces_osm":"private","payant":null,"sud_canal":false,"a_verif":true,"motif_ver":"capacité proche du seuil de 10 places","cle":"osm:w1531449170","revue":{"statut":"a_revoir"}}},{"type":"Feature","geometry":{"type":"Polygon","coordinates":[[[4.389112,43.828103],[4.389228,43.827978],[4.389086,43.827916],[4.388986,43.828027],[4.389112,43.828103]]]},"properties":{"id_pk":"PK_30189_459","nom":null,"insee":"30189","commune":"Nîmes","source":"osm","id_source":"w657297649","surf_m2":208.1,"nb_pl_est":11,"nb_pl_reel":null,"nb_places":11,"stat_auto":"public","statut":null,"proprio":"domaine_public","part_pub":0.96,"acces_osm":null,"payant":null,"sud_canal":false,"a_verif":true,"motif_ver":"capacité proche du seuil de 10 places","cle":"osm:w657297649","revue":{"statut":"a_revoir"}}},{"type":"Feature","geometry":{"type":"Polygon","coordinates":[[[4.351804,43.81336],[4.351907,43.813405],[4.351957,43.813365],[4.351867,43.813303],[4.351855,43.813315],[4.351556,43.813265],[4.351543,43.813311],[4.351555,43.813321],[4.351804,43.81336]]]},"properties":{"id_pk":"PK_30189_460","nom":null,"insee":"30189","commune":"Nîmes","source":"osm","id_source":"w928168866","surf_m2":206.5,"nb_pl_est":11,"nb_pl_reel":null,"nb_places":11,"stat_auto":"prive","statut":null,"proprio":"pp","part_pub":0.0,"acces_osm":null,"payant":null,"sud_canal":false,"a_verif":true,"motif_ver":"capacité proche du seuil de 10 places","cle":"osm:w928168866","revue":{"statut":"a_revoir"}}},{"type":"Feature","geometry":{"type":"Polygon","coordinates":[[[4.402249,43.861217],[4.402296,43.86111],[4.402329,43.861068],[4.402288,43.861048],[4.402249,43.861094],[4.402198,43.861221],[4.402147,43.861525],[4.402186,43.861537],[4.402249,43.861217]]]},"properties":{"id_pk":"PK_30189_461","nom":null,"insee":"30189","commune":"Nîmes","source":"osm","id_source":"w1134368721","surf_m2":203.5,"nb_pl_est":10,"nb_pl_reel":null,"nb_places":10,"stat_auto":"mixte","statut":null,"proprio":"hlm","part_pub":0.39,"acces_osm":null,"payant":null,"sud_canal":false,"a_verif":true,"motif_ver":"foncier mixte (39% public) ; capacité proche du seuil de 10 places","cle":"osm:w1134368721","revue":{"statut":"a_revoir"}}},{"type":"Feature","geometry":{"type":"Polygon","coordinates":[[[4.367836,43.821941],[4.36816,43.821645],[4.368108,43.821626],[4.367785,43.821915],[4.367836,43.821941]]]},"properties":{"id_pk":"PK_30189_462","nom":null,"insee":"30189","commune":"Nîmes","source":"osm","id_source":"w929889625","surf_m2":200.9,"nb_pl_est":10,"nb_pl_reel":null,"nb_places":10,"stat_auto":"public","statut":null,"proprio":"etab_public","part_pub":1.0,"acces_osm":"private","payant":null,"sud_canal":false,"a_verif":true,"motif_ver":"foncier public mais accès OSM « private » ; capacité proche du seuil de 10 places","cle":"osm:w929889625","revue":{"statut":"a_revoir"}}},{"type":"Feature","geometry":{"type":"Polygon","coordinates":[[[4.359341,43.809646],[4.359404,43.809433],[4.359323,43.809418],[4.359297,43.809487],[4.359222,43.809628],[4.359341,43.809646]]]},"properties":{"id_pk":"PK_30189_463","nom":null,"insee":"30189","commune":"Nîmes","source":"osm","id_source":"w961131611","surf_m2":194.3,"nb_pl_est":10,"nb_pl_reel":null,"nb_places":10,"stat_auto":"prive","statut":null,"proprio":"pm_privee","part_pub":0.0,"acces_osm":"yes","payant":"no","sud_canal":false,"a_verif":true,"motif_ver":"foncier privé mais accès OSM « yes » ; capacité proche du seuil de 10 places","cle":"osm:w961131611","revue":{"statut":"a_revoir"}}},{"type":"Feature","geometry":{"type":"Polygon","coordinates":[[[4.364165,43.807932],[4.364092,43.807916],[4.364003,43.808193],[4.364073,43.808213],[4.364165,43.807932]]]},"properties":{"id_pk":"PK_30189_464","nom":null,"insee":"30189","commune":"Nîmes","source":"osm","id_source":"w1231759293","surf_m2":194.3,"nb_pl_est":10,"nb_pl_reel":null,"nb_places":10,"stat_auto":"prive","statut":null,"proprio":"pm_privee","part_pub":0.0,"acces_osm":"permit","payant":null,"sud_canal":false,"a_verif":true,"motif_ver":"capacité proche du seuil de 10 places","cle":"osm:w1231759293","revue":{"statut":"a_revoir"}}},{"type":"Feature","geometry":{"type":"Polygon","coordinates":[[[4.332143,43.825529],[4.332192,43.825497],[4.332226,43.825463],[4.332071,43.825398],[4.331977,43.82551],[4.332095,43.82556],[4.332143,43.825529]]]},"properties":{"id_pk":"PK_30189_465","nom":null,"insee":"30189","commune":"Nîmes","source":"osm","id_source":"w675715359","surf_m2":190.5,"nb_pl_est":10,"nb_pl_reel":null,"nb_places":10,"stat_auto":"public","statut":null,"proprio":"domaine_public","part_pub":1.0,"acces_osm":null,"payant":null,"sud_canal":false,"a_verif":true,"motif_ver":"capacité proche du seuil de 10 places","cle":"osm:w675715359","revue":{"statut":"a_revoir"}}},{"type":"Feature","geometry":{"type":"Polygon","coordinates":[[[4.398166,43.857145],[4.398539,43.857244],[4.398568,43.857195],[4.398188,43.857098],[4.398166,43.857145]]]},"properties":{"id_pk":"PK_30189_466","nom":null,"insee":"30189","commune":"Nîmes","source":"osm","id_source":"w977661705","surf_m2":185.4,"nb_pl_est":10,"nb_pl_reel":null,"nb_places":10,"stat_auto":"public","statut":null,"proprio":"commune","part_pub":1.0,"acces_osm":null,"payant":null,"sud_canal":false,"a_verif":true,"motif_ver":"capacité proche du seuil de 10 places","cle":"osm:w977661705","revue":{"statut":"a_revoir"}}},{"type":"Feature","geometry":{"type":"Polygon","coordinates":[[[4.424965,43.91202],[4.425028,43.911978],[4.424695,43.911567],[4.424537,43.911544],[4.424322,43.911613],[4.424164,43.91164],[4.423555,43.9117],[4.423553,43.911781],[4.423376,43.911758],[4.423349,43.911806],[4.423378,43.91216],[4.424965,43.91202]]]},"properties":{"id_pk":"PK_30206_001","nom":null,"insee":"30206","commune":"Poulx","source":"osm","id_source":"w632657582","surf_m2":6124.3,"nb_pl_est":165,"nb_pl_reel":null,"nb_places":165,"stat_auto":"public","statut":null,"proprio":"commune","part_pub":1.0,"acces_osm":null,"payant":null,"sud_canal":false,"a_verif":false,"motif_ver":"","cle":"osm:w632657582","revue":{"statut":"a_revoir"}}},{"type":"Feature","geometry":{"type":"Polygon","coordinates":[[[4.418987,43.910714],[4.418928,43.91032],[4.418306,43.910491],[4.418344,43.910765],[4.418987,43.910714]]]},"properties":{"id_pk":"PK_30206_002","nom":null,"insee":"30206","commune":"Poulx","source":"osm","id_source":"w1091297965","surf_m2":1932.9,"nb_pl_est":55,"nb_pl_reel":null,"nb_places":55,"stat_auto":"public","statut":null,"proprio":"commune","part_pub":1.0,"acces_osm":"yes","payant":null,"sud_canal":false,"a_verif":false,"motif_ver":"","cle":"osm:w1091297965","revue":{"statut":"a_revoir"}}},{"type":"Feature","geometry":{"type":"Polygon","coordinates":[[[4.426081,43.926545],[4.426119,43.926542],[4.426307,43.926524],[4.426377,43.926592],[4.426432,43.926704],[4.426463,43.926811],[4.426448,43.926941],[4.426506,43.926996],[4.426542,43.927031],[4.426604,43.926991],[4.42662,43.926862],[4.426541,43.926721],[4.426487,43.92662],[4.426424,43.926473],[4.426362,43.926355],[4.426268,43.926293],[4.426182,43.926355],[4.426206,43.926445],[4.426106,43.926486],[4.426073,43.9265],[4.426081,43.926545]]]},"properties":{"id_pk":"PK_30206_003","nom":null,"insee":"30206","commune":"Poulx","source":"osm","id_source":"w99540105","surf_m2":979.4,"nb_pl_est":38,"nb_pl_reel":null,"nb_places":38,"stat_auto":"public","statut":null,"proprio":"commune","part_pub":1.0,"acces_osm":null,"payant":null,"sud_canal":false,"a_verif":false,"motif_ver":"","cle":"osm:w99540105","revue":{"statut":"a_revoir"}}},{"type":"Feature","geometry":{"type":"Polygon","coordinates":[[[4.416794,43.911515],[4.416806,43.911568],[4.416795,43.91161],[4.416738,43.911658],[4.416637,43.911694],[4.416729,43.911813],[4.416759,43.911798],[4.416981,43.912155],[4.417094,43.912131],[4.416997,43.911978],[4.416939,43.911997],[4.416913,43.911952],[4.416937,43.911942],[4.416812,43.91173],[4.417128,43.911625],[4.416891,43.911449],[4.416794,43.911515]]]},"properties":{"id_pk":"PK_30206_004","nom":null,"insee":"30206","commune":"Poulx","source":"osm","id_source":"w282478068","surf_m2":967.7,"nb_pl_est":38,"nb_pl_reel":null,"nb_places":38,"stat_auto":"public","statut":null,"proprio":"commune","part_pub":1.0,"acces_osm":null,"payant":null,"sud_canal":false,"a_verif":false,"motif_ver":"","cle":"osm:w282478068","revue":{"statut":"a_revoir"}}},{"type":"Feature","geometry":{"type":"Polygon","coordinates":[[[4.420047,43.911942],[4.420031,43.911752],[4.420221,43.911684],[4.420111,43.911495],[4.419917,43.91156],[4.419948,43.911952],[4.420047,43.911942]]]},"properties":{"id_pk":"PK_30206_005","nom":null,"insee":"30206","commune":"Poulx","source":"osm","id_source":"w1091621052","surf_m2":650.9,"nb_pl_est":28,"nb_pl_reel":null,"nb_places":28,"stat_auto":"public","statut":null,"proprio":"commune","part_pub":1.0,"acces_osm":"yes","payant":null,"sud_canal":false,"a_verif":false,"motif_ver":"","cle":"osm:w1091621052","revue":{"statut":"a_revoir"}}},{"type":"Feature","geometry":{"type":"Polygon","coordinates":[[[4.420558,43.900731],[4.420471,43.900732],[4.420503,43.90113],[4.420572,43.901128],[4.420558,43.900731]]]},"properties":{"id_pk":"PK_30206_006","nom":null,"insee":"30206","commune":"Poulx","source":"osm","id_source":"w1112416185","surf_m2":276.5,"nb_pl_est":14,"nb_pl_reel":null,"nb_places":14,"stat_auto":"public","statut":null,"proprio":"domaine_public","part_pub":1.0,"acces_osm":null,"payant":null,"sud_canal":false,"a_verif":true,"motif_ver":"capacité proche du seuil de 10 places","cle":"osm:w1112416185","revue":{"statut":"a_revoir"}}},{"type":"Feature","geometry":{"type":"Polygon","coordinates":[[[4.416418,43.911894],[4.416315,43.911721],[4.416189,43.911854],[4.416265,43.911956],[4.416418,43.911894]]]},"properties":{"id_pk":"PK_30206_007","nom":null,"insee":"30206","commune":"Poulx","source":"osm","id_source":"w1091622816","surf_m2":248.2,"nb_pl_est":12,"nb_pl_reel":null,"nb_places":12,"stat_auto":"public","statut":null,"proprio":"commune","part_pub":1.0,"acces_osm":"yes","payant":"no","sud_canal":false,"a_verif":true,"motif_ver":"capacité proche du seuil de 10 places","cle":"osm:w1091622816","revue":{"statut":"a_revoir"}}},{"type":"Feature","geometry":{"type":"Polygon","coordinates":[[[4.419684,43.91074],[4.419723,43.910355],[4.419658,43.910395],[4.419611,43.91076],[4.419684,43.91074]]]},"properties":{"id_pk":"PK_30206_008","nom":null,"insee":"30206","commune":"Poulx","source":"osm","id_source":"w561902394","surf_m2":218.7,"nb_pl_est":11,"nb_pl_reel":null,"nb_places":11,"stat_auto":"public","statut":null,"proprio":"commune","part_pub":1.0,"acces_osm":null,"payant":null,"sud_canal":false,"a_verif":true,"motif_ver":"capacité proche du seuil de 10 places","cle":"osm:w561902394","revue":{"statut":"a_revoir"}}},{"type":"Feature","geometry":{"type":"Polygon","coordinates":[[[4.505301,43.818739],[4.505193,43.818783],[4.505094,43.818801],[4.505087,43.818861],[4.505147,43.818862],[4.505239,43.818881],[4.505301,43.818886],[4.506133,43.81886],[4.506135,43.818886],[4.506311,43.818884],[4.506345,43.818857],[4.507489,43.818883],[4.507936,43.818909],[4.508288,43.81894],[4.508672,43.818976],[4.509057,43.819025],[4.509644,43.819111],[4.510226,43.819215],[4.510265,43.819216],[4.510306,43.819195],[4.510332,43.819136],[4.510327,43.819095],[4.510297,43.819071],[4.509786,43.818781],[4.509733,43.818747],[4.509227,43.818452],[4.50815,43.817824],[4.507667,43.817788],[4.507664,43.817831],[4.507634,43.81783],[4.507481,43.817825],[4.50629,43.818635],[4.506232,43.818673],[4.506166,43.818688],[4.505437,43.818711],[4.505371,43.818717],[4.505301,43.818739]]]},"properties":{"id_pk":"PK_30211_001","nom":"Parking Longue Durée","insee":"30211","commune":"Redessan","source":"osm","id_source":"w759144010","surf_m2":26785.1,"nb_pl_est":757,"nb_pl_reel":null,"nb_places":757,"stat_auto":"public","statut":null,"proprio":"etab_public","part_pub":1.0,"acces_osm":null,"payant":null,"sud_canal":false,"a_verif":false,"motif_ver":"","cle":"osm:w759144010","revue":{"statut":"a_revoir"}}},{"type":"Feature","geometry":{"type":"Polygon","coordinates":[[[4.496605,43.825803],[4.49684,43.825822],[4.496731,43.825168],[4.497266,43.825135],[4.497155,43.825055],[4.497102,43.824999],[4.496232,43.825087],[4.496165,43.825136],[4.496149,43.825258],[4.496157,43.825374],[4.496203,43.825664],[4.496224,43.825736],[4.496605,43.825803]]]},"properties":{"id_pk":"PK_30211_002","nom":null,"insee":"30211","commune":"Redessan","source":"osm","id_source":"w238797474","surf_m2":4403.4,"nb_pl_est":117,"nb_pl_reel":null,"nb_places":117,"stat_auto":"prive","statut":null,"proprio":"pm_privee","part_pub":0.0,"acces_osm":null,"payant":null,"sud_canal":false,"a_verif":false,"motif_ver":"","cle":"osm:w238797474","revue":{"statut":"a_revoir"}}},{"type":"Feature","geometry":{"type":"Polygon","coordinates":[[[4.499505,43.832026],[4.499504,43.831987],[4.499543,43.831987],[4.499547,43.831952],[4.499591,43.831951],[4.499592,43.831827],[4.499741,43.831827],[4.499743,43.831982],[4.499813,43.831983],[4.499813,43.832023],[4.500277,43.832025],[4.500232,43.831747],[4.499205,43.831765],[4.499063,43.831771],[4.499053,43.832027],[4.499505,43.832026]]]},"properties":{"id_pk":"PK_30211_003","nom":null,"insee":"30211","commune":"Redessan","source":"osm","id_source":"w992499802","surf_m2":2527.2,"nb_pl_est":66,"nb_pl_reel":null,"nb_places":66,"stat_auto":"public","statut":null,"proprio":"commune","part_pub":0.96,"acces_osm":"yes","payant":"no","sud_canal":false,"a_verif":false,"motif_ver":"","cle":"osm:w992499802","revue":{"statut":"a_revoir"}}},{"type":"Feature","geometry":{"type":"Polygon","coordinates":[[[4.49946,43.829347],[4.499583,43.829269],[4.499528,43.828777],[4.499159,43.828799],[4.499222,43.829355],[4.49946,43.829347]]]},"properties":{"id_pk":"PK_30211_004","nom":null,"insee":"30211","commune":"Redessan","source":"osm","id_source":"w565015501","surf_m2":1815.9,"nb_pl_est":53,"nb_pl_reel":null,"nb_places":53,"stat_auto":"public","statut":null,"proprio":"commune","part_pub":1.0,"acces_osm":null,"payant":null,"sud_canal":false,"a_verif":false,"motif_ver":"","cle":"osm:w565015501","revue":{"statut":"a_revoir"}}},{"type":"Feature","geometry":{"type":"Polygon","coordinates":[[[4.495204,43.826484],[4.49518,43.826288],[4.495073,43.826298],[4.494542,43.826351],[4.494339,43.826372],[4.494358,43.826576],[4.495204,43.826484]]]},"properties":{"id_pk":"PK_30211_005","nom":null,"insee":"30211","commune":"Redessan","source":"osm","id_source":"w928211326","surf_m2":1526.5,"nb_pl_est":49,"nb_pl_reel":null,"nb_places":49,"stat_auto":"prive","statut":null,"proprio":"pm_privee","part_pub":0.13,"acces_osm":"private","payant":null,"sud_canal":false,"a_verif":false,"motif_ver":"","cle":"osm:w928211326","revue":{"statut":"a_revoir"}}},{"type":"Feature","geometry":{"type":"Polygon","coordinates":[[[4.502632,43.828606],[4.502491,43.828409],[4.502976,43.828235],[4.503109,43.828433],[4.503218,43.828393],[4.503199,43.828361],[4.503129,43.828263],[4.502996,43.828069],[4.502375,43.82829],[4.502419,43.828678],[4.502632,43.828606]]]},"properties":{"id_pk":"PK_30211_006","nom":null,"insee":"30211","commune":"Redessan","source":"osm","id_source":"w880533754","surf_m2":1516.1,"nb_pl_est":49,"nb_pl_reel":null,"nb_places":49,"stat_auto":"public","statut":null,"proprio":"commune","part_pub":1.0,"acces_osm":"yes","payant":"no","sud_canal":false,"a_verif":false,"motif_ver":"","cle":"osm:w880533754","revue":{"statut":"a_revoir"}}},{"type":"Feature","geometry":{"type":"Polygon","coordinates":[[[4.500756,43.827716],[4.500781,43.827975],[4.500833,43.82837],[4.500987,43.828361],[4.501022,43.828153],[4.501028,43.827956],[4.501024,43.827761],[4.501023,43.827629],[4.500749,43.827646],[4.500756,43.827716]]]},"properties":{"id_pk":"PK_30211_007","nom":null,"insee":"30211","commune":"Redessan","source":"osm","id_source":"w565015498","surf_m2":1508.4,"nb_pl_est":48,"nb_pl_reel":null,"nb_places":48,"stat_auto":"public","statut":null,"proprio":"etab_public","part_pub":0.99,"acces_osm":"yes","payant":null,"sud_canal":false,"a_verif":false,"motif_ver":"","cle":"osm:w565015498","revue":{"statut":"a_revoir"}}},{"type":"Feature","geometry":{"type":"Polygon","coordinates":[[[4.502655,43.836361],[4.502933,43.8363],[4.502948,43.836293],[4.502979,43.836263],[4.502967,43.836253],[4.50291,43.83622],[4.502479,43.83596],[4.502415,43.835905],[4.502413,43.835923],[4.502346,43.835989],[4.502306,43.836029],[4.502307,43.836054],[4.502334,43.836103],[4.502306,43.836113],[4.502419,43.836324],[4.502441,43.83632],[4.50247,43.836348],[4.502498,43.836358],[4.502536,43.836363],[4.502536,43.836382],[4.502655,43.836361]]]},"properties":{"id_pk":"PK_30211_008","nom":null,"insee":"30211","commune":"Redessan","source":"osm","id_source":"w1044806202","surf_m2":1476.0,"nb_pl_est":48,"nb_pl_reel":null,"nb_places":48,"stat_auto":"public","statut":null,"proprio":"commune","part_pub":1.0,"acces_osm":"yes","payant":"no","sud_canal":false,"a_verif":false,"motif_ver":"","cle":"osm:w1044806202","revue":{"statut":"a_revoir"}}},{"type":"Feature","geometry":{"type":"Polygon","coordinates":[[[4.506162,43.826721],[4.505512,43.826707],[4.505481,43.8269],[4.506149,43.826917],[4.506162,43.826721]]]},"properties":{"id_pk":"PK_30211_009","nom":null,"insee":"30211","commune":"Redessan","source":"osm","id_source":"w1210804913","surf_m2":1149.5,"nb_pl_est":42,"nb_pl_reel":null,"nb_places":42,"stat_auto":"prive","statut":null,"proprio":"hlm","part_pub":0.0,"acces_osm":null,"payant":null,"sud_canal":false,"a_verif":false,"motif_ver":"","cle":"osm:w1210804913","revue":{"statut":"a_revoir"}}},{"type":"Feature","geometry":{"type":"Polygon","coordinates":[[[4.487642,43.830835],[4.487638,43.830971],[4.487645,43.831063],[4.487656,43.831222],[4.487976,43.831219],[4.48797,43.831016],[4.487964,43.830836],[4.487642,43.830835]]]},"properties":{"id_pk":"PK_30211_010","nom":null,"insee":"30211","commune":"Redessan","source":"osm","id_source":"w872726764","surf_m2":1119.8,"nb_pl_est":41,"nb_pl_reel":null,"nb_places":41,"stat_auto":"public","statut":null,"proprio":"commune","part_pub":1.0,"acces_osm":"yes","payant":null,"sud_canal":false,"a_verif":false,"motif_ver":"","cle":"osm:w872726764","revue":{"statut":"a_revoir"}}},{"type":"Feature","geometry":{"type":"Polygon","coordinates":[[[4.499852,43.829556],[4.500399,43.829364],[4.500336,43.829274],[4.500255,43.829245],[4.500195,43.829242],[4.499943,43.829328],[4.499868,43.829457],[4.499575,43.82948],[4.499577,43.829522],[4.499618,43.829566],[4.499852,43.829556]]]},"properties":{"id_pk":"PK_30211_011","nom":null,"insee":"30211","commune":"Redessan","source":"osm","id_source":"w565015500","surf_m2":1001.5,"nb_pl_est":38,"nb_pl_reel":null,"nb_places":38,"stat_auto":"public","statut":null,"proprio":"domaine_public","part_pub":1.0,"acces_osm":null,"payant":null,"sud_canal":false,"a_verif":false,"motif_ver":"","cle":"osm:w565015500","revue":{"statut":"a_revoir"}}},{"type":"Feature","geometry":{"type":"Polygon","coordinates":[[[4.490746,43.826786],[4.490716,43.826789],[4.490709,43.826903],[4.491351,43.826852],[4.491343,43.826809],[4.491406,43.826801],[4.491396,43.826701],[4.490741,43.826752],[4.490746,43.826786]]]},"properties":{"id_pk":"PK_30211_012","nom":null,"insee":"30211","commune":"Redessan","source":"osm","id_source":"w1091714660","surf_m2":878.4,"nb_pl_est":35,"nb_pl_reel":null,"nb_places":35,"stat_auto":"prive","statut":null,"proprio":"hlm","part_pub":0.0,"acces_osm":null,"payant":null,"sud_canal":false,"a_verif":false,"motif_ver":"","cle":"osm:w1091714660","revue":{"statut":"a_revoir"}}},{"type":"Feature","geometry":{"type":"Polygon","coordinates":[[[4.500395,43.827775],[4.500601,43.827765],[4.500622,43.827983],[4.500781,43.827975],[4.500756,43.827716],[4.500749,43.827646],[4.500384,43.827664],[4.500395,43.827775]]]},"properties":{"id_pk":"PK_30211_013","nom":null,"insee":"30211","commune":"Redessan","source":"osm","id_source":"w565015497","surf_m2":676.9,"nb_pl_est":29,"nb_pl_reel":null,"nb_places":29,"stat_auto":"public","statut":null,"proprio":"etab_public","part_pub":0.96,"acces_osm":"private","payant":null,"sud_canal":false,"a_verif":true,"motif_ver":"foncier public mais accès OSM « private »","cle":"osm:w565015497","revue":{"statut":"a_revoir"}}},{"type":"Feature","geometry":{"type":"Polygon","coordinates":[[[4.497297,43.830708],[4.497292,43.830624],[4.497164,43.830626],[4.497169,43.830697],[4.497017,43.8307],[4.497019,43.830749],[4.496824,43.830772],[4.496842,43.830809],[4.496935,43.830791],[4.497178,43.830915],[4.497318,43.830861],[4.497297,43.830708]]]},"properties":{"id_pk":"PK_30211_014","nom":null,"insee":"30211","commune":"Redessan","source":"osm","id_source":"w872714888","surf_m2":632.2,"nb_pl_est":27,"nb_pl_reel":null,"nb_places":27,"stat_auto":"public","statut":null,"proprio":"commune","part_pub":1.0,"acces_osm":"yes","payant":null,"sud_canal":false,"a_verif":false,"motif_ver":"","cle":"osm:w872714888","revue":{"statut":"a_revoir"}}},{"type":"Feature","geometry":{"type":"Polygon","coordinates":[[[4.498979,43.829687],[4.499,43.829681],[4.499288,43.829617],[4.499227,43.829508],[4.499167,43.829481],[4.499111,43.829498],[4.499095,43.829475],[4.499024,43.829497],[4.498886,43.829521],[4.498979,43.829687]]]},"properties":{"id_pk":"PK_30211_015","nom":null,"insee":"30211","commune":"Redessan","source":"osm","id_source":"w928211325","surf_m2":478.4,"nb_pl_est":22,"nb_pl_reel":null,"nb_places":22,"stat_auto":"public","statut":null,"proprio":"domaine_public","part_pub":0.96,"acces_osm":null,"payant":null,"sud_canal":false,"a_verif":false,"motif_ver":"","cle":"osm:w928211325","revue":{"statut":"a_revoir"}}},{"type":"Feature","geometry":{"type":"Polygon","coordinates":[[[4.198288,43.835928],[4.198326,43.835806],[4.198228,43.835789],[4.198138,43.835817],[4.197998,43.835867],[4.197726,43.835975],[4.197721,43.836033],[4.197773,43.836267],[4.197854,43.836281],[4.198288,43.835928]]]},"properties":{"id_pk":"PK_30245_001","nom":null,"insee":"30245","commune":"Saint-Côme-et-Maruéjols","source":"osm","id_source":"w444323391","surf_m2":1351.5,"nb_pl_est":46,"nb_pl_reel":null,"nb_places":46,"stat_auto":"prive","statut":null,"proprio":"pp","part_pub":0.0,"acces_osm":null,"payant":null,"sud_canal":false,"a_verif":false,"motif_ver":"","cle":"osm:w444323391","revue":{"statut":"a_revoir"}}},{"type":"Feature","geometry":{"type":"Polygon","coordinates":[[[4.176504,43.824346],[4.176418,43.824276],[4.175614,43.824795],[4.1757,43.824865],[4.176504,43.824346]]]},"properties":{"id_pk":"PK_30245_002","nom":null,"insee":"30245","commune":"Saint-Côme-et-Maruéjols","source":"osm","id_source":"w1364061644","surf_m2":904.0,"nb_pl_est":36,"nb_pl_reel":null,"nb_places":36,"stat_auto":"prive","statut":null,"proprio":"pp","part_pub":0.0,"acces_osm":"customers","payant":null,"sud_canal":false,"a_verif":false,"motif_ver":"","cle":"osm:w1364061644","revue":{"statut":"a_revoir"}}},{"type":"Feature","geometry":{"type":"Polygon","coordinates":[[[4.202453,43.826931],[4.202358,43.826834],[4.202224,43.826836],[4.202198,43.826601],[4.2019,43.826829],[4.202298,43.826957],[4.202448,43.827007],[4.202453,43.826931]]]},"properties":{"id_pk":"PK_30245_003","nom":null,"insee":"30245","commune":"Saint-Côme-et-Maruéjols","source":"osm","id_source":"w219473456","surf_m2":715.4,"nb_pl_est":30,"nb_pl_reel":null,"nb_places":30,"stat_auto":"prive","statut":null,"proprio":"pp","part_pub":0.02,"acces_osm":"customers","payant":"yes","sud_canal":false,"a_verif":false,"motif_ver":"","cle":"osm:w219473456","revue":{"statut":"a_revoir"}}},{"type":"Feature","geometry":{"type":"Polygon","coordinates":[[[4.176741,43.824205],[4.176803,43.824161],[4.176477,43.823922],[4.176516,43.823888],[4.176363,43.823771],[4.17631,43.823814],[4.17648,43.824172],[4.176741,43.824205]]]},"properties":{"id_pk":"PK_30245_004","nom":null,"insee":"30245","commune":"Saint-Côme-et-Maruéjols","source":"osm","id_source":"w1364061641","surf_m2":708.6,"nb_pl_est":30,"nb_pl_reel":null,"nb_places":30,"stat_auto":"prive","statut":null,"proprio":"pp","part_pub":0.0,"acces_osm":"customers","payant":null,"sud_canal":false,"a_verif":false,"motif_ver":"","cle":"osm:w1364061641","revue":{"statut":"a_revoir"}}},{"type":"Feature","geometry":{"type":"Polygon","coordinates":[[[4.202437,43.826481],[4.202208,43.826597],[4.202231,43.826827],[4.202338,43.826825],[4.202443,43.826822],[4.202437,43.826481]]]},"properties":{"id_pk":"PK_30245_005","nom":null,"insee":"30245","commune":"Saint-Côme-et-Maruéjols","source":"osm","id_source":"w160363510","surf_m2":571.2,"nb_pl_est":25,"nb_pl_reel":null,"nb_places":25,"stat_auto":"prive","statut":null,"proprio":"pp","part_pub":0.13,"acces_osm":null,"payant":null,"sud_canal":false,"a_verif":false,"motif_ver":"","cle":"osm:w160363510","revue":{"statut":"a_revoir"}}},{"type":"Feature","geometry":{"type":"Polygon","coordinates":[[[4.195708,43.824945],[4.195789,43.824798],[4.19588,43.82465],[4.195708,43.824583],[4.195524,43.824861],[4.195708,43.824945]]]},"properties":{"id_pk":"PK_30245_006","nom":null,"insee":"30245","commune":"Saint-Côme-et-Maruéjols","source":"osm","id_source":"w1328830563","surf_m2":569.1,"nb_pl_est":25,"nb_pl_reel":null,"nb_places":25,"stat_auto":"prive","statut":null,"proprio":"pp","part_pub":0.07,"acces_osm":null,"payant":null,"sud_canal":false,"a_verif":false,"motif_ver":"","cle":"osm:w1328830563","revue":{"statut":"a_revoir"}}},{"type":"Feature","geometry":{"type":"Polygon","coordinates":[[[4.202729,43.826506,-1000.0],[4.202472,43.826484,-1000.0],[4.202493,43.826738,-1000.0],[4.202719,43.826736,-1000.0],[4.202729,43.826506,-1000.0]]]},"properties":{"id_pk":"PK_30245_007","nom":null,"insee":"30245","commune":"Saint-Côme-et-Maruéjols","source":"bdtopo","id_source":"EQ_RESEA0000002323657372","surf_m2":521.9,"nb_pl_est":24,"nb_pl_reel":null,"nb_places":24,"stat_auto":"prive","statut":null,"proprio":"pp","part_pub":0.07,"acces_osm":null,"payant":null,"sud_canal":false,"a_verif":true,"motif_ver":"absent d'OSM (BD TOPO seule)","cle":"bdtopo:EQ_RESEA0000002323657372","revue":{"statut":"a_revoir"}}},{"type":"Feature","geometry":{"type":"Polygon","coordinates":[[[4.196853,43.823824],[4.196795,43.823749],[4.196399,43.823697],[4.196365,43.823785],[4.196933,43.823906],[4.196853,43.823824]]]},"properties":{"id_pk":"PK_30245_008","nom":null,"insee":"30245","commune":"Saint-Côme-et-Maruéjols","source":"osm","id_source":"w1331408717","surf_m2":481.7,"nb_pl_est":22,"nb_pl_reel":null,"nb_places":22,"stat_auto":"prive","statut":null,"proprio":"pp","part_pub":0.03,"acces_osm":null,"payant":null,"sud_canal":false,"a_verif":false,"motif_ver":"","cle":"osm:w1331408717","revue":{"statut":"a_revoir"}}},{"type":"Feature","geometry":{"type":"Polygon","coordinates":[[[4.17834,43.824376],[4.178271,43.82434],[4.178377,43.824208],[4.178355,43.824194],[4.178318,43.82417],[4.178002,43.824383],[4.178207,43.824479],[4.17834,43.824376]]]},"properties":{"id_pk":"PK_30245_009","nom":null,"insee":"30245","commune":"Saint-Côme-et-Maruéjols","source":"osm","id_source":"w761045566","surf_m2":456.1,"nb_pl_est":21,"nb_pl_reel":null,"nb_places":21,"stat_auto":"prive","statut":null,"proprio":"pp","part_pub":0.02,"acces_osm":null,"payant":null,"sud_canal":false,"a_verif":false,"motif_ver":"","cle":"osm:w761045566","revue":{"statut":"a_revoir"}}},{"type":"Feature","geometry":{"type":"Polygon","coordinates":[[[4.190669,43.834746],[4.190951,43.83476],[4.191213,43.8348],[4.191196,43.83475],[4.190918,43.834677],[4.190651,43.834668],[4.190462,43.834752],[4.190669,43.834746]]]},"properties":{"id_pk":"PK_30245_010","nom":null,"insee":"30245","commune":"Saint-Côme-et-Maruéjols","source":"osm","id_source":"w1481154240","surf_m2":415.5,"nb_pl_est":20,"nb_pl_reel":null,"nb_places":20,"stat_auto":"public","statut":null,"proprio":"domaine_public","part_pub":0.72,"acces_osm":null,"payant":null,"sud_canal":false,"a_verif":false,"motif_ver":"","cle":"osm:w1481154240","revue":{"statut":"a_revoir"}}},{"type":"Feature","geometry":{"type":"Polygon","coordinates":[[[4.202054,43.827956],[4.202108,43.827845],[4.202158,43.827744],[4.20207,43.827709],[4.201983,43.8278],[4.202011,43.82781],[4.202008,43.827816],[4.201934,43.827929],[4.202054,43.827956]]]},"properties":{"id_pk":"PK_30245_011","nom":null,"insee":"30245","commune":"Saint-Côme-et-Maruéjols","source":"osm","id_source":"w219466996","surf_m2":246.2,"nb_pl_est":12,"nb_pl_reel":null,"nb_places":12,"stat_auto":"public","statut":null,"proprio":"domaine_public","part_pub":1.0,"acces_osm":null,"payant":null,"sud_canal":false,"a_verif":true,"motif_ver":"capacité proche du seuil de 10 places","cle":"osm:w219466996","revue":{"statut":"a_revoir"}}},{"type":"Feature","geometry":{"type":"Polygon","coordinates":[[[4.233907,43.808361],[4.233898,43.808035],[4.233119,43.808042],[4.233115,43.807797],[4.232907,43.807797],[4.232384,43.807809],[4.232291,43.807884],[4.232402,43.807954],[4.232502,43.807952],[4.232497,43.808369],[4.233907,43.808361]]]},"properties":{"id_pk":"PK_30249_001","nom":null,"insee":"30249","commune":"Saint-Dionisy","source":"osm","id_source":"w26320059","surf_m2":5613.2,"nb_pl_est":150,"nb_pl_reel":null,"nb_places":150,"stat_auto":"prive","statut":null,"proprio":"pm_privee","part_pub":0.0,"acces_osm":null,"payant":null,"sud_canal":false,"a_verif":false,"motif_ver":"","cle":"osm:w26320059","revue":{"statut":"a_revoir"}}},{"type":"Feature","geometry":{"type":"Polygon","coordinates":[[[4.230494,43.808394],[4.230745,43.807939],[4.230702,43.807927],[4.230727,43.807883],[4.230847,43.807732],[4.23042,43.807753],[4.230104,43.808305],[4.230494,43.808394]]]},"properties":{"id_pk":"PK_30249_002","nom":null,"insee":"30249","commune":"Saint-Dionisy","source":"osm","id_source":"w1098073244","surf_m2":2292.0,"nb_pl_est":60,"nb_pl_reel":null,"nb_places":60,"stat_auto":"prive","statut":null,"proprio":"pm_privee","part_pub":0.0,"acces_osm":null,"payant":null,"sud_canal":false,"a_verif":false,"motif_ver":"","cle":"osm:w1098073244","revue":{"statut":"a_revoir"}}},{"type":"Feature","geometry":{"type":"Polygon","coordinates":[[[4.221537,43.803799],[4.221583,43.803743],[4.221683,43.803627],[4.221669,43.803581],[4.221435,43.80354],[4.221063,43.803513],[4.221537,43.803799]]]},"properties":{"id_pk":"PK_30249_003","nom":null,"insee":"30249","commune":"Saint-Dionisy","source":"osm","id_source":"w934305452","surf_m2":710.8,"nb_pl_est":30,"nb_pl_reel":null,"nb_places":30,"stat_auto":"public","statut":null,"proprio":"commune","part_pub":1.0,"acces_osm":null,"payant":null,"sud_canal":false,"a_verif":false,"motif_ver":"","cle":"osm:w934305452","revue":{"statut":"a_revoir"}}},{"type":"Feature","geometry":{"type":"Polygon","coordinates":[[[4.231362,43.799475,-1000.0],[4.231033,43.79938,-1000.0],[4.230932,43.799469,-1000.0],[4.231013,43.799618,-1000.0],[4.231151,43.79954,-1000.0],[4.231386,43.79951,-1000.0],[4.231362,43.799475,-1000.0]]]},"properties":{"id_pk":"PK_30249_004","nom":null,"insee":"30249","commune":"Saint-Dionisy","source":"bdtopo","id_source":"EQ_RESEA0000002489369235","surf_m2":466.2,"nb_pl_est":21,"nb_pl_reel":null,"nb_places":21,"stat_auto":"prive","statut":null,"proprio":"pp","part_pub":0.0,"acces_osm":null,"payant":null,"sud_canal":false,"a_verif":true,"motif_ver":"absent d'OSM (BD TOPO seule)","cle":"bdtopo:EQ_RESEA0000002489369235","revue":{"statut":"a_revoir"}}},{"type":"Feature","geometry":{"type":"Polygon","coordinates":[[[4.222855,43.807588],[4.222714,43.807541],[4.222623,43.807671],[4.222934,43.807789],[4.222972,43.807732],[4.222997,43.807695],[4.222871,43.807648],[4.222902,43.807605],[4.222855,43.807588]]]},"properties":{"id_pk":"PK_30249_005","nom":null,"insee":"30249","commune":"Saint-Dionisy","source":"osm","id_source":"w1024476698","surf_m2":409.2,"nb_pl_est":19,"nb_pl_reel":null,"nb_places":19,"stat_auto":"prive","statut":null,"proprio":"pp","part_pub":0.0,"acces_osm":"customers","payant":null,"sud_canal":false,"a_verif":false,"motif_ver":"","cle":"osm:w1024476698","revue":{"statut":"a_revoir"}}},{"type":"Feature","geometry":{"type":"Polygon","coordinates":[[[4.234008,43.806198],[4.23411,43.80622],[4.234161,43.806093],[4.234072,43.806074],[4.234119,43.805959],[4.233999,43.805934],[4.233901,43.806176],[4.234008,43.806198]]]},"properties":{"id_pk":"PK_30249_006","nom":null,"insee":"30249","commune":"Saint-Dionisy","source":"osm","id_source":"w247575220","surf_m2":391.7,"nb_pl_est":19,"nb_pl_reel":null,"nb_places":19,"stat_auto":"public","statut":null,"proprio":"commune","part_pub":1.0,"acces_osm":"yes","payant":"no","sud_canal":false,"a_verif":false,"motif_ver":"","cle":"osm:w247575220","revue":{"statut":"a_revoir"}}},{"type":"Feature","geometry":{"type":"Polygon","coordinates":[[[4.231164,43.804518],[4.231184,43.80447],[4.230761,43.804361],[4.230735,43.804421],[4.231164,43.804518]]]},"properties":{"id_pk":"PK_30249_007","nom":null,"insee":"30249","commune":"Saint-Dionisy","source":"osm","id_source":"w934305438","surf_m2":225.4,"nb_pl_est":11,"nb_pl_reel":null,"nb_places":11,"stat_auto":"public","statut":null,"proprio":"commune","part_pub":0.97,"acces_osm":null,"payant":null,"sud_canal":false,"a_verif":true,"motif_ver":"capacité proche du seuil de 10 places","cle":"osm:w934305438","revue":{"statut":"a_revoir"}}},{"type":"Feature","geometry":{"type":"Polygon","coordinates":[[[4.466915,43.876413],[4.467159,43.876435],[4.467013,43.87621],[4.466797,43.875878],[4.46646,43.875823],[4.466425,43.875817],[4.466401,43.876259],[4.46639,43.876368],[4.466915,43.876413]]]},"properties":{"id_pk":"PK_30257_001","nom":"Place du Marché","insee":"30257","commune":"Saint-Gervasy","source":"osm","id_source":"w359113224","surf_m2":2723.2,"nb_pl_est":72,"nb_pl_reel":null,"nb_places":72,"stat_auto":"public","statut":null,"proprio":"commune","part_pub":1.0,"acces_osm":"yes","payant":"no","sud_canal":false,"a_verif":false,"motif_ver":"","cle":"osm:w359113224","revue":{"statut":"a_revoir"}}},{"type":"Feature","geometry":{"type":"Polygon","coordinates":[[[4.467229,43.876808],[4.467216,43.876743],[4.466861,43.876703],[4.466585,43.876672],[4.466451,43.876649],[4.466366,43.876635],[4.466343,43.87672],[4.467229,43.876808]]]},"properties":{"id_pk":"PK_30257_002","nom":null,"insee":"30257","commune":"Saint-Gervasy","source":"osm","id_source":"w1081136999","surf_m2":549.5,"nb_pl_est":25,"nb_pl_reel":null,"nb_places":25,"stat_auto":"public","statut":null,"proprio":"domaine_public","part_pub":1.0,"acces_osm":"yes","payant":"no","sud_canal":false,"a_verif":false,"motif_ver":"","cle":"osm:w1081136999","revue":{"statut":"a_revoir"}}},{"type":"Feature","geometry":{"type":"Polygon","coordinates":[[[4.476636,43.878218],[4.476639,43.87819],[4.475811,43.878081],[4.47579,43.878104],[4.476636,43.878218]]]},"properties":{"id_pk":"PK_30257_003","nom":null,"insee":"30257","commune":"Saint-Gervasy","source":"osm","id_source":"w1044918866","surf_m2":203.4,"nb_pl_est":10,"nb_pl_reel":null,"nb_places":10,"stat_auto":"public","statut":null,"proprio":"commune","part_pub":1.0,"acces_osm":null,"payant":null,"sud_canal":false,"a_verif":true,"motif_ver":"capacité proche du seuil de 10 places","cle":"osm:w1044918866","revue":{"statut":"a_revoir"}}},{"type":"Feature","geometry":{"type":"Polygon","coordinates":[[[4.411607,43.763178],[4.411847,43.763183],[4.412166,43.76319],[4.412239,43.762136],[4.41232,43.760955],[4.412454,43.760908],[4.412462,43.760804],[4.412564,43.759534],[4.412127,43.759516],[4.411622,43.759503],[4.411598,43.759681],[4.411589,43.75979],[4.411531,43.759788],[4.411467,43.760736],[4.41152,43.760732],[4.411512,43.760848],[4.411494,43.761114],[4.411493,43.761139],[4.411537,43.761138],[4.411519,43.76134],[4.411417,43.761337],[4.411376,43.7623],[4.411476,43.762303],[4.411464,43.762437],[4.41136,43.762431],[4.411312,43.763173],[4.411607,43.763178]]]},"properties":{"id_pk":"PK_30258_001","nom":null,"insee":"30258","commune":"Saint-Gilles","source":"osm","id_source":"w974573552","surf_m2":29461.8,"nb_pl_est":832,"nb_pl_reel":null,"nb_places":832,"stat_auto":"prive","statut":null,"proprio":"pp","part_pub":0.0,"acces_osm":"private","payant":null,"sud_canal":false,"a_verif":true,"motif_ver":"grande aire sans propriétaire personne morale : vérifier le foncier","cle":"osm:w974573552","revue":{"statut":"a_revoir"}}},{"type":"Feature","geometry":{"type":"Polygon","coordinates":[[[4.430051,43.67509],[4.430042,43.675122],[4.430652,43.675205],[4.430685,43.675196],[4.430618,43.67514],[4.430619,43.675035],[4.430619,43.675014],[4.430736,43.674896],[4.430748,43.674782],[4.43078,43.674765],[4.430807,43.674776],[4.430792,43.674795],[4.430953,43.674865],[4.430997,43.674884],[4.43105,43.674882],[4.431448,43.674413],[4.431351,43.674303],[4.430954,43.673957],[4.43076,43.673952],[4.430784,43.673828],[4.431329,43.67324],[4.430494,43.672933],[4.430528,43.673448],[4.430564,43.673797],[4.430625,43.67395],[4.430601,43.673972],[4.430539,43.673983],[4.430531,43.674077],[4.429962,43.674136],[4.429951,43.674436],[4.429957,43.674912],[4.429957,43.675088],[4.430051,43.67509]]]},"properties":{"id_pk":"PK_30258_002","nom":"Charles de Gaulle","insee":"30258","commune":"Saint-Gilles","source":"osm","id_source":"w50001962","surf_m2":15402.9,"nb_pl_est":435,"nb_pl_reel":null,"nb_places":350,"stat_auto":"prive","statut":null,"proprio":"pp","part_pub":0.05,"acces_osm":null,"payant":"no","sud_canal":false,"a_verif":true,"motif_ver":"grande aire sans propriétaire personne morale : vérifier le foncier","cle":"osm:w50001962","revue":{"statut":"a_revoir"}}},{"type":"Feature","geometry":{"type":"Polygon","coordinates":[[[4.434022,43.748129],[4.434051,43.74805],[4.434106,43.748074],[4.434491,43.747582],[4.434437,43.747558],[4.434455,43.747515],[4.432851,43.74719],[4.432627,43.747818],[4.432729,43.74784],[4.432706,43.747905],[4.434022,43.748129]]]},"properties":{"id_pk":"PK_30258_003","nom":null,"insee":"30258","commune":"Saint-Gilles","source":"osm","id_source":"w525856519","surf_m2":9959.7,"nb_pl_est":275,"nb_pl_reel":null,"nb_places":275,"stat_auto":"prive","statut":null,"proprio":"pp","part_pub":0.0,"acces_osm":"private","payant":null,"sud_canal":false,"a_verif":true,"motif_ver":"grande aire sans propriétaire personne morale : vérifier le foncier","cle":"osm:w525856519","revue":{"statut":"a_revoir"}}},{"type":"Feature","geometry":{"type":"Polygon","coordinates":[[[4.422586,43.759935],[4.422631,43.759936],[4.422674,43.759938],[4.422705,43.759939],[4.422737,43.75994],[4.422769,43.759941],[4.422801,43.759942],[4.422833,43.759943],[4.422864,43.759944],[4.422896,43.759945],[4.422929,43.759946],[4.422907,43.760268],[4.423105,43.760306],[4.423283,43.759976],[4.423328,43.759213],[4.423334,43.759109],[4.423311,43.7591],[4.423215,43.758987],[4.422711,43.758902],[4.422596,43.758946],[4.422528,43.759014],[4.422483,43.75912],[4.422465,43.759829],[4.422553,43.75983],[4.42255,43.759892],[4.422548,43.759934],[4.422586,43.759935]]]},"properties":{"id_pk":"PK_30258_004","nom":null,"insee":"30258","commune":"Saint-Gilles","source":"osm","id_source":"w948258661","surf_m2":8120.5,"nb_pl_est":221,"nb_pl_reel":null,"nb_places":221,"stat_auto":"prive","statut":null,"proprio":"pp","part_pub":0.04,"acces_osm":"customers","payant":"yes","sud_canal":false,"a_verif":true,"motif_ver":"grande aire sans propriétaire personne morale : vérifier le foncier","cle":"osm:w948258661","revue":{"statut":"a_revoir"}}},{"type":"Feature","geometry":{"type":"Polygon","coordinates":[[[4.410655,43.762407],[4.410604,43.762405],[4.410102,43.762387],[4.410088,43.762386],[4.410046,43.763161],[4.410391,43.763524],[4.410472,43.763491],[4.410547,43.763457],[4.410558,43.7633],[4.410566,43.763186],[4.410654,43.763187],[4.410718,43.762409],[4.410655,43.762407]]]},"properties":{"id_pk":"PK_30258_005","nom":null,"insee":"30258","commune":"Saint-Gilles","source":"osm","id_source":"w957656367","surf_m2":5310.5,"nb_pl_est":142,"nb_pl_reel":null,"nb_places":142,"stat_auto":"prive","statut":null,"proprio":"pp","part_pub":0.03,"acces_osm":"private","payant":null,"sud_canal":false,"a_verif":true,"motif_ver":"grande aire sans propriétaire personne morale : vérifier le foncier","cle":"osm:w957656367","revue":{"statut":"a_revoir"}}},{"type":"Feature","geometry":{"type":"Polygon","coordinates":[[[4.411274,43.75138],[4.411282,43.751258],[4.411286,43.751195],[4.411507,43.751202],[4.411535,43.751203],[4.411555,43.750894],[4.411574,43.750605],[4.411578,43.750545],[4.41127,43.750534],[4.411012,43.750525],[4.410896,43.750521],[4.410876,43.750833],[4.410565,43.750822],[4.410562,43.75087],[4.410559,43.750911],[4.410679,43.750915],[4.410675,43.750965],[4.410854,43.750971],[4.410828,43.751365],[4.411274,43.75138]]]},"properties":{"id_pk":"PK_30258_006","nom":null,"insee":"30258","commune":"Saint-Gilles","source":"osm","id_source":"w561323948","surf_m2":5127.9,"nb_pl_est":137,"nb_pl_reel":null,"nb_places":137,"stat_auto":"prive","statut":null,"proprio":"pp","part_pub":0.0,"acces_osm":"private","payant":"yes","sud_canal":false,"a_verif":true,"motif_ver":"grande aire sans propriétaire personne morale : vérifier le foncier","cle":"osm:w561323948","revue":{"statut":"a_revoir"}}},{"type":"Feature","geometry":{"type":"Polygon","coordinates":[[[4.422873,43.763376],[4.422874,43.763351],[4.422886,43.763151],[4.422823,43.763151],[4.422823,43.763111],[4.422818,43.763111],[4.422782,43.763109],[4.42276,43.763108],[4.422729,43.763107],[4.422698,43.763106],[4.422667,43.763104],[4.422636,43.763103],[4.422606,43.763102],[4.422583,43.763101],[4.42255,43.763099],[4.422521,43.763098],[4.422491,43.763097],[4.422459,43.763096],[4.422429,43.763094],[4.422404,43.763093],[4.422374,43.763092],[4.422343,43.763091],[4.422282,43.763088],[4.42225,43.763087],[4.422225,43.763086],[4.42219,43.763084],[4.422185,43.763126],[4.422124,43.763122],[4.422116,43.763218],[4.422114,43.763248],[4.422102,43.763439],[4.422101,43.76346],[4.422099,43.763481],[4.422098,43.763501],[4.422097,43.763522],[4.422095,43.763542],[4.422094,43.763563],[4.422093,43.763584],[4.422091,43.763605],[4.42209,43.763625],[4.422089,43.763646],[4.422087,43.763667],[4.422086,43.763688],[4.422085,43.76371],[4.422083,43.763733],[4.422081,43.763777],[4.422145,43.763779],[4.422177,43.76378],[4.422209,43.763782],[4.422239,43.763783],[4.42227,43.763784],[4.422301,43.763785],[4.422331,43.763787],[4.422362,43.763788],[4.422393,43.763789],[4.422424,43.76379],[4.422456,43.763792],[4.422487,43.763793],[4.422518,43.763794],[4.422549,43.763795],[4.42258,43.763796],[4.422612,43.763798],[4.422642,43.763799],[4.422681,43.763756],[4.422695,43.763741],[4.422863,43.763479],[4.422873,43.763376]]]},"properties":{"id_pk":"PK_30258_007","nom":null,"insee":"30258","commune":"Saint-Gilles","source":"osm","id_source":"w543603902","surf_m2":4430.0,"nb_pl_est":118,"nb_pl_reel":null,"nb_places":118,"stat_auto":"prive","statut":null,"proprio":"pp","part_pub":0.0,"acces_osm":"customers","payant":"yes","sud_canal":false,"a_verif":true,"motif_ver":"grande aire sans propriétaire personne morale : vérifier le foncier","cle":"osm:w543603902","revue":{"statut":"a_revoir"}}},{"type":"Feature","geometry":{"type":"Polygon","coordinates":[[[4.429068,43.687141],[4.429242,43.686377],[4.428684,43.686261],[4.428536,43.686573],[4.428786,43.686753],[4.428698,43.68706],[4.429068,43.687141]]]},"properties":{"id_pk":"PK_30258_008","nom":null,"insee":"30258","commune":"Saint-Gilles","source":"osm","id_source":"w772046158","surf_m2":3455.0,"nb_pl_est":91,"nb_pl_reel":null,"nb_places":91,"stat_auto":"prive","statut":null,"proprio":"pp","part_pub":0.0,"acces_osm":"customers","payant":"no","sud_canal":false,"a_verif":false,"motif_ver":"","cle":"osm:w772046158","revue":{"statut":"a_revoir"}}},{"type":"Feature","geometry":{"type":"Polygon","coordinates":[[[4.421687,43.672221],[4.421923,43.672132],[4.422068,43.672062],[4.421633,43.671542],[4.421826,43.67146],[4.421778,43.67141],[4.421183,43.671651],[4.421274,43.671782],[4.421424,43.672015],[4.421521,43.672213],[4.421521,43.672302],[4.421687,43.672221]]]},"properties":{"id_pk":"PK_30258_009","nom":null,"insee":"30258","commune":"Saint-Gilles","source":"osm","id_source":"w219554646","surf_m2":3279.8,"nb_pl_est":86,"nb_pl_reel":null,"nb_places":86,"stat_auto":"prive","statut":null,"proprio":"pp","part_pub":0.06,"acces_osm":"customers","payant":"no","sud_canal":false,"a_verif":false,"motif_ver":"","cle":"osm:w219554646","revue":{"statut":"a_revoir"}}},{"type":"Feature","geometry":{"type":"Polygon","coordinates":[[[4.420433,43.670472],[4.420551,43.670624],[4.420589,43.670719],[4.420686,43.670698],[4.42074,43.670754],[4.42129,43.670519],[4.421239,43.670461],[4.421133,43.670325],[4.421041,43.670205],[4.420987,43.670135],[4.420678,43.670262],[4.420369,43.670389],[4.420433,43.670472]]]},"properties":{"id_pk":"PK_30258_010","nom":null,"insee":"30258","commune":"Saint-Gilles","source":"osm","id_source":"w219554647","surf_m2":2813.6,"nb_pl_est":74,"nb_pl_reel":null,"nb_places":74,"stat_auto":"prive","statut":null,"proprio":"pp","part_pub":0.0,"acces_osm":"customers","payant":"no","sud_canal":false,"a_verif":false,"motif_ver":"","cle":"osm:w219554647","revue":{"statut":"a_revoir"}}},{"type":"Feature","geometry":{"type":"Polygon","coordinates":[[[4.411249,43.75528],[4.41181,43.7553],[4.411846,43.754773],[4.411282,43.754751],[4.411249,43.75528]]]},"properties":{"id_pk":"PK_30258_011","nom":null,"insee":"30258","commune":"Saint-Gilles","source":"osm","id_source":"w974543189","surf_m2":2667.2,"nb_pl_est":70,"nb_pl_reel":null,"nb_places":70,"stat_auto":"prive","statut":null,"proprio":"pp","part_pub":0.0,"acces_osm":"private","payant":null,"sud_canal":false,"a_verif":false,"motif_ver":"","cle":"osm:w974543189","revue":{"statut":"a_revoir"}}},{"type":"Feature","geometry":{"type":"Polygon","coordinates":[[[4.421146,43.671084],[4.421318,43.671012],[4.421483,43.670945],[4.421705,43.670856],[4.421435,43.670537],[4.420851,43.670769],[4.420874,43.670798],[4.420826,43.670822],[4.42107,43.671112],[4.421146,43.671084]]]},"properties":{"id_pk":"PK_30258_012","nom":null,"insee":"30258","commune":"Saint-Gilles","source":"osm","id_source":"w219554645","surf_m2":2428.3,"nb_pl_est":64,"nb_pl_reel":null,"nb_places":64,"stat_auto":"prive","statut":null,"proprio":"pp","part_pub":0.0,"acces_osm":"customers","payant":"no","sud_canal":false,"a_verif":false,"motif_ver":"","cle":"osm:w219554645","revue":{"statut":"a_revoir"}}},{"type":"Feature","geometry":{"type":"Polygon","coordinates":[[[4.423368,43.758719],[4.423419,43.758187],[4.42349,43.758192],[4.423501,43.75809],[4.423349,43.758084],[4.423337,43.758192],[4.42294,43.758376],[4.422852,43.758444],[4.422833,43.758695],[4.423368,43.758719]]]},"properties":{"id_pk":"PK_30258_013","nom":null,"insee":"30258","commune":"Saint-Gilles","source":"osm","id_source":"w561044609","surf_m2":2164.8,"nb_pl_est":57,"nb_pl_reel":null,"nb_places":57,"stat_auto":"prive","statut":null,"proprio":"pp","part_pub":0.0,"acces_osm":"private","payant":null,"sud_canal":false,"a_verif":false,"motif_ver":"","cle":"osm:w561044609","revue":{"statut":"a_revoir"}}},{"type":"Feature","geometry":{"type":"Polygon","coordinates":[[[4.428255,43.687643],[4.428267,43.687623],[4.42832,43.687449],[4.428343,43.687454],[4.428359,43.687403],[4.428375,43.687342],[4.428635,43.687419],[4.428903,43.68747],[4.42889,43.687499],[4.428848,43.687636],[4.428569,43.687591],[4.428538,43.687593],[4.428529,43.687622],[4.428526,43.687634],[4.428507,43.687695],[4.428871,43.687768],[4.429011,43.687311],[4.428491,43.687217],[4.428299,43.687202],[4.428262,43.687229],[4.428048,43.687611],[4.428255,43.687643]]]},"properties":{"id_pk":"PK_30258_014","nom":null,"insee":"30258","commune":"Saint-Gilles","source":"osm","id_source":"w940724209","surf_m2":2091.2,"nb_pl_est":57,"nb_pl_reel":null,"nb_places":57,"stat_auto":"mixte","statut":null,"proprio":"pp","part_pub":0.29,"acces_osm":null,"payant":null,"sud_canal":false,"a_verif":true,"motif_ver":"foncier mixte (29% public)","cle":"osm:w940724209","revue":{"statut":"a_revoir"}}},{"type":"Feature","geometry":{"type":"Polygon","coordinates":[[[4.411737,43.756322],[4.411751,43.756082],[4.411819,43.756083],[4.411798,43.755985],[4.411798,43.755957],[4.411215,43.755937],[4.41117,43.755933],[4.411141,43.756302],[4.411737,43.756322]]]},"properties":{"id_pk":"PK_30258_015","nom":null,"insee":"30258","commune":"Saint-Gilles","source":"osm","id_source":"w974557580","surf_m2":2004.2,"nb_pl_est":55,"nb_pl_reel":null,"nb_places":55,"stat_auto":"prive","statut":null,"proprio":"pp","part_pub":0.0,"acces_osm":"private","payant":null,"sud_canal":false,"a_verif":false,"motif_ver":"","cle":"osm:w974557580","revue":{"statut":"a_revoir"}}},{"type":"Feature","geometry":{"type":"Polygon","coordinates":[[[4.408311,43.768194],[4.408189,43.767613],[4.408147,43.767607],[4.408116,43.76761],[4.408094,43.767671],[4.407898,43.767854],[4.408014,43.768333],[4.408003,43.768374],[4.408031,43.768409],[4.408058,43.768442],[4.408311,43.768194]]]},"properties":{"id_pk":"PK_30258_016","nom":null,"insee":"30258","commune":"Saint-Gilles","source":"osm","id_source":"w974679912","surf_m2":1829.5,"nb_pl_est":53,"nb_pl_reel":null,"nb_places":53,"stat_auto":"prive","statut":null,"proprio":"pp","part_pub":0.0,"acces_osm":"private","payant":null,"sud_canal":false,"a_verif":false,"motif_ver":"","cle":"osm:w974679912","revue":{"statut":"a_revoir"}}},{"type":"Feature","geometry":{"type":"Polygon","coordinates":[[[4.420633,43.765845],[4.420697,43.764999],[4.420463,43.76499],[4.4204,43.765835],[4.420633,43.765845]]]},"properties":{"id_pk":"PK_30258_017","nom":null,"insee":"30258","commune":"Saint-Gilles","source":"osm","id_source":"w725334035","surf_m2":1773.4,"nb_pl_est":52,"nb_pl_reel":null,"nb_places":52,"stat_auto":"prive","statut":null,"proprio":"pp","part_pub":0.16,"acces_osm":"permissive","payant":"no","sud_canal":false,"a_verif":true,"motif_ver":"foncier privé mais accès OSM « permissive »","cle":"osm:w725334035","revue":{"statut":"a_revoir"}}},{"type":"Feature","geometry":{"type":"Polygon","coordinates":[[[4.412659,43.675486],[4.412687,43.675693],[4.412874,43.67568],[4.412846,43.675469],[4.413309,43.675437],[4.41329,43.675297],[4.412191,43.675374],[4.412211,43.675518],[4.412659,43.675486]]]},"properties":{"id_pk":"PK_30258_018","nom":null,"insee":"30258","commune":"Saint-Gilles","source":"osm","id_source":"w604653874","surf_m2":1761.2,"nb_pl_est":52,"nb_pl_reel":null,"nb_places":52,"stat_auto":"prive","statut":null,"proprio":"pp","part_pub":0.0,"acces_osm":"private","payant":null,"sud_canal":false,"a_verif":false,"motif_ver":"","cle":"osm:w604653874","revue":{"statut":"a_revoir"}}},{"type":"Feature","geometry":{"type":"Polygon","coordinates":[[[4.411371,43.762074],[4.411051,43.762064],[4.411074,43.761828],[4.410897,43.761822],[4.410888,43.762024],[4.410842,43.762064],[4.410819,43.762335],[4.411348,43.762357],[4.411371,43.762074]]]},"properties":{"id_pk":"PK_30258_019","nom":null,"insee":"30258","commune":"Saint-Gilles","source":"osm","id_source":"w974769698","surf_m2":1700.1,"nb_pl_est":51,"nb_pl_reel":null,"nb_places":51,"stat_auto":"prive","statut":null,"proprio":"pp","part_pub":0.0,"acces_osm":"private","payant":null,"sud_canal":false,"a_verif":false,"motif_ver":"","cle":"osm:w974769698","revue":{"statut":"a_revoir"}}},{"type":"Feature","geometry":{"type":"Polygon","coordinates":[[[4.411494,43.761114],[4.411512,43.760848],[4.410822,43.760822],[4.4108,43.761088],[4.411494,43.761114]]]},"properties":{"id_pk":"PK_30258_020","nom":null,"insee":"30258","commune":"Saint-Gilles","source":"osm","id_source":"w974769700","surf_m2":1652.6,"nb_pl_est":51,"nb_pl_reel":null,"nb_places":51,"stat_auto":"prive","statut":null,"proprio":"pp","part_pub":0.0,"acces_osm":"private","payant":null,"sud_canal":false,"a_verif":false,"motif_ver":"","cle":"osm:w974769700","revue":{"statut":"a_revoir"}}},{"type":"Feature","geometry":{"type":"Polygon","coordinates":[[[4.434985,43.685019],[4.43485,43.684564],[4.434464,43.684583],[4.434582,43.685045],[4.434985,43.685019]]]},"properties":{"id_pk":"PK_30258_021","nom":null,"insee":"30258","commune":"Saint-Gilles","source":"osm","id_source":"w772045750","surf_m2":1646.5,"nb_pl_est":51,"nb_pl_reel":null,"nb_places":51,"stat_auto":"prive","statut":null,"proprio":"pp","part_pub":0.0,"acces_osm":null,"payant":null,"sud_canal":false,"a_verif":false,"motif_ver":"","cle":"osm:w772045750","revue":{"statut":"a_revoir"}}},{"type":"Feature","geometry":{"type":"Polygon","coordinates":[[[4.435989,43.683444],[4.436265,43.68361],[4.436297,43.683405],[4.436117,43.683391],[4.436143,43.683162],[4.435396,43.683099],[4.435388,43.683151],[4.435989,43.683444]]]},"properties":{"id_pk":"PK_30258_022","nom":null,"insee":"30258","commune":"Saint-Gilles","source":"osm","id_source":"w550738110","surf_m2":1590.9,"nb_pl_est":50,"nb_pl_reel":null,"nb_places":50,"stat_auto":"prive","statut":null,"proprio":"pp","part_pub":0.14,"acces_osm":null,"payant":null,"sud_canal":false,"a_verif":false,"motif_ver":"","cle":"osm:w550738110","revue":{"statut":"a_revoir"}}},{"type":"Feature","geometry":{"type":"Polygon","coordinates":[[[4.429611,43.751103],[4.429619,43.75105],[4.429568,43.750989],[4.429578,43.750948],[4.428528,43.750846],[4.428475,43.750989],[4.429611,43.751103]]]},"properties":{"id_pk":"PK_30258_023","nom":null,"insee":"30258","commune":"Saint-Gilles","source":"osm","id_source":"w1035328573","surf_m2":1470.2,"nb_pl_est":48,"nb_pl_reel":null,"nb_places":48,"stat_auto":"prive","statut":null,"proprio":"pp","part_pub":0.0,"acces_osm":null,"payant":null,"sud_canal":false,"a_verif":false,"motif_ver":"","cle":"osm:w1035328573","revue":{"statut":"a_revoir"}}},{"type":"Feature","geometry":{"type":"Polygon","coordinates":[[[4.400412,43.671232],[4.400417,43.671489],[4.400963,43.67152],[4.400981,43.671405],[4.401137,43.671369],[4.401236,43.671312],[4.400993,43.671289],[4.400412,43.671232]]]},"properties":{"id_pk":"PK_30258_024","nom":null,"insee":"30258","commune":"Saint-Gilles","source":"osm","id_source":"w92905583","surf_m2":1392.2,"nb_pl_est":46,"nb_pl_reel":null,"nb_places":46,"stat_auto":"prive","statut":null,"proprio":"pp","part_pub":0.0,"acces_osm":null,"payant":"no","sud_canal":false,"a_verif":false,"motif_ver":"","cle":"osm:w92905583","revue":{"statut":"a_revoir"}}},{"type":"Feature","geometry":{"type":"Polygon","coordinates":[[[4.412224,43.767383],[4.412138,43.767365],[4.412055,43.767368],[4.411977,43.76739],[4.411912,43.767429],[4.411887,43.767453],[4.411867,43.76748],[4.411847,43.767539],[4.411854,43.767599],[4.411887,43.767655],[4.411942,43.7677],[4.411967,43.767713],[4.412014,43.767731],[4.412057,43.76774],[4.412101,43.767743],[4.412189,43.767735],[4.412268,43.767705],[4.412329,43.767658],[4.412364,43.767599],[4.412371,43.767535],[4.412347,43.767473],[4.412296,43.767421],[4.412224,43.767383]]]},"properties":{"id_pk":"PK_30258_025","nom":null,"insee":"30258","commune":"Saint-Gilles","source":"osm","id_source":"w957656378","surf_m2":1378.4,"nb_pl_est":46,"nb_pl_reel":null,"nb_places":46,"stat_auto":"prive","statut":null,"proprio":"pp","part_pub":0.04,"acces_osm":null,"payant":null,"sud_canal":false,"a_verif":false,"motif_ver":"","cle":"osm:w957656378","revue":{"statut":"a_revoir"}}},{"type":"Feature","geometry":{"type":"Polygon","coordinates":[[[4.412208,43.768585],[4.412184,43.768573],[4.412125,43.76856],[4.412098,43.768555],[4.412015,43.768558],[4.411937,43.76858],[4.411872,43.768618],[4.411828,43.76867],[4.411808,43.768728],[4.411814,43.768788],[4.411847,43.768844],[4.411902,43.76889],[4.411974,43.76892],[4.412061,43.768933],[4.412149,43.768924],[4.412228,43.768895],[4.412289,43.768848],[4.412325,43.768789],[4.412331,43.768725],[4.412307,43.768663],[4.412256,43.76861],[4.412208,43.768585]]]},"properties":{"id_pk":"PK_30258_026","nom":null,"insee":"30258","commune":"Saint-Gilles","source":"osm","id_source":"w957656379","surf_m2":1376.2,"nb_pl_est":46,"nb_pl_reel":null,"nb_places":46,"stat_auto":"prive","statut":null,"proprio":"pp","part_pub":0.0,"acces_osm":null,"payant":null,"sud_canal":false,"a_verif":false,"motif_ver":"","cle":"osm:w957656379","revue":{"statut":"a_revoir"}}},{"type":"Feature","geometry":{"type":"Polygon","coordinates":[[[4.423723,43.758235],[4.423759,43.758253],[4.423955,43.758268],[4.424004,43.758289],[4.424196,43.758299],[4.424233,43.758322],[4.424408,43.758338],[4.424435,43.758153],[4.423527,43.758091],[4.423512,43.758211],[4.423723,43.758235]]]},"properties":{"id_pk":"PK_30258_027","nom":null,"insee":"30258","commune":"Saint-Gilles","source":"osm","id_source":"w169474150","surf_m2":1254.4,"nb_pl_est":44,"nb_pl_reel":null,"nb_places":44,"stat_auto":"prive","statut":null,"proprio":"pp","part_pub":0.0,"acces_osm":"private","payant":null,"sud_canal":false,"a_verif":false,"motif_ver":"","cle":"osm:w169474150","revue":{"statut":"a_revoir"}}},{"type":"Feature","geometry":{"type":"Polygon","coordinates":[[[4.43389,43.676318],[4.433737,43.676352],[4.433741,43.67649],[4.433932,43.676911],[4.434162,43.676847],[4.43389,43.676318]]]},"properties":{"id_pk":"PK_30258_028","nom":"Place Jean Jaurès","insee":"30258","commune":"Saint-Gilles","source":"osm","id_source":"w218624389","surf_m2":1147.1,"nb_pl_est":42,"nb_pl_reel":null,"nb_places":42,"stat_auto":"public","statut":null,"proprio":"domaine_public","part_pub":1.0,"acces_osm":null,"payant":null,"sud_canal":false,"a_verif":false,"motif_ver":"","cle":"osm:w218624389","revue":{"statut":"a_revoir"}}},{"type":"Feature","geometry":{"type":"Polygon","coordinates":[[[4.427086,43.762239],[4.427238,43.76228],[4.427335,43.762213],[4.427496,43.761977],[4.427619,43.761779],[4.427431,43.761709],[4.427086,43.762239]]]},"properties":{"id_pk":"PK_30258_029","nom":null,"insee":"30258","commune":"Saint-Gilles","source":"osm","id_source":"w168601405","surf_m2":1078.0,"nb_pl_est":40,"nb_pl_reel":null,"nb_places":40,"stat_auto":"prive","statut":null,"proprio":"pp","part_pub":0.02,"acces_osm":"yes","payant":"no","sud_canal":false,"a_verif":true,"motif_ver":"foncier privé mais accès OSM « yes »","cle":"osm:w168601405","revue":{"statut":"a_revoir"}}},{"type":"Feature","geometry":{"type":"Polygon","coordinates":[[[4.414594,43.676938],[4.414642,43.676934],[4.414648,43.676948],[4.414726,43.676939],[4.414722,43.676923],[4.414791,43.676914],[4.41468,43.676359],[4.414635,43.676366],[4.4146,43.676338],[4.414472,43.676349],[4.414594,43.676938]]]},"properties":{"id_pk":"PK_30258_030","nom":null,"insee":"30258","commune":"Saint-Gilles","source":"osm","id_source":"w561825773","surf_m2":1068.3,"nb_pl_est":40,"nb_pl_reel":null,"nb_places":40,"stat_auto":"prive","statut":null,"proprio":"pp","part_pub":0.0,"acces_osm":null,"payant":null,"sud_canal":false,"a_verif":false,"motif_ver":"","cle":"osm:w561825773","revue":{"statut":"a_revoir"}}},{"type":"Feature","geometry":{"type":"Polygon","coordinates":[[[4.426391,43.755408],[4.426405,43.755325],[4.426401,43.755227],[4.425854,43.755235],[4.4258,43.755283],[4.425725,43.755286],[4.425816,43.755416],[4.426391,43.755408]]]},"properties":{"id_pk":"PK_30258_031","nom":null,"insee":"30258","commune":"Saint-Gilles","source":"osm","id_source":"w603348764","surf_m2":996.6,"nb_pl_est":38,"nb_pl_reel":null,"nb_places":16,"stat_auto":"prive","statut":null,"proprio":"pp","part_pub":0.0,"acces_osm":null,"payant":null,"sud_canal":false,"a_verif":false,"motif_ver":"","cle":"osm:w603348764","revue":{"statut":"a_revoir"}}},{"type":"Feature","geometry":{"type":"Polygon","coordinates":[[[4.435733,43.676324],[4.436009,43.676575],[4.436155,43.676476],[4.436099,43.676424],[4.435694,43.676049],[4.43553,43.676121],[4.435733,43.676324]]]},"properties":{"id_pk":"PK_30258_032","nom":null,"insee":"30258","commune":"Saint-Gilles","source":"osm","id_source":"w218629241","surf_m2":993.5,"nb_pl_est":38,"nb_pl_reel":null,"nb_places":38,"stat_auto":"prive","statut":null,"proprio":"pp","part_pub":0.0,"acces_osm":"private","payant":null,"sud_canal":false,"a_verif":false,"motif_ver":"","cle":"osm:w218629241","revue":{"statut":"a_revoir"}}},{"type":"Feature","geometry":{"type":"Polygon","coordinates":[[[4.427219,43.761558],[4.426922,43.761513],[4.426804,43.761798],[4.426954,43.761924],[4.427069,43.761943],[4.427101,43.761833],[4.427219,43.761558]]]},"properties":{"id_pk":"PK_30258_033","nom":null,"insee":"30258","commune":"Saint-Gilles","source":"osm","id_source":"w168601410","surf_m2":991.9,"nb_pl_est":38,"nb_pl_reel":null,"nb_places":38,"stat_auto":"prive","statut":null,"proprio":"pp","part_pub":0.18,"acces_osm":"yes","payant":"no","sud_canal":false,"a_verif":true,"motif_ver":"foncier privé mais accès OSM « yes »","cle":"osm:w168601410","revue":{"statut":"a_revoir"}}},{"type":"Feature","geometry":{"type":"Polygon","coordinates":[[[4.413647,43.67605],[4.413639,43.67599],[4.414061,43.675962],[4.414044,43.675827],[4.413673,43.675852],[4.41366,43.675747],[4.413477,43.675759],[4.413515,43.676058],[4.413647,43.67605]]]},"properties":{"id_pk":"PK_30258_034","nom":null,"insee":"30258","commune":"Saint-Gilles","source":"osm","id_source":"w604653875","surf_m2":920.3,"nb_pl_est":36,"nb_pl_reel":null,"nb_places":36,"stat_auto":"prive","statut":null,"proprio":"pp","part_pub":0.0,"acces_osm":"private","payant":null,"sud_canal":false,"a_verif":false,"motif_ver":"","cle":"osm:w604653875","revue":{"statut":"a_revoir"}}},{"type":"Feature","geometry":{"type":"Polygon","coordinates":[[[4.421369,43.763469],[4.421344,43.763785],[4.421642,43.763797],[4.421667,43.763481],[4.421369,43.763469]]]},"properties":{"id_pk":"PK_30258_035","nom":null,"insee":"30258","commune":"Saint-Gilles","source":"osm","id_source":"w974654218","surf_m2":844.0,"nb_pl_est":34,"nb_pl_reel":null,"nb_places":34,"stat_auto":"prive","statut":null,"proprio":"pp","part_pub":0.0,"acces_osm":"private","payant":null,"sud_canal":false,"a_verif":false,"motif_ver":"","cle":"osm:w974654218","revue":{"statut":"a_revoir"}}},{"type":"Feature","geometry":{"type":"Polygon","coordinates":[[[4.433452,43.680753],[4.433305,43.680569],[4.433139,43.68064],[4.433011,43.680744],[4.433121,43.680903],[4.433452,43.680753]]]},"properties":{"id_pk":"PK_30258_036","nom":null,"insee":"30258","commune":"Saint-Gilles","source":"osm","id_source":"w562015795","surf_m2":704.7,"nb_pl_est":30,"nb_pl_reel":null,"nb_places":30,"stat_auto":"mixte","statut":null,"proprio":"pp","part_pub":0.23,"acces_osm":null,"payant":null,"sud_canal":false,"a_verif":true,"motif_ver":"foncier mixte (23% public)","cle":"osm:w562015795","revue":{"statut":"a_revoir"}}},{"type":"Feature","geometry":{"type":"Polygon","coordinates":[[[4.433199,43.676585],[4.433189,43.676315],[4.432937,43.676294],[4.432953,43.676532],[4.433016,43.676586],[4.433199,43.676585]]]},"properties":{"id_pk":"PK_30258_037","nom":null,"insee":"30258","commune":"Saint-Gilles","source":"osm","id_source":"w753738285","surf_m2":608.8,"nb_pl_est":27,"nb_pl_reel":null,"nb_places":27,"stat_auto":"public","statut":null,"proprio":"domaine_public","part_pub":1.0,"acces_osm":"yes","payant":"no","sud_canal":false,"a_verif":false,"motif_ver":"","cle":"osm:w753738285","revue":{"statut":"a_revoir"}}},{"type":"Feature","geometry":{"type":"Polygon","coordinates":[[[4.431654,43.671168],[4.431597,43.671323],[4.431907,43.671396],[4.432048,43.671211],[4.431654,43.671168]]]},"properties":{"id_pk":"PK_30258_038","nom":null,"insee":"30258","commune":"Saint-Gilles","source":"osm","id_source":"w831685928","surf_m2":587.1,"nb_pl_est":26,"nb_pl_reel":null,"nb_places":26,"stat_auto":"prive","statut":null,"proprio":"pp","part_pub":0.0,"acces_osm":null,"payant":null,"sud_canal":false,"a_verif":false,"motif_ver":"","cle":"osm:w831685928","revue":{"statut":"a_revoir"}}},{"type":"Feature","geometry":{"type":"Polygon","coordinates":[[[4.43386,43.681973],[4.43388,43.681827],[4.433561,43.681806],[4.433548,43.681879],[4.433406,43.681865],[4.433331,43.681859],[4.433321,43.681934],[4.43386,43.681973]]]},"properties":{"id_pk":"PK_30258_039","nom":null,"insee":"30258","commune":"Saint-Gilles","source":"osm","id_source":"w219564752","surf_m2":564.4,"nb_pl_est":25,"nb_pl_reel":null,"nb_places":25,"stat_auto":"prive","statut":null,"proprio":"pp","part_pub":0.0,"acces_osm":null,"payant":null,"sud_canal":false,"a_verif":false,"motif_ver":"","cle":"osm:w219564752","revue":{"statut":"a_revoir"}}},{"type":"Feature","geometry":{"type":"Polygon","coordinates":[[[4.431711,43.747486],[4.431727,43.747442],[4.431874,43.747473],[4.431914,43.747376],[4.431523,43.747293],[4.431508,43.747334],[4.431441,43.74732],[4.431421,43.747372],[4.431457,43.747379],[4.431437,43.747433],[4.431711,43.747486]]]},"properties":{"id_pk":"PK_30258_040","nom":null,"insee":"30258","commune":"Saint-Gilles","source":"osm","id_source":"w525856500","surf_m2":525.2,"nb_pl_est":24,"nb_pl_reel":null,"nb_places":24,"stat_auto":"prive","statut":null,"proprio":"pp","part_pub":0.0,"acces_osm":null,"payant":null,"sud_canal":false,"a_verif":false,"motif_ver":"","cle":"osm:w525856500","revue":{"statut":"a_revoir"}}},{"type":"Feature","geometry":{"type":"Polygon","coordinates":[[[4.420232,43.765807],[4.420294,43.764995],[4.420226,43.764993],[4.420165,43.765805],[4.420232,43.765807]]]},"properties":{"id_pk":"PK_30258_041","nom":null,"insee":"30258","commune":"Saint-Gilles","source":"osm","id_source":"w725334039","surf_m2":490.3,"nb_pl_est":22,"nb_pl_reel":null,"nb_places":22,"stat_auto":"prive","statut":null,"proprio":"pp","part_pub":0.0,"acces_osm":"permissive","payant":"no","sud_canal":false,"a_verif":true,"motif_ver":"foncier privé mais accès OSM « permissive »","cle":"osm:w725334039","revue":{"statut":"a_revoir"}}},{"type":"Feature","geometry":{"type":"Polygon","coordinates":[[[4.428656,43.685808],[4.428811,43.685574],[4.428618,43.685518],[4.428482,43.685762],[4.428656,43.685808]]]},"properties":{"id_pk":"PK_30258_042","nom":null,"insee":"30258","commune":"Saint-Gilles","source":"osm","id_source":"w940724203","surf_m2":458.7,"nb_pl_est":21,"nb_pl_reel":null,"nb_places":21,"stat_auto":"prive","statut":null,"proprio":"pp","part_pub":0.0,"acces_osm":null,"payant":null,"sud_canal":false,"a_verif":false,"motif_ver":"","cle":"osm:w940724203","revue":{"statut":"a_revoir"}}},{"type":"Feature","geometry":{"type":"Polygon","coordinates":[[[4.42183,43.765105],[4.421915,43.764912],[4.42162,43.764911],[4.42161,43.765041],[4.421607,43.765087],[4.42183,43.765105]]]},"properties":{"id_pk":"PK_30258_043","nom":"autocars","insee":"30258","commune":"Saint-Gilles","source":"osm","id_source":"w974661437","surf_m2":432.2,"nb_pl_est":20,"nb_pl_reel":null,"nb_places":20,"stat_auto":"prive","statut":null,"proprio":"pp","part_pub":0.0,"acces_osm":"private","payant":null,"sud_canal":false,"a_verif":false,"motif_ver":"","cle":"osm:w974661437","revue":{"statut":"a_revoir"}}},{"type":"Feature","geometry":{"type":"Polygon","coordinates":[[[4.408556,43.754371],[4.408263,43.754356],[4.408249,43.754504],[4.408542,43.754518],[4.408556,43.754371]]]},"properties":{"id_pk":"PK_30258_044","nom":null,"insee":"30258","commune":"Saint-Gilles","source":"osm","id_source":"w975272129","surf_m2":388.6,"nb_pl_est":18,"nb_pl_reel":null,"nb_places":18,"stat_auto":"prive","statut":null,"proprio":"pp","part_pub":0.0,"acces_osm":"private","payant":null,"sud_canal":false,"a_verif":false,"motif_ver":"","cle":"osm:w975272129","revue":{"statut":"a_revoir"}}},{"type":"Feature","geometry":{"type":"Polygon","coordinates":[[[4.429873,43.752914],[4.429886,43.752866],[4.429044,43.752788],[4.429028,43.752839],[4.429873,43.752914]]]},"properties":{"id_pk":"PK_30258_045","nom":null,"insee":"30258","commune":"Saint-Gilles","source":"osm","id_source":"w948258656","surf_m2":383.5,"nb_pl_est":18,"nb_pl_reel":null,"nb_places":18,"stat_auto":"prive","statut":null,"proprio":"pp","part_pub":0.0,"acces_osm":"private","payant":null,"sud_canal":false,"a_verif":false,"motif_ver":"","cle":"osm:w948258656","revue":{"statut":"a_revoir"}}},{"type":"Feature","geometry":{"type":"Polygon","coordinates":[[[4.429434,43.682829],[4.429776,43.682833],[4.429776,43.682799],[4.42981,43.682753],[4.429812,43.682722],[4.429459,43.682721],[4.429459,43.682741],[4.429425,43.682792],[4.429434,43.682829]]]},"properties":{"id_pk":"PK_30258_046","nom":null,"insee":"30258","commune":"Saint-Gilles","source":"osm","id_source":"w817986808","surf_m2":344.5,"nb_pl_est":17,"nb_pl_reel":null,"nb_places":17,"stat_auto":"prive","statut":null,"proprio":"pp","part_pub":0.18,"acces_osm":null,"payant":null,"sud_canal":false,"a_verif":false,"motif_ver":"","cle":"osm:w817986808","revue":{"statut":"a_revoir"}}},{"type":"Feature","geometry":{"type":"Polygon","coordinates":[[[4.429727,43.683341],[4.429729,43.683314],[4.42985,43.683317],[4.429859,43.683146],[4.429792,43.683145],[4.429714,43.683138],[4.429654,43.683139],[4.429651,43.683339],[4.429727,43.683341]]]},"properties":{"id_pk":"PK_30258_047","nom":null,"insee":"30258","commune":"Saint-Gilles","source":"osm","id_source":"w817986811","surf_m2":331.4,"nb_pl_est":16,"nb_pl_reel":null,"nb_places":16,"stat_auto":"prive","statut":null,"proprio":"pp","part_pub":0.0,"acces_osm":"yes","payant":"no","sud_canal":false,"a_verif":true,"motif_ver":"foncier privé mais accès OSM « yes »","cle":"osm:w817986811","revue":{"statut":"a_revoir"}}},{"type":"Feature","geometry":{"type":"Polygon","coordinates":[[[4.410826,43.67325],[4.410851,43.67312],[4.410588,43.673103],[4.410571,43.673145],[4.410561,43.673228],[4.410826,43.67325]]]},"properties":{"id_pk":"PK_30258_048","nom":null,"insee":"30258","commune":"Saint-Gilles","source":"osm","id_source":"w604653885","surf_m2":311.7,"nb_pl_est":15,"nb_pl_reel":null,"nb_places":15,"stat_auto":"prive","statut":null,"proprio":"pp","part_pub":0.0,"acces_osm":null,"payant":null,"sud_canal":false,"a_verif":false,"motif_ver":"","cle":"osm:w604653885","revue":{"statut":"a_revoir"}}},{"type":"Feature","geometry":{"type":"Polygon","coordinates":[[[4.432301,43.678512],[4.432229,43.678616],[4.432338,43.678648],[4.432308,43.678717],[4.432372,43.678736],[4.432484,43.678552],[4.432413,43.678493],[4.432301,43.678512]]]},"properties":{"id_pk":"PK_30258_049","nom":"Place Danton","insee":"30258","commune":"Saint-Gilles","source":"osm","id_source":"w1033380380","surf_m2":296.5,"nb_pl_est":15,"nb_pl_reel":null,"nb_places":15,"stat_auto":"prive","statut":null,"proprio":"pp","part_pub":0.04,"acces_osm":null,"payant":null,"sud_canal":false,"a_verif":false,"motif_ver":"","cle":"osm:w1033380380","revue":{"statut":"a_revoir"}}},{"type":"Feature","geometry":{"type":"Polygon","coordinates":[[[4.452113,43.671523],[4.45231,43.671442],[4.452226,43.671335],[4.452029,43.671415],[4.452113,43.671523]]]},"properties":{"id_pk":"PK_30258_050","nom":null,"insee":"30258","commune":"Saint-Gilles","source":"osm","id_source":"w1307280989","surf_m2":249.6,"nb_pl_est":12,"nb_pl_reel":null,"nb_places":12,"stat_auto":"prive","statut":null,"proprio":"pp","part_pub":0.0,"acces_osm":"private","payant":null,"sud_canal":true,"a_verif":true,"motif_ver":"capacité proche du seuil de 10 places","cle":"osm:w1307280989","revue":{"statut":"a_revoir"}}},{"type":"Feature","geometry":{"type":"Polygon","coordinates":[[[4.419342,43.677937],[4.419175,43.677619],[4.419114,43.677635],[4.419281,43.677953],[4.419342,43.677937]]]},"properties":{"id_pk":"PK_30258_051","nom":null,"insee":"30258","commune":"Saint-Gilles","source":"osm","id_source":"w561826499","surf_m2":196.2,"nb_pl_est":10,"nb_pl_reel":null,"nb_places":10,"stat_auto":"prive","statut":null,"proprio":"pp","part_pub":0.0,"acces_osm":null,"payant":null,"sud_canal":false,"a_verif":true,"motif_ver":"capacité proche du seuil de 10 places","cle":"osm:w561826499","revue":{"statut":"a_revoir"}}},{"type":"Feature","geometry":{"type":"Polygon","coordinates":[[[4.193077,43.624869],[4.194112,43.625014],[4.194288,43.624743],[4.194492,43.624816],[4.194782,43.624337],[4.193776,43.624199],[4.19339,43.624146],[4.193077,43.624869]]]},"properties":{"id_pk":"PK_30276_001","nom":"Camargue hivernage","insee":"30276","commune":"Saint-Laurent-d'Aigouze","source":"osm","id_source":"w1016726921","surf_m2":8618.1,"nb_pl_est":235,"nb_pl_reel":null,"nb_places":235,"stat_auto":"prive","statut":null,"proprio":"pp","part_pub":0.0,"acces_osm":"private","payant":null,"sud_canal":false,"a_verif":true,"motif_ver":"grande aire sans propriétaire personne morale : vérifier le foncier","cle":"osm:w1016726921","revue":{"statut":"a_revoir"}}},{"type":"Feature","geometry":{"type":"Polygon","coordinates":[[[4.19245,43.624557],[4.192441,43.624651],[4.19255,43.62484],[4.19262,43.624854],[4.192805,43.624889],[4.192939,43.624915],[4.192982,43.624809],[4.193291,43.624042],[4.1932,43.624031],[4.193119,43.624021],[4.193009,43.624008],[4.192604,43.623958],[4.192527,43.623948],[4.192508,43.623947],[4.19245,43.624557]]]},"properties":{"id_pk":"PK_30276_002","nom":"Camargue hivernage","insee":"30276","commune":"Saint-Laurent-d'Aigouze","source":"osm","id_source":"w1016726922","surf_m2":5164.9,"nb_pl_est":138,"nb_pl_reel":null,"nb_places":138,"stat_auto":"prive","statut":null,"proprio":"pp","part_pub":0.0,"acces_osm":"private","payant":null,"sud_canal":false,"a_verif":true,"motif_ver":"grande aire sans propriétaire personne morale : vérifier le foncier","cle":"osm:w1016726922","revue":{"statut":"a_revoir"}}},{"type":"Feature","geometry":{"type":"Polygon","coordinates":[[[4.19218,43.629479],[4.192327,43.629236],[4.192269,43.629215],[4.192342,43.629101],[4.192405,43.629122],[4.192639,43.628774],[4.192681,43.628708],[4.19261,43.628683],[4.192539,43.628659],[4.192139,43.628523],[4.192114,43.628592],[4.191972,43.628977],[4.191945,43.629028],[4.191777,43.629347],[4.19218,43.629479]]]},"properties":{"id_pk":"PK_30276_003","nom":null,"insee":"30276","commune":"Saint-Laurent-d'Aigouze","source":"osm","id_source":"w161764836","surf_m2":3767.2,"nb_pl_est":100,"nb_pl_reel":null,"nb_places":100,"stat_auto":"prive","statut":null,"proprio":"pp","part_pub":0.0,"acces_osm":"customers","payant":"no","sud_canal":false,"a_verif":true,"motif_ver":"grande aire sans propriétaire personne morale : vérifier le foncier","cle":"osm:w161764836","revue":{"statut":"a_revoir"}}},{"type":"Feature","geometry":{"type":"Polygon","coordinates":[[[4.196225,43.637756],[4.196208,43.637496],[4.19475,43.637589],[4.194702,43.637629],[4.194686,43.63766],[4.195023,43.637828],[4.196225,43.637756]]]},"properties":{"id_pk":"PK_30276_004","nom":null,"insee":"30276","commune":"Saint-Laurent-d'Aigouze","source":"osm","id_source":"w1041553053","surf_m2":3246.7,"nb_pl_est":86,"nb_pl_reel":null,"nb_places":86,"stat_auto":"prive","statut":null,"proprio":"pp","part_pub":0.01,"acces_osm":null,"payant":null,"sud_canal":false,"a_verif":false,"motif_ver":"","cle":"osm:w1041553053","revue":{"statut":"a_revoir"}}},{"type":"Feature","geometry":{"type":"Polygon","coordinates":[[[4.259396,43.58158],[4.25953,43.581091],[4.258992,43.581005],[4.258897,43.581629],[4.259396,43.58158]]]},"properties":{"id_pk":"PK_30276_005","nom":"Aire","insee":"30276","commune":"Saint-Laurent-d'Aigouze","source":"osm","id_source":"w1308560222","surf_m2":2610.3,"nb_pl_est":69,"nb_pl_reel":null,"nb_places":69,"stat_auto":"prive","statut":null,"proprio":"pp","part_pub":0.0,"acces_osm":"yes","payant":"no","sud_canal":true,"a_verif":true,"motif_ver":"foncier privé mais accès OSM « yes »","cle":"osm:w1308560222","revue":{"statut":"a_revoir"}}},{"type":"Feature","geometry":{"type":"Polygon","coordinates":[[[4.194793,43.634292],[4.194807,43.634347],[4.194817,43.634388],[4.194854,43.634471],[4.194906,43.634584],[4.194963,43.634629],[4.195073,43.634715],[4.195431,43.634582],[4.195576,43.63451],[4.195517,43.634459],[4.19551,43.634486],[4.195516,43.634491],[4.195508,43.634496],[4.1955,43.634492],[4.195476,43.634497],[4.195462,43.634498],[4.195443,43.634497],[4.195439,43.634501],[4.195428,43.634496],[4.19543,43.63449],[4.195407,43.63448],[4.195399,43.634482],[4.195391,43.634477],[4.19538,43.634486],[4.195354,43.63447],[4.195337,43.634463],[4.195319,43.634451],[4.195311,43.634456],[4.195302,43.634449],[4.195307,43.634443],[4.19526,43.634411],[4.195252,43.634414],[4.19524,43.634403],[4.195244,43.634399],[4.1952,43.634367],[4.195193,43.634371],[4.19518,43.634361],[4.195185,43.634358],[4.195155,43.634335],[4.195146,43.634338],[4.195136,43.634331],[4.195096,43.634287],[4.195012,43.634214],[4.19495,43.634117],[4.194734,43.634191],[4.194793,43.634292]]]},"properties":{"id_pk":"PK_30276_006","nom":null,"insee":"30276","commune":"Saint-Laurent-d'Aigouze","source":"osm","id_source":"w795636579","surf_m2":1910.3,"nb_pl_est":54,"nb_pl_reel":null,"nb_places":54,"stat_auto":"public","statut":null,"proprio":"domaine_public","part_pub":1.0,"acces_osm":"yes","payant":null,"sud_canal":false,"a_verif":false,"motif_ver":"","cle":"osm:w795636579","revue":{"statut":"a_revoir"}}},{"type":"Feature","geometry":{"type":"Polygon","coordinates":[[[4.19099,43.63003],[4.191068,43.629855],[4.190744,43.629764],[4.19071,43.629703],[4.190863,43.629387],[4.190714,43.629364],[4.190664,43.629471],[4.190583,43.629458],[4.190502,43.629675],[4.190502,43.629777],[4.190601,43.629895],[4.190721,43.629934],[4.19099,43.63003]]]},"properties":{"id_pk":"PK_30276_007","nom":null,"insee":"30276","commune":"Saint-Laurent-d'Aigouze","source":"osm","id_source":"w965186062","surf_m2":1488.1,"nb_pl_est":48,"nb_pl_reel":null,"nb_places":48,"stat_auto":"prive","statut":null,"proprio":"pp","part_pub":0.0,"acces_osm":null,"payant":null,"sud_canal":false,"a_verif":false,"motif_ver":"","cle":"osm:w965186062","revue":{"statut":"a_revoir"}}},{"type":"Feature","geometry":{"type":"Polygon","coordinates":[[[4.193138,43.631281],[4.193065,43.631321],[4.193079,43.631335],[4.193307,43.631558],[4.19363,43.631874],[4.193735,43.631818],[4.193809,43.631778],[4.193543,43.631519],[4.193498,43.631543],[4.193443,43.631489],[4.193389,43.631437],[4.193432,43.631414],[4.19324,43.631226],[4.193138,43.631281]]]},"properties":{"id_pk":"PK_30276_008","nom":null,"insee":"30276","commune":"Saint-Laurent-d'Aigouze","source":"osm","id_source":"w404388761","surf_m2":1296.9,"nb_pl_est":45,"nb_pl_reel":null,"nb_places":45,"stat_auto":"public","statut":null,"proprio":"domaine_public","part_pub":0.93,"acces_osm":null,"payant":null,"sud_canal":false,"a_verif":false,"motif_ver":"","cle":"osm:w404388761","revue":{"statut":"a_revoir"}}},{"type":"Feature","geometry":{"type":"Polygon","coordinates":[[[4.210191,43.589959],[4.210146,43.589957],[4.210096,43.589881],[4.210124,43.589832],[4.210183,43.589797],[4.210164,43.589717],[4.210013,43.589733],[4.209999,43.589695],[4.21015,43.589683],[4.210133,43.589558],[4.209952,43.589562],[4.209952,43.589529],[4.210158,43.589527],[4.210156,43.589479],[4.210265,43.589461],[4.210262,43.589433],[4.210258,43.589403],[4.210143,43.589433],[4.210015,43.589454],[4.20992,43.589427],[4.209839,43.589472],[4.209918,43.589671],[4.210014,43.589846],[4.210143,43.590083],[4.210191,43.589959]]]},"properties":{"id_pk":"PK_30276_009","nom":"Parking de la Tour Carbonnière","insee":"30276","commune":"Saint-Laurent-d'Aigouze","source":"osm","id_source":"w287371850","surf_m2":947.4,"nb_pl_est":37,"nb_pl_reel":null,"nb_places":37,"stat_auto":"public","statut":null,"proprio":"domaine_public","part_pub":1.0,"acces_osm":"yes","payant":"no","sud_canal":false,"a_verif":false,"motif_ver":"","cle":"osm:w287371850","revue":{"statut":"a_revoir"}}},{"type":"Feature","geometry":{"type":"Polygon","coordinates":[[[4.193442,43.636822],[4.193488,43.636815],[4.193379,43.636433],[4.193369,43.636399],[4.193184,43.636427],[4.193303,43.636843],[4.193442,43.636822]]]},"properties":{"id_pk":"PK_30276_010","nom":null,"insee":"30276","commune":"Saint-Laurent-d'Aigouze","source":"osm","id_source":"w928879988","surf_m2":720.4,"nb_pl_est":30,"nb_pl_reel":null,"nb_places":30,"stat_auto":"prive","statut":null,"proprio":"pp","part_pub":0.0,"acces_osm":"yes","payant":"no","sud_canal":false,"a_verif":true,"motif_ver":"foncier privé mais accès OSM « yes »","cle":"osm:w928879988","revue":{"statut":"a_revoir"}}},{"type":"Feature","geometry":{"type":"Polygon","coordinates":[[[4.195164,43.63354],[4.195215,43.633547],[4.195314,43.633671],[4.195356,43.633738],[4.195377,43.633768],[4.195487,43.633738],[4.1952,43.63342],[4.195184,43.633427],[4.195134,43.633504],[4.195164,43.63354]]]},"properties":{"id_pk":"PK_30276_011","nom":null,"insee":"30276","commune":"Saint-Laurent-d'Aigouze","source":"osm","id_source":"w1273145703","surf_m2":319.4,"nb_pl_est":16,"nb_pl_reel":null,"nb_places":16,"stat_auto":"prive","statut":null,"proprio":"pp","part_pub":0.0,"acces_osm":"private","payant":"no","sud_canal":false,"a_verif":false,"motif_ver":"","cle":"osm:w1273145703","revue":{"statut":"a_revoir"}}},{"type":"Feature","geometry":{"type":"Polygon","coordinates":[[[4.234966,43.583769],[4.234928,43.583719],[4.234449,43.583889],[4.234484,43.583937],[4.234966,43.583769]]]},"properties":{"id_pk":"PK_30276_012","nom":null,"insee":"30276","commune":"Saint-Laurent-d'Aigouze","source":"osm","id_source":"w288760963","surf_m2":269.5,"nb_pl_est":13,"nb_pl_reel":null,"nb_places":13,"stat_auto":"prive","statut":null,"proprio":"pp","part_pub":0.0,"acces_osm":null,"payant":null,"sud_canal":true,"a_verif":true,"motif_ver":"capacité proche du seuil de 10 places","cle":"osm:w288760963","revue":{"statut":"a_revoir"}}},{"type":"Feature","geometry":{"type":"Polygon","coordinates":[[[4.565064,43.916815],[4.565289,43.916199],[4.564879,43.916143],[4.56469,43.916775],[4.565064,43.916815]]]},"properties":{"id_pk":"PK_30317_001","nom":null,"insee":"30317","commune":"Sernhac","source":"osm","id_source":"w1395890018","surf_m2":2271.6,"nb_pl_est":59,"nb_pl_reel":null,"nb_places":59,"stat_auto":"prive","statut":null,"proprio":"pp","part_pub":0.0,"acces_osm":null,"payant":null,"sud_canal":false,"a_verif":false,"motif_ver":"","cle":"osm:w1395890018","revue":{"statut":"a_revoir"}}},{"type":"Feature","geometry":{"type":"Polygon","coordinates":[[[4.554609,43.917556],[4.554282,43.917528],[4.553887,43.917627],[4.553945,43.917701],[4.553999,43.917771],[4.554853,43.917694],[4.554609,43.917556]]]},"properties":{"id_pk":"PK_30317_002","nom":null,"insee":"30317","commune":"Sernhac","source":"osm","id_source":"w921032584","surf_m2":1302.8,"nb_pl_est":45,"nb_pl_reel":null,"nb_places":45,"stat_auto":"prive","statut":null,"proprio":"pp","part_pub":0.15,"acces_osm":null,"payant":"no","sud_canal":false,"a_verif":false,"motif_ver":"","cle":"osm:w921032584","revue":{"statut":"a_revoir"}}},{"type":"Feature","geometry":{"type":"Polygon","coordinates":[[[4.549417,43.91138],[4.549522,43.911649],[4.549714,43.911621],[4.549702,43.911575],[4.54975,43.911573],[4.549872,43.911523],[4.549883,43.911564],[4.549963,43.911449],[4.549798,43.911475],[4.549655,43.911337],[4.549417,43.91138]]]},"properties":{"id_pk":"PK_30317_003","nom":null,"insee":"30317","commune":"Sernhac","source":"osm","id_source":"w1395889999","surf_m2":804.6,"nb_pl_est":33,"nb_pl_reel":null,"nb_places":33,"stat_auto":"prive","statut":null,"proprio":"pp","part_pub":0.0,"acces_osm":null,"payant":null,"sud_canal":false,"a_verif":false,"motif_ver":"","cle":"osm:w1395889999","revue":{"statut":"a_revoir"}}},{"type":"Feature","geometry":{"type":"Polygon","coordinates":[[[4.552169,43.911546],[4.552104,43.911456],[4.551943,43.91146],[4.55185,43.911423],[4.551778,43.911391],[4.551707,43.911304],[4.551637,43.911321],[4.551773,43.911567],[4.551826,43.911658],[4.552169,43.911546]]]},"properties":{"id_pk":"PK_30317_004","nom":"Place des Planets","insee":"30317","commune":"Sernhac","source":"osm","id_source":"w155340127","surf_m2":677.9,"nb_pl_est":29,"nb_pl_reel":null,"nb_places":29,"stat_auto":"public","statut":null,"proprio":"domaine_public","part_pub":0.79,"acces_osm":null,"payant":null,"sud_canal":false,"a_verif":false,"motif_ver":"","cle":"osm:w155340127","revue":{"statut":"a_revoir"}}},{"type":"Feature","geometry":{"type":"Polygon","coordinates":[[[4.550182,43.911175],[4.55015,43.911093],[4.550054,43.911099],[4.550039,43.911069],[4.549965,43.911081],[4.549928,43.910982],[4.549781,43.911047],[4.549887,43.911214],[4.550182,43.911175]]]},"properties":{"id_pk":"PK_30317_005","nom":null,"insee":"30317","commune":"Sernhac","source":"osm","id_source":"w120339165","surf_m2":424.1,"nb_pl_est":20,"nb_pl_reel":null,"nb_places":20,"stat_auto":"prive","statut":null,"proprio":"pp","part_pub":0.0,"acces_osm":null,"payant":null,"sud_canal":false,"a_verif":false,"motif_ver":"","cle":"osm:w120339165","revue":{"statut":"a_revoir"}}},{"type":"Feature","geometry":{"type":"Polygon","coordinates":[[[4.565277,43.916956],[4.565366,43.916627],[4.565296,43.916618],[4.565211,43.916659],[4.565132,43.916938],[4.565277,43.916956]]]},"properties":{"id_pk":"PK_30317_006","nom":null,"insee":"30317","commune":"Sernhac","source":"osm","id_source":"w1308453777","surf_m2":418.1,"nb_pl_est":20,"nb_pl_reel":null,"nb_places":20,"stat_auto":"prive","statut":null,"proprio":"pp","part_pub":0.0,"acces_osm":"customers","payant":"no","sud_canal":false,"a_verif":false,"motif_ver":"","cle":"osm:w1308453777","revue":{"statut":"a_revoir"}}},{"type":"Feature","geometry":{"type":"Polygon","coordinates":[[[4.553019,43.91171],[4.552949,43.911615],[4.552957,43.91159],[4.552997,43.911572],[4.552973,43.911534],[4.552796,43.911592],[4.552885,43.911762],[4.553019,43.91171]]]},"properties":{"id_pk":"PK_30317_007","nom":null,"insee":"30317","commune":"Sernhac","source":"osm","id_source":"w345660467","surf_m2":246.7,"nb_pl_est":12,"nb_pl_reel":null,"nb_places":12,"stat_auto":"prive","statut":null,"proprio":"pp","part_pub":0.0,"acces_osm":null,"payant":null,"sud_canal":false,"a_verif":true,"motif_ver":"capacité proche du seuil de 10 places","cle":"osm:w345660467","revue":{"statut":"a_revoir"}}},{"type":"Feature","geometry":{"type":"Polygon","coordinates":[[[4.2663,43.758393],[4.266206,43.75844],[4.265974,43.758519],[4.265878,43.758533],[4.265758,43.758551],[4.265613,43.758553],[4.265557,43.758767],[4.266208,43.758871],[4.266324,43.758654],[4.266422,43.758416],[4.266369,43.758359],[4.2663,43.758393]]]},"properties":{"id_pk":"PK_30333_001","nom":null,"insee":"30333","commune":"Uchaud","source":"osm","id_source":"w499618754","surf_m2":2189.5,"nb_pl_est":58,"nb_pl_reel":null,"nb_places":58,"stat_auto":"public","statut":null,"proprio":"commune","part_pub":1.0,"acces_osm":null,"payant":null,"sud_canal":false,"a_verif":false,"motif_ver":"","cle":"osm:w499618754","revue":{"statut":"a_revoir"}}},{"type":"Feature","geometry":{"type":"Polygon","coordinates":[[[4.267788,43.758005],[4.267733,43.757979],[4.267772,43.757934],[4.267801,43.7579],[4.266784,43.75744],[4.266684,43.757592],[4.267737,43.758063],[4.267788,43.758005]]]},"properties":{"id_pk":"PK_30333_002","nom":null,"insee":"30333","commune":"Uchaud","source":"osm","id_source":"w499618750","surf_m2":1790.0,"nb_pl_est":53,"nb_pl_reel":null,"nb_places":53,"stat_auto":"public","statut":null,"proprio":"etab_public","part_pub":1.0,"acces_osm":null,"payant":null,"sud_canal":false,"a_verif":false,"motif_ver":"","cle":"osm:w499618750","revue":{"statut":"a_revoir"}}},{"type":"Feature","geometry":{"type":"Polygon","coordinates":[[[4.258125,43.751544],[4.258227,43.751574],[4.258297,43.751379],[4.258375,43.751406],[4.258375,43.75125],[4.258441,43.751188],[4.258495,43.751178],[4.258569,43.751225],[4.258796,43.751012],[4.258665,43.750931],[4.258562,43.750872],[4.258315,43.751086],[4.258397,43.751141],[4.258358,43.751181],[4.258347,43.751188],[4.25801,43.751424],[4.257987,43.751441],[4.258125,43.751544]]]},"properties":{"id_pk":"PK_30333_003","nom":null,"insee":"30333","commune":"Uchaud","source":"osm","id_source":"w907822809","surf_m2":1448.9,"nb_pl_est":47,"nb_pl_reel":null,"nb_places":47,"stat_auto":"public","statut":null,"proprio":"commune","part_pub":1.0,"acces_osm":null,"payant":null,"sud_canal":false,"a_verif":false,"motif_ver":"","cle":"osm:w907822809","revue":{"statut":"a_revoir"}}},{"type":"Feature","geometry":{"type":"Polygon","coordinates":[[[4.283961,43.73951],[4.283916,43.739477],[4.284454,43.738657],[4.284381,43.738653],[4.283856,43.739487],[4.28391,43.73956],[4.285171,43.739974],[4.285185,43.739926],[4.283961,43.73951]]]},"properties":{"id_pk":"PK_30333_004","nom":null,"insee":"30333","commune":"Uchaud","source":"osm","id_source":"w941906724","surf_m2":1179.9,"nb_pl_est":42,"nb_pl_reel":null,"nb_places":42,"stat_auto":"prive","statut":null,"proprio":"pm_privee","part_pub":0.0,"acces_osm":null,"payant":null,"sud_canal":false,"a_verif":false,"motif_ver":"","cle":"osm:w941906724","revue":{"statut":"a_revoir"}}},{"type":"Feature","geometry":{"type":"Polygon","coordinates":[[[4.286437,43.73883],[4.286218,43.738797],[4.286049,43.739071],[4.286231,43.739137],[4.286437,43.73883]]]},"properties":{"id_pk":"PK_30333_005","nom":null,"insee":"30333","commune":"Uchaud","source":"osm","id_source":"w941906706","surf_m2":604.8,"nb_pl_est":27,"nb_pl_reel":null,"nb_places":27,"stat_auto":"prive","statut":null,"proprio":"pm_privee","part_pub":0.0,"acces_osm":null,"payant":null,"sud_canal":false,"a_verif":false,"motif_ver":"","cle":"osm:w941906706","revue":{"statut":"a_revoir"}}},{"type":"Feature","geometry":{"type":"Polygon","coordinates":[[[4.286005,43.738919],[4.286043,43.738778],[4.285868,43.738758],[4.285823,43.738895],[4.286005,43.738919]]]},"properties":{"id_pk":"PK_30333_006","nom":null,"insee":"30333","commune":"Uchaud","source":"osm","id_source":"w941906723","surf_m2":230.5,"nb_pl_est":12,"nb_pl_reel":null,"nb_places":12,"stat_auto":"prive","statut":null,"proprio":"pm_privee","part_pub":0.0,"acces_osm":null,"payant":null,"sud_canal":false,"a_verif":true,"motif_ver":"capacité proche du seuil de 10 places","cle":"osm:w941906723","revue":{"statut":"a_revoir"}}},{"type":"Feature","geometry":{"type":"Polygon","coordinates":[[[4.292616,43.57994],[4.292141,43.580035],[4.292129,43.580037],[4.292219,43.580182],[4.292608,43.581111],[4.292884,43.581783],[4.293095,43.582573],[4.29417,43.582117],[4.293769,43.581122],[4.293154,43.581173],[4.292616,43.57994]]]},"properties":{"id_pk":"PK_30341_001","nom":null,"insee":"30341","commune":"Vauvert","source":"osm","id_source":"w890321606","surf_m2":17899.1,"nb_pl_est":506,"nb_pl_reel":null,"nb_places":506,"stat_auto":"prive","statut":null,"proprio":"pm_privee","part_pub":0.0,"acces_osm":null,"payant":null,"sud_canal":true,"a_verif":false,"motif_ver":"","cle":"osm:w890321606","revue":{"statut":"a_revoir"}}},{"type":"Feature","geometry":{"type":"Polygon","coordinates":[[[4.268423,43.708352],[4.26812,43.708052],[4.268062,43.708],[4.268266,43.707899],[4.268455,43.707807],[4.268576,43.707749],[4.268683,43.707692],[4.268702,43.707682],[4.269061,43.708038],[4.269328,43.707901],[4.26936,43.707676],[4.26913,43.707484],[4.268483,43.707323],[4.267507,43.707825],[4.267491,43.707901],[4.267807,43.708261],[4.267432,43.708477],[4.267816,43.708667],[4.268423,43.708352]]]},"properties":{"id_pk":"PK_30341_002","nom":null,"insee":"30341","commune":"Vauvert","source":"osm","id_source":"w965183113","surf_m2":9739.2,"nb_pl_est":268,"nb_pl_reel":null,"nb_places":268,"stat_auto":"prive","statut":null,"proprio":"pm_privee","part_pub":0.12,"acces_osm":"customers","payant":"no","sud_canal":false,"a_verif":false,"motif_ver":"","cle":"osm:w965183113","revue":{"statut":"a_revoir"}}},{"type":"Feature","geometry":{"type":"Polygon","coordinates":[[[4.268624,43.707072],[4.26902,43.706976],[4.268767,43.706396],[4.269282,43.70629],[4.269182,43.706021],[4.26911,43.705812],[4.269481,43.705738],[4.269938,43.70566],[4.268883,43.705465],[4.268759,43.705645],[4.268883,43.705959],[4.268451,43.706054],[4.268258,43.706348],[4.268319,43.706503],[4.26844,43.706813],[4.268519,43.707016],[4.268521,43.707022],[4.268624,43.707072]]]},"properties":{"id_pk":"PK_30341_003","nom":null,"insee":"30341","commune":"Vauvert","source":"osm","id_source":"w517306469","surf_m2":8209.0,"nb_pl_est":224,"nb_pl_reel":null,"nb_places":224,"stat_auto":"prive","statut":null,"proprio":"pm_privee","part_pub":0.0,"acces_osm":"customers","payant":"no","sud_canal":false,"a_verif":false,"motif_ver":"","cle":"osm:w517306469","revue":{"statut":"a_revoir"}}},{"type":"Feature","geometry":{"type":"Polygon","coordinates":[[[4.273886,43.68931],[4.273877,43.689127],[4.273532,43.688808],[4.273416,43.688828],[4.273392,43.688637],[4.27339,43.688609],[4.27299,43.68882],[4.272838,43.688859],[4.272843,43.688893],[4.27286,43.689017],[4.272873,43.68918],[4.272882,43.689314],[4.272956,43.689401],[4.273371,43.689362],[4.273782,43.689381],[4.273886,43.68931]]]},"properties":{"id_pk":"PK_30341_004","nom":null,"insee":"30341","commune":"Vauvert","source":"osm","id_source":"w229412475","surf_m2":4947.8,"nb_pl_est":132,"nb_pl_reel":null,"nb_places":132,"stat_auto":"prive","statut":null,"proprio":"pp","part_pub":0.0,"acces_osm":"customers","payant":null,"sud_canal":false,"a_verif":true,"motif_ver":"grande aire sans propriétaire personne morale : vérifier le foncier","cle":"osm:w229412475","revue":{"statut":"a_revoir"}}},{"type":"Feature","geometry":{"type":"Polygon","coordinates":[[[4.269708,43.690481],[4.269744,43.690401],[4.269515,43.690363],[4.269667,43.689868],[4.269263,43.689795],[4.269364,43.689461],[4.269912,43.689746],[4.269966,43.689647],[4.269325,43.689296],[4.269285,43.689353],[4.269224,43.689337],[4.269094,43.689785],[4.269151,43.689796],[4.269055,43.690144],[4.269109,43.690158],[4.269073,43.690289],[4.268991,43.690275],[4.268931,43.690447],[4.269626,43.690565],[4.269708,43.690481]]]},"properties":{"id_pk":"PK_30341_005","nom":null,"insee":"30341","commune":"Vauvert","source":"osm","id_source":"w813119687","surf_m2":4894.9,"nb_pl_est":130,"nb_pl_reel":null,"nb_places":40,"stat_auto":"prive","statut":null,"proprio":"pp","part_pub":0.0,"acces_osm":"customers","payant":"no","sud_canal":false,"a_verif":false,"motif_ver":"","cle":"osm:w813119687","revue":{"statut":"a_revoir"}}},{"type":"Feature","geometry":{"type":"Polygon","coordinates":[[[4.269736,43.690882],[4.270196,43.690963],[4.270382,43.690977],[4.270413,43.69098],[4.270469,43.690849],[4.270606,43.690776],[4.270667,43.690585],[4.270695,43.690424],[4.270364,43.690362],[4.270289,43.690348],[4.270233,43.690528],[4.269875,43.690466],[4.269952,43.690224],[4.269847,43.690205],[4.269616,43.690863],[4.269736,43.690882]]]},"properties":{"id_pk":"PK_30341_006","nom":"Lidl","insee":"30341","commune":"Vauvert","source":"osm","id_source":"w219735869","surf_m2":4300.0,"nb_pl_est":114,"nb_pl_reel":null,"nb_places":114,"stat_auto":"prive","statut":null,"proprio":"pm_privee","part_pub":0.0,"acces_osm":"customers","payant":"no","sud_canal":false,"a_verif":false,"motif_ver":"","cle":"osm:w219735869","revue":{"statut":"a_revoir"}}},{"type":"Feature","geometry":{"type":"Polygon","coordinates":[[[4.270918,43.687199],[4.271631,43.686786],[4.271526,43.686691],[4.271329,43.686513],[4.270616,43.686926],[4.270918,43.687199]]]},"properties":{"id_pk":"PK_30341_007","nom":null,"insee":"30341","commune":"Vauvert","source":"osm","id_source":"w330341284","surf_m2":2857.0,"nb_pl_est":75,"nb_pl_reel":null,"nb_places":75,"stat_auto":"public","statut":null,"proprio":"departement","part_pub":1.0,"acces_osm":"destination","payant":null,"sud_canal":false,"a_verif":false,"motif_ver":"","cle":"osm:w330341284","revue":{"statut":"a_revoir"}}},{"type":"Feature","geometry":{"type":"Polygon","coordinates":[[[4.271882,43.700573],[4.271722,43.700512],[4.271605,43.700467],[4.271067,43.701201],[4.271477,43.701249],[4.271936,43.700594],[4.271882,43.700573]]]},"properties":{"id_pk":"PK_30341_008","nom":null,"insee":"30341","commune":"Vauvert","source":"osm","id_source":"w763332476","surf_m2":2697.9,"nb_pl_est":71,"nb_pl_reel":null,"nb_places":71,"stat_auto":"public","statut":null,"proprio":"commune","part_pub":1.0,"acces_osm":"yes","payant":"no","sud_canal":false,"a_verif":false,"motif_ver":"","cle":"osm:w763332476","revue":{"statut":"a_revoir"}}},{"type":"Feature","geometry":{"type":"Polygon","coordinates":[[[4.271511,43.696442],[4.272505,43.696781],[4.272596,43.696633],[4.27169,43.696347],[4.271298,43.695799],[4.271114,43.695866],[4.271511,43.696442]]]},"properties":{"id_pk":"PK_30341_009","nom":null,"insee":"30341","commune":"Vauvert","source":"osm","id_source":"w330672700","surf_m2":2613.0,"nb_pl_est":69,"nb_pl_reel":null,"nb_places":69,"stat_auto":"public","statut":null,"proprio":"commune","part_pub":1.0,"acces_osm":null,"payant":null,"sud_canal":false,"a_verif":false,"motif_ver":"","cle":"osm:w330672700","revue":{"statut":"a_revoir"}}},{"type":"Feature","geometry":{"type":"Polygon","coordinates":[[[4.27001,43.708247],[4.269599,43.708147],[4.269679,43.707975],[4.269758,43.707804],[4.269837,43.707634],[4.26978,43.70762],[4.26982,43.707533],[4.269993,43.707183],[4.269842,43.707159],[4.269349,43.708186],[4.269419,43.708208],[4.269403,43.708256],[4.269922,43.708392],[4.27001,43.708247]]]},"properties":{"id_pk":"PK_30341_010","nom":null,"insee":"30341","commune":"Vauvert","source":"osm","id_source":"w965183118","surf_m2":2502.3,"nb_pl_est":66,"nb_pl_reel":null,"nb_places":66,"stat_auto":"prive","statut":null,"proprio":"pm_privee","part_pub":0.0,"acces_osm":"customers","payant":null,"sud_canal":false,"a_verif":false,"motif_ver":"","cle":"osm:w965183118","revue":{"statut":"a_revoir"}}},{"type":"Feature","geometry":{"type":"Polygon","coordinates":[[[4.279575,43.697787],[4.279792,43.697309],[4.279436,43.697224],[4.27914,43.697876],[4.279318,43.697918],[4.279396,43.697745],[4.279575,43.697787]]]},"properties":{"id_pk":"PK_30341_011","nom":null,"insee":"30341","commune":"Vauvert","source":"osm","id_source":"w1345151366","surf_m2":1995.3,"nb_pl_est":55,"nb_pl_reel":null,"nb_places":55,"stat_auto":"public","statut":null,"proprio":"commune","part_pub":0.67,"acces_osm":"yes","payant":null,"sud_canal":false,"a_verif":false,"motif_ver":"","cle":"osm:w1345151366","revue":{"statut":"a_revoir"}}},{"type":"Feature","geometry":{"type":"Polygon","coordinates":[[[4.272252,43.699619],[4.272121,43.699703],[4.271864,43.70022],[4.271893,43.700252],[4.271919,43.700282],[4.27208,43.700316],[4.272145,43.700277],[4.272497,43.699689],[4.27251,43.699668],[4.272252,43.699619]]]},"properties":{"id_pk":"PK_30341_012","nom":null,"insee":"30341","commune":"Vauvert","source":"osm","id_source":"w763332477","surf_m2":1945.1,"nb_pl_est":55,"nb_pl_reel":null,"nb_places":55,"stat_auto":"public","statut":null,"proprio":"commune","part_pub":1.0,"acces_osm":"yes","payant":"no","sud_canal":false,"a_verif":false,"motif_ver":"","cle":"osm:w763332477","revue":{"statut":"a_revoir"}}},{"type":"Feature","geometry":{"type":"Polygon","coordinates":[[[4.270429,43.693747],[4.272332,43.693127],[4.272307,43.693086],[4.272275,43.693036],[4.270372,43.693656],[4.270401,43.693703],[4.270429,43.693747]]]},"properties":{"id_pk":"PK_30341_013","nom":null,"insee":"30341","commune":"Vauvert","source":"osm","id_source":"w763048211","surf_m2":1876.6,"nb_pl_est":54,"nb_pl_reel":null,"nb_places":54,"stat_auto":"public","statut":null,"proprio":"domaine_public","part_pub":1.0,"acces_osm":null,"payant":null,"sud_canal":false,"a_verif":false,"motif_ver":"","cle":"osm:w763048211","revue":{"statut":"a_revoir"}}},{"type":"Feature","geometry":{"type":"Polygon","coordinates":[[[4.282593,43.702815],[4.282561,43.702638],[4.282497,43.702286],[4.282193,43.702323],[4.282403,43.703043],[4.282621,43.702967],[4.282593,43.702815]]]},"properties":{"id_pk":"PK_30341_014","nom":null,"insee":"30341","commune":"Vauvert","source":"osm","id_source":"w331269351","surf_m2":1721.5,"nb_pl_est":52,"nb_pl_reel":null,"nb_places":52,"stat_auto":"public","statut":null,"proprio":"commune","part_pub":1.0,"acces_osm":null,"payant":null,"sud_canal":false,"a_verif":false,"motif_ver":"","cle":"osm:w331269351","revue":{"statut":"a_revoir"}}},{"type":"Feature","geometry":{"type":"Polygon","coordinates":[[[4.307233,43.572656],[4.307419,43.572429],[4.307456,43.572333],[4.3074,43.572232],[4.307322,43.572153],[4.30689,43.572534],[4.307048,43.572747],[4.307233,43.572656]]]},"properties":{"id_pk":"PK_30341_015","nom":null,"insee":"30341","commune":"Vauvert","source":"osm","id_source":"w908523369","surf_m2":1498.0,"nb_pl_est":48,"nb_pl_reel":null,"nb_places":48,"stat_auto":"prive","statut":null,"proprio":"pp","part_pub":0.13,"acces_osm":"customers","payant":"no","sud_canal":true,"a_verif":false,"motif_ver":"","cle":"osm:w908523369","revue":{"statut":"a_revoir"}}},{"type":"Feature","geometry":{"type":"Polygon","coordinates":[[[4.338076,43.60544],[4.338072,43.60542],[4.337779,43.60545],[4.337516,43.6055],[4.33734,43.605575],[4.337467,43.605729],[4.337728,43.60567],[4.33811,43.605605],[4.338076,43.60544]]]},"properties":{"id_pk":"PK_30341_016","nom":null,"insee":"30341","commune":"Vauvert","source":"osm","id_source":"w620863238","surf_m2":1278.7,"nb_pl_est":44,"nb_pl_reel":null,"nb_places":44,"stat_auto":"public","statut":null,"proprio":"epci","part_pub":1.0,"acces_osm":"yes","payant":"no","sud_canal":true,"a_verif":false,"motif_ver":"","cle":"osm:w620863238","revue":{"statut":"a_revoir"}}},{"type":"Feature","geometry":{"type":"Polygon","coordinates":[[[4.275664,43.68967],[4.275704,43.689649],[4.275731,43.689616],[4.275739,43.689558],[4.275717,43.689478],[4.275567,43.689166],[4.275387,43.689247],[4.275508,43.689546],[4.275301,43.689676],[4.275348,43.689711],[4.275425,43.689768],[4.275664,43.68967]]]},"properties":{"id_pk":"PK_30341_017","nom":null,"insee":"30341","commune":"Vauvert","source":"osm","id_source":"w219735644","surf_m2":1201.4,"nb_pl_est":43,"nb_pl_reel":null,"nb_places":44,"stat_auto":"public","statut":null,"proprio":"commune","part_pub":0.94,"acces_osm":"yes","payant":"no","sud_canal":false,"a_verif":false,"motif_ver":"","cle":"osm:w219735644","revue":{"statut":"a_revoir"}}},{"type":"Feature","geometry":{"type":"Polygon","coordinates":[[[4.281826,43.708181],[4.282257,43.708144],[4.282424,43.707943],[4.282398,43.707924],[4.282353,43.707902],[4.282035,43.707933],[4.282031,43.707904],[4.281778,43.707928],[4.281826,43.708181]]]},"properties":{"id_pk":"PK_30341_018","nom":null,"insee":"30341","commune":"Vauvert","source":"osm","id_source":"w763332490","surf_m2":1196.0,"nb_pl_est":43,"nb_pl_reel":null,"nb_places":43,"stat_auto":"prive","statut":null,"proprio":"pm_privee","part_pub":0.0,"acces_osm":"private","payant":null,"sud_canal":false,"a_verif":false,"motif_ver":"","cle":"osm:w763332490","revue":{"statut":"a_revoir"}}},{"type":"Feature","geometry":{"type":"Polygon","coordinates":[[[4.272987,43.695128],[4.272981,43.695116],[4.272904,43.694972],[4.272747,43.695016],[4.272546,43.695073],[4.272362,43.695124],[4.272176,43.695176],[4.272164,43.695179],[4.272234,43.695312],[4.272247,43.695335],[4.272987,43.695128]]]},"properties":{"id_pk":"PK_30341_019","nom":null,"insee":"30341","commune":"Vauvert","source":"osm","id_source":"w330939726","surf_m2":1186.5,"nb_pl_est":42,"nb_pl_reel":null,"nb_places":42,"stat_auto":"prive","statut":null,"proprio":"sem","part_pub":0.0,"acces_osm":null,"payant":null,"sud_canal":false,"a_verif":false,"motif_ver":"","cle":"osm:w330939726","revue":{"statut":"a_revoir"}}},{"type":"Feature","geometry":{"type":"Polygon","coordinates":[[[4.275444,43.692441],[4.275501,43.692404],[4.275425,43.69223],[4.275153,43.692247],[4.275131,43.692019],[4.274995,43.69203],[4.275035,43.692468],[4.275444,43.692441]]]},"properties":{"id_pk":"PK_30341_020","nom":"Place du Docteur Jacques Arnoux","insee":"30341","commune":"Vauvert","source":"osm","id_source":"w331963797","surf_m2":1117.6,"nb_pl_est":41,"nb_pl_reel":null,"nb_places":41,"stat_auto":"public","statut":null,"proprio":"commune","part_pub":1.0,"acces_osm":null,"payant":null,"sud_canal":false,"a_verif":false,"motif_ver":"","cle":"osm:w331963797","revue":{"statut":"a_revoir"}}},{"type":"Feature","geometry":{"type":"Polygon","coordinates":[[[4.279104,43.69213],[4.279038,43.691988],[4.278338,43.692068],[4.278398,43.692251],[4.279104,43.69213]]]},"properties":{"id_pk":"PK_30341_021","nom":"Place du Jeu de Ballon","insee":"30341","commune":"Vauvert","source":"osm","id_source":"w331269369","surf_m2":1080.4,"nb_pl_est":40,"nb_pl_reel":null,"nb_places":40,"stat_auto":"public","statut":null,"proprio":"domaine_public","part_pub":1.0,"acces_osm":"yes","payant":null,"sud_canal":false,"a_verif":false,"motif_ver":"","cle":"osm:w331269369","revue":{"statut":"a_revoir"}}},{"type":"Feature","geometry":{"type":"Polygon","coordinates":[[[4.306743,43.572565],[4.306807,43.572508],[4.307311,43.571986],[4.307258,43.571949],[4.306783,43.572157],[4.306845,43.572293],[4.306721,43.572361],[4.306764,43.572477],[4.306673,43.572557],[4.306743,43.572565]]]},"properties":{"id_pk":"PK_30341_022","nom":null,"insee":"30341","commune":"Vauvert","source":"osm","id_source":"w908523370","surf_m2":1071.9,"nb_pl_est":40,"nb_pl_reel":null,"nb_places":40,"stat_auto":"prive","statut":null,"proprio":"pp","part_pub":0.13,"acces_osm":"customers","payant":"no","sud_canal":true,"a_verif":false,"motif_ver":"","cle":"osm:w908523370","revue":{"statut":"a_revoir"}}},{"type":"Feature","geometry":{"type":"Polygon","coordinates":[[[4.281497,43.699706],[4.281523,43.699665],[4.281745,43.699574],[4.281025,43.6994],[4.281006,43.699418],[4.281034,43.699603],[4.281497,43.699706]]]},"properties":{"id_pk":"PK_30341_023","nom":null,"insee":"30341","commune":"Vauvert","source":"osm","id_source":"w331269350","surf_m2":1025.0,"nb_pl_est":39,"nb_pl_reel":null,"nb_places":39,"stat_auto":"public","statut":null,"proprio":"domaine_public","part_pub":1.0,"acces_osm":null,"payant":null,"sud_canal":false,"a_verif":false,"motif_ver":"","cle":"osm:w331269350","revue":{"statut":"a_revoir"}}},{"type":"Feature","geometry":{"type":"Polygon","coordinates":[[[4.27282,43.694805],[4.272853,43.694796],[4.273141,43.694717],[4.273006,43.694459],[4.272987,43.694423],[4.272666,43.694511],[4.272672,43.694523],[4.2728,43.694767],[4.27282,43.694805]]]},"properties":{"id_pk":"PK_30341_024","nom":null,"insee":"30341","commune":"Vauvert","source":"osm","id_source":"w763048218","surf_m2":966.6,"nb_pl_est":38,"nb_pl_reel":null,"nb_places":38,"stat_auto":"prive","statut":null,"proprio":"sem","part_pub":0.0,"acces_osm":null,"payant":null,"sud_canal":false,"a_verif":false,"motif_ver":"","cle":"osm:w763048218","revue":{"statut":"a_revoir"}}},{"type":"Feature","geometry":{"type":"Polygon","coordinates":[[[4.259446,43.645564],[4.259536,43.645312],[4.25957,43.645217],[4.259287,43.645164],[4.259262,43.645232],[4.259163,43.645511],[4.259446,43.645564]]]},"properties":{"id_pk":"PK_30341_025","nom":null,"insee":"30341","commune":"Vauvert","source":"osm","id_source":"w620384431","surf_m2":939.3,"nb_pl_est":37,"nb_pl_reel":null,"nb_places":37,"stat_auto":"prive","statut":null,"proprio":"pm_privee","part_pub":0.0,"acces_osm":null,"payant":null,"sud_canal":false,"a_verif":false,"motif_ver":"","cle":"osm:w620384431","revue":{"statut":"a_revoir"}}},{"type":"Feature","geometry":{"type":"Polygon","coordinates":[[[4.26978,43.6872],[4.269652,43.686882],[4.269549,43.686621],[4.269405,43.686708],[4.269587,43.687224],[4.26978,43.6872]]]},"properties":{"id_pk":"PK_30341_026","nom":null,"insee":"30341","commune":"Vauvert","source":"osm","id_source":"w330341282","surf_m2":925.9,"nb_pl_est":36,"nb_pl_reel":null,"nb_places":36,"stat_auto":"public","statut":null,"proprio":"commune","part_pub":0.99,"acces_osm":"yes","payant":null,"sud_canal":false,"a_verif":false,"motif_ver":"","cle":"osm:w330341282","revue":{"statut":"a_revoir"}}},{"type":"Feature","geometry":{"type":"Polygon","coordinates":[[[4.272024,43.695417],[4.272004,43.695379],[4.271954,43.695285],[4.271917,43.695295],[4.271719,43.695351],[4.271541,43.6954],[4.271342,43.695456],[4.271283,43.695472],[4.271353,43.695604],[4.272024,43.695417]]]},"properties":{"id_pk":"PK_30341_027","nom":null,"insee":"30341","commune":"Vauvert","source":"osm","id_source":"w330939729","surf_m2":911.9,"nb_pl_est":36,"nb_pl_reel":null,"nb_places":36,"stat_auto":"prive","statut":null,"proprio":"sem","part_pub":0.0,"acces_osm":null,"payant":null,"sud_canal":false,"a_verif":false,"motif_ver":"","cle":"osm:w330939729","revue":{"statut":"a_revoir"}}},{"type":"Feature","geometry":{"type":"Polygon","coordinates":[[[4.274234,43.687884],[4.27418,43.687917],[4.274157,43.687909],[4.274122,43.687896],[4.274087,43.687858],[4.27412,43.687843],[4.273959,43.687702],[4.273806,43.6878],[4.274015,43.687974],[4.274043,43.687958],[4.274321,43.688163],[4.274474,43.688068],[4.274234,43.687884]]]},"properties":{"id_pk":"PK_30341_028","nom":null,"insee":"30341","commune":"Vauvert","source":"osm","id_source":"w762877849","surf_m2":901.6,"nb_pl_est":36,"nb_pl_reel":null,"nb_places":36,"stat_auto":"prive","statut":null,"proprio":"pm_privee","part_pub":0.0,"acces_osm":null,"payant":null,"sud_canal":false,"a_verif":false,"motif_ver":"","cle":"osm:w762877849","revue":{"statut":"a_revoir"}}},{"type":"Feature","geometry":{"type":"Polygon","coordinates":[[[4.350921,43.547819],[4.350878,43.547803],[4.350857,43.54782],[4.350759,43.547985],[4.35083,43.548126],[4.351106,43.548079],[4.351233,43.547965],[4.350986,43.547843],[4.350921,43.547819]]]},"properties":{"id_pk":"PK_30341_029","nom":null,"insee":"30341","commune":"Vauvert","source":"osm","id_source":"w636580138","surf_m2":820.7,"nb_pl_est":33,"nb_pl_reel":null,"nb_places":33,"stat_auto":"prive","statut":null,"proprio":"pm_privee","part_pub":0.0,"acces_osm":"customers","payant":"no","sud_canal":true,"a_verif":false,"motif_ver":"","cle":"osm:w636580138","revue":{"statut":"a_revoir"}}},{"type":"Feature","geometry":{"type":"Polygon","coordinates":[[[4.281248,43.690218],[4.281455,43.690136],[4.281479,43.690113],[4.281401,43.690004],[4.281174,43.689995],[4.281168,43.69004],[4.281111,43.690036],[4.281086,43.690206],[4.281248,43.690218]]]},"properties":{"id_pk":"PK_30341_030","nom":null,"insee":"30341","commune":"Vauvert","source":"osm","id_source":"w330341286","surf_m2":575.5,"nb_pl_est":25,"nb_pl_reel":null,"nb_places":25,"stat_auto":"prive","statut":null,"proprio":"pp","part_pub":0.0,"acces_osm":null,"payant":null,"sud_canal":false,"a_verif":false,"motif_ver":"","cle":"osm:w330341286","revue":{"statut":"a_revoir"}}},{"type":"Feature","geometry":{"type":"Polygon","coordinates":[[[4.270845,43.699953],[4.270873,43.699915],[4.270912,43.699855],[4.27025,43.699684],[4.270241,43.699709],[4.270226,43.699737],[4.270845,43.699953]]]},"properties":{"id_pk":"PK_30341_031","nom":null,"insee":"30341","commune":"Vauvert","source":"osm","id_source":"w763332480","surf_m2":513.9,"nb_pl_est":23,"nb_pl_reel":null,"nb_places":23,"stat_auto":"public","statut":null,"proprio":"commune","part_pub":1.0,"acces_osm":null,"payant":null,"sud_canal":false,"a_verif":false,"motif_ver":"","cle":"osm:w763332480","revue":{"statut":"a_revoir"}}},{"type":"Feature","geometry":{"type":"Polygon","coordinates":[[[4.269348,43.709271],[4.269337,43.709294],[4.269407,43.709311],[4.269417,43.70929],[4.269479,43.709304],[4.269597,43.709049],[4.269411,43.709004],[4.269294,43.709258],[4.269348,43.709271]]]},"properties":{"id_pk":"PK_30341_032","nom":null,"insee":"30341","commune":"Vauvert","source":"osm","id_source":"w1211117327","surf_m2":487.7,"nb_pl_est":22,"nb_pl_reel":null,"nb_places":22,"stat_auto":"prive","statut":null,"proprio":"pm_privee","part_pub":0.0,"acces_osm":"private","payant":null,"sud_canal":false,"a_verif":false,"motif_ver":"","cle":"osm:w1211117327","revue":{"statut":"a_revoir"}}},{"type":"Feature","geometry":{"type":"Polygon","coordinates":[[[4.275987,43.689971],[4.275993,43.689886],[4.276035,43.689888],[4.275989,43.689814],[4.275925,43.689837],[4.27587,43.689771],[4.275844,43.689778],[4.275812,43.689738],[4.27578,43.689751],[4.275724,43.689773],[4.275793,43.689986],[4.275987,43.689971]]]},"properties":{"id_pk":"PK_30341_033","nom":"Parking José Cardona","insee":"30341","commune":"Vauvert","source":"osm","id_source":"w774983020","surf_m2":415.0,"nb_pl_est":19,"nb_pl_reel":null,"nb_places":15,"stat_auto":"public","statut":null,"proprio":"commune","part_pub":1.0,"acces_osm":"yes","payant":"no","sud_canal":false,"a_verif":false,"motif_ver":"","cle":"osm:w774983020","revue":{"statut":"a_revoir"}}},{"type":"Feature","geometry":{"type":"Polygon","coordinates":[[[4.274701,43.688894],[4.274847,43.688835],[4.274897,43.688826],[4.274933,43.688794],[4.274712,43.688644],[4.274648,43.688697],[4.274686,43.688724],[4.274583,43.68878],[4.274701,43.688894]]]},"properties":{"id_pk":"PK_30341_034","nom":null,"insee":"30341","commune":"Vauvert","source":"osm","id_source":"w1378066805","surf_m2":388.7,"nb_pl_est":18,"nb_pl_reel":null,"nb_places":18,"stat_auto":"prive","statut":null,"proprio":"pp","part_pub":0.0,"acces_osm":"private","payant":null,"sud_canal":false,"a_verif":false,"motif_ver":"","cle":"osm:w1378066805","revue":{"statut":"a_revoir"}}},{"type":"Feature","geometry":{"type":"Polygon","coordinates":[[[4.27405,43.697039],[4.274222,43.696748],[4.274101,43.696711],[4.27392,43.697001],[4.27405,43.697039]]]},"properties":{"id_pk":"PK_30341_035","nom":null,"insee":"30341","commune":"Vauvert","source":"osm","id_source":"w503989105","surf_m2":385.1,"nb_pl_est":18,"nb_pl_reel":null,"nb_places":18,"stat_auto":"public","statut":null,"proprio":"commune","part_pub":1.0,"acces_osm":"yes","payant":"no","sud_canal":false,"a_verif":false,"motif_ver":"","cle":"osm:w503989105","revue":{"statut":"a_revoir"}}},{"type":"Feature","geometry":{"type":"Polygon","coordinates":[[[4.279987,43.690202],[4.279908,43.69025],[4.279943,43.690289],[4.280084,43.690322],[4.280199,43.690251],[4.280267,43.690168],[4.280031,43.690118],[4.279987,43.690202]]]},"properties":{"id_pk":"PK_30341_036","nom":null,"insee":"30341","commune":"Vauvert","source":"osm","id_source":"w330341285","surf_m2":368.4,"nb_pl_est":18,"nb_pl_reel":null,"nb_places":18,"stat_auto":"prive","statut":null,"proprio":"pp","part_pub":0.0,"acces_osm":null,"payant":null,"sud_canal":false,"a_verif":false,"motif_ver":"","cle":"osm:w330341285","revue":{"statut":"a_revoir"}}},{"type":"Feature","geometry":{"type":"Polygon","coordinates":[[[4.274434,43.688561],[4.274533,43.688525],[4.274594,43.688486],[4.274399,43.688326],[4.274256,43.688414],[4.274434,43.688561]]]},"properties":{"id_pk":"PK_30341_037","nom":null,"insee":"30341","commune":"Vauvert","source":"osm","id_source":"w762877848","surf_m2":353.0,"nb_pl_est":17,"nb_pl_reel":null,"nb_places":17,"stat_auto":"prive","statut":null,"proprio":"pp","part_pub":0.0,"acces_osm":null,"payant":null,"sud_canal":false,"a_verif":false,"motif_ver":"","cle":"osm:w762877848","revue":{"statut":"a_revoir"}}},{"type":"Feature","geometry":{"type":"Polygon","coordinates":[[[4.280224,43.698375],[4.280263,43.698297],[4.27982,43.698179],[4.27978,43.698257],[4.280224,43.698375]]]},"properties":{"id_pk":"PK_30341_038","nom":null,"insee":"30341","commune":"Vauvert","source":"osm","id_source":"w1345151364","surf_m2":352.8,"nb_pl_est":17,"nb_pl_reel":null,"nb_places":17,"stat_auto":"prive","statut":null,"proprio":"pp","part_pub":0.07,"acces_osm":"customers","payant":null,"sud_canal":false,"a_verif":false,"motif_ver":"","cle":"osm:w1345151364","revue":{"statut":"a_revoir"}}},{"type":"Feature","geometry":{"type":"Polygon","coordinates":[[[4.277966,43.69929],[4.277992,43.699237],[4.277959,43.699153],[4.277709,43.699091],[4.277659,43.699208],[4.277966,43.69929]]]},"properties":{"id_pk":"PK_30341_039","nom":null,"insee":"30341","commune":"Vauvert","source":"osm","id_source":"w330902724","surf_m2":349.4,"nb_pl_est":17,"nb_pl_reel":null,"nb_places":17,"stat_auto":"public","statut":null,"proprio":"domaine_public","part_pub":1.0,"acces_osm":null,"payant":null,"sud_canal":false,"a_verif":false,"motif_ver":"","cle":"osm:w330902724","revue":{"statut":"a_revoir"}}},{"type":"Feature","geometry":{"type":"Polygon","coordinates":[[[4.280672,43.697761],[4.28073,43.697776],[4.280957,43.697329],[4.280898,43.697314],[4.280672,43.697761]]]},"properties":{"id_pk":"PK_30341_040","nom":null,"insee":"30341","commune":"Vauvert","source":"osm","id_source":"w331269349","surf_m2":265.1,"nb_pl_est":13,"nb_pl_reel":null,"nb_places":13,"stat_auto":"public","statut":null,"proprio":"commune","part_pub":1.0,"acces_osm":null,"payant":null,"sud_canal":false,"a_verif":true,"motif_ver":"capacité proche du seuil de 10 places","cle":"osm:w331269349","revue":{"statut":"a_revoir"}}},{"type":"Feature","geometry":{"type":"Polygon","coordinates":[[[4.272366,43.698386],[4.272599,43.697967],[4.272542,43.69795],[4.272309,43.698369],[4.272366,43.698386]]]},"properties":{"id_pk":"PK_30341_041","nom":null,"insee":"30341","commune":"Vauvert","source":"osm","id_source":"w330672684","surf_m2":251.5,"nb_pl_est":13,"nb_pl_reel":null,"nb_places":13,"stat_auto":"public","statut":null,"proprio":"etab_public","part_pub":1.0,"acces_osm":null,"payant":null,"sud_canal":false,"a_verif":true,"motif_ver":"capacité proche du seuil de 10 places","cle":"osm:w330672684","revue":{"statut":"a_revoir"}}},{"type":"Feature","geometry":{"type":"Polygon","coordinates":[[[4.272184,43.698469],[4.272403,43.698056],[4.272345,43.69804],[4.272126,43.698453],[4.272184,43.698469]]]},"properties":{"id_pk":"PK_30341_042","nom":null,"insee":"30341","commune":"Vauvert","source":"osm","id_source":"w330672679","surf_m2":248.1,"nb_pl_est":12,"nb_pl_reel":null,"nb_places":12,"stat_auto":"public","statut":null,"proprio":"etab_public","part_pub":1.0,"acces_osm":null,"payant":null,"sud_canal":false,"a_verif":true,"motif_ver":"capacité proche du seuil de 10 places","cle":"osm:w330672679","revue":{"statut":"a_revoir"}}},{"type":"Feature","geometry":{"type":"Polygon","coordinates":[[[4.266506,43.676354],[4.266574,43.676378],[4.266364,43.675909],[4.266295,43.675891],[4.266506,43.676354]]]},"properties":{"id_pk":"PK_30341_043","nom":null,"insee":"30341","commune":"Vauvert","source":"osm","id_source":"w230047338","surf_m2":246.2,"nb_pl_est":12,"nb_pl_reel":null,"nb_places":12,"stat_auto":"prive","statut":null,"proprio":"pm_privee","part_pub":0.0,"acces_osm":null,"payant":"no","sud_canal":false,"a_verif":true,"motif_ver":"capacité proche du seuil de 10 places","cle":"osm:w230047338","revue":{"statut":"a_revoir"}}},{"type":"Feature","geometry":{"type":"Polygon","coordinates":[[[4.272014,43.683126],[4.272265,43.683042],[4.272469,43.683011],[4.27246,43.682979],[4.27197,43.683042],[4.272014,43.683126]]]},"properties":{"id_pk":"PK_30341_044","nom":null,"insee":"30341","commune":"Vauvert","source":"osm","id_source":"w1106285953","surf_m2":222.8,"nb_pl_est":11,"nb_pl_reel":null,"nb_places":11,"stat_auto":"public","statut":null,"proprio":"domaine_public","part_pub":1.0,"acces_osm":null,"payant":null,"sud_canal":false,"a_verif":true,"motif_ver":"capacité proche du seuil de 10 places","cle":"osm:w1106285953","revue":{"statut":"a_revoir"}}},{"type":"Feature","geometry":{"type":"Polygon","coordinates":[[[4.272113,43.698421],[4.272346,43.698006],[4.272297,43.697991],[4.272064,43.698406],[4.272113,43.698421]]]},"properties":{"id_pk":"PK_30341_045","nom":null,"insee":"30341","commune":"Vauvert","source":"osm","id_source":"w330672696","surf_m2":214.3,"nb_pl_est":11,"nb_pl_reel":null,"nb_places":11,"stat_auto":"public","statut":null,"proprio":"etab_public","part_pub":1.0,"acces_osm":null,"payant":null,"sud_canal":false,"a_verif":true,"motif_ver":"capacité proche du seuil de 10 places","cle":"osm:w330672696","revue":{"statut":"a_revoir"}}},{"type":"Feature","geometry":{"type":"Polygon","coordinates":[[[4.26255,43.70726],[4.262533,43.707314],[4.262629,43.70733],[4.262649,43.707268],[4.262716,43.707279],[4.262738,43.707212],[4.262516,43.707175],[4.262492,43.70725],[4.26255,43.70726]]]},"properties":{"id_pk":"PK_30341_046","nom":null,"insee":"30341","commune":"Vauvert","source":"osm","id_source":"w1194038014","surf_m2":201.5,"nb_pl_est":10,"nb_pl_reel":null,"nb_places":10,"stat_auto":"prive","statut":null,"proprio":"pm_privee","part_pub":0.0,"acces_osm":"customers","payant":null,"sud_canal":false,"a_verif":true,"motif_ver":"capacité proche du seuil de 10 places","cle":"osm:w1194038014","revue":{"statut":"a_revoir"}}},{"type":"Feature","geometry":{"type":"Polygon","coordinates":[[[4.280601,43.697805],[4.28062,43.697764],[4.280136,43.697648],[4.280118,43.697688],[4.280601,43.697805]]]},"properties":{"id_pk":"PK_30341_047","nom":null,"insee":"30341","commune":"Vauvert","source":"osm","id_source":"w331269348","surf_m2":196.2,"nb_pl_est":10,"nb_pl_reel":null,"nb_places":10,"stat_auto":"public","statut":null,"proprio":"commune","part_pub":1.0,"acces_osm":null,"payant":null,"sud_canal":false,"a_verif":true,"motif_ver":"capacité proche du seuil de 10 places","cle":"osm:w331269348","revue":{"statut":"a_revoir"}}},{"type":"Feature","geometry":{"type":"Polygon","coordinates":[[[4.245119,43.728034],[4.245152,43.728053],[4.245313,43.728244],[4.245827,43.728259],[4.24586,43.727669],[4.245796,43.727513],[4.245844,43.726624],[4.245768,43.726595],[4.245763,43.726563],[4.245721,43.726547],[4.245564,43.726546],[4.245442,43.726556],[4.245309,43.72652],[4.245304,43.72649],[4.245167,43.726465],[4.245119,43.728034]]]},"properties":{"id_pk":"PK_30344_001","nom":null,"insee":"30344","commune":"Vergèze","source":"osm","id_source":"w1064002051","surf_m2":10390.5,"nb_pl_est":287,"nb_pl_reel":null,"nb_places":287,"stat_auto":"prive","statut":null,"proprio":"pm_privee","part_pub":0.0,"acces_osm":null,"payant":null,"sud_canal":false,"a_verif":false,"motif_ver":"","cle":"osm:w1064002051","revue":{"statut":"a_revoir"}}},{"type":"Feature","geometry":{"type":"Polygon","coordinates":[[[4.241099,43.727821],[4.241139,43.727867],[4.241556,43.728031],[4.241616,43.728039],[4.241671,43.728024],[4.241738,43.727967],[4.242199,43.72748],[4.242616,43.727007],[4.242696,43.726839],[4.242738,43.726726],[4.242761,43.726646],[4.242615,43.726574],[4.242552,43.726591],[4.24223,43.726696],[4.241992,43.726821],[4.241737,43.72701],[4.241405,43.727356],[4.241085,43.727749],[4.241099,43.727821]]]},"properties":{"id_pk":"PK_30344_002","nom":"Parking Employés","insee":"30344","commune":"Vergèze","source":"osm","id_source":"w169107324","surf_m2":9657.1,"nb_pl_est":266,"nb_pl_reel":null,"nb_places":266,"stat_auto":"prive","statut":null,"proprio":"pm_privee","part_pub":0.0,"acces_osm":"private","payant":null,"sud_canal":false,"a_verif":false,"motif_ver":"","cle":"osm:w169107324","revue":{"statut":"a_revoir"}}},{"type":"Feature","geometry":{"type":"Polygon","coordinates":[[[4.217029,43.737164],[4.216966,43.737421],[4.217172,43.737439],[4.217563,43.737494],[4.21759,43.737413],[4.21775,43.737324],[4.217805,43.737213],[4.218021,43.7371],[4.21807,43.737003],[4.21809,43.736912],[4.217345,43.736802],[4.217309,43.736932],[4.217284,43.736929],[4.216331,43.736798],[4.216248,43.73703],[4.217029,43.737164]]]},"properties":{"id_pk":"PK_30344_003","nom":null,"insee":"30344","commune":"Vergèze","source":"osm","id_source":"w161879781","surf_m2":6271.4,"nb_pl_est":169,"nb_pl_reel":null,"nb_places":169,"stat_auto":"prive","statut":null,"proprio":"pm_privee","part_pub":0.0,"acces_osm":"customers","payant":"no","sud_canal":false,"a_verif":false,"motif_ver":"","cle":"osm:w161879781","revue":{"statut":"a_revoir"}}},{"type":"Feature","geometry":{"type":"Polygon","coordinates":[[[4.245078,43.734469],[4.24541,43.733787],[4.245427,43.733752],[4.245298,43.733707],[4.244878,43.733527],[4.24474,43.733534],[4.24466,43.733604],[4.244408,43.73431],[4.24458,43.734589],[4.245078,43.734469]]]},"properties":{"id_pk":"PK_30344_004","nom":"Parking camions","insee":"30344","commune":"Vergèze","source":"osm","id_source":"w169105859","surf_m2":6135.1,"nb_pl_est":165,"nb_pl_reel":null,"nb_places":165,"stat_auto":"prive","statut":null,"proprio":"pm_privee","part_pub":0.06,"acces_osm":null,"payant":null,"sud_canal":false,"a_verif":false,"motif_ver":"","cle":"osm:w169105859","revue":{"statut":"a_revoir"}}},{"type":"Feature","geometry":{"type":"Polygon","coordinates":[[[4.255345,43.721213],[4.255392,43.721188],[4.255359,43.721152],[4.255012,43.721072],[4.254938,43.721029],[4.254814,43.720904],[4.254744,43.720837],[4.254383,43.720713],[4.254218,43.720671],[4.25416,43.720652],[4.253511,43.720518],[4.253429,43.720553],[4.253331,43.720597],[4.253262,43.720668],[4.25322,43.720727],[4.253152,43.720769],[4.253003,43.720768],[4.252931,43.720774],[4.252911,43.720797],[4.253468,43.720893],[4.255296,43.72124],[4.255345,43.721213]]]},"properties":{"id_pk":"PK_30344_005","nom":null,"insee":"30344","commune":"Vergèze","source":"osm","id_source":"w620958060","surf_m2":5663.0,"nb_pl_est":152,"nb_pl_reel":null,"nb_places":152,"stat_auto":"public","statut":null,"proprio":"commune","part_pub":1.0,"acces_osm":"yes","payant":null,"sud_canal":false,"a_verif":false,"motif_ver":"","cle":"osm:w620958060","revue":{"statut":"a_revoir"}}},{"type":"Feature","geometry":{"type":"Polygon","coordinates":[[[4.208286,43.7441],[4.208297,43.74402],[4.20834,43.743964],[4.208397,43.743983],[4.20853,43.743769],[4.208353,43.743707],[4.208256,43.743863],[4.208299,43.74388],[4.208251,43.743957],[4.207706,43.743761],[4.20786,43.743514],[4.207557,43.743411],[4.207407,43.743666],[4.207389,43.743661],[4.20705,43.74422],[4.206715,43.744251],[4.206652,43.744353],[4.206795,43.744422],[4.207018,43.744495],[4.20706,43.744427],[4.207248,43.744465],[4.207425,43.744193],[4.207248,43.744123],[4.207295,43.744053],[4.207497,43.744109],[4.207687,43.743815],[4.207975,43.743909],[4.20775,43.744232],[4.20796,43.744342],[4.208286,43.7441]]]},"properties":{"id_pk":"PK_30344_006","nom":null,"insee":"30344","commune":"Vergèze","source":"osm","id_source":"w1550939876","surf_m2":5462.8,"nb_pl_est":146,"nb_pl_reel":null,"nb_places":146,"stat_auto":"prive","statut":null,"proprio":"pm_privee","part_pub":0.0,"acces_osm":null,"payant":null,"sud_canal":false,"a_verif":false,"motif_ver":"","cle":"osm:w1550939876","revue":{"statut":"a_revoir"}}},{"type":"Feature","geometry":{"type":"Polygon","coordinates":[[[4.246324,43.734036],[4.246206,43.734126],[4.246133,43.734163],[4.246029,43.734215],[4.245834,43.734277],[4.245678,43.734301],[4.245454,43.734356],[4.245304,43.734657],[4.246208,43.734434],[4.246426,43.734368],[4.246713,43.734249],[4.24701,43.734109],[4.247009,43.734075],[4.24646,43.733897],[4.246324,43.734036]]]},"properties":{"id_pk":"PK_30344_007","nom":null,"insee":"30344","commune":"Vergèze","source":"osm","id_source":"w1064002043","surf_m2":4052.3,"nb_pl_est":107,"nb_pl_reel":null,"nb_places":107,"stat_auto":"prive","statut":null,"proprio":"pm_privee","part_pub":0.03,"acces_osm":null,"payant":null,"sud_canal":false,"a_verif":false,"motif_ver":"","cle":"osm:w1064002043","revue":{"statut":"a_revoir"}}},{"type":"Feature","geometry":{"type":"Polygon","coordinates":[[[4.245312,43.728347],[4.245246,43.728381],[4.245219,43.728874],[4.245301,43.72893],[4.245433,43.728935],[4.245437,43.728902],[4.245895,43.728916],[4.245919,43.728477],[4.245886,43.728404],[4.245878,43.728363],[4.245312,43.728347]]]},"properties":{"id_pk":"PK_30344_008","nom":null,"insee":"30344","commune":"Vergèze","source":"osm","id_source":"w1064002050","surf_m2":3351.4,"nb_pl_est":88,"nb_pl_reel":null,"nb_places":88,"stat_auto":"prive","statut":null,"proprio":"pm_privee","part_pub":0.0,"acces_osm":null,"payant":null,"sud_canal":false,"a_verif":false,"motif_ver":"","cle":"osm:w1064002050","revue":{"statut":"a_revoir"}}},{"type":"Feature","geometry":{"type":"Polygon","coordinates":[[[4.247214,43.726476,15.7],[4.247528,43.726478,15.7],[4.247531,43.726337,15.7],[4.246531,43.726347,15.6],[4.246483,43.72635,15.6],[4.246342,43.726452,15.6],[4.246333,43.72649,15.6],[4.246325,43.726682,15.5],[4.246864,43.726698,15.8],[4.247199,43.72651,15.8],[4.247214,43.726476,15.7]]]},"properties":{"id_pk":"PK_30344_009","nom":null,"insee":"30344","commune":"Vergèze","source":"bdtopo","id_source":"EQ_RESEA0000000027764992","surf_m2":2760.9,"nb_pl_est":73,"nb_pl_reel":null,"nb_places":73,"stat_auto":"prive","statut":null,"proprio":"pm_privee","part_pub":0.0,"acces_osm":null,"payant":null,"sud_canal":false,"a_verif":true,"motif_ver":"absent d'OSM (BD TOPO seule)","cle":"bdtopo:EQ_RESEA0000000027764992","revue":{"statut":"a_revoir"}}},{"type":"Feature","geometry":{"type":"Polygon","coordinates":[[[4.224165,43.744237],[4.224255,43.744145],[4.224397,43.744095],[4.224456,43.744095],[4.224504,43.743907],[4.223869,43.743846],[4.223796,43.743839],[4.22367,43.744219],[4.223783,43.744273],[4.22393,43.744353],[4.22399,43.744434],[4.224089,43.744505],[4.224165,43.744237]]]},"properties":{"id_pk":"PK_30344_010","nom":"Place Arthur Blatière","insee":"30344","commune":"Vergèze","source":"osm","id_source":"w170115855","surf_m2":2670.9,"nb_pl_est":70,"nb_pl_reel":null,"nb_places":50,"stat_auto":"public","statut":null,"proprio":"commune","part_pub":1.0,"acces_osm":null,"payant":null,"sud_canal":false,"a_verif":false,"motif_ver":"","cle":"osm:w170115855","revue":{"statut":"a_revoir"}}},{"type":"Feature","geometry":{"type":"Polygon","coordinates":[[[4.221488,43.750436],[4.221479,43.750266],[4.221461,43.749897],[4.220969,43.749914],[4.220908,43.749916],[4.220931,43.750426],[4.220932,43.75044],[4.221488,43.750436]]]},"properties":{"id_pk":"PK_30344_011","nom":null,"insee":"30344","commune":"Vergèze","source":"osm","id_source":"w370012783","surf_m2":2640.3,"nb_pl_est":69,"nb_pl_reel":null,"nb_places":100,"stat_auto":"public","statut":null,"proprio":"commune","part_pub":1.0,"acces_osm":"customers","payant":"no","sud_canal":false,"a_verif":true,"motif_ver":"foncier public mais accès OSM « customers »","cle":"osm:w370012783","revue":{"statut":"a_revoir"}}},{"type":"Feature","geometry":{"type":"Polygon","coordinates":[[[4.241169,43.728133],[4.241039,43.728113],[4.240326,43.728736],[4.240622,43.728925],[4.240956,43.728654],[4.241019,43.728515],[4.240989,43.728412],[4.241113,43.728292],[4.24112,43.728286],[4.241262,43.728171],[4.241169,43.728133]]]},"properties":{"id_pk":"PK_30344_012","nom":"Parking visiteurs","insee":"30344","commune":"Vergèze","source":"osm","id_source":"w169107176","surf_m2":2491.5,"nb_pl_est":65,"nb_pl_reel":null,"nb_places":120,"stat_auto":"prive","statut":null,"proprio":"pm_privee","part_pub":0.0,"acces_osm":"customers","payant":null,"sud_canal":false,"a_verif":false,"motif_ver":"","cle":"osm:w169107176","revue":{"statut":"a_revoir"}}},{"type":"Feature","geometry":{"type":"Polygon","coordinates":[[[4.224987,43.7416],[4.225019,43.74153],[4.224574,43.741255],[4.223833,43.741151],[4.223774,43.741375],[4.224987,43.7416]]]},"properties":{"id_pk":"PK_30344_013","nom":"Ombrage - Vergèze espace","insee":"30344","commune":"Vergèze","source":"osm","id_source":"w169102480","surf_m2":2407.8,"nb_pl_est":63,"nb_pl_reel":null,"nb_places":100,"stat_auto":"public","statut":null,"proprio":"commune","part_pub":1.0,"acces_osm":"yes","payant":"no","sud_canal":false,"a_verif":false,"motif_ver":"","cle":"osm:w169102480","revue":{"statut":"a_revoir"}}},{"type":"Feature","geometry":{"type":"Polygon","coordinates":[[[4.222814,43.742414],[4.222381,43.74236],[4.222314,43.742356],[4.222267,43.742367],[4.222259,43.742403],[4.222221,43.742475],[4.222338,43.742498],[4.222391,43.742698],[4.22244,43.742723],[4.222395,43.74249],[4.222411,43.742418],[4.223066,43.742499],[4.223238,43.742371],[4.223297,43.742387],[4.223399,43.742088],[4.222932,43.742015],[4.222814,43.742414]]]},"properties":{"id_pk":"PK_30344_014","nom":null,"insee":"30344","commune":"Vergèze","source":"osm","id_source":"w169102476","surf_m2":2213.2,"nb_pl_est":58,"nb_pl_reel":null,"nb_places":50,"stat_auto":"public","statut":null,"proprio":"commune","part_pub":1.0,"acces_osm":"yes","payant":"no","sud_canal":false,"a_verif":false,"motif_ver":"","cle":"osm:w169102476","revue":{"statut":"a_revoir"}}},{"type":"Feature","geometry":{"type":"Polygon","coordinates":[[[4.224129,43.742065],[4.224252,43.741732],[4.223662,43.741608],[4.223544,43.741945],[4.224129,43.742065]]]},"properties":{"id_pk":"PK_30344_015","nom":null,"insee":"30344","commune":"Vergèze","source":"osm","id_source":"w169102481","surf_m2":1894.8,"nb_pl_est":54,"nb_pl_reel":null,"nb_places":80,"stat_auto":"prive","statut":null,"proprio":"sem","part_pub":0.03,"acces_osm":null,"payant":null,"sud_canal":false,"a_verif":false,"motif_ver":"","cle":"osm:w169102481","revue":{"statut":"a_revoir"}}},{"type":"Feature","geometry":{"type":"Polygon","coordinates":[[[4.245639,43.733862],[4.245584,43.733888],[4.245557,43.733914],[4.245555,43.734122],[4.245697,43.734207],[4.245945,43.734151],[4.246071,43.734086],[4.246188,43.734002],[4.246327,43.73386],[4.24617,43.733864],[4.246156,43.733798],[4.245639,43.733862]]]},"properties":{"id_pk":"PK_30344_016","nom":null,"insee":"30344","commune":"Vergèze","source":"osm","id_source":"w1064002044","surf_m2":1787.4,"nb_pl_est":53,"nb_pl_reel":null,"nb_places":53,"stat_auto":"prive","statut":null,"proprio":"pm_privee","part_pub":0.0,"acces_osm":null,"payant":null,"sud_canal":false,"a_verif":false,"motif_ver":"","cle":"osm:w1064002044","revue":{"statut":"a_revoir"}}},{"type":"Feature","geometry":{"type":"Polygon","coordinates":[[[4.217722,43.744346],[4.21809,43.744388],[4.218104,43.74431],[4.218123,43.744222],[4.217751,43.744176],[4.217745,43.744214],[4.217644,43.744225],[4.217634,43.744185],[4.216994,43.74425],[4.217045,43.74431],[4.217069,43.744388],[4.217722,43.744346]]]},"properties":{"id_pk":"PK_30344_017","nom":null,"insee":"30344","commune":"Vergèze","source":"osm","id_source":"w231764020","surf_m2":1508.8,"nb_pl_est":48,"nb_pl_reel":null,"nb_places":15,"stat_auto":"public","statut":null,"proprio":"domaine_public","part_pub":0.98,"acces_osm":null,"payant":"no","sud_canal":false,"a_verif":false,"motif_ver":"","cle":"osm:w231764020","revue":{"statut":"a_revoir"}}},{"type":"Feature","geometry":{"type":"Polygon","coordinates":[[[4.218712,43.742817],[4.218773,43.743223],[4.21914,43.743207],[4.219116,43.743142],[4.219095,43.743084],[4.219065,43.742857],[4.219061,43.742824],[4.218712,43.742817]]]},"properties":{"id_pk":"PK_30344_018","nom":"Parking Maurin","insee":"30344","commune":"Vergèze","source":"osm","id_source":"w50005347","surf_m2":1233.7,"nb_pl_est":43,"nb_pl_reel":null,"nb_places":43,"stat_auto":"public","statut":null,"proprio":"domaine_public","part_pub":0.94,"acces_osm":"yes","payant":"no","sud_canal":false,"a_verif":false,"motif_ver":"","cle":"osm:w50005347","revue":{"statut":"a_revoir"}}},{"type":"Feature","geometry":{"type":"Polygon","coordinates":[[[4.216197,43.747509],[4.216593,43.747522],[4.216675,43.747278],[4.216255,43.747253],[4.216217,43.74725],[4.216065,43.747486],[4.216197,43.747509]]]},"properties":{"id_pk":"PK_30344_019","nom":null,"insee":"30344","commune":"Vergèze","source":"osm","id_source":"w370012785","surf_m2":1123.7,"nb_pl_est":41,"nb_pl_reel":null,"nb_places":50,"stat_auto":"public","statut":null,"proprio":"commune","part_pub":1.0,"acces_osm":"private","payant":null,"sud_canal":false,"a_verif":true,"motif_ver":"foncier public mais accès OSM « private »","cle":"osm:w370012785","revue":{"statut":"a_revoir"}}},{"type":"Feature","geometry":{"type":"Polygon","coordinates":[[[4.224312,43.74229],[4.224361,43.742167],[4.223572,43.742023],[4.223527,43.742155],[4.224312,43.74229]]]},"properties":{"id_pk":"PK_30344_020","nom":null,"insee":"30344","commune":"Vergèze","source":"osm","id_source":"w682203632","surf_m2":958.3,"nb_pl_est":37,"nb_pl_reel":null,"nb_places":50,"stat_auto":"public","statut":null,"proprio":"commune","part_pub":1.0,"acces_osm":"yes","payant":"no","sud_canal":false,"a_verif":false,"motif_ver":"","cle":"osm:w682203632","revue":{"statut":"a_revoir"}}},{"type":"Feature","geometry":{"type":"Polygon","coordinates":[[[4.22343,43.747524],[4.222944,43.747329],[4.222833,43.74736],[4.222773,43.747456],[4.223316,43.747674],[4.22343,43.747524]]]},"properties":{"id_pk":"PK_30344_021","nom":null,"insee":"30344","commune":"Vergèze","source":"osm","id_source":"w1144469258","surf_m2":941.2,"nb_pl_est":37,"nb_pl_reel":null,"nb_places":38,"stat_auto":"public","statut":null,"proprio":"commune","part_pub":1.0,"acces_osm":"yes","payant":"no","sud_canal":false,"a_verif":false,"motif_ver":"","cle":"osm:w1144469258","revue":{"statut":"a_revoir"}}},{"type":"Feature","geometry":{"type":"Polygon","coordinates":[[[4.220498,43.743034],[4.220533,43.742695],[4.22027,43.74268],[4.220235,43.74302],[4.220498,43.743034]]]},"properties":{"id_pk":"PK_30344_022","nom":null,"insee":"30344","commune":"Vergèze","source":"osm","id_source":"w329745426","surf_m2":804.6,"nb_pl_est":33,"nb_pl_reel":null,"nb_places":30,"stat_auto":"public","statut":null,"proprio":"domaine_public","part_pub":1.0,"acces_osm":null,"payant":"no","sud_canal":false,"a_verif":false,"motif_ver":"","cle":"osm:w329745426","revue":{"statut":"a_revoir"}}},{"type":"Feature","geometry":{"type":"Polygon","coordinates":[[[4.235235,43.733912],[4.235167,43.7339],[4.235086,43.733858],[4.235112,43.733775],[4.235058,43.733769],[4.234861,43.734117],[4.235038,43.734171],[4.235107,43.734192],[4.235235,43.733912]]]},"properties":{"id_pk":"PK_30344_023","nom":null,"insee":"30344","commune":"Vergèze","source":"osm","id_source":"w318382690","surf_m2":712.8,"nb_pl_est":30,"nb_pl_reel":null,"nb_places":30,"stat_auto":"public","statut":null,"proprio":"commune","part_pub":0.85,"acces_osm":null,"payant":null,"sud_canal":false,"a_verif":false,"motif_ver":"","cle":"osm:w318382690","revue":{"statut":"a_revoir"}}},{"type":"Feature","geometry":{"type":"Polygon","coordinates":[[[4.206034,43.745765],[4.206162,43.74565],[4.205999,43.745549],[4.205689,43.745823],[4.205854,43.745928],[4.206034,43.745765]]]},"properties":{"id_pk":"PK_30344_024","nom":null,"insee":"30344","commune":"Vergèze","source":"osm","id_source":"w1363855541","surf_m2":690.3,"nb_pl_est":29,"nb_pl_reel":null,"nb_places":29,"stat_auto":"prive","statut":null,"proprio":"pm_privee","part_pub":0.0,"acces_osm":"private","payant":null,"sud_canal":false,"a_verif":false,"motif_ver":"","cle":"osm:w1363855541","revue":{"statut":"a_revoir"}}},{"type":"Feature","geometry":{"type":"Polygon","coordinates":[[[4.217722,43.741001],[4.217757,43.740859],[4.217283,43.740781],[4.217272,43.740828],[4.217218,43.740821],[4.217187,43.740914],[4.217722,43.741001]]]},"properties":{"id_pk":"PK_30344_025","nom":null,"insee":"30344","commune":"Vergèze","source":"osm","id_source":"w1343092923","surf_m2":679.2,"nb_pl_est":29,"nb_pl_reel":null,"nb_places":30,"stat_auto":"prive","statut":null,"proprio":"pm_privee","part_pub":0.0,"acces_osm":"private","payant":"no","sud_canal":false,"a_verif":false,"motif_ver":"","cle":"osm:w1343092923","revue":{"statut":"a_revoir"}}},{"type":"Feature","geometry":{"type":"Polygon","coordinates":[[[4.20563,43.746051],[4.205328,43.745834],[4.205206,43.745935],[4.205244,43.745956],[4.2052,43.745988],[4.205358,43.746108],[4.205438,43.746169],[4.20563,43.746051]]]},"properties":{"id_pk":"PK_30344_026","nom":null,"insee":"30344","commune":"Vergèze","source":"osm","id_source":"w1363855540","surf_m2":631.5,"nb_pl_est":27,"nb_pl_reel":null,"nb_places":27,"stat_auto":"prive","statut":null,"proprio":"pp","part_pub":0.0,"acces_osm":"private","payant":null,"sud_canal":false,"a_verif":false,"motif_ver":"","cle":"osm:w1363855540","revue":{"statut":"a_revoir"}}},{"type":"Feature","geometry":{"type":"Polygon","coordinates":[[[4.206445,43.745009],[4.206433,43.745003],[4.206375,43.745096],[4.206331,43.745069],[4.206085,43.745267],[4.206248,43.745356],[4.206327,43.745291],[4.206278,43.745261],[4.206293,43.745248],[4.206341,43.745275],[4.206441,43.745189],[4.206396,43.745163],[4.206435,43.74513],[4.206484,43.745156],[4.206582,43.745077],[4.206445,43.745009]]]},"properties":{"id_pk":"PK_30344_027","nom":null,"insee":"30344","commune":"Vergèze","source":"osm","id_source":"w1363855542","surf_m2":580.6,"nb_pl_est":26,"nb_pl_reel":null,"nb_places":26,"stat_auto":"prive","statut":null,"proprio":"pm_privee","part_pub":0.0,"acces_osm":"private","payant":null,"sud_canal":false,"a_verif":false,"motif_ver":"","cle":"osm:w1363855542","revue":{"statut":"a_revoir"}}},{"type":"Feature","geometry":{"type":"Polygon","coordinates":[[[4.216558,43.740999],[4.216712,43.741028],[4.216811,43.740971],[4.216911,43.74068],[4.216534,43.740621],[4.216528,43.740639],[4.216819,43.740688],[4.216816,43.740702],[4.216785,43.740849],[4.216674,43.74088],[4.216691,43.740926],[4.216602,43.740931],[4.216576,43.740882],[4.216501,43.740904],[4.216454,43.740979],[4.216558,43.740999]]]},"properties":{"id_pk":"PK_30344_028","nom":null,"insee":"30344","commune":"Vergèze","source":"osm","id_source":"w511362308","surf_m2":538.9,"nb_pl_est":24,"nb_pl_reel":null,"nb_places":24,"stat_auto":"prive","statut":null,"proprio":"pp","part_pub":0.02,"acces_osm":"customers","payant":null,"sud_canal":false,"a_verif":false,"motif_ver":"","cle":"osm:w511362308","revue":{"statut":"a_revoir"}}},{"type":"Feature","geometry":{"type":"Polygon","coordinates":[[[4.219503,43.739851],[4.219829,43.739924],[4.21986,43.73993],[4.219914,43.739942],[4.219953,43.739792],[4.21974,43.739779],[4.219687,43.739776],[4.219492,43.739763],[4.219489,43.739842],[4.219503,43.739851]]]},"properties":{"id_pk":"PK_30344_029","nom":null,"insee":"30344","commune":"Vergèze","source":"osm","id_source":"w523406060","surf_m2":478.4,"nb_pl_est":22,"nb_pl_reel":null,"nb_places":25,"stat_auto":"public","statut":null,"proprio":"epci","part_pub":1.0,"acces_osm":"yes","payant":"no","sud_canal":false,"a_verif":false,"motif_ver":"","cle":"osm:w523406060","revue":{"statut":"a_revoir"}}},{"type":"Feature","geometry":{"type":"Polygon","coordinates":[[[4.226836,43.740456],[4.226935,43.740389],[4.226858,43.740394],[4.226641,43.740409],[4.22655,43.74045],[4.226508,43.740519],[4.226546,43.74058],[4.226613,43.74062],[4.226836,43.740456]]]},"properties":{"id_pk":"PK_30344_030","nom":null,"insee":"30344","commune":"Vergèze","source":"osm","id_source":"w680167281","surf_m2":413.3,"nb_pl_est":19,"nb_pl_reel":null,"nb_places":20,"stat_auto":"public","statut":null,"proprio":"domaine_public","part_pub":1.0,"acces_osm":"yes","payant":"no","sud_canal":false,"a_verif":false,"motif_ver":"","cle":"osm:w680167281","revue":{"statut":"a_revoir"}}},{"type":"Feature","geometry":{"type":"Polygon","coordinates":[[[4.247421,43.732355],[4.247382,43.73258],[4.247579,43.732577],[4.247618,43.732349],[4.247421,43.732355]]]},"properties":{"id_pk":"PK_30344_031","nom":null,"insee":"30344","commune":"Vergèze","source":"osm","id_source":"w1290869323","surf_m2":398.3,"nb_pl_est":19,"nb_pl_reel":null,"nb_places":19,"stat_auto":"prive","statut":null,"proprio":"pm_privee","part_pub":0.0,"acces_osm":null,"payant":null,"sud_canal":false,"a_verif":false,"motif_ver":"","cle":"osm:w1290869323","revue":{"statut":"a_revoir"}}},{"type":"Feature","geometry":{"type":"Polygon","coordinates":[[[4.217131,43.736524],[4.217156,43.736413],[4.217083,43.736411],[4.216789,43.736437],[4.21676,43.736545],[4.217131,43.736524]]]},"properties":{"id_pk":"PK_30344_032","nom":null,"insee":"30344","commune":"Vergèze","source":"osm","id_source":"w1317173848","surf_m2":366.3,"nb_pl_est":18,"nb_pl_reel":null,"nb_places":10,"stat_auto":"public","statut":null,"proprio":"commune","part_pub":1.0,"acces_osm":"yes","payant":"no","sud_canal":false,"a_verif":false,"motif_ver":"","cle":"osm:w1317173848","revue":{"statut":"a_revoir"}}},{"type":"Feature","geometry":{"type":"Polygon","coordinates":[[[4.225209,43.748147],[4.224689,43.747932],[4.22459,43.747967],[4.225096,43.748183],[4.225209,43.748147]]]},"properties":{"id_pk":"PK_30344_033","nom":null,"insee":"30344","commune":"Vergèze","source":"osm","id_source":"w1144469253","surf_m2":366.0,"nb_pl_est":18,"nb_pl_reel":null,"nb_places":15,"stat_auto":"public","statut":null,"proprio":"commune","part_pub":1.0,"acces_osm":"yes","payant":"no","sud_canal":false,"a_verif":false,"motif_ver":"","cle":"osm:w1144469253","revue":{"statut":"a_revoir"}}},{"type":"Feature","geometry":{"type":"Polygon","coordinates":[[[4.218218,43.738449],[4.218233,43.738391],[4.218491,43.738425],[4.218512,43.738359],[4.218097,43.738308],[4.218065,43.738428],[4.218218,43.738449]]]},"properties":{"id_pk":"PK_30344_034","nom":null,"insee":"30344","commune":"Vergèze","source":"osm","id_source":"w1343091355","surf_m2":330.1,"nb_pl_est":16,"nb_pl_reel":null,"nb_places":10,"stat_auto":"prive","statut":null,"proprio":"pm_privee","part_pub":0.0,"acces_osm":"private","payant":"no","sud_canal":false,"a_verif":false,"motif_ver":"","cle":"osm:w1343091355","revue":{"statut":"a_revoir"}}},{"type":"Feature","geometry":{"type":"Polygon","coordinates":[[[4.22688,43.743538],[4.226827,43.743231],[4.226715,43.743199],[4.22677,43.743506],[4.22688,43.743538]]]},"properties":{"id_pk":"PK_30344_035","nom":null,"insee":"30344","commune":"Vergèze","source":"osm","id_source":"w1144469217","surf_m2":289.8,"nb_pl_est":14,"nb_pl_reel":null,"nb_places":10,"stat_auto":"public","statut":null,"proprio":"commune","part_pub":1.0,"acces_osm":"yes","payant":"no","sud_canal":false,"a_verif":false,"motif_ver":"","cle":"osm:w1144469217","revue":{"statut":"a_revoir"}}},{"type":"Feature","geometry":{"type":"Polygon","coordinates":[[[4.216023,43.7426],[4.216048,43.74255],[4.216179,43.7426],[4.216195,43.742605],[4.216241,43.742497],[4.216015,43.74243],[4.215943,43.74258],[4.216023,43.7426]]]},"properties":{"id_pk":"PK_30344_036","nom":null,"insee":"30344","commune":"Vergèze","source":"osm","id_source":"w320310874","surf_m2":276.0,"nb_pl_est":14,"nb_pl_reel":null,"nb_places":14,"stat_auto":"prive","statut":null,"proprio":"pp","part_pub":0.07,"acces_osm":"customers","payant":"no","sud_canal":false,"a_verif":true,"motif_ver":"capacité proche du seuil de 10 places","cle":"osm:w320310874","revue":{"statut":"a_revoir"}}},{"type":"Feature","geometry":{"type":"Polygon","coordinates":[[[4.224832,43.74239],[4.224853,43.742338],[4.224355,43.74225],[4.224338,43.742299],[4.224832,43.74239]]]},"properties":{"id_pk":"PK_30344_037","nom":null,"insee":"30344","commune":"Vergèze","source":"osm","id_source":"w682203633","surf_m2":236.5,"nb_pl_est":12,"nb_pl_reel":null,"nb_places":15,"stat_auto":"public","statut":null,"proprio":"commune","part_pub":1.0,"acces_osm":"yes","payant":null,"sud_canal":false,"a_verif":false,"motif_ver":"","cle":"osm:w682203633","revue":{"statut":"a_revoir"}}},{"type":"Feature","geometry":{"type":"Polygon","coordinates":[[[4.265991,43.718885],[4.266033,43.719054],[4.266817,43.718948],[4.266789,43.718781],[4.265991,43.718885]]]},"properties":{"id_pk":"PK_30347_001","nom":null,"insee":"30347","commune":"Vestric-et-Candiac","source":"osm","id_source":"w828528959","surf_m2":1226.2,"nb_pl_est":43,"nb_pl_reel":null,"nb_places":43,"stat_auto":"prive","statut":null,"proprio":"pm_privee","part_pub":0.0,"acces_osm":null,"payant":null,"sud_canal":false,"a_verif":false,"motif_ver":"","cle":"osm:w828528959","revue":{"statut":"a_revoir"}}},{"type":"Feature","geometry":{"type":"Polygon","coordinates":[[[4.255547,43.739197],[4.255471,43.739373],[4.256241,43.739375],[4.256338,43.739243],[4.255547,43.739197]]]},"properties":{"id_pk":"PK_30347_002","nom":null,"insee":"30347","commune":"Vestric-et-Candiac","source":"osm","id_source":"w796561506","surf_m2":1090.7,"nb_pl_est":40,"nb_pl_reel":null,"nb_places":40,"stat_auto":"public","statut":null,"proprio":"commune","part_pub":1.0,"acces_osm":null,"payant":null,"sud_canal":false,"a_verif":false,"motif_ver":"","cle":"osm:w796561506","revue":{"statut":"a_revoir"}}},{"type":"Feature","geometry":{"type":"Polygon","coordinates":[[[4.252509,43.746826],[4.252919,43.747151],[4.253061,43.747023],[4.252941,43.746943],[4.252986,43.746907],[4.252714,43.746691],[4.252509,43.746826]]]},"properties":{"id_pk":"PK_30347_003","nom":null,"insee":"30347","commune":"Vestric-et-Candiac","source":"osm","id_source":"w1074208083","surf_m2":988.1,"nb_pl_est":38,"nb_pl_reel":null,"nb_places":38,"stat_auto":"prive","statut":null,"proprio":"pm_privee","part_pub":0.0,"acces_osm":null,"payant":null,"sud_canal":false,"a_verif":false,"motif_ver":"","cle":"osm:w1074208083","revue":{"statut":"a_revoir"}}},{"type":"Feature","geometry":{"type":"Polygon","coordinates":[[[4.261643,43.742141],[4.261854,43.742198],[4.262058,43.742254],[4.262094,43.742266],[4.262118,43.742223],[4.261613,43.741875],[4.261487,43.742098],[4.261643,43.742141]]]},"properties":{"id_pk":"PK_30347_004","nom":null,"insee":"30347","commune":"Vestric-et-Candiac","source":"osm","id_source":"w284859308","surf_m2":833.0,"nb_pl_est":34,"nb_pl_reel":null,"nb_places":34,"stat_auto":"public","statut":null,"proprio":"commune","part_pub":1.0,"acces_osm":null,"payant":null,"sud_canal":false,"a_verif":false,"motif_ver":"","cle":"osm:w284859308","revue":{"statut":"a_revoir"}}},{"type":"Feature","geometry":{"type":"Polygon","coordinates":[[[4.265015,43.725241],[4.265104,43.725121],[4.265029,43.724946],[4.264936,43.72498],[4.264759,43.724963],[4.264767,43.72527],[4.264872,43.725277],[4.265015,43.725241]]]},"properties":{"id_pk":"PK_30347_005","nom":null,"insee":"30347","commune":"Vestric-et-Candiac","source":"osm","id_source":"w823919013","surf_m2":793.6,"nb_pl_est":33,"nb_pl_reel":null,"nb_places":33,"stat_auto":"public","statut":null,"proprio":"commune","part_pub":1.0,"acces_osm":null,"payant":"no","sud_canal":false,"a_verif":false,"motif_ver":"","cle":"osm:w823919013","revue":{"statut":"a_revoir"}}},{"type":"Feature","geometry":{"type":"Polygon","coordinates":[[[4.259863,43.740266],[4.259897,43.740195],[4.259651,43.74011],[4.259599,43.740181],[4.259572,43.740214],[4.259833,43.740318],[4.259863,43.740266]]]},"properties":{"id_pk":"PK_30347_006","nom":null,"insee":"30347","commune":"Vestric-et-Candiac","source":"osm","id_source":"w931752918","surf_m2":317.2,"nb_pl_est":15,"nb_pl_reel":null,"nb_places":15,"stat_auto":"public","statut":null,"proprio":"domaine_public","part_pub":1.0,"acces_osm":null,"payant":"no","sud_canal":false,"a_verif":false,"motif_ver":"","cle":"osm:w931752918","revue":{"statut":"a_revoir"}}},{"type":"Feature","geometry":{"type":"Polygon","coordinates":[[[4.252357,43.747443],[4.252702,43.747221],[4.252669,43.747189],[4.252654,43.747199],[4.252628,43.747177],[4.252292,43.747391],[4.252357,43.747443]]]},"properties":{"id_pk":"PK_30347_007","nom":null,"insee":"30347","commune":"Vestric-et-Candiac","source":"osm","id_source":"w1074208084","surf_m2":283.4,"nb_pl_est":14,"nb_pl_reel":null,"nb_places":14,"stat_auto":"prive","statut":null,"proprio":"pm_privee","part_pub":0.0,"acces_osm":null,"payant":null,"sud_canal":false,"a_verif":true,"motif_ver":"capacité proche du seuil de 10 places","cle":"osm:w1074208084","revue":{"statut":"a_revoir"}}},{"type":"Feature","geometry":{"type":"Polygon","coordinates":[[[4.255618,43.741432],[4.255185,43.741325],[4.255164,43.741377],[4.255588,43.74148],[4.255618,43.741432]]]},"properties":{"id_pk":"PK_30347_008","nom":null,"insee":"30347","commune":"Vestric-et-Candiac","source":"osm","id_source":"w500256918","surf_m2":213.9,"nb_pl_est":11,"nb_pl_reel":null,"nb_places":11,"stat_auto":"public","statut":null,"proprio":"commune","part_pub":0.65,"acces_osm":"yes","payant":null,"sud_canal":false,"a_verif":true,"motif_ver":"capacité proche du seuil de 10 places","cle":"osm:w500256918","revue":{"statut":"a_revoir"}}},{"type":"Feature","geometry":{"type":"Polygon","coordinates":[[[4.260792,43.741293],[4.260834,43.741246],[4.260502,43.7411],[4.260467,43.741145],[4.260792,43.741293]]]},"properties":{"id_pk":"PK_30347_009","nom":null,"insee":"30347","commune":"Vestric-et-Candiac","source":"osm","id_source":"w500258151","surf_m2":186.0,"nb_pl_est":10,"nb_pl_reel":null,"nb_places":10,"stat_auto":"public","statut":null,"proprio":"commune","part_pub":1.0,"acces_osm":"yes","payant":"no","sud_canal":false,"a_verif":true,"motif_ver":"capacité proche du seuil de 10 places","cle":"osm:w500258151","revue":{"statut":"a_revoir"}}},{"type":"Feature","geometry":{"type":"Polygon","coordinates":[[[4.429456,43.823427],[4.429767,43.822851],[4.42912,43.82267],[4.42881,43.823246],[4.429456,43.823427]]]},"properties":{"id_pk":"PK_30356_001","nom":null,"insee":"30356","commune":"Rodilhan","source":"osm","id_source":"w556364898","surf_m2":3830.0,"nb_pl_est":101,"nb_pl_reel":null,"nb_places":101,"stat_auto":"public","statut":null,"proprio":"commune","part_pub":1.0,"acces_osm":null,"payant":null,"sud_canal":false,"a_verif":false,"motif_ver":"","cle":"osm:w556364898","revue":{"statut":"a_revoir"}}},{"type":"Feature","geometry":{"type":"Polygon","coordinates":[[[4.431932,43.823055],[4.431996,43.822897],[4.431482,43.822812],[4.431383,43.823126],[4.431778,43.823404],[4.431932,43.823055]]]},"properties":{"id_pk":"PK_30356_002","nom":null,"insee":"30356","commune":"Rodilhan","source":"osm","id_source":"w502847292","surf_m2":1931.0,"nb_pl_est":55,"nb_pl_reel":null,"nb_places":55,"stat_auto":"public","statut":null,"proprio":"commune","part_pub":1.0,"acces_osm":null,"payant":"no","sud_canal":false,"a_verif":false,"motif_ver":"","cle":"osm:w502847292","revue":{"statut":"a_revoir"}}},{"type":"Feature","geometry":{"type":"Polygon","coordinates":[[[4.43067,43.826161],[4.431279,43.826333],[4.431426,43.826056],[4.430818,43.82589],[4.43067,43.826161]]]},"properties":{"id_pk":"PK_30356_003","nom":"Place de la Mairie","insee":"30356","commune":"Rodilhan","source":"osm","id_source":"w47844954","surf_m2":1709.6,"nb_pl_est":52,"nb_pl_reel":null,"nb_places":52,"stat_auto":"public","statut":null,"proprio":"commune","part_pub":1.0,"acces_osm":null,"payant":null,"sud_canal":false,"a_verif":false,"motif_ver":"","cle":"osm:w47844954","revue":{"statut":"a_revoir"}}},{"type":"Feature","geometry":{"type":"Polygon","coordinates":[[[4.434291,43.830035],[4.434266,43.829979],[4.433477,43.830091],[4.433507,43.830158],[4.434291,43.830035]]]},"properties":{"id_pk":"PK_30356_004","nom":null,"insee":"30356","commune":"Rodilhan","source":"osm","id_source":"w960652886","surf_m2":459.6,"nb_pl_est":21,"nb_pl_reel":null,"nb_places":21,"stat_auto":"public","statut":null,"proprio":"domaine_public","part_pub":1.0,"acces_osm":null,"payant":null,"sud_canal":false,"a_verif":false,"motif_ver":"","cle":"osm:w960652886","revue":{"statut":"a_revoir"}}},{"type":"Feature","geometry":{"type":"Polygon","coordinates":[[[4.439895,43.830915],[4.439525,43.830589],[4.439454,43.830602],[4.439793,43.830919],[4.439895,43.830915]]]},"properties":{"id_pk":"PK_30356_005","nom":null,"insee":"30356","commune":"Rodilhan","source":"osm","id_source":"w1216891320","surf_m2":275.4,"nb_pl_est":14,"nb_pl_reel":null,"nb_places":14,"stat_auto":"public","statut":null,"proprio":"region","part_pub":1.0,"acces_osm":null,"payant":null,"sud_canal":false,"a_verif":true,"motif_ver":"capacité proche du seuil de 10 places","cle":"osm:w1216891320","revue":{"statut":"a_revoir"}}},{"type":"Feature","geometry":{"type":"Polygon","coordinates":[[[4.439389,43.830646],[4.439054,43.830338],[4.438996,43.830368],[4.439333,43.830673],[4.439389,43.830646]]]},"properties":{"id_pk":"PK_30356_006","nom":null,"insee":"30356","commune":"Rodilhan","source":"osm","id_source":"w1216891319","surf_m2":241.9,"nb_pl_est":12,"nb_pl_reel":null,"nb_places":12,"stat_auto":"public","statut":null,"proprio":"domaine_public","part_pub":1.0,"acces_osm":null,"payant":null,"sud_canal":false,"a_verif":true,"motif_ver":"capacité proche du seuil de 10 places","cle":"osm:w1216891319","revue":{"statut":"a_revoir"}}},{"type":"Feature","geometry":{"type":"Polygon","coordinates":[[[4.43285,43.823809],[4.432827,43.823764],[4.432352,43.823911],[4.432351,43.823958],[4.43285,43.823809]]]},"properties":{"id_pk":"PK_30356_007","nom":null,"insee":"30356","commune":"Rodilhan","source":"osm","id_source":"w556364904","surf_m2":216.1,"nb_pl_est":11,"nb_pl_reel":null,"nb_places":11,"stat_auto":"prive","statut":null,"proprio":"pp","part_pub":0.08,"acces_osm":null,"payant":null,"sud_canal":false,"a_verif":true,"motif_ver":"capacité proche du seuil de 10 places","cle":"osm:w556364904","revue":{"statut":"a_revoir"}}},{"type":"Feature","geometry":{"type":"Polygon","coordinates":[[[4.433103,43.823341],[4.433482,43.822477],[4.433459,43.822473],[4.433079,43.823336],[4.433103,43.823341]]]},"properties":{"id_pk":"PK_30356_008","nom":null,"insee":"30356","commune":"Rodilhan","source":"osm","id_source":"w1011334693","surf_m2":195.9,"nb_pl_est":10,"nb_pl_reel":null,"nb_places":10,"stat_auto":"public","statut":null,"proprio":"domaine_public","part_pub":1.0,"acces_osm":null,"payant":null,"sud_canal":false,"a_verif":true,"motif_ver":"capacité proche du seuil de 10 places","cle":"osm:w1011334693","revue":{"statut":"a_revoir"}}},{"type":"Feature","properties":{"id_pk":"PT_30003_001","nom":"P8","insee":"30003","commune":"Aigues-Mortes","source":"osm_point","id_source":"n13084116601","acces_osm":null,"payant":null,"capacite_osm":null,"date_maj":"2026-09-28","cle":"osm_point:n13084116601","revue":{"statut":"a_revoir"}},"geometry":{"type":"Point","coordinates":[4.199394600000001,43.56854200000001]}},{"type":"Feature","properties":{"id_pk":"PT_30006_001","nom":null,"insee":"30006","commune":"Aimargues","source":"osm_point","id_source":"n8094905946","acces_osm":null,"payant":null,"capacite_osm":null,"date_maj":"2026-09-28","cle":"osm_point:n8094905946","revue":{"statut":"a_revoir"}},"geometry":{"type":"Point","coordinates":[4.209753399999999,43.6849268]}},{"type":"Feature","properties":{"id_pk":"PT_30059_001","nom":null,"insee":"30059","commune":"Le Cailar","source":"osm_point","id_source":"n7883538622","acces_osm":null,"payant":null,"capacite_osm":"3","date_maj":"2026-09-28","cle":"osm_point:n7883538622","revue":{"statut":"a_revoir"}},"geometry":{"type":"Point","coordinates":[4.258755,43.6190334]}},{"type":"Feature","properties":{"id_pk":"PT_30059_002","nom":null,"insee":"30059","commune":"Le Cailar","source":"osm_point","id_source":"n7883538623","acces_osm":null,"payant":null,"capacite_osm":"5","date_maj":"2026-09-28","cle":"osm_point:n7883538623","revue":{"statut":"a_revoir"}},"geometry":{"type":"Point","coordinates":[4.2600419,43.6199574]}},{"type":"Feature","properties":{"id_pk":"PT_30059_003","nom":null,"insee":"30059","commune":"Le Cailar","source":"osm_point","id_source":"n8712683825","acces_osm":null,"payant":null,"capacite_osm":null,"date_maj":"2026-09-28","cle":"osm_point:n8712683825","revue":{"statut":"a_revoir"}},"geometry":{"type":"Point","coordinates":[4.2305355,43.648408999999994]}},{"type":"Feature","properties":{"id_pk":"PT_30059_004","nom":null,"insee":"30059","commune":"Le Cailar","source":"osm_point","id_source":"n9501480761","acces_osm":null,"payant":null,"capacite_osm":null,"date_maj":"2026-09-28","cle":"osm_point:n9501480761","revue":{"statut":"a_revoir"}},"geometry":{"type":"Point","coordinates":[4.227155399999999,43.687187599999994]}},{"type":"Feature","properties":{"id_pk":"PT_30062_001","nom":null,"insee":"30062","commune":"Calvisson","source":"osm_point","id_source":"n13732594109","acces_osm":null,"payant":null,"capacite_osm":null,"date_maj":"2026-09-28","cle":"osm_point:n13732594109","revue":{"statut":"a_revoir"}},"geometry":{"type":"Point","coordinates":[4.2059504,43.76116389999999]}},{"type":"Feature","properties":{"id_pk":"PT_30062_002","nom":null,"insee":"30062","commune":"Calvisson","source":"osm_point","id_source":"n3929120076","acces_osm":"yes","payant":"no","capacite_osm":null,"date_maj":"2026-09-28","cle":"osm_point:n3929120076","revue":{"statut":"a_revoir"}},"geometry":{"type":"Point","coordinates":[4.18701,43.7819571]}},{"type":"Feature","properties":{"id_pk":"PT_30083_001","nom":null,"insee":"30083","commune":"Codognan","source":"osm_point","id_source":"n1798226843","acces_osm":null,"payant":null,"capacite_osm":"15","date_maj":"2026-09-28","cle":"osm_point:n1798226843","revue":{"statut":"a_revoir"}},"geometry":{"type":"Point","coordinates":[4.2138027,43.72895289999998]}},{"type":"Feature","properties":{"id_pk":"PT_30091_001","nom":null,"insee":"30091","commune":"Congénies","source":"osm_point","id_source":"n13739980246","acces_osm":null,"payant":null,"capacite_osm":null,"date_maj":"2026-09-28","cle":"osm_point:n13739980246","revue":{"statut":"a_revoir"}},"geometry":{"type":"Point","coordinates":[4.1566936,43.76718240000002]}},{"type":"Feature","properties":{"id_pk":"PT_30091_002","nom":null,"insee":"30091","commune":"Congénies","source":"osm_point","id_source":"n13739980247","acces_osm":null,"payant":null,"capacite_osm":null,"date_maj":"2026-09-28","cle":"osm_point:n13739980247","revue":{"statut":"a_revoir"}},"geometry":{"type":"Point","coordinates":[4.1554392,43.76730229999999]}},{"type":"Feature","properties":{"id_pk":"PT_30123_001","nom":null,"insee":"30123","commune":"Gallargues-le-Montueux","source":"osm_point","id_source":"n8731919729","acces_osm":null,"payant":null,"capacite_osm":null,"date_maj":"2026-09-28","cle":"osm_point:n8731919729","revue":{"statut":"a_revoir"}},"geometry":{"type":"Point","coordinates":[4.167154699999999,43.71426559999998]}},{"type":"Feature","properties":{"id_pk":"PT_30155_001","nom":null,"insee":"30155","commune":"Manduel","source":"osm_point","id_source":"n9330744754","acces_osm":null,"payant":null,"capacite_osm":null,"date_maj":"2026-09-28","cle":"osm_point:n9330744754","revue":{"statut":"a_revoir"}},"geometry":{"type":"Point","coordinates":[4.4872692999999995,43.8161511]}},{"type":"Feature","properties":{"id_pk":"PT_30169_001","nom":null,"insee":"30169","commune":"Milhaud","source":"osm_point","id_source":"n8548682684","acces_osm":null,"payant":null,"capacite_osm":null,"date_maj":"2026-09-28","cle":"osm_point:n8548682684","revue":{"statut":"a_revoir"}},"geometry":{"type":"Point","coordinates":[4.3099189,43.7907767]}},{"type":"Feature","properties":{"id_pk":"PT_30186_001","nom":null,"insee":"30186","commune":"Nages-et-Solorgues","source":"osm_point","id_source":"n13775191522","acces_osm":null,"payant":null,"capacite_osm":null,"date_maj":"2026-09-28","cle":"osm_point:n13775191522","revue":{"statut":"a_revoir"}},"geometry":{"type":"Point","coordinates":[4.2338577,43.781096399999996]}},{"type":"Feature","properties":{"id_pk":"PT_30189_001","nom":null,"insee":"30189","commune":"Nîmes","source":"osm_point","id_source":"n1660336200","acces_osm":null,"payant":null,"capacite_osm":null,"date_maj":"2026-09-28","cle":"osm_point:n1660336200","revue":{"statut":"a_revoir"}},"geometry":{"type":"Point","coordinates":[4.3482474,43.8200521]}},{"type":"Feature","properties":{"id_pk":"PT_30189_002","nom":null,"insee":"30189","commune":"Nîmes","source":"osm_point","id_source":"n1660336202","acces_osm":null,"payant":null,"capacite_osm":null,"date_maj":"2026-09-28","cle":"osm_point:n1660336202","revue":{"statut":"a_revoir"}},"geometry":{"type":"Point","coordinates":[4.3419522,43.8193651]}},{"type":"Feature","properties":{"id_pk":"PT_30189_003","nom":null,"insee":"30189","commune":"Nîmes","source":"osm_point","id_source":"n1660336230","acces_osm":null,"payant":null,"capacite_osm":null,"date_maj":"2026-09-28","cle":"osm_point:n1660336230","revue":{"statut":"a_revoir"}},"geometry":{"type":"Point","coordinates":[4.3375342,43.818075]}},{"type":"Feature","properties":{"id_pk":"PT_30189_004","nom":null,"insee":"30189","commune":"Nîmes","source":"osm_point","id_source":"n1660336234","acces_osm":null,"payant":null,"capacite_osm":null,"date_maj":"2026-09-28","cle":"osm_point:n1660336234","revue":{"statut":"a_revoir"}},"geometry":{"type":"Point","coordinates":[4.3477296999999995,43.82003470000001]}},{"type":"Feature","properties":{"id_pk":"PT_30189_005","nom":"Picard","insee":"30189","commune":"Nîmes","source":"osm_point","id_source":"n1660336238","acces_osm":null,"payant":null,"capacite_osm":null,"date_maj":"2026-09-28","cle":"osm_point:n1660336238","revue":{"statut":"a_revoir"}},"geometry":{"type":"Point","coordinates":[4.3497332,43.821629099999996]}},{"type":"Feature","properties":{"id_pk":"PT_30189_006","nom":null,"insee":"30189","commune":"Nîmes","source":"osm_point","id_source":"n1660336239","acces_osm":null,"payant":null,"capacite_osm":null,"date_maj":"2026-09-28","cle":"osm_point:n1660336239","revue":{"statut":"a_revoir"}},"geometry":{"type":"Point","coordinates":[4.338661199999999,43.81870319999998]}},{"type":"Feature","properties":{"id_pk":"PT_30189_007","nom":null,"insee":"30189","commune":"Nîmes","source":"osm_point","id_source":"n1660336269","acces_osm":null,"payant":null,"capacite_osm":null,"date_maj":"2026-09-28","cle":"osm_point:n1660336269","revue":{"statut":"a_revoir"}},"geometry":{"type":"Point","coordinates":[4.336472499999999,43.81530660000001]}},{"type":"Feature","properties":{"id_pk":"PT_30189_008","nom":null,"insee":"30189","commune":"Nîmes","source":"osm_point","id_source":"n1660336280","acces_osm":null,"payant":null,"capacite_osm":null,"date_maj":"2026-09-28","cle":"osm_point:n1660336280","revue":{"statut":"a_revoir"}},"geometry":{"type":"Point","coordinates":[4.355408899999999,43.8148402]}},{"type":"Feature","properties":{"id_pk":"PT_30189_009","nom":null,"insee":"30189","commune":"Nîmes","source":"osm_point","id_source":"n1681609605","acces_osm":null,"payant":null,"capacite_osm":null,"date_maj":"2026-09-28","cle":"osm_point:n1681609605","revue":{"statut":"a_revoir"}},"geometry":{"type":"Point","coordinates":[4.346544,43.83118599999999]}},{"type":"Feature","properties":{"id_pk":"PT_30189_010","nom":null,"insee":"30189","commune":"Nîmes","source":"osm_point","id_source":"n1681609618","acces_osm":"yes","payant":null,"capacite_osm":null,"date_maj":"2026-09-28","cle":"osm_point:n1681609618","revue":{"statut":"a_revoir"}},"geometry":{"type":"Point","coordinates":[4.344567199999999,43.836922700000024]}},{"type":"Feature","properties":{"id_pk":"PT_30189_011","nom":null,"insee":"30189","commune":"Nîmes","source":"osm_point","id_source":"n1681609626","acces_osm":"private","payant":null,"capacite_osm":null,"date_maj":"2026-09-28","cle":"osm_point:n1681609626","revue":{"statut":"a_revoir"}},"geometry":{"type":"Point","coordinates":[4.3447013,43.832337300000006]}},{"type":"Feature","properties":{"id_pk":"PT_30189_012","nom":null,"insee":"30189","commune":"Nîmes","source":"osm_point","id_source":"n1681609631","acces_osm":"private","payant":null,"capacite_osm":null,"date_maj":"2026-09-28","cle":"osm_point:n1681609631","revue":{"statut":"a_revoir"}},"geometry":{"type":"Point","coordinates":[4.344537699999999,43.8337168]}},{"type":"Feature","properties":{"id_pk":"PT_30189_013","nom":null,"insee":"30189","commune":"Nîmes","source":"osm_point","id_source":"n1681609647","acces_osm":"private","payant":null,"capacite_osm":null,"date_maj":"2026-09-28","cle":"osm_point:n1681609647","revue":{"statut":"a_revoir"}},"geometry":{"type":"Point","coordinates":[4.344623499999999,43.8360018]}},{"type":"Feature","properties":{"id_pk":"PT_30189_014","nom":null,"insee":"30189","commune":"Nîmes","source":"osm_point","id_source":"n1681609655","acces_osm":"private","payant":null,"capacite_osm":null,"date_maj":"2026-09-28","cle":"osm_point:n1681609655","revue":{"statut":"a_revoir"}},"geometry":{"type":"Point","coordinates":[4.344282899999999,43.831990899999994]}},{"type":"Feature","properties":{"id_pk":"PT_30189_015","nom":null,"insee":"30189","commune":"Nîmes","source":"osm_point","id_source":"n1681609675","acces_osm":"customers","payant":null,"capacite_osm":null,"date_maj":"2026-09-28","cle":"osm_point:n1681609675","revue":{"statut":"a_revoir"}},"geometry":{"type":"Point","coordinates":[4.3480085,43.83142009999998]}},{"type":"Feature","properties":{"id_pk":"PT_30189_016","nom":null,"insee":"30189","commune":"Nîmes","source":"osm_point","id_source":"n1681609680","acces_osm":null,"payant":null,"capacite_osm":null,"date_maj":"2026-09-28","cle":"osm_point:n1681609680","revue":{"statut":"a_revoir"}},"geometry":{"type":"Point","coordinates":[4.345245799999999,43.83118799999998]}},{"type":"Feature","properties":{"id_pk":"PT_30189_017","nom":null,"insee":"30189","commune":"Nîmes","source":"osm_point","id_source":"n1681622131","acces_osm":null,"payant":null,"capacite_osm":null,"date_maj":"2026-09-28","cle":"osm_point:n1681622131","revue":{"statut":"a_revoir"}},"geometry":{"type":"Point","coordinates":[4.3682507,43.827775199999984]}},{"type":"Feature","properties":{"id_pk":"PT_30189_018","nom":null,"insee":"30189","commune":"Nîmes","source":"osm_point","id_source":"n1681622160","acces_osm":null,"payant":null,"capacite_osm":null,"date_maj":"2026-09-28","cle":"osm_point:n1681622160","revue":{"statut":"a_revoir"}},"geometry":{"type":"Point","coordinates":[4.367215399999999,43.8276823]}},{"type":"Feature","properties":{"id_pk":"PT_30189_019","nom":null,"insee":"30189","commune":"Nîmes","source":"osm_point","id_source":"n1681622161","acces_osm":null,"payant":null,"capacite_osm":null,"date_maj":"2026-09-28","cle":"osm_point:n1681622161","revue":{"statut":"a_revoir"}},"geometry":{"type":"Point","coordinates":[4.367628399999999,43.82939290000001]}},{"type":"Feature","properties":{"id_pk":"PT_30189_020","nom":null,"insee":"30189","commune":"Nîmes","source":"osm_point","id_source":"n1681622164","acces_osm":null,"payant":null,"capacite_osm":null,"date_maj":"2026-09-28","cle":"osm_point:n1681622164","revue":{"statut":"a_revoir"}},"geometry":{"type":"Point","coordinates":[4.3622694,43.824336599999995]}},{"type":"Feature","properties":{"id_pk":"PT_30189_021","nom":null,"insee":"30189","commune":"Nîmes","source":"osm_point","id_source":"n1681622182","acces_osm":null,"payant":null,"capacite_osm":null,"date_maj":"2026-09-28","cle":"osm_point:n1681622182","revue":{"statut":"a_revoir"}},"geometry":{"type":"Point","coordinates":[4.3613467,43.82864599999999]}},{"type":"Feature","properties":{"id_pk":"PT_30189_022","nom":null,"insee":"30189","commune":"Nîmes","source":"osm_point","id_source":"n1681622187","acces_osm":null,"payant":null,"capacite_osm":null,"date_maj":"2026-09-28","cle":"osm_point:n1681622187","revue":{"statut":"a_revoir"}},"geometry":{"type":"Point","coordinates":[4.368451900000001,43.828129299999986]}},{"type":"Feature","properties":{"id_pk":"PT_30189_023","nom":null,"insee":"30189","commune":"Nîmes","source":"osm_point","id_source":"n1681622210","acces_osm":null,"payant":null,"capacite_osm":null,"date_maj":"2026-09-28","cle":"osm_point:n1681622210","revue":{"statut":"a_revoir"}},"geometry":{"type":"Point","coordinates":[4.3679691,43.827163800000015]}},{"type":"Feature","properties":{"id_pk":"PT_30189_024","nom":null,"insee":"30189","commune":"Nîmes","source":"osm_point","id_source":"n1682860875","acces_osm":null,"payant":null,"capacite_osm":null,"date_maj":"2026-09-28","cle":"osm_point:n1682860875","revue":{"statut":"a_revoir"}},"geometry":{"type":"Point","coordinates":[4.3882387,43.8407723]}},{"type":"Feature","properties":{"id_pk":"PT_30189_025","nom":null,"insee":"30189","commune":"Nîmes","source":"osm_point","id_source":"n1682860953","acces_osm":null,"payant":null,"capacite_osm":null,"date_maj":"2026-09-28","cle":"osm_point:n1682860953","revue":{"statut":"a_revoir"}},"geometry":{"type":"Point","coordinates":[4.3898909999999995,43.83641549999998]}},{"type":"Feature","properties":{"id_pk":"PT_30189_026","nom":null,"insee":"30189","commune":"Nîmes","source":"osm_point","id_source":"n1682860996","acces_osm":null,"payant":null,"capacite_osm":null,"date_maj":"2026-09-28","cle":"osm_point:n1682860996","revue":{"statut":"a_revoir"}},"geometry":{"type":"Point","coordinates":[4.387490399999999,43.838359800000006]}},{"type":"Feature","properties":{"id_pk":"PT_30189_027","nom":null,"insee":"30189","commune":"Nîmes","source":"osm_point","id_source":"n1682867615","acces_osm":null,"payant":null,"capacite_osm":null,"date_maj":"2026-09-28","cle":"osm_point:n1682867615","revue":{"statut":"a_revoir"}},"geometry":{"type":"Point","coordinates":[4.390545400000001,43.8355081]}},{"type":"Feature","properties":{"id_pk":"PT_30189_028","nom":null,"insee":"30189","commune":"Nîmes","source":"osm_point","id_source":"n1682867624","acces_osm":null,"payant":null,"capacite_osm":null,"date_maj":"2026-09-28","cle":"osm_point:n1682867624","revue":{"statut":"a_revoir"}},"geometry":{"type":"Point","coordinates":[4.3909209,43.84203949999999]}},{"type":"Feature","properties":{"id_pk":"PT_30189_029","nom":null,"insee":"30189","commune":"Nîmes","source":"osm_point","id_source":"n1682867627","acces_osm":null,"payant":null,"capacite_osm":null,"date_maj":"2026-09-28","cle":"osm_point:n1682867627","revue":{"statut":"a_revoir"}},"geometry":{"type":"Point","coordinates":[4.391639799999999,43.830810299999996]}},{"type":"Feature","properties":{"id_pk":"PT_30189_030","nom":null,"insee":"30189","commune":"Nîmes","source":"osm_point","id_source":"n1682867634","acces_osm":null,"payant":null,"capacite_osm":null,"date_maj":"2026-09-28","cle":"osm_point:n1682867634","revue":{"statut":"a_revoir"}},"geometry":{"type":"Point","coordinates":[4.3916827,43.841788]}},{"type":"Feature","properties":{"id_pk":"PT_30189_031","nom":null,"insee":"30189","commune":"Nîmes","source":"osm_point","id_source":"n1682867639","acces_osm":null,"payant":null,"capacite_osm":null,"date_maj":"2026-09-28","cle":"osm_point:n1682867639","revue":{"statut":"a_revoir"}},"geometry":{"type":"Point","coordinates":[4.391116700000001,43.8414185]}},{"type":"Feature","properties":{"id_pk":"PT_30189_032","nom":null,"insee":"30189","commune":"Nîmes","source":"osm_point","id_source":"n1683220183","acces_osm":null,"payant":null,"capacite_osm":null,"date_maj":"2026-09-28","cle":"osm_point:n1683220183","revue":{"statut":"a_revoir"}},"geometry":{"type":"Point","coordinates":[4.352669299999999,43.8137477]}},{"type":"Feature","properties":{"id_pk":"PT_30189_033","nom":null,"insee":"30189","commune":"Nîmes","source":"osm_point","id_source":"n1683220188","acces_osm":"yes","payant":null,"capacite_osm":null,"date_maj":"2026-09-28","cle":"osm_point:n1683220188","revue":{"statut":"a_revoir"}},"geometry":{"type":"Point","coordinates":[4.3551155,43.81334520000001]}},{"type":"Feature","properties":{"id_pk":"PT_30189_034","nom":"Parking de la Coupole","insee":"30189","commune":"Nîmes","source":"osm_point","id_source":"n1711217237","acces_osm":"yes","payant":"yes","capacite_osm":null,"date_maj":"2026-09-28","cle":"osm_point:n1711217237","revue":{"statut":"a_revoir"}},"geometry":{"type":"Point","coordinates":[4.3584969000000005,43.839746299999995]}},{"type":"Feature","properties":{"id_pk":"PT_30189_035","nom":null,"insee":"30189","commune":"Nîmes","source":"osm_point","id_source":"n2493790556","acces_osm":null,"payant":null,"capacite_osm":null,"date_maj":"2026-09-28","cle":"osm_point:n2493790556","revue":{"statut":"a_revoir"}},"geometry":{"type":"Point","coordinates":[4.3963247,43.85820639999999]}},{"type":"Feature","properties":{"id_pk":"PT_30189_036","nom":null,"insee":"30189","commune":"Nîmes","source":"osm_point","id_source":"n2493797560","acces_osm":"private","payant":null,"capacite_osm":null,"date_maj":"2026-09-28","cle":"osm_point:n2493797560","revue":{"statut":"a_revoir"}},"geometry":{"type":"Point","coordinates":[4.3973208,43.8585994]}},{"type":"Feature","properties":{"id_pk":"PT_30189_037","nom":null,"insee":"30189","commune":"Nîmes","source":"osm_point","id_source":"n2493812227","acces_osm":null,"payant":null,"capacite_osm":null,"date_maj":"2026-09-28","cle":"osm_point:n2493812227","revue":{"statut":"a_revoir"}},"geometry":{"type":"Point","coordinates":[4.396196699999999,43.85750900000001]}},{"type":"Feature","properties":{"id_pk":"PT_30189_038","nom":null,"insee":"30189","commune":"Nîmes","source":"osm_point","id_source":"n2493812240","acces_osm":null,"payant":null,"capacite_osm":null,"date_maj":"2026-09-28","cle":"osm_point:n2493812240","revue":{"statut":"a_revoir"}},"geometry":{"type":"Point","coordinates":[4.395863499999999,43.85799969999999]}},{"type":"Feature","properties":{"id_pk":"PT_30189_039","nom":null,"insee":"30189","commune":"Nîmes","source":"osm_point","id_source":"n2497501318","acces_osm":null,"payant":null,"capacite_osm":null,"date_maj":"2026-09-28","cle":"osm_point:n2497501318","revue":{"statut":"a_revoir"}},"geometry":{"type":"Point","coordinates":[4.396114299999999,43.8602717]}},{"type":"Feature","properties":{"id_pk":"PT_30189_040","nom":null,"insee":"30189","commune":"Nîmes","source":"osm_point","id_source":"n3048484464","acces_osm":null,"payant":null,"capacite_osm":null,"date_maj":"2026-09-28","cle":"osm_point:n3048484464","revue":{"statut":"a_revoir"}},"geometry":{"type":"Point","coordinates":[4.373237799999999,43.8133766]}},{"type":"Feature","properties":{"id_pk":"PT_30189_041","nom":null,"insee":"30189","commune":"Nîmes","source":"osm_point","id_source":"n3109843373","acces_osm":null,"payant":null,"capacite_osm":null,"date_maj":"2026-09-28","cle":"osm_point:n3109843373","revue":{"statut":"a_revoir"}},"geometry":{"type":"Point","coordinates":[4.3322775,43.81652509999999]}},{"type":"Feature","properties":{"id_pk":"PT_30189_042","nom":"Parking Indigo Nîmes CHU Carémeau","insee":"30189","commune":"Nîmes","source":"osm_point","id_source":"n3370485639","acces_osm":null,"payant":"yes","capacite_osm":null,"date_maj":"2026-09-28","cle":"osm_point:n3370485639","revue":{"statut":"a_revoir"}},"geometry":{"type":"Point","coordinates":[4.3192404,43.82256009999999]}},{"type":"Feature","properties":{"id_pk":"PT_30189_043","nom":"Parking des Halles","insee":"30189","commune":"Nîmes","source":"osm_point","id_source":"n462855836","acces_osm":"yes","payant":"yes","capacite_osm":null,"date_maj":"2026-09-28","cle":"osm_point:n462855836","revue":{"statut":"a_revoir"}},"geometry":{"type":"Point","coordinates":[4.3588838,43.839432099999996]}},{"type":"Feature","properties":{"id_pk":"PT_30189_044","nom":null,"insee":"30189","commune":"Nîmes","source":"osm_point","id_source":"n560810182","acces_osm":null,"payant":null,"capacite_osm":null,"date_maj":"2026-09-28","cle":"osm_point:n560810182","revue":{"statut":"a_revoir"}},"geometry":{"type":"Point","coordinates":[4.3941137,43.83427250000002]}},{"type":"Feature","properties":{"id_pk":"PT_30189_045","nom":"Parking des Arènes","insee":"30189","commune":"Nîmes","source":"osm_point","id_source":"n579975460","acces_osm":"yes","payant":"yes","capacite_osm":null,"date_maj":"2026-09-28","cle":"osm_point:n579975460","revue":{"statut":"a_revoir"}},"geometry":{"type":"Point","coordinates":[4.363055,43.8361172]}},{"type":"Feature","properties":{"id_pk":"PT_30189_046","nom":null,"insee":"30189","commune":"Nîmes","source":"osm_point","id_source":"n6461839922","acces_osm":null,"payant":null,"capacite_osm":null,"date_maj":"2026-09-28","cle":"osm_point:n6461839922","revue":{"statut":"a_revoir"}},"geometry":{"type":"Point","coordinates":[4.3195172,43.82235210000001]}},{"type":"Feature","properties":{"id_pk":"PT_30189_047","nom":null,"insee":"30189","commune":"Nîmes","source":"osm_point","id_source":"n672990967","acces_osm":null,"payant":null,"capacite_osm":null,"date_maj":"2026-09-28","cle":"osm_point:n672990967","revue":{"statut":"a_revoir"}},"geometry":{"type":"Point","coordinates":[4.3861811,43.834509]}},{"type":"Feature","properties":{"id_pk":"PT_30189_048","nom":null,"insee":"30189","commune":"Nîmes","source":"osm_point","id_source":"n672990971","acces_osm":null,"payant":null,"capacite_osm":null,"date_maj":"2026-09-28","cle":"osm_point:n672990971","revue":{"statut":"a_revoir"}},"geometry":{"type":"Point","coordinates":[4.386260700000001,43.834966800000004]}},{"type":"Feature","properties":{"id_pk":"PT_30189_049","nom":null,"insee":"30189","commune":"Nîmes","source":"osm_point","id_source":"n672990992","acces_osm":null,"payant":null,"capacite_osm":null,"date_maj":"2026-09-28","cle":"osm_point:n672990992","revue":{"statut":"a_revoir"}},"geometry":{"type":"Point","coordinates":[4.386579500000001,43.835421899999986]}},{"type":"Feature","properties":{"id_pk":"PT_30189_050","nom":null,"insee":"30189","commune":"Nîmes","source":"osm_point","id_source":"n6874159546","acces_osm":null,"payant":null,"capacite_osm":null,"date_maj":"2026-09-28","cle":"osm_point:n6874159546","revue":{"statut":"a_revoir"}},"geometry":{"type":"Point","coordinates":[4.3329337,43.8168906]}},{"type":"Feature","properties":{"id_pk":"PT_30189_051","nom":null,"insee":"30189","commune":"Nîmes","source":"osm_point","id_source":"n6874226982","acces_osm":null,"payant":null,"capacite_osm":null,"date_maj":"2026-09-28","cle":"osm_point:n6874226982","revue":{"statut":"a_revoir"}},"geometry":{"type":"Point","coordinates":[4.3385438,43.823530500000004]}},{"type":"Feature","properties":{"id_pk":"PT_30189_052","nom":null,"insee":"30189","commune":"Nîmes","source":"osm_point","id_source":"n6874226983","acces_osm":null,"payant":null,"capacite_osm":null,"date_maj":"2026-09-28","cle":"osm_point:n6874226983","revue":{"statut":"a_revoir"}},"geometry":{"type":"Point","coordinates":[4.338925800000001,43.82293710000001]}},{"type":"Feature","properties":{"id_pk":"PT_30189_053","nom":null,"insee":"30189","commune":"Nîmes","source":"osm_point","id_source":"n6874226984","acces_osm":null,"payant":null,"capacite_osm":null,"date_maj":"2026-09-28","cle":"osm_point:n6874226984","revue":{"statut":"a_revoir"}},"geometry":{"type":"Point","coordinates":[4.340673099999999,43.82372989999998]}},{"type":"Feature","properties":{"id_pk":"PT_30189_054","nom":null,"insee":"30189","commune":"Nîmes","source":"osm_point","id_source":"n8684325605","acces_osm":null,"payant":null,"capacite_osm":null,"date_maj":"2026-09-28","cle":"osm_point:n8684325605","revue":{"statut":"a_revoir"}},"geometry":{"type":"Point","coordinates":[4.3535874,43.78832220000001]}},{"type":"Feature","properties":{"id_pk":"PT_30189_055","nom":null,"insee":"30189","commune":"Nîmes","source":"osm_point","id_source":"n9253848990","acces_osm":null,"payant":"yes","capacite_osm":null,"date_maj":"2026-09-28","cle":"osm_point:n9253848990","revue":{"statut":"a_revoir"}},"geometry":{"type":"Point","coordinates":[4.3631153,43.82951910000001]}},{"type":"Feature","properties":{"id_pk":"PT_30258_001","nom":null,"insee":"30258","commune":"Saint-Gilles","source":"osm_point","id_source":"n14168936884","acces_osm":"no","payant":null,"capacite_osm":null,"date_maj":"2026-09-28","cle":"osm_point:n14168936884","revue":{"statut":"a_revoir"}},"geometry":{"type":"Point","coordinates":[4.4348721,43.750062400000004]}},{"type":"Feature","properties":{"id_pk":"PT_30258_002","nom":null,"insee":"30258","commune":"Saint-Gilles","source":"osm_point","id_source":"n2401825271","acces_osm":null,"payant":null,"capacite_osm":null,"date_maj":"2026-09-28","cle":"osm_point:n2401825271","revue":{"statut":"a_revoir"}},"geometry":{"type":"Point","coordinates":[4.429023999999999,43.67856549999999]}},{"type":"Feature","properties":{"id_pk":"PT_30258_003","nom":null,"insee":"30258","commune":"Saint-Gilles","source":"osm_point","id_source":"n5131488959","acces_osm":null,"payant":null,"capacite_osm":null,"date_maj":"2026-09-28","cle":"osm_point:n5131488959","revue":{"statut":"a_revoir"}},"geometry":{"type":"Point","coordinates":[4.389300899999999,43.661039800000005]}},{"type":"Feature","properties":{"id_pk":"PT_30258_004","nom":null,"insee":"30258","commune":"Saint-Gilles","source":"osm_point","id_source":"n7042144880","acces_osm":null,"payant":null,"capacite_osm":null,"date_maj":"2026-09-28","cle":"osm_point:n7042144880","revue":{"statut":"a_revoir"}},"geometry":{"type":"Point","coordinates":[4.429764700000001,43.677569800000015]}},{"type":"Feature","properties":{"id_pk":"PT_30258_005","nom":null,"insee":"30258","commune":"Saint-Gilles","source":"osm_point","id_source":"n7091286542","acces_osm":null,"payant":null,"capacite_osm":null,"date_maj":"2026-09-28","cle":"osm_point:n7091286542","revue":{"statut":"a_revoir"}},"geometry":{"type":"Point","coordinates":[4.425226399999999,43.67520120000001]}},{"type":"Feature","properties":{"id_pk":"PT_30276_001","nom":null,"insee":"30276","commune":"Saint-Laurent-d'Aigouze","source":"osm_point","id_source":"n2412474207","acces_osm":null,"payant":null,"capacite_osm":null,"date_maj":"2026-09-28","cle":"osm_point:n2412474207","revue":{"statut":"a_revoir"}},"geometry":{"type":"Point","coordinates":[4.188977100000001,43.6073892]}},{"type":"Feature","properties":{"id_pk":"PT_30276_002","nom":null,"insee":"30276","commune":"Saint-Laurent-d'Aigouze","source":"osm_point","id_source":"n7952097673","acces_osm":null,"payant":null,"capacite_osm":null,"date_maj":"2026-09-28","cle":"osm_point:n7952097673","revue":{"statut":"a_revoir"}},"geometry":{"type":"Point","coordinates":[4.180131399999999,43.6227643]}},{"type":"Feature","properties":{"id_pk":"PT_30341_001","nom":null,"insee":"30341","commune":"Vauvert","source":"osm_point","id_source":"n13724093044","acces_osm":null,"payant":null,"capacite_osm":null,"date_maj":"2026-09-28","cle":"osm_point:n13724093044","revue":{"statut":"a_revoir"}},"geometry":{"type":"Point","coordinates":[4.2799172,43.69358659999999]}},{"type":"Feature","properties":{"id_pk":"PT_30356_001","nom":null,"insee":"30356","commune":"Rodilhan","source":"osm_point","id_source":"n1890287031","acces_osm":null,"payant":null,"capacite_osm":null,"date_maj":"2026-09-28","cle":"osm_point:n1890287031","revue":{"statut":"a_revoir"}},"geometry":{"type":"Point","coordinates":[4.4305483,43.82803220000001]}}]}