{"type":"FeatureCollection","features":[{"type":"Feature","geometry":{"type":"Polygon","coordinates":[[[4.199016,43.577209],[4.198986,43.577163],[4.198942,43.57716],[4.198721,43.577242],[4.198766,43.577293],[4.198701,43.577322],[4.198743,43.577387],[4.198007,43.577685],[4.197941,43.577738],[4.197829,43.577782],[4.197927,43.577929],[4.197877,43.577941],[4.197893,43.578017],[4.197973,43.57834],[4.19806,43.578633],[4.198116,43.578636],[4.198138,43.578714],[4.198244,43.578717],[4.198358,43.578614],[4.19841,43.578558],[4.198281,43.578425],[4.198242,43.578442],[4.198166,43.578413],[4.198131,43.578269],[4.198355,43.578176],[4.198222,43.577983],[4.198313,43.577947],[4.198306,43.577938],[4.198304,43.577924],[4.19831,43.577907],[4.19832,43.577895],[4.199242,43.577521],[4.199264,43.577525],[4.199399,43.577644],[4.199389,43.57772],[4.199673,43.578099],[4.199906,43.57809],[4.200107,43.578106],[4.200186,43.578112],[4.200221,43.578088],[4.200047,43.57794],[4.199488,43.577494],[4.199063,43.577191],[4.199016,43.577209]]]},"properties":{"cle":"osm:w48980389","nom":null,"file":"inventaire","sort":"retenue"}},{"type":"Feature","geometry":{"type":"Polygon","coordinates":[[[4.195982,43.565767],[4.196543,43.565508],[4.19683,43.565332],[4.196914,43.565256],[4.196686,43.565127],[4.196891,43.564934],[4.19641,43.564637],[4.19656,43.564497],[4.196453,43.564427],[4.195486,43.565342],[4.195523,43.565367],[4.195488,43.565398],[4.195982,43.565767]]]},"properties":{"cle":"osm:w77128470","nom":"P4","file":"inventaire","sort":"retenue"}},{"type":"Feature","geometry":{"type":"Polygon","coordinates":[[[4.18612,43.567717],[4.186109,43.567597],[4.186215,43.567583],[4.186097,43.567386],[4.185705,43.566913],[4.185246,43.567051],[4.184907,43.567118],[4.184831,43.567287],[4.18477,43.567406],[4.184896,43.567829],[4.184971,43.567823],[4.185005,43.567886],[4.18612,43.567717]]]},"properties":{"cle":"osm:w1271896895","nom":null,"file":"inventaire","sort":"retenue"}},{"type":"Feature","geometry":{"type":"Polygon","coordinates":[[[4.186958,43.564438],[4.1871,43.564371],[4.187204,43.564481],[4.187215,43.564494],[4.187249,43.564473],[4.187293,43.564448],[4.18736,43.564507],[4.187615,43.564381],[4.187999,43.564178],[4.188075,43.56408],[4.188069,43.564026],[4.188065,43.563984],[4.18791,43.563902],[4.187576,43.563697],[4.187406,43.563632],[4.187154,43.563723],[4.1867,43.563832],[4.186625,43.563959],[4.186828,43.56443],[4.186898,43.564415],[4.186927,43.564456],[4.186958,43.564438]]]},"properties":{"cle":"osm:w26361826","nom":"P5","file":"inventaire","sort":"retenue"}},{"type":"Feature","geometry":{"type":"Polygon","coordinates":[[[4.198659,43.576603],[4.198706,43.576576],[4.198975,43.576514],[4.19883,43.576394],[4.198877,43.576367],[4.198695,43.576211],[4.198654,43.57624],[4.198473,43.576078],[4.198477,43.576043],[4.198513,43.576042],[4.198519,43.576015],[4.198534,43.575987],[4.198565,43.57595],[4.198595,43.575929],[4.198572,43.575903],[4.198736,43.575864],[4.198804,43.575864],[4.198999,43.575962],[4.199363,43.576033],[4.198696,43.575523],[4.19791,43.575959],[4.198659,43.576603]]]},"properties":{"cle":"osm:w48980397","nom":null,"file":"inventaire","sort":"retenue"}},{"type":"Feature","geometry":{"type":"Polygon","coordinates":[[[4.183087,43.560308],[4.183441,43.560153],[4.18324,43.559782],[4.182902,43.559541],[4.182749,43.559465],[4.182532,43.559492],[4.182363,43.559583],[4.182393,43.559733],[4.182513,43.559848],[4.182843,43.559957],[4.182953,43.560316],[4.183087,43.560308]]]},"properties":{"cle":"osm:w694620514","nom":null,"file":"inventaire","sort":"retenue"}},{"type":"Feature","geometry":{"type":"Polygon","coordinates":[[[4.191348,43.568033],[4.191356,43.568045],[4.191334,43.568115],[4.19147,43.568071],[4.191501,43.567964],[4.191522,43.567951],[4.191569,43.568003],[4.193383,43.567056],[4.193299,43.566968],[4.193285,43.566953],[4.19322,43.566974],[4.193148,43.566953],[4.19219,43.567455],[4.192193,43.5675],[4.192148,43.567531],[4.192098,43.567535],[4.192061,43.567521],[4.191182,43.567993],[4.191221,43.568033],[4.191258,43.568071],[4.191328,43.568034],[4.191348,43.568033]]]},"properties":{"cle":"osm:w77128476","nom":"P2","file":"inventaire","sort":"retenue"}},{"type":"Feature","geometry":{"type":"Polygon","coordinates":[[[4.188098,43.578301],[4.188475,43.578422],[4.189155,43.578592],[4.189255,43.578237],[4.188854,43.578176],[4.187662,43.578055],[4.187637,43.578158],[4.188098,43.578301]]]},"properties":{"cle":"osm:w685817244","nom":null,"file":"inventaire","sort":"retenue"}},{"type":"Feature","geometry":{"type":"Polygon","coordinates":[[[4.183345,43.558065],[4.183479,43.558019],[4.183329,43.557905],[4.183261,43.557636],[4.18331,43.557553],[4.183355,43.557558],[4.183341,43.557384],[4.183312,43.557401],[4.183323,43.557157],[4.182834,43.557239],[4.18276,43.557296],[4.182696,43.557366],[4.182575,43.557501],[4.183345,43.558065]]]},"properties":{"cle":"osm:w173514775","nom":null,"file":"inventaire","sort":"retenue"}},{"type":"Feature","geometry":{"type":"Polygon","coordinates":[[[4.19558,43.565901],[4.195475,43.565801],[4.195442,43.565825],[4.195394,43.565843],[4.195352,43.56584],[4.195325,43.56583],[4.195309,43.565818],[4.19445,43.566279],[4.194466,43.566296],[4.194471,43.566313],[4.194474,43.566334],[4.194463,43.56635],[4.194433,43.566367],[4.194405,43.566378],[4.194359,43.566376],[4.194319,43.566349],[4.193469,43.566792],[4.193539,43.566859],[4.193605,43.566915],[4.19558,43.565901]]]},"properties":{"cle":"osm:w77128492","nom":"P3","file":"inventaire","sort":"retenue"}},{"type":"Feature","geometry":{"type":"Polygon","coordinates":[[[4.197212,43.568129],[4.197157,43.568015],[4.194474,43.568518],[4.194528,43.56866],[4.197212,43.568129]]]},"properties":{"cle":"osm:w77128480","nom":null,"file":"inventaire","sort":"retenue"}},{"type":"Feature","geometry":{"type":"Polygon","coordinates":[[[4.190103,43.568623],[4.190322,43.568577],[4.190501,43.568507],[4.190691,43.568443],[4.190919,43.568367],[4.191033,43.568332],[4.190921,43.568232],[4.190945,43.568169],[4.1909,43.568164],[4.190865,43.568136],[4.190009,43.568248],[4.189921,43.568372],[4.19,43.568632],[4.190103,43.568623]]]},"properties":{"cle":"osm:w77128452","nom":"P1","file":"inventaire","sort":"retenue"}},{"type":"Feature","geometry":{"type":"Polygon","coordinates":[[[4.184067,43.55804],[4.184226,43.557698],[4.183899,43.557609],[4.183674,43.557662],[4.183713,43.557908],[4.183681,43.558273],[4.183964,43.558309],[4.184067,43.55804]]]},"properties":{"cle":"osm:w1395672724","nom":null,"file":"inventaire","sort":"retenue"}},{"type":"Feature","geometry":{"type":"Polygon","coordinates":[[[4.168856,43.551855],[4.169131,43.552001],[4.169276,43.551868],[4.168763,43.551657],[4.168136,43.552353],[4.168303,43.552421],[4.168856,43.551855]]]},"properties":{"cle":"osm:w1103926821","nom":null,"file":"inventaire","sort":"ecartee"}},{"type":"Feature","geometry":{"type":"Polygon","coordinates":[[[4.188717,43.572546],[4.188714,43.572489],[4.189145,43.572478],[4.189137,43.572315],[4.188938,43.57232],[4.188936,43.572284],[4.188709,43.57229],[4.188706,43.572229],[4.18855,43.572233],[4.188554,43.572299],[4.188199,43.572308],[4.188212,43.572559],[4.188717,43.572546]]]},"properties":{"cle":"osm:w1050725559","nom":null,"file":"inventaire","sort":"ecartee"}},{"type":"Feature","geometry":{"type":"Polygon","coordinates":[[[4.202162,43.568491],[4.202079,43.568536],[4.202444,43.568947],[4.202613,43.569132],[4.202706,43.569089],[4.202855,43.569019],[4.202343,43.568425],[4.202265,43.568456],[4.202246,43.568446],[4.202162,43.568491]]]},"properties":{"cle":"osm:w644561450","nom":null,"file":"inventaire","sort":"retenue"}},{"type":"Feature","geometry":{"type":"Polygon","coordinates":[[[4.186219,43.566324],[4.185941,43.565821],[4.185684,43.565865],[4.185692,43.565895],[4.185857,43.566497],[4.186219,43.566324]]]},"properties":{"cle":"osm:w77242298","nom":null,"file":"inventaire","sort":"retenue"}},{"type":"Feature","geometry":{"type":"Polygon","coordinates":[[[4.19797,43.569208],[4.197922,43.569133],[4.197888,43.56908],[4.197789,43.569077],[4.197245,43.569196],[4.197275,43.569251],[4.197417,43.56951],[4.197502,43.56955],[4.19797,43.569208]]]},"properties":{"cle":"osm:w280922268","nom":null,"file":"inventaire","sort":"retenue"}},{"type":"Feature","geometry":{"type":"Polygon","coordinates":[[[4.197092,43.575622],[4.196968,43.575686],[4.197283,43.575988],[4.196956,43.576172],[4.197038,43.576248],[4.197581,43.575921],[4.197504,43.57584],[4.197511,43.575824],[4.197383,43.575707],[4.197326,43.575679],[4.19716,43.575516],[4.197092,43.575622]]]},"properties":{"cle":"osm:w685985847","nom":null,"file":"inventaire","sort":"retenue"}},{"type":"Feature","geometry":{"type":"Polygon","coordinates":[[[4.159769,43.563562],[4.159982,43.563379],[4.158784,43.56265],[4.158709,43.562715],[4.159677,43.563304],[4.15954,43.563423],[4.159769,43.563562]]]},"properties":{"cle":"osm:w48980944","nom":null,"file":"inventaire","sort":"ecartee"}},{"type":"Feature","geometry":{"type":"Polygon","coordinates":[[[4.185303,43.572682],[4.185344,43.572681],[4.185346,43.572663],[4.185473,43.572668],[4.18547,43.572692],[4.18559,43.572677],[4.185781,43.572664],[4.185854,43.572647],[4.185884,43.572398],[4.185316,43.572381],[4.185314,43.572422],[4.185301,43.572436],[4.185234,43.572436],[4.185214,43.572678],[4.185303,43.572682]]]},"properties":{"cle":"osm:w685817222","nom":null,"file":"inventaire","sort":"ecartee"}},{"type":"Feature","geometry":{"type":"Polygon","coordinates":[[[4.198832,43.567824],[4.19889,43.567776],[4.198871,43.56774],[4.198789,43.567715],[4.197375,43.567992],[4.197421,43.568095],[4.198832,43.567824]]]},"properties":{"cle":"osm:w1086292228","nom":null,"file":"inventaire","sort":"retenue"}},{"type":"Feature","geometry":{"type":"Polygon","coordinates":[[[4.18717,43.570159],[4.18723,43.570173],[4.187299,43.570041],[4.187231,43.570026],[4.187241,43.570001],[4.187308,43.570016],[4.187332,43.569958],[4.187339,43.569922],[4.187383,43.569923],[4.187439,43.569801],[4.187462,43.569745],[4.18751,43.569621],[4.187253,43.569568],[4.187204,43.569557],[4.187171,43.569596],[4.187163,43.569615],[4.187096,43.569781],[4.187069,43.569848],[4.187132,43.569854],[4.187094,43.569951],[4.18704,43.570075],[4.187055,43.570078],[4.187044,43.570104],[4.187034,43.57013],[4.187094,43.570144],[4.18717,43.570159]]]},"properties":{"cle":"osm:w1097353335","nom":null,"file":"inventaire","sort":"ecartee"}},{"type":"Feature","geometry":{"type":"Polygon","coordinates":[[[4.195938,43.574349],[4.195499,43.573945],[4.195271,43.574076],[4.195709,43.574479],[4.195938,43.574349]]]},"properties":{"cle":"osm:w642264924","nom":null,"file":"inventaire","sort":"retenue"}},{"type":"Feature","geometry":{"type":"Polygon","coordinates":[[[4.18931,43.572683],[4.189201,43.572684],[4.189197,43.57263],[4.188949,43.572644],[4.188814,43.572757],[4.188918,43.572808],[4.188807,43.572968],[4.189083,43.573058],[4.18931,43.572683]]]},"properties":{"cle":"osm:w1050725558","nom":null,"file":"inventaire","sort":"ecartee"}},{"type":"Feature","geometry":{"type":"Polygon","coordinates":[[[4.187843,43.56859],[4.187705,43.568477],[4.186894,43.568926],[4.186854,43.568954],[4.186977,43.568999],[4.187843,43.56859]]]},"properties":{"cle":"osm:w575943750","nom":"Parking (interdit aux camping-cars)","file":"inventaire","sort":"retenue"}},{"type":"Feature","geometry":{"type":"Polygon","coordinates":[[[4.186513,43.572171],[4.186522,43.572073],[4.186499,43.572074],[4.186502,43.572032],[4.186211,43.572018],[4.186211,43.57197],[4.186014,43.571959],[4.186005,43.572057],[4.185981,43.572056],[4.18599,43.571942],[4.185802,43.571933],[4.185749,43.572143],[4.186513,43.572171]]]},"properties":{"cle":"osm:w685817218","nom":null,"file":"inventaire","sort":"ecartee"}},{"type":"Feature","geometry":{"type":"Polygon","coordinates":[[[4.186642,43.565789],[4.186837,43.566112],[4.187151,43.566021],[4.186989,43.565729],[4.186642,43.565789]]]},"properties":{"cle":"osm:w831682784","nom":null,"file":"inventaire","sort":"retenue"}},{"type":"Feature","geometry":{"type":"Polygon","coordinates":[[[4.18669,43.565741],[4.18697,43.565608],[4.186347,43.56512],[4.18669,43.565741]]]},"properties":{"cle":"osm:w77365975","nom":null,"file":"inventaire","sort":"retenue"}},{"type":"Feature","geometry":{"type":"Polygon","coordinates":[[[4.1779,43.572579],[4.177772,43.572242],[4.177725,43.572217],[4.177697,43.572241],[4.177651,43.572265],[4.177476,43.572303],[4.177611,43.572642],[4.1779,43.572579]]]},"properties":{"cle":"osm:w685817242","nom":null,"file":"inventaire","sort":"ecartee"}},{"type":"Feature","geometry":{"type":"Polygon","coordinates":[[[4.21065,43.588799],[4.210589,43.58875],[4.210663,43.588759],[4.210694,43.588666],[4.21051,43.588639],[4.210508,43.588654],[4.210503,43.588668],[4.210497,43.588679],[4.210485,43.588664],[4.210479,43.588648],[4.210475,43.588628],[4.210474,43.588602],[4.210475,43.588577],[4.210482,43.588575],[4.210489,43.588575],[4.210496,43.588577],[4.210491,43.588616],[4.210702,43.588647],[4.210731,43.588556],[4.210679,43.588547],[4.210694,43.588498],[4.210516,43.58847],[4.210505,43.588471],[4.2105,43.588475],[4.210496,43.588508],[4.210488,43.588509],[4.210481,43.588506],[4.210475,43.588492],[4.210475,43.588476],[4.210478,43.588456],[4.210481,43.588438],[4.210485,43.588424],[4.210494,43.588413],[4.210508,43.588409],[4.210521,43.588409],[4.210509,43.588453],[4.210755,43.588487],[4.210783,43.588396],[4.210768,43.588393],[4.210754,43.588384],[4.21075,43.588368],[4.210751,43.588347],[4.210735,43.588344],[4.210513,43.588304],[4.210502,43.588345],[4.210463,43.588341],[4.210453,43.58837],[4.210444,43.588415],[4.210437,43.588472],[4.210428,43.588606],[4.210432,43.588646],[4.210443,43.588677],[4.210465,43.588709],[4.210497,43.588737],[4.210538,43.588769],[4.210589,43.588804],[4.210617,43.588822],[4.21065,43.588799]]]},"properties":{"cle":"osm:w586110061","nom":null,"file":"inventaire","sort":"retenue"}},{"type":"Feature","geometry":{"type":"Polygon","coordinates":[[[4.184325,43.573058],[4.184352,43.573131],[4.184107,43.573503],[4.184079,43.573544],[4.184123,43.573596],[4.184186,43.573563],[4.184541,43.573016],[4.184486,43.572991],[4.184609,43.572927],[4.184601,43.572886],[4.184418,43.572906],[4.184267,43.572932],[4.184325,43.573058]]]},"properties":{"cle":"osm:w1477860319","nom":null,"file":"inventaire","sort":"retenue"}},{"type":"Feature","geometry":{"type":"Polygon","coordinates":[[[4.142734,43.561428],[4.142833,43.561405],[4.14296,43.561355],[4.143089,43.561286],[4.143161,43.561246],[4.143091,43.56116],[4.142985,43.561146],[4.142786,43.561195],[4.142687,43.561234],[4.142615,43.56133],[4.142635,43.561351],[4.142734,43.561428]]]},"properties":{"cle":"osm:w204019682","nom":"Parking du Vidourle","file":"inventaire","sort":"retenue"}},{"type":"Feature","geometry":{"type":"Polygon","coordinates":[[[4.20006,43.577453],[4.199855,43.577222],[4.199797,43.577248],[4.199596,43.577342],[4.199795,43.577517],[4.199918,43.57752],[4.20006,43.577453]]]},"properties":{"cle":"osm:w1482686895","nom":null,"file":"inventaire","sort":"retenue"}},{"type":"Feature","geometry":{"type":"Polygon","coordinates":[[[4.199523,43.577105],[4.199415,43.577026],[4.199464,43.576991],[4.199421,43.576956],[4.199448,43.576939],[4.199291,43.576817],[4.199177,43.576909],[4.199143,43.576965],[4.199184,43.577059],[4.199357,43.577188],[4.199523,43.577105]]]},"properties":{"cle":"osm:w1011221284","nom":null,"file":"inventaire","sort":"retenue"}},{"type":"Feature","geometry":{"type":"Polygon","coordinates":[[[4.186144,43.567375],[4.186206,43.567488],[4.186405,43.567448],[4.186345,43.567393],[4.186033,43.567106],[4.185963,43.567042],[4.185864,43.567094],[4.186144,43.567375]]]},"properties":{"cle":"osm:w77242337","nom":null,"file":"inventaire","sort":"retenue"}},{"type":"Feature","geometry":{"type":"Polygon","coordinates":[[[4.188747,43.573829],[4.187339,43.573545],[4.187319,43.573592],[4.188733,43.573871],[4.188747,43.573829]]]},"properties":{"cle":"osm:w1197117589","nom":null,"file":"inventaire","sort":"retenue"}},{"type":"Feature","geometry":{"type":"Polygon","coordinates":[[[4.189077,43.573936],[4.190565,43.574213],[4.190582,43.574173],[4.189093,43.573895],[4.189077,43.573936]]]},"properties":{"cle":"osm:w1197117590","nom":null,"file":"inventaire","sort":"retenue"}},{"type":"Feature","geometry":{"type":"Polygon","coordinates":[[[4.19993,43.57753],[4.200032,43.577615],[4.199981,43.577671],[4.20013,43.577795],[4.200313,43.57769],[4.200082,43.577453],[4.19993,43.57753]]]},"properties":{"cle":"osm:w1482686896","nom":null,"file":"inventaire","sort":"retenue"}},{"type":"Feature","geometry":{"type":"Polygon","coordinates":[[[4.194137,43.572795],[4.193984,43.572685],[4.193862,43.572767],[4.193812,43.573089],[4.194137,43.572795]]]},"properties":{"cle":"osm:w1064812035","nom":null,"file":"inventaire","sort":"retenue"}},{"type":"Feature","geometry":{"type":"Polygon","coordinates":[[[4.170756,43.5525],[4.170685,43.552595],[4.171094,43.552761],[4.171269,43.552708],[4.170756,43.5525]]]},"properties":{"cle":"osm:w694738518","nom":null,"file":"inventaire","sort":"retenue"}},{"type":"Feature","geometry":{"type":"Polygon","coordinates":[[[4.199631,43.577073],[4.199409,43.577176],[4.199596,43.577342],[4.199797,43.577248],[4.199631,43.577073]]]},"properties":{"cle":"osm:w1482686899","nom":null,"file":"inventaire","sort":"retenue"}},{"type":"Feature","geometry":{"type":"Polygon","coordinates":[[[4.200232,43.577025],[4.200539,43.576885],[4.200416,43.576784],[4.200113,43.576876],[4.200129,43.576915],[4.200232,43.577025]]]},"properties":{"cle":"osm:w965186065","nom":null,"file":"inventaire","sort":"ecartee"}},{"type":"Feature","geometry":{"type":"Polygon","coordinates":[[[4.201256,43.56984],[4.200315,43.570109],[4.20034,43.570154],[4.201281,43.569886],[4.201256,43.56984]]]},"properties":{"cle":"osm:w644561425","nom":null,"file":"inventaire","sort":"retenue"}},{"type":"Feature","geometry":{"type":"Polygon","coordinates":[[[4.195087,43.573587],[4.194889,43.573383],[4.194743,43.573457],[4.194941,43.573662],[4.195087,43.573587]]]},"properties":{"cle":"osm:w914096575","nom":null,"file":"inventaire","sort":"ecartee"}},{"type":"Feature","geometry":{"type":"Polygon","coordinates":[[[4.201935,43.568465],[4.201065,43.568715],[4.201088,43.568761],[4.201957,43.568506],[4.201935,43.568465]]]},"properties":{"cle":"osm:w644561428","nom":null,"file":"inventaire","sort":"retenue"}},{"type":"Feature","geometry":{"type":"Polygon","coordinates":[[[4.183817,43.570611],[4.184175,43.570489],[4.184125,43.570413],[4.183758,43.570544],[4.183817,43.570611]]]},"properties":{"cle":"osm:w1097353336","nom":null,"file":"inventaire","sort":"retenue"}},{"type":"Feature","geometry":{"type":"Polygon","coordinates":[[[4.19488,43.573077],[4.194557,43.572808],[4.194488,43.572851],[4.194812,43.57312],[4.19488,43.573077]]]},"properties":{"cle":"osm:w1064812033","nom":null,"file":"inventaire","sort":"ecartee"}},{"type":"Feature","geometry":{"type":"Polygon","coordinates":[[[4.18387,43.572973],[4.184337,43.572862],[4.184559,43.572832],[4.184593,43.572785],[4.184322,43.572816],[4.183881,43.572931],[4.18387,43.572973]]]},"properties":{"cle":"osm:w1197117579","nom":null,"file":"inventaire","sort":"retenue"}},{"type":"Feature","geometry":{"type":"Polygon","coordinates":[[[4.195783,43.571043],[4.195961,43.571096],[4.196237,43.571011],[4.196217,43.570964],[4.195975,43.57101],[4.195968,43.570986],[4.195776,43.571019],[4.195783,43.571043]]]},"properties":{"cle":"osm:w173688366","nom":null,"file":"inventaire","sort":"retenue"}},{"type":"Feature","geometry":{"type":"Polygon","coordinates":[[[4.184843,43.573507],[4.184983,43.573499],[4.185029,43.57354],[4.185146,43.573467],[4.185022,43.573368],[4.184809,43.573473],[4.184843,43.573507]]]},"properties":{"cle":"osm:w1477860322","nom":null,"file":"inventaire","sort":"ecartee"}},{"type":"Feature","geometry":{"type":"Polygon","coordinates":[[[4.194416,43.570412],[4.194515,43.570377],[4.194197,43.570233],[4.194107,43.570277],[4.194416,43.570412]]]},"properties":{"cle":"osm:w1442088413","nom":null,"file":"inventaire","sort":"retenue"}},{"type":"Feature","geometry":{"type":"Polygon","coordinates":[[[4.193652,43.706685],[4.194389,43.707515],[4.195473,43.706995],[4.194763,43.706169],[4.193652,43.706685]]]},"properties":{"cle":"osm:w41401246","nom":null,"file":"inventaire","sort":"retenue"}},{"type":"Feature","geometry":{"type":"Polygon","coordinates":[[[4.1904,43.728312],[4.192317,43.729245],[4.192469,43.72858],[4.191536,43.72844],[4.190757,43.728291],[4.19055,43.728234],[4.1904,43.728312]]]},"properties":{"cle":"osm:w1317388769","nom":null,"file":"inventaire","sort":"ecartee"}},{"type":"Feature","geometry":{"type":"Polygon","coordinates":[[[4.191033,43.727325],[4.1914,43.727367],[4.192211,43.726921],[4.191333,43.726614],[4.191051,43.726882],[4.19084,43.727018],[4.190726,43.727199],[4.19053,43.727395],[4.190343,43.727581],[4.190676,43.727659],[4.191033,43.727325]]]},"properties":{"cle":"osm:w157155041","nom":null,"file":"inventaire","sort":"retenue"}},{"type":"Feature","geometry":{"type":"Polygon","coordinates":[[[4.198601,43.714597],[4.198647,43.714902],[4.198529,43.71492],[4.19853,43.715007],[4.199043,43.71498],[4.19904,43.714941],[4.199097,43.71494],[4.199062,43.71468],[4.199026,43.714682],[4.198982,43.714549],[4.198899,43.71448],[4.198759,43.714264],[4.197622,43.714338],[4.197654,43.714596],[4.198008,43.714571],[4.198013,43.714621],[4.198601,43.714597]]]},"properties":{"cle":"osm:w41801824","nom":null,"file":"inventaire","sort":"retenue"}},{"type":"Feature","geometry":{"type":"Polygon","coordinates":[[[4.198687,43.713366],[4.198502,43.713457],[4.198571,43.713521],[4.198772,43.713427],[4.199198,43.713923],[4.198878,43.714103],[4.198951,43.714222],[4.199385,43.714013],[4.198233,43.712626],[4.198144,43.712626],[4.197985,43.712802],[4.198168,43.712822],[4.198687,43.713366]]]},"properties":{"cle":"osm:w965151289","nom":null,"file":"inventaire","sort":"retenue"}},{"type":"Feature","geometry":{"type":"Polygon","coordinates":[[[4.183554,43.733949],[4.183591,43.733986],[4.183639,43.734034],[4.184079,43.734009],[4.184055,43.733882],[4.183713,43.733647],[4.183307,43.733766],[4.183124,43.733916],[4.183382,43.734073],[4.183554,43.733949]]]},"properties":{"cle":"osm:w160682325","nom":null,"file":"inventaire","sort":"retenue"}},{"type":"Feature","geometry":{"type":"Polygon","coordinates":[[[4.190797,43.728254],[4.192061,43.728482],[4.192095,43.72819],[4.191821,43.728176],[4.19107,43.728189],[4.190785,43.728229],[4.190797,43.728254]]]},"properties":{"cle":"osm:w511362306","nom":null,"file":"inventaire","sort":"retenue"}},{"type":"Feature","geometry":{"type":"Polygon","coordinates":[[[4.194142,43.707634],[4.194616,43.708169],[4.194863,43.708061],[4.194389,43.707515],[4.194142,43.707634]]]},"properties":{"cle":"osm:w359796100","nom":null,"file":"inventaire","sort":"retenue"}},{"type":"Feature","geometry":{"type":"Polygon","coordinates":[[[4.181728,43.736556],[4.181797,43.736604],[4.181956,43.736722],[4.18207,43.736735],[4.182084,43.7366],[4.181918,43.736489],[4.181772,43.736492],[4.181556,43.736368],[4.181491,43.736411],[4.181283,43.736654],[4.181397,43.736692],[4.181575,43.736457],[4.181604,43.736482],[4.181438,43.736705],[4.181607,43.736761],[4.181728,43.736556]]]},"properties":{"cle":"osm:w822899451","nom":"Parking des Arènes","file":"inventaire","sort":"retenue"}},{"type":"Feature","geometry":{"type":"Polygon","coordinates":[[[4.199912,43.714534],[4.199788,43.714398],[4.199304,43.714628],[4.199428,43.714764],[4.199912,43.714534]]]},"properties":{"cle":"osm:w965151303","nom":null,"file":"inventaire","sort":"retenue"}},{"type":"Feature","geometry":{"type":"Polygon","coordinates":[[[4.18306,43.739007],[4.183052,43.738787],[4.182993,43.738646],[4.182807,43.738687],[4.182824,43.738964],[4.182882,43.739085],[4.18306,43.739007]]]},"properties":{"cle":"osm:w160681741","nom":null,"file":"inventaire","sort":"retenue"}},{"type":"Feature","geometry":{"type":"Polygon","coordinates":[[[4.197652,43.713427],[4.197753,43.713071],[4.197718,43.713023],[4.197733,43.712994],[4.197586,43.71298],[4.197481,43.713394],[4.197652,43.713427]]]},"properties":{"cle":"osm:w965151294","nom":null,"file":"inventaire","sort":"retenue"}},{"type":"Feature","geometry":{"type":"Polygon","coordinates":[[[4.183975,43.739103],[4.183645,43.73901],[4.183691,43.738816],[4.183688,43.738752],[4.183506,43.738746],[4.183549,43.738425],[4.183978,43.738382],[4.184321,43.739132],[4.18397,43.739179],[4.183975,43.739103]]]},"properties":{"cle":"osm:w230615800","nom":null,"file":"inventaire","sort":"retenue"}},{"type":"Feature","geometry":{"type":"Polygon","coordinates":[[[4.183204,43.734571],[4.183506,43.734455],[4.183382,43.73439],[4.183354,43.734307],[4.183284,43.734275],[4.183183,43.734374],[4.183157,43.734365],[4.183038,43.734469],[4.183204,43.734571]]]},"properties":{"cle":"osm:w368815272","nom":null,"file":"inventaire","sort":"retenue"}},{"type":"Feature","geometry":{"type":"Polygon","coordinates":[[[4.200509,43.715106],[4.200178,43.714744],[4.200054,43.714803],[4.200385,43.715165],[4.200509,43.715106]]]},"properties":{"cle":"osm:w965151300","nom":null,"file":"inventaire","sort":"retenue"}},{"type":"Feature","geometry":{"type":"Polygon","coordinates":[[[4.17978,43.739952],[4.17987,43.739939],[4.179834,43.739671],[4.179752,43.739672],[4.179669,43.739674],[4.17968,43.739869],[4.179633,43.739883],[4.179645,43.739978],[4.17978,43.739952]]]},"properties":{"cle":"osm:w160681746","nom":null,"file":"inventaire","sort":"retenue"}},{"type":"Feature","geometry":{"type":"Polygon","coordinates":[[[4.176434,43.73908],[4.176379,43.738919],[4.176272,43.738936],[4.176149,43.738958],[4.176207,43.73912],[4.176434,43.73908]]]},"properties":{"cle":"osm:w326383079","nom":null,"file":"inventaire","sort":"retenue"}},{"type":"Feature","geometry":{"type":"Polygon","coordinates":[[[4.20064,43.715289],[4.2005,43.715134],[4.200387,43.715187],[4.200527,43.715342],[4.20064,43.715289]]]},"properties":{"cle":"osm:w965151305","nom":null,"file":"inventaire","sort":"ecartee"}},{"type":"Feature","geometry":{"type":"Polygon","coordinates":[[[4.187748,43.699798,9.7],[4.188389,43.699557,9.7],[4.188574,43.699634,9.4],[4.18865,43.69966,10.1],[4.188687,43.699668,10.1],[4.1888,43.699344,10.1],[4.188804,43.699243,10.1],[4.188757,43.699163,10.1],[4.188686,43.6991,10.1],[4.187759,43.698721,10.1],[4.187683,43.69871,10.1],[4.187564,43.698721,10.1],[4.187466,43.698758,10.1],[4.187373,43.698818,10.1],[4.187194,43.699054,10.1],[4.186984,43.699372,10.1],[4.187015,43.699388,10.3],[4.18714,43.699509,9.4],[4.187264,43.699677,9.7],[4.187748,43.699798,9.7]]]},"properties":{"cle":"bdtopo:EQ_RESEA0000000337038259","nom":null,"file":"inventaire","sort":"ecartee"}},{"type":"Feature","geometry":{"type":"Polygon","coordinates":[[[4.185444,43.702191],[4.185867,43.702445],[4.186291,43.702663],[4.186427,43.702564],[4.186022,43.702358],[4.185953,43.702378],[4.185947,43.702334],[4.186185,43.702127],[4.186169,43.702088],[4.185017,43.701375],[4.184433,43.701022],[4.184378,43.701038],[4.184357,43.701029],[4.184336,43.701024],[4.184298,43.701038],[4.18408,43.701235],[4.184069,43.701264],[4.184081,43.701299],[4.18407,43.701345],[4.185444,43.702191]]]},"properties":{"cle":"osm:w505838695","nom":null,"file":"inventaire","sort":"ecartee"}},{"type":"Feature","geometry":{"type":"Polygon","coordinates":[[[4.18571,43.700087],[4.185813,43.700086],[4.186035,43.699998],[4.186338,43.699838],[4.186216,43.699672],[4.18596,43.699406],[4.18589,43.699398],[4.185826,43.699344],[4.185759,43.699293],[4.185783,43.699252],[4.185751,43.699167],[4.185782,43.699012],[4.185677,43.698907],[4.185568,43.698752],[4.18552,43.69862],[4.185438,43.698388],[4.1851,43.698475],[4.18517,43.698658],[4.185185,43.698738],[4.185245,43.69893],[4.185205,43.698967],[4.185308,43.69911],[4.185617,43.69935],[4.185477,43.699484],[4.185293,43.699664],[4.18571,43.700087]]]},"properties":{"cle":"osm:w505838713","nom":null,"file":"inventaire","sort":"ecartee"}},{"type":"Feature","geometry":{"type":"Polygon","coordinates":[[[4.202959,43.693878],[4.203203,43.693728],[4.203255,43.693698],[4.204233,43.693006],[4.204187,43.692971],[4.204184,43.692912],[4.204093,43.692886],[4.203936,43.692901],[4.203672,43.692598],[4.203341,43.692599],[4.20329,43.692626],[4.203486,43.692852],[4.203435,43.692877],[4.203301,43.692911],[4.203489,43.693128],[4.203172,43.693288],[4.203198,43.693317],[4.202736,43.693541],[4.202767,43.693634],[4.202691,43.693697],[4.202614,43.693788],[4.202876,43.693891],[4.202959,43.693878]]]},"properties":{"cle":"osm:w41675411","nom":null,"file":"inventaire","sort":"retenue"}},{"type":"Feature","geometry":{"type":"Polygon","coordinates":[[[4.184306,43.70101,10.5],[4.184346,43.700968,11.0],[4.184233,43.700904,11.0],[4.184486,43.70067,11.0],[4.184061,43.700424,11.0],[4.184022,43.700457,11.0],[4.183872,43.700373,11.0],[4.18329,43.700901,11.0],[4.18399,43.701306,11.0],[4.184025,43.701273,10.4],[4.184306,43.70101,10.5]]]},"properties":{"cle":"bdtopo:EQ_RESEA0000002490252748","nom":null,"file":"inventaire","sort":"ecartee"}},{"type":"Feature","geometry":{"type":"Polygon","coordinates":[[[4.20018,43.695313],[4.200531,43.69555],[4.200945,43.69523],[4.200863,43.695174],[4.200242,43.694755],[4.200147,43.694758],[4.199998,43.694764],[4.199971,43.694785],[4.199951,43.6948],[4.199704,43.694991],[4.20018,43.695313]]]},"properties":{"cle":"osm:w614258696","nom":null,"file":"inventaire","sort":"ecartee"}},{"type":"Feature","geometry":{"type":"Polygon","coordinates":[[[4.190411,43.703719],[4.190356,43.703701],[4.190331,43.703694],[4.189954,43.703575],[4.189927,43.703568],[4.189874,43.703552],[4.190077,43.703209],[4.189754,43.703108],[4.189563,43.703494],[4.18951,43.703588],[4.190547,43.703883],[4.191152,43.702888],[4.191104,43.70287],[4.190958,43.702817],[4.190411,43.703719]]]},"properties":{"cle":"osm:w227936358","nom":null,"file":"inventaire","sort":"ecartee"}},{"type":"Feature","geometry":{"type":"Polygon","coordinates":[[[4.209029,43.686847],[4.209297,43.686905],[4.20962,43.686927],[4.209955,43.686922],[4.210008,43.68687],[4.209394,43.68674],[4.208698,43.686569],[4.208241,43.68644],[4.208087,43.686397],[4.20803,43.686381],[4.20798,43.686367],[4.207957,43.68636],[4.20772,43.686287],[4.207671,43.686282],[4.207624,43.686288],[4.207586,43.686306],[4.207559,43.686332],[4.207542,43.686375],[4.207512,43.686453],[4.209029,43.686847]]]},"properties":{"cle":"osm:w505612307","nom":null,"file":"inventaire","sort":"retenue"}},{"type":"Feature","geometry":{"type":"Polygon","coordinates":[[[4.199186,43.695017],[4.19892,43.694573],[4.198891,43.694638],[4.198835,43.694759],[4.198638,43.695187],[4.198569,43.69537],[4.198549,43.695517],[4.19861,43.695608],[4.19877,43.695676],[4.199186,43.695017]]]},"properties":{"cle":"osm:w621447801","nom":null,"file":"inventaire","sort":"ecartee"}},{"type":"Feature","geometry":{"type":"Polygon","coordinates":[[[4.204169,43.6928],[4.204325,43.692626],[4.204487,43.692695],[4.20453,43.692648],[4.204657,43.692508],[4.204708,43.692448],[4.205152,43.691942],[4.20491,43.691822],[4.204888,43.691811],[4.204065,43.692747],[4.204169,43.6928]]]},"properties":{"cle":"osm:w618538291","nom":null,"file":"inventaire","sort":"retenue"}},{"type":"Feature","geometry":{"type":"Polygon","coordinates":[[[4.2002,43.692785],[4.200542,43.693036],[4.200595,43.693075],[4.200611,43.693059],[4.200778,43.692898],[4.20081,43.692889],[4.200848,43.6929],[4.200887,43.69293],[4.200975,43.692911],[4.201029,43.692584],[4.200948,43.692577],[4.200901,43.692583],[4.200818,43.692593],[4.200775,43.692578],[4.200652,43.6925],[4.200583,43.692551],[4.200514,43.692547],[4.200362,43.692579],[4.200224,43.692656],[4.200137,43.692739],[4.2002,43.692785]]]},"properties":{"cle":"osm:w614258691","nom":null,"file":"inventaire","sort":"ecartee"}},{"type":"Feature","geometry":{"type":"Polygon","coordinates":[[[4.189339,43.692585],[4.189441,43.692487],[4.189425,43.692408],[4.189324,43.692352],[4.188943,43.692494],[4.188871,43.692582],[4.188808,43.692692],[4.188748,43.692867],[4.188692,43.693045],[4.188976,43.692973],[4.189339,43.692585]]]},"properties":{"cle":"osm:w807602213","nom":null,"file":"inventaire","sort":"ecartee"}},{"type":"Feature","geometry":{"type":"Polygon","coordinates":[[[4.192571,43.702269],[4.192242,43.702699],[4.192598,43.702841],[4.192927,43.702411],[4.192571,43.702269]]]},"properties":{"cle":"osm:w614258611","nom":null,"file":"inventaire","sort":"ecartee"}},{"type":"Feature","geometry":{"type":"Polygon","coordinates":[[[4.205193,43.661305],[4.205208,43.661318],[4.205574,43.661307],[4.205553,43.660957],[4.205564,43.660936],[4.206065,43.660942],[4.206021,43.660884],[4.205841,43.66085],[4.205626,43.66082],[4.205537,43.660894],[4.205394,43.660887],[4.205307,43.661045],[4.20517,43.661041],[4.205193,43.661305]]]},"properties":{"cle":"osm:w802455679","nom":null,"file":"inventaire","sort":"ecartee"}},{"type":"Feature","geometry":{"type":"Polygon","coordinates":[[[4.18623,43.700975],[4.186289,43.701171],[4.186445,43.701202],[4.186558,43.701205],[4.186621,43.701168],[4.186569,43.700974],[4.186447,43.700668],[4.186114,43.700708],[4.18623,43.700975]]]},"properties":{"cle":"osm:w505838704","nom":null,"file":"inventaire","sort":"ecartee"}},{"type":"Feature","geometry":{"type":"Polygon","coordinates":[[[4.211142,43.687047],[4.211074,43.687126],[4.211141,43.687169],[4.211125,43.687186],[4.211169,43.687215],[4.211151,43.687232],[4.21126,43.687299],[4.211227,43.68733],[4.211271,43.687362],[4.211254,43.687378],[4.211357,43.687445],[4.211582,43.687251],[4.211798,43.687114],[4.211707,43.687062],[4.211513,43.687087],[4.21124,43.68695],[4.211142,43.687047]]]},"properties":{"cle":"osm:w697580985","nom":null,"file":"inventaire","sort":"retenue"}},{"type":"Feature","geometry":{"type":"Polygon","coordinates":[[[4.19248,43.703303],[4.192646,43.703014],[4.1926,43.702996],[4.192627,43.702959],[4.192349,43.702846],[4.192312,43.702881],[4.192268,43.702855],[4.192004,43.703092],[4.19248,43.703303]]]},"properties":{"cle":"osm:w614258616","nom":null,"file":"inventaire","sort":"ecartee"}},{"type":"Feature","geometry":{"type":"Polygon","coordinates":[[[4.211416,43.685195],[4.211445,43.685202],[4.211504,43.685218],[4.211799,43.684473],[4.211688,43.684452],[4.211611,43.684438],[4.211337,43.685093],[4.211416,43.685195]]]},"properties":{"cle":"osm:w505612304","nom":null,"file":"inventaire","sort":"retenue"}},{"type":"Feature","geometry":{"type":"Polygon","coordinates":[[[4.181724,43.683723],[4.18192,43.683823],[4.182144,43.683663],[4.182136,43.683526],[4.181894,43.683394],[4.181647,43.68356],[4.181545,43.683629],[4.181724,43.683723]]]},"properties":{"cle":"osm:w803111746","nom":null,"file":"inventaire","sort":"ecartee"}},{"type":"Feature","geometry":{"type":"Polygon","coordinates":[[[4.187407,43.699236],[4.187383,43.699217],[4.187385,43.6992],[4.187455,43.699196],[4.187626,43.698933],[4.187643,43.698914],[4.187668,43.698904],[4.187691,43.698906],[4.187826,43.698955],[4.187826,43.69891],[4.187859,43.698922],[4.187943,43.698966],[4.18799,43.698989],[4.188088,43.698963],[4.188143,43.698937],[4.187873,43.698828],[4.187741,43.698777],[4.187694,43.698775],[4.187629,43.69878],[4.187555,43.698798],[4.187507,43.698827],[4.187469,43.698861],[4.187229,43.699234],[4.187263,43.699277],[4.187407,43.699236]]]},"properties":{"cle":"osm:w670966272","nom":null,"file":"inventaire","sort":"ecartee"}},{"type":"Feature","geometry":{"type":"Polygon","coordinates":[[[4.200274,43.692348],[4.200397,43.692355],[4.200505,43.692365],[4.200927,43.692397],[4.200978,43.6924],[4.201112,43.692406],[4.201181,43.692384],[4.201203,43.692357],[4.201214,43.692334],[4.201218,43.692304],[4.201221,43.692268],[4.201208,43.692246],[4.201176,43.692195],[4.201129,43.69221],[4.201018,43.692246],[4.200995,43.692207],[4.200989,43.692197],[4.200967,43.692204],[4.20071,43.692287],[4.200649,43.692265],[4.200652,43.692244],[4.200457,43.692229],[4.200418,43.692226],[4.200402,43.692225],[4.200293,43.692217],[4.200274,43.692348]]]},"properties":{"cle":"osm:w614258685","nom":null,"file":"inventaire","sort":"retenue"}},{"type":"Feature","geometry":{"type":"Polygon","coordinates":[[[4.21334,43.702628],[4.213339,43.702638],[4.213431,43.702643],[4.213529,43.702658],[4.213596,43.702695],[4.213612,43.702833],[4.213687,43.702839],[4.21375,43.702845],[4.213748,43.702814],[4.213742,43.702729],[4.213793,43.702707],[4.213739,43.702411],[4.213364,43.702409],[4.21334,43.702628]]]},"properties":{"cle":"osm:w614228346","nom":null,"file":"inventaire","sort":"retenue"}},{"type":"Feature","geometry":{"type":"Polygon","coordinates":[[[4.201303,43.693344],[4.201432,43.693246],[4.201131,43.693023],[4.200858,43.693229],[4.200838,43.693241],[4.201157,43.693452],[4.201303,43.693344]]]},"properties":{"cle":"osm:w620424592","nom":null,"file":"inventaire","sort":"ecartee"}},{"type":"Feature","geometry":{"type":"Polygon","coordinates":[[[4.217135,43.653497],[4.217214,43.653414],[4.217143,43.653377],[4.21704,43.653471],[4.216988,43.653629],[4.216581,43.654009],[4.216308,43.654292],[4.216332,43.654304],[4.216356,43.654315],[4.216542,43.654112],[4.216575,43.65408],[4.216621,43.654038],[4.216672,43.654066],[4.217237,43.653569],[4.217135,43.653497]]]},"properties":{"cle":"osm:w285810085","nom":null,"file":"inventaire","sort":"ecartee"}},{"type":"Feature","geometry":{"type":"Polygon","coordinates":[[[4.213625,43.686628],[4.213924,43.6867],[4.213938,43.68648],[4.213963,43.686075],[4.213886,43.68604],[4.213625,43.686628]]]},"properties":{"cle":"osm:w651232533","nom":null,"file":"inventaire","sort":"retenue"}},{"type":"Feature","geometry":{"type":"Polygon","coordinates":[[[4.214565,43.687334],[4.214754,43.687354],[4.214975,43.687171],[4.214916,43.687149],[4.214941,43.687029],[4.214616,43.686989],[4.214565,43.687334]]]},"properties":{"cle":"osm:w614228331","nom":null,"file":"inventaire","sort":"retenue"}},{"type":"Feature","geometry":{"type":"Polygon","coordinates":[[[4.204404,43.699912],[4.20476,43.700019],[4.204854,43.699875],[4.20492,43.699784],[4.204827,43.699759],[4.204815,43.699785],[4.204613,43.699725],[4.204624,43.699695],[4.204495,43.699657],[4.204464,43.699758],[4.204404,43.699912]]]},"properties":{"cle":"osm:w833807970","nom":null,"file":"inventaire","sort":"ecartee"}},{"type":"Feature","geometry":{"type":"Polygon","coordinates":[[[4.201119,43.692652],[4.201204,43.692675],[4.201268,43.69271],[4.201372,43.69276],[4.20144,43.692821],[4.201549,43.693019],[4.201396,43.693135],[4.201484,43.693201],[4.201693,43.693035],[4.201561,43.692821],[4.201479,43.692701],[4.201425,43.692638],[4.201381,43.692621],[4.201151,43.692549],[4.201119,43.692652]]]},"properties":{"cle":"osm:w651696672","nom":null,"file":"inventaire","sort":"ecartee"}},{"type":"Feature","geometry":{"type":"Polygon","coordinates":[[[4.207643,43.684868],[4.207509,43.685505],[4.207502,43.68556],[4.207502,43.685604],[4.207634,43.685614],[4.207648,43.685564],[4.207752,43.684882],[4.207711,43.684879],[4.207643,43.684868]]]},"properties":{"cle":"osm:w761806213","nom":null,"file":"inventaire","sort":"retenue"}},{"type":"Feature","geometry":{"type":"Polygon","coordinates":[[[4.186596,43.703153],[4.186828,43.703265],[4.186765,43.702928],[4.18656,43.702724],[4.186498,43.702728],[4.186596,43.703153]]]},"properties":{"cle":"osm:w505838694","nom":null,"file":"inventaire","sort":"ecartee"}},{"type":"Feature","geometry":{"type":"Polygon","coordinates":[[[4.210257,43.68675],[4.21038,43.686749],[4.210584,43.686615],[4.210801,43.686381],[4.2107,43.686356],[4.210634,43.686348],[4.210504,43.686492],[4.210252,43.686675],[4.210164,43.686715],[4.210257,43.68675]]]},"properties":{"cle":"osm:w761806203","nom":null,"file":"inventaire","sort":"retenue"}},{"type":"Feature","geometry":{"type":"Polygon","coordinates":[[[4.208028,43.683523],[4.208124,43.683536],[4.208147,43.68344],[4.208218,43.683144],[4.208125,43.683132],[4.208016,43.683119],[4.207943,43.683421],[4.207922,43.68351],[4.208028,43.683523]]]},"properties":{"cle":"osm:w505612313","nom":null,"file":"inventaire","sort":"retenue"}},{"type":"Feature","geometry":{"type":"Polygon","coordinates":[[[4.213283,43.680656],[4.21317,43.680691],[4.213449,43.681],[4.213538,43.681019],[4.21357,43.680994],[4.213692,43.6809],[4.213283,43.680656]]]},"properties":{"cle":"osm:w682724080","nom":null,"file":"inventaire","sort":"ecartee"}},{"type":"Feature","geometry":{"type":"Polygon","coordinates":[[[4.214489,43.686994],[4.213871,43.686941],[4.213801,43.687201],[4.213979,43.68722],[4.214034,43.687016],[4.214472,43.687058],[4.214489,43.686994]]]},"properties":{"cle":"osm:w614228333","nom":null,"file":"inventaire","sort":"retenue"}},{"type":"Feature","geometry":{"type":"Polygon","coordinates":[[[4.209166,43.682771],[4.209193,43.68262],[4.208145,43.682558],[4.208048,43.683074],[4.208233,43.683088],[4.208338,43.682715],[4.209166,43.682771]]]},"properties":{"cle":"osm:w505612312","nom":null,"file":"inventaire","sort":"retenue"}},{"type":"Feature","geometry":{"type":"Polygon","coordinates":[[[4.192865,43.701612],[4.192895,43.701624],[4.19263,43.701966],[4.192683,43.701988],[4.193083,43.701472],[4.192915,43.701404],[4.192781,43.701577],[4.192865,43.701612]]]},"properties":{"cle":"osm:w614258613","nom":null,"file":"inventaire","sort":"ecartee"}},{"type":"Feature","geometry":{"type":"Polygon","coordinates":[[[4.205551,43.697151],[4.205565,43.697123],[4.205226,43.697068],[4.205176,43.697136],[4.205115,43.697215],[4.205485,43.697281],[4.205551,43.697151]]]},"properties":{"cle":"osm:w802909619","nom":null,"file":"inventaire","sort":"ecartee"}},{"type":"Feature","geometry":{"type":"Polygon","coordinates":[[[4.207848,43.684243],[4.207925,43.684258],[4.20803,43.683921],[4.20784,43.683896],[4.207831,43.683945],[4.207792,43.684156],[4.207778,43.68423],[4.207848,43.684243]]]},"properties":{"cle":"osm:w505612315","nom":null,"file":"inventaire","sort":"retenue"}},{"type":"Feature","geometry":{"type":"Polygon","coordinates":[[[4.188281,43.693366],[4.188436,43.693489],[4.188487,43.693392],[4.188544,43.693164],[4.18833,43.693159],[4.188281,43.693366]]]},"properties":{"cle":"osm:w807602215","nom":null,"file":"inventaire","sort":"ecartee"}},{"type":"Feature","geometry":{"type":"Polygon","coordinates":[[[4.190291,43.702848],[4.190461,43.702602],[4.190417,43.702584],[4.190289,43.702533],[4.190134,43.702795],[4.190291,43.702848]]]},"properties":{"cle":"osm:w1030897218","nom":null,"file":"inventaire","sort":"ecartee"}},{"type":"Feature","geometry":{"type":"Polygon","coordinates":[[[4.20795,43.683862],[4.20804,43.683874],[4.208107,43.683615],[4.208009,43.683602],[4.207915,43.683589],[4.20791,43.683609],[4.207848,43.683848],[4.20795,43.683862]]]},"properties":{"cle":"osm:w505612314","nom":null,"file":"inventaire","sort":"retenue"}},{"type":"Feature","geometry":{"type":"Polygon","coordinates":[[[4.214004,43.687822],[4.214162,43.687738],[4.21403,43.687607],[4.213982,43.687633],[4.213907,43.687559],[4.213869,43.687579],[4.213796,43.687617],[4.214004,43.687822]]]},"properties":{"cle":"osm:w505839375","nom":null,"file":"inventaire","sort":"ecartee"}},{"type":"Feature","geometry":{"type":"Polygon","coordinates":[[[4.191269,43.701296],[4.191971,43.700943],[4.191936,43.700907],[4.191234,43.701259],[4.191269,43.701296]]]},"properties":{"cle":"osm:w614258675","nom":null,"file":"inventaire","sort":"ecartee"}},{"type":"Feature","geometry":{"type":"Polygon","coordinates":[[[4.208042,43.686972],[4.208038,43.686982],[4.207946,43.687211],[4.20809,43.687236],[4.20818,43.687008],[4.208042,43.686972]]]},"properties":{"cle":"osm:w868459690","nom":null,"file":"inventaire","sort":"retenue"}},{"type":"Feature","geometry":{"type":"Polygon","coordinates":[[[4.208946,43.687321],[4.208998,43.687262],[4.209008,43.687251],[4.20897,43.687233],[4.209159,43.687017],[4.20909,43.686986],[4.20888,43.687226],[4.208853,43.687215],[4.208815,43.687262],[4.208946,43.687321]]]},"properties":{"cle":"osm:w505612303","nom":null,"file":"inventaire","sort":"retenue"}},{"type":"Feature","geometry":{"type":"Polygon","coordinates":[[[4.195339,43.65482],[4.195261,43.654781],[4.19508,43.654835],[4.195039,43.654912],[4.195174,43.654929],[4.195307,43.654906],[4.195412,43.654857],[4.195339,43.65482]]]},"properties":{"cle":"osm:w803111743","nom":null,"file":"inventaire","sort":"ecartee"}},{"type":"Feature","geometry":{"type":"Polygon","coordinates":[[[4.207604,43.685924],[4.207667,43.686004],[4.207713,43.686017],[4.207789,43.686015],[4.207789,43.68599],[4.207788,43.685887],[4.207744,43.685878],[4.207737,43.685803],[4.207683,43.685816],[4.207553,43.685846],[4.207604,43.685924]]]},"properties":{"cle":"osm:w761806212","nom":null,"file":"inventaire","sort":"retenue"}},{"type":"Feature","geometry":{"type":"Polygon","coordinates":[[[4.191139,43.70125],[4.191203,43.701228],[4.190935,43.700823],[4.190871,43.700845],[4.191139,43.70125]]]},"properties":{"cle":"osm:w614258674","nom":null,"file":"inventaire","sort":"ecartee"}},{"type":"Feature","geometry":{"type":"Polygon","coordinates":[[[4.187094,43.699463],[4.187571,43.699271],[4.187567,43.699226],[4.18709,43.699415],[4.187094,43.699463]]]},"properties":{"cle":"osm:w670966271","nom":null,"file":"inventaire","sort":"ecartee"}},{"type":"Feature","geometry":{"type":"Polygon","coordinates":[[[4.210883,43.688018],[4.210813,43.687998],[4.21067,43.688264],[4.210741,43.688284],[4.210883,43.688018]]]},"properties":{"cle":"osm:w850622950","nom":null,"file":"inventaire","sort":"retenue"}},{"type":"Feature","geometry":{"type":"Polygon","coordinates":[[[4.192379,43.701879],[4.192552,43.701953],[4.192628,43.701862],[4.192454,43.701787],[4.192379,43.701879]]]},"properties":{"cle":"osm:w614258614","nom":null,"file":"inventaire","sort":"ecartee"}},{"type":"Feature","geometry":{"type":"Polygon","coordinates":[[[4.14998,43.753598],[4.150141,43.753624],[4.150566,43.753473],[4.150556,43.75339],[4.149879,43.75325],[4.149723,43.753537],[4.149706,43.753547],[4.149701,43.753549],[4.149709,43.753613],[4.14998,43.753598]]]},"properties":{"cle":"osm:w166397852","nom":null,"file":"inventaire","sort":"retenue"}},{"type":"Feature","geometry":{"type":"Polygon","coordinates":[[[4.146991,43.753454],[4.14745,43.753499],[4.147485,43.753308],[4.147633,43.753327],[4.147642,43.753256],[4.147652,43.75322],[4.147437,43.753125],[4.14733,43.753103],[4.147036,43.753104],[4.146964,43.753451],[4.146991,43.753454]]]},"properties":{"cle":"osm:w138624388","nom":null,"file":"inventaire","sort":"en_cours"}},{"type":"Feature","geometry":{"type":"Polygon","coordinates":[[[4.143445,43.738084],[4.143779,43.737977],[4.143716,43.73779],[4.143462,43.737846],[4.143252,43.737922],[4.143445,43.738084]]]},"properties":{"cle":"osm:w81007673","nom":null,"file":"inventaire","sort":"retenue"}},{"type":"Feature","geometry":{"type":"Polygon","coordinates":[[[4.142639,43.754002],[4.14265,43.75418],[4.142862,43.754187],[4.142799,43.753772],[4.14241,43.754001],[4.142639,43.754002]]]},"properties":{"cle":"osm:w353797399","nom":null,"file":"inventaire","sort":"retenue"}},{"type":"Feature","geometry":{"type":"Polygon","coordinates":[[[4.145755,43.753672],[4.145712,43.753905],[4.146052,43.753937],[4.146095,43.753704],[4.145755,43.753672]]]},"properties":{"cle":"osm:w795192794","nom":"Plan des Théâtres","file":"inventaire","sort":"retenue"}},{"type":"Feature","geometry":{"type":"Polygon","coordinates":[[[4.145962,43.755062,-1000.0],[4.1458,43.755061,-1000.0],[4.145745,43.755384,-1000.0],[4.145903,43.755405,-1000.0],[4.145962,43.755062,-1000.0]]]},"properties":{"cle":"bdtopo:EQ_RESEA0000002489359937","nom":null,"file":"inventaire","sort":"retenue"}},{"type":"Feature","geometry":{"type":"Polygon","coordinates":[[[4.147446,43.754269],[4.147377,43.754492],[4.147382,43.754521],[4.147472,43.754516],[4.147475,43.754475],[4.147583,43.754473],[4.147634,43.754428],[4.147588,43.754348],[4.147566,43.754223],[4.147446,43.754269]]]},"properties":{"cle":"osm:w98373829","nom":"Plan des Soeurs","file":"inventaire","sort":"retenue"}},{"type":"Feature","geometry":{"type":"Polygon","coordinates":[[[4.14678,43.755256],[4.146732,43.755352],[4.146734,43.755382],[4.146789,43.755388],[4.146766,43.755428],[4.146829,43.755471],[4.146886,43.755469],[4.146887,43.755454],[4.146968,43.755452],[4.146968,43.755425],[4.146951,43.755413],[4.146951,43.755394],[4.146998,43.755394],[4.147014,43.755367],[4.146948,43.755325],[4.14685,43.755243],[4.146821,43.755217],[4.146798,43.75522],[4.14678,43.755256]]]},"properties":{"cle":"osm:w1463517305","nom":null,"file":"inventaire","sort":"retenue"}},{"type":"Feature","geometry":{"type":"Polygon","coordinates":[[[4.310692,43.756193,-1000.0],[4.31027,43.75593,-1000.0],[4.310145,43.756054,-1000.0],[4.310574,43.756319,-1000.0],[4.310692,43.756193,-1000.0]]]},"properties":{"cle":"bdtopo:EQ_RESEA0000002222866586","nom":null,"file":"inventaire","sort":"retenue"}},{"type":"Feature","geometry":{"type":"Polygon","coordinates":[[[4.312151,43.756895],[4.31241,43.757049],[4.312474,43.756993],[4.312521,43.756953],[4.312229,43.756744],[4.31221,43.75673],[4.312129,43.75681],[4.312151,43.756895]]]},"properties":{"cle":"osm:w564740987","nom":null,"file":"inventaire","sort":"retenue"}},{"type":"Feature","geometry":{"type":"Polygon","coordinates":[[[4.329243,43.726365],[4.329148,43.726191],[4.329173,43.726164],[4.329019,43.726059],[4.328982,43.726089],[4.328929,43.726141],[4.328827,43.726096],[4.328584,43.726334],[4.329005,43.726578],[4.329243,43.726365]]]},"properties":{"cle":"osm:w996898049","nom":null,"file":"inventaire","sort":"retenue"}},{"type":"Feature","geometry":{"type":"Polygon","coordinates":[[[4.326246,43.720472],[4.326364,43.720397],[4.325568,43.720257],[4.325561,43.720474],[4.326246,43.720472]]]},"properties":{"cle":"osm:w996898062","nom":null,"file":"inventaire","sort":"retenue"}},{"type":"Feature","geometry":{"type":"Polygon","coordinates":[[[4.325467,43.720274],[4.325543,43.719941],[4.325587,43.719807],[4.325349,43.71979],[4.325299,43.720264],[4.325467,43.720274]]]},"properties":{"cle":"osm:w996898060","nom":null,"file":"inventaire","sort":"retenue"}},{"type":"Feature","geometry":{"type":"Polygon","coordinates":[[[4.329109,43.725947],[4.329363,43.725722],[4.328987,43.725495],[4.328921,43.725534],[4.32901,43.725647],[4.329087,43.725686],[4.329098,43.725676],[4.329128,43.725692],[4.329121,43.725701],[4.329176,43.725729],[4.329007,43.725894],[4.329109,43.725947]]]},"properties":{"cle":"osm:w996905427","nom":null,"file":"inventaire","sort":"ecartee"}},{"type":"Feature","geometry":{"type":"Polygon","coordinates":[[[4.319459,43.723165],[4.320807,43.724081],[4.320838,43.724077],[4.319455,43.723127],[4.319459,43.723165]]]},"properties":{"cle":"osm:w996898086","nom":null,"file":"inventaire","sort":"ecartee"}},{"type":"Feature","geometry":{"type":"Polygon","coordinates":[[[4.329296,43.714669],[4.329406,43.714185],[4.329325,43.714181],[4.329222,43.714661],[4.329296,43.714669]]]},"properties":{"cle":"osm:w1091931727","nom":null,"file":"inventaire","sort":"retenue"}},{"type":"Feature","geometry":{"type":"Polygon","coordinates":[[[4.323667,43.719641],[4.323759,43.719533],[4.323723,43.719409],[4.323708,43.719404],[4.323588,43.719346],[4.323597,43.719628],[4.323667,43.719641]]]},"properties":{"cle":"osm:w996898018","nom":null,"file":"inventaire","sort":"retenue"}},{"type":"Feature","geometry":{"type":"Polygon","coordinates":[[[4.323286,43.716425],[4.323317,43.716314],[4.32301,43.716311],[4.323008,43.716417],[4.323286,43.716425]]]},"properties":{"cle":"osm:w996898023","nom":null,"file":"inventaire","sort":"retenue"}},{"type":"Feature","geometry":{"type":"Polygon","coordinates":[[[4.329229,43.714809],[4.329248,43.714741],[4.32928,43.714736],[4.329296,43.714669],[4.329222,43.714661],[4.329067,43.71465],[4.329042,43.714797],[4.329229,43.714809]]]},"properties":{"cle":"osm:w996898028","nom":null,"file":"inventaire","sort":"retenue"}},{"type":"Feature","geometry":{"type":"Polygon","coordinates":[[[4.321507,43.71981],[4.321545,43.719673],[4.321585,43.719579],[4.321671,43.719427],[4.321835,43.71919],[4.321805,43.719176],[4.32164,43.7194],[4.321549,43.719557],[4.321503,43.719671],[4.321477,43.719809],[4.321507,43.71981]]]},"properties":{"cle":"osm:w996898011","nom":null,"file":"inventaire","sort":"retenue"}},{"type":"Feature","geometry":{"type":"Polygon","coordinates":[[[4.323481,43.719976],[4.323541,43.719987],[4.323599,43.719774],[4.323514,43.719758],[4.323416,43.71996],[4.323481,43.719976]]]},"properties":{"cle":"osm:w996898016","nom":null,"file":"inventaire","sort":"retenue"}},{"type":"Feature","geometry":{"type":"Polygon","coordinates":[[[4.324195,43.719508],[4.324286,43.719374],[4.324162,43.719331],[4.324067,43.719455],[4.324195,43.719508]]]},"properties":{"cle":"osm:w996898017","nom":null,"file":"inventaire","sort":"retenue"}},{"type":"Feature","geometry":{"type":"Polygon","coordinates":[[[4.27989,43.767672],[4.27997,43.767581],[4.280528,43.766971],[4.280032,43.766744],[4.279474,43.767393],[4.279452,43.76747],[4.27946,43.767552],[4.279485,43.767606],[4.279817,43.767753],[4.27989,43.767672]]]},"properties":{"cle":"osm:w497181805","nom":null,"file":"inventaire","sort":"retenue"}},{"type":"Feature","geometry":{"type":"Polygon","coordinates":[[[4.286324,43.770207],[4.286413,43.770066],[4.285935,43.769908],[4.285845,43.770048],[4.286324,43.770207]]]},"properties":{"cle":"osm:w545297351","nom":null,"file":"inventaire","sort":"retenue"}},{"type":"Feature","geometry":{"type":"Polygon","coordinates":[[[4.2755,43.770787],[4.275615,43.770839],[4.275695,43.770866],[4.275771,43.770831],[4.275797,43.770795],[4.275842,43.770796],[4.275886,43.770739],[4.27561,43.770629],[4.275563,43.770697],[4.2755,43.770787]]]},"properties":{"cle":"osm:w226241314","nom":"Parking des Capitelles","file":"inventaire","sort":"retenue"}},{"type":"Feature","geometry":{"type":"Polygon","coordinates":[[[4.29028,43.766502],[4.290317,43.766435],[4.290671,43.766533],[4.290709,43.766487],[4.290173,43.766324],[4.290084,43.766452],[4.29028,43.766502]]]},"properties":{"cle":"osm:w422647754","nom":null,"file":"inventaire","sort":"retenue"}},{"type":"Feature","geometry":{"type":"Polygon","coordinates":[[[4.494766,43.876572],[4.494855,43.876207],[4.494079,43.876138],[4.493843,43.876135],[4.493729,43.876151],[4.493697,43.876157],[4.493674,43.876217],[4.493672,43.876312],[4.493672,43.876409],[4.494766,43.876572]]]},"properties":{"cle":"osm:w903796089","nom":null,"file":"inventaire","sort":"retenue"}},{"type":"Feature","geometry":{"type":"Polygon","coordinates":[[[4.492115,43.883311],[4.492232,43.883403],[4.492313,43.883456],[4.492449,43.883513],[4.492583,43.883601],[4.492639,43.883573],[4.492681,43.883597],[4.492688,43.883631],[4.49299,43.883622],[4.493013,43.883512],[4.492262,43.883149],[4.492115,43.883311]]]},"properties":{"cle":"osm:w1409832197","nom":null,"file":"inventaire","sort":"ecartee"}},{"type":"Feature","geometry":{"type":"Polygon","coordinates":[[[4.496011,43.885166],[4.495823,43.885119],[4.495772,43.885209],[4.495829,43.885228],[4.495829,43.885269],[4.495949,43.885316],[4.496341,43.885434],[4.496384,43.885386],[4.496457,43.885407],[4.496481,43.885413],[4.496512,43.885305],[4.49631,43.885207],[4.496141,43.885208],[4.496011,43.885166]]]},"properties":{"cle":"osm:w1409832199","nom":null,"file":"inventaire","sort":"ecartee"}},{"type":"Feature","geometry":{"type":"Polygon","coordinates":[[[4.234141,43.776631],[4.234412,43.776373],[4.234268,43.776302],[4.234011,43.776571],[4.234141,43.776631]]]},"properties":{"cle":"osm:w372600109","nom":null,"file":"inventaire","sort":"retenue"}},{"type":"Feature","geometry":{"type":"Polygon","coordinates":[[[4.402746,43.810067],[4.403102,43.810191],[4.4032,43.810106],[4.403021,43.810043],[4.403175,43.809815],[4.403131,43.809786],[4.40299,43.809907],[4.402851,43.809888],[4.402777,43.809864],[4.402654,43.809779],[4.402629,43.80969],[4.402478,43.809657],[4.402222,43.809746],[4.401973,43.809785],[4.401708,43.810215],[4.402432,43.810473],[4.402746,43.810067]]]},"properties":{"cle":"osm:w911829860","nom":null,"file":"inventaire","sort":"retenue"}},{"type":"Feature","geometry":{"type":"Polygon","coordinates":[[[4.424994,43.800165],[4.42504,43.80005],[4.424974,43.800034],[4.425066,43.799804],[4.424551,43.799593],[4.424516,43.799704],[4.424409,43.800046],[4.42487,43.800106],[4.424755,43.800494],[4.425102,43.800552],[4.42517,43.800389],[4.425265,43.8004],[4.42535,43.80024],[4.424994,43.800165]]]},"properties":{"cle":"osm:w172320722","nom":"Parking de l'Europe","file":"inventaire","sort":"retenue"}},{"type":"Feature","geometry":{"type":"Polygon","coordinates":[[[4.432495,43.791407],[4.432426,43.791369],[4.431875,43.79108],[4.432067,43.790889],[4.432167,43.790776],[4.431831,43.790603],[4.431412,43.791026],[4.432257,43.791469],[4.432387,43.791506],[4.432495,43.791407]]]},"properties":{"cle":"osm:w931145352","nom":null,"file":"inventaire","sort":"retenue"}},{"type":"Feature","geometry":{"type":"Polygon","coordinates":[[[4.402625,43.80952],[4.402656,43.809534],[4.402674,43.809571],[4.402669,43.809608],[4.402809,43.809655],[4.402866,43.809575],[4.402834,43.809567],[4.402951,43.8094],[4.403157,43.809474],[4.403218,43.809388],[4.403179,43.809371],[4.403239,43.809276],[4.403285,43.809289],[4.403415,43.809104],[4.403481,43.808999],[4.403228,43.808911],[4.402975,43.809254],[4.402556,43.809094],[4.402464,43.809246],[4.402462,43.809305],[4.402566,43.809527],[4.402625,43.80952]]]},"properties":{"cle":"osm:w506500251","nom":null,"file":"inventaire","sort":"ecartee"}},{"type":"Feature","geometry":{"type":"Polygon","coordinates":[[[4.417318,43.800387],[4.417132,43.800706],[4.417296,43.800756],[4.417221,43.800884],[4.417715,43.801034],[4.417976,43.800587],[4.417318,43.800387]]]},"properties":{"cle":"osm:w172801563","nom":null,"file":"inventaire","sort":"retenue"}},{"type":"Feature","geometry":{"type":"Polygon","coordinates":[[[4.404294,43.806489],[4.404098,43.806418],[4.403636,43.807134],[4.403519,43.807409],[4.403655,43.807436],[4.404294,43.806489]]]},"properties":{"cle":"osm:w931145387","nom":null,"file":"inventaire","sort":"retenue"}},{"type":"Feature","geometry":{"type":"Polygon","coordinates":[[[4.412018,43.809411],[4.412051,43.809352],[4.411809,43.809295],[4.411988,43.808902],[4.411755,43.808852],[4.411722,43.80892],[4.411596,43.808888],[4.411497,43.809117],[4.411592,43.809139],[4.41157,43.809193],[4.411526,43.809185],[4.411515,43.809213],[4.411451,43.809201],[4.411423,43.809269],[4.412018,43.809411]]]},"properties":{"cle":"osm:w1279288023","nom":null,"file":"inventaire","sort":"ecartee"}},{"type":"Feature","geometry":{"type":"Polygon","coordinates":[[[4.429851,43.799401],[4.429789,43.799379],[4.429809,43.799334],[4.429779,43.799322],[4.429359,43.799154],[4.429194,43.799369],[4.429465,43.799443],[4.429449,43.799615],[4.429674,43.799628],[4.429745,43.799631],[4.429778,43.799632],[4.429825,43.79947],[4.429851,43.799401]]]},"properties":{"cle":"osm:w718423855","nom":null,"file":"inventaire","sort":"retenue"}},{"type":"Feature","geometry":{"type":"Polygon","coordinates":[[[4.440659,43.803188],[4.440614,43.80335],[4.441414,43.803465],[4.441459,43.803303],[4.440659,43.803188]]]},"properties":{"cle":"osm:w934215935","nom":null,"file":"inventaire","sort":"retenue"}},{"type":"Feature","geometry":{"type":"Polygon","coordinates":[[[4.426954,43.80067],[4.426759,43.800792],[4.426614,43.80077],[4.426582,43.800797],[4.42652,43.800803],[4.426488,43.80091],[4.426936,43.800999],[4.427131,43.800701],[4.426954,43.80067]]]},"properties":{"cle":"osm:w172322564","nom":"Parking de la Madone","file":"inventaire","sort":"retenue"}},{"type":"Feature","geometry":{"type":"Polygon","coordinates":[[[4.411777,43.808674],[4.411832,43.808682],[4.411825,43.808695],[4.411818,43.808705],[4.411804,43.808713],[4.41179,43.80872],[4.411774,43.808721],[4.411671,43.808715],[4.41166,43.808742],[4.411647,43.808783],[4.41206,43.808873],[4.412073,43.808807],[4.412083,43.808764],[4.411973,43.808752],[4.412007,43.808544],[4.41195,43.80854],[4.411975,43.808403],[4.412037,43.808408],[4.412048,43.808363],[4.411837,43.808345],[4.411777,43.808674]]]},"properties":{"cle":"osm:w1279288020","nom":null,"file":"inventaire","sort":"ecartee"}},{"type":"Feature","geometry":{"type":"Polygon","coordinates":[[[4.424502,43.798129],[4.424414,43.798293],[4.424391,43.798412],[4.424598,43.79847],[4.424652,43.798367],[4.424793,43.798406],[4.4249,43.798251],[4.424502,43.798129]]]},"properties":{"cle":"osm:w795468052","nom":null,"file":"inventaire","sort":"retenue"}},{"type":"Feature","geometry":{"type":"Polygon","coordinates":[[[4.407728,43.810273],[4.407971,43.810359],[4.408096,43.810335],[4.408162,43.810348],[4.408268,43.810192],[4.4079,43.810066],[4.40783,43.810105],[4.407728,43.810273]]]},"properties":{"cle":"osm:w931145400","nom":null,"file":"inventaire","sort":"ecartee"}},{"type":"Feature","geometry":{"type":"Polygon","coordinates":[[[4.409468,43.810454],[4.40949,43.810435],[4.40951,43.810413],[4.409533,43.810383],[4.409625,43.810231],[4.409533,43.810202],[4.409426,43.810169],[4.409348,43.81027],[4.409385,43.810283],[4.409374,43.810308],[4.409355,43.810304],[4.409336,43.810343],[4.40931,43.810382],[4.409348,43.810394],[4.409327,43.810434],[4.409256,43.810412],[4.409163,43.810485],[4.409086,43.810543],[4.40913,43.810569],[4.409057,43.81059],[4.409109,43.810611],[4.409141,43.810619],[4.409184,43.810653],[4.409468,43.810454]]]},"properties":{"cle":"osm:w931145397","nom":null,"file":"inventaire","sort":"ecartee"}},{"type":"Feature","geometry":{"type":"Polygon","coordinates":[[[4.417496,43.799258],[4.41755,43.799111],[4.417248,43.799049],[4.417311,43.798887],[4.4172,43.79886],[4.417074,43.799174],[4.417496,43.799258]]]},"properties":{"cle":"osm:w502846944","nom":null,"file":"inventaire","sort":"retenue"}},{"type":"Feature","geometry":{"type":"Polygon","coordinates":[[[4.428907,43.799319],[4.429052,43.799044],[4.428827,43.798978],[4.4287,43.799264],[4.428907,43.799319]]]},"properties":{"cle":"osm:w172322567","nom":null,"file":"inventaire","sort":"retenue"}},{"type":"Feature","geometry":{"type":"Polygon","coordinates":[[[4.406356,43.809925],[4.406298,43.809908],[4.406342,43.809861],[4.405866,43.809704],[4.405805,43.80979],[4.405849,43.809821],[4.406123,43.809906],[4.406309,43.80997],[4.406356,43.809925]]]},"properties":{"cle":"osm:w931145396","nom":null,"file":"inventaire","sort":"ecartee"}},{"type":"Feature","geometry":{"type":"Polygon","coordinates":[[[4.404073,43.810388],[4.404234,43.810152],[4.404061,43.810086],[4.403872,43.810317],[4.404073,43.810388]]]},"properties":{"cle":"osm:w931145395","nom":null,"file":"inventaire","sort":"ecartee"}},{"type":"Feature","geometry":{"type":"Polygon","coordinates":[[[4.428233,43.800523],[4.428191,43.800516],[4.428099,43.800488],[4.428127,43.800421],[4.42809,43.80041],[4.427913,43.8007],[4.427899,43.80073],[4.427945,43.800744],[4.427963,43.800713],[4.42801,43.800729],[4.428085,43.800745],[4.428233,43.800523]]]},"properties":{"cle":"osm:w718457089","nom":null,"file":"inventaire","sort":"retenue"}},{"type":"Feature","geometry":{"type":"Polygon","coordinates":[[[4.405053,43.807576],[4.405207,43.807451],[4.404871,43.80736],[4.404796,43.807496],[4.405053,43.807576]]]},"properties":{"cle":"osm:w931145388","nom":null,"file":"inventaire","sort":"ecartee"}},{"type":"Feature","geometry":{"type":"Polygon","coordinates":[[[4.423163,43.798803],[4.423232,43.798819],[4.423211,43.798856],[4.42333,43.798887],[4.423415,43.798711],[4.423149,43.79863],[4.423117,43.798686],[4.423163,43.798803]]]},"properties":{"cle":"osm:w563610770","nom":null,"file":"inventaire","sort":"retenue"}},{"type":"Feature","geometry":{"type":"Polygon","coordinates":[[[4.425581,43.796197],[4.425382,43.796112],[4.425648,43.796015],[4.425406,43.795657],[4.425524,43.795604],[4.425605,43.795726],[4.425669,43.795647],[4.425798,43.79568],[4.425851,43.79562],[4.426101,43.795724],[4.42671,43.795368],[4.426739,43.79542],[4.426313,43.795693],[4.426007,43.795922],[4.426034,43.796023],[4.425581,43.796197]]]},"properties":{"cle":"osm:w564407100","nom":null,"file":"inventaire","sort":"retenue"}},{"type":"Feature","geometry":{"type":"Polygon","coordinates":[[[4.435452,43.801159],[4.435347,43.800425],[4.43529,43.800384],[4.435404,43.801143],[4.435452,43.801159]]]},"properties":{"cle":"osm:w1012175766","nom":null,"file":"inventaire","sort":"retenue"}},{"type":"Feature","geometry":{"type":"Polygon","coordinates":[[[4.42857,43.8184],[4.428598,43.818309],[4.42848,43.818292],[4.428495,43.818215],[4.428351,43.818202],[4.428345,43.81825],[4.428355,43.818293],[4.428363,43.818388],[4.42857,43.8184]]]},"properties":{"cle":"osm:w1382304073","nom":null,"file":"inventaire","sort":"ecartee"}},{"type":"Feature","geometry":{"type":"Polygon","coordinates":[[[4.47317,43.902735],[4.472704,43.902684],[4.472702,43.902729],[4.472638,43.902722],[4.472592,43.902938],[4.472723,43.902959],[4.47278,43.902968],[4.472812,43.902838],[4.473137,43.902886],[4.47317,43.902735]]]},"properties":{"cle":"osm:w412908136","nom":null,"file":"inventaire","sort":"retenue"}},{"type":"Feature","geometry":{"type":"Polygon","coordinates":[[[4.473863,43.90555],[4.473828,43.905152],[4.474177,43.905141],[4.474179,43.905427],[4.474456,43.905425],[4.474448,43.905531],[4.473863,43.90555]]]},"properties":{"cle":"osm:w685622137","nom":null,"file":"inventaire","sort":"retenue"}},{"type":"Feature","geometry":{"type":"Polygon","coordinates":[[[4.243022,43.644126],[4.241911,43.643975],[4.24186,43.644097],[4.241929,43.644333],[4.242217,43.644567],[4.24302,43.644683],[4.243011,43.644389],[4.243022,43.644126]]]},"properties":{"cle":"osm:w853491090","nom":null,"file":"inventaire","sort":"ecartee"}},{"type":"Feature","geometry":{"type":"Polygon","coordinates":[[[4.228571,43.661954],[4.228486,43.661947],[4.22839,43.661912],[4.228267,43.661842],[4.228215,43.661783],[4.228172,43.661697],[4.227811,43.6615],[4.227624,43.661406],[4.227346,43.661356],[4.227164,43.661339],[4.227095,43.661452],[4.227178,43.661475],[4.227409,43.661529],[4.227675,43.661622],[4.227882,43.661737],[4.228093,43.661849],[4.228292,43.661938],[4.228488,43.662036],[4.228563,43.662067],[4.228655,43.662083],[4.228708,43.662061],[4.228761,43.662024],[4.228801,43.661974],[4.228611,43.661922],[4.228571,43.661954]]]},"properties":{"cle":"osm:w1016641993","nom":null,"file":"inventaire","sort":"ecartee"}},{"type":"Feature","geometry":{"type":"Polygon","coordinates":[[[4.236153,43.671439],[4.23581,43.671437],[4.235573,43.671893],[4.235977,43.672084],[4.236153,43.671439]]]},"properties":{"cle":"osm:w1500339522","nom":null,"file":"inventaire","sort":"retenue"}},{"type":"Feature","geometry":{"type":"Polygon","coordinates":[[[4.258641,43.619805],[4.258498,43.619666],[4.258478,43.619622],[4.258419,43.619572],[4.258337,43.619641],[4.25826,43.619603],[4.258088,43.619732],[4.258108,43.619794],[4.258456,43.620056],[4.258744,43.619861],[4.258641,43.619805]]]},"properties":{"cle":"osm:w845000476","nom":null,"file":"inventaire","sort":"retenue"}},{"type":"Feature","geometry":{"type":"Polygon","coordinates":[[[4.263569,43.59197],[4.263579,43.59174],[4.262888,43.591715],[4.262884,43.591946],[4.263569,43.59197]]]},"properties":{"cle":"osm:w642498712","nom":null,"file":"inventaire","sort":"ecartee"}},{"type":"Feature","geometry":{"type":"Polygon","coordinates":[[[4.252403,43.635036],[4.252434,43.635096],[4.252625,43.6352],[4.252802,43.63535],[4.252808,43.635395],[4.252814,43.635436],[4.252609,43.635476],[4.252633,43.635581],[4.253057,43.635504],[4.253034,43.63545],[4.252945,43.635395],[4.252798,43.635242],[4.252675,43.63511],[4.252597,43.635005],[4.252518,43.634897],[4.252468,43.634913],[4.252426,43.634978],[4.252403,43.635036]]]},"properties":{"cle":"osm:w620384427","nom":null,"file":"inventaire","sort":"retenue"}},{"type":"Feature","geometry":{"type":"Polygon","coordinates":[[[4.235012,43.671831],[4.234976,43.671677],[4.234828,43.671687],[4.234534,43.671706],[4.234553,43.671843],[4.235012,43.671831]]]},"properties":{"cle":"osm:w640090953","nom":null,"file":"inventaire","sort":"retenue"}},{"type":"Feature","geometry":{"type":"Polygon","coordinates":[[[4.235723,43.675264],[4.235111,43.675243],[4.235136,43.675033],[4.235758,43.675057],[4.235723,43.675264]]]},"properties":{"cle":"osm:w906759990","nom":null,"file":"inventaire","sort":"retenue"}},{"type":"Feature","geometry":{"type":"Polygon","coordinates":[[[4.235286,43.671968],[4.235109,43.671884],[4.235052,43.672233],[4.235198,43.672291],[4.235286,43.671968]]]},"properties":{"cle":"osm:w640090952","nom":null,"file":"inventaire","sort":"retenue"}},{"type":"Feature","geometry":{"type":"Polygon","coordinates":[[[4.384866,43.797056],[4.384913,43.797033],[4.384963,43.79701],[4.385333,43.796833],[4.385366,43.79687],[4.38548,43.796816],[4.385515,43.796799],[4.385656,43.796746],[4.385382,43.796441],[4.384477,43.796879],[4.384713,43.797133],[4.384866,43.797056]]]},"properties":{"cle":"osm:w985562864","nom":null,"file":"inventaire","sort":"retenue"}},{"type":"Feature","geometry":{"type":"Polygon","coordinates":[[[4.381846,43.798121],[4.381773,43.798151],[4.381728,43.798131],[4.381175,43.798555],[4.3811,43.798663],[4.38194,43.799039],[4.382007,43.798994],[4.381567,43.798642],[4.381682,43.798563],[4.38165,43.79853],[4.382048,43.798246],[4.381846,43.798121]]]},"properties":{"cle":"osm:w654162598","nom":null,"file":"inventaire","sort":"retenue"}},{"type":"Feature","geometry":{"type":"Polygon","coordinates":[[[4.383325,43.787052],[4.383204,43.787001],[4.383117,43.786964],[4.382763,43.787706],[4.382791,43.787771],[4.38287,43.78781],[4.382969,43.787777],[4.383325,43.787052]]]},"properties":{"cle":"osm:w952568109","nom":null,"file":"inventaire","sort":"retenue"}},{"type":"Feature","geometry":{"type":"Polygon","coordinates":[[[4.383595,43.796284],[4.383789,43.796034],[4.383225,43.795818],[4.383049,43.796063],[4.383595,43.796284]]]},"properties":{"cle":"osm:w654162595","nom":null,"file":"inventaire","sort":"retenue"}},{"type":"Feature","geometry":{"type":"Polygon","coordinates":[[[4.377313,43.79648],[4.377267,43.796554],[4.37714,43.796513],[4.376965,43.796794],[4.377277,43.796895],[4.377425,43.796655],[4.37758,43.796705],[4.377652,43.796589],[4.377313,43.79648]]]},"properties":{"cle":"osm:w606574404","nom":"Place Cocconato","file":"inventaire","sort":"retenue"}},{"type":"Feature","geometry":{"type":"Polygon","coordinates":[[[4.407509,43.772778],[4.407651,43.772589],[4.407588,43.772405],[4.407364,43.77246],[4.407273,43.772607],[4.406914,43.77257],[4.406922,43.772637],[4.407509,43.772778]]]},"properties":{"cle":"osm:w1375101278","nom":null,"file":"inventaire","sort":"ecartee"}},{"type":"Feature","geometry":{"type":"Polygon","coordinates":[[[4.383204,43.787001],[4.383396,43.786753],[4.38352,43.786521],[4.38364,43.786254],[4.383548,43.786234],[4.383349,43.786687],[4.383117,43.786964],[4.383204,43.787001]]]},"properties":{"cle":"osm:w952568110","nom":null,"file":"inventaire","sort":"retenue"}},{"type":"Feature","geometry":{"type":"Polygon","coordinates":[[[4.401778,43.788773],[4.401658,43.788542],[4.401484,43.788678],[4.401603,43.788889],[4.401615,43.78891],[4.401778,43.788773]]]},"properties":{"cle":"osm:w161649214","nom":null,"file":"inventaire","sort":"ecartee"}},{"type":"Feature","geometry":{"type":"Polygon","coordinates":[[[4.399867,43.786597],[4.399922,43.786556],[4.400032,43.786441],[4.400054,43.786413],[4.399679,43.786466],[4.399569,43.786586],[4.399528,43.786627],[4.399867,43.786597]]]},"properties":{"cle":"osm:w1054231450","nom":null,"file":"inventaire","sort":"ecartee"}},{"type":"Feature","geometry":{"type":"Polygon","coordinates":[[[4.399491,43.786951],[4.399546,43.786899],[4.39965,43.786794],[4.399679,43.786766],[4.399345,43.786801],[4.399316,43.786827],[4.399211,43.786938],[4.39917,43.786991],[4.399491,43.786951]]]},"properties":{"cle":"osm:w1054231451","nom":null,"file":"inventaire","sort":"ecartee"}},{"type":"Feature","geometry":{"type":"Polygon","coordinates":[[[4.402052,43.788513],[4.401929,43.788294],[4.401765,43.788411],[4.401905,43.788629],[4.402052,43.788513]]]},"properties":{"cle":"osm:w161649215","nom":null,"file":"inventaire","sort":"ecartee"}},{"type":"Feature","geometry":{"type":"Polygon","coordinates":[[[4.382463,43.788768],[4.382412,43.788713],[4.382146,43.789323],[4.3822,43.789374],[4.382463,43.788768]]]},"properties":{"cle":"osm:w1103305002","nom":null,"file":"inventaire","sort":"retenue"}},{"type":"Feature","geometry":{"type":"Polygon","coordinates":[[[4.401819,43.788829],[4.401854,43.788893],[4.402062,43.788713],[4.402075,43.788702],[4.402138,43.788648],[4.402204,43.78859],[4.402214,43.788582],[4.402253,43.788548],[4.402229,43.788447],[4.401819,43.788829]]]},"properties":{"cle":"osm:w161649217","nom":null,"file":"inventaire","sort":"retenue"}},{"type":"Feature","geometry":{"type":"Polygon","coordinates":[[[4.382338,43.789263],[4.382418,43.789236],[4.382694,43.788573],[4.382633,43.788572],[4.382338,43.789263]]]},"properties":{"cle":"osm:w952568108","nom":null,"file":"inventaire","sort":"retenue"}},{"type":"Feature","geometry":{"type":"Polygon","coordinates":[[[4.3826,43.78811],[4.382527,43.788057],[4.382385,43.788583],[4.382439,43.78862],[4.3826,43.78811]]]},"properties":{"cle":"osm:w952568102","nom":null,"file":"inventaire","sort":"retenue"}},{"type":"Feature","geometry":{"type":"Polygon","coordinates":[[[4.378102,43.79441],[4.378166,43.794411],[4.378257,43.794283],[4.378429,43.794347],[4.378458,43.794389],[4.37838,43.794499],[4.378421,43.794515],[4.378437,43.794521],[4.378536,43.794386],[4.378513,43.794331],[4.378471,43.794301],[4.37827,43.794231],[4.378223,43.79424],[4.378191,43.794267],[4.378091,43.79441],[4.378102,43.79441]]]},"properties":{"cle":"osm:w559120296","nom":null,"file":"inventaire","sort":"retenue"}},{"type":"Feature","geometry":{"type":"Polygon","coordinates":[[[4.381289,43.797221],[4.381345,43.797193],[4.38116,43.79702],[4.380918,43.796838],[4.380869,43.796871],[4.381289,43.797221]]]},"properties":{"cle":"osm:w952568126","nom":null,"file":"inventaire","sort":"retenue"}},{"type":"Feature","geometry":{"type":"Polygon","coordinates":[[[4.19509,43.761914],[4.195455,43.761039],[4.194531,43.76067],[4.194374,43.76071],[4.19429,43.760768],[4.194221,43.760844],[4.194935,43.761172],[4.194666,43.761835],[4.19509,43.761914]]]},"properties":{"cle":"osm:w364574841","nom":null,"file":"inventaire","sort":"retenue"}},{"type":"Feature","geometry":{"type":"Polygon","coordinates":[[[4.193648,43.758522],[4.193663,43.758689],[4.193703,43.758752],[4.193984,43.758966],[4.194186,43.759252],[4.194286,43.759337],[4.194376,43.759247],[4.194281,43.759046],[4.194207,43.758934],[4.194384,43.75891],[4.19435,43.758756],[4.193961,43.758786],[4.193966,43.758711],[4.194068,43.758442],[4.193748,43.757838],[4.193402,43.758066],[4.193648,43.758522]]]},"properties":{"cle":"osm:w364575016","nom":null,"file":"inventaire","sort":"retenue"}},{"type":"Feature","geometry":{"type":"Polygon","coordinates":[[[4.191043,43.78652],[4.19262,43.786456],[4.192648,43.786146],[4.192523,43.786114],[4.192169,43.786125],[4.191783,43.786171],[4.191299,43.786274],[4.191136,43.786383],[4.191043,43.78652]]]},"properties":{"cle":"osm:w72567766","nom":null,"file":"inventaire","sort":"retenue"}},{"type":"Feature","geometry":{"type":"Polygon","coordinates":[[[4.205277,43.784997],[4.205312,43.784424],[4.204782,43.784607],[4.204895,43.784785],[4.204678,43.784856],[4.204569,43.784675],[4.204208,43.784803],[4.204651,43.785188],[4.205277,43.784997]]]},"properties":{"cle":"osm:w1316756130","nom":null,"file":"inventaire","sort":"ecartee"}},{"type":"Feature","geometry":{"type":"Polygon","coordinates":[[[4.198015,43.781696],[4.197916,43.781813],[4.198407,43.781998],[4.198494,43.781875],[4.198704,43.781952],[4.198932,43.782042],[4.198681,43.782424],[4.199011,43.782544],[4.199303,43.782112],[4.198072,43.781618],[4.198015,43.781696]]]},"properties":{"cle":"osm:w224025205","nom":null,"file":"inventaire","sort":"retenue"}},{"type":"Feature","geometry":{"type":"Polygon","coordinates":[[[4.20251,43.782112],[4.202215,43.782064],[4.202049,43.782175],[4.202016,43.782261],[4.202027,43.78232],[4.201995,43.78241],[4.202035,43.782483],[4.202023,43.782518],[4.202337,43.782573],[4.20251,43.782112]]]},"properties":{"cle":"osm:w1041631265","nom":null,"file":"inventaire","sort":"retenue"}},{"type":"Feature","geometry":{"type":"Polygon","coordinates":[[[4.202628,43.782553],[4.2026,43.782622],[4.202898,43.782714],[4.202936,43.78267],[4.20296,43.782681],[4.203352,43.782128],[4.203324,43.782117],[4.203292,43.782109],[4.203083,43.782409],[4.202687,43.782298],[4.202578,43.782544],[4.202628,43.782553]]]},"properties":{"cle":"osm:w1041631271","nom":null,"file":"inventaire","sort":"ecartee"}},{"type":"Feature","geometry":{"type":"Polygon","coordinates":[[[4.204241,43.7827],[4.204442,43.782452],[4.204064,43.782251],[4.203842,43.782495],[4.204241,43.7827]]]},"properties":{"cle":"osm:w656761074","nom":null,"file":"inventaire","sort":"retenue"}},{"type":"Feature","geometry":{"type":"Polygon","coordinates":[[[4.200956,43.783104],[4.201244,43.78336],[4.201359,43.783436],[4.201434,43.783436],[4.201525,43.783395],[4.201524,43.783364],[4.201077,43.782974],[4.200892,43.782859],[4.200832,43.78288],[4.200791,43.782913],[4.200956,43.783104]]]},"properties":{"cle":"osm:w224025203","nom":null,"file":"inventaire","sort":"retenue"}},{"type":"Feature","geometry":{"type":"Polygon","coordinates":[[[4.197568,43.781969],[4.197451,43.781717],[4.197345,43.781657],[4.19727,43.781741],[4.197283,43.781748],[4.197295,43.781756],[4.197304,43.781764],[4.197313,43.781772],[4.197319,43.781781],[4.197328,43.781794],[4.197332,43.781808],[4.197334,43.781825],[4.197333,43.781838],[4.197331,43.781852],[4.197324,43.781865],[4.19731,43.781884],[4.197297,43.781896],[4.197281,43.781907],[4.197262,43.781916],[4.197243,43.781923],[4.197224,43.781927],[4.197208,43.781929],[4.197195,43.781929],[4.197176,43.781929],[4.197156,43.781926],[4.197141,43.781923],[4.197117,43.781914],[4.197052,43.781986],[4.197067,43.78199],[4.197204,43.782054],[4.197149,43.782096],[4.197244,43.782244],[4.197356,43.782134],[4.197399,43.78215],[4.197568,43.781969]]]},"properties":{"cle":"osm:w934449625","nom":null,"file":"inventaire","sort":"ecartee"}},{"type":"Feature","geometry":{"type":"Polygon","coordinates":[[[4.192153,43.779615],[4.192237,43.779626],[4.192417,43.779604],[4.192584,43.779602],[4.192762,43.779465],[4.192339,43.779277],[4.192153,43.779473],[4.192153,43.779615]]]},"properties":{"cle":"osm:w226922109","nom":null,"file":"inventaire","sort":"retenue"}},{"type":"Feature","geometry":{"type":"Polygon","coordinates":[[[4.204709,43.788354],[4.204766,43.788234],[4.204179,43.788025],[4.204164,43.788281],[4.204709,43.788354]]]},"properties":{"cle":"osm:w527282693","nom":null,"file":"inventaire","sort":"retenue"}},{"type":"Feature","geometry":{"type":"Polygon","coordinates":[[[4.193306,43.781295],[4.193406,43.781085],[4.193016,43.780988],[4.192916,43.781198],[4.193306,43.781295]]]},"properties":{"cle":"osm:w241370894","nom":null,"file":"inventaire","sort":"retenue"}},{"type":"Feature","geometry":{"type":"Polygon","coordinates":[[[4.200532,43.801125],[4.200602,43.801152],[4.20079,43.800753],[4.200575,43.800709],[4.200447,43.800962],[4.2005,43.80097],[4.200439,43.80109],[4.200532,43.801125]]]},"properties":{"cle":"osm:w969544132","nom":null,"file":"inventaire","sort":"ecartee"}},{"type":"Feature","geometry":{"type":"Polygon","coordinates":[[[4.190081,43.778187],[4.190112,43.778204],[4.1902,43.778031],[4.189662,43.777922],[4.189608,43.778015],[4.190081,43.778187]]]},"properties":{"cle":"osm:w226922110","nom":null,"file":"inventaire","sort":"retenue"}},{"type":"Feature","geometry":{"type":"Polygon","coordinates":[[[4.195585,43.784242],[4.195808,43.783962],[4.195619,43.783866],[4.195377,43.784145],[4.195585,43.784242]]]},"properties":{"cle":"osm:w1316756126","nom":null,"file":"inventaire","sort":"ecartee"}},{"type":"Feature","geometry":{"type":"Polygon","coordinates":[[[4.196348,43.778998],[4.196062,43.778855],[4.195889,43.779036],[4.196175,43.779179],[4.196348,43.778998]]]},"properties":{"cle":"osm:w1317142729","nom":null,"file":"inventaire","sort":"ecartee"}},{"type":"Feature","geometry":{"type":"Polygon","coordinates":[[[4.193892,43.78557],[4.193859,43.785624],[4.193917,43.785647],[4.193983,43.785537],[4.194064,43.785389],[4.193844,43.785268],[4.193658,43.785371],[4.19372,43.785438],[4.193754,43.785467],[4.193828,43.785527],[4.193892,43.78557]]]},"properties":{"cle":"osm:w1041631278","nom":null,"file":"inventaire","sort":"retenue"}},{"type":"Feature","geometry":{"type":"Polygon","coordinates":[[[4.198967,43.781765],[4.199264,43.781867],[4.199348,43.781711],[4.199281,43.781651],[4.198927,43.781605],[4.198912,43.781654],[4.198967,43.781765]]]},"properties":{"cle":"osm:w934449626","nom":null,"file":"inventaire","sort":"ecartee"}},{"type":"Feature","geometry":{"type":"Polygon","coordinates":[[[4.196284,43.779919],[4.19654,43.779618],[4.196393,43.779553],[4.196137,43.779854],[4.196284,43.779919]]]},"properties":{"cle":"osm:w1317142728","nom":null,"file":"inventaire","sort":"ecartee"}},{"type":"Feature","geometry":{"type":"Polygon","coordinates":[[[4.196108,43.783882],[4.195773,43.783774],[4.19565,43.783853],[4.19602,43.784023],[4.196108,43.783882]]]},"properties":{"cle":"osm:w1316756125","nom":null,"file":"inventaire","sort":"ecartee"}},{"type":"Feature","geometry":{"type":"Polygon","coordinates":[[[4.199915,43.761964],[4.199817,43.761947],[4.199596,43.762383],[4.199685,43.762441],[4.199915,43.761964]]]},"properties":{"cle":"osm:w1507671840","nom":null,"file":"inventaire","sort":"retenue"}},{"type":"Feature","geometry":{"type":"Polygon","coordinates":[[[4.19614,43.782633],[4.196153,43.782608],[4.196194,43.782543],[4.195751,43.782407],[4.195699,43.782498],[4.19614,43.782633]]]},"properties":{"cle":"osm:w506253192","nom":null,"file":"inventaire","sort":"retenue"}},{"type":"Feature","geometry":{"type":"Polygon","coordinates":[[[4.194632,43.785703],[4.194654,43.785655],[4.194462,43.785556],[4.194331,43.78549],[4.194299,43.785473],[4.194237,43.785647],[4.194632,43.785703]]]},"properties":{"cle":"osm:w674383245","nom":null,"file":"inventaire","sort":"retenue"}},{"type":"Feature","geometry":{"type":"Polygon","coordinates":[[[4.189925,43.785445],[4.189967,43.785613],[4.189999,43.785609],[4.190193,43.785585],[4.190202,43.785546],[4.190162,43.785384],[4.189925,43.785445]]]},"properties":{"cle":"osm:w49311254","nom":"Parking du Moulin à Huile","file":"inventaire","sort":"retenue"}},{"type":"Feature","geometry":{"type":"Polygon","coordinates":[[[4.190159,43.78537],[4.190129,43.78525],[4.189995,43.785204],[4.189874,43.785241],[4.189919,43.785423],[4.190159,43.78537]]]},"properties":{"cle":"osm:w335246946","nom":"Parking du Moulin à Huile","file":"inventaire","sort":"retenue"}},{"type":"Feature","geometry":{"type":"Polygon","coordinates":[[[4.192589,43.778791],[4.1924,43.778733],[4.192462,43.779146],[4.192589,43.778791]]]},"properties":{"cle":"osm:w241370893","nom":null,"file":"inventaire","sort":"retenue"}},{"type":"Feature","geometry":{"type":"Polygon","coordinates":[[[4.203786,43.78813],[4.203908,43.788133],[4.203899,43.78793],[4.20373,43.787873],[4.203786,43.78813]]]},"properties":{"cle":"osm:w527286742","nom":null,"file":"inventaire","sort":"retenue"}},{"type":"Feature","geometry":{"type":"Polygon","coordinates":[[[4.19005,43.782843],[4.189864,43.783051],[4.189983,43.783112],[4.190136,43.782913],[4.19005,43.782843]]]},"properties":{"cle":"osm:w506242123","nom":null,"file":"inventaire","sort":"retenue"}},{"type":"Feature","geometry":{"type":"Polygon","coordinates":[[[4.19043,43.78389],[4.190565,43.783825],[4.190485,43.783783],[4.190447,43.783752],[4.190398,43.78372],[4.190359,43.783686],[4.190244,43.783811],[4.19043,43.78389]]]},"properties":{"cle":"osm:w506242119","nom":null,"file":"inventaire","sort":"retenue"}},{"type":"Feature","geometry":{"type":"Polygon","coordinates":[[[4.204655,43.784597],[4.204637,43.784566],[4.204469,43.784297],[4.204459,43.78428],[4.204382,43.784305],[4.204579,43.784621],[4.204655,43.784597]]]},"properties":{"cle":"osm:w1316756132","nom":null,"file":"inventaire","sort":"ecartee"}},{"type":"Feature","geometry":{"type":"Polygon","coordinates":[[[4.203433,43.782921],[4.203749,43.78267],[4.203702,43.782638],[4.203388,43.782891],[4.203433,43.782921]]]},"properties":{"cle":"osm:w1041631261","nom":null,"file":"inventaire","sort":"ecartee"}},{"type":"Feature","geometry":{"type":"Polygon","coordinates":[[[4.262399,43.821722],[4.263563,43.821834],[4.263842,43.821749],[4.263869,43.821571],[4.263611,43.8213],[4.262458,43.82118],[4.262163,43.821288],[4.261304,43.821207],[4.261294,43.821494],[4.261986,43.821625],[4.262399,43.821722]]]},"properties":{"cle":"osm:w152345712","nom":null,"file":"inventaire","sort":"retenue"}},{"type":"Feature","geometry":{"type":"Polygon","coordinates":[[[4.26009,43.822599,-1000.0],[4.259928,43.822587,-1000.0],[4.259888,43.822567,-1000.0],[4.259771,43.822551,-1000.0],[4.259413,43.82257,-1000.0],[4.259109,43.822531,-1000.0],[4.259008,43.822846,-1000.0],[4.259946,43.823006,-1000.0],[4.26009,43.822599,-1000.0]]]},"properties":{"cle":"bdtopo:EQ_RESEA0000002488441902","nom":null,"file":"inventaire","sort":"retenue"}},{"type":"Feature","geometry":{"type":"Polygon","coordinates":[[[4.257282,43.825478],[4.257534,43.825634],[4.258442,43.824937],[4.258206,43.824773],[4.257282,43.825478]]]},"properties":{"cle":"osm:w373822718","nom":null,"file":"inventaire","sort":"retenue"}},{"type":"Feature","geometry":{"type":"Polygon","coordinates":[[[4.261955,43.827458],[4.26196,43.827167],[4.261424,43.827161],[4.261351,43.82716],[4.261224,43.82746],[4.261955,43.827458]]]},"properties":{"cle":"osm:w235474052","nom":null,"file":"inventaire","sort":"retenue"}},{"type":"Feature","geometry":{"type":"Polygon","coordinates":[[[4.271333,43.822345],[4.271324,43.822506],[4.271312,43.822728],[4.271721,43.822742],[4.271926,43.822675],[4.27195,43.822407],[4.272067,43.822356],[4.272066,43.822306],[4.271675,43.822302],[4.27162,43.822351],[4.271606,43.822551],[4.271709,43.822555],[4.2717,43.822676],[4.27137,43.822665],[4.271392,43.822343],[4.271333,43.822345]]]},"properties":{"cle":"osm:w1020401722","nom":null,"file":"inventaire","sort":"ecartee"}},{"type":"Feature","geometry":{"type":"Polygon","coordinates":[[[4.275813,43.823793],[4.275792,43.823626],[4.275278,43.823647],[4.275293,43.823821],[4.275813,43.823793]]]},"properties":{"cle":"osm:w934302589","nom":null,"file":"inventaire","sort":"ecartee"}},{"type":"Feature","geometry":{"type":"Polygon","coordinates":[[[4.266617,43.822472],[4.266927,43.822488],[4.267061,43.822433],[4.267042,43.822329],[4.26694,43.822369],[4.266863,43.822364],[4.266866,43.822339],[4.26648,43.822313],[4.266464,43.822454],[4.266617,43.822472]]]},"properties":{"cle":"osm:w934302601","nom":null,"file":"inventaire","sort":"ecartee"}},{"type":"Feature","geometry":{"type":"Polygon","coordinates":[[[4.267391,43.822815,-1000.0],[4.26731,43.822827,-1000.0],[4.267282,43.822752,-1000.0],[4.267172,43.822695,-1000.0],[4.267119,43.822745,-1000.0],[4.266926,43.822721,-1000.0],[4.266937,43.822845,-1000.0],[4.267143,43.822868,-1000.0],[4.267291,43.822946,-1000.0],[4.267465,43.822913,-1000.0],[4.267391,43.822815,-1000.0]]]},"properties":{"cle":"bdtopo:EQ_RESEA0000000130578585","nom":null,"file":"inventaire","sort":"retenue"}},{"type":"Feature","geometry":{"type":"Polygon","coordinates":[[[4.275856,43.823483],[4.275922,43.82442],[4.27598,43.824394],[4.276004,43.824098],[4.275893,43.823981],[4.275945,43.8239],[4.275925,43.82348],[4.275856,43.823483]]]},"properties":{"cle":"osm:w934302591","nom":null,"file":"inventaire","sort":"ecartee"}},{"type":"Feature","geometry":{"type":"Polygon","coordinates":[[[4.261751,43.823266],[4.260925,43.82308],[4.260944,43.823013],[4.261706,43.823177],[4.261751,43.823266]]]},"properties":{"cle":"osm:w1152279656","nom":null,"file":"inventaire","sort":"retenue"}},{"type":"Feature","geometry":{"type":"Polygon","coordinates":[[[4.275184,43.824079],[4.275193,43.823948],[4.274757,43.82394],[4.274753,43.824069],[4.275184,43.824079]]]},"properties":{"cle":"osm:w934302587","nom":null,"file":"inventaire","sort":"ecartee"}},{"type":"Feature","geometry":{"type":"Polygon","coordinates":[[[4.267081,43.822444],[4.267153,43.82242],[4.267217,43.822351],[4.267226,43.822271],[4.267184,43.822233],[4.267074,43.822197],[4.266955,43.822208],[4.267039,43.822311],[4.267061,43.822433],[4.267081,43.822444]]]},"properties":{"cle":"osm:w934302603","nom":null,"file":"inventaire","sort":"retenue"}},{"type":"Feature","geometry":{"type":"Polygon","coordinates":[[[4.275173,43.823901],[4.275173,43.823831],[4.274773,43.823825],[4.274771,43.823896],[4.275173,43.823901]]]},"properties":{"cle":"osm:w934302590","nom":null,"file":"inventaire","sort":"ecartee"}},{"type":"Feature","geometry":{"type":"Polygon","coordinates":[[[4.266679,43.821683],[4.266867,43.821885],[4.267112,43.822133],[4.267152,43.822116],[4.266697,43.821651],[4.266666,43.821664],[4.266679,43.821683]]]},"properties":{"cle":"osm:w818583418","nom":null,"file":"inventaire","sort":"retenue"}},{"type":"Feature","geometry":{"type":"Polygon","coordinates":[[[4.275229,43.824185],[4.275222,43.824135],[4.274754,43.824121],[4.274756,43.824173],[4.275229,43.824185]]]},"properties":{"cle":"osm:w934302588","nom":null,"file":"inventaire","sort":"ecartee"}},{"type":"Feature","geometry":{"type":"Polygon","coordinates":[[[4.268906,43.823374],[4.268932,43.823343],[4.268989,43.823365],[4.269057,43.823283],[4.268974,43.823252],[4.268781,43.823261],[4.268757,43.8233],[4.268906,43.823374]]]},"properties":{"cle":"osm:w1509477077","nom":null,"file":"inventaire","sort":"retenue"}},{"type":"Feature","geometry":{"type":"Polygon","coordinates":[[[4.272741,43.824388],[4.272738,43.824295],[4.273001,43.824276],[4.273005,43.824226],[4.272665,43.824255],[4.272673,43.824382],[4.272741,43.824388]]]},"properties":{"cle":"osm:w934302592","nom":null,"file":"inventaire","sort":"ecartee"}},{"type":"Feature","geometry":{"type":"Polygon","coordinates":[[[4.232213,43.827074],[4.232201,43.826972],[4.23114,43.826687],[4.231061,43.826876],[4.231107,43.826852],[4.231155,43.826845],[4.2312,43.826861],[4.231222,43.826892],[4.231263,43.826916],[4.232091,43.827132],[4.232109,43.827189],[4.232213,43.827074]]]},"properties":{"cle":"osm:w417366887","nom":"Parking de l'École","file":"inventaire","sort":"retenue"}},{"type":"Feature","geometry":{"type":"Polygon","coordinates":[[[4.225121,43.827211],[4.225129,43.827172],[4.225406,43.827194],[4.225468,43.826878],[4.22535,43.826868],[4.225297,43.827061],[4.224532,43.827023],[4.224492,43.827168],[4.225121,43.827211]]]},"properties":{"cle":"osm:w1086218326","nom":null,"file":"inventaire","sort":"ecartee"}},{"type":"Feature","geometry":{"type":"Polygon","coordinates":[[[4.23117,43.825628],[4.231242,43.825481],[4.231073,43.825438],[4.231109,43.825365],[4.230749,43.825273],[4.230688,43.825397],[4.23061,43.825377],[4.230563,43.825473],[4.23117,43.825628]]]},"properties":{"cle":"osm:w1086464985","nom":null,"file":"inventaire","sort":"ecartee"}},{"type":"Feature","geometry":{"type":"Polygon","coordinates":[[[4.2244,43.827046],[4.224474,43.826811],[4.224056,43.826787],[4.223997,43.826987],[4.2244,43.827046]]]},"properties":{"cle":"osm:w159682186","nom":null,"file":"inventaire","sort":"retenue"}},{"type":"Feature","geometry":{"type":"Polygon","coordinates":[[[4.228386,43.839321],[4.228449,43.839246],[4.228427,43.8392],[4.228317,43.839184],[4.228214,43.839193],[4.228271,43.839465],[4.228386,43.839321]]]},"properties":{"cle":"osm:w1327205563","nom":null,"file":"inventaire","sort":"retenue"}},{"type":"Feature","geometry":{"type":"Polygon","coordinates":[[[4.217012,43.828323],[4.216947,43.828321],[4.216793,43.828316],[4.216793,43.82845],[4.216899,43.828462],[4.216946,43.828466],[4.217012,43.828323]]]},"properties":{"cle":"osm:w507590189","nom":null,"file":"inventaire","sort":"ecartee"}},{"type":"Feature","geometry":{"type":"Polygon","coordinates":[[[4.229432,43.735646],[4.229698,43.735685],[4.229734,43.735671],[4.230117,43.735017],[4.230098,43.734959],[4.229663,43.734686],[4.229419,43.735617],[4.229432,43.735646]]]},"properties":{"cle":"osm:w230598353","nom":null,"file":"inventaire","sort":"retenue"}},{"type":"Feature","geometry":{"type":"Polygon","coordinates":[[[4.219661,43.732071],[4.219668,43.73198],[4.219409,43.731972],[4.219349,43.731969],[4.219253,43.731964],[4.219245,43.732036],[4.219236,43.732116],[4.219301,43.73212],[4.219416,43.732127],[4.219404,43.732231],[4.219649,43.732246],[4.219661,43.732071]]]},"properties":{"cle":"osm:w902786151","nom":null,"file":"inventaire","sort":"retenue"}},{"type":"Feature","geometry":{"type":"Polygon","coordinates":[[[4.217911,43.733741],[4.217666,43.73367],[4.217618,43.733714],[4.217938,43.733856],[4.21799,43.733879],[4.218263,43.733864],[4.218255,43.733739],[4.217911,43.733741]]]},"properties":{"cle":"osm:w511316479","nom":null,"file":"inventaire","sort":"retenue"}},{"type":"Feature","geometry":{"type":"Polygon","coordinates":[[[4.219732,43.735047],[4.219751,43.734857],[4.219466,43.734839],[4.219461,43.734889],[4.219382,43.734907],[4.21938,43.735028],[4.219732,43.735047]]]},"properties":{"cle":"osm:w367646012","nom":null,"file":"inventaire","sort":"retenue"}},{"type":"Feature","geometry":{"type":"Polygon","coordinates":[[[4.218211,43.733536],[4.217756,43.73351],[4.217748,43.733559],[4.218,43.733656],[4.218254,43.733671],[4.218211,43.733536]]]},"properties":{"cle":"osm:w511316478","nom":null,"file":"inventaire","sort":"retenue"}},{"type":"Feature","geometry":{"type":"Polygon","coordinates":[[[4.228701,43.73033],[4.228744,43.730187],[4.228427,43.730143],[4.228417,43.730183],[4.228393,43.73018],[4.228357,43.730278],[4.228701,43.73033]]]},"properties":{"cle":"osm:w1448719832","nom":null,"file":"inventaire","sort":"ecartee"}},{"type":"Feature","geometry":{"type":"Polygon","coordinates":[[[4.212887,43.72807],[4.212939,43.728074],[4.21296,43.727924],[4.212883,43.727916],[4.212823,43.72791],[4.212752,43.727978],[4.212727,43.728139],[4.212874,43.728162],[4.212887,43.72807]]]},"properties":{"cle":"osm:w371634688","nom":null,"file":"inventaire","sort":"ecartee"}},{"type":"Feature","geometry":{"type":"Polygon","coordinates":[[[4.219706,43.73246],[4.219254,43.732431],[4.219251,43.73246],[4.219246,43.732524],[4.219693,43.732542],[4.219706,43.73246]]]},"properties":{"cle":"osm:w511351109","nom":null,"file":"inventaire","sort":"retenue"}},{"type":"Feature","geometry":{"type":"Polygon","coordinates":[[[4.219535,43.734828],[4.219739,43.734841],[4.219748,43.734682],[4.219536,43.734674],[4.219535,43.734828]]]},"properties":{"cle":"osm:w1442230470","nom":null,"file":"inventaire","sort":"retenue"}},{"type":"Feature","geometry":{"type":"Polygon","coordinates":[[[4.226974,43.734892],[4.226904,43.734872],[4.226772,43.73514],[4.22683,43.735154],[4.226974,43.734892]]]},"properties":{"cle":"osm:w955651769","nom":null,"file":"inventaire","sort":"retenue"}},{"type":"Feature","geometry":{"type":"Polygon","coordinates":[[[4.227416,43.73406],[4.227546,43.733819],[4.227472,43.733807],[4.227348,43.734038],[4.227416,43.73406]]]},"properties":{"cle":"osm:w955651771","nom":null,"file":"inventaire","sort":"retenue"}},{"type":"Feature","geometry":{"type":"Polygon","coordinates":[[[4.160049,43.778069],[4.160059,43.778003],[4.159661,43.777969],[4.15965,43.77804],[4.159638,43.778112],[4.160036,43.778146],[4.160049,43.778069]]]},"properties":{"cle":"osm:w333093005","nom":null,"file":"inventaire","sort":"retenue"}},{"type":"Feature","geometry":{"type":"Polygon","coordinates":[[[4.160798,43.773553],[4.160802,43.773474],[4.160205,43.773437],[4.160191,43.773516],[4.160798,43.773553]]]},"properties":{"cle":"osm:w222357338","nom":null,"file":"inventaire","sort":"retenue"}},{"type":"Feature","geometry":{"type":"Polygon","coordinates":[[[4.179883,43.71619,15.2],[4.179977,43.716215,14.7],[4.179975,43.716219,14.8],[4.179969,43.716248,14.8],[4.179968,43.716252,14.9],[4.179974,43.716264,14.9],[4.179999,43.716289,14.9],[4.180029,43.716297,14.8],[4.180125,43.71632,14.8],[4.180188,43.716331,14.8],[4.18026,43.716337,14.8],[4.180333,43.71633,14.8],[4.180408,43.716315,14.8],[4.18048,43.716291,14.8],[4.180553,43.716266,14.8],[4.180702,43.716212,14.8],[4.180997,43.716099,14.8],[4.181129,43.716042,14.9],[4.181132,43.716041,14.9],[4.181251,43.71577,15.1],[4.180523,43.715592,15.1],[4.180391,43.715868,15.1],[4.180191,43.715817,14.7],[4.180156,43.715828,14.2],[4.180053,43.715797,14.7],[4.179883,43.71619,15.2]]]},"properties":{"cle":"bdtopo:EQ_RESEA0000000337005911","nom":null,"file":"inventaire","sort":"ecartee"}},{"type":"Feature","geometry":{"type":"Polygon","coordinates":[[[4.18164,43.71866],[4.180927,43.718358],[4.18061,43.718755],[4.180641,43.718943],[4.180952,43.71909],[4.181447,43.71917],[4.18164,43.71866]]]},"properties":{"cle":"osm:w1533531865","nom":null,"file":"inventaire","sort":"en_cours"}},{"type":"Feature","geometry":{"type":"Polygon","coordinates":[[[4.18285,43.7211],[4.183202,43.721196],[4.18325,43.721132],[4.183287,43.721068],[4.183089,43.721016],[4.183154,43.720855],[4.183193,43.720865],[4.183368,43.720402],[4.183013,43.720324],[4.182718,43.721037],[4.18285,43.7211]]]},"properties":{"cle":"osm:w615346492","nom":null,"file":"inventaire","sort":"ecartee"}},{"type":"Feature","geometry":{"type":"Polygon","coordinates":[[[4.184425,43.718525],[4.184163,43.718454],[4.183697,43.719487],[4.183941,43.719544],[4.184425,43.718525]]]},"properties":{"cle":"osm:w225308703","nom":null,"file":"inventaire","sort":"ecartee"}},{"type":"Feature","geometry":{"type":"Polygon","coordinates":[[[4.18932,43.722014],[4.189315,43.722063],[4.189558,43.722075],[4.189567,43.721988],[4.189728,43.722001],[4.189792,43.721728],[4.189331,43.721673],[4.189305,43.721801],[4.189097,43.721783],[4.189189,43.721418],[4.18907,43.721402],[4.188927,43.721976],[4.18932,43.722014]]]},"properties":{"cle":"osm:w225308698","nom":null,"file":"inventaire","sort":"ecartee"}},{"type":"Feature","geometry":{"type":"Polygon","coordinates":[[[4.18101,43.718094],[4.181091,43.718016],[4.181168,43.717986],[4.181206,43.717956],[4.180716,43.717685],[4.180674,43.717716],[4.180614,43.717685],[4.180545,43.717746],[4.180603,43.717781],[4.180548,43.717915],[4.18052,43.717956],[4.180902,43.718174],[4.18101,43.718094]]]},"properties":{"cle":"osm:w1102962890","nom":null,"file":"inventaire","sort":"retenue"}},{"type":"Feature","geometry":{"type":"Polygon","coordinates":[[[4.187517,43.721452],[4.187637,43.720946],[4.187292,43.720912],[4.187174,43.721409],[4.187517,43.721452]]]},"properties":{"cle":"osm:w225308702","nom":null,"file":"inventaire","sort":"ecartee"}},{"type":"Feature","geometry":{"type":"Polygon","coordinates":[[[4.187701,43.719845],[4.187653,43.720036],[4.187776,43.720052],[4.187788,43.720005],[4.187858,43.720012],[4.187936,43.719673],[4.187973,43.719502],[4.187482,43.719387],[4.187481,43.719406],[4.187473,43.719424],[4.187425,43.719447],[4.18742,43.719457],[4.187422,43.719466],[4.187508,43.719545],[4.18768,43.719455],[4.187772,43.719542],[4.187768,43.719573],[4.187695,43.719616],[4.187632,43.719837],[4.187701,43.719845]]]},"properties":{"cle":"osm:w698571696","nom":null,"file":"inventaire","sort":"ecartee"}},{"type":"Feature","geometry":{"type":"Polygon","coordinates":[[[4.1856,43.722368],[4.185522,43.722539],[4.186039,43.722772],[4.186259,43.722534],[4.1856,43.722368]]]},"properties":{"cle":"osm:w225308705","nom":null,"file":"inventaire","sort":"ecartee"}},{"type":"Feature","geometry":{"type":"Polygon","coordinates":[[[4.183692,43.721949],[4.183735,43.7219],[4.18364,43.721775],[4.183762,43.721509],[4.183702,43.721494],[4.183609,43.721471],[4.183529,43.721655],[4.183047,43.721542],[4.183007,43.721635],[4.183692,43.721949]]]},"properties":{"cle":"osm:w698947669","nom":null,"file":"inventaire","sort":"ecartee"}},{"type":"Feature","geometry":{"type":"Polygon","coordinates":[[[4.174223,43.723169],[4.174224,43.723029],[4.17414,43.722906],[4.173921,43.722829],[4.173913,43.722862],[4.173902,43.722905],[4.17395,43.72301],[4.173931,43.723199],[4.17389,43.723451],[4.174114,43.72343],[4.174223,43.723169]]]},"properties":{"cle":"osm:w508219568","nom":null,"file":"inventaire","sort":"retenue"}},{"type":"Feature","geometry":{"type":"Polygon","coordinates":[[[4.185458,43.722614],[4.185187,43.722552],[4.185275,43.722339],[4.185146,43.722313],[4.185162,43.722271],[4.185045,43.722247],[4.18497,43.722435],[4.184886,43.722516],[4.185392,43.722751],[4.185458,43.722614]]]},"properties":{"cle":"osm:w225308707","nom":null,"file":"inventaire","sort":"ecartee"}},{"type":"Feature","geometry":{"type":"Polygon","coordinates":[[[4.18654,43.722133],[4.186434,43.722118],[4.186459,43.72203],[4.185827,43.721992],[4.185669,43.72235],[4.185744,43.722368],[4.185892,43.722053],[4.186282,43.722076],[4.186263,43.722143],[4.186389,43.722275],[4.186269,43.722469],[4.186321,43.722481],[4.18654,43.722133]]]},"properties":{"cle":"osm:w225308699","nom":null,"file":"inventaire","sort":"ecartee"}},{"type":"Feature","geometry":{"type":"Polygon","coordinates":[[[4.168139,43.702953],[4.16789,43.702973],[4.167965,43.703339],[4.168241,43.703378],[4.168139,43.702953]]]},"properties":{"cle":"osm:w807602207","nom":null,"file":"inventaire","sort":"retenue"}},{"type":"Feature","geometry":{"type":"Polygon","coordinates":[[[4.186748,43.722096],[4.186752,43.722052],[4.186624,43.722035],[4.186462,43.72229],[4.18658,43.722335],[4.186556,43.722377],[4.186725,43.722435],[4.186917,43.72215],[4.186748,43.722096]]]},"properties":{"cle":"osm:w615346497","nom":null,"file":"inventaire","sort":"ecartee"}},{"type":"Feature","geometry":{"type":"Polygon","coordinates":[[[4.187869,43.72269],[4.188192,43.722337],[4.188021,43.722251],[4.187691,43.722608],[4.187869,43.72269]]]},"properties":{"cle":"osm:w225308701","nom":null,"file":"inventaire","sort":"ecartee"}},{"type":"Feature","geometry":{"type":"Polygon","coordinates":[[[4.185368,43.722249],[4.185597,43.722306],[4.185753,43.721971],[4.185498,43.721921],[4.185368,43.722249]]]},"properties":{"cle":"osm:w225308704","nom":null,"file":"inventaire","sort":"ecartee"}},{"type":"Feature","geometry":{"type":"Polygon","coordinates":[[[4.173502,43.722751],[4.173558,43.72261],[4.17351,43.722574],[4.173423,43.72256],[4.173369,43.722552],[4.173146,43.722516],[4.173095,43.722537],[4.173037,43.722666],[4.173495,43.722769],[4.173502,43.722751]]]},"properties":{"cle":"osm:w108751435","nom":"Place Thomas Burnet","file":"inventaire","sort":"en_cours"}},{"type":"Feature","geometry":{"type":"Polygon","coordinates":[[[4.175795,43.718093],[4.175774,43.718132],[4.177365,43.718886],[4.177395,43.718853],[4.175795,43.718093]]]},"properties":{"cle":"osm:w615346483","nom":null,"file":"inventaire","sort":"ecartee"}},{"type":"Feature","geometry":{"type":"Polygon","coordinates":[[[4.175889,43.719277],[4.175934,43.719237],[4.175863,43.719001],[4.175719,43.719029],[4.175738,43.719088],[4.175652,43.719103],[4.17569,43.719215],[4.17553,43.719243],[4.175567,43.719334],[4.175889,43.719277]]]},"properties":{"cle":"osm:w1102962892","nom":null,"file":"inventaire","sort":"ecartee"}},{"type":"Feature","geometry":{"type":"Polygon","coordinates":[[[4.180022,43.718062],[4.18012,43.718085],[4.180198,43.718081],[4.180325,43.718041],[4.180221,43.71791],[4.18015,43.717947],[4.179902,43.717815],[4.179784,43.717922],[4.180022,43.718062]]]},"properties":{"cle":"osm:w1102962889","nom":null,"file":"inventaire","sort":"retenue"}},{"type":"Feature","geometry":{"type":"Polygon","coordinates":[[[4.174654,43.71824],[4.174951,43.718328],[4.175056,43.718127],[4.174762,43.718045],[4.174654,43.71824]]]},"properties":{"cle":"osm:w1267708127","nom":null,"file":"inventaire","sort":"ecartee"}},{"type":"Feature","geometry":{"type":"Polygon","coordinates":[[[4.177008,43.717549],[4.176614,43.717147],[4.176551,43.71724],[4.176766,43.717463],[4.176925,43.717628],[4.177008,43.717549]]]},"properties":{"cle":"osm:w615346484","nom":null,"file":"inventaire","sort":"retenue"}},{"type":"Feature","geometry":{"type":"Polygon","coordinates":[[[4.189753,43.722765],[4.189575,43.72267],[4.189354,43.722925],[4.189512,43.723005],[4.189753,43.722765]]]},"properties":{"cle":"osm:w225308700","nom":null,"file":"inventaire","sort":"ecartee"}},{"type":"Feature","geometry":{"type":"Polygon","coordinates":[[[4.177906,43.719541],[4.177844,43.719624],[4.17829,43.719809],[4.178373,43.71971],[4.177906,43.719541]]]},"properties":{"cle":"osm:w508136664","nom":null,"file":"inventaire","sort":"retenue"}},{"type":"Feature","geometry":{"type":"Polygon","coordinates":[[[4.177151,43.719591],[4.177175,43.719566],[4.177123,43.719549],[4.177178,43.719463],[4.177195,43.71944],[4.17714,43.719425],[4.177038,43.719397],[4.176866,43.719612],[4.177057,43.719694],[4.177151,43.719591]]]},"properties":{"cle":"osm:w332921317","nom":null,"file":"inventaire","sort":"ecartee"}},{"type":"Feature","geometry":{"type":"Polygon","coordinates":[[[4.170374,43.721595],[4.170493,43.721638],[4.17062,43.721414],[4.170535,43.721372],[4.170447,43.721333],[4.170312,43.721573],[4.170374,43.721595]]]},"properties":{"cle":"osm:w510287608","nom":null,"file":"inventaire","sort":"retenue"}},{"type":"Feature","geometry":{"type":"Polygon","coordinates":[[[4.173485,43.722201],[4.173498,43.722114],[4.172984,43.722057],[4.172963,43.722136],[4.173485,43.722201]]]},"properties":{"cle":"osm:w340078518","nom":null,"file":"inventaire","sort":"retenue"}},{"type":"Feature","geometry":{"type":"Polygon","coordinates":[[[4.16947,43.719522],[4.169526,43.719487],[4.169416,43.719321],[4.169262,43.719435],[4.169267,43.719516],[4.16933,43.719599],[4.16947,43.719522]]]},"properties":{"cle":"osm:w1365819500","nom":null,"file":"inventaire","sort":"retenue"}},{"type":"Feature","geometry":{"type":"Polygon","coordinates":[[[4.168834,43.719359],[4.168799,43.71939],[4.16899,43.719536],[4.169078,43.719508],[4.168998,43.719321],[4.168927,43.719276],[4.168834,43.719359]]]},"properties":{"cle":"osm:w508136677","nom":null,"file":"inventaire","sort":"retenue"}},{"type":"Feature","geometry":{"type":"Polygon","coordinates":[[[4.430162,43.774696],[4.428929,43.774683],[4.428902,43.774977],[4.429865,43.774975],[4.429866,43.775482],[4.429085,43.775481],[4.429061,43.774987],[4.428911,43.774995],[4.428921,43.775648],[4.429869,43.775639],[4.429971,43.775637],[4.429961,43.776211],[4.430086,43.776214],[4.430191,43.776216],[4.430176,43.775615],[4.430068,43.775502],[4.430081,43.774973],[4.430154,43.774973],[4.430162,43.774696]]]},"properties":{"cle":"osm:w217843415","nom":null,"file":"inventaire","sort":"retenue"}},{"type":"Feature","geometry":{"type":"Polygon","coordinates":[[[4.420604,43.776872],[4.419673,43.776488],[4.419374,43.776856],[4.420277,43.77725],[4.420604,43.776872]]]},"properties":{"cle":"osm:w1216898559","nom":null,"file":"inventaire","sort":"ecartee"}},{"type":"Feature","geometry":{"type":"Polygon","coordinates":[[[4.420641,43.774608],[4.419865,43.774303],[4.41969,43.774286],[4.419422,43.774673],[4.419642,43.774743],[4.419774,43.774537],[4.419858,43.774416],[4.419953,43.774396],[4.42012,43.77446],[4.420136,43.774527],[4.420079,43.774602],[4.420303,43.774687],[4.420157,43.774888],[4.420148,43.774938],[4.420336,43.775],[4.420641,43.774608]]]},"properties":{"cle":"osm:w1216898551","nom":null,"file":"inventaire","sort":"ecartee"}},{"type":"Feature","geometry":{"type":"Polygon","coordinates":[[[4.426388,43.773887],[4.426462,43.773891],[4.426536,43.773848],[4.426551,43.773805],[4.426471,43.7738],[4.426037,43.77377],[4.425957,43.773765],[4.425864,43.77375],[4.425882,43.773355],[4.425882,43.773299],[4.425889,43.773234],[4.426067,43.773222],[4.426064,43.773185],[4.426156,43.773182],[4.426174,43.773025],[4.426099,43.773024],[4.426104,43.772978],[4.425815,43.77298],[4.425805,43.77302],[4.42574,43.77302],[4.425733,43.773845],[4.425801,43.773845],[4.425787,43.773895],[4.42638,43.773939],[4.426384,43.773923],[4.426388,43.773887]]]},"properties":{"cle":"osm:w945239587","nom":null,"file":"inventaire","sort":"ecartee"}},{"type":"Feature","geometry":{"type":"Polygon","coordinates":[[[4.426916,43.76378],[4.426771,43.76352],[4.426412,43.763555],[4.425956,43.763857],[4.425919,43.763927],[4.426138,43.763985],[4.426289,43.763745],[4.426528,43.76383],[4.426507,43.763865],[4.426825,43.763954],[4.426916,43.76378]]]},"properties":{"cle":"osm:w168833139","nom":null,"file":"inventaire","sort":"retenue"}},{"type":"Feature","geometry":{"type":"Polygon","coordinates":[[[4.434231,43.771684],[4.434239,43.771452],[4.434134,43.770892],[4.434036,43.77082],[4.433891,43.770835],[4.433891,43.771041],[4.433998,43.771568],[4.434231,43.771684]]]},"properties":{"cle":"osm:w155416937","nom":null,"file":"inventaire","sort":"retenue"}},{"type":"Feature","geometry":{"type":"Polygon","coordinates":[[[4.433038,43.7736],[4.433436,43.773616],[4.433441,43.773562],[4.43347,43.773564],[4.433532,43.773566],[4.433594,43.773569],[4.43359,43.773623],[4.434146,43.773644],[4.434148,43.773505],[4.434091,43.773503],[4.434089,43.773551],[4.433864,43.773543],[4.433882,43.773262],[4.433818,43.773261],[4.433825,43.773194],[4.433633,43.773188],[4.433625,43.773265],[4.433761,43.773271],[4.433744,43.773484],[4.43306,43.773456],[4.433058,43.7735],[4.433031,43.773499],[4.433023,43.773595],[4.433038,43.7736]]]},"properties":{"cle":"osm:w1091549787","nom":"Parking privé","file":"inventaire","sort":"ecartee"}},{"type":"Feature","geometry":{"type":"Polygon","coordinates":[[[4.428718,43.774452],[4.428074,43.77444],[4.428064,43.774568],[4.428997,43.774603],[4.429002,43.774421],[4.428723,43.774413],[4.428718,43.774452]]]},"properties":{"cle":"osm:w171059542","nom":null,"file":"inventaire","sort":"ecartee"}},{"type":"Feature","geometry":{"type":"Polygon","coordinates":[[[4.423843,43.774511],[4.423559,43.774405],[4.423548,43.774411],[4.423535,43.774414],[4.423518,43.774407],[4.423514,43.774401],[4.423513,43.774385],[4.423426,43.774353],[4.423301,43.774511],[4.423589,43.774816],[4.423843,43.774511]]]},"properties":{"cle":"osm:w1216898565","nom":null,"file":"inventaire","sort":"ecartee"}},{"type":"Feature","geometry":{"type":"Polygon","coordinates":[[[4.420926,43.775007],[4.421087,43.774801],[4.420697,43.774642],[4.42065,43.774646],[4.420504,43.774846],[4.420926,43.775007]]]},"properties":{"cle":"osm:w1216898550","nom":null,"file":"inventaire","sort":"ecartee"}},{"type":"Feature","geometry":{"type":"Polygon","coordinates":[[[4.422668,43.770038],[4.422252,43.770031],[4.422331,43.7701],[4.42231,43.770203],[4.422217,43.770205],[4.422196,43.770323],[4.422609,43.770348],[4.422668,43.770038]]]},"properties":{"cle":"osm:w755536418","nom":null,"file":"inventaire","sort":"retenue"}},{"type":"Feature","geometry":{"type":"Polygon","coordinates":[[[4.433328,43.757567],[4.434127,43.757695],[4.434312,43.757614],[4.433573,43.757463],[4.433328,43.757567]]]},"properties":{"cle":"osm:w1423049310","nom":null,"file":"inventaire","sort":"ecartee"}},{"type":"Feature","geometry":{"type":"Polygon","coordinates":[[[4.435945,43.766268],[4.436095,43.766253],[4.436087,43.766243],[4.436132,43.766217],[4.435731,43.76575],[4.435647,43.765813],[4.435709,43.765884],[4.435663,43.765909],[4.435945,43.766268]]]},"properties":{"cle":"osm:w680594238","nom":null,"file":"inventaire","sort":"ecartee"}},{"type":"Feature","geometry":{"type":"Polygon","coordinates":[[[4.425893,43.771043],[4.425896,43.770966],[4.425132,43.770879],[4.425099,43.77103],[4.425893,43.771043]]]},"properties":{"cle":"osm:w588489843","nom":null,"file":"inventaire","sort":"retenue"}},{"type":"Feature","geometry":{"type":"Polygon","coordinates":[[[4.430892,43.768817],[4.43096,43.768703],[4.430814,43.768657],[4.430844,43.768606],[4.430828,43.7686],[4.43089,43.768497],[4.430875,43.768491],[4.430904,43.768441],[4.43089,43.768436],[4.430957,43.768327],[4.431025,43.76835],[4.431035,43.768338],[4.43111,43.768361],[4.431103,43.768373],[4.431171,43.768393],[4.431179,43.768382],[4.431254,43.768406],[4.431275,43.768367],[4.430904,43.76825],[4.430735,43.76863],[4.430732,43.768708],[4.430731,43.768795],[4.430892,43.768817]]]},"properties":{"cle":"osm:w945239586","nom":null,"file":"inventaire","sort":"retenue"}},{"type":"Feature","geometry":{"type":"Polygon","coordinates":[[[4.424868,43.770982],[4.424849,43.771039],[4.42491,43.771049],[4.425016,43.770752],[4.424756,43.770702],[4.424717,43.770744],[4.424765,43.770839],[4.424783,43.770901],[4.424772,43.770965],[4.424868,43.770982]]]},"properties":{"cle":"osm:w130796394","nom":null,"file":"inventaire","sort":"retenue"}},{"type":"Feature","geometry":{"type":"Polygon","coordinates":[[[4.4327,43.771569],[4.432555,43.771285],[4.432373,43.771335],[4.432507,43.771587],[4.4327,43.771569]]]},"properties":{"cle":"osm:w155416946","nom":"Boulodrome","file":"inventaire","sort":"ecartee"}},{"type":"Feature","geometry":{"type":"Polygon","coordinates":[[[4.423203,43.769283],[4.423148,43.769254],[4.423087,43.769248],[4.423053,43.769401],[4.423,43.769395],[4.422949,43.769368],[4.422907,43.769411],[4.422925,43.769481],[4.422985,43.769512],[4.42316,43.769502],[4.423203,43.769283]]]},"properties":{"cle":"osm:w795478710","nom":null,"file":"inventaire","sort":"retenue"}},{"type":"Feature","geometry":{"type":"Polygon","coordinates":[[[4.431363,43.768296],[4.430895,43.768142],[4.430862,43.768182],[4.431339,43.768335],[4.431363,43.768296]]]},"properties":{"cle":"osm:w1103304991","nom":null,"file":"inventaire","sort":"retenue"}},{"type":"Feature","geometry":{"type":"Polygon","coordinates":[[[4.428251,43.766085],[4.428298,43.765988],[4.428106,43.765932],[4.42805,43.766028],[4.428251,43.766085]]]},"properties":{"cle":"osm:w680594245","nom":null,"file":"inventaire","sort":"retenue"}},{"type":"Feature","geometry":{"type":"Polygon","coordinates":[[[4.348528,43.729468],[4.348557,43.729635],[4.348879,43.729657],[4.348973,43.72938],[4.348993,43.72925],[4.348887,43.729214],[4.348746,43.729192],[4.348636,43.729203],[4.348635,43.729346],[4.34854,43.729343],[4.348528,43.729468]]]},"properties":{"cle":"osm:w564152121","nom":null,"file":"inventaire","sort":"retenue"}},{"type":"Feature","geometry":{"type":"Polygon","coordinates":[[[4.349862,43.726534],[4.349521,43.726362],[4.349435,43.726464],[4.349773,43.726619],[4.349862,43.726534]]]},"properties":{"cle":"osm:w99353603","nom":null,"file":"inventaire","sort":"retenue"}},{"type":"Feature","geometry":{"type":"Polygon","coordinates":[[[4.349618,43.726805],[4.349803,43.726639],[4.349387,43.726456],[4.349247,43.726682],[4.349618,43.726805]]]},"properties":{"cle":"osm:w211356553","nom":null,"file":"inventaire","sort":"retenue"}},{"type":"Feature","geometry":{"type":"Polygon","coordinates":[[[4.345222,43.729239],[4.345231,43.729115],[4.344692,43.72906],[4.344713,43.729198],[4.345222,43.729239]]]},"properties":{"cle":"osm:w1095399964","nom":null,"file":"inventaire","sort":"retenue"}},{"type":"Feature","geometry":{"type":"Polygon","coordinates":[[[4.347618,43.726021],[4.347679,43.726031],[4.347699,43.726034],[4.347974,43.726078],[4.348038,43.726069],[4.348081,43.725957],[4.348066,43.725956],[4.347958,43.725954],[4.347957,43.725892],[4.347896,43.725889],[4.347614,43.725892],[4.347618,43.726021]]]},"properties":{"cle":"osm:w563958652","nom":null,"file":"inventaire","sort":"retenue"}},{"type":"Feature","geometry":{"type":"Polygon","coordinates":[[[4.34835,43.729174],[4.348507,43.729162],[4.348705,43.729134],[4.348741,43.729104],[4.34875,43.729069],[4.348744,43.729017],[4.348719,43.728975],[4.348342,43.729032],[4.34835,43.729174]]]},"properties":{"cle":"osm:w307457703","nom":null,"file":"inventaire","sort":"retenue"}},{"type":"Feature","geometry":{"type":"Polygon","coordinates":[[[4.343937,43.732618],[4.344017,43.732547],[4.34371,43.732364],[4.34363,43.732435],[4.343937,43.732618]]]},"properties":{"cle":"osm:w1408667572","nom":null,"file":"inventaire","sort":"retenue"}},{"type":"Feature","geometry":{"type":"Polygon","coordinates":[[[4.340752,43.729879],[4.341552,43.729675],[4.34156,43.729646],[4.341012,43.729787],[4.340723,43.729861],[4.340752,43.729879]]]},"properties":{"cle":"osm:w972576257","nom":null,"file":"inventaire","sort":"retenue"}},{"type":"Feature","geometry":{"type":"Polygon","coordinates":[[[4.241435,43.80853],[4.241422,43.808575],[4.241907,43.808681],[4.242085,43.808263],[4.241831,43.808205],[4.241806,43.808267],[4.241773,43.808261],[4.241744,43.808244],[4.241736,43.808206],[4.241778,43.808112],[4.241734,43.808102],[4.241774,43.808007],[4.241794,43.807981],[4.24183,43.807987],[4.241849,43.807944],[4.241873,43.807932],[4.241957,43.807943],[4.241983,43.80789],[4.242515,43.808011],[4.242365,43.808337],[4.24267,43.808405],[4.242833,43.807969],[4.242382,43.807733],[4.241995,43.807654],[4.242038,43.807546],[4.241854,43.807427],[4.241702,43.807764],[4.241767,43.80778],[4.241711,43.807914],[4.24165,43.807899],[4.241536,43.808162],[4.241598,43.808181],[4.241472,43.808411],[4.241396,43.808406],[4.241371,43.80852],[4.241435,43.80853]]]},"properties":{"cle":"osm:w159681868","nom":null,"file":"inventaire","sort":"retenue"}},{"type":"Feature","geometry":{"type":"Polygon","coordinates":[[[4.246819,43.806413],[4.2468,43.806276],[4.246468,43.806299],[4.246456,43.806207],[4.245872,43.806248],[4.245903,43.806478],[4.246819,43.806413]]]},"properties":{"cle":"osm:w1086190638","nom":null,"file":"inventaire","sort":"retenue"}},{"type":"Feature","geometry":{"type":"Polygon","coordinates":[[[4.246481,43.805911],[4.246216,43.805878],[4.246465,43.805632],[4.247093,43.805715],[4.247088,43.805761],[4.246539,43.805686],[4.246481,43.805911]]]},"properties":{"cle":"osm:w191440371","nom":null,"file":"inventaire","sort":"retenue"}},{"type":"Feature","geometry":{"type":"Polygon","coordinates":[[[4.250295,43.804504],[4.249873,43.80447],[4.250017,43.804291],[4.250387,43.804351],[4.250295,43.804504]]]},"properties":{"cle":"bdtopo:EQ_RESEA0000002488547102","nom":null,"file":"inventaire","sort":"retenue"}},{"type":"Feature","geometry":{"type":"Polygon","coordinates":[[[4.503082,43.923047],[4.503121,43.923204],[4.503322,43.923193],[4.503265,43.923023],[4.503214,43.922894],[4.503151,43.922868],[4.502912,43.922896],[4.50287,43.922736],[4.503076,43.922676],[4.503008,43.9224],[4.502945,43.922403],[4.502912,43.922297],[4.50284,43.922039],[4.503032,43.922002],[4.502936,43.92092],[4.502018,43.920981],[4.50197,43.920996],[4.501991,43.921541],[4.501991,43.921698],[4.501919,43.921765],[4.501665,43.921901],[4.501593,43.921944],[4.501569,43.922002],[4.501581,43.922133],[4.501937,43.923273],[4.503082,43.923047]]]},"properties":{"cle":"osm:w1243131912","nom":null,"file":"inventaire","sort":"ecartee"}},{"type":"Feature","geometry":{"type":"Polygon","coordinates":[[[4.51816,43.887435],[4.519167,43.887601],[4.51912,43.887439],[4.519053,43.887265],[4.518946,43.887051],[4.518916,43.887056],[4.518884,43.887],[4.518905,43.886981],[4.518887,43.886942],[4.517967,43.886848],[4.51816,43.887435]]]},"properties":{"cle":"osm:w750615583","nom":null,"file":"inventaire","sort":"en_cours"}},{"type":"Feature","geometry":{"type":"Polygon","coordinates":[[[4.527127,43.889195],[4.527214,43.889143],[4.527322,43.888886],[4.526486,43.888773],[4.526433,43.889161],[4.527127,43.889195]]]},"properties":{"cle":"osm:w1307433642","nom":null,"file":"inventaire","sort":"ecartee"}},{"type":"Feature","geometry":{"type":"Polygon","coordinates":[[[4.533728,43.902681],[4.533817,43.902633],[4.534065,43.902666],[4.533974,43.902719],[4.534717,43.902811],[4.534814,43.902758],[4.534835,43.902687],[4.534836,43.902635],[4.53329,43.902456],[4.53332,43.902581],[4.533237,43.902628],[4.533728,43.902681]]]},"properties":{"cle":"osm:w216981443","nom":null,"file":"inventaire","sort":"retenue"}},{"type":"Feature","geometry":{"type":"Polygon","coordinates":[[[4.503197,43.921399],[4.503242,43.921409],[4.503258,43.921459],[4.503361,43.921446],[4.503336,43.921385],[4.5034,43.921379],[4.5033,43.921045],[4.503254,43.920893],[4.503261,43.92085],[4.503271,43.92079],[4.5034,43.920602],[4.50359,43.920331],[4.503519,43.920304],[4.503416,43.920448],[4.503308,43.920413],[4.503136,43.920667],[4.503093,43.920741],[4.503077,43.920815],[4.503079,43.920963],[4.503124,43.921406],[4.503197,43.921399]]]},"properties":{"cle":"osm:w1243131910","nom":null,"file":"inventaire","sort":"ecartee"}},{"type":"Feature","geometry":{"type":"Polygon","coordinates":[[[4.531027,43.90122],[4.530935,43.901121],[4.530888,43.901087],[4.530959,43.901048],[4.530417,43.90097],[4.530351,43.901033],[4.530189,43.901017],[4.530222,43.900967],[4.529765,43.900902],[4.529693,43.900957],[4.529595,43.900997],[4.529698,43.901019],[4.529753,43.901081],[4.531027,43.90122]]]},"properties":{"cle":"osm:w216981442","nom":null,"file":"inventaire","sort":"ecartee"}},{"type":"Feature","geometry":{"type":"Polygon","coordinates":[[[4.533329,43.902344],[4.533261,43.902406],[4.533256,43.90243],[4.535041,43.902642],[4.535048,43.902603],[4.534804,43.902574],[4.534808,43.902517],[4.534807,43.902485],[4.534075,43.902406],[4.533341,43.902321],[4.533329,43.902344]]]},"properties":{"cle":"osm:w435273426","nom":null,"file":"inventaire","sort":"ecartee"}},{"type":"Feature","geometry":{"type":"Polygon","coordinates":[[[4.531077,43.901393],[4.53109,43.901334],[4.5311,43.901286],[4.52946,43.901107],[4.52945,43.901154],[4.529438,43.901214],[4.531077,43.901393]]]},"properties":{"cle":"osm:w252059128","nom":null,"file":"inventaire","sort":"retenue"}},{"type":"Feature","geometry":{"type":"Polygon","coordinates":[[[4.501519,43.923571],[4.50124,43.922921],[4.501161,43.922923],[4.501071,43.922926],[4.501079,43.922992],[4.501147,43.923564],[4.501519,43.923571]]]},"properties":{"cle":"osm:w1243131908","nom":null,"file":"inventaire","sort":"ecartee"}},{"type":"Feature","geometry":{"type":"Polygon","coordinates":[[[4.509586,43.915244],[4.509326,43.915191],[4.509239,43.915298],[4.509154,43.915444],[4.509496,43.915509],[4.509586,43.915244]]]},"properties":{"cle":"osm:w1092127551","nom":null,"file":"inventaire","sort":"retenue"}},{"type":"Feature","geometry":{"type":"Polygon","coordinates":[[[4.511159,43.914876],[4.510994,43.914826],[4.510871,43.914862],[4.510802,43.91494],[4.510803,43.91498],[4.510828,43.915011],[4.510876,43.915039],[4.511035,43.915087],[4.511159,43.914876]]]},"properties":{"cle":"osm:w286221757","nom":null,"file":"inventaire","sort":"retenue"}},{"type":"Feature","geometry":{"type":"Polygon","coordinates":[[[4.504447,43.816826],[4.504959,43.81682],[4.504994,43.81664],[4.505035,43.816597],[4.505176,43.816426],[4.505191,43.816415],[4.505206,43.816411],[4.505265,43.816414],[4.505279,43.816411],[4.50529,43.816405],[4.505449,43.816284],[4.505434,43.816237],[4.505429,43.8159],[4.505338,43.8159],[4.505344,43.816102],[4.505344,43.816135],[4.504424,43.816149],[4.504447,43.816826]]]},"properties":{"cle":"osm:w759143959","nom":"Parking Courte Durée","file":"inventaire","sort":"ecartee"}},{"type":"Feature","geometry":{"type":"Polygon","coordinates":[[[4.468819,43.821701],[4.468869,43.82147],[4.468721,43.821458],[4.468765,43.821238],[4.468808,43.821065],[4.468815,43.820969],[4.468317,43.820944],[4.468287,43.821296],[4.468108,43.821285],[4.468091,43.821516],[4.467908,43.821507],[4.467899,43.821659],[4.468819,43.821701]]]},"properties":{"cle":"osm:w680603017","nom":null,"file":"inventaire","sort":"retenue"}},{"type":"Feature","geometry":{"type":"Polygon","coordinates":[[[4.504393,43.81557],[4.504408,43.815594],[4.504417,43.816116],[4.505344,43.816102],[4.505338,43.8159],[4.505328,43.815853],[4.5053,43.815822],[4.505005,43.815628],[4.504917,43.815568],[4.504869,43.815548],[4.504834,43.815538],[4.504783,43.815533],[4.504343,43.815539],[4.504393,43.81557]]]},"properties":{"cle":"osm:w759143960","nom":"Parking Loueurs","file":"inventaire","sort":"ecartee"}},{"type":"Feature","geometry":{"type":"Polygon","coordinates":[[[4.473978,43.809866],[4.473971,43.8097],[4.473913,43.809548],[4.473833,43.809336],[4.473992,43.809234],[4.473917,43.809203],[4.473615,43.809065],[4.473603,43.808912],[4.47349,43.808848],[4.473467,43.80981],[4.473467,43.809836],[4.473978,43.809866]]]},"properties":{"cle":"osm:w1090858424","nom":null,"file":"inventaire","sort":"retenue"}},{"type":"Feature","geometry":{"type":"Polygon","coordinates":[[[4.472936,43.821676],[4.473182,43.821613],[4.473221,43.821568],[4.473223,43.821526],[4.473034,43.820978],[4.47288,43.820897],[4.472683,43.820954],[4.472936,43.821676]]]},"properties":{"cle":"osm:w680603016","nom":null,"file":"inventaire","sort":"retenue"}},{"type":"Feature","geometry":{"type":"Polygon","coordinates":[[[4.472087,43.813944],[4.471661,43.813942],[4.471657,43.814389],[4.472084,43.814391],[4.472087,43.813944]]]},"properties":{"cle":"osm:w934215932","nom":null,"file":"inventaire","sort":"ecartee"}},{"type":"Feature","geometry":{"type":"Polygon","coordinates":[[[4.471633,43.813962],[4.471332,43.813956],[4.471293,43.813988],[4.471257,43.813974],[4.470902,43.814299],[4.471616,43.814316],[4.471633,43.813962]]]},"properties":{"cle":"osm:w934215931","nom":null,"file":"inventaire","sort":"retenue"}},{"type":"Feature","geometry":{"type":"Polygon","coordinates":[[[4.472951,43.814412],[4.473461,43.814424],[4.47343,43.814311],[4.473288,43.814311],[4.4733,43.814081],[4.473439,43.81408],[4.473442,43.813974],[4.472948,43.813974],[4.472951,43.814412]]]},"properties":{"cle":"osm:w1413864292","nom":null,"file":"inventaire","sort":"retenue"}},{"type":"Feature","geometry":{"type":"Polygon","coordinates":[[[4.472857,43.820827],[4.472845,43.820716],[4.47285,43.820166],[4.472561,43.82017],[4.472562,43.820407],[4.472606,43.820862],[4.472857,43.820827]]]},"properties":{"cle":"osm:w680603015","nom":null,"file":"inventaire","sort":"retenue"}},{"type":"Feature","geometry":{"type":"Polygon","coordinates":[[[4.492699,43.820828],[4.492937,43.820797],[4.492408,43.820111],[4.492279,43.820177],[4.49239,43.82052],[4.492699,43.820828]]]},"properties":{"cle":"osm:w902095979","nom":null,"file":"inventaire","sort":"ecartee"}},{"type":"Feature","geometry":{"type":"Polygon","coordinates":[[[4.477099,43.820576],[4.477063,43.820411],[4.476263,43.820513],[4.476339,43.820743],[4.477099,43.820576]]]},"properties":{"cle":"osm:w931831514","nom":null,"file":"inventaire","sort":"retenue"}},{"type":"Feature","geometry":{"type":"Polygon","coordinates":[[[4.487549,43.817686],[4.488068,43.817468],[4.487892,43.817253],[4.487829,43.81728],[4.487814,43.817265],[4.487443,43.817428],[4.487352,43.817468],[4.487549,43.817686]]]},"properties":{"cle":"osm:w1011329826","nom":null,"file":"inventaire","sort":"ecartee"}},{"type":"Feature","geometry":{"type":"Polygon","coordinates":[[[4.486519,43.816142],[4.486623,43.816108],[4.486677,43.816083],[4.486768,43.815962],[4.486741,43.815907],[4.486723,43.815887],[4.486616,43.815818],[4.486547,43.815803],[4.486504,43.815823],[4.486454,43.815847],[4.486406,43.815869],[4.486214,43.815951],[4.486181,43.816017],[4.486345,43.816176],[4.486519,43.816142]]]},"properties":{"cle":"osm:w956507641","nom":null,"file":"inventaire","sort":"ecartee"}},{"type":"Feature","geometry":{"type":"Polygon","coordinates":[[[4.4606,43.819861],[4.46059,43.819808],[4.460741,43.819791],[4.460712,43.819683],[4.460341,43.819724],[4.460352,43.819776],[4.460313,43.819778],[4.460301,43.819731],[4.460069,43.819766],[4.46007,43.819911],[4.4606,43.819861]]]},"properties":{"cle":"osm:w956518517","nom":null,"file":"inventaire","sort":"ecartee"}},{"type":"Feature","geometry":{"type":"Polygon","coordinates":[[[4.471434,43.813811],[4.471585,43.813838],[4.472056,43.813837],[4.472056,43.81369],[4.471562,43.813691],[4.471434,43.813811]]]},"properties":{"cle":"osm:w934215933","nom":null,"file":"inventaire","sort":"retenue"}},{"type":"Feature","geometry":{"type":"Polygon","coordinates":[[[4.466227,43.81657],[4.466292,43.816672],[4.466623,43.816649],[4.466886,43.81675],[4.467061,43.816742],[4.467083,43.816716],[4.466598,43.816552],[4.466551,43.816553],[4.466579,43.816585],[4.466561,43.816593],[4.466509,43.816557],[4.466343,43.816593],[4.466279,43.816545],[4.466227,43.81657]]]},"properties":{"cle":"osm:w956507656","nom":null,"file":"inventaire","sort":"retenue"}},{"type":"Feature","geometry":{"type":"Polygon","coordinates":[[[4.462139,43.815771],[4.462224,43.815633],[4.461957,43.815526],[4.461743,43.815636],[4.462102,43.815786],[4.462139,43.815771]]]},"properties":{"cle":"osm:w1090858415","nom":null,"file":"inventaire","sort":"retenue"}},{"type":"Feature","geometry":{"type":"Polygon","coordinates":[[[4.479404,43.82595],[4.479591,43.825983],[4.479627,43.825903],[4.479443,43.825759],[4.479239,43.825821],[4.479329,43.82596],[4.479404,43.82595]]]},"properties":{"cle":"osm:w1090858398","nom":null,"file":"inventaire","sort":"retenue"}},{"type":"Feature","geometry":{"type":"Polygon","coordinates":[[[4.473225,43.818795],[4.473051,43.818803],[4.473056,43.818895],[4.472999,43.8189],[4.473015,43.818965],[4.473066,43.81897],[4.473295,43.818988],[4.473288,43.818792],[4.473225,43.818795]]]},"properties":{"cle":"osm:w48316086","nom":"Place Saint-Genest","file":"inventaire","sort":"retenue"}},{"type":"Feature","geometry":{"type":"Polygon","coordinates":[[[4.442782,43.866451],[4.442932,43.86619],[4.44301,43.866196],[4.443159,43.866245],[4.443524,43.866338],[4.443606,43.866421],[4.443651,43.866461],[4.443395,43.866986],[4.443783,43.867126],[4.443721,43.867281],[4.443887,43.867321],[4.444134,43.866718],[4.444144,43.866566],[4.444054,43.866531],[4.44393,43.866425],[4.443747,43.866246],[4.443024,43.866046],[4.442622,43.865995],[4.442484,43.866297],[4.442666,43.866421],[4.442782,43.866451]]]},"properties":{"cle":"osm:w1090860703","nom":null,"file":"inventaire","sort":"retenue"}},{"type":"Feature","geometry":{"type":"Polygon","coordinates":[[[4.432317,43.859923],[4.432361,43.859887],[4.432394,43.859891],[4.432444,43.859898],[4.432686,43.859936],[4.432882,43.859243],[4.432098,43.859148],[4.432043,43.859381],[4.431934,43.859865],[4.432317,43.859923]]]},"properties":{"cle":"osm:w957240234","nom":null,"file":"inventaire","sort":"retenue"}},{"type":"Feature","geometry":{"type":"Polygon","coordinates":[[[4.460113,43.843929],[4.459655,43.843863],[4.459097,43.844809],[4.459651,43.844929],[4.460113,43.843929]]]},"properties":{"cle":"osm:w291923235","nom":null,"file":"inventaire","sort":"retenue"}},{"type":"Feature","geometry":{"type":"Polygon","coordinates":[[[4.43637,43.863933],[4.436427,43.863956],[4.436388,43.864017],[4.436471,43.864046],[4.436438,43.864102],[4.436641,43.864163],[4.436669,43.864122],[4.437215,43.864297],[4.437353,43.864344],[4.437184,43.864615],[4.437414,43.864696],[4.437485,43.864602],[4.437642,43.864363],[4.437462,43.8643],[4.437531,43.864189],[4.437494,43.864178],[4.437482,43.864172],[4.437472,43.864162],[4.437474,43.864146],[4.437503,43.864098],[4.436551,43.863769],[4.436533,43.863793],[4.436473,43.863773],[4.43637,43.863933]]]},"properties":{"cle":"osm:w774757679","nom":"Lidl","file":"inventaire","sort":"retenue"}},{"type":"Feature","geometry":{"type":"Polygon","coordinates":[[[4.441664,43.866053],[4.441732,43.865495],[4.441076,43.865316],[4.440356,43.865088],[4.440321,43.865269],[4.440529,43.865341],[4.440546,43.865316],[4.440612,43.865339],[4.440596,43.865364],[4.440865,43.865455],[4.44088,43.865435],[4.440947,43.865458],[4.440935,43.865479],[4.441479,43.865664],[4.441285,43.865965],[4.441664,43.866053]]]},"properties":{"cle":"osm:w1090860706","nom":null,"file":"inventaire","sort":"retenue"}},{"type":"Feature","geometry":{"type":"Polygon","coordinates":[[[4.438196,43.868268],[4.438279,43.868263],[4.438379,43.868278],[4.438464,43.868349],[4.438513,43.868388],[4.438678,43.868273],[4.438589,43.8682],[4.43858,43.868152],[4.438432,43.868034],[4.438479,43.867998],[4.438518,43.86796],[4.43843,43.867906],[4.438307,43.867857],[4.438163,43.867814],[4.438055,43.867799],[4.437987,43.867797],[4.437901,43.867799],[4.437833,43.867821],[4.437782,43.867852],[4.437719,43.867926],[4.437779,43.867945],[4.437833,43.868067],[4.437827,43.868141],[4.438161,43.868394],[4.438196,43.868268]]]},"properties":{"cle":"osm:w478709612","nom":null,"file":"inventaire","sort":"retenue"}},{"type":"Feature","geometry":{"type":"Polygon","coordinates":[[[4.443763,43.863746],[4.443785,43.863494],[4.443376,43.863462],[4.443248,43.863444],[4.44302,43.863419],[4.443007,43.863549],[4.442481,43.863513],[4.442464,43.863664],[4.443763,43.863746]]]},"properties":{"cle":"osm:w283565209","nom":null,"file":"inventaire","sort":"retenue"}},{"type":"Feature","geometry":{"type":"Polygon","coordinates":[[[4.445992,43.869256],[4.44617,43.868727],[4.445678,43.868641],[4.445499,43.86917],[4.445992,43.869256]]]},"properties":{"cle":"osm:w239063853","nom":null,"file":"inventaire","sort":"ecartee"}},{"type":"Feature","geometry":{"type":"Polygon","coordinates":[[[4.441308,43.869115],[4.442778,43.869962],[4.442744,43.869754],[4.441305,43.868928],[4.441308,43.869115]]]},"properties":{"cle":"osm:w435273427","nom":null,"file":"inventaire","sort":"ecartee"}},{"type":"Feature","geometry":{"type":"Polygon","coordinates":[[[4.442409,43.870053],[4.442701,43.870034],[4.441241,43.869193],[4.441014,43.869204],[4.441013,43.869247],[4.442409,43.870053]]]},"properties":{"cle":"osm:w435273434","nom":null,"file":"inventaire","sort":"ecartee"}},{"type":"Feature","geometry":{"type":"Polygon","coordinates":[[[4.441061,43.869513],[4.442465,43.870329],[4.442696,43.870313],[4.442723,43.870293],[4.442707,43.870276],[4.441363,43.869498],[4.441061,43.869513]]]},"properties":{"cle":"osm:w435273439","nom":null,"file":"inventaire","sort":"ecartee"}},{"type":"Feature","geometry":{"type":"Polygon","coordinates":[[[4.450346,43.875486],[4.449691,43.875208],[4.449528,43.875147],[4.449457,43.875134],[4.448613,43.875132],[4.448611,43.875184],[4.449434,43.875182],[4.449529,43.875202],[4.449675,43.875253],[4.449734,43.875279],[4.449635,43.875391],[4.449575,43.875386],[4.449571,43.875429],[4.449581,43.875478],[4.449618,43.875526],[4.449659,43.875546],[4.449763,43.875592],[4.450131,43.875741],[4.450346,43.875486]]]},"properties":{"cle":"osm:w478681572","nom":null,"file":"inventaire","sort":"retenue"}},{"type":"Feature","geometry":{"type":"Polygon","coordinates":[[[4.452959,43.877529],[4.453231,43.87747],[4.451682,43.876829],[4.451412,43.876881],[4.452959,43.877529]]]},"properties":{"cle":"osm:w359180452","nom":null,"file":"inventaire","sort":"ecartee"}},{"type":"Feature","geometry":{"type":"Polygon","coordinates":[[[4.419471,43.856773],[4.419641,43.857013],[4.420198,43.856822],[4.420238,43.856676],[4.420262,43.856569],[4.420266,43.856537],[4.420264,43.856507],[4.420262,43.856485],[4.420262,43.856464],[4.419427,43.856755],[4.419471,43.856773]]]},"properties":{"cle":"osm:w316919798","nom":null,"file":"inventaire","sort":"retenue"}},{"type":"Feature","geometry":{"type":"Polygon","coordinates":[[[4.453186,43.876881],[4.453264,43.876914],[4.453197,43.876712],[4.453134,43.876685],[4.451927,43.876181],[4.452,43.876387],[4.453186,43.876881]]]},"properties":{"cle":"osm:w11689920","nom":null,"file":"inventaire","sort":"ecartee"}},{"type":"Feature","geometry":{"type":"Polygon","coordinates":[[[4.451558,43.877205],[4.45279,43.877709],[4.4527,43.877506],[4.451489,43.877001],[4.451417,43.876971],[4.451491,43.877178],[4.451558,43.877205]]]},"properties":{"cle":"osm:w359180453","nom":null,"file":"inventaire","sort":"ecartee"}},{"type":"Feature","geometry":{"type":"Polygon","coordinates":[[[4.441022,43.869789],[4.442088,43.870412],[4.442115,43.870395],[4.442103,43.870227],[4.441003,43.869593],[4.441022,43.869789]]]},"properties":{"cle":"osm:w435273436","nom":null,"file":"inventaire","sort":"ecartee"}},{"type":"Feature","geometry":{"type":"Polygon","coordinates":[[[4.430764,43.873348],[4.430945,43.873335],[4.431302,43.87333],[4.431464,43.873345],[4.431454,43.873265],[4.431238,43.873016],[4.430948,43.872998],[4.430801,43.873127],[4.430639,43.873357],[4.430764,43.873348]]]},"properties":{"cle":"osm:w429296669","nom":null,"file":"inventaire","sort":"retenue"}},{"type":"Feature","geometry":{"type":"Polygon","coordinates":[[[4.420385,43.857811],[4.42051,43.857709],[4.420642,43.857772],[4.420803,43.857573],[4.420371,43.857367],[4.419973,43.857382],[4.419979,43.857469],[4.42037,43.857648],[4.420224,43.857783],[4.420385,43.857811]]]},"properties":{"cle":"osm:w233279516","nom":null,"file":"inventaire","sort":"ecartee"}},{"type":"Feature","geometry":{"type":"Polygon","coordinates":[[[4.432887,43.852352],[4.432219,43.852128],[4.432222,43.852031],[4.433021,43.851981],[4.432973,43.852279],[4.432887,43.852352]]]},"properties":{"cle":"osm:w1095343559","nom":null,"file":"inventaire","sort":"retenue"}},{"type":"Feature","geometry":{"type":"Polygon","coordinates":[[[4.439427,43.868437],[4.43992,43.868799],[4.439959,43.868827],[4.440247,43.868833],[4.440206,43.868802],[4.439523,43.868281],[4.439198,43.868262],[4.439427,43.868437]]]},"properties":{"cle":"osm:w435273435","nom":null,"file":"inventaire","sort":"ecartee"}},{"type":"Feature","geometry":{"type":"Polygon","coordinates":[[[4.422722,43.856939],[4.422607,43.857077],[4.422899,43.857303],[4.423179,43.857439],[4.423324,43.857279],[4.4232,43.857217],[4.423166,43.857252],[4.422993,43.857174],[4.423027,43.857135],[4.422857,43.857053],[4.423058,43.85683],[4.42295,43.856782],[4.422773,43.856963],[4.422722,43.856939]]]},"properties":{"cle":"osm:w316774081","nom":null,"file":"inventaire","sort":"ecartee"}},{"type":"Feature","geometry":{"type":"Polygon","coordinates":[[[4.444808,43.867705],[4.444775,43.867679],[4.444735,43.867649],[4.444714,43.867626],[4.444699,43.867594],[4.444707,43.867568],[4.444744,43.867464],[4.444572,43.867425],[4.44459,43.867379],[4.444415,43.867342],[4.444391,43.867394],[4.444364,43.867444],[4.444341,43.867493],[4.444322,43.867541],[4.444304,43.867591],[4.444316,43.867632],[4.444352,43.86766],[4.444401,43.867682],[4.444443,43.867711],[4.444519,43.867757],[4.444577,43.86779],[4.444643,43.867811],[4.444716,43.867825],[4.444808,43.867705]]]},"properties":{"cle":"osm:w377447226","nom":null,"file":"inventaire","sort":"ecartee"}},{"type":"Feature","geometry":{"type":"Polygon","coordinates":[[[4.448612,43.8697],[4.448715,43.869559],[4.447876,43.869288],[4.447818,43.869444],[4.448612,43.8697]]]},"properties":{"cle":"osm:w957240227","nom":null,"file":"inventaire","sort":"ecartee"}},{"type":"Feature","geometry":{"type":"Polygon","coordinates":[[[4.447705,43.874455],[4.447639,43.874261],[4.446829,43.873923],[4.446897,43.874108],[4.447705,43.874455]]]},"properties":{"cle":"osm:w435273433","nom":null,"file":"inventaire","sort":"ecartee"}},{"type":"Feature","geometry":{"type":"Polygon","coordinates":[[[4.452882,43.877007],[4.452911,43.877019],[4.453205,43.876967],[4.453169,43.876952],[4.452443,43.876652],[4.452168,43.876706],[4.452882,43.877007]]]},"properties":{"cle":"osm:w435273432","nom":null,"file":"inventaire","sort":"ecartee"}},{"type":"Feature","geometry":{"type":"Polygon","coordinates":[[[4.442683,43.879896],[4.442683,43.879778],[4.442277,43.879744],[4.442284,43.879508],[4.442159,43.879501],[4.442058,43.879496],[4.442058,43.879829],[4.442683,43.879896]]]},"properties":{"cle":"osm:w99389562","nom":null,"file":"inventaire","sort":"retenue"}},{"type":"Feature","geometry":{"type":"Polygon","coordinates":[[[4.448462,43.8499],[4.44844,43.849838],[4.448477,43.849522],[4.448382,43.849516],[4.448311,43.84954],[4.448283,43.84962],[4.448114,43.849591],[4.448052,43.849862],[4.448462,43.8499]]]},"properties":{"cle":"osm:w973536951","nom":null,"file":"inventaire","sort":"ecartee"}},{"type":"Feature","geometry":{"type":"Polygon","coordinates":[[[4.43038,43.875223],[4.430522,43.875193],[4.430666,43.875105],[4.430096,43.874905],[4.42998,43.875073],[4.43038,43.875223]]]},"properties":{"cle":"osm:w184709725","nom":null,"file":"inventaire","sort":"retenue"}},{"type":"Feature","geometry":{"type":"Polygon","coordinates":[[[4.439558,43.862646],[4.43965,43.862156],[4.439445,43.862151],[4.439424,43.862196],[4.439357,43.862624],[4.439558,43.862646]]]},"properties":{"cle":"osm:w283565204","nom":null,"file":"inventaire","sort":"retenue"}},{"type":"Feature","geometry":{"type":"Polygon","coordinates":[[[4.447045,43.874412],[4.447667,43.874676],[4.447573,43.874469],[4.446985,43.874222],[4.447045,43.874412]]]},"properties":{"cle":"osm:w435273431","nom":null,"file":"inventaire","sort":"ecartee"}},{"type":"Feature","geometry":{"type":"Polygon","coordinates":[[[4.450114,43.861246],[4.449907,43.861161],[4.4496,43.86107],[4.449584,43.861093],[4.449805,43.861247],[4.449751,43.861287],[4.449671,43.861354],[4.449643,43.861386],[4.44984,43.861486],[4.450114,43.861246]]]},"properties":{"cle":"osm:w1095409652","nom":null,"file":"inventaire","sort":"retenue"}},{"type":"Feature","geometry":{"type":"Polygon","coordinates":[[[4.451548,43.876769],[4.451405,43.87642],[4.451392,43.876388],[4.451115,43.876333],[4.451137,43.87638],[4.451295,43.876724],[4.451548,43.876769]]]},"properties":{"cle":"osm:w359180456","nom":null,"file":"inventaire","sort":"ecartee"}},{"type":"Feature","geometry":{"type":"Polygon","coordinates":[[[4.440064,43.868605],[4.440299,43.868611],[4.439772,43.868214],[4.439548,43.868215],[4.440064,43.868605]]]},"properties":{"cle":"osm:w435273428","nom":null,"file":"inventaire","sort":"ecartee"}},{"type":"Feature","geometry":{"type":"Polygon","coordinates":[[[4.438644,43.868768],[4.43875,43.868769],[4.438798,43.86874],[4.438802,43.868674],[4.43871,43.868602],[4.438642,43.86855],[4.43846,43.868408],[4.438459,43.868471],[4.438448,43.868533],[4.438352,43.86854],[4.438644,43.868768]]]},"properties":{"cle":"osm:w478709611","nom":null,"file":"inventaire","sort":"retenue"}},{"type":"Feature","geometry":{"type":"Polygon","coordinates":[[[4.447624,43.874768],[4.447379,43.874756],[4.447669,43.874987],[4.447655,43.875053],[4.447879,43.875257],[4.447902,43.875244],[4.447779,43.875132],[4.447824,43.875046],[4.447624,43.874768]]]},"properties":{"cle":"osm:w774162052","nom":null,"file":"inventaire","sort":"retenue"}},{"type":"Feature","geometry":{"type":"Polygon","coordinates":[[[4.448735,43.875565],[4.448532,43.875439],[4.448195,43.875456],[4.448375,43.875587],[4.448735,43.875565]]]},"properties":{"cle":"osm:w478683580","nom":null,"file":"inventaire","sort":"ecartee"}},{"type":"Feature","geometry":{"type":"Polygon","coordinates":[[[4.445793,43.869472],[4.445833,43.869339],[4.445488,43.869285],[4.445448,43.869418],[4.445793,43.869472]]]},"properties":{"cle":"osm:w239060485","nom":null,"file":"inventaire","sort":"ecartee"}},{"type":"Feature","geometry":{"type":"Polygon","coordinates":[[[4.440338,43.86857],[4.440389,43.868538],[4.439946,43.868219],[4.439867,43.868148],[4.439735,43.868125],[4.440338,43.86857]]]},"properties":{"cle":"osm:w435273438","nom":null,"file":"inventaire","sort":"ecartee"}},{"type":"Feature","geometry":{"type":"Polygon","coordinates":[[[4.427076,43.88039],[4.427164,43.880322],[4.426885,43.880172],[4.426924,43.88025],[4.426934,43.880348],[4.427014,43.880471],[4.427076,43.88039]]]},"properties":{"cle":"osm:w99373573","nom":null,"file":"inventaire","sort":"retenue"}},{"type":"Feature","geometry":{"type":"Polygon","coordinates":[[[4.448509,43.876389],[4.448434,43.876392],[4.448503,43.876429],[4.449196,43.876782],[4.449215,43.876751],[4.448509,43.876389]]]},"properties":{"cle":"osm:w774162055","nom":null,"file":"inventaire","sort":"retenue"}},{"type":"Feature","geometry":{"type":"Polygon","coordinates":[[[4.434017,43.858233],[4.433898,43.857773],[4.433879,43.857799],[4.433858,43.857899],[4.433916,43.858167],[4.433973,43.858231],[4.434017,43.858233]]]},"properties":{"cle":"osm:w957240235","nom":null,"file":"inventaire","sort":"retenue"}},{"type":"Feature","geometry":{"type":"Polygon","coordinates":[[[4.301351,43.783646],[4.30069,43.783322],[4.30025,43.783415],[4.300175,43.783375],[4.299705,43.783479],[4.29922,43.783545],[4.299222,43.783599],[4.299137,43.783609],[4.29917,43.783717],[4.299094,43.783842],[4.298962,43.783946],[4.298885,43.783993],[4.298888,43.784048],[4.299246,43.78431],[4.299494,43.784494],[4.299681,43.784608],[4.300201,43.784494],[4.29985,43.78431],[4.299818,43.784341],[4.299547,43.784182],[4.29948,43.784184],[4.299462,43.784071],[4.299516,43.784064],[4.300024,43.783609],[4.300416,43.783818],[4.300555,43.783667],[4.300585,43.78364],[4.3011,43.783882],[4.301351,43.783646]]]},"properties":{"cle":"osm:w181080533","nom":null,"file":"inventaire","sort":"retenue"}},{"type":"Feature","geometry":{"type":"Polygon","coordinates":[[[4.298022,43.784239],[4.298302,43.784024],[4.297447,43.783458],[4.297391,43.78349],[4.297644,43.783656],[4.297516,43.783771],[4.297263,43.783963],[4.297473,43.784125],[4.297436,43.784152],[4.297802,43.784408],[4.298022,43.784239]]]},"properties":{"cle":"osm:w1074208034","nom":null,"file":"inventaire","sort":"retenue"}},{"type":"Feature","geometry":{"type":"Polygon","coordinates":[[[4.315719,43.78823],[4.316198,43.788226],[4.316195,43.788032],[4.316281,43.788032],[4.316276,43.787688],[4.316171,43.787689],[4.31617,43.787628],[4.316075,43.787629],[4.316081,43.788007],[4.315802,43.78801],[4.3158,43.787838],[4.315764,43.787822],[4.315756,43.787437],[4.315834,43.787436],[4.315829,43.787228],[4.315608,43.787231],[4.315611,43.787413],[4.315492,43.787415],[4.315497,43.787677],[4.315569,43.787676],[4.315578,43.78809],[4.315528,43.788155],[4.315719,43.78823]]]},"properties":{"cle":"osm:w1060052558","nom":null,"file":"inventaire","sort":"ecartee"}},{"type":"Feature","geometry":{"type":"Polygon","coordinates":[[[4.298761,43.784939],[4.29868,43.784892],[4.29884,43.784764],[4.298395,43.784489],[4.298618,43.784305],[4.299147,43.784648],[4.299228,43.784578],[4.298507,43.784101],[4.29823,43.784355],[4.298337,43.784572],[4.29845,43.784652],[4.29829,43.784775],[4.298659,43.785024],[4.298761,43.784939]]]},"properties":{"cle":"osm:w183609171","nom":null,"file":"inventaire","sort":"retenue"}},{"type":"Feature","geometry":{"type":"Polygon","coordinates":[[[4.300421,43.785151],[4.300551,43.785041],[4.300277,43.784866],[4.300379,43.784785],[4.300355,43.784765],[4.300575,43.784593],[4.300557,43.784563],[4.300194,43.784597],[4.299789,43.78475],[4.300421,43.785151]]]},"properties":{"cle":"osm:w547862266","nom":null,"file":"inventaire","sort":"retenue"}},{"type":"Feature","geometry":{"type":"Polygon","coordinates":[[[4.301906,43.789568],[4.301616,43.789294],[4.301407,43.789409],[4.30135,43.78942],[4.301281,43.789457],[4.301602,43.789742],[4.301906,43.789568]]]},"properties":{"cle":"osm:w1172587436","nom":null,"file":"inventaire","sort":"ecartee"}},{"type":"Feature","geometry":{"type":"Polygon","coordinates":[[[4.299064,43.789481],[4.299096,43.789252],[4.298578,43.788766],[4.298534,43.788956],[4.299064,43.789481]]]},"properties":{"cle":"osm:w216981680","nom":null,"file":"inventaire","sort":"ecartee"}},{"type":"Feature","geometry":{"type":"Polygon","coordinates":[[[4.307403,43.783176],[4.307342,43.783345],[4.307342,43.783417],[4.30735,43.783684],[4.307408,43.784214],[4.307489,43.78421],[4.307465,43.784021],[4.307422,43.783537],[4.307418,43.783397],[4.307417,43.783343],[4.30742,43.783335],[4.307487,43.78318],[4.307575,43.783047],[4.307519,43.783027],[4.307403,43.783176]]]},"properties":{"cle":"osm:w183204735","nom":null,"file":"inventaire","sort":"retenue"}},{"type":"Feature","geometry":{"type":"Polygon","coordinates":[[[4.299627,43.789172],[4.298349,43.787918],[4.298294,43.787917],[4.298743,43.788362],[4.298953,43.78857],[4.299168,43.788784],[4.299168,43.788804],[4.299199,43.78883],[4.29953,43.789122],[4.299627,43.789172]]]},"properties":{"cle":"osm:w216981682","nom":null,"file":"inventaire","sort":"retenue"}},{"type":"Feature","geometry":{"type":"Polygon","coordinates":[[[4.307063,43.790737],[4.3069,43.790681],[4.306791,43.790841],[4.306778,43.790896],[4.306778,43.790934],[4.306789,43.790992],[4.306835,43.791093],[4.307063,43.790737]]]},"properties":{"cle":"osm:w183607640","nom":null,"file":"inventaire","sort":"retenue"}},{"type":"Feature","geometry":{"type":"Polygon","coordinates":[[[4.308959,43.791055],[4.308736,43.791195],[4.308879,43.791357],[4.309094,43.791211],[4.308959,43.791055]]]},"properties":{"cle":"osm:w48650946","nom":"Place Henry Bonnaud","file":"inventaire","sort":"retenue"}},{"type":"Feature","geometry":{"type":"Polygon","coordinates":[[[4.309214,43.789874],[4.309,43.789704],[4.308816,43.789795],[4.309026,43.789981],[4.309214,43.789874]]]},"properties":{"cle":"osm:w185140846","nom":"Place du Castellas","file":"inventaire","sort":"retenue"}},{"type":"Feature","geometry":{"type":"Polygon","coordinates":[[[4.311816,43.787375],[4.311829,43.787391],[4.311819,43.787448],[4.311915,43.787451],[4.311923,43.787395],[4.311982,43.787395],[4.312011,43.787341],[4.312001,43.7873],[4.311893,43.787296],[4.311714,43.787201],[4.311593,43.787325],[4.311775,43.787416],[4.311816,43.787375]]]},"properties":{"cle":"osm:w183199051","nom":null,"file":"inventaire","sort":"retenue"}},{"type":"Feature","geometry":{"type":"Polygon","coordinates":[[[4.309336,43.790648],[4.309461,43.790565],[4.309147,43.790351],[4.309027,43.790433],[4.309045,43.790448],[4.309336,43.790648]]]},"properties":{"cle":"osm:w562687712","nom":null,"file":"inventaire","sort":"retenue"}},{"type":"Feature","geometry":{"type":"Polygon","coordinates":[[[4.296965,43.788214],[4.297261,43.788608],[4.29745,43.788908],[4.297555,43.789166],[4.297653,43.78942],[4.297694,43.789466],[4.297732,43.789479],[4.297693,43.789418],[4.297588,43.789159],[4.297474,43.788898],[4.29729,43.788597],[4.297041,43.78826],[4.296986,43.78817],[4.296965,43.788214]]]},"properties":{"cle":"osm:w435273405","nom":null,"file":"inventaire","sort":"retenue"}},{"type":"Feature","geometry":{"type":"Polygon","coordinates":[[[4.309471,43.787038],[4.309484,43.78695],[4.309502,43.786826],[4.309394,43.786843],[4.30923,43.786956],[4.3094,43.787082],[4.309471,43.787038]]]},"properties":{"cle":"osm:w770809732","nom":null,"file":"inventaire","sort":"retenue"}},{"type":"Feature","geometry":{"type":"Polygon","coordinates":[[[4.312247,43.795658],[4.312305,43.795629],[4.311966,43.795283],[4.311898,43.795318],[4.312247,43.795658]]]},"properties":{"cle":"osm:w563906280","nom":null,"file":"inventaire","sort":"retenue"}},{"type":"Feature","geometry":{"type":"Polygon","coordinates":[[[4.303617,43.788453],[4.303624,43.788399],[4.303633,43.788311],[4.303422,43.788299],[4.303406,43.788441],[4.303617,43.788453]]]},"properties":{"cle":"osm:w770698011","nom":null,"file":"inventaire","sort":"retenue"}},{"type":"Feature","geometry":{"type":"Polygon","coordinates":[[[4.308907,43.790907],[4.309006,43.79089],[4.308735,43.79069],[4.308717,43.790664],[4.30865,43.790702],[4.308907,43.790907]]]},"properties":{"cle":"osm:w770704021","nom":null,"file":"inventaire","sort":"retenue"}},{"type":"Feature","geometry":{"type":"Polygon","coordinates":[[[4.311714,43.787555],[4.311778,43.787493],[4.31139,43.787532],[4.311339,43.787602],[4.311714,43.787555]]]},"properties":{"cle":"osm:w183199042","nom":null,"file":"inventaire","sort":"retenue"}},{"type":"Feature","geometry":{"type":"Polygon","coordinates":[[[4.297555,43.787986],[4.2976,43.788049],[4.297854,43.788442],[4.297889,43.788496],[4.297941,43.788514],[4.297623,43.788035],[4.297564,43.787954],[4.297555,43.787986]]]},"properties":{"cle":"osm:w435273421","nom":null,"file":"inventaire","sort":"retenue"}},{"type":"Feature","geometry":{"type":"Polygon","coordinates":[[[4.200585,43.739742],[4.200596,43.739761],[4.200607,43.739773],[4.200628,43.739782],[4.200658,43.739787],[4.200742,43.739806],[4.200788,43.739821],[4.200811,43.73982],[4.200861,43.739817],[4.200957,43.73977],[4.200993,43.739673],[4.200741,43.739609],[4.200697,43.739632],[4.200691,43.739655],[4.200589,43.739654],[4.200585,43.739742]]]},"properties":{"cle":"osm:w686736195","nom":null,"file":"inventaire","sort":"retenue"}},{"type":"Feature","geometry":{"type":"Polygon","coordinates":[[[4.23337,43.788958],[4.233467,43.788915],[4.233384,43.788696],[4.233153,43.788818],[4.233218,43.78905],[4.233196,43.789053],[4.233243,43.78923],[4.233438,43.789231],[4.23337,43.788958]]]},"properties":{"cle":"osm:w470549014","nom":null,"file":"inventaire","sort":"retenue"}},{"type":"Feature","geometry":{"type":"Polygon","coordinates":[[[4.236472,43.787689,-1000.0],[4.23634,43.787806,-1000.0],[4.236948,43.788135,-1000.0],[4.237063,43.788046,-1000.0],[4.236472,43.787689,-1000.0]]]},"properties":{"cle":"bdtopo:EQ_RESEA0000002489359215","nom":null,"file":"inventaire","sort":"retenue"}},{"type":"Feature","geometry":{"type":"Polygon","coordinates":[[[4.231201,43.791732],[4.231391,43.791567],[4.231299,43.791517],[4.231139,43.791648],[4.230988,43.791731],[4.2311,43.791861],[4.231228,43.791845],[4.231201,43.791732]]]},"properties":{"cle":"osm:w1442600303","nom":null,"file":"inventaire","sort":"retenue"}},{"type":"Feature","geometry":{"type":"Polygon","coordinates":[[[4.361852,43.812001],[4.361871,43.811962],[4.361904,43.811889],[4.362029,43.811916],[4.361995,43.81199],[4.362063,43.812006],[4.362089,43.811936],[4.362213,43.811958],[4.362182,43.812031],[4.362826,43.812162],[4.362857,43.812087],[4.362978,43.812119],[4.362957,43.812187],[4.36302,43.812199],[4.363046,43.812129],[4.36318,43.812158],[4.363154,43.812229],[4.363897,43.812422],[4.363969,43.812451],[4.363996,43.812496],[4.363986,43.812551],[4.36389,43.812782],[4.363824,43.812826],[4.363503,43.813649],[4.363966,43.813765],[4.36484,43.812917],[4.364859,43.812819],[4.364831,43.812529],[4.365183,43.81188],[4.365143,43.811865],[4.365067,43.811846],[4.364615,43.811726],[4.364497,43.811656],[4.364595,43.811484],[4.364207,43.81138],[4.364159,43.811488],[4.363807,43.811372],[4.363626,43.811324],[4.363495,43.811351],[4.363346,43.811301],[4.361602,43.810938],[4.361557,43.81096],[4.361178,43.810874],[4.360989,43.81087],[4.360895,43.810999],[4.360391,43.810931],[4.359676,43.810816],[4.358992,43.810699],[4.358907,43.810989],[4.358988,43.811005],[4.358986,43.811063],[4.359084,43.811078],[4.358982,43.811454],[4.358656,43.812759],[4.359919,43.812945],[4.359966,43.812778],[4.360053,43.81247],[4.360315,43.811809],[4.360362,43.811771],[4.360434,43.811737],[4.36052,43.811725],[4.361852,43.812001]]]},"properties":{"cle":"osm:w27390389","nom":null,"file":"inventaire","sort":"retenue"}},{"type":"Feature","geometry":{"type":"Polygon","coordinates":[[[4.36443,43.810569],[4.364448,43.810633],[4.364508,43.810673],[4.364489,43.810719],[4.364975,43.810836],[4.364997,43.810791],[4.365127,43.810843],[4.36536,43.810584],[4.365418,43.810508],[4.365308,43.81048],[4.365337,43.810421],[4.365287,43.810408],[4.36531,43.810362],[4.365469,43.810403],[4.365543,43.810298],[4.365663,43.810146],[4.365832,43.809942],[4.365453,43.809845],[4.365611,43.809488],[4.365672,43.809366],[4.366077,43.809469],[4.366119,43.809469],[4.36616,43.809441],[4.366514,43.808968],[4.366921,43.808416],[4.367312,43.807892],[4.367244,43.807869],[4.367273,43.807826],[4.366671,43.807686],[4.366569,43.807699],[4.366406,43.807944],[4.365816,43.807809],[4.365799,43.807849],[4.365754,43.807842],[4.365664,43.807868],[4.365628,43.807929],[4.365566,43.807916],[4.365034,43.809078],[4.365091,43.809096],[4.365063,43.809161],[4.365054,43.809224],[4.365094,43.809316],[4.365089,43.809415],[4.364999,43.809588],[4.364936,43.809658],[4.364814,43.809725],[4.364749,43.809715],[4.364371,43.810553],[4.36443,43.810569]]]},"properties":{"cle":"osm:w505013864","nom":null,"file":"inventaire","sort":"retenue"}},{"type":"Feature","geometry":{"type":"Polygon","coordinates":[[[4.391263,43.818943],[4.392207,43.818402],[4.392037,43.818262],[4.392759,43.817854],[4.393034,43.81809],[4.393795,43.817642],[4.393473,43.81734],[4.393511,43.817251],[4.393461,43.817229],[4.393421,43.817198],[4.393396,43.817163],[4.393383,43.817125],[4.393295,43.817248],[4.393232,43.817282],[4.39313,43.817312],[4.393056,43.817321],[4.392776,43.81728],[4.392483,43.817228],[4.392323,43.817215],[4.392208,43.817262],[4.392015,43.817327],[4.391864,43.817385],[4.391715,43.817476],[4.391604,43.817544],[4.391542,43.817582],[4.391428,43.817652],[4.391367,43.817689],[4.391205,43.817788],[4.391057,43.817879],[4.390919,43.817963],[4.390773,43.818052],[4.390604,43.818155],[4.390355,43.818273],[4.390323,43.818362],[4.39029,43.818574],[4.39028,43.818696],[4.390498,43.819019],[4.390576,43.819059],[4.390584,43.819063],[4.390813,43.819476],[4.391459,43.819119],[4.391263,43.818943]]]},"properties":{"cle":"osm:w30487231","nom":null,"file":"inventaire","sort":"retenue"}},{"type":"Feature","geometry":{"type":"Polygon","coordinates":[[[4.390999,43.832144,34.6],[4.391078,43.83214,35.0],[4.390945,43.832931,35.2],[4.390828,43.833518,34.6],[4.390816,43.833626,34.6],[4.391722,43.833568,34.6],[4.391732,43.833518,34.9],[4.391745,43.833397,33.7],[4.392009,43.833029,35.0],[4.392391,43.833035,35.6],[4.39243,43.832905,35.4],[4.392606,43.832874,35.7],[4.392436,43.832233,35.2],[4.392263,43.832245,36.0],[4.392212,43.831961,35.5],[4.392439,43.83191,35.3],[4.392396,43.831818,35.1],[4.392242,43.83143,34.5],[4.392006,43.831473,34.6],[4.391968,43.831322,34.5],[4.391138,43.831441,34.8],[4.390999,43.832144,34.6]]]},"properties":{"cle":"bdtopo:EQ_RESEA0000000027764958","nom":null,"file":"inventaire","sort":"ecartee"}},{"type":"Feature","geometry":{"type":"Polygon","coordinates":[[[4.360804,43.817263],[4.361187,43.816869],[4.361326,43.816649],[4.36132,43.816471],[4.361372,43.816281],[4.361398,43.816201],[4.361406,43.816185],[4.361425,43.816173],[4.361435,43.816187],[4.361435,43.816202],[4.361415,43.816287],[4.36151,43.816301],[4.361694,43.816327],[4.361905,43.816124],[4.362017,43.816017],[4.362813,43.815254],[4.362746,43.815232],[4.362398,43.815118],[4.362137,43.815083],[4.362142,43.815043],[4.36186,43.814999],[4.36179,43.814988],[4.361367,43.814922],[4.361387,43.814832],[4.361214,43.814798],[4.361201,43.814793],[4.361197,43.814781],[4.361203,43.814752],[4.360773,43.814683],[4.360762,43.814678],[4.360755,43.814668],[4.360765,43.814625],[4.360701,43.814613],[4.360489,43.814574],[4.360275,43.815293],[4.361193,43.815432],[4.360669,43.817274],[4.360804,43.817263]]]},"properties":{"cle":"osm:w27390232","nom":"Stade des Costières","file":"inventaire","sort":"retenue"}},{"type":"Feature","geometry":{"type":"Polygon","coordinates":[[[4.320132,43.825017],[4.320271,43.825007],[4.320315,43.824585],[4.319845,43.824614],[4.319534,43.824637],[4.319423,43.824557],[4.319648,43.824412],[4.319185,43.823979],[4.319065,43.824016],[4.318837,43.824171],[4.318719,43.82426],[4.318539,43.82439],[4.318156,43.824713],[4.317988,43.824678],[4.317829,43.824934],[4.317855,43.825085],[4.317108,43.824855],[4.316929,43.825152],[4.317661,43.825362],[4.318064,43.825276],[4.318671,43.825468],[4.318996,43.825353],[4.319087,43.825283],[4.32016,43.825263],[4.320132,43.825017]]]},"properties":{"cle":"osm:w688901575","nom":"Parking Public","file":"inventaire","sort":"retenue"}},{"type":"Feature","geometry":{"type":"Polygon","coordinates":[[[4.321581,43.80491,35.4],[4.320737,43.805309,35.4],[4.320754,43.805438,35.4],[4.322041,43.806915,35.4],[4.322378,43.806757,35.4],[4.322347,43.806724,35.5],[4.322555,43.806629,35.6],[4.322501,43.806567,35.7],[4.323059,43.806297,35.4],[4.321581,43.80491,35.4]]]},"properties":{"cle":"bdtopo:EQ_RESEA0000000274510368","nom":null,"file":"inventaire","sort":"ecartee"}},{"type":"Feature","geometry":{"type":"Polygon","coordinates":[[[4.367598,43.815449],[4.367571,43.815437],[4.367501,43.815397],[4.367129,43.815202],[4.367006,43.815345],[4.366939,43.815321],[4.366854,43.81535],[4.365536,43.814848],[4.365461,43.814806],[4.365506,43.81475],[4.366157,43.814127],[4.366198,43.814088],[4.366276,43.814062],[4.366287,43.814065],[4.366839,43.81419],[4.366817,43.814123],[4.366371,43.814023],[4.366227,43.814],[4.366166,43.81398],[4.366052,43.813951],[4.365688,43.813865],[4.365081,43.814486],[4.365027,43.814498],[4.364982,43.814492],[4.364674,43.814347],[4.364244,43.814812],[4.367166,43.815864],[4.367598,43.815449]]]},"properties":{"cle":"osm:w141253598","nom":null,"file":"inventaire","sort":"retenue"}},{"type":"Feature","geometry":{"type":"Polygon","coordinates":[[[4.342451,43.816716],[4.342515,43.816659],[4.342579,43.816695],[4.342635,43.816641],[4.342691,43.816679],[4.342563,43.816782],[4.343387,43.817272],[4.344336,43.817832],[4.344495,43.817937],[4.344525,43.817986],[4.344512,43.818059],[4.344267,43.818252],[4.344225,43.818319],[4.344244,43.81835],[4.344444,43.818468],[4.344884,43.81807],[4.344945,43.817966],[4.344932,43.81789],[4.344881,43.817817],[4.344756,43.817721],[4.344867,43.817628],[4.345035,43.817472],[4.344952,43.817397],[4.344869,43.817238],[4.34478,43.817095],[4.344747,43.817068],[4.344519,43.816987],[4.344453,43.816925],[4.344032,43.816791],[4.342958,43.816489],[4.342876,43.81658],[4.342635,43.816437],[4.342511,43.816374],[4.342263,43.816306],[4.342058,43.816482],[4.342451,43.816716]]]},"properties":{"cle":"osm:w505004871","nom":null,"file":"inventaire","sort":"retenue"}},{"type":"Feature","geometry":{"type":"Polygon","coordinates":[[[4.357849,43.81492],[4.358749,43.815059],[4.358766,43.815001],[4.359019,43.814124],[4.358723,43.814075],[4.358705,43.814067],[4.35869,43.814056],[4.358685,43.814043],[4.358722,43.81399],[4.358575,43.813949],[4.358122,43.813874],[4.358112,43.81387],[4.358115,43.81386],[4.358133,43.813828],[4.357953,43.81379],[4.357991,43.813694],[4.357723,43.813621],[4.357517,43.814256],[4.357731,43.81445],[4.357674,43.814579],[4.357544,43.814932],[4.357503,43.815046],[4.357497,43.815173],[4.357098,43.816343],[4.357074,43.816413],[4.357071,43.816488],[4.357108,43.816573],[4.357146,43.816666],[4.357332,43.816679],[4.357849,43.81492]]]},"properties":{"cle":"osm:w157100338","nom":null,"file":"inventaire","sort":"retenue"}},{"type":"Feature","geometry":{"type":"Polygon","coordinates":[[[4.338705,43.815845,37.1],[4.338801,43.815761,37.1],[4.338984,43.815864,37.1],[4.338952,43.8159,37.1],[4.33947,43.816182,36.3],[4.339077,43.816558,36.3],[4.33899,43.816638,36.3],[4.33907,43.81669,36.3],[4.339023,43.816735,36.3],[4.339201,43.816846,38.0],[4.339912,43.816237,37.9],[4.340106,43.816004,38.3],[4.340094,43.815908,37.9],[4.340001,43.815777,37.8],[4.339849,43.815684,36.8],[4.339679,43.815629,37.6],[4.339001,43.815467,37.4],[4.338057,43.815257,37.6],[4.338004,43.815257,37.5],[4.337968,43.815277,37.2],[4.337237,43.815978,38.6],[4.337233,43.816024,38.4],[4.337261,43.816069,38.5],[4.337428,43.816179,38.1],[4.338703,43.816854,38.1],[4.338845,43.816737,38.4],[4.338389,43.81648,37.9],[4.338396,43.816462,37.5],[4.338066,43.816274,38.0],[4.338034,43.816293,37.0],[4.337901,43.816223,37.6],[4.337866,43.816018,38.1],[4.337966,43.815918,37.0],[4.337995,43.815931,37.4],[4.338126,43.815799,37.6],[4.338288,43.815879,36.8],[4.338465,43.815714,37.7],[4.338705,43.815845,37.1]]]},"properties":{"cle":"bdtopo:EQ_RESEA0000000216765883","nom":null,"file":"inventaire","sort":"ecartee"}},{"type":"Feature","geometry":{"type":"Polygon","coordinates":[[[4.363176,43.816466,32.8],[4.363361,43.815839,32.8],[4.363395,43.815844,31.1],[4.364422,43.816,32.8],[4.364493,43.815762,32.4],[4.363433,43.815382,33.0],[4.363396,43.815369,32.4],[4.362857,43.815868,32.8],[4.361766,43.816834,33.5],[4.361748,43.816874,33.6],[4.361728,43.817024,34.0],[4.361768,43.817057,34.0],[4.362941,43.817248,32.9],[4.363176,43.816466,32.8]]]},"properties":{"cle":"bdtopo:EQ_RESEA0000000312868256","nom":"Parc Relais Parnasse","file":"inventaire","sort":"retenue"}},{"type":"Feature","geometry":{"type":"Polygon","coordinates":[[[4.341016,43.809925,30.2],[4.341022,43.809739,30.0],[4.339432,43.80895,29.9],[4.338676,43.809381,30.7],[4.338792,43.809441,30.0],[4.338786,43.809624,30.0],[4.340253,43.810357,30.7],[4.340479,43.810451,30.7],[4.340492,43.810454,30.7],[4.341029,43.809933,30.3],[4.341016,43.809925,30.2]]]},"properties":{"cle":"bdtopo:EQ_RESEA0000000027764978","nom":null,"file":"inventaire","sort":"ecartee"}},{"type":"Feature","geometry":{"type":"Polygon","coordinates":[[[4.403036,43.859537],[4.403311,43.859484],[4.403422,43.859153],[4.404118,43.859272],[4.404157,43.859117],[4.40408,43.859108],[4.403967,43.858606],[4.403408,43.858663],[4.403159,43.858501],[4.402936,43.857388],[4.403913,43.857272],[4.404003,43.856995],[4.403765,43.857006],[4.403701,43.856711],[4.403667,43.856627],[4.403285,43.856604],[4.402742,43.856542],[4.402651,43.856561],[4.402624,43.856626],[4.402803,43.857538],[4.40303,43.858554],[4.403101,43.858605],[4.403222,43.858666],[4.403233,43.858739],[4.403241,43.85878],[4.403113,43.858799],[4.403084,43.858854],[4.403118,43.859014],[4.403136,43.859123],[4.403118,43.859196],[4.403013,43.85928],[4.402891,43.859342],[4.403036,43.859537]]]},"properties":{"cle":"osm:w242017211","nom":null,"file":"inventaire","sort":"retenue"}},{"type":"Feature","geometry":{"type":"Polygon","coordinates":[[[4.350269,43.818451],[4.350659,43.818555],[4.352025,43.818874],[4.352103,43.818887],[4.352117,43.818849],[4.35213,43.818851],[4.352219,43.818865],[4.352224,43.818852],[4.352409,43.818295],[4.350436,43.817983],[4.349706,43.817821],[4.349417,43.817758],[4.349376,43.817821],[4.349284,43.817874],[4.349179,43.818107],[4.350269,43.818451]]]},"properties":{"cle":"osm:w51835287","nom":null,"file":"inventaire","sort":"retenue"}},{"type":"Feature","geometry":{"type":"Polygon","coordinates":[[[4.349498,43.813589],[4.349608,43.813547],[4.349802,43.813496],[4.349951,43.81352],[4.350013,43.813524],[4.350182,43.813618],[4.350259,43.813697],[4.350295,43.813735],[4.35073,43.813802],[4.35097,43.812975],[4.350168,43.812849],[4.349394,43.812724],[4.349156,43.813531],[4.349498,43.813589]]]},"properties":{"cle":"osm:w45428039","nom":null,"file":"inventaire","sort":"retenue"}},{"type":"Feature","geometry":{"type":"Polygon","coordinates":[[[4.368672,43.811968],[4.36885,43.811821],[4.367982,43.811626],[4.368167,43.811227],[4.367716,43.811131],[4.367767,43.811008],[4.368218,43.81111],[4.368427,43.810619],[4.368009,43.81052],[4.367177,43.811436],[4.367291,43.811633],[4.367269,43.811781],[4.368557,43.812072],[4.368596,43.812019],[4.368672,43.811968]]]},"properties":{"cle":"osm:w911886519","nom":null,"file":"inventaire","sort":"retenue"}},{"type":"Feature","geometry":{"type":"Polygon","coordinates":[[[4.404573,43.855044],[4.404641,43.855065],[4.404878,43.85509],[4.404906,43.855117],[4.405103,43.855142],[4.405145,43.85515],[4.405168,43.855176],[4.405351,43.855198],[4.405388,43.855225],[4.405842,43.855293],[4.406179,43.854594],[4.404804,43.854282],[4.404522,43.854949],[4.404573,43.855044]]]},"properties":{"cle":"osm:w209111841","nom":null,"file":"inventaire","sort":"retenue"}},{"type":"Feature","geometry":{"type":"Polygon","coordinates":[[[4.358384,43.809729],[4.358407,43.809667],[4.358456,43.809679],[4.358654,43.809106],[4.358592,43.809094],[4.358603,43.809042],[4.358134,43.809009],[4.358129,43.809028],[4.357324,43.808969],[4.357321,43.808992],[4.357278,43.808992],[4.357241,43.809007],[4.357224,43.809021],[4.357163,43.809019],[4.357155,43.809164],[4.357131,43.809164],[4.357124,43.80921],[4.357117,43.809255],[4.35718,43.809259],[4.357198,43.809272],[4.357198,43.809294],[4.357128,43.809288],[4.357093,43.809505],[4.357165,43.809509],[4.357166,43.809539],[4.357184,43.809571],[4.357241,43.809592],[4.357238,43.80964],[4.358384,43.809729]]]},"properties":{"cle":"osm:w227126822","nom":null,"file":"inventaire","sort":"retenue"}},{"type":"Feature","geometry":{"type":"Polygon","coordinates":[[[4.40563,43.859385],[4.405151,43.859154],[4.405278,43.859018],[4.404585,43.858972],[4.404411,43.859663],[4.404397,43.859812],[4.404491,43.85991],[4.404456,43.860016],[4.404865,43.860201],[4.40563,43.859385]]]},"properties":{"cle":"osm:w1058990074","nom":null,"file":"inventaire","sort":"ecartee"}},{"type":"Feature","geometry":{"type":"Polygon","coordinates":[[[4.369044,43.812186],[4.369201,43.812226],[4.370374,43.812535],[4.370495,43.812527],[4.370575,43.812473],[4.371003,43.81145],[4.370869,43.811421],[4.370838,43.811469],[4.370805,43.811483],[4.370524,43.811426],[4.370517,43.811446],[4.370493,43.811513],[4.370723,43.811566],[4.370398,43.812318],[4.369455,43.812121],[4.369791,43.811343],[4.369943,43.811372],[4.36997,43.811318],[4.369988,43.811307],[4.369581,43.811207],[4.369553,43.811251],[4.369482,43.811227],[4.369369,43.811467],[4.369214,43.811765],[4.369006,43.812148],[4.369044,43.812186]]]},"properties":{"cle":"osm:w356449189","nom":null,"file":"inventaire","sort":"ecartee"}},{"type":"Feature","geometry":{"type":"Polygon","coordinates":[[[4.354782,43.816251],[4.354905,43.815873],[4.354931,43.815805],[4.355063,43.81547],[4.355798,43.815598],[4.355819,43.815544],[4.355892,43.815585],[4.355908,43.815639],[4.355857,43.815695],[4.355618,43.815842],[4.355664,43.815884],[4.355927,43.815716],[4.355984,43.815474],[4.353735,43.815139],[4.353706,43.815207],[4.354282,43.815316],[4.35414,43.815685],[4.354163,43.815794],[4.354313,43.815844],[4.354294,43.816005],[4.354644,43.816181],[4.354782,43.816251]]]},"properties":{"cle":"osm:w157551308","nom":null,"file":"inventaire","sort":"ecartee"}},{"type":"Feature","geometry":{"type":"Polygon","coordinates":[[[4.373045,43.807336],[4.373005,43.807227],[4.373531,43.807116],[4.373291,43.806484],[4.372709,43.806596],[4.37275,43.80671],[4.372305,43.806803],[4.372322,43.806849],[4.372254,43.806862],[4.372295,43.80698],[4.3722,43.807007],[4.372381,43.807472],[4.373045,43.807336]]]},"properties":{"cle":"osm:w187633446","nom":"Parking relais A54","file":"inventaire","sort":"retenue"}},{"type":"Feature","geometry":{"type":"Polygon","coordinates":[[[4.394545,43.843387],[4.394645,43.843036],[4.39453,43.843019],[4.394724,43.842497],[4.394405,43.842439],[4.394488,43.842168],[4.394865,43.842229],[4.394892,43.842129],[4.394569,43.842089],[4.394551,43.84212],[4.394506,43.842121],[4.394469,43.842116],[4.394155,43.842069],[4.393771,43.84327],[4.394545,43.843387]]]},"properties":{"cle":"osm:w281321146","nom":null,"file":"inventaire","sort":"ecartee"}},{"type":"Feature","geometry":{"type":"Polygon","coordinates":[[[4.350312,43.814146],[4.350073,43.814069],[4.350092,43.813989],[4.349957,43.814036],[4.349908,43.814127],[4.34991,43.814142],[4.349917,43.814203],[4.349779,43.814245],[4.349041,43.815708],[4.350069,43.815965],[4.350124,43.815822],[4.349535,43.815669],[4.349618,43.815497],[4.34955,43.815383],[4.349584,43.815297],[4.349748,43.815241],[4.349832,43.815077],[4.34991,43.814916],[4.349818,43.814883],[4.349814,43.814778],[4.349851,43.814701],[4.349943,43.814626],[4.349969,43.814513],[4.349993,43.81449],[4.350042,43.814488],[4.350112,43.814448],[4.350227,43.814215],[4.350312,43.814146]]]},"properties":{"cle":"osm:w928168860","nom":null,"file":"inventaire","sort":"retenue"}},{"type":"Feature","geometry":{"type":"Polygon","coordinates":[[[4.34527,43.765154,37.1],[4.343883,43.765438,37.1],[4.344093,43.765962,36.3],[4.345463,43.765669,36.4],[4.34527,43.765154,37.1]]]},"properties":{"cle":"bdtopo:EQ_RESEA0000000357926947","nom":null,"file":"inventaire","sort":"en_cours"}},{"type":"Feature","geometry":{"type":"Polygon","coordinates":[[[4.318276,43.824041],[4.317986,43.823952],[4.317897,43.823919],[4.317842,43.823901],[4.317093,43.823656],[4.316847,43.824099],[4.316771,43.824209],[4.317973,43.824583],[4.318276,43.824041]]]},"properties":{"cle":"osm:w183016148","nom":"Parking Personnel","file":"inventaire","sort":"ecartee"}},{"type":"Feature","geometry":{"type":"Polygon","coordinates":[[[4.367221,43.82352],[4.367335,43.823494],[4.367401,43.823404],[4.367196,43.823324],[4.367223,43.82329],[4.36728,43.82331],[4.367316,43.823265],[4.367035,43.823151],[4.366939,43.823095],[4.366873,43.823061],[4.366857,43.823031],[4.366116,43.82275],[4.365091,43.822365],[4.365063,43.822403],[4.364999,43.8224],[4.364863,43.82259],[4.367221,43.82352]]]},"properties":{"cle":"osm:w929889611","nom":null,"file":"inventaire","sort":"retenue"}},{"type":"Feature","geometry":{"type":"Polygon","coordinates":[[[4.32592,43.806266],[4.326046,43.806249],[4.326092,43.806274],[4.326736,43.805676],[4.326871,43.805562],[4.326919,43.805587],[4.32706,43.805434],[4.32726,43.805218],[4.327296,43.805162],[4.327298,43.805133],[4.327291,43.805085],[4.327244,43.805028],[4.327178,43.80498],[4.327104,43.804947],[4.327047,43.804936],[4.327011,43.805012],[4.326622,43.805387],[4.326624,43.80539],[4.326498,43.805498],[4.326461,43.805476],[4.326092,43.805792],[4.325843,43.805641],[4.325443,43.805982],[4.32592,43.806266]]]},"properties":{"cle":"osm:w504720916","nom":null,"file":"inventaire","sort":"ecartee"}},{"type":"Feature","geometry":{"type":"Polygon","coordinates":[[[4.386566,43.820556,31.6],[4.386544,43.820633,31.6],[4.386541,43.820696,31.6],[4.386614,43.820784,31.6],[4.386864,43.820997,31.6],[4.387842,43.820425,31.6],[4.387799,43.820384,31.6],[4.387981,43.820264,31.6],[4.387999,43.820123,31.6],[4.387754,43.819898,31.6],[4.386566,43.820556,31.6]]]},"properties":{"cle":"bdtopo:EQ_RESEA0000000027764961","nom":null,"file":"inventaire","sort":"ecartee"}},{"type":"Feature","geometry":{"type":"Polygon","coordinates":[[[4.346515,43.813897],[4.346736,43.813361],[4.346526,43.813187],[4.346103,43.813376],[4.34608,43.813453],[4.346047,43.813447],[4.346042,43.813463],[4.346008,43.813457],[4.346013,43.813442],[4.345982,43.813436],[4.345993,43.813401],[4.345878,43.813381],[4.345859,43.813357],[4.345826,43.81337],[4.345735,43.813262],[4.345764,43.813248],[4.3457,43.813174],[4.345805,43.813126],[4.345467,43.813086],[4.345345,43.813793],[4.346515,43.813897]]]},"properties":{"cle":"osm:w954232972","nom":null,"file":"inventaire","sort":"retenue"}},{"type":"Feature","geometry":{"type":"Polygon","coordinates":[[[4.370814,43.810137],[4.370612,43.810101],[4.370441,43.809892],[4.369702,43.809757],[4.369953,43.809046],[4.369747,43.808962],[4.368869,43.809702],[4.370037,43.810063],[4.370131,43.810025],[4.370252,43.810048],[4.370391,43.810062],[4.37046,43.810187],[4.370767,43.810242],[4.370814,43.810137]]]},"properties":{"cle":"osm:w911886527","nom":null,"file":"inventaire","sort":"ecartee"}},{"type":"Feature","geometry":{"type":"Polygon","coordinates":[[[4.354919,43.809503],[4.35492,43.809593],[4.355855,43.80958],[4.355854,43.809538],[4.355897,43.809538],[4.355894,43.80949],[4.35595,43.809486],[4.355946,43.80915],[4.356296,43.809142],[4.356291,43.808905],[4.35631,43.808887],[4.356359,43.808912],[4.356507,43.808811],[4.356531,43.808518],[4.356491,43.80848],[4.355952,43.808849],[4.355835,43.808852],[4.355336,43.808867],[4.355348,43.809498],[4.354919,43.809503]]]},"properties":{"cle":"osm:w505017804","nom":null,"file":"inventaire","sort":"retenue"}},{"type":"Feature","geometry":{"type":"Polygon","coordinates":[[[4.306781,43.844569],[4.306708,43.84454],[4.306741,43.844503],[4.306599,43.844446],[4.306574,43.844476],[4.306505,43.844448],[4.306544,43.844401],[4.306603,43.844425],[4.306879,43.844107],[4.306934,43.844086],[4.306987,43.844093],[4.307288,43.844228],[4.307329,43.844185],[4.307524,43.844275],[4.307666,43.844344],[4.307799,43.844468],[4.307905,43.844452],[4.308072,43.844254],[4.308058,43.844215],[4.308022,43.844196],[4.307988,43.844178],[4.307908,43.844138],[4.307866,43.844125],[4.30782,43.844105],[4.307705,43.844055],[4.307629,43.844031],[4.307613,43.844025],[4.307636,43.843999],[4.307522,43.843975],[4.30751,43.84397],[4.307341,43.843934],[4.30709,43.843932],[4.306893,43.84395],[4.306823,43.843966],[4.306154,43.844073],[4.306005,43.844248],[4.306039,43.844268],[4.306016,43.844348],[4.306101,43.844386],[4.306209,43.84443],[4.306155,43.844465],[4.306527,43.844642],[4.306729,43.844653],[4.306781,43.844569]]]},"properties":{"cle":"osm:w593800590","nom":null,"file":"inventaire","sort":"retenue"}},{"type":"Feature","geometry":{"type":"Polygon","coordinates":[[[4.340532,43.816951],[4.341006,43.817226],[4.341047,43.817192],[4.341241,43.817306],[4.34136,43.81729],[4.341496,43.81717],[4.34139,43.81709],[4.341593,43.816918],[4.341453,43.816833],[4.341576,43.81673],[4.341414,43.816641],[4.341269,43.816776],[4.340847,43.816533],[4.340996,43.816393],[4.34084,43.816301],[4.340658,43.816475],[4.340624,43.816454],[4.340598,43.816477],[4.340322,43.816716],[4.340168,43.81685],[4.34039,43.816981],[4.340532,43.816951]]]},"properties":{"cle":"osm:w505004872","nom":null,"file":"inventaire","sort":"retenue"}},{"type":"Feature","geometry":{"type":"Polygon","coordinates":[[[4.322401,43.806751],[4.322369,43.806712],[4.322548,43.806625],[4.322523,43.8066],[4.323123,43.806327],[4.322725,43.80596],[4.321627,43.806477],[4.322037,43.806927],[4.322401,43.806751]]]},"properties":{"cle":"osm:w504720926","nom":null,"file":"inventaire","sort":"ecartee"}},{"type":"Feature","geometry":{"type":"Polygon","coordinates":[[[4.361469,43.809465],[4.361582,43.809129],[4.361052,43.809036],[4.361127,43.808814],[4.360485,43.808702],[4.360319,43.809197],[4.361268,43.809363],[4.36106,43.809981],[4.361299,43.810001],[4.361458,43.809492],[4.361469,43.809465]]]},"properties":{"cle":"osm:w156184421","nom":null,"file":"inventaire","sort":"retenue"}},{"type":"Feature","geometry":{"type":"Polygon","coordinates":[[[4.42016,43.841478],[4.420965,43.840035],[4.420579,43.839924],[4.419791,43.841376],[4.42016,43.841478]]]},"properties":{"cle":"osm:w359529364","nom":null,"file":"inventaire","sort":"ecartee"}},{"type":"Feature","geometry":{"type":"Polygon","coordinates":[[[4.361993,43.809147],[4.361945,43.809301],[4.362006,43.809317],[4.361996,43.809354],[4.362092,43.809373],[4.362079,43.809408],[4.362059,43.809471],[4.361974,43.809551],[4.361891,43.809547],[4.361693,43.810101],[4.361727,43.810145],[4.361796,43.810193],[4.362244,43.81027],[4.362287,43.810277],[4.362618,43.809251],[4.361993,43.809147]]]},"properties":{"cle":"osm:w220953559","nom":null,"file":"inventaire","sort":"retenue"}},{"type":"Feature","geometry":{"type":"Polygon","coordinates":[[[4.266772,43.884517],[4.26689,43.884589],[4.26713,43.884387],[4.267346,43.884195],[4.267652,43.884324],[4.267725,43.884278],[4.26771,43.884045],[4.267766,43.883924],[4.267777,43.883809],[4.267715,43.883689],[4.267609,43.883534],[4.267545,43.883433],[4.267184,43.883421],[4.267278,43.883588],[4.267262,43.883646],[4.267203,43.883637],[4.267146,43.883707],[4.267157,43.883814],[4.26709,43.883865],[4.267109,43.883902],[4.267066,43.883958],[4.266971,43.883959],[4.266866,43.884088],[4.266851,43.884165],[4.266968,43.88416],[4.266979,43.884284],[4.266912,43.884316],[4.266819,43.884304],[4.266774,43.884393],[4.266531,43.884575],[4.26664,43.884641],[4.266772,43.884517]]]},"properties":{"cle":"osm:w823918351","nom":null,"file":"inventaire","sort":"retenue"}},{"type":"Feature","geometry":{"type":"Polygon","coordinates":[[[4.36416,43.817618],[4.364171,43.817641],[4.364198,43.817691],[4.365189,43.817891],[4.365199,43.817858],[4.365215,43.817806],[4.365233,43.817744],[4.365253,43.81768],[4.365271,43.817621],[4.36529,43.817555],[4.365309,43.817493],[4.365328,43.817431],[4.365344,43.81738],[4.36425,43.817203],[4.364238,43.817201],[4.364187,43.817202],[4.364147,43.817208],[4.364111,43.81722],[4.364094,43.817235],[4.364004,43.817519],[4.364001,43.817537],[4.364013,43.817555],[4.36403,43.817565],[4.364142,43.81758],[4.36416,43.817618]]]},"properties":{"cle":"osm:w1144474225","nom":"Parking exposants","file":"inventaire","sort":"retenue"}},{"type":"Feature","geometry":{"type":"Polygon","coordinates":[[[4.333459,43.828691],[4.334024,43.828646],[4.334365,43.82847],[4.33469,43.828205],[4.334497,43.828101],[4.334376,43.828206],[4.334046,43.828],[4.333908,43.827959],[4.33363,43.827903],[4.333403,43.827913],[4.333358,43.828013],[4.334074,43.828458],[4.333911,43.828596],[4.333751,43.828494],[4.33324,43.828177],[4.333212,43.828184],[4.333102,43.828232],[4.333459,43.828691]]]},"properties":{"cle":"osm:w926212371","nom":null,"file":"inventaire","sort":"ecartee"}},{"type":"Feature","geometry":{"type":"Polygon","coordinates":[[[4.321731,43.821018],[4.321717,43.821084],[4.32172,43.821193],[4.321753,43.821293],[4.321841,43.821409],[4.321931,43.821508],[4.321874,43.821533],[4.321784,43.821543],[4.32177,43.821768],[4.321774,43.821832],[4.321809,43.821932],[4.321932,43.821934],[4.321995,43.822021],[4.322078,43.822038],[4.322081,43.821873],[4.322346,43.82205],[4.322424,43.822061],[4.32279,43.821965],[4.322299,43.821661],[4.322258,43.821478],[4.322248,43.821444],[4.322093,43.821228],[4.322045,43.821137],[4.322096,43.820841],[4.321996,43.820826],[4.32174,43.820816],[4.321731,43.821018]]]},"properties":{"cle":"osm:w688901574","nom":null,"file":"inventaire","sort":"ecartee"}},{"type":"Feature","geometry":{"type":"Polygon","coordinates":[[[4.324093,43.864711],[4.324405,43.864711],[4.32437,43.863916],[4.32427,43.86362],[4.324177,43.863578],[4.32379,43.863626],[4.323777,43.863877],[4.323857,43.864133],[4.323862,43.864177],[4.323903,43.86461],[4.323906,43.864639],[4.324093,43.864711]]]},"properties":{"cle":"osm:w779511670","nom":null,"file":"inventaire","sort":"ecartee"}},{"type":"Feature","geometry":{"type":"Polygon","coordinates":[[[4.411302,43.860768],[4.411356,43.860049],[4.41102,43.860039],[4.410925,43.860036],[4.410778,43.859982],[4.410763,43.859949],[4.410346,43.859945],[4.410342,43.860123],[4.410661,43.860139],[4.410639,43.860702],[4.410676,43.860762],[4.411302,43.860768]]]},"properties":{"cle":"osm:w1058990091","nom":null,"file":"inventaire","sort":"ecartee"}},{"type":"Feature","geometry":{"type":"Polygon","coordinates":[[[4.362754,43.808822],[4.363058,43.807898],[4.362876,43.807867],[4.362862,43.807907],[4.362718,43.807882],[4.362618,43.807907],[4.362495,43.807948],[4.362392,43.808007],[4.362321,43.808082],[4.362268,43.80819],[4.362247,43.808257],[4.362248,43.808272],[4.362251,43.808307],[4.362322,43.808319],[4.362306,43.808372],[4.362255,43.80854],[4.362212,43.808532],[4.36214,43.808716],[4.362754,43.808822]]]},"properties":{"cle":"osm:w220953557","nom":null,"file":"inventaire","sort":"retenue"}},{"type":"Feature","geometry":{"type":"Polygon","coordinates":[[[4.424916,43.840194],[4.424946,43.839891],[4.423122,43.839813],[4.423108,43.840117],[4.424916,43.840194]]]},"properties":{"cle":"osm:w359529365","nom":null,"file":"inventaire","sort":"ecartee"}},{"type":"Feature","geometry":{"type":"Polygon","coordinates":[[[4.325642,43.825901],[4.325674,43.825888],[4.325729,43.825959],[4.325743,43.825976],[4.325958,43.825668],[4.326403,43.825104],[4.326508,43.825026],[4.326712,43.824718],[4.326883,43.824506],[4.326913,43.824465],[4.326752,43.824392],[4.326368,43.824827],[4.326439,43.824857],[4.326389,43.824912],[4.325919,43.824724],[4.325813,43.82484],[4.326255,43.825013],[4.325956,43.825333],[4.325764,43.825313],[4.325638,43.82545],[4.325485,43.825618],[4.325464,43.825646],[4.325498,43.825669],[4.325448,43.82572],[4.325642,43.825901]]]},"properties":{"cle":"osm:w182903483","nom":null,"file":"inventaire","sort":"retenue"}},{"type":"Feature","geometry":{"type":"Polygon","coordinates":[[[4.349468,43.814029],[4.349365,43.813999],[4.349275,43.81413],[4.3492,43.81415],[4.348984,43.814103],[4.348178,43.815289],[4.348398,43.815359],[4.348478,43.815385],[4.348527,43.815309],[4.348599,43.815311],[4.349468,43.814029]]]},"properties":{"cle":"osm:w928168858","nom":null,"file":"inventaire","sort":"retenue"}},{"type":"Feature","geometry":{"type":"Polygon","coordinates":[[[4.404921,43.860939],[4.40494,43.860893],[4.404969,43.860861],[4.405133,43.860689],[4.405145,43.86061],[4.404698,43.860397],[4.404216,43.860155],[4.404134,43.860242],[4.403899,43.86037],[4.403793,43.860441],[4.403797,43.860479],[4.404181,43.860587],[4.404226,43.860646],[4.404344,43.860756],[4.404836,43.860982],[4.404921,43.860939]]]},"properties":{"cle":"osm:w1058981143","nom":null,"file":"inventaire","sort":"ecartee"}},{"type":"Feature","geometry":{"type":"Polygon","coordinates":[[[4.357976,43.808896],[4.358007,43.808536],[4.356646,43.808475],[4.356615,43.808835],[4.357976,43.808896]]]},"properties":{"cle":"osm:w965383133","nom":null,"file":"inventaire","sort":"retenue"}},{"type":"Feature","geometry":{"type":"Polygon","coordinates":[[[4.391828,43.836236],[4.391938,43.836422],[4.39248,43.836369],[4.392478,43.836345],[4.392749,43.836322],[4.392583,43.835798],[4.391578,43.835983],[4.391673,43.836266],[4.391828,43.836236]]]},"properties":{"cle":"osm:w507309548","nom":null,"file":"inventaire","sort":"ecartee"}},{"type":"Feature","geometry":{"type":"Polygon","coordinates":[[[4.361215,43.808519],[4.361253,43.80847],[4.361768,43.808557],[4.361816,43.808426],[4.361756,43.808413],[4.361767,43.808368],[4.361639,43.808277],[4.361651,43.808233],[4.360705,43.808071],[4.360511,43.808576],[4.361181,43.8087],[4.361176,43.808657],[4.361215,43.808519]]]},"properties":{"cle":"osm:w156184424","nom":null,"file":"inventaire","sort":"retenue"}},{"type":"Feature","geometry":{"type":"Polygon","coordinates":[[[4.371159,43.812035],[4.370825,43.812572],[4.370918,43.812603],[4.370971,43.812656],[4.370925,43.812719],[4.37145,43.8129],[4.371558,43.812697],[4.371819,43.81277],[4.371962,43.812561],[4.372126,43.812311],[4.372033,43.812282],[4.371838,43.812216],[4.371589,43.812645],[4.371392,43.81258],[4.371204,43.812524],[4.371009,43.81246],[4.37105,43.812396],[4.371151,43.81243],[4.37137,43.812091],[4.371303,43.812074],[4.371378,43.811942],[4.371165,43.811874],[4.371078,43.81201],[4.371159,43.812035]]]},"properties":{"cle":"osm:w536020442","nom":null,"file":"inventaire","sort":"ecartee"}},{"type":"Feature","geometry":{"type":"Polygon","coordinates":[[[4.318287,43.827521],[4.319134,43.827373],[4.319879,43.82724],[4.319979,43.827209],[4.319994,43.827138],[4.319889,43.827075],[4.3198,43.827075],[4.319795,43.827046],[4.319531,43.827049],[4.319094,43.827082],[4.318624,43.827172],[4.318346,43.827247],[4.318155,43.827318],[4.318287,43.827521]]]},"properties":{"cle":"osm:w545501743","nom":null,"file":"inventaire","sort":"ecartee"}},{"type":"Feature","geometry":{"type":"Polygon","coordinates":[[[4.382303,43.830905],[4.382383,43.830813],[4.382253,43.830757],[4.382408,43.830574],[4.382471,43.830601],[4.382825,43.830183],[4.38263,43.830097],[4.382612,43.83009],[4.382278,43.83046],[4.381912,43.830895],[4.38195,43.831027],[4.382028,43.831178],[4.382208,43.831272],[4.382425,43.831369],[4.382531,43.831246],[4.382674,43.83107],[4.382303,43.830905]]]},"properties":{"cle":"osm:w45375487","nom":null,"file":"inventaire","sort":"ecartee"}},{"type":"Feature","geometry":{"type":"Polygon","coordinates":[[[4.312112,43.842878],[4.312088,43.843102],[4.312265,43.843114],[4.312294,43.842928],[4.312651,43.842935],[4.312663,43.842687],[4.312419,43.842673],[4.312248,43.84259],[4.312153,43.842717],[4.311597,43.842691],[4.311129,43.842794],[4.310929,43.842851],[4.310988,43.843128],[4.311391,43.843101],[4.31142,43.842846],[4.312112,43.842878]]]},"properties":{"cle":"osm:w1116381692","nom":null,"file":"inventaire","sort":"ecartee"}},{"type":"Feature","geometry":{"type":"Polygon","coordinates":[[[4.407616,43.761279],[4.40764,43.760958],[4.407654,43.760776],[4.406683,43.760973],[4.406663,43.761179],[4.407601,43.761478],[4.407616,43.761279]]]},"properties":{"cle":"osm:w974557592","nom":null,"file":"inventaire","sort":"ecartee"}},{"type":"Feature","geometry":{"type":"Polygon","coordinates":[[[4.332778,43.826401],[4.332763,43.826425],[4.333149,43.826803],[4.333329,43.826929],[4.333405,43.826867],[4.333453,43.826828],[4.333341,43.826756],[4.333329,43.826749],[4.333302,43.826715],[4.333583,43.826249],[4.333821,43.82586],[4.333624,43.825799],[4.333476,43.826047],[4.333533,43.826065],[4.33353,43.826072],[4.333115,43.826193],[4.333101,43.826216],[4.333043,43.826197],[4.332983,43.826292],[4.332874,43.826256],[4.332844,43.826304],[4.33279,43.826287],[4.332728,43.826383],[4.332778,43.826401]]]},"properties":{"cle":"osm:w128987273","nom":"Parking Marcel Sant","file":"inventaire","sort":"retenue"}},{"type":"Feature","geometry":{"type":"Polygon","coordinates":[[[4.388835,43.837772],[4.389067,43.8376],[4.38939,43.837124],[4.389438,43.836913],[4.38934,43.836923],[4.389325,43.836979],[4.389245,43.836969],[4.388706,43.837043],[4.388581,43.8371],[4.388678,43.837697],[4.388835,43.837772]]]},"properties":{"cle":"osm:w155951154","nom":null,"file":"inventaire","sort":"ecartee"}},{"type":"Feature","geometry":{"type":"Polygon","coordinates":[[[4.379058,43.850107],[4.378972,43.850097],[4.378183,43.850005],[4.37813,43.85026],[4.37825,43.850282],[4.37816,43.850552],[4.378881,43.850624],[4.379058,43.850107]]]},"properties":{"cle":"osm:w720037114","nom":null,"file":"inventaire","sort":"retenue"}},{"type":"Feature","geometry":{"type":"Polygon","coordinates":[[[4.369556,43.821964],[4.369465,43.821914],[4.369314,43.822026],[4.369674,43.822239],[4.370115,43.822511],[4.370221,43.822434],[4.370105,43.822355],[4.370469,43.822129],[4.369914,43.821705],[4.369556,43.821964]]]},"properties":{"cle":"osm:w1524955007","nom":null,"file":"inventaire","sort":"ecartee"}},{"type":"Feature","geometry":{"type":"Polygon","coordinates":[[[4.365541,43.816687],[4.365562,43.816619],[4.365416,43.816597],[4.365482,43.816375],[4.365626,43.816397],[4.365654,43.81632],[4.3646,43.816069],[4.364593,43.816089],[4.364583,43.816119],[4.364557,43.8162],[4.364459,43.816502],[4.365541,43.816687]]]},"properties":{"cle":"osm:w1144474227","nom":"Parking Officiel","file":"inventaire","sort":"retenue"}},{"type":"Feature","geometry":{"type":"Polygon","coordinates":[[[4.357083,43.819542],[4.357397,43.818636],[4.357417,43.818597],[4.357612,43.817991],[4.357631,43.817932],[4.357559,43.817918],[4.357607,43.817779],[4.357668,43.817791],[4.357705,43.817661],[4.357641,43.817653],[4.357598,43.81755],[4.357533,43.817543],[4.357465,43.817782],[4.357524,43.817792],[4.357485,43.8179],[4.357414,43.817888],[4.356878,43.819507],[4.357083,43.819542]]]},"properties":{"cle":"osm:w954232985","nom":null,"file":"inventaire","sort":"retenue"}},{"type":"Feature","geometry":{"type":"Polygon","coordinates":[[[4.343089,43.814818],[4.34343,43.814548],[4.343458,43.814459],[4.343047,43.814122],[4.342288,43.814644],[4.342413,43.814703],[4.342573,43.814614],[4.342947,43.814838],[4.343089,43.814818]]]},"properties":{"cle":"osm:w970646640","nom":null,"file":"inventaire","sort":"retenue"}},{"type":"Feature","geometry":{"type":"Polygon","coordinates":[[[4.340715,43.817776],[4.340891,43.817613],[4.340857,43.817595],[4.340901,43.817542],[4.340804,43.817487],[4.340866,43.817438],[4.340815,43.8174],[4.340969,43.817282],[4.340546,43.817048],[4.340324,43.817238],[4.340292,43.817232],[4.339999,43.81753],[4.340538,43.817806],[4.340568,43.817769],[4.340617,43.817777],[4.340651,43.817745],[4.340715,43.817776]]]},"properties":{"cle":"osm:w156181168","nom":null,"file":"inventaire","sort":"retenue"}},{"type":"Feature","geometry":{"type":"Polygon","coordinates":[[[4.31771,43.809348],[4.317406,43.809581],[4.317677,43.809758],[4.318169,43.809365],[4.317289,43.808707],[4.317052,43.808894],[4.31771,43.809348]]]},"properties":{"cle":"osm:w505004913","nom":null,"file":"inventaire","sort":"ecartee"}},{"type":"Feature","geometry":{"type":"Polygon","coordinates":[[[4.363807,43.809166],[4.364692,43.809346],[4.365033,43.808624],[4.364741,43.808548],[4.364631,43.808802],[4.364389,43.808749],[4.364212,43.809127],[4.363853,43.809038],[4.363807,43.809166]]]},"properties":{"cle":"osm:w183019093","nom":null,"file":"inventaire","sort":"retenue"}},{"type":"Feature","geometry":{"type":"Polygon","coordinates":[[[4.302655,43.851221],[4.303287,43.85121],[4.303266,43.851157],[4.303842,43.851078],[4.304034,43.850749],[4.303749,43.850792],[4.303549,43.850833],[4.303448,43.850847],[4.303476,43.850981],[4.302707,43.851092],[4.302643,43.850857],[4.302294,43.85098],[4.302266,43.851113],[4.302167,43.851119],[4.302202,43.851273],[4.302655,43.851221]]]},"properties":{"cle":"osm:w926724400","nom":null,"file":"inventaire","sort":"ecartee"}},{"type":"Feature","geometry":{"type":"Polygon","coordinates":[[[4.357337,43.843779],[4.357534,43.843345],[4.357573,43.843203],[4.357494,43.843188],[4.357428,43.84321],[4.357353,43.843217],[4.356722,43.842986],[4.356114,43.84292],[4.356064,43.843015],[4.35616,43.843037],[4.356337,43.843055],[4.356318,43.843087],[4.356605,43.843143],[4.356876,43.843216],[4.357125,43.8433],[4.356946,43.84369],[4.357337,43.843779]]]},"properties":{"cle":"osm:w704855155","nom":null,"file":"inventaire","sort":"ecartee"}},{"type":"Feature","geometry":{"type":"Polygon","coordinates":[[[4.407651,43.861415],[4.407559,43.861401],[4.406575,43.861552],[4.406469,43.86176],[4.40652,43.861775],[4.406691,43.861827],[4.407248,43.861994],[4.407651,43.861415]]]},"properties":{"cle":"osm:w1058981132","nom":null,"file":"inventaire","sort":"ecartee"}},{"type":"Feature","geometry":{"type":"Polygon","coordinates":[[[4.394798,43.817357],[4.394529,43.817247],[4.394255,43.817408],[4.393866,43.817238],[4.393645,43.817362],[4.393903,43.81759],[4.394293,43.817938],[4.394798,43.817357]]]},"properties":{"cle":"osm:w1092120673","nom":null,"file":"inventaire","sort":"ecartee"}},{"type":"Feature","geometry":{"type":"Polygon","coordinates":[[[4.366294,43.824009],[4.366472,43.824],[4.366656,43.824071],[4.366533,43.824233],[4.367034,43.82444],[4.366744,43.8248],[4.366962,43.824881],[4.367415,43.82423],[4.366467,43.823875],[4.366363,43.823882],[4.366294,43.824009]]]},"properties":{"cle":"osm:w239319694","nom":null,"file":"inventaire","sort":"retenue"}},{"type":"Feature","geometry":{"type":"Polygon","coordinates":[[[4.386011,43.822126],[4.38584,43.822554],[4.38593,43.822801],[4.385949,43.822856],[4.385749,43.822982],[4.385873,43.823001],[4.385978,43.822947],[4.386105,43.822784],[4.386398,43.822752],[4.386672,43.8227],[4.386444,43.822234],[4.386281,43.822286],[4.386035,43.822243],[4.386064,43.822135],[4.386011,43.822126]]]},"properties":{"cle":"osm:w952473789","nom":null,"file":"inventaire","sort":"ecartee"}},{"type":"Feature","geometry":{"type":"Polygon","coordinates":[[[4.308701,43.812094],[4.308828,43.812183],[4.309055,43.812274],[4.309346,43.81205],[4.309008,43.811815],[4.308926,43.811817],[4.308573,43.811569],[4.308242,43.811769],[4.308264,43.811861],[4.308504,43.812071],[4.308701,43.812094]]]},"properties":{"cle":"osm:w1081164388","nom":null,"file":"inventaire","sort":"ecartee"}},{"type":"Feature","geometry":{"type":"Polygon","coordinates":[[[4.386349,43.823741],[4.386474,43.823733],[4.386471,43.823603],[4.386596,43.823574],[4.386643,43.823544],[4.386597,43.823444],[4.386601,43.823206],[4.386224,43.823125],[4.386177,43.823131],[4.385976,43.823219],[4.385952,43.823265],[4.385892,43.823427],[4.385924,43.823444],[4.385985,43.823457],[4.385967,43.823499],[4.385907,43.823488],[4.385806,43.82365],[4.386011,43.823691],[4.385996,43.823729],[4.386025,43.823734],[4.386349,43.823741]]]},"properties":{"cle":"osm:w952473787","nom":null,"file":"inventaire","sort":"ecartee"}},{"type":"Feature","geometry":{"type":"Polygon","coordinates":[[[4.356117,43.820482],[4.356181,43.820608],[4.356312,43.820598],[4.356097,43.820805],[4.356211,43.820867],[4.356086,43.821002],[4.356033,43.82108],[4.356099,43.821083],[4.356143,43.821016],[4.356505,43.820673],[4.356445,43.820645],[4.356383,43.820585],[4.356389,43.820526],[4.35646,43.82048],[4.356569,43.820493],[4.356693,43.820453],[4.356629,43.820267],[4.356594,43.820054],[4.356215,43.819995],[4.356146,43.819985],[4.356099,43.820005],[4.356076,43.820046],[4.35608,43.820152],[4.356021,43.820157],[4.356063,43.82037],[4.356117,43.820482]]]},"properties":{"cle":"osm:w155810210","nom":null,"file":"inventaire","sort":"retenue"}},{"type":"Feature","geometry":{"type":"Polygon","coordinates":[[[4.346974,43.817356],[4.346998,43.817327],[4.347082,43.817351],[4.347167,43.817321],[4.347222,43.817252],[4.347288,43.817266],[4.347443,43.817019],[4.347386,43.816991],[4.347176,43.816916],[4.347104,43.816891],[4.346885,43.817216],[4.346224,43.816983],[4.346443,43.816657],[4.346305,43.816622],[4.346118,43.816899],[4.345974,43.816845],[4.345941,43.816884],[4.34567,43.816781],[4.34542,43.816685],[4.345409,43.816791],[4.346071,43.81702],[4.346086,43.816995],[4.346159,43.817015],[4.346141,43.817058],[4.346974,43.817356]]]},"properties":{"cle":"osm:w928168873","nom":null,"file":"inventaire","sort":"retenue"}},{"type":"Feature","geometry":{"type":"Polygon","coordinates":[[[4.372256,43.837536],[4.372389,43.837482],[4.372455,43.837456],[4.372206,43.837147],[4.372821,43.836896],[4.372716,43.836661],[4.372679,43.836677],[4.371788,43.836932],[4.372256,43.837536]]]},"properties":{"cle":"osm:w46124855","nom":null,"file":"inventaire","sort":"retenue"}},{"type":"Feature","geometry":{"type":"Polygon","coordinates":[[[4.39271,43.844105],[4.392381,43.844355],[4.39304,43.844835],[4.393566,43.84485],[4.39271,43.844105]]]},"properties":{"cle":"osm:w155950820","nom":null,"file":"inventaire","sort":"retenue"}},{"type":"Feature","geometry":{"type":"Polygon","coordinates":[[[4.263282,43.858615],[4.26326,43.85803],[4.262694,43.858058],[4.262662,43.858643],[4.263282,43.858615]]]},"properties":{"cle":"osm:w1327069687","nom":null,"file":"inventaire","sort":"retenue"}},{"type":"Feature","geometry":{"type":"Polygon","coordinates":[[[4.327743,43.808524],[4.327779,43.808526],[4.327838,43.808516],[4.327853,43.808483],[4.327866,43.808466],[4.32791,43.80845],[4.328059,43.808169],[4.327888,43.808117],[4.327695,43.808353],[4.326445,43.807851],[4.326405,43.807897],[4.326136,43.807775],[4.325969,43.807962],[4.326064,43.808034],[4.326228,43.808114],[4.326362,43.807965],[4.326375,43.807941],[4.327743,43.808524]]]},"properties":{"cle":"osm:w504720915","nom":null,"file":"inventaire","sort":"ecartee"}},{"type":"Feature","geometry":{"type":"Polygon","coordinates":[[[4.37826,43.845468],[4.378262,43.845523],[4.378745,43.845578],[4.378834,43.84567],[4.378867,43.845666],[4.379134,43.845636],[4.378504,43.845315],[4.377472,43.845066],[4.377526,43.845135],[4.377709,43.845368],[4.377764,43.845503],[4.37826,43.845468]]]},"properties":{"cle":"osm:w39431853","nom":null,"file":"inventaire","sort":"retenue"}},{"type":"Feature","geometry":{"type":"Polygon","coordinates":[[[4.309675,43.814502],[4.309737,43.814496],[4.310281,43.814068],[4.310497,43.814201],[4.310623,43.814108],[4.310395,43.81397],[4.310286,43.813961],[4.310435,43.813845],[4.310295,43.813728],[4.310181,43.81382],[4.310143,43.813779],[4.30944,43.814347],[4.309433,43.814366],[4.309656,43.814517],[4.309675,43.814502]]]},"properties":{"cle":"osm:w1005965097","nom":null,"file":"inventaire","sort":"ecartee"}},{"type":"Feature","geometry":{"type":"Polygon","coordinates":[[[4.340697,43.841483],[4.340708,43.841351],[4.340683,43.841246],[4.340766,43.841144],[4.340706,43.841037],[4.340794,43.840885],[4.340927,43.840814],[4.34084,43.840293],[4.340452,43.840399],[4.340565,43.841159],[4.340533,43.841218],[4.340468,43.841337],[4.340392,43.841425],[4.340697,43.841483]]]},"properties":{"cle":"osm:w969910040","nom":null,"file":"inventaire","sort":"retenue"}},{"type":"Feature","geometry":{"type":"Polygon","coordinates":[[[4.361918,43.817132],[4.361931,43.817088],[4.362628,43.817192],[4.362824,43.817222],[4.362847,43.817245],[4.362958,43.817207],[4.363025,43.816981],[4.361817,43.8168],[4.361804,43.816844],[4.361729,43.817104],[4.361918,43.817132]]]},"properties":{"cle":"osm:w187633448","nom":"Parking-relais Parnasse","file":"inventaire","sort":"ecartee"}},{"type":"Feature","geometry":{"type":"Polygon","coordinates":[[[4.390291,43.831083],[4.390724,43.830393],[4.390496,43.830321],[4.390401,43.830407],[4.390209,43.830475],[4.390128,43.83037],[4.389887,43.830459],[4.390063,43.830673],[4.390014,43.831025],[4.390291,43.831083]]]},"properties":{"cle":"osm:w655994749","nom":null,"file":"inventaire","sort":"retenue"}},{"type":"Feature","geometry":{"type":"Polygon","coordinates":[[[4.367308,43.82507],[4.367823,43.824405],[4.367788,43.824381],[4.367422,43.824248],[4.366942,43.824937],[4.367308,43.82507]]]},"properties":{"cle":"osm:w239316781","nom":null,"file":"inventaire","sort":"ecartee"}},{"type":"Feature","geometry":{"type":"Polygon","coordinates":[[[4.299352,43.851887],[4.300021,43.851753],[4.300882,43.851529],[4.300815,43.851424],[4.300198,43.851618],[4.299125,43.851796],[4.298302,43.852119],[4.298404,43.852245],[4.299352,43.851887]]]},"properties":{"cle":"osm:w926724402","nom":null,"file":"inventaire","sort":"ecartee"}},{"type":"Feature","geometry":{"type":"Polygon","coordinates":[[[4.357783,43.817431],[4.357761,43.817616],[4.357882,43.817634],[4.359491,43.817873],[4.359583,43.817839],[4.359623,43.817818],[4.359816,43.817759],[4.357783,43.817431]]]},"properties":{"cle":"osm:w954232986","nom":null,"file":"inventaire","sort":"retenue"}},{"type":"Feature","geometry":{"type":"Polygon","coordinates":[[[4.358464,43.821107],[4.358334,43.821124],[4.358189,43.821131],[4.358047,43.821134],[4.357908,43.821129],[4.357887,43.821173],[4.357739,43.82115],[4.357753,43.821099],[4.35764,43.821077],[4.35748,43.821029],[4.357327,43.820976],[4.357204,43.821121],[4.357571,43.821234],[4.35769,43.821265],[4.357806,43.821278],[4.358243,43.821289],[4.358641,43.821236],[4.35878,43.821262],[4.358896,43.820949],[4.358832,43.820943],[4.358781,43.820891],[4.358568,43.820871],[4.358422,43.820911],[4.358464,43.821107]]]},"properties":{"cle":"osm:w1100619579","nom":null,"file":"inventaire","sort":"retenue"}},{"type":"Feature","geometry":{"type":"Polygon","coordinates":[[[4.341001,43.821087],[4.341052,43.821061],[4.341064,43.821036],[4.341032,43.820958],[4.34091,43.820889],[4.340725,43.820828],[4.34057,43.820784],[4.34051,43.820775],[4.34044,43.820777],[4.340375,43.820791],[4.340323,43.820811],[4.340284,43.820839],[4.340261,43.820873],[4.34025,43.820908],[4.340243,43.82097],[4.340237,43.821051],[4.34024,43.82109],[4.34025,43.821118],[4.340268,43.82115],[4.340294,43.821176],[4.340317,43.821194],[4.340354,43.821215],[4.340391,43.821229],[4.34081,43.821363],[4.340838,43.821298],[4.341001,43.821087]]]},"properties":{"cle":"osm:w567185815","nom":null,"file":"inventaire","sort":"retenue"}},{"type":"Feature","geometry":{"type":"Polygon","coordinates":[[[4.34801,43.813097],[4.34794,43.813326],[4.348175,43.813366],[4.348231,43.813188],[4.348255,43.81319],[4.348423,43.812665],[4.348332,43.812652],[4.348294,43.81278],[4.348167,43.812755],[4.348137,43.812872],[4.347394,43.812759],[4.347331,43.812992],[4.34801,43.813097]]]},"properties":{"cle":"osm:w547710290","nom":null,"file":"inventaire","sort":"retenue"}},{"type":"Feature","geometry":{"type":"Polygon","coordinates":[[[4.347565,43.816874],[4.347927,43.81632],[4.347983,43.816233],[4.348035,43.816144],[4.348042,43.816121],[4.348049,43.816102],[4.348034,43.816067],[4.348006,43.816048],[4.347896,43.816034],[4.347889,43.816044],[4.347649,43.816401],[4.347362,43.816314],[4.346922,43.816145],[4.346805,43.816306],[4.347411,43.816533],[4.347531,43.816578],[4.347367,43.816816],[4.347389,43.816822],[4.347424,43.816832],[4.347565,43.816874]]]},"properties":{"cle":"osm:w928168874","nom":null,"file":"inventaire","sort":"retenue"}},{"type":"Feature","geometry":{"type":"Polygon","coordinates":[[[4.348699,43.817332],[4.349254,43.817481],[4.349324,43.817436],[4.348345,43.817189],[4.348123,43.817754],[4.34886,43.818038],[4.348955,43.817904],[4.348475,43.817783],[4.348699,43.817332]]]},"properties":{"cle":"osm:w928168863","nom":null,"file":"inventaire","sort":"retenue"}},{"type":"Feature","geometry":{"type":"Polygon","coordinates":[[[4.310633,43.844249],[4.31093,43.84425],[4.310922,43.844165],[4.310312,43.844121],[4.310397,43.844007],[4.310218,43.843979],[4.310126,43.8441],[4.309164,43.843844],[4.309054,43.843956],[4.309636,43.844189],[4.310291,43.844285],[4.310568,43.844279],[4.310603,43.844279],[4.310633,43.844249]]]},"properties":{"cle":"osm:w996250380","nom":null,"file":"inventaire","sort":"ecartee"}},{"type":"Feature","geometry":{"type":"Polygon","coordinates":[[[4.343881,43.815944],[4.343762,43.815972],[4.343738,43.815926],[4.343525,43.815975],[4.343535,43.816009],[4.343436,43.816042],[4.343457,43.816138],[4.343515,43.816209],[4.343839,43.816224],[4.34419,43.816245],[4.344224,43.816212],[4.34424,43.81612],[4.344313,43.816084],[4.344221,43.81583],[4.344283,43.815817],[4.344147,43.815469],[4.343942,43.81551],[4.344064,43.815842],[4.344039,43.815854],[4.344043,43.815889],[4.343959,43.815996],[4.343881,43.815944]]]},"properties":{"cle":"osm:w157097225","nom":null,"file":"inventaire","sort":"ecartee"}},{"type":"Feature","geometry":{"type":"Polygon","coordinates":[[[4.321772,43.826619],[4.321754,43.826563],[4.322374,43.826413],[4.322382,43.826495],[4.322557,43.826491],[4.32256,43.826423],[4.322636,43.826384],[4.322597,43.82627],[4.322386,43.826226],[4.32225,43.826228],[4.321271,43.826455],[4.321375,43.826708],[4.321772,43.826619]]]},"properties":{"cle":"osm:w935857926","nom":null,"file":"inventaire","sort":"ecartee"}},{"type":"Feature","geometry":{"type":"Polygon","coordinates":[[[4.365532,43.817389],[4.365489,43.817382],[4.365443,43.817372],[4.365435,43.817386],[4.365422,43.817391],[4.365408,43.817392],[4.365344,43.81738],[4.365328,43.817431],[4.365309,43.817493],[4.36529,43.817555],[4.365271,43.817621],[4.365253,43.81768],[4.365233,43.817744],[4.365215,43.817806],[4.365199,43.817858],[4.365189,43.817891],[4.365173,43.817938],[4.366038,43.818114],[4.366072,43.818112],[4.366104,43.818092],[4.366177,43.817963],[4.366214,43.81792],[4.366256,43.817879],[4.366089,43.817853],[4.365489,43.817765],[4.365487,43.817772],[4.365426,43.817764],[4.365438,43.81772],[4.365442,43.81772],[4.36551,43.817472],[4.365507,43.817472],[4.36552,43.817426],[4.365532,43.817389]]]},"properties":{"cle":"osm:w970646630","nom":null,"file":"inventaire","sort":"retenue"}},{"type":"Feature","geometry":{"type":"Polygon","coordinates":[[[4.347249,43.815072],[4.347307,43.815117],[4.347965,43.814203],[4.347451,43.814141],[4.347444,43.814194],[4.347488,43.814376],[4.347504,43.814445],[4.347552,43.814627],[4.347316,43.814656],[4.34718,43.814739],[4.346981,43.814867],[4.347203,43.815027],[4.347258,43.815048],[4.347249,43.815072]]]},"properties":{"cle":"osm:w1015980123","nom":null,"file":"inventaire","sort":"ecartee"}},{"type":"Feature","geometry":{"type":"Polygon","coordinates":[[[4.370152,43.81394],[4.370103,43.813923],[4.369919,43.814208],[4.369987,43.814233],[4.369935,43.81429],[4.370444,43.814512],[4.370491,43.81447],[4.370565,43.814504],[4.3708,43.814181],[4.370152,43.81394]]]},"properties":{"cle":"osm:w952473804","nom":null,"file":"inventaire","sort":"ecartee"}},{"type":"Feature","geometry":{"type":"Polygon","coordinates":[[[4.360859,43.81013],[4.360928,43.809946],[4.360165,43.809805],[4.359286,43.809707],[4.35926,43.809788],[4.359337,43.809799],[4.359321,43.809845],[4.359316,43.809865],[4.359982,43.809971],[4.360859,43.81013]]]},"properties":{"cle":"osm:w156184412","nom":null,"file":"inventaire","sort":"retenue"}},{"type":"Feature","geometry":{"type":"Polygon","coordinates":[[[4.389792,43.842451],[4.38853,43.842158],[4.388415,43.842353],[4.389699,43.84267],[4.389792,43.842451]]]},"properties":{"cle":"osm:w155950824","nom":null,"file":"inventaire","sort":"retenue"}},{"type":"Feature","geometry":{"type":"Polygon","coordinates":[[[4.327744,43.827517],[4.327937,43.827161],[4.327382,43.827008],[4.327232,43.827032],[4.327089,43.827098],[4.326953,43.827262],[4.327009,43.827281],[4.327744,43.827517]]]},"properties":{"cle":"osm:w926719161","nom":null,"file":"inventaire","sort":"retenue"}},{"type":"Feature","geometry":{"type":"Polygon","coordinates":[[[4.374972,43.811871],[4.374984,43.811781],[4.375024,43.811706],[4.375095,43.811645],[4.375189,43.811603],[4.375297,43.811585],[4.375408,43.811592],[4.375509,43.811625],[4.37559,43.811679],[4.375643,43.81175],[4.37566,43.811812],[4.375661,43.811855],[4.375646,43.811907],[4.375616,43.811956],[4.375571,43.811999],[4.375516,43.812034],[4.375451,43.812057],[4.375482,43.812101],[4.375627,43.812136],[4.375834,43.811914],[4.375836,43.81173],[4.375787,43.81162],[4.375675,43.811534],[4.3755,43.811448],[4.375153,43.811428],[4.374997,43.811494],[4.374829,43.811579],[4.374748,43.811721],[4.374746,43.811801],[4.374774,43.811892],[4.374972,43.811871]]]},"properties":{"cle":"osm:w929889650","nom":null,"file":"inventaire","sort":"ecartee"}},{"type":"Feature","geometry":{"type":"Polygon","coordinates":[[[4.318053,43.820423],[4.319101,43.82037],[4.319399,43.820234],[4.319381,43.820149],[4.31858,43.820201],[4.318563,43.820041],[4.318508,43.820011],[4.318303,43.820169],[4.318312,43.820203],[4.31826,43.820223],[4.317994,43.820243],[4.318053,43.820423]]]},"properties":{"cle":"osm:w571346560","nom":null,"file":"inventaire","sort":"ecartee"}},{"type":"Feature","geometry":{"type":"Polygon","coordinates":[[[4.294125,43.861602],[4.294128,43.861566],[4.294188,43.861568],[4.294205,43.861377],[4.294025,43.861281],[4.293388,43.861282],[4.29323,43.86133],[4.293219,43.861428],[4.293247,43.861579],[4.294125,43.861602]]]},"properties":{"cle":"osm:w281022482","nom":null,"file":"inventaire","sort":"retenue"}},{"type":"Feature","geometry":{"type":"Polygon","coordinates":[[[4.389187,43.840925],[4.38906,43.841277],[4.389082,43.841282],[4.389047,43.841374],[4.388877,43.841336],[4.388688,43.841303],[4.388499,43.84167],[4.388726,43.841683],[4.388824,43.841458],[4.388938,43.841472],[4.38895,43.841438],[4.389003,43.841449],[4.38919,43.841411],[4.389332,43.841436],[4.389399,43.841276],[4.389243,43.841252],[4.389375,43.840952],[4.389153,43.840515],[4.389023,43.84056],[4.388981,43.840662],[4.389055,43.840674],[4.389187,43.840925]]]},"properties":{"cle":"osm:w1170949779","nom":null,"file":"inventaire","sort":"ecartee"}},{"type":"Feature","geometry":{"type":"Polygon","coordinates":[[[4.344798,43.822332],[4.344816,43.822306],[4.344837,43.822278],[4.344986,43.822274],[4.345015,43.822198],[4.344922,43.822123],[4.344311,43.82197],[4.343691,43.82177],[4.343583,43.821945],[4.344798,43.822332]]]},"properties":{"cle":"osm:w578901135","nom":null,"file":"inventaire","sort":"retenue"}},{"type":"Feature","geometry":{"type":"Polygon","coordinates":[[[4.330961,43.817643],[4.330799,43.817907],[4.330789,43.81798],[4.330828,43.818046],[4.331295,43.818197],[4.331382,43.818052],[4.331481,43.818085],[4.331632,43.817842],[4.330961,43.817643]]]},"properties":{"cle":"osm:w732082227","nom":null,"file":"inventaire","sort":"ecartee"}},{"type":"Feature","geometry":{"type":"Polygon","coordinates":[[[4.372013,43.811645],[4.372041,43.811602],[4.372098,43.811405],[4.37161,43.811009],[4.371549,43.810994],[4.371507,43.811003],[4.371312,43.811422],[4.372013,43.811645]]]},"properties":{"cle":"osm:w356430446","nom":null,"file":"inventaire","sort":"ecartee"}},{"type":"Feature","geometry":{"type":"Polygon","coordinates":[[[4.353576,43.815092],[4.354415,43.815217],[4.35459,43.814627],[4.353908,43.814521],[4.353866,43.81467],[4.354415,43.814752],[4.354333,43.81502],[4.353865,43.814949],[4.353841,43.81503],[4.353604,43.814995],[4.353576,43.815092]]]},"properties":{"cle":"osm:w156000559","nom":null,"file":"inventaire","sort":"ecartee"}},{"type":"Feature","geometry":{"type":"Polygon","coordinates":[[[4.407944,43.862194],[4.408028,43.862227],[4.40839,43.86174],[4.407948,43.861569],[4.407587,43.862056],[4.407944,43.862194]]]},"properties":{"cle":"osm:w1058981131","nom":null,"file":"inventaire","sort":"ecartee"}},{"type":"Feature","geometry":{"type":"Polygon","coordinates":[[[4.369439,43.823355],[4.36976,43.823046],[4.369229,43.822734],[4.368884,43.823055],[4.369439,43.823355]]]},"properties":{"cle":"osm:w708018728","nom":null,"file":"inventaire","sort":"ecartee"}},{"type":"Feature","geometry":{"type":"Polygon","coordinates":[[[4.326137,43.807738],[4.326186,43.807564],[4.325668,43.807325],[4.325756,43.807226],[4.325509,43.807083],[4.325431,43.807135],[4.325389,43.807281],[4.325412,43.807346],[4.325472,43.807419],[4.325605,43.807497],[4.325575,43.807535],[4.325677,43.807589],[4.325628,43.807628],[4.325727,43.807682],[4.325699,43.807721],[4.325999,43.807888],[4.326137,43.807738]]]},"properties":{"cle":"osm:w1044053950","nom":null,"file":"inventaire","sort":"ecartee"}},{"type":"Feature","geometry":{"type":"Polygon","coordinates":[[[4.358874,43.820805],[4.358816,43.820832],[4.35936,43.821399],[4.359393,43.821383],[4.359471,43.821346],[4.359351,43.821209],[4.359564,43.821099],[4.359574,43.821084],[4.35909,43.820578],[4.359011,43.820649],[4.358931,43.820706],[4.358831,43.820763],[4.358874,43.820805]]]},"properties":{"cle":"osm:w1100619581","nom":null,"file":"inventaire","sort":"ecartee"}},{"type":"Feature","geometry":{"type":"Polygon","coordinates":[[[4.357537,43.818456],[4.358088,43.818541],[4.358225,43.81808],[4.357672,43.818],[4.357537,43.818456]]]},"properties":{"cle":"osm:w242230487","nom":null,"file":"inventaire","sort":"retenue"}},{"type":"Feature","geometry":{"type":"Polygon","coordinates":[[[4.341177,43.817707],[4.34124,43.818084],[4.341281,43.818166],[4.341607,43.818328],[4.341798,43.818118],[4.341712,43.817982],[4.341767,43.817931],[4.341175,43.817569],[4.341177,43.817707]]]},"properties":{"cle":"osm:w505004879","nom":null,"file":"inventaire","sort":"ecartee"}},{"type":"Feature","geometry":{"type":"Polygon","coordinates":[[[4.349752,43.78757],[4.350294,43.78723],[4.350304,43.787155],[4.350185,43.787109],[4.349944,43.787051],[4.34982,43.787053],[4.349748,43.787074],[4.3494,43.787393],[4.349752,43.78757]]]},"properties":{"cle":"osm:w505309543","nom":null,"file":"inventaire","sort":"retenue"}},{"type":"Feature","geometry":{"type":"Polygon","coordinates":[[[4.371819,43.81277],[4.371662,43.813017],[4.372073,43.813165],[4.372392,43.813279],[4.37242,43.813242],[4.372449,43.813252],[4.372716,43.812835],[4.372672,43.812819],[4.37266,43.812837],[4.372541,43.813012],[4.372507,43.812999],[4.372285,43.812924],[4.372247,43.81298],[4.372171,43.812954],[4.372212,43.812898],[4.371923,43.812797],[4.371885,43.812787],[4.372003,43.812602],[4.372017,43.81258],[4.371962,43.812561],[4.371819,43.81277]]]},"properties":{"cle":"osm:w536020445","nom":null,"file":"inventaire","sort":"ecartee"}},{"type":"Feature","geometry":{"type":"Polygon","coordinates":[[[4.40379,43.826979],[4.404257,43.827045],[4.404521,43.827145],[4.404691,43.826894],[4.404072,43.826656],[4.404036,43.826629],[4.403908,43.826703],[4.403823,43.826697],[4.403811,43.826771],[4.403832,43.826797],[4.403815,43.826824],[4.403794,43.826864],[4.40379,43.826979]]]},"properties":{"cle":"osm:w281312698","nom":null,"file":"inventaire","sort":"ecartee"}},{"type":"Feature","geometry":{"type":"Polygon","coordinates":[[[4.328655,43.831325],[4.328923,43.831063],[4.328567,43.830895],[4.328354,43.831119],[4.328115,43.83137],[4.328146,43.831449],[4.328441,43.831569],[4.328655,43.831325]]]},"properties":{"cle":"osm:w40801992","nom":"Place Pierre de Fermat","file":"inventaire","sort":"retenue"}},{"type":"Feature","geometry":{"type":"Polygon","coordinates":[[[4.350147,43.816004],[4.349041,43.815708],[4.34909,43.815853],[4.34909,43.815884],[4.349029,43.81587],[4.348896,43.816142],[4.348938,43.816165],[4.348943,43.816188],[4.349235,43.81626],[4.349406,43.815916],[4.350108,43.816103],[4.350147,43.816004]]]},"properties":{"cle":"osm:w928168861","nom":null,"file":"inventaire","sort":"retenue"}},{"type":"Feature","geometry":{"type":"Polygon","coordinates":[[[4.35587,43.814334],[4.355851,43.81441],[4.355832,43.814501],[4.355868,43.814555],[4.356001,43.814604],[4.356185,43.814621],[4.356254,43.81458],[4.356295,43.814462],[4.356306,43.814403],[4.356308,43.814345],[4.356251,43.814297],[4.356145,43.81427],[4.356202,43.814083],[4.356376,43.814109],[4.356402,43.813977],[4.355995,43.81391],[4.355962,43.814013],[4.355902,43.814213],[4.35587,43.814334]]]},"properties":{"cle":"osm:w156000558","nom":null,"file":"inventaire","sort":"ecartee"}},{"type":"Feature","geometry":{"type":"Polygon","coordinates":[[[4.367833,43.822653],[4.367995,43.822479],[4.367704,43.822249],[4.367542,43.822177],[4.367626,43.822077],[4.367446,43.822006],[4.367144,43.822362],[4.367833,43.822653]]]},"properties":{"cle":"osm:w237824150","nom":null,"file":"inventaire","sort":"ecartee"}},{"type":"Feature","geometry":{"type":"Polygon","coordinates":[[[4.38604,43.832991],[4.386214,43.832796],[4.386744,43.833034],[4.386806,43.832972],[4.386859,43.832912],[4.386333,43.832671],[4.38649,43.832487],[4.386261,43.832394],[4.386054,43.83263],[4.385829,43.832896],[4.38604,43.832991]]]},"properties":{"cle":"osm:w45375673","nom":null,"file":"inventaire","sort":"retenue"}},{"type":"Feature","geometry":{"type":"Polygon","coordinates":[[[4.335354,43.824479],[4.335401,43.824399],[4.335436,43.824341],[4.335543,43.824376],[4.335972,43.823676],[4.335984,43.823656],[4.335942,43.823643],[4.335779,43.823593],[4.335746,43.823583],[4.335725,43.823619],[4.3357,43.823612],[4.335232,43.824387],[4.335205,43.824433],[4.335354,43.824479]]]},"properties":{"cle":"osm:w578901150","nom":null,"file":"inventaire","sort":"retenue"}},{"type":"Feature","geometry":{"type":"Polygon","coordinates":[[[4.308321,43.843983],[4.308262,43.843928],[4.308139,43.843851],[4.307979,43.8438],[4.307486,43.843726],[4.307158,43.843701],[4.306935,43.843716],[4.306856,43.843729],[4.306855,43.843758],[4.30677,43.843787],[4.306812,43.843895],[4.30695,43.843876],[4.307379,43.843868],[4.307734,43.84391],[4.3079,43.84393],[4.308108,43.844009],[4.308043,43.84408],[4.308171,43.844132],[4.308321,43.843983]]]},"properties":{"cle":"osm:w1312320162","nom":null,"file":"inventaire","sort":"retenue"}},{"type":"Feature","geometry":{"type":"Polygon","coordinates":[[[4.343024,43.772513],[4.342966,43.772542],[4.342871,43.772591],[4.342732,43.772661],[4.342615,43.772721],[4.342491,43.772784],[4.342432,43.772814],[4.342698,43.773087],[4.342777,43.773047],[4.342881,43.772994],[4.343004,43.772932],[4.343129,43.772868],[4.343239,43.772812],[4.34329,43.772786],[4.343024,43.772513]]]},"properties":{"cle":"osm:w806338878","nom":null,"file":"inventaire","sort":"ecartee"}},{"type":"Feature","geometry":{"type":"Polygon","coordinates":[[[4.356621,43.810849],[4.356698,43.810841],[4.356753,43.810823],[4.356879,43.81084],[4.356928,43.810655],[4.356929,43.810462],[4.356886,43.81036],[4.356791,43.810338],[4.356461,43.810338],[4.356483,43.81041],[4.356406,43.810515],[4.356394,43.810666],[4.35646,43.810769],[4.356384,43.810838],[4.356621,43.810849]]]},"properties":{"cle":"osm:w1387344569","nom":null,"file":"inventaire","sort":"retenue"}},{"type":"Feature","geometry":{"type":"Polygon","coordinates":[[[4.396688,43.846792],[4.39687,43.846782],[4.396967,43.846765],[4.397055,43.846737],[4.397537,43.8466],[4.397519,43.846582],[4.39655,43.846498],[4.396511,43.846494],[4.396214,43.84647],[4.396177,43.846488],[4.396433,43.846703],[4.396437,43.846723],[4.396515,43.846762],[4.396598,43.846785],[4.396688,43.846792]]]},"properties":{"cle":"osm:w431606055","nom":null,"file":"inventaire","sort":"retenue"}},{"type":"Feature","geometry":{"type":"Polygon","coordinates":[[[4.383847,43.843211],[4.383691,43.843062],[4.383599,43.842881],[4.383132,43.842952],[4.382991,43.843284],[4.383126,43.84331],[4.383344,43.843359],[4.383427,43.843196],[4.383809,43.843283],[4.383847,43.843211]]]},"properties":{"cle":"osm:w40648175","nom":"Place de Bir Hakeim","file":"inventaire","sort":"retenue"}},{"type":"Feature","geometry":{"type":"Polygon","coordinates":[[[4.364357,43.810011],[4.364612,43.809464],[4.364416,43.809419],[4.36433,43.809622],[4.364132,43.809574],[4.364108,43.809618],[4.364014,43.809593],[4.363909,43.809822],[4.363772,43.809791],[4.363725,43.809873],[4.364131,43.809962],[4.364148,43.809966],[4.364259,43.809992],[4.364357,43.810011]]]},"properties":{"cle":"osm:w183019102","nom":null,"file":"inventaire","sort":"retenue"}},{"type":"Feature","geometry":{"type":"Polygon","coordinates":[[[4.354307,43.819207],[4.3545,43.81859],[4.354372,43.818524],[4.354175,43.818533],[4.354128,43.818565],[4.353972,43.819194],[4.354307,43.819207]]]},"properties":{"cle":"osm:w928168878","nom":null,"file":"inventaire","sort":"retenue"}},{"type":"Feature","geometry":{"type":"Polygon","coordinates":[[[4.349457,43.818707],[4.348752,43.818499],[4.348578,43.818772],[4.34926,43.818988],[4.349457,43.818707]]]},"properties":{"cle":"osm:w954232979","nom":null,"file":"inventaire","sort":"retenue"}},{"type":"Feature","geometry":{"type":"Polygon","coordinates":[[[4.319394,43.821145],[4.319885,43.820761],[4.319745,43.820692],[4.319708,43.820692],[4.31953,43.820697],[4.319528,43.820657],[4.319263,43.820663],[4.31927,43.820708],[4.319219,43.82071],[4.31918,43.820716],[4.319178,43.820689],[4.319102,43.820697],[4.319229,43.821077],[4.319222,43.821139],[4.319394,43.821145]]]},"properties":{"cle":"osm:w904596704","nom":null,"file":"inventaire","sort":"ecartee"}},{"type":"Feature","geometry":{"type":"Polygon","coordinates":[[[4.358335,43.816947],[4.357224,43.816772],[4.357205,43.816851],[4.357275,43.816879],[4.357376,43.816925],[4.357465,43.816985],[4.357527,43.817039],[4.357546,43.817065],[4.35759,43.817071],[4.358037,43.81714],[4.358059,43.817143],[4.358086,43.817148],[4.358265,43.817175],[4.358335,43.816947]]]},"properties":{"cle":"osm:w157100339","nom":null,"file":"inventaire","sort":"retenue"}},{"type":"Feature","geometry":{"type":"Polygon","coordinates":[[[4.363611,43.827644],[4.36366,43.827614],[4.363688,43.827627],[4.363711,43.827638],[4.363766,43.827585],[4.363595,43.827104],[4.363267,43.827151],[4.36303,43.827366],[4.363611,43.827644]]]},"properties":{"cle":"osm:w572201148","nom":null,"file":"inventaire","sort":"ecartee"}},{"type":"Feature","geometry":{"type":"Polygon","coordinates":[[[4.405212,43.87627],[4.405357,43.876228],[4.40548,43.876162],[4.405674,43.876006],[4.405787,43.875902],[4.405883,43.875769],[4.405924,43.875671],[4.405467,43.875621],[4.405359,43.875928],[4.405279,43.876089],[4.405238,43.876165],[4.4052,43.876184],[4.405157,43.876183],[4.405212,43.87627]]]},"properties":{"cle":"osm:w773642591","nom":null,"file":"inventaire","sort":"retenue"}},{"type":"Feature","geometry":{"type":"Polygon","coordinates":[[[4.401171,43.854804],[4.40145,43.855057],[4.401544,43.855038],[4.40173,43.854936],[4.401693,43.8549],[4.401956,43.854755],[4.401699,43.854496],[4.401423,43.854658],[4.401171,43.854804]]]},"properties":{"cle":"osm:w1170949776","nom":null,"file":"inventaire","sort":"retenue"}},{"type":"Feature","geometry":{"type":"Polygon","coordinates":[[[4.392786,43.843626],[4.392848,43.843585],[4.392919,43.843592],[4.39292,43.843531],[4.392874,43.843524],[4.392847,43.843492],[4.39286,43.843454],[4.392899,43.843437],[4.393029,43.843015],[4.393137,43.843033],[4.393193,43.842846],[4.39296,43.842813],[4.39285,43.84326],[4.392385,43.843158],[4.392314,43.843225],[4.392786,43.843626]]]},"properties":{"cle":"osm:w1210783357","nom":null,"file":"inventaire","sort":"ecartee"}},{"type":"Feature","geometry":{"type":"Polygon","coordinates":[[[4.261601,43.860961],[4.261221,43.860476],[4.260979,43.860577],[4.261203,43.860882],[4.261245,43.861057],[4.261347,43.861185],[4.261515,43.861271],[4.261601,43.860961]]]},"properties":{"cle":"osm:w1327070307","nom":null,"file":"inventaire","sort":"retenue"}},{"type":"Feature","geometry":{"type":"Polygon","coordinates":[[[4.375431,43.842302],[4.375461,43.842341],[4.375397,43.842378],[4.375905,43.842919],[4.37637,43.84301],[4.376427,43.842872],[4.376052,43.842803],[4.375653,43.842395],[4.375748,43.842344],[4.375773,43.84233],[4.37566,43.842211],[4.375431,43.842302]]]},"properties":{"cle":"osm:w1095391164","nom":null,"file":"inventaire","sort":"ecartee"}},{"type":"Feature","geometry":{"type":"Polygon","coordinates":[[[4.325342,43.83124],[4.325292,43.831218],[4.325502,43.830904],[4.325309,43.830823],[4.325092,43.830755],[4.324823,43.831189],[4.325293,43.831337],[4.325342,43.83124]]]},"properties":{"cle":"osm:w944317133","nom":null,"file":"inventaire","sort":"retenue"}},{"type":"Feature","geometry":{"type":"Polygon","coordinates":[[[4.343694,43.814782],[4.343609,43.814795],[4.343413,43.814739],[4.343242,43.814919],[4.343161,43.815003],[4.343267,43.815043],[4.343375,43.815084],[4.343567,43.814954],[4.343897,43.815123],[4.344057,43.815096],[4.34393,43.814673],[4.343694,43.814782]]]},"properties":{"cle":"osm:w296627600","nom":null,"file":"inventaire","sort":"retenue"}},{"type":"Feature","geometry":{"type":"Polygon","coordinates":[[[4.321388,43.819763],[4.321858,43.820055],[4.321989,43.820081],[4.322082,43.820053],[4.32213,43.819974],[4.322047,43.819894],[4.321749,43.819744],[4.321756,43.819728],[4.321738,43.81971],[4.321265,43.819498],[4.321109,43.819478],[4.321062,43.81956],[4.32117,43.819646],[4.321388,43.819763]]]},"properties":{"cle":"osm:w966730296","nom":null,"file":"inventaire","sort":"retenue"}},{"type":"Feature","geometry":{"type":"Polygon","coordinates":[[[4.342923,43.829233],[4.343045,43.829129],[4.342956,43.82887],[4.342875,43.828832],[4.342455,43.828809],[4.342506,43.829267],[4.342923,43.829233]]]},"properties":{"cle":"osm:w926215931","nom":null,"file":"inventaire","sort":"retenue"}},{"type":"Feature","geometry":{"type":"Polygon","coordinates":[[[4.33158,43.811818],[4.331369,43.811636],[4.330969,43.811345],[4.330913,43.811324],[4.330756,43.811211],[4.330735,43.811226],[4.330678,43.811185],[4.330698,43.811168],[4.330645,43.811129],[4.330623,43.811143],[4.330572,43.811108],[4.330592,43.811092],[4.330521,43.811039],[4.330465,43.811025],[4.330424,43.811094],[4.330425,43.811142],[4.330459,43.811193],[4.330512,43.811228],[4.331446,43.811899],[4.33158,43.811818]]]},"properties":{"cle":"osm:w935861065","nom":null,"file":"inventaire","sort":"ecartee"}},{"type":"Feature","geometry":{"type":"Polygon","coordinates":[[[4.309654,43.814981],[4.309555,43.814907],[4.30966,43.81482],[4.309517,43.814724],[4.309605,43.814655],[4.309566,43.814628],[4.309621,43.814581],[4.309486,43.814485],[4.309422,43.814433],[4.309035,43.814751],[4.309492,43.815079],[4.309654,43.814981]]]},"properties":{"cle":"osm:w1215419151","nom":null,"file":"inventaire","sort":"ecartee"}},{"type":"Feature","geometry":{"type":"Polygon","coordinates":[[[4.364283,43.807874],[4.364217,43.807867],[4.364121,43.808156],[4.364272,43.808184],[4.364353,43.808203],[4.364426,43.808036],[4.364482,43.807917],[4.364771,43.807905],[4.364779,43.807887],[4.365113,43.807968],[4.36508,43.80804],[4.365232,43.808095],[4.36533,43.807884],[4.365249,43.807801],[4.364313,43.807819],[4.364283,43.807874]]]},"properties":{"cle":"osm:w156184403","nom":null,"file":"inventaire","sort":"retenue"}},{"type":"Feature","geometry":{"type":"Polygon","coordinates":[[[4.365536,43.820955],[4.365635,43.820651],[4.365427,43.820624],[4.365055,43.821287],[4.365188,43.821333],[4.365162,43.821455],[4.365242,43.821389],[4.365372,43.821339],[4.365536,43.820955]]]},"properties":{"cle":"osm:w929882642","nom":null,"file":"inventaire","sort":"ecartee"}},{"type":"Feature","geometry":{"type":"Polygon","coordinates":[[[4.386379,43.848983],[4.38651,43.84874],[4.386444,43.848737],[4.386353,43.848734],[4.386225,43.848647],[4.385903,43.848735],[4.385895,43.848768],[4.385964,43.848942],[4.386031,43.849156],[4.386344,43.849156],[4.386379,43.848983]]]},"properties":{"cle":"osm:w40109387","nom":null,"file":"inventaire","sort":"retenue"}},{"type":"Feature","geometry":{"type":"Polygon","coordinates":[[[4.370159,43.845907],[4.37018,43.84592],[4.370243,43.845979],[4.371287,43.845527],[4.371174,43.845386],[4.371127,43.845406],[4.370095,43.845842],[4.370159,43.845907]]]},"properties":{"cle":"osm:w789698940","nom":null,"file":"inventaire","sort":"retenue"}},{"type":"Feature","geometry":{"type":"Polygon","coordinates":[[[4.354352,43.824204],[4.35432,43.82435],[4.354408,43.824593],[4.354518,43.824635],[4.354789,43.824267],[4.354604,43.824204],[4.354766,43.823948],[4.354533,43.82387],[4.354352,43.824204]]]},"properties":{"cle":"osm:w1470189187","nom":null,"file":"inventaire","sort":"retenue"}},{"type":"Feature","geometry":{"type":"Polygon","coordinates":[[[4.316259,43.812315],[4.316157,43.812393],[4.316407,43.812562],[4.316561,43.812448],[4.316657,43.812509],[4.316614,43.812543],[4.316869,43.812719],[4.317021,43.812607],[4.316255,43.812083],[4.316086,43.812203],[4.316259,43.812315]]]},"properties":{"cle":"osm:w152451652","nom":null,"file":"inventaire","sort":"ecartee"}},{"type":"Feature","geometry":{"type":"Polygon","coordinates":[[[4.337964,43.829539],[4.33783,43.829307],[4.337159,43.82887],[4.336952,43.829042],[4.337663,43.829419],[4.337964,43.829539]]]},"properties":{"cle":"osm:w926212386","nom":null,"file":"inventaire","sort":"retenue"}},{"type":"Feature","geometry":{"type":"Polygon","coordinates":[[[4.36008,43.809533],[4.360171,43.809257],[4.359476,43.809138],[4.3594,43.809413],[4.36008,43.809533]]]},"properties":{"cle":"osm:w961131612","nom":null,"file":"inventaire","sort":"retenue"}},{"type":"Feature","geometry":{"type":"Polygon","coordinates":[[[4.373171,43.808483],[4.37244,43.808414],[4.372431,43.808456],[4.372363,43.808448],[4.372297,43.808814],[4.37236,43.808818],[4.372321,43.809003],[4.372658,43.809032],[4.372669,43.808984],[4.372497,43.808863],[4.372507,43.808819],[4.372575,43.808829],[4.372634,43.808538],[4.37316,43.808529],[4.373171,43.808483]]]},"properties":{"cle":"osm:w1359089842","nom":null,"file":"inventaire","sort":"retenue"}},{"type":"Feature","geometry":{"type":"Polygon","coordinates":[[[4.345903,43.822604],[4.345911,43.822581],[4.345955,43.822467],[4.345895,43.822394],[4.345722,43.822322],[4.345092,43.822175],[4.344981,43.82236],[4.345903,43.822604]]]},"properties":{"cle":"osm:w926720397","nom":null,"file":"inventaire","sort":"ecartee"}},{"type":"Feature","geometry":{"type":"Polygon","coordinates":[[[4.360353,43.807405],[4.360184,43.807936],[4.360526,43.808],[4.36071,43.807463],[4.360353,43.807405]]]},"properties":{"cle":"osm:w156184699","nom":null,"file":"inventaire","sort":"retenue"}},{"type":"Feature","geometry":{"type":"Polygon","coordinates":[[[4.402418,43.85643],[4.402438,43.855962],[4.40204,43.855958],[4.401967,43.856418],[4.402418,43.85643]]]},"properties":{"cle":"osm:w242017215","nom":null,"file":"inventaire","sort":"retenue"}},{"type":"Feature","geometry":{"type":"Polygon","coordinates":[[[4.311219,43.813812],[4.311313,43.81386],[4.311398,43.813773],[4.310814,43.81343],[4.310862,43.813387],[4.310763,43.81333],[4.310695,43.813293],[4.310654,43.813324],[4.310406,43.813189],[4.31036,43.813218],[4.310479,43.813434],[4.31117,43.813846],[4.311219,43.813812]]]},"properties":{"cle":"osm:w1016873467","nom":null,"file":"inventaire","sort":"ecartee"}},{"type":"Feature","geometry":{"type":"Polygon","coordinates":[[[4.34888,43.816973],[4.349352,43.817095],[4.349405,43.817003],[4.348547,43.816799],[4.348363,43.817136],[4.348761,43.817226],[4.34888,43.816973]]]},"properties":{"cle":"osm:w928168862","nom":null,"file":"inventaire","sort":"ecartee"}},{"type":"Feature","geometry":{"type":"Polygon","coordinates":[[[4.351347,43.819543],[4.35152,43.819235],[4.351402,43.819259],[4.350935,43.819162],[4.350963,43.819112],[4.350685,43.819064],[4.350637,43.819192],[4.350967,43.819258],[4.350883,43.819472],[4.351347,43.819543]]]},"properties":{"cle":"osm:w928168875","nom":null,"file":"inventaire","sort":"retenue"}},{"type":"Feature","geometry":{"type":"Polygon","coordinates":[[[4.373087,43.807528],[4.373427,43.807519],[4.373684,43.807479],[4.373623,43.807389],[4.373598,43.807352],[4.373531,43.807116],[4.373005,43.807227],[4.373045,43.807336],[4.37309,43.807475],[4.373087,43.807528]]]},"properties":{"cle":"osm:w141252541","nom":null,"file":"inventaire","sort":"retenue"}},{"type":"Feature","geometry":{"type":"Polygon","coordinates":[[[4.345871,43.814168],[4.346004,43.814182],[4.346077,43.814016],[4.345844,43.813987],[4.345335,43.813921],[4.345326,43.813959],[4.345269,43.814197],[4.345573,43.814235],[4.345855,43.814252],[4.345871,43.814168]]]},"properties":{"cle":"osm:w220927779","nom":null,"file":"inventaire","sort":"ecartee"}},{"type":"Feature","geometry":{"type":"Polygon","coordinates":[[[4.349282,43.820541],[4.348803,43.821343],[4.348857,43.821368],[4.348976,43.821417],[4.349014,43.821363],[4.349065,43.821288],[4.349254,43.820986],[4.349465,43.820622],[4.349282,43.820541]]]},"properties":{"cle":"osm:w225825901","nom":null,"file":"inventaire","sort":"ecartee"}},{"type":"Feature","geometry":{"type":"Polygon","coordinates":[[[4.369051,43.820199],[4.368969,43.820159],[4.368744,43.820028],[4.368845,43.819935],[4.368857,43.819848],[4.369043,43.819674],[4.368746,43.819501],[4.368537,43.819722],[4.368634,43.820071],[4.368962,43.820261],[4.369051,43.820199]]]},"properties":{"cle":"osm:w970646623","nom":null,"file":"inventaire","sort":"ecartee"}},{"type":"Feature","geometry":{"type":"Polygon","coordinates":[[[4.360043,43.817454],[4.360075,43.817459],[4.360102,43.817463],[4.360148,43.817431],[4.360242,43.817384],[4.360325,43.817353],[4.360438,43.817332],[4.360459,43.817274],[4.359574,43.817131],[4.359509,43.817366],[4.360043,43.817454]]]},"properties":{"cle":"osm:w157100341","nom":null,"file":"inventaire","sort":"retenue"}},{"type":"Feature","geometry":{"type":"Polygon","coordinates":[[[4.345652,43.815201],[4.34563,43.815227],[4.345666,43.81539],[4.345729,43.815396],[4.345718,43.815429],[4.345708,43.81545],[4.345762,43.815481],[4.345845,43.815605],[4.345879,43.815645],[4.34594,43.815685],[4.346025,43.815646],[4.346102,43.815594],[4.346125,43.815459],[4.346151,43.815334],[4.346113,43.815211],[4.345692,43.815164],[4.345683,43.815194],[4.345652,43.815201]]]},"properties":{"cle":"osm:w157097224","nom":null,"file":"inventaire","sort":"ecartee"}},{"type":"Feature","geometry":{"type":"Polygon","coordinates":[[[4.32985,43.812896],[4.32986,43.812867],[4.329902,43.81281],[4.329827,43.81278],[4.329842,43.812761],[4.329815,43.81275],[4.329844,43.812713],[4.329871,43.812724],[4.329887,43.812705],[4.329913,43.812715],[4.330067,43.812533],[4.32989,43.812457],[4.329731,43.812654],[4.329306,43.812458],[4.329155,43.812644],[4.32985,43.812896]]]},"properties":{"cle":"osm:w946545752","nom":null,"file":"inventaire","sort":"ecartee"}},{"type":"Feature","geometry":{"type":"Polygon","coordinates":[[[4.344817,43.81431],[4.344984,43.813905],[4.344651,43.813825],[4.344451,43.81379],[4.344433,43.813899],[4.344404,43.814025],[4.344591,43.814047],[4.344574,43.814121],[4.34464,43.81413],[4.34463,43.814174],[4.344581,43.814169],[4.344554,43.814277],[4.344817,43.81431]]]},"properties":{"cle":"osm:w954232958","nom":null,"file":"inventaire","sort":"ecartee"}},{"type":"Feature","geometry":{"type":"Polygon","coordinates":[[[4.379267,43.845748],[4.380405,43.846006],[4.380445,43.845991],[4.380414,43.84592],[4.380377,43.845852],[4.380299,43.845799],[4.380123,43.845751],[4.379713,43.845675],[4.379572,43.845667],[4.379235,43.845705],[4.379267,43.845748]]]},"properties":{"cle":"osm:w45828622","nom":null,"file":"inventaire","sort":"retenue"}},{"type":"Feature","geometry":{"type":"Polygon","coordinates":[[[4.351053,43.814666],[4.351144,43.814338],[4.351184,43.814347],[4.351262,43.814147],[4.350531,43.814004],[4.350498,43.81409],[4.351039,43.814178],[4.350983,43.814371],[4.350769,43.814315],[4.350699,43.814454],[4.350903,43.814507],[4.350833,43.814645],[4.350895,43.814634],[4.351053,43.814666]]]},"properties":{"cle":"osm:w928168864","nom":null,"file":"inventaire","sort":"ecartee"}},{"type":"Feature","geometry":{"type":"Polygon","coordinates":[[[4.369573,43.838002],[4.369495,43.837992],[4.369426,43.838254],[4.36967,43.838298],[4.369656,43.838499],[4.369801,43.838484],[4.369868,43.837862],[4.369624,43.837837],[4.369573,43.838002]]]},"properties":{"cle":"osm:w780391468","nom":null,"file":"inventaire","sort":"ecartee"}},{"type":"Feature","geometry":{"type":"Polygon","coordinates":[[[4.395657,43.836966],[4.395624,43.836825],[4.395593,43.836802],[4.39518,43.836609],[4.394601,43.836673],[4.394643,43.836831],[4.395129,43.836782],[4.395176,43.83678],[4.395442,43.8369],[4.395449,43.836979],[4.395657,43.836966]]]},"properties":{"cle":"osm:w904782821","nom":null,"file":"inventaire","sort":"ecartee"}},{"type":"Feature","geometry":{"type":"Polygon","coordinates":[[[4.347171,43.815388],[4.34668,43.816077],[4.346922,43.816145],[4.347318,43.815542],[4.347171,43.815388]]]},"properties":{"cle":"osm:w928168871","nom":null,"file":"inventaire","sort":"retenue"}},{"type":"Feature","geometry":{"type":"Polygon","coordinates":[[[4.371365,43.8134],[4.371451,43.813375],[4.371547,43.81325],[4.371003,43.813042],[4.370838,43.813052],[4.370757,43.813136],[4.370794,43.813246],[4.371265,43.813425],[4.371365,43.8134]]]},"properties":{"cle":"osm:w952473800","nom":null,"file":"inventaire","sort":"ecartee"}},{"type":"Feature","geometry":{"type":"Polygon","coordinates":[[[4.35535,43.817037],[4.355413,43.816799],[4.355271,43.81678],[4.355234,43.816831],[4.35464,43.816732],[4.354631,43.816758],[4.354556,43.816963],[4.35535,43.817037]]]},"properties":{"cle":"osm:w1343178114","nom":null,"file":"inventaire","sort":"ecartee"}},{"type":"Feature","geometry":{"type":"Polygon","coordinates":[[[4.34961,43.787859],[4.349663,43.787822],[4.349596,43.787785],[4.34983,43.787609],[4.349795,43.787592],[4.349752,43.78757],[4.3494,43.787393],[4.349364,43.787376],[4.349095,43.787642],[4.34961,43.787859]]]},"properties":{"cle":"osm:w505309544","nom":null,"file":"inventaire","sort":"retenue"}},{"type":"Feature","geometry":{"type":"Polygon","coordinates":[[[4.369113,43.819556],[4.369365,43.819321],[4.368872,43.819107],[4.368801,43.819176],[4.368676,43.819109],[4.368559,43.819224],[4.369113,43.819556]]]},"properties":{"cle":"osm:w572205073","nom":null,"file":"inventaire","sort":"ecartee"}},{"type":"Feature","geometry":{"type":"Polygon","coordinates":[[[4.345292,43.813162],[4.345315,43.813033],[4.345231,43.812948],[4.345304,43.812644],[4.345228,43.812641],[4.345195,43.81278],[4.34496,43.812752],[4.344966,43.812845],[4.344789,43.81297],[4.344671,43.813103],[4.345292,43.813162]]]},"properties":{"cle":"osm:w954232971","nom":null,"file":"inventaire","sort":"retenue"}},{"type":"Feature","geometry":{"type":"Polygon","coordinates":[[[4.341088,43.830089],[4.341555,43.82956],[4.341711,43.829463],[4.341539,43.829408],[4.341309,43.829612],[4.340925,43.829494],[4.340893,43.82958],[4.341093,43.829653],[4.341123,43.829767],[4.34108,43.829858],[4.340984,43.830063],[4.341088,43.830089]]]},"properties":{"cle":"osm:w926215926","nom":null,"file":"inventaire","sort":"retenue"}},{"type":"Feature","geometry":{"type":"Polygon","coordinates":[[[4.370075,43.843661],[4.370155,43.843757],[4.370229,43.843803],[4.370502,43.843826],[4.370946,43.843867],[4.371029,43.843878],[4.371041,43.843788],[4.370307,43.843611],[4.369975,43.843409],[4.369959,43.843482],[4.370075,43.843661]]]},"properties":{"cle":"osm:w38921856","nom":"Parking de la Sernam","file":"inventaire","sort":"retenue"}},{"type":"Feature","geometry":{"type":"Polygon","coordinates":[[[4.370935,43.823024],[4.371166,43.822938],[4.37112,43.822893],[4.371176,43.822861],[4.371213,43.822903],[4.371451,43.822807],[4.37157,43.822726],[4.371647,43.822792],[4.371708,43.822768],[4.371738,43.822807],[4.371697,43.822836],[4.371753,43.822884],[4.371918,43.822792],[4.371659,43.822566],[4.371605,43.82259],[4.371533,43.822539],[4.371405,43.822642],[4.371244,43.82273],[4.37083,43.822917],[4.370935,43.823024]]]},"properties":{"cle":"osm:w929889634","nom":null,"file":"inventaire","sort":"ecartee"}},{"type":"Feature","geometry":{"type":"Polygon","coordinates":[[[4.310827,43.812845],[4.31087,43.813025],[4.31144,43.812952],[4.311365,43.812641],[4.310805,43.812754],[4.310827,43.812845]]]},"properties":{"cle":"osm:w941087612","nom":null,"file":"inventaire","sort":"ecartee"}},{"type":"Feature","geometry":{"type":"Polygon","coordinates":[[[4.359866,43.818784],[4.360086,43.818897],[4.360232,43.818839],[4.36037,43.818569],[4.360312,43.818472],[4.360089,43.818416],[4.359796,43.818681],[4.359866,43.818784]]]},"properties":{"cle":"osm:w954232988","nom":null,"file":"inventaire","sort":"retenue"}},{"type":"Feature","geometry":{"type":"Polygon","coordinates":[[[4.320565,43.821041],[4.320857,43.821038],[4.320857,43.820771],[4.320754,43.820759],[4.320616,43.820762],[4.320547,43.820765],[4.320354,43.820773],[4.320319,43.820775],[4.320239,43.820778],[4.320235,43.821042],[4.320565,43.821041]]]},"properties":{"cle":"osm:w921777774","nom":null,"file":"inventaire","sort":"ecartee"}},{"type":"Feature","geometry":{"type":"Polygon","coordinates":[[[4.364039,43.81021],[4.364017,43.81026],[4.364096,43.810284],[4.364117,43.810253],[4.364259,43.809992],[4.364148,43.809966],[4.364131,43.809962],[4.363725,43.809873],[4.363703,43.809916],[4.363621,43.809889],[4.363552,43.810062],[4.363677,43.81009],[4.36363,43.810166],[4.363811,43.81021],[4.363839,43.810168],[4.364039,43.81021]]]},"properties":{"cle":"osm:w156184397","nom":null,"file":"inventaire","sort":"retenue"}},{"type":"Feature","geometry":{"type":"Polygon","coordinates":[[[4.332449,43.829597],[4.332485,43.829611],[4.33255,43.829514],[4.33209,43.829344],[4.33196,43.829314],[4.331843,43.829572],[4.332003,43.829632],[4.332321,43.829732],[4.332357,43.829738],[4.332449,43.829597]]]},"properties":{"cle":"osm:w1005965063","nom":null,"file":"inventaire","sort":"ecartee"}},{"type":"Feature","geometry":{"type":"Polygon","coordinates":[[[4.362309,43.823967],[4.362789,43.824126],[4.362963,43.824186],[4.363001,43.824009],[4.362931,43.823963],[4.362829,43.823917],[4.362731,43.82388],[4.362606,43.823832],[4.362504,43.823804],[4.362384,43.823779],[4.362295,43.823766],[4.362136,43.823908],[4.362309,43.823967]]]},"properties":{"cle":"osm:w965969788","nom":null,"file":"inventaire","sort":"retenue"}},{"type":"Feature","geometry":{"type":"Polygon","coordinates":[[[4.381167,43.83059],[4.38014,43.830072],[4.380109,43.830104],[4.380044,43.830172],[4.381051,43.830707],[4.381167,43.83059]]]},"properties":{"cle":"osm:w1155440276","nom":null,"file":"inventaire","sort":"ecartee"}},{"type":"Feature","geometry":{"type":"Polygon","coordinates":[[[4.345091,43.816303],[4.344946,43.816378],[4.344988,43.816492],[4.344967,43.816535],[4.345305,43.816636],[4.34542,43.816685],[4.34567,43.816781],[4.345724,43.816697],[4.345467,43.816588],[4.345477,43.816533],[4.345546,43.816414],[4.345091,43.816303]]]},"properties":{"cle":"osm:w157097220","nom":null,"file":"inventaire","sort":"ecartee"}},{"type":"Feature","geometry":{"type":"Polygon","coordinates":[[[4.326806,43.831238],[4.326976,43.831002],[4.326304,43.830853],[4.326212,43.831071],[4.326806,43.831238]]]},"properties":{"cle":"osm:w944317134","nom":null,"file":"inventaire","sort":"retenue"}},{"type":"Feature","geometry":{"type":"Polygon","coordinates":[[[4.316099,43.813087],[4.315586,43.813466],[4.315816,43.813617],[4.316305,43.813269],[4.316099,43.813087]]]},"properties":{"cle":"osm:w152451653","nom":null,"file":"inventaire","sort":"ecartee"}},{"type":"Feature","geometry":{"type":"Polygon","coordinates":[[[4.349993,43.832112],[4.350022,43.832143],[4.35061,43.832109],[4.35063,43.831877],[4.35033,43.831735],[4.349993,43.832112]]]},"properties":{"cle":"osm:w1531449183","nom":null,"file":"inventaire","sort":"ecartee"}},{"type":"Feature","geometry":{"type":"Polygon","coordinates":[[[4.372189,43.822432],[4.372551,43.822227],[4.372432,43.82213],[4.372449,43.822113],[4.372348,43.821983],[4.372104,43.822054],[4.371876,43.822179],[4.372189,43.822432]]]},"properties":{"cle":"osm:w929889635","nom":null,"file":"inventaire","sort":"ecartee"}},{"type":"Feature","geometry":{"type":"Polygon","coordinates":[[[4.37355,43.811269],[4.37384,43.812007],[4.374028,43.811992],[4.373762,43.811222],[4.37355,43.811269]]]},"properties":{"cle":"osm:w929889648","nom":null,"file":"inventaire","sort":"ecartee"}},{"type":"Feature","geometry":{"type":"Polygon","coordinates":[[[4.371897,43.809196],[4.372061,43.808638],[4.371752,43.808633],[4.371633,43.809165],[4.371897,43.809196]]]},"properties":{"cle":"osm:w929889659","nom":null,"file":"inventaire","sort":"ecartee"}},{"type":"Feature","geometry":{"type":"Polygon","coordinates":[[[4.326697,43.824084],[4.326568,43.824263],[4.326846,43.824376],[4.326897,43.824272],[4.326838,43.82399],[4.326803,43.823881],[4.326568,43.82377],[4.326492,43.823802],[4.32643,43.823855],[4.32635,43.823943],[4.326697,43.824084]]]},"properties":{"cle":"osm:w583550659","nom":null,"file":"inventaire","sort":"retenue"}},{"type":"Feature","geometry":{"type":"Polygon","coordinates":[[[4.329203,43.820122],[4.32947,43.820145],[4.329481,43.820099],[4.329496,43.820083],[4.329505,43.820074],[4.329505,43.820044],[4.329491,43.820027],[4.329464,43.819996],[4.32944,43.819981],[4.329452,43.819958],[4.328925,43.819785],[4.328914,43.819803],[4.328876,43.819794],[4.328854,43.819828],[4.328833,43.819862],[4.328782,43.819848],[4.328713,43.819961],[4.329203,43.820122]]]},"properties":{"cle":"osm:w578901071","nom":null,"file":"inventaire","sort":"ecartee"}},{"type":"Feature","geometry":{"type":"Polygon","coordinates":[[[4.389683,43.844587],[4.389522,43.844604],[4.389692,43.845121],[4.390012,43.84507],[4.38988,43.844702],[4.389683,43.844587]]]},"properties":{"cle":"osm:w155950817","nom":null,"file":"inventaire","sort":"retenue"}},{"type":"Feature","geometry":{"type":"Polygon","coordinates":[[[4.367021,43.812235],[4.366603,43.812378],[4.366486,43.812563],[4.366533,43.81258],[4.366931,43.812667],[4.367119,43.812253],[4.367021,43.812235]]]},"properties":{"cle":"osm:w141253597","nom":null,"file":"inventaire","sort":"ecartee"}},{"type":"Feature","geometry":{"type":"Polygon","coordinates":[[[4.348204,43.818791],[4.348132,43.818764],[4.348106,43.8188],[4.348039,43.818776],[4.34807,43.81874],[4.347644,43.818586],[4.347508,43.818623],[4.347418,43.818849],[4.347571,43.818851],[4.347857,43.81889],[4.348067,43.818944],[4.348204,43.818791]]]},"properties":{"cle":"osm:w1019723641","nom":null,"file":"inventaire","sort":"retenue"}},{"type":"Feature","geometry":{"type":"Polygon","coordinates":[[[4.359574,43.821084],[4.3597,43.820696],[4.359658,43.820665],[4.359604,43.820641],[4.359144,43.820526],[4.35909,43.820578],[4.359574,43.821084]]]},"properties":{"cle":"osm:w1100619587","nom":null,"file":"inventaire","sort":"ecartee"}},{"type":"Feature","geometry":{"type":"Polygon","coordinates":[[[4.32589,43.832133],[4.325984,43.831854],[4.325975,43.831773],[4.325651,43.83168],[4.325459,43.831918],[4.325502,43.831997],[4.32589,43.832133]]]},"properties":{"cle":"osm:w968175094","nom":null,"file":"inventaire","sort":"en_cours"}},{"type":"Feature","geometry":{"type":"Polygon","coordinates":[[[4.33014,43.816302],[4.330354,43.816022],[4.329882,43.815777],[4.329735,43.81593],[4.32999,43.816047],[4.329873,43.816172],[4.330018,43.816241],[4.33014,43.816302]]]},"properties":{"cle":"osm:w1227021613","nom":null,"file":"inventaire","sort":"retenue"}},{"type":"Feature","geometry":{"type":"Polygon","coordinates":[[[4.346758,43.815373],[4.34696,43.815444],[4.346822,43.815649],[4.346924,43.815685],[4.347163,43.81533],[4.346755,43.815187],[4.346652,43.81525],[4.346455,43.815542],[4.346608,43.815596],[4.346758,43.815373]]]},"properties":{"cle":"osm:w1194038017","nom":null,"file":"inventaire","sort":"ecartee"}},{"type":"Feature","geometry":{"type":"Polygon","coordinates":[[[4.355593,43.840894],[4.355746,43.840634],[4.35544,43.840572],[4.355453,43.840512],[4.355274,43.840473],[4.355098,43.840745],[4.355593,43.840894]]]},"properties":{"cle":"osm:w718288020","nom":"Place de la Révolution","file":"inventaire","sort":"retenue"}},{"type":"Feature","geometry":{"type":"Polygon","coordinates":[[[4.315845,43.80743],[4.316301,43.80775],[4.31641,43.807654],[4.316484,43.807701],[4.316615,43.807597],[4.316533,43.807542],[4.316484,43.807548],[4.316287,43.807447],[4.316172,43.807375],[4.316048,43.807281],[4.315845,43.80743]]]},"properties":{"cle":"osm:w152299174","nom":null,"file":"inventaire","sort":"ecartee"}},{"type":"Feature","geometry":{"type":"Polygon","coordinates":[[[4.323461,43.822803],[4.323565,43.822712],[4.323643,43.822603],[4.323626,43.82255],[4.323563,43.822541],[4.323478,43.822524],[4.323414,43.822497],[4.323174,43.822271],[4.32314,43.822238],[4.322947,43.822199],[4.322875,43.822214],[4.323461,43.822803]]]},"properties":{"cle":"osm:w688901573","nom":null,"file":"inventaire","sort":"ecartee"}},{"type":"Feature","geometry":{"type":"Polygon","coordinates":[[[4.388076,43.839872],[4.38811,43.839796],[4.388035,43.839753],[4.388078,43.839644],[4.38742,43.839531],[4.387344,43.839719],[4.388076,43.839872]]]},"properties":{"cle":"osm:w562903310","nom":null,"file":"inventaire","sort":"retenue"}},{"type":"Feature","geometry":{"type":"Polygon","coordinates":[[[4.319996,43.821509],[4.319985,43.821004],[4.319919,43.821004],[4.319824,43.821092],[4.319777,43.821136],[4.319601,43.821348],[4.31958,43.821511],[4.319996,43.821509]]]},"properties":{"cle":"osm:w921777775","nom":null,"file":"inventaire","sort":"ecartee"}},{"type":"Feature","geometry":{"type":"Polygon","coordinates":[[[4.351867,43.81382],[4.352023,43.813843],[4.352057,43.813725],[4.352079,43.813729],[4.352086,43.813679],[4.351919,43.81366],[4.351878,43.813631],[4.351821,43.813622],[4.351825,43.813608],[4.351894,43.813555],[4.351855,43.813473],[4.35175,43.813535],[4.351506,43.813499],[4.351454,43.813679],[4.351716,43.813721],[4.351656,43.813935],[4.351827,43.813957],[4.351834,43.813931],[4.351867,43.81382]]]},"properties":{"cle":"osm:w1015980056","nom":null,"file":"inventaire","sort":"ecartee"}},{"type":"Feature","geometry":{"type":"Polygon","coordinates":[[[4.329382,43.822694],[4.329411,43.822644],[4.329728,43.822736],[4.329814,43.822601],[4.329647,43.822551],[4.329685,43.822498],[4.329215,43.822371],[4.329071,43.822603],[4.329382,43.822694]]]},"properties":{"cle":"osm:w565760582","nom":null,"file":"inventaire","sort":"retenue"}},{"type":"Feature","geometry":{"type":"Polygon","coordinates":[[[4.296513,43.833237],[4.296502,43.833175],[4.296442,43.833184],[4.296433,43.833163],[4.29649,43.833157],[4.296479,43.833061],[4.296414,43.833068],[4.29641,43.833046],[4.296473,43.833039],[4.296461,43.832955],[4.296405,43.83296],[4.296395,43.83292],[4.296455,43.832914],[4.296416,43.832641],[4.296382,43.832644],[4.296379,43.832617],[4.296419,43.832612],[4.296413,43.832556],[4.296373,43.832556],[4.296364,43.832527],[4.296393,43.832525],[4.296384,43.83245],[4.296319,43.832462],[4.296291,43.832401],[4.296166,43.832427],[4.296197,43.832507],[4.296257,43.832496],[4.296264,43.832526],[4.296205,43.832531],[4.296222,43.832658],[4.296282,43.832655],[4.296287,43.832678],[4.296227,43.832682],[4.29624,43.832786],[4.296302,43.832781],[4.296305,43.832803],[4.296247,43.832808],[4.296265,43.83294],[4.296325,43.832937],[4.296328,43.832957],[4.296271,43.832965],[4.29629,43.833125],[4.296353,43.833119],[4.296358,43.83314],[4.296302,43.833148],[4.296327,43.833261],[4.296513,43.833237]]]},"properties":{"cle":"osm:w1008217056","nom":null,"file":"inventaire","sort":"ecartee"}},{"type":"Feature","geometry":{"type":"Polygon","coordinates":[[[4.368707,43.814555],[4.368719,43.814534],[4.368861,43.814571],[4.36902,43.814357],[4.368511,43.814198],[4.368352,43.814462],[4.368707,43.814555]]]},"properties":{"cle":"osm:w991997107","nom":null,"file":"inventaire","sort":"ecartee"}},{"type":"Feature","geometry":{"type":"Polygon","coordinates":[[[4.318345,43.840659],[4.318386,43.840695],[4.318746,43.840572],[4.31888,43.840759],[4.318941,43.840739],[4.319031,43.840482],[4.31906,43.840407],[4.319056,43.84038],[4.319008,43.84032],[4.318945,43.840305],[4.318811,43.84035],[4.318658,43.840442],[4.318563,43.840501],[4.318345,43.840659]]]},"properties":{"cle":"osm:w789028286","nom":null,"file":"inventaire","sort":"retenue"}},{"type":"Feature","geometry":{"type":"Polygon","coordinates":[[[4.348524,43.81368],[4.34828,43.813793],[4.34847,43.813886],[4.348499,43.813874],[4.348543,43.813863],[4.348607,43.813861],[4.34861,43.813851],[4.348621,43.813838],[4.348636,43.813832],[4.348654,43.813826],[4.349072,43.813894],[4.349315,43.813928],[4.34936,43.813868],[4.349395,43.813799],[4.348524,43.81368]]]},"properties":{"cle":"osm:w928168859","nom":null,"file":"inventaire","sort":"retenue"}},{"type":"Feature","geometry":{"type":"Polygon","coordinates":[[[4.397646,43.857347],[4.397691,43.857069],[4.397786,43.856799],[4.397799,43.856751],[4.397438,43.856681],[4.397379,43.856804],[4.397587,43.856868],[4.397414,43.85729],[4.397646,43.857347]]]},"properties":{"cle":"osm:w977661704","nom":null,"file":"inventaire","sort":"retenue"}},{"type":"Feature","geometry":{"type":"Polygon","coordinates":[[[4.376149,43.834279],[4.376615,43.834486],[4.376803,43.834273],[4.37635,43.834051],[4.376149,43.834279]]]},"properties":{"cle":"osm:w771590954","nom":null,"file":"inventaire","sort":"ecartee"}},{"type":"Feature","geometry":{"type":"Polygon","coordinates":[[[4.347104,43.816891],[4.347176,43.816916],[4.347204,43.816879],[4.347357,43.816862],[4.347389,43.816822],[4.347367,43.816816],[4.346535,43.816505],[4.346443,43.816657],[4.347104,43.816891]]]},"properties":{"cle":"osm:w928168872","nom":null,"file":"inventaire","sort":"retenue"}},{"type":"Feature","geometry":{"type":"Polygon","coordinates":[[[4.360972,43.830064],[4.361024,43.830041],[4.361076,43.830073],[4.361257,43.829976],[4.36114,43.829889],[4.361157,43.829865],[4.361083,43.829804],[4.361055,43.829653],[4.360876,43.829668],[4.360876,43.829719],[4.360778,43.829728],[4.360749,43.829846],[4.36069,43.829916],[4.360745,43.829994],[4.360972,43.830064]]]},"properties":{"cle":"osm:w903893595","nom":null,"file":"inventaire","sort":"retenue"}},{"type":"Feature","geometry":{"type":"Polygon","coordinates":[[[4.346611,43.818923],[4.346525,43.819101],[4.346571,43.819119],[4.346589,43.819224],[4.346647,43.81924],[4.346627,43.819279],[4.346678,43.819302],[4.346616,43.819394],[4.34665,43.819436],[4.34676,43.819394],[4.346787,43.819364],[4.346999,43.818996],[4.34694,43.818975],[4.34685,43.819015],[4.346734,43.81898],[4.346748,43.818953],[4.346734,43.818824],[4.346677,43.8188],[4.346611,43.818923]]]},"properties":{"cle":"osm:w153323525","nom":null,"file":"inventaire","sort":"ecartee"}},{"type":"Feature","geometry":{"type":"Polygon","coordinates":[[[4.367446,43.823617],[4.368289,43.823921],[4.368332,43.823827],[4.368097,43.823721],[4.368125,43.82368],[4.367552,43.823462],[4.367446,43.823617]]]},"properties":{"cle":"osm:w929889612","nom":null,"file":"inventaire","sort":"retenue"}},{"type":"Feature","geometry":{"type":"Polygon","coordinates":[[[4.335834,43.828282],[4.335863,43.828307],[4.335922,43.828327],[4.336484,43.828419],[4.336522,43.828348],[4.336554,43.828289],[4.336502,43.828259],[4.335974,43.828094],[4.335843,43.828144],[4.335818,43.828216],[4.335823,43.828256],[4.335834,43.828282]]]},"properties":{"cle":"osm:w566421458","nom":null,"file":"inventaire","sort":"ecartee"}},{"type":"Feature","geometry":{"type":"Polygon","coordinates":[[[4.320949,43.821724],[4.32096,43.821408],[4.320702,43.82141],[4.320397,43.821611],[4.320395,43.821639],[4.320392,43.821699],[4.320949,43.821724]]]},"properties":{"cle":"osm:w921777776","nom":null,"file":"inventaire","sort":"ecartee"}},{"type":"Feature","geometry":{"type":"Polygon","coordinates":[[[4.385604,43.828687],[4.385885,43.828741],[4.386155,43.828767],[4.386167,43.828641],[4.386019,43.82863],[4.386038,43.828567],[4.385503,43.828455],[4.38546,43.828533],[4.385412,43.828579],[4.385389,43.828627],[4.385604,43.828687]]]},"properties":{"cle":"osm:w571641203","nom":null,"file":"inventaire","sort":"retenue"}},{"type":"Feature","geometry":{"type":"Polygon","coordinates":[[[4.340499,43.818196],[4.340625,43.818061],[4.339932,43.817727],[4.339807,43.817863],[4.340499,43.818196]]]},"properties":{"cle":"osm:w505004876","nom":null,"file":"inventaire","sort":"retenue"}},{"type":"Feature","geometry":{"type":"Polygon","coordinates":[[[4.36198,43.828412],[4.362814,43.828723],[4.362952,43.828619],[4.362079,43.828287],[4.36198,43.828412]]]},"properties":{"cle":"osm:w384983802","nom":null,"file":"inventaire","sort":"ecartee"}},{"type":"Feature","geometry":{"type":"Polygon","coordinates":[[[4.303662,43.85177],[4.30366,43.851623],[4.302744,43.851636],[4.302754,43.851783],[4.303662,43.85177]]]},"properties":{"cle":"osm:w926724401","nom":null,"file":"inventaire","sort":"ecartee"}},{"type":"Feature","geometry":{"type":"Polygon","coordinates":[[[4.362087,43.807615],[4.361398,43.807495],[4.361454,43.807321],[4.36058,43.807192],[4.360565,43.807223],[4.360408,43.807207],[4.360357,43.807359],[4.36207,43.80766],[4.362087,43.807615]]]},"properties":{"cle":"osm:w961131616","nom":null,"file":"inventaire","sort":"retenue"}},{"type":"Feature","geometry":{"type":"Polygon","coordinates":[[[4.34131,43.836114],[4.341481,43.836063],[4.341436,43.835991],[4.341486,43.835975],[4.341171,43.835535],[4.341114,43.835552],[4.341044,43.835601],[4.340968,43.835635],[4.34131,43.836114]]]},"properties":{"cle":"osm:w548175430","nom":null,"file":"inventaire","sort":"ecartee"}},{"type":"Feature","geometry":{"type":"Polygon","coordinates":[[[4.388155,43.819979],[4.388212,43.820038],[4.388591,43.820114],[4.38862,43.820075],[4.388656,43.819985],[4.388672,43.819907],[4.388648,43.819867],[4.388542,43.819835],[4.388286,43.819774],[4.388215,43.819784],[4.388127,43.819833],[4.388117,43.819895],[4.388155,43.819979]]]},"properties":{"cle":"osm:w281004562","nom":null,"file":"inventaire","sort":"ecartee"}},{"type":"Feature","geometry":{"type":"Polygon","coordinates":[[[4.338282,43.819945],[4.338166,43.819873],[4.337873,43.819604],[4.337687,43.819704],[4.33766,43.819751],[4.338036,43.820084],[4.338282,43.819945]]]},"properties":{"cle":"osm:w968163011","nom":null,"file":"inventaire","sort":"ecartee"}},{"type":"Feature","geometry":{"type":"Polygon","coordinates":[[[4.31849,43.839411],[4.318506,43.839324],[4.318222,43.839246],[4.318097,43.839211],[4.317712,43.839208],[4.317709,43.839397],[4.31849,43.839411]]]},"properties":{"cle":"osm:w777199298","nom":null,"file":"inventaire","sort":"retenue"}},{"type":"Feature","geometry":{"type":"Polygon","coordinates":[[[4.371785,43.820972],[4.371965,43.820845],[4.371477,43.820504],[4.371277,43.820639],[4.371785,43.820972]]]},"properties":{"cle":"osm:w720159700","nom":null,"file":"inventaire","sort":"ecartee"}},{"type":"Feature","geometry":{"type":"Polygon","coordinates":[[[4.323156,43.832656],[4.322727,43.832621],[4.322599,43.832936],[4.322894,43.832999],[4.323156,43.832656]]]},"properties":{"cle":"osm:w1292178184","nom":null,"file":"inventaire","sort":"ecartee"}},{"type":"Feature","geometry":{"type":"Polygon","coordinates":[[[4.31045,43.814946],[4.310492,43.814887],[4.310854,43.814624],[4.310632,43.814469],[4.310227,43.814809],[4.31045,43.814946]]]},"properties":{"cle":"osm:w941087623","nom":null,"file":"inventaire","sort":"ecartee"}},{"type":"Feature","geometry":{"type":"Polygon","coordinates":[[[4.367436,43.821455],[4.367467,43.821366],[4.367443,43.821217],[4.366967,43.821272],[4.366889,43.821385],[4.36732,43.821565],[4.367436,43.821455]]]},"properties":{"cle":"osm:w929882647","nom":null,"file":"inventaire","sort":"ecartee"}},{"type":"Feature","geometry":{"type":"Polygon","coordinates":[[[4.395597,43.850622],[4.396403,43.850925],[4.396461,43.850879],[4.396327,43.850768],[4.395443,43.850489],[4.395332,43.850582],[4.395483,43.850732],[4.395597,43.850622]]]},"properties":{"cle":"osm:w562985655","nom":null,"file":"inventaire","sort":"retenue"}},{"type":"Feature","geometry":{"type":"Polygon","coordinates":[[[4.324534,43.822789],[4.324534,43.822838],[4.324597,43.822839],[4.324671,43.822832],[4.324767,43.82271],[4.324921,43.822518],[4.324548,43.822442],[4.324417,43.82261],[4.324434,43.822626],[4.324417,43.822653],[4.324397,43.822681],[4.324376,43.822712],[4.324534,43.822789]]]},"properties":{"cle":"osm:w1028954756","nom":null,"file":"inventaire","sort":"ecartee"}},{"type":"Feature","geometry":{"type":"Polygon","coordinates":[[[4.321708,43.821989],[4.321704,43.82155],[4.321461,43.821679],[4.321476,43.821817],[4.321598,43.821897],[4.321496,43.821897],[4.321226,43.821773],[4.321213,43.82199],[4.321708,43.821989]]]},"properties":{"cle":"osm:w921777777","nom":null,"file":"inventaire","sort":"ecartee"}},{"type":"Feature","geometry":{"type":"Polygon","coordinates":[[[4.373781,43.804682],[4.373895,43.804497],[4.373706,43.804401],[4.37338,43.804314],[4.373334,43.804525],[4.373384,43.804531],[4.373371,43.804581],[4.373781,43.804682]]]},"properties":{"cle":"osm:w1011898353","nom":null,"file":"inventaire","sort":"ecartee"}},{"type":"Feature","geometry":{"type":"Polygon","coordinates":[[[4.338576,43.836128],[4.338529,43.835991],[4.337656,43.836154],[4.337701,43.836278],[4.337939,43.836229],[4.337946,43.836249],[4.338576,43.836128]]]},"properties":{"cle":"osm:w44954299","nom":null,"file":"inventaire","sort":"ecartee"}},{"type":"Feature","geometry":{"type":"Polygon","coordinates":[[[4.373909,43.807776],[4.373077,43.807697],[4.37303,43.807693],[4.373021,43.807704],[4.373188,43.80778],[4.373143,43.807832],[4.373293,43.807867],[4.373948,43.807921],[4.373975,43.807847],[4.374,43.807776],[4.373909,43.807776]]]},"properties":{"cle":"osm:w141252535","nom":null,"file":"inventaire","sort":"retenue"}},{"type":"Feature","geometry":{"type":"Polygon","coordinates":[[[4.35608,43.817603],[4.355988,43.817879],[4.35598,43.817904],[4.355905,43.81813],[4.355983,43.818143],[4.356124,43.818168],[4.356299,43.817641],[4.35608,43.817603]]]},"properties":{"cle":"osm:w156001871","nom":null,"file":"inventaire","sort":"retenue"}},{"type":"Feature","geometry":{"type":"Polygon","coordinates":[[[4.378614,43.835838],[4.378509,43.835712],[4.378573,43.835674],[4.378442,43.835544],[4.378265,43.835625],[4.378131,43.835507],[4.378053,43.835589],[4.378378,43.83595],[4.378614,43.835838]]]},"properties":{"cle":"osm:w771591326","nom":null,"file":"inventaire","sort":"ecartee"}},{"type":"Feature","geometry":{"type":"Polygon","coordinates":[[[4.364692,43.840232],[4.364725,43.840447],[4.365303,43.840407],[4.365308,43.840425],[4.365355,43.840423],[4.365372,43.840429],[4.365385,43.840376],[4.365126,43.840206],[4.364692,43.840232]]]},"properties":{"cle":"osm:w1213408433","nom":null,"file":"inventaire","sort":"retenue"}},{"type":"Feature","geometry":{"type":"Polygon","coordinates":[[[4.331301,43.81856],[4.331225,43.818689],[4.331216,43.818879],[4.331509,43.818961],[4.331686,43.818678],[4.331301,43.81856]]]},"properties":{"cle":"osm:w732082228","nom":null,"file":"inventaire","sort":"ecartee"}},{"type":"Feature","geometry":{"type":"Polygon","coordinates":[[[4.346953,43.818155],[4.346989,43.818261],[4.347049,43.818251],[4.347052,43.818294],[4.347019,43.818342],[4.346961,43.818326],[4.346763,43.818661],[4.346914,43.81871],[4.346968,43.818726],[4.347176,43.818364],[4.347186,43.818337],[4.347192,43.818286],[4.347185,43.818227],[4.347142,43.818119],[4.347081,43.818135],[4.346953,43.818155]]]},"properties":{"cle":"osm:w626407544","nom":null,"file":"inventaire","sort":"ecartee"}},{"type":"Feature","geometry":{"type":"Polygon","coordinates":[[[4.322911,43.854981],[4.323025,43.854846],[4.323057,43.854859],[4.322912,43.855038],[4.32308,43.855109],[4.32323,43.854939],[4.323169,43.854914],[4.323212,43.854859],[4.323207,43.854848],[4.323077,43.854787],[4.323155,43.854693],[4.322983,43.854616],[4.322744,43.854907],[4.322911,43.854981]]]},"properties":{"cle":"osm:w562081056","nom":null,"file":"inventaire","sort":"retenue"}},{"type":"Feature","geometry":{"type":"Polygon","coordinates":[[[4.317332,43.815458],[4.317412,43.815417],[4.317088,43.815188],[4.317012,43.81525],[4.316959,43.815214],[4.316824,43.81533],[4.317202,43.815592],[4.317281,43.815562],[4.317332,43.815458]]]},"properties":{"cle":"osm:w153397444","nom":null,"file":"inventaire","sort":"ecartee"}},{"type":"Feature","geometry":{"type":"Polygon","coordinates":[[[4.390108,43.8442],[4.390344,43.844374],[4.390688,43.844134],[4.390621,43.844082],[4.390513,43.844002],[4.390452,43.84396],[4.390108,43.8442]]]},"properties":{"cle":"osm:w431606059","nom":null,"file":"inventaire","sort":"ecartee"}},{"type":"Feature","geometry":{"type":"Polygon","coordinates":[[[4.370512,43.808698],[4.370569,43.808688],[4.370573,43.808638],[4.370537,43.808618],[4.370567,43.808563],[4.370622,43.808583],[4.370685,43.808566],[4.371015,43.808358],[4.371054,43.808342],[4.370962,43.808253],[4.370838,43.808241],[4.37039,43.808526],[4.370512,43.808698]]]},"properties":{"cle":"osm:w985562861","nom":null,"file":"inventaire","sort":"ecartee"}},{"type":"Feature","geometry":{"type":"Polygon","coordinates":[[[4.298789,43.852517],[4.299139,43.852364],[4.299694,43.852292],[4.299791,43.85214],[4.29935,43.852231],[4.29884,43.852369],[4.298787,43.852331],[4.298667,43.852389],[4.298757,43.852479],[4.298789,43.852517]]]},"properties":{"cle":"osm:w926724413","nom":null,"file":"inventaire","sort":"ecartee"}},{"type":"Feature","geometry":{"type":"Polygon","coordinates":[[[4.356439,43.81948],[4.35652,43.819223],[4.356099,43.819154],[4.356017,43.81941],[4.356439,43.81948]]]},"properties":{"cle":"osm:w1135088629","nom":null,"file":"inventaire","sort":"ecartee"}},{"type":"Feature","geometry":{"type":"Polygon","coordinates":[[[4.355783,43.818518],[4.355592,43.819053],[4.35579,43.81909],[4.355982,43.818555],[4.355783,43.818518]]]},"properties":{"cle":"osm:w156001870","nom":null,"file":"inventaire","sort":"retenue"}},{"type":"Feature","geometry":{"type":"Polygon","coordinates":[[[4.339176,43.82458],[4.339296,43.824401],[4.338753,43.824234],[4.338658,43.824405],[4.339176,43.82458]]]},"properties":{"cle":"osm:w1006768304","nom":null,"file":"inventaire","sort":"retenue"}},{"type":"Feature","geometry":{"type":"Polygon","coordinates":[[[4.340158,43.824955],[4.340271,43.824782],[4.339875,43.824672],[4.339709,43.824943],[4.340017,43.82499],[4.340158,43.824955]]]},"properties":{"cle":"osm:w1006768305","nom":null,"file":"inventaire","sort":"retenue"}},{"type":"Feature","geometry":{"type":"Polygon","coordinates":[[[4.360656,43.820379],[4.360799,43.820023],[4.360688,43.82003],[4.360607,43.820221],[4.360106,43.820109],[4.360044,43.82023],[4.360656,43.820379]]]},"properties":{"cle":"osm:w954232991","nom":null,"file":"inventaire","sort":"ecartee"}},{"type":"Feature","geometry":{"type":"Polygon","coordinates":[[[4.359857,43.820037],[4.359817,43.82003],[4.359851,43.819976],[4.359501,43.819907],[4.359466,43.819851],[4.359518,43.819838],[4.359487,43.819722],[4.359433,43.819701],[4.359276,43.819714],[4.359385,43.820028],[4.359815,43.820136],[4.359857,43.820037]]]},"properties":{"cle":"osm:w991997100","nom":null,"file":"inventaire","sort":"ecartee"}},{"type":"Feature","geometry":{"type":"Polygon","coordinates":[[[4.278074,43.888657,-1000.0],[4.278008,43.888612,-1000.0],[4.277493,43.888975,-1000.0],[4.277648,43.889047,-1000.0],[4.278178,43.888748,-1000.0],[4.278074,43.888657,-1000.0]]]},"properties":{"cle":"bdtopo:EQ_RESEA0000002000743950","nom":null,"file":"inventaire","sort":"retenue"}},{"type":"Feature","geometry":{"type":"Polygon","coordinates":[[[4.371939,43.819795],[4.371889,43.819775],[4.371905,43.819754],[4.371954,43.819777],[4.371998,43.819721],[4.371781,43.819628],[4.371844,43.81954],[4.371892,43.819562],[4.371955,43.819494],[4.371905,43.819477],[4.371922,43.819457],[4.371965,43.819477],[4.372035,43.819396],[4.371863,43.819321],[4.371792,43.819407],[4.37185,43.819428],[4.371831,43.819449],[4.371779,43.819425],[4.371729,43.819491],[4.371772,43.819511],[4.371711,43.819593],[4.371659,43.819574],[4.371609,43.819632],[4.371657,43.81965],[4.371647,43.819671],[4.371592,43.81965],[4.371541,43.819714],[4.371605,43.819742],[4.371794,43.819825],[4.371882,43.819864],[4.371939,43.819795]]]},"properties":{"cle":"osm:w1076398774","nom":null,"file":"inventaire","sort":"retenue"}},{"type":"Feature","geometry":{"type":"Polygon","coordinates":[[[4.310933,43.814915],[4.310853,43.814979],[4.3108,43.814944],[4.310693,43.815023],[4.310798,43.815118],[4.311543,43.814572],[4.311312,43.814581],[4.311056,43.814772],[4.311044,43.814764],[4.310881,43.814884],[4.310933,43.814915]]]},"properties":{"cle":"osm:w941087622","nom":null,"file":"inventaire","sort":"ecartee"}},{"type":"Feature","geometry":{"type":"Polygon","coordinates":[[[4.317013,43.841109],[4.317316,43.840991],[4.317279,43.840885],[4.317157,43.840936],[4.317067,43.840807],[4.316895,43.840847],[4.316753,43.841054],[4.316784,43.841071],[4.316819,43.841142],[4.317013,43.841109]]]},"properties":{"cle":"osm:w923860544","nom":null,"file":"inventaire","sort":"retenue"}},{"type":"Feature","geometry":{"type":"Polygon","coordinates":[[[4.363997,43.822119],[4.364112,43.821928],[4.363935,43.821873],[4.363756,43.822172],[4.364271,43.822334],[4.364336,43.822225],[4.363997,43.822119]]]},"properties":{"cle":"osm:w1089645756","nom":null,"file":"inventaire","sort":"ecartee"}},{"type":"Feature","geometry":{"type":"Polygon","coordinates":[[[4.300517,43.830525],[4.30055,43.83048],[4.300572,43.830492],[4.300536,43.830529],[4.300647,43.830576],[4.300678,43.830533],[4.300699,43.830541],[4.300666,43.830582],[4.30078,43.830625],[4.300805,43.830588],[4.300835,43.830592],[4.300796,43.830633],[4.300907,43.830678],[4.300936,43.830642],[4.300959,43.830649],[4.300927,43.830687],[4.301034,43.830734],[4.301066,43.830703],[4.301092,43.830719],[4.301187,43.830612],[4.301118,43.83058],[4.301108,43.830592],[4.301024,43.830564],[4.30099,43.830601],[4.300975,43.830594],[4.301004,43.830557],[4.300895,43.830513],[4.30086,43.830546],[4.300844,43.830539],[4.300872,43.830504],[4.300757,43.830459],[4.300727,43.830493],[4.300711,43.830486],[4.300742,43.830452],[4.300633,43.830407],[4.300615,43.830432],[4.30059,43.830426],[4.300616,43.830402],[4.300509,43.830349],[4.300483,43.830385],[4.300434,43.830373],[4.300367,43.830459],[4.300517,43.830525]]]},"properties":{"cle":"osm:w934068820","nom":null,"file":"inventaire","sort":"ecartee"}},{"type":"Feature","geometry":{"type":"Polygon","coordinates":[[[4.376118,43.862553],[4.376187,43.862576],[4.376172,43.862598],[4.376294,43.862646],[4.376519,43.862738],[4.376558,43.862695],[4.376672,43.862542],[4.376636,43.862528],[4.376342,43.862412],[4.376246,43.862375],[4.376118,43.862553]]]},"properties":{"cle":"osm:w718213752","nom":"Parking Relais Calvas","file":"inventaire","sort":"ecartee"}},{"type":"Feature","geometry":{"type":"Polygon","coordinates":[[[4.371044,43.822109],[4.371175,43.822022],[4.371239,43.822076],[4.371398,43.821965],[4.371364,43.821928],[4.371426,43.821901],[4.37147,43.821912],[4.37172,43.822105],[4.371822,43.822035],[4.371598,43.821847],[4.371526,43.821875],[4.371341,43.821795],[4.370959,43.822064],[4.371044,43.822109]]]},"properties":{"cle":"osm:w929889633","nom":null,"file":"inventaire","sort":"ecartee"}},{"type":"Feature","geometry":{"type":"Polygon","coordinates":[[[4.372307,43.842272],[4.372857,43.842384],[4.372975,43.842229],[4.372383,43.842104],[4.372307,43.842272]]]},"properties":{"cle":"osm:w1560775426","nom":null,"file":"inventaire","sort":"retenue"}},{"type":"Feature","geometry":{"type":"Polygon","coordinates":[[[4.372009,43.82274],[4.371726,43.822502],[4.372028,43.822329],[4.371876,43.822179],[4.371756,43.822265],[4.371584,43.822491],[4.371918,43.822792],[4.372009,43.82274]]]},"properties":{"cle":"osm:w929889641","nom":null,"file":"inventaire","sort":"ecartee"}},{"type":"Feature","geometry":{"type":"Polygon","coordinates":[[[4.366703,43.822163],[4.366833,43.822016],[4.366328,43.82179],[4.366204,43.82194],[4.366703,43.822163]]]},"properties":{"cle":"osm:w237824148","nom":null,"file":"inventaire","sort":"ecartee"}},{"type":"Feature","geometry":{"type":"Polygon","coordinates":[[[4.369177,43.8214],[4.369587,43.821038],[4.369405,43.820927],[4.36902,43.821312],[4.369177,43.8214]]]},"properties":{"cle":"osm:w929889628","nom":null,"file":"inventaire","sort":"ecartee"}},{"type":"Feature","geometry":{"type":"Polygon","coordinates":[[[4.387445,43.821761],[4.387365,43.821739],[4.386935,43.821362],[4.387036,43.821301],[4.386973,43.821176],[4.386758,43.821273],[4.386824,43.82139],[4.387351,43.821852],[4.387415,43.821866],[4.387445,43.821761]]]},"properties":{"cle":"osm:w952473791","nom":null,"file":"inventaire","sort":"ecartee"}},{"type":"Feature","geometry":{"type":"Polygon","coordinates":[[[4.384555,43.844],[4.384595,43.84399],[4.384673,43.844022],[4.384886,43.843533],[4.384689,43.843493],[4.384489,43.843965],[4.384555,43.844]]]},"properties":{"cle":"osm:w1088250942","nom":null,"file":"inventaire","sort":"retenue"}},{"type":"Feature","geometry":{"type":"Polygon","coordinates":[[[4.332196,43.818345],[4.33212,43.818467],[4.332111,43.818481],[4.332436,43.818584],[4.332501,43.818591],[4.332438,43.818255],[4.332353,43.818094],[4.332196,43.818345]]]},"properties":{"cle":"osm:w732082229","nom":null,"file":"inventaire","sort":"ecartee"}},{"type":"Feature","geometry":{"type":"Polygon","coordinates":[[[4.372166,43.811714],[4.372565,43.811982],[4.372671,43.812026],[4.372734,43.812027],[4.372807,43.811974],[4.372344,43.811605],[4.372166,43.811714]]]},"properties":{"cle":"osm:w356430447","nom":null,"file":"inventaire","sort":"ecartee"}},{"type":"Feature","geometry":{"type":"Polygon","coordinates":[[[4.366872,43.821972],[4.367049,43.821756],[4.366721,43.821606],[4.366532,43.821824],[4.366872,43.821972]]]},"properties":{"cle":"osm:w237824149","nom":null,"file":"inventaire","sort":"ecartee"}},{"type":"Feature","geometry":{"type":"Polygon","coordinates":[[[4.370112,43.810906],[4.370319,43.810484],[4.370142,43.810377],[4.369923,43.810858],[4.370112,43.810906]]]},"properties":{"cle":"osm:w929889658","nom":null,"file":"inventaire","sort":"ecartee"}},{"type":"Feature","geometry":{"type":"Polygon","coordinates":[[[4.364127,43.824062],[4.364275,43.824101],[4.364452,43.824138],[4.364531,43.823985],[4.364363,43.82394],[4.364279,43.823925],[4.36423,43.823911],[4.364234,43.823904],[4.364179,43.82389],[4.364192,43.823867],[4.364105,43.823851],[4.364055,43.823838],[4.364057,43.823832],[4.364028,43.823824],[4.363921,43.824017],[4.364127,43.824062]]]},"properties":{"cle":"osm:w970646587","nom":null,"file":"inventaire","sort":"ecartee"}},{"type":"Feature","geometry":{"type":"Polygon","coordinates":[[[4.350877,43.790233],[4.351,43.790055],[4.350985,43.789975],[4.351022,43.78986],[4.350994,43.789751],[4.350914,43.789735],[4.350652,43.790136],[4.350877,43.790233]]]},"properties":{"cle":"osm:w937257812","nom":null,"file":"inventaire","sort":"ecartee"}},{"type":"Feature","geometry":{"type":"Polygon","coordinates":[[[4.362132,43.820717],[4.362303,43.820254],[4.362087,43.820224],[4.361942,43.820649],[4.362132,43.820717]]]},"properties":{"cle":"osm:w954232989","nom":null,"file":"inventaire","sort":"ecartee"}},{"type":"Feature","geometry":{"type":"Polygon","coordinates":[[[4.339307,43.830469],[4.33935,43.83041],[4.339401,43.83034],[4.338795,43.83012],[4.33871,43.83025],[4.339307,43.830469]]]},"properties":{"cle":"osm:w943392225","nom":null,"file":"inventaire","sort":"retenue"}},{"type":"Feature","geometry":{"type":"Polygon","coordinates":[[[4.300078,43.830925],[4.300104,43.830887],[4.300124,43.830894],[4.300097,43.830934],[4.300138,43.83095],[4.300169,43.830914],[4.300192,43.830921],[4.300158,43.83096],[4.300209,43.830981],[4.300237,43.830941],[4.300252,43.83095],[4.300223,43.830988],[4.300272,43.831006],[4.300303,43.830968],[4.300318,43.830973],[4.300289,43.831014],[4.300332,43.831031],[4.300363,43.830993],[4.30038,43.831001],[4.300352,43.831036],[4.300405,43.831058],[4.300435,43.83102],[4.300455,43.831028],[4.300422,43.831063],[4.300472,43.831086],[4.300502,43.831045],[4.300519,43.831054],[4.300488,43.831089],[4.300537,43.83111],[4.300568,43.831076],[4.300582,43.83108],[4.300553,43.831113],[4.300602,43.831135],[4.300626,43.8311],[4.300653,43.831106],[4.300619,43.83114],[4.300699,43.831179],[4.300845,43.831068],[4.300742,43.831029],[4.300714,43.831068],[4.300694,43.831061],[4.300727,43.831025],[4.300673,43.831005],[4.300646,43.831041],[4.30063,43.831034],[4.300657,43.830996],[4.300611,43.830979],[4.300583,43.831018],[4.30056,43.831009],[4.300597,43.83097],[4.300548,43.83095],[4.300516,43.830989],[4.300502,43.830984],[4.300529,43.830943],[4.300486,43.830927],[4.300455,43.830964],[4.300437,43.830959],[4.300466,43.830917],[4.300418,43.830899],[4.300386,43.830939],[4.300369,43.830934],[4.3004,43.830889],[4.300358,43.83087],[4.300325,43.830913],[4.300309,43.830909],[4.300337,43.830865],[4.300281,43.830848],[4.30026,43.830884],[4.300234,43.830877],[4.300266,43.830837],[4.300215,43.830821],[4.300192,43.830857],[4.300177,43.830851],[4.300204,43.830817],[4.300157,43.830793],[4.300132,43.830829],[4.300097,43.830816],[4.30003,43.830906],[4.300078,43.830925]]]},"properties":{"cle":"osm:w1041446124","nom":null,"file":"inventaire","sort":"ecartee"}},{"type":"Feature","geometry":{"type":"Polygon","coordinates":[[[4.378037,43.846111],[4.37805,43.846133],[4.378061,43.846143],[4.378082,43.846151],[4.378103,43.846161],[4.378126,43.846169],[4.378158,43.846179],[4.378179,43.846188],[4.378195,43.846197],[4.378209,43.846207],[4.378235,43.846233],[4.378249,43.846247],[4.378262,43.846266],[4.378269,43.846281],[4.378269,43.846311],[4.378346,43.846336],[4.378247,43.845846],[4.378011,43.845872],[4.377987,43.845891],[4.378037,43.846111]]]},"properties":{"cle":"osm:w1279871880","nom":null,"file":"inventaire","sort":"retenue"}},{"type":"Feature","geometry":{"type":"Polygon","coordinates":[[[4.357444,43.826318],[4.357861,43.826188],[4.357971,43.826005],[4.357697,43.825984],[4.357614,43.826192],[4.357351,43.826131],[4.357349,43.82626],[4.357444,43.826318]]]},"properties":{"cle":"osm:w686692735","nom":null,"file":"inventaire","sort":"retenue"}},{"type":"Feature","geometry":{"type":"Polygon","coordinates":[[[4.374305,43.825066],[4.374703,43.82514],[4.374743,43.825116],[4.374398,43.824824],[4.374345,43.824793],[4.374139,43.824962],[4.374305,43.825066]]]},"properties":{"cle":"osm:w44308293","nom":null,"file":"inventaire","sort":"ecartee"}},{"type":"Feature","geometry":{"type":"Polygon","coordinates":[[[4.316554,43.827612],[4.316654,43.827626],[4.316821,43.827636],[4.316906,43.827618],[4.317129,43.827528],[4.317099,43.827453],[4.316959,43.827452],[4.31672,43.82748],[4.316594,43.827464],[4.316485,43.827466],[4.316488,43.827452],[4.316454,43.827452],[4.316458,43.827521],[4.31649,43.827616],[4.316554,43.827612]]]},"properties":{"cle":"osm:w1172587422","nom":null,"file":"inventaire","sort":"ecartee"}},{"type":"Feature","geometry":{"type":"Polygon","coordinates":[[[4.350972,43.831618],[4.351063,43.831311],[4.35083,43.831247],[4.350646,43.831422],[4.35061,43.831453],[4.350972,43.831618]]]},"properties":{"cle":"osm:w548551578","nom":null,"file":"inventaire","sort":"ecartee"}},{"type":"Feature","geometry":{"type":"Polygon","coordinates":[[[4.320307,43.839776],[4.320221,43.839566],[4.3201,43.839546],[4.32008,43.839496],[4.319966,43.83952],[4.320031,43.83968],[4.319835,43.839722],[4.319893,43.839864],[4.320307,43.839776]]]},"properties":{"cle":"osm:w1116381682","nom":null,"file":"inventaire","sort":"ecartee"}},{"type":"Feature","geometry":{"type":"Polygon","coordinates":[[[4.371256,43.822528],[4.371412,43.82244],[4.371229,43.822278],[4.371192,43.822303],[4.371165,43.822282],[4.371207,43.822253],[4.371033,43.822116],[4.370822,43.822187],[4.371256,43.822528]]]},"properties":{"cle":"osm:w929889632","nom":null,"file":"inventaire","sort":"ecartee"}},{"type":"Feature","geometry":{"type":"Polygon","coordinates":[[[4.376468,43.842319],[4.376547,43.842171],[4.375973,43.842041],[4.375912,43.84219],[4.376468,43.842319]]]},"properties":{"cle":"osm:w1095391163","nom":null,"file":"inventaire","sort":"ecartee"}},{"type":"Feature","geometry":{"type":"Polygon","coordinates":[[[4.371057,43.811128],[4.371238,43.810725],[4.371022,43.810681],[4.370854,43.811072],[4.371057,43.811128]]]},"properties":{"cle":"osm:w929889657","nom":null,"file":"inventaire","sort":"ecartee"}},{"type":"Feature","geometry":{"type":"Polygon","coordinates":[[[4.365093,43.824564],[4.365228,43.824602],[4.365425,43.82465],[4.365503,43.8245],[4.365374,43.824461],[4.365318,43.824452],[4.365266,43.82444],[4.365133,43.824391],[4.365001,43.82435],[4.364906,43.824509],[4.365093,43.824564]]]},"properties":{"cle":"osm:w970646592","nom":null,"file":"inventaire","sort":"ecartee"}},{"type":"Feature","geometry":{"type":"Polygon","coordinates":[[[4.299719,43.831405],[4.299789,43.831432],[4.299767,43.831461],[4.299825,43.831486],[4.299856,43.831441],[4.299878,43.831451],[4.299845,43.831488],[4.299952,43.831533],[4.299986,43.831492],[4.300007,43.831502],[4.299978,43.831539],[4.300019,43.831559],[4.300051,43.831519],[4.30007,43.831527],[4.300037,43.831566],[4.300153,43.831613],[4.300183,43.831573],[4.300202,43.831582],[4.300171,43.831621],[4.300222,43.831642],[4.300246,43.8316],[4.30027,43.831609],[4.300239,43.831652],[4.300341,43.831689],[4.300424,43.831555],[4.300326,43.831519],[4.300298,43.831553],[4.300274,43.831547],[4.300303,43.831512],[4.300258,43.83149],[4.300232,43.831527],[4.300218,43.831522],[4.30024,43.831489],[4.300129,43.831438],[4.300101,43.831479],[4.300077,43.831469],[4.30011,43.831434],[4.300066,43.831412],[4.300042,43.83145],[4.300018,43.831444],[4.300051,43.831406],[4.300003,43.831387],[4.299976,43.831424],[4.299957,43.831417],[4.299986,43.83138],[4.299939,43.83136],[4.299908,43.831402],[4.299888,43.831397],[4.29992,43.831355],[4.29987,43.831335],[4.299846,43.831373],[4.299823,43.831367],[4.299847,43.831329],[4.299805,43.831314],[4.299782,43.831346],[4.299744,43.831335],[4.299707,43.8314],[4.299719,43.831405]]]},"properties":{"cle":"osm:w934068822","nom":null,"file":"inventaire","sort":"ecartee"}},{"type":"Feature","geometry":{"type":"Polygon","coordinates":[[[4.363649,43.809257],[4.363272,43.810354],[4.363341,43.810364],[4.363735,43.809276],[4.363649,43.809257]]]},"properties":{"cle":"osm:w1197822001","nom":null,"file":"inventaire","sort":"retenue"}},{"type":"Feature","geometry":{"type":"Polygon","coordinates":[[[4.362957,43.810475],[4.363006,43.810329],[4.362372,43.810219],[4.362339,43.810345],[4.362957,43.810475]]]},"properties":{"cle":"osm:w922848511","nom":null,"file":"inventaire","sort":"retenue"}},{"type":"Feature","geometry":{"type":"Polygon","coordinates":[[[4.338322,43.833664],[4.338517,43.833454],[4.338259,43.833308],[4.338027,43.833523],[4.338322,43.833664]]]},"properties":{"cle":"osm:w943390730","nom":null,"file":"inventaire","sort":"ecartee"}},{"type":"Feature","geometry":{"type":"Polygon","coordinates":[[[4.364807,43.823775],[4.364894,43.823621],[4.364801,43.823582],[4.364563,43.823516],[4.364407,43.823524],[4.364308,43.823641],[4.364807,43.823775]]]},"properties":{"cle":"osm:w970646586","nom":null,"file":"inventaire","sort":"ecartee"}},{"type":"Feature","geometry":{"type":"Polygon","coordinates":[[[4.353508,43.819046],[4.353614,43.818719],[4.353384,43.818626],[4.353279,43.819006],[4.353508,43.819046]]]},"properties":{"cle":"osm:w928168877","nom":null,"file":"inventaire","sort":"ecartee"}},{"type":"Feature","geometry":{"type":"Polygon","coordinates":[[[4.364112,43.824461],[4.364204,43.824371],[4.364005,43.824317],[4.363923,43.824303],[4.363872,43.82429],[4.36382,43.824268],[4.363832,43.824244],[4.363752,43.824223],[4.363748,43.82423],[4.3637,43.824218],[4.363704,43.824209],[4.363611,43.824184],[4.363525,43.824148],[4.363454,43.824208],[4.363446,43.824241],[4.363452,43.82426],[4.363473,43.824284],[4.363492,43.824295],[4.363999,43.82443],[4.364112,43.824461]]]},"properties":{"cle":"osm:w970646590","nom":null,"file":"inventaire","sort":"ecartee"}},{"type":"Feature","geometry":{"type":"Polygon","coordinates":[[[4.298555,43.844726],[4.298529,43.844683],[4.298546,43.844679],[4.298569,43.84472],[4.298683,43.844688],[4.298663,43.844649],[4.298681,43.844642],[4.298702,43.844686],[4.298783,43.84466],[4.298763,43.844619],[4.298781,43.844614],[4.298799,43.844655],[4.298891,43.844631],[4.298873,43.844591],[4.298889,43.844584],[4.298909,43.844625],[4.298991,43.844602],[4.298975,43.844564],[4.29899,43.844559],[4.299012,43.844596],[4.299094,43.844572],[4.299074,43.844532],[4.299092,43.844525],[4.29911,43.844569],[4.299199,43.844545],[4.299175,43.844502],[4.299106,43.844472],[4.299087,43.844427],[4.298974,43.844459],[4.298999,43.844506],[4.298983,43.84451],[4.298959,43.844465],[4.298866,43.84449],[4.298894,43.844534],[4.298877,43.844539],[4.298866,43.844515],[4.298659,43.844569],[4.298669,43.844593],[4.298633,43.844605],[4.298612,43.844562],[4.298536,43.844582],[4.298558,43.844625],[4.298398,43.844671],[4.298432,43.844759],[4.298555,43.844726]]]},"properties":{"cle":"osm:w1008217034","nom":null,"file":"inventaire","sort":"ecartee"}},{"type":"Feature","geometry":{"type":"Polygon","coordinates":[[[4.364183,43.844651],[4.36418,43.8447],[4.364747,43.84472],[4.364757,43.844567],[4.36419,43.844547],[4.364183,43.844651]]]},"properties":{"cle":"osm:w1099833007","nom":null,"file":"inventaire","sort":"retenue"}},{"type":"Feature","geometry":{"type":"Polygon","coordinates":[[[4.300259,43.844194],[4.300289,43.844124],[4.300269,43.844091],[4.300088,43.844137],[4.300116,43.844182],[4.30008,43.844189],[4.300057,43.844146],[4.29988,43.844195],[4.299902,43.84424],[4.299741,43.84428],[4.299723,43.844242],[4.299593,43.844281],[4.299613,43.844316],[4.299662,43.844359],[4.299685,43.844401],[4.30028,43.844239],[4.300259,43.844194]]]},"properties":{"cle":"osm:w1074192994","nom":null,"file":"inventaire","sort":"ecartee"}},{"type":"Feature","geometry":{"type":"Polygon","coordinates":[[[4.35454,43.816492],[4.354445,43.816754],[4.3545,43.816767],[4.354659,43.816709],[4.354785,43.816333],[4.35479,43.81632],[4.354617,43.816272],[4.35454,43.816492]]]},"properties":{"cle":"osm:w1343178113","nom":null,"file":"inventaire","sort":"ecartee"}},{"type":"Feature","geometry":{"type":"Polygon","coordinates":[[[4.347939,43.81824],[4.348042,43.81831],[4.348005,43.818353],[4.348524,43.81852],[4.348611,43.818406],[4.347951,43.818187],[4.347939,43.81824]]]},"properties":{"cle":"osm:w220937886","nom":null,"file":"inventaire","sort":"retenue"}},{"type":"Feature","geometry":{"type":"Polygon","coordinates":[[[4.319801,43.820241],[4.319973,43.820148],[4.320024,43.820059],[4.319957,43.819954],[4.319863,43.819943],[4.319665,43.820115],[4.319584,43.820214],[4.319699,43.820328],[4.319801,43.820241]]]},"properties":{"cle":"osm:w921778988","nom":null,"file":"inventaire","sort":"retenue"}},{"type":"Feature","geometry":{"type":"Polygon","coordinates":[[[4.368107,43.82218],[4.367809,43.821995],[4.367604,43.822191],[4.367913,43.822326],[4.368107,43.82218]]]},"properties":{"cle":"osm:w929889622","nom":null,"file":"inventaire","sort":"ecartee"}},{"type":"Feature","geometry":{"type":"Polygon","coordinates":[[[4.383744,43.836166],[4.383441,43.835644],[4.38347,43.836243],[4.383744,43.836166]]]},"properties":{"cle":"osm:w810359989","nom":null,"file":"inventaire","sort":"retenue"}},{"type":"Feature","geometry":{"type":"Polygon","coordinates":[[[4.364281,43.82769],[4.364326,43.827626],[4.364482,43.827669],[4.364597,43.827646],[4.364442,43.827386],[4.364323,43.827349],[4.364152,43.827667],[4.364281,43.82769]]]},"properties":{"cle":"osm:w773663452","nom":null,"file":"inventaire","sort":"ecartee"}},{"type":"Feature","geometry":{"type":"Polygon","coordinates":[[[4.36972,43.820056],[4.369793,43.820047],[4.369797,43.820131],[4.369741,43.820134],[4.369754,43.820275],[4.370168,43.820248],[4.370143,43.820066],[4.369878,43.820085],[4.369866,43.819998],[4.369713,43.820009],[4.36972,43.820056]]]},"properties":{"cle":"osm:w572205072","nom":null,"file":"inventaire","sort":"ecartee"}},{"type":"Feature","geometry":{"type":"Polygon","coordinates":[[[4.365137,43.837301],[4.365258,43.837163],[4.365209,43.837088],[4.364743,43.8372],[4.364836,43.837372],[4.365137,43.837301]]]},"properties":{"cle":"osm:w771515352","nom":"Place de l'Écluse","file":"inventaire","sort":"retenue"}},{"type":"Feature","geometry":{"type":"Polygon","coordinates":[[[4.362661,43.832243],[4.362538,43.832145],[4.362075,43.832438],[4.362198,43.83254],[4.362661,43.832243]]]},"properties":{"cle":"osm:w41833868","nom":"Place du Guesclin","file":"inventaire","sort":"retenue"}},{"type":"Feature","geometry":{"type":"Polygon","coordinates":[[[4.338767,43.820726],[4.338456,43.820465],[4.338271,43.820563],[4.338563,43.820828],[4.338767,43.820726]]]},"properties":{"cle":"osm:w968163023","nom":null,"file":"inventaire","sort":"retenue"}},{"type":"Feature","geometry":{"type":"Polygon","coordinates":[[[4.374911,43.811519],[4.375211,43.811385],[4.375019,43.81119],[4.374928,43.811229],[4.374743,43.811323],[4.374781,43.811371],[4.374911,43.811519]]]},"properties":{"cle":"osm:w929889651","nom":null,"file":"inventaire","sort":"ecartee"}},{"type":"Feature","geometry":{"type":"Polygon","coordinates":[[[4.297209,43.844827],[4.297353,43.844786],[4.297328,43.844741],[4.297362,43.844732],[4.297382,43.844777],[4.297531,43.844739],[4.29751,43.844693],[4.297541,43.844686],[4.297556,43.844727],[4.297761,43.844669],[4.29769,43.844535],[4.297191,43.844675],[4.297216,43.84472],[4.297154,43.844737],[4.297185,43.844781],[4.297209,43.844827]]]},"properties":{"cle":"osm:w1074192988","nom":null,"file":"inventaire","sort":"ecartee"}},{"type":"Feature","geometry":{"type":"Polygon","coordinates":[[[4.369966,43.846044],[4.369869,43.845943],[4.369298,43.846192],[4.369354,43.84626],[4.369381,43.846293],[4.369966,43.846044]]]},"properties":{"cle":"osm:w812994324","nom":null,"file":"inventaire","sort":"retenue"}},{"type":"Feature","geometry":{"type":"Polygon","coordinates":[[[4.356992,43.829464],[4.35705,43.829527],[4.357255,43.829458],[4.357181,43.829383],[4.357152,43.829394],[4.357126,43.82936],[4.357113,43.829339],[4.357062,43.82936],[4.357033,43.82929],[4.356994,43.829302],[4.356972,43.82931],[4.356654,43.829446],[4.356732,43.829563],[4.356992,43.829464]]]},"properties":{"cle":"osm:w1002697443","nom":null,"file":"inventaire","sort":"ecartee"}},{"type":"Feature","geometry":{"type":"Polygon","coordinates":[[[4.394309,43.845502],[4.394305,43.845589],[4.394298,43.84574],[4.394484,43.845879],[4.394687,43.845882],[4.394731,43.84585],[4.394342,43.84551],[4.394309,43.845502]]]},"properties":{"cle":"osm:w155950826","nom":null,"file":"inventaire","sort":"retenue"}},{"type":"Feature","geometry":{"type":"Polygon","coordinates":[[[4.345275,43.812287],[4.34522,43.812245],[4.344066,43.813076],[4.34412,43.813095],[4.345275,43.812287]]]},"properties":{"cle":"osm:w954232974","nom":null,"file":"inventaire","sort":"retenue"}},{"type":"Feature","geometry":{"type":"Polygon","coordinates":[[[4.349015,43.83165],[4.349076,43.83168],[4.349271,43.83147],[4.349614,43.831608],[4.349713,43.83153],[4.349293,43.831326],[4.349015,43.83165]]]},"properties":{"cle":"osm:w155799019","nom":null,"file":"inventaire","sort":"ecartee"}},{"type":"Feature","geometry":{"type":"Polygon","coordinates":[[[4.37267,43.842509],[4.372806,43.842394],[4.372227,43.842271],[4.372176,43.842408],[4.37267,43.842509]]]},"properties":{"cle":"osm:w1560775427","nom":null,"file":"inventaire","sort":"retenue"}},{"type":"Feature","geometry":{"type":"Polygon","coordinates":[[[4.347827,43.818295],[4.347775,43.818277],[4.347729,43.818231],[4.347625,43.818203],[4.347614,43.81822],[4.347535,43.818195],[4.347512,43.81821],[4.347492,43.818256],[4.347566,43.818284],[4.347498,43.818386],[4.347485,43.818446],[4.347571,43.81857],[4.34762,43.818588],[4.347827,43.818295]]]},"properties":{"cle":"osm:w1019723640","nom":null,"file":"inventaire","sort":"retenue"}},{"type":"Feature","geometry":{"type":"Polygon","coordinates":[[[4.365578,43.840336],[4.365596,43.84031],[4.365622,43.840241],[4.365631,43.840182],[4.365628,43.840103],[4.365594,43.840064],[4.36553,43.84005],[4.365345,43.840059],[4.365211,43.840065],[4.365193,43.840073],[4.365189,43.84009],[4.365541,43.840349],[4.365578,43.840336]]]},"properties":{"cle":"osm:w39447664","nom":null,"file":"inventaire","sort":"retenue"}},{"type":"Feature","geometry":{"type":"Polygon","coordinates":[[[4.401423,43.854658],[4.401699,43.854496],[4.401393,43.854194],[4.401311,43.854241],[4.401363,43.854278],[4.401519,43.85442],[4.401261,43.854569],[4.401348,43.854647],[4.401423,43.854658]]]},"properties":{"cle":"osm:w1170949775","nom":null,"file":"inventaire","sort":"ecartee"}},{"type":"Feature","geometry":{"type":"Polygon","coordinates":[[[4.310654,43.813324],[4.310695,43.813293],[4.310763,43.81333],[4.310919,43.813192],[4.310893,43.813096],[4.310876,43.813083],[4.310443,43.813148],[4.310406,43.813189],[4.310654,43.813324]]]},"properties":{"cle":"osm:w941087606","nom":null,"file":"inventaire","sort":"ecartee"}},{"type":"Feature","geometry":{"type":"Polygon","coordinates":[[[4.356396,43.808285],[4.356435,43.808307],[4.356494,43.808371],[4.356551,43.808353],[4.356556,43.808158],[4.356552,43.808117],[4.356134,43.808173],[4.356142,43.808213],[4.356076,43.80822],[4.356093,43.808326],[4.356396,43.808285]]]},"properties":{"cle":"osm:w505017789","nom":null,"file":"inventaire","sort":"retenue"}},{"type":"Feature","geometry":{"type":"Polygon","coordinates":[[[4.374044,43.847362],[4.373952,43.847272],[4.373894,43.847214],[4.373556,43.847391],[4.373706,43.847539],[4.374044,43.847362]]]},"properties":{"cle":"osm:w212337783","nom":null,"file":"inventaire","sort":"ecartee"}},{"type":"Feature","geometry":{"type":"Polygon","coordinates":[[[4.341635,43.833435],[4.341335,43.833211],[4.341123,43.833249],[4.341464,43.833551],[4.341635,43.833435]]]},"properties":{"cle":"osm:w926215942","nom":null,"file":"inventaire","sort":"ecartee"}},{"type":"Feature","geometry":{"type":"Polygon","coordinates":[[[4.383262,43.843897],[4.382859,43.843621],[4.382724,43.843724],[4.382858,43.843803],[4.38291,43.843839],[4.383007,43.843904],[4.383074,43.84395],[4.383139,43.843994],[4.383262,43.843897]]]},"properties":{"cle":"osm:w1076398743","nom":null,"file":"inventaire","sort":"ecartee"}},{"type":"Feature","geometry":{"type":"Polygon","coordinates":[[[4.341668,43.82122],[4.341794,43.821147],[4.341828,43.82107],[4.341525,43.820936],[4.341463,43.820948],[4.341394,43.821115],[4.341497,43.821163],[4.341668,43.82122]]]},"properties":{"cle":"osm:w968162986","nom":null,"file":"inventaire","sort":"retenue"}},{"type":"Feature","geometry":{"type":"Polygon","coordinates":[[[4.345467,43.813086],[4.345476,43.813011],[4.345405,43.813],[4.345234,43.813784],[4.345345,43.813793],[4.345467,43.813086]]]},"properties":{"cle":"osm:w954232973","nom":null,"file":"inventaire","sort":"retenue"}},{"type":"Feature","geometry":{"type":"Polygon","coordinates":[[[4.368927,43.824405],[4.369042,43.82423],[4.368766,43.824097],[4.36859,43.82428],[4.368927,43.824405]]]},"properties":{"cle":"osm:w929889614","nom":null,"file":"inventaire","sort":"ecartee"}},{"type":"Feature","geometry":{"type":"Polygon","coordinates":[[[4.361583,43.826542],[4.36168,43.826208],[4.361469,43.826176],[4.361372,43.82651],[4.361583,43.826542]]]},"properties":{"cle":"osm:w239308657","nom":null,"file":"inventaire","sort":"ecartee"}},{"type":"Feature","geometry":{"type":"Polygon","coordinates":[[[4.313836,43.851941],[4.313993,43.852051],[4.314024,43.852113],[4.314156,43.852083],[4.31408,43.851888],[4.314139,43.851838],[4.314093,43.851794],[4.314032,43.851736],[4.313808,43.851865],[4.313836,43.851941]]]},"properties":{"cle":"osm:w1291161462","nom":null,"file":"inventaire","sort":"ecartee"}},{"type":"Feature","geometry":{"type":"Polygon","coordinates":[[[4.310468,43.851058],[4.310719,43.851056],[4.31093,43.851027],[4.310923,43.850987],[4.310716,43.851012],[4.310484,43.851005],[4.30954,43.850884],[4.309522,43.850936],[4.310468,43.851058]]]},"properties":{"cle":"osm:w926724395","nom":null,"file":"inventaire","sort":"ecartee"}},{"type":"Feature","geometry":{"type":"Polygon","coordinates":[[[4.327138,43.831951],[4.3274,43.832037],[4.327464,43.831948],[4.327443,43.831941],[4.327491,43.831864],[4.32751,43.831825],[4.327232,43.831736],[4.327194,43.831798],[4.327105,43.83194],[4.327138,43.831951]]]},"properties":{"cle":"osm:w1005957289","nom":null,"file":"inventaire","sort":"ecartee"}},{"type":"Feature","geometry":{"type":"Polygon","coordinates":[[[4.31818,43.840162],[4.318385,43.840243],[4.318456,43.840251],[4.318569,43.840164],[4.318113,43.839954],[4.318022,43.840011],[4.31818,43.840162]]]},"properties":{"cle":"osm:w934085164","nom":null,"file":"inventaire","sort":"retenue"}},{"type":"Feature","geometry":{"type":"Polygon","coordinates":[[[4.346092,43.814061],[4.346009,43.81443],[4.346196,43.814452],[4.346279,43.814083],[4.346092,43.814061]]]},"properties":{"cle":"osm:w300994967","nom":null,"file":"inventaire","sort":"ecartee"}},{"type":"Feature","geometry":{"type":"Polygon","coordinates":[[[4.332317,43.819179],[4.332645,43.819295],[4.332546,43.818836],[4.332317,43.819179]]]},"properties":{"cle":"osm:w732082230","nom":null,"file":"inventaire","sort":"ecartee"}},{"type":"Feature","geometry":{"type":"Polygon","coordinates":[[[4.364391,43.824437],[4.364529,43.824476],[4.364694,43.824513],[4.364802,43.824368],[4.364468,43.824261],[4.364298,43.824412],[4.364391,43.824437]]]},"properties":{"cle":"osm:w970646589","nom":null,"file":"inventaire","sort":"ecartee"}},{"type":"Feature","geometry":{"type":"Polygon","coordinates":[[[4.363739,43.822427],[4.363789,43.822444],[4.363967,43.822504],[4.364028,43.822525],[4.364155,43.82233],[4.363865,43.822233],[4.363739,43.822427]]]},"properties":{"cle":"osm:w1089645755","nom":null,"file":"inventaire","sort":"ecartee"}},{"type":"Feature","geometry":{"type":"Polygon","coordinates":[[[4.35309,43.813969],[4.353018,43.813962],[4.352935,43.814041],[4.352917,43.814096],[4.353396,43.814155],[4.353438,43.814012],[4.35309,43.813969]]]},"properties":{"cle":"osm:w928168865","nom":null,"file":"inventaire","sort":"retenue"}},{"type":"Feature","geometry":{"type":"Polygon","coordinates":[[[4.370215,43.824991],[4.37027,43.824945],[4.369853,43.82472],[4.369657,43.824704],[4.369611,43.824782],[4.370215,43.824991]]]},"properties":{"cle":"osm:w1033590232","nom":null,"file":"inventaire","sort":"ecartee"}},{"type":"Feature","geometry":{"type":"Polygon","coordinates":[[[4.343066,43.815356],[4.343071,43.81535],[4.343092,43.815321],[4.343197,43.815179],[4.343154,43.815155],[4.343167,43.815143],[4.34321,43.815167],[4.343253,43.815129],[4.343321,43.815116],[4.343364,43.815094],[4.343375,43.815084],[4.343267,43.815043],[4.343161,43.815003],[4.342891,43.815255],[4.343033,43.815325],[4.342992,43.815366],[4.343032,43.81539],[4.343066,43.815356]]]},"properties":{"cle":"osm:w1015980112","nom":null,"file":"inventaire","sort":"retenue"}},{"type":"Feature","geometry":{"type":"Polygon","coordinates":[[[4.346944,43.817944],[4.346605,43.817736],[4.346437,43.817836],[4.346754,43.818033],[4.346944,43.817944]]]},"properties":{"cle":"osm:w954232978","nom":null,"file":"inventaire","sort":"ecartee"}},{"type":"Feature","geometry":{"type":"Polygon","coordinates":[[[4.352931,43.818946],[4.353002,43.81859],[4.352837,43.818547],[4.352748,43.818917],[4.352931,43.818946]]]},"properties":{"cle":"osm:w928168876","nom":null,"file":"inventaire","sort":"ecartee"}},{"type":"Feature","geometry":{"type":"Polygon","coordinates":[[[4.355361,43.83242],[4.355822,43.832388],[4.355822,43.832257],[4.355336,43.832273],[4.355361,43.83242]]]},"properties":{"cle":"osm:w155799017","nom":null,"file":"inventaire","sort":"ecartee"}},{"type":"Feature","geometry":{"type":"Polygon","coordinates":[[[4.359188,43.843779],[4.359375,43.843819],[4.359399,43.843824],[4.359402,43.843817],[4.359536,43.843846],[4.359548,43.843818],[4.359598,43.843829],[4.359661,43.843685],[4.359235,43.843653],[4.359174,43.843698],[4.359188,43.843779]]]},"properties":{"cle":"osm:w997268600","nom":null,"file":"inventaire","sort":"ecartee"}},{"type":"Feature","geometry":{"type":"Polygon","coordinates":[[[4.315272,43.816919],[4.315535,43.816726],[4.315363,43.816604],[4.3151,43.816796],[4.315272,43.816919]]]},"properties":{"cle":"osm:w504720966","nom":null,"file":"inventaire","sort":"ecartee"}},{"type":"Feature","geometry":{"type":"Polygon","coordinates":[[[4.347664,43.815326],[4.347651,43.815277],[4.347765,43.815182],[4.348465,43.815454],[4.348501,43.815417],[4.348398,43.815359],[4.347772,43.815142],[4.347672,43.815163],[4.347597,43.815259],[4.347601,43.815362],[4.347716,43.815463],[4.347766,43.815435],[4.347664,43.815326]]]},"properties":{"cle":"osm:w928168870","nom":null,"file":"inventaire","sort":"ecartee"}},{"type":"Feature","geometry":{"type":"Polygon","coordinates":[[[4.345421,43.812708],[4.345609,43.812718],[4.345676,43.812647],[4.345799,43.812189],[4.345701,43.812189],[4.34563,43.812637],[4.345595,43.812672],[4.345365,43.812656],[4.34531,43.812959],[4.345375,43.812974],[4.345421,43.812708]]]},"properties":{"cle":"osm:w954232975","nom":null,"file":"inventaire","sort":"retenue"}},{"type":"Feature","geometry":{"type":"Polygon","coordinates":[[[4.300639,43.844194],[4.300616,43.844156],[4.300634,43.844151],[4.300656,43.844188],[4.300743,43.844165],[4.300721,43.844125],[4.300738,43.844117],[4.300759,43.844159],[4.30087,43.844127],[4.300853,43.844091],[4.300872,43.844085],[4.300889,43.844122],[4.301004,43.844089],[4.300942,43.843958],[4.300877,43.843974],[4.300898,43.844013],[4.300877,43.844021],[4.300859,43.843983],[4.300761,43.844007],[4.300783,43.844047],[4.300762,43.844052],[4.300741,43.844011],[4.300643,43.844041],[4.300663,43.844079],[4.300641,43.844085],[4.300623,43.844043],[4.300569,43.844057],[4.300592,43.844097],[4.300562,43.844105],[4.300539,43.844065],[4.300463,43.844086],[4.300484,43.844123],[4.30053,43.84418],[4.300553,43.844217],[4.300639,43.844194]]]},"properties":{"cle":"osm:w1008217035","nom":null,"file":"inventaire","sort":"ecartee"}},{"type":"Feature","geometry":{"type":"Polygon","coordinates":[[[4.345489,43.815812],[4.345962,43.815912],[4.346013,43.815788],[4.34554,43.815688],[4.345489,43.815812]]]},"properties":{"cle":"osm:w306374505","nom":null,"file":"inventaire","sort":"ecartee"}},{"type":"Feature","geometry":{"type":"Polygon","coordinates":[[[4.338435,43.825386],[4.338548,43.825292],[4.338251,43.825236],[4.337809,43.825113],[4.337773,43.825175],[4.338435,43.825386]]]},"properties":{"cle":"osm:w926719693","nom":null,"file":"inventaire","sort":"retenue"}},{"type":"Feature","geometry":{"type":"Polygon","coordinates":[[[4.350177,43.83125],[4.350298,43.831227],[4.350322,43.831077],[4.350049,43.831033],[4.349935,43.831159],[4.349966,43.831229],[4.350177,43.83125]]]},"properties":{"cle":"osm:w548551581","nom":null,"file":"inventaire","sort":"ecartee"}},{"type":"Feature","geometry":{"type":"Polygon","coordinates":[[[4.405343,43.85791],[4.405346,43.857828],[4.405394,43.857793],[4.405229,43.857669],[4.405106,43.85761],[4.40498,43.857721],[4.405294,43.857931],[4.405343,43.85791]]]},"properties":{"cle":"osm:w1531709451","nom":null,"file":"inventaire","sort":"ecartee"}},{"type":"Feature","geometry":{"type":"Polygon","coordinates":[[[4.37483,43.812082],[4.374729,43.811989],[4.374308,43.812074],[4.3742,43.812093],[4.374221,43.812197],[4.37483,43.812082]]]},"properties":{"cle":"osm:w952473797","nom":null,"file":"inventaire","sort":"ecartee"}},{"type":"Feature","geometry":{"type":"Polygon","coordinates":[[[4.362228,43.831834],[4.362212,43.831821],[4.362175,43.831789],[4.361907,43.831565],[4.361835,43.831842],[4.361824,43.831883],[4.362228,43.831834]]]},"properties":{"cle":"osm:w41833799","nom":"Place du 8 Mai 1945","file":"inventaire","sort":"retenue"}},{"type":"Feature","geometry":{"type":"Polygon","coordinates":[[[4.395444,43.845566],[4.395001,43.845502],[4.395435,43.845843],[4.395444,43.845566]]]},"properties":{"cle":"osm:w1493434070","nom":null,"file":"inventaire","sort":"ecartee"}},{"type":"Feature","geometry":{"type":"Polygon","coordinates":[[[4.342724,43.815983],[4.342862,43.815866],[4.342553,43.815688],[4.342404,43.815797],[4.342724,43.815983]]]},"properties":{"cle":"osm:w1015980115","nom":null,"file":"inventaire","sort":"ecartee"}},{"type":"Feature","geometry":{"type":"Polygon","coordinates":[[[4.327194,43.831798],[4.327151,43.831742],[4.326836,43.831588],[4.326779,43.831677],[4.326968,43.831811],[4.327036,43.831898],[4.327049,43.831912],[4.327081,43.831946],[4.327105,43.83194],[4.327194,43.831798]]]},"properties":{"cle":"osm:w1005957293","nom":null,"file":"inventaire","sort":"retenue"}},{"type":"Feature","geometry":{"type":"Polygon","coordinates":[[[4.370461,43.840823],[4.370471,43.840791],[4.370487,43.840745],[4.370506,43.840695],[4.37024,43.840632],[4.370231,43.840651],[4.370191,43.840761],[4.370163,43.840844],[4.370236,43.840863],[4.370435,43.840902],[4.370461,43.840823]]]},"properties":{"cle":"osm:w39784606","nom":null,"file":"inventaire","sort":"retenue"}},{"type":"Feature","geometry":{"type":"Polygon","coordinates":[[[4.361501,43.82058],[4.361576,43.820435],[4.361498,43.82042],[4.361333,43.820393],[4.36121,43.820373],[4.361154,43.820363],[4.361109,43.820487],[4.361501,43.82058]]]},"properties":{"cle":"osm:w954232992","nom":null,"file":"inventaire","sort":"ecartee"}},{"type":"Feature","geometry":{"type":"Polygon","coordinates":[[[4.38565,43.823618],[4.385818,43.823178],[4.385731,43.82316],[4.385673,43.823196],[4.385521,43.823595],[4.38565,43.823618]]]},"properties":{"cle":"osm:w952473788","nom":null,"file":"inventaire","sort":"ecartee"}},{"type":"Feature","geometry":{"type":"Polygon","coordinates":[[[4.38528,43.842716],[4.385542,43.842779],[4.385377,43.842537],[4.385357,43.842463],[4.385129,43.842492],[4.38528,43.842716]]]},"properties":{"cle":"osm:w507306551","nom":null,"file":"inventaire","sort":"retenue"}},{"type":"Feature","geometry":{"type":"Polygon","coordinates":[[[4.321228,43.839531],[4.321284,43.839454],[4.321111,43.839399],[4.320837,43.839485],[4.320945,43.83964],[4.321228,43.839531]]]},"properties":{"cle":"osm:w944317118","nom":null,"file":"inventaire","sort":"ecartee"}},{"type":"Feature","geometry":{"type":"Polygon","coordinates":[[[4.291398,43.861928],[4.291568,43.861905],[4.291579,43.861755],[4.291242,43.861772],[4.291242,43.861787],[4.29118,43.86179],[4.291178,43.861909],[4.291398,43.861928]]]},"properties":{"cle":"osm:w1019723582","nom":null,"file":"inventaire","sort":"retenue"}},{"type":"Feature","geometry":{"type":"Polygon","coordinates":[[[4.414906,43.87431],[4.415224,43.87414],[4.4151,43.87402],[4.415035,43.874055],[4.414783,43.87419],[4.414906,43.87431]]]},"properties":{"cle":"osm:w618832451","nom":null,"file":"inventaire","sort":"ecartee"}},{"type":"Feature","geometry":{"type":"Polygon","coordinates":[[[4.364926,43.808526],[4.364969,43.808442],[4.365022,43.808463],[4.365146,43.808214],[4.364973,43.808166],[4.364807,43.80852],[4.364926,43.808526]]]},"properties":{"cle":"osm:w156184435","nom":null,"file":"inventaire","sort":"retenue"}},{"type":"Feature","geometry":{"type":"Polygon","coordinates":[[[4.386998,43.835706],[4.387064,43.835866],[4.387416,43.8358],[4.387346,43.835648],[4.387144,43.835691],[4.387131,43.83567],[4.386998,43.835706]]]},"properties":{"cle":"osm:w155950837","nom":null,"file":"inventaire","sort":"ecartee"}},{"type":"Feature","geometry":{"type":"Polygon","coordinates":[[[4.368359,43.821958],[4.368521,43.821848],[4.368218,43.821673],[4.368091,43.821802],[4.368359,43.821958]]]},"properties":{"cle":"osm:w929889623","nom":null,"file":"inventaire","sort":"ecartee"}},{"type":"Feature","geometry":{"type":"Polygon","coordinates":[[[4.369402,43.820716],[4.369543,43.820597],[4.369245,43.820427],[4.369116,43.820551],[4.369402,43.820716]]]},"properties":{"cle":"osm:w929889627","nom":null,"file":"inventaire","sort":"ecartee"}},{"type":"Feature","geometry":{"type":"Polygon","coordinates":[[[4.366484,43.821809],[4.366602,43.821679],[4.366286,43.821539],[4.366176,43.82166],[4.366484,43.821809]]]},"properties":{"cle":"osm:w929882652","nom":null,"file":"inventaire","sort":"ecartee"}},{"type":"Feature","geometry":{"type":"Polygon","coordinates":[[[4.31636,43.812935],[4.316051,43.812726],[4.315949,43.812792],[4.315937,43.812852],[4.316156,43.812998],[4.31636,43.812935]]]},"properties":{"cle":"osm:w1081164361","nom":null,"file":"inventaire","sort":"ecartee"}},{"type":"Feature","geometry":{"type":"Polygon","coordinates":[[[4.388117,43.838124],[4.388159,43.838114],[4.388172,43.838093],[4.388175,43.838066],[4.388147,43.838041],[4.388133,43.838032],[4.387553,43.83794],[4.387587,43.838038],[4.388117,43.838124]]]},"properties":{"cle":"osm:w1122447283","nom":null,"file":"inventaire","sort":"retenue"}},{"type":"Feature","geometry":{"type":"Polygon","coordinates":[[[4.317697,43.84082],[4.317714,43.840773],[4.318056,43.840639],[4.318001,43.84057],[4.317893,43.840607],[4.317738,43.840662],[4.31755,43.840728],[4.31752,43.840769],[4.317531,43.840823],[4.317617,43.840849],[4.317697,43.84082]]]},"properties":{"cle":"osm:w954232997","nom":null,"file":"inventaire","sort":"retenue"}},{"type":"Feature","geometry":{"type":"Polygon","coordinates":[[[4.361109,43.820487],[4.361154,43.820363],[4.36116,43.820346],[4.361089,43.820329],[4.360798,43.820265],[4.360758,43.820402],[4.361109,43.820487]]]},"properties":{"cle":"osm:w954232990","nom":null,"file":"inventaire","sort":"ecartee"}},{"type":"Feature","geometry":{"type":"Polygon","coordinates":[[[4.359996,43.81924],[4.360121,43.819251],[4.360232,43.818922],[4.360033,43.819027],[4.359887,43.819164],[4.359996,43.81924]]]},"properties":{"cle":"osm:w958114371","nom":null,"file":"inventaire","sort":"retenue"}},{"type":"Feature","geometry":{"type":"Polygon","coordinates":[[[4.352112,43.832382],[4.352095,43.832452],[4.35221,43.832469],[4.352192,43.832537],[4.352512,43.832584],[4.352528,43.832527],[4.352549,43.832451],[4.352112,43.832382]]]},"properties":{"cle":"osm:w1531449181","nom":null,"file":"inventaire","sort":"ecartee"}},{"type":"Feature","geometry":{"type":"Polygon","coordinates":[[[4.374021,43.810758],[4.374316,43.810343],[4.374215,43.810312],[4.373913,43.810721],[4.374021,43.810758]]]},"properties":{"cle":"osm:w929889653","nom":null,"file":"inventaire","sort":"ecartee"}},{"type":"Feature","geometry":{"type":"Polygon","coordinates":[[[4.300849,43.851308],[4.300883,43.851319],[4.301224,43.851267],[4.301293,43.851222],[4.301274,43.851123],[4.30081,43.85123],[4.300849,43.851308]]]},"properties":{"cle":"osm:w926724407","nom":null,"file":"inventaire","sort":"ecartee"}},{"type":"Feature","geometry":{"type":"Polygon","coordinates":[[[4.329085,43.837044],[4.329096,43.836973],[4.32908,43.836884],[4.328954,43.837003],[4.328928,43.83704],[4.328909,43.837363],[4.329016,43.837361],[4.32903,43.837335],[4.329032,43.837313],[4.329013,43.837257],[4.32903,43.837178],[4.329069,43.837079],[4.329085,43.837044]]]},"properties":{"cle":"osm:w40651616","nom":null,"file":"inventaire","sort":"retenue"}},{"type":"Feature","geometry":{"type":"Polygon","coordinates":[[[4.334054,43.814082],[4.334202,43.814266],[4.334005,43.814342],[4.334023,43.814378],[4.334188,43.814347],[4.334231,43.81429],[4.334239,43.814212],[4.334195,43.814135],[4.334084,43.814037],[4.333727,43.813786],[4.333715,43.813839],[4.334054,43.814082]]]},"properties":{"cle":"osm:w935861074","nom":null,"file":"inventaire","sort":"ecartee"}},{"type":"Feature","geometry":{"type":"Polygon","coordinates":[[[4.36385,43.808862],[4.364073,43.808213],[4.364003,43.808193],[4.363777,43.808849],[4.36385,43.808862]]]},"properties":{"cle":"osm:w996250405","nom":null,"file":"inventaire","sort":"retenue"}},{"type":"Feature","geometry":{"type":"Polygon","coordinates":[[[4.364162,43.808401],[4.364335,43.80844],[4.364429,43.808219],[4.364353,43.808203],[4.364272,43.808184],[4.364247,43.808244],[4.364163,43.808225],[4.364107,43.80836],[4.364173,43.808374],[4.364162,43.808401]]]},"properties":{"cle":"osm:w156184432","nom":null,"file":"inventaire","sort":"ecartee"}},{"type":"Feature","geometry":{"type":"Polygon","coordinates":[[[4.354527,43.820067],[4.354545,43.820016],[4.353666,43.819882],[4.353648,43.819941],[4.354527,43.820067]]]},"properties":{"cle":"osm:w958114367","nom":null,"file":"inventaire","sort":"retenue"}},{"type":"Feature","geometry":{"type":"Polygon","coordinates":[[[4.337424,43.823593],[4.337352,43.82357],[4.336996,43.824149],[4.337012,43.824155],[4.337068,43.824173],[4.337424,43.823593]]]},"properties":{"cle":"osm:w1203539024","nom":null,"file":"inventaire","sort":"retenue"}},{"type":"Feature","geometry":{"type":"Polygon","coordinates":[[[4.366314,43.820668],[4.366122,43.821341],[4.366202,43.821333],[4.366387,43.820658],[4.366314,43.820668]]]},"properties":{"cle":"osm:w929882645","nom":null,"file":"inventaire","sort":"retenue"}},{"type":"Feature","geometry":{"type":"Polygon","coordinates":[[[4.372439,43.84264],[4.372474,43.842558],[4.371924,43.842433],[4.371888,43.842515],[4.372439,43.84264]]]},"properties":{"cle":"osm:w1560775434","nom":null,"file":"inventaire","sort":"retenue"}},{"type":"Feature","geometry":{"type":"Polygon","coordinates":[[[4.323783,43.807794],[4.323803,43.807745],[4.323005,43.807155],[4.322987,43.807201],[4.323783,43.807794]]]},"properties":{"cle":"osm:w504720902","nom":null,"file":"inventaire","sort":"retenue"}},{"type":"Feature","geometry":{"type":"Polygon","coordinates":[[[4.356966,43.833648],[4.356449,43.83353],[4.35641,43.833606],[4.356915,43.833736],[4.356966,43.833648]]]},"properties":{"cle":"osm:w155799018","nom":null,"file":"inventaire","sort":"ecartee"}},{"type":"Feature","geometry":{"type":"Polygon","coordinates":[[[4.337158,43.836165],[4.337246,43.836038],[4.336929,43.835954],[4.336875,43.836102],[4.337158,43.836165]]]},"properties":{"cle":"osm:w946557879","nom":null,"file":"inventaire","sort":"ecartee"}},{"type":"Feature","geometry":{"type":"Polygon","coordinates":[[[4.374107,43.811703],[4.37389,43.811176],[4.373828,43.811211],[4.374015,43.811729],[4.374107,43.811703]]]},"properties":{"cle":"osm:w929889649","nom":null,"file":"inventaire","sort":"ecartee"}},{"type":"Feature","geometry":{"type":"Polygon","coordinates":[[[4.414444,43.873851],[4.414522,43.873811],[4.414647,43.873626],[4.414459,43.873572],[4.414397,43.873687],[4.414322,43.873723],[4.414444,43.873851]]]},"properties":{"cle":"osm:w708018714","nom":null,"file":"inventaire","sort":"ecartee"}},{"type":"Feature","geometry":{"type":"Polygon","coordinates":[[[4.342184,43.853091],[4.342026,43.852986],[4.341691,43.853204],[4.34188,43.853206],[4.342184,43.853091]]]},"properties":{"cle":"osm:w1099818204","nom":null,"file":"inventaire","sort":"retenue"}},{"type":"Feature","geometry":{"type":"Polygon","coordinates":[[[4.338404,43.832809],[4.338443,43.832827],[4.338538,43.832749],[4.338511,43.832676],[4.338371,43.832665],[4.338233,43.832676],[4.338157,43.832746],[4.338355,43.832848],[4.338404,43.832809]]]},"properties":{"cle":"osm:w943390727","nom":null,"file":"inventaire","sort":"ecartee"}},{"type":"Feature","geometry":{"type":"Polygon","coordinates":[[[4.327848,43.813754],[4.327878,43.813725],[4.3275,43.813531],[4.327443,43.813701],[4.327848,43.813754]]]},"properties":{"cle":"osm:w1082670725","nom":null,"file":"inventaire","sort":"retenue"}},{"type":"Feature","geometry":{"type":"Polygon","coordinates":[[[4.37347,43.811263],[4.373408,43.811277],[4.373647,43.811872],[4.37372,43.811854],[4.37347,43.811263]]]},"properties":{"cle":"osm:w929889647","nom":null,"file":"inventaire","sort":"ecartee"}},{"type":"Feature","geometry":{"type":"Polygon","coordinates":[[[4.360754,43.840123],[4.36085,43.840119],[4.361043,43.840115],[4.361042,43.840054],[4.36104,43.840027],[4.361039,43.839976],[4.360718,43.839991],[4.360719,43.84012],[4.360754,43.840123]]]},"properties":{"cle":"osm:w779441650","nom":null,"file":"inventaire","sort":"retenue"}},{"type":"Feature","geometry":{"type":"Polygon","coordinates":[[[4.338116,43.829132],[4.338225,43.829119],[4.338322,43.828947],[4.338334,43.828876],[4.33823,43.828862],[4.338042,43.82907],[4.338116,43.829132]]]},"properties":{"cle":"osm:w926212391","nom":null,"file":"inventaire","sort":"ecartee"}},{"type":"Feature","geometry":{"type":"Polygon","coordinates":[[[4.320478,43.811743],[4.320686,43.811893],[4.32076,43.811832],[4.320868,43.811795],[4.320674,43.8117],[4.320504,43.811657],[4.320478,43.811743]]]},"properties":{"cle":"osm:w152338897","nom":null,"file":"inventaire","sort":"ecartee"}},{"type":"Feature","geometry":{"type":"Polygon","coordinates":[[[4.328908,43.813424],[4.328949,43.813336],[4.328547,43.813241],[4.328508,43.813351],[4.328908,43.813424]]]},"properties":{"cle":"osm:w946545747","nom":null,"file":"inventaire","sort":"ecartee"}},{"type":"Feature","geometry":{"type":"Polygon","coordinates":[[[4.355092,43.808765],[4.355093,43.80872],[4.355213,43.808715],[4.355213,43.808623],[4.354911,43.808629],[4.354911,43.808675],[4.35484,43.808676],[4.354841,43.808726],[4.354844,43.808767],[4.355092,43.808765]]]},"properties":{"cle":"osm:w505017791","nom":null,"file":"inventaire","sort":"ecartee"}},{"type":"Feature","geometry":{"type":"Polygon","coordinates":[[[4.349255,43.819304],[4.349506,43.818899],[4.34941,43.818875],[4.349187,43.819266],[4.349192,43.819322],[4.349255,43.819304]]]},"properties":{"cle":"osm:w954232981","nom":null,"file":"inventaire","sort":"retenue"}},{"type":"Feature","geometry":{"type":"Polygon","coordinates":[[[4.315251,43.848295],[4.315218,43.848153],[4.314981,43.84816],[4.314945,43.848162],[4.314943,43.848304],[4.315251,43.848295]]]},"properties":{"cle":"osm:w996250395","nom":null,"file":"inventaire","sort":"ecartee"}},{"type":"Feature","geometry":{"type":"Polygon","coordinates":[[[4.372785,43.84164],[4.372801,43.841601],[4.372452,43.841529],[4.372409,43.841637],[4.372758,43.841709],[4.372785,43.84164]]]},"properties":{"cle":"osm:w1560775422","nom":null,"file":"inventaire","sort":"ecartee"}},{"type":"Feature","geometry":{"type":"Polygon","coordinates":[[[4.345563,43.812591],[4.345644,43.812235],[4.345569,43.812221],[4.34536,43.812291],[4.345406,43.812325],[4.345545,43.812287],[4.345507,43.812526],[4.345451,43.812534],[4.345425,43.812584],[4.345563,43.812591]]]},"properties":{"cle":"osm:w954232976","nom":null,"file":"inventaire","sort":"retenue"}},{"type":"Feature","geometry":{"type":"Polygon","coordinates":[[[4.337813,43.821333],[4.336671,43.820297],[4.33684,43.820224],[4.337851,43.821128],[4.338047,43.821018],[4.338173,43.821155],[4.337813,43.821333]]]},"properties":{"cle":"osm:w968163021","nom":null,"file":"inventaire","sort":"retenue"}},{"type":"Feature","geometry":{"type":"Polygon","coordinates":[[[4.337505,43.819987],[4.337393,43.819891],[4.33709,43.82005],[4.337145,43.820101],[4.337261,43.820052],[4.337296,43.820085],[4.337505,43.819987]]]},"properties":{"cle":"osm:w968163017","nom":null,"file":"inventaire","sort":"retenue"}},{"type":"Feature","geometry":{"type":"Polygon","coordinates":[[[4.334589,43.829384],[4.334505,43.829347],[4.334356,43.829352],[4.334256,43.82943],[4.334368,43.829533],[4.334389,43.829506],[4.334458,43.82953],[4.334589,43.829384]]]},"properties":{"cle":"osm:w1005957296","nom":null,"file":"inventaire","sort":"retenue"}},{"type":"Feature","geometry":{"type":"Polygon","coordinates":[[[4.373647,43.811237],[4.37393,43.810878],[4.373842,43.810844],[4.373564,43.811222],[4.373647,43.811237]]]},"properties":{"cle":"osm:w929889652","nom":null,"file":"inventaire","sort":"ecartee"}},{"type":"Feature","geometry":{"type":"Polygon","coordinates":[[[4.33862,43.825207],[4.338801,43.825169],[4.338969,43.825106],[4.339068,43.825038],[4.339196,43.824874],[4.339134,43.824862],[4.339033,43.825012],[4.338946,43.825079],[4.338776,43.825137],[4.338631,43.825169],[4.338363,43.8251],[4.338352,43.825097],[4.338334,43.82513],[4.33862,43.825207]]]},"properties":{"cle":"osm:w1006768306","nom":null,"file":"inventaire","sort":"ecartee"}},{"type":"Feature","geometry":{"type":"Polygon","coordinates":[[[4.315218,43.848153],[4.31524,43.848153],[4.315198,43.847986],[4.31499,43.848008],[4.314981,43.84816],[4.315218,43.848153]]]},"properties":{"cle":"osm:w512087070","nom":null,"file":"inventaire","sort":"ecartee"}},{"type":"Feature","geometry":{"type":"Polygon","coordinates":[[[4.351319,43.832247],[4.351047,43.832259],[4.351022,43.832343],[4.351329,43.832393],[4.351374,43.832253],[4.351319,43.832247]]]},"properties":{"cle":"osm:w155799020","nom":null,"file":"inventaire","sort":"ecartee"}},{"type":"Feature","geometry":{"type":"Polygon","coordinates":[[[4.365831,43.824615],[4.36591,43.824479],[4.365758,43.824439],[4.365693,43.82447],[4.365629,43.824452],[4.365565,43.824547],[4.365831,43.824615]]]},"properties":{"cle":"osm:w970646594","nom":null,"file":"inventaire","sort":"ecartee"}},{"type":"Feature","geometry":{"type":"Polygon","coordinates":[[[4.353222,43.815441],[4.352993,43.816767],[4.353017,43.816785],[4.353253,43.815416],[4.353222,43.815441]]]},"properties":{"cle":"osm:w1015980089","nom":null,"file":"inventaire","sort":"ecartee"}},{"type":"Feature","geometry":{"type":"Polygon","coordinates":[[[4.328102,43.8084],[4.328364,43.807882],[4.328305,43.807873],[4.328041,43.808376],[4.328102,43.8084]]]},"properties":{"cle":"osm:w1044053948","nom":null,"file":"inventaire","sort":"retenue"}},{"type":"Feature","geometry":{"type":"Polygon","coordinates":[[[4.342894,43.835542],[4.342913,43.835585],[4.342959,43.835622],[4.343001,43.835633],[4.343064,43.835635],[4.343146,43.835608],[4.343178,43.83553],[4.343155,43.83547],[4.343036,43.835494],[4.342903,43.835498],[4.342894,43.835542]]]},"properties":{"cle":"osm:w44739402","nom":null,"file":"inventaire","sort":"retenue"}},{"type":"Feature","geometry":{"type":"Polygon","coordinates":[[[4.306791,43.845066],[4.306704,43.845159],[4.306723,43.845206],[4.306819,43.845246],[4.306866,43.845238],[4.306983,43.845108],[4.306986,43.845069],[4.306818,43.844992],[4.306772,43.844995],[4.306728,43.845044],[4.306768,43.845058],[4.306791,43.845034],[4.306927,43.845092],[4.306829,43.845193],[4.30677,43.84517],[4.306846,43.84509],[4.306791,43.845066]]]},"properties":{"cle":"osm:w1019723545","nom":null,"file":"inventaire","sort":"retenue"}},{"type":"Feature","geometry":{"type":"Polygon","coordinates":[[[4.308058,43.814138],[4.308184,43.814066],[4.308105,43.813995],[4.308023,43.813896],[4.307948,43.81388],[4.307891,43.813924],[4.307952,43.813981],[4.307952,43.814007],[4.308058,43.814138]]]},"properties":{"cle":"osm:w153320347","nom":null,"file":"inventaire","sort":"ecartee"}},{"type":"Feature","geometry":{"type":"Polygon","coordinates":[[[4.387069,43.821211],[4.38709,43.821254],[4.387308,43.82145],[4.387348,43.821431],[4.387225,43.821296],[4.387234,43.821292],[4.387186,43.821241],[4.38731,43.82118],[4.387327,43.821171],[4.387296,43.821137],[4.387252,43.821114],[4.387069,43.821211]]]},"properties":{"cle":"osm:w1551337555","nom":null,"file":"inventaire","sort":"ecartee"}},{"type":"Feature","geometry":{"type":"Polygon","coordinates":[[[4.358027,43.832974],[4.358052,43.832949],[4.35791,43.832847],[4.357761,43.832793],[4.357755,43.83297],[4.358027,43.832974]]]},"properties":{"cle":"osm:w1531449177","nom":null,"file":"inventaire","sort":"ecartee"}},{"type":"Feature","geometry":{"type":"Polygon","coordinates":[[[4.352284,43.83673],[4.352385,43.836588],[4.352199,43.83652],[4.352098,43.836661],[4.352284,43.83673]]]},"properties":{"cle":"osm:w1531449171","nom":null,"file":"inventaire","sort":"ecartee"}},{"type":"Feature","geometry":{"type":"Polygon","coordinates":[[[4.309006,43.853185],[4.308986,43.853194],[4.30891,43.853194],[4.308839,43.853182],[4.308856,43.853267],[4.308951,43.853309],[4.308954,43.853379],[4.309062,43.853401],[4.309068,43.853259],[4.309051,43.853167],[4.309006,43.853185]]]},"properties":{"cle":"osm:w1282549777","nom":null,"file":"inventaire","sort":"retenue"}},{"type":"Feature","geometry":{"type":"Polygon","coordinates":[[[4.366666,43.84133],[4.366373,43.841132],[4.366327,43.841325],[4.366666,43.84133]]]},"properties":{"cle":"osm:w39444339","nom":null,"file":"inventaire","sort":"retenue"}},{"type":"Feature","geometry":{"type":"Polygon","coordinates":[[[4.320935,43.813427],[4.320955,43.813377],[4.320906,43.813337],[4.320901,43.813332],[4.320874,43.813337],[4.320827,43.813349],[4.320764,43.813419],[4.320742,43.813498],[4.320773,43.813544],[4.320867,43.813576],[4.320935,43.813427]]]},"properties":{"cle":"osm:w946550824","nom":null,"file":"inventaire","sort":"ecartee"}},{"type":"Feature","geometry":{"type":"Polygon","coordinates":[[[4.301232,43.851741],[4.301212,43.851703],[4.300757,43.851791],[4.300793,43.851882],[4.301232,43.851741]]]},"properties":{"cle":"osm:w926724412","nom":null,"file":"inventaire","sort":"ecartee"}},{"type":"Feature","geometry":{"type":"Polygon","coordinates":[[[4.330144,43.832364],[4.329878,43.832313],[4.329934,43.832106],[4.330256,43.832141],[4.330261,43.83212],[4.329898,43.832078],[4.329828,43.83235],[4.329966,43.832393],[4.330057,43.832408],[4.33007,43.832375],[4.330144,43.832384],[4.330144,43.832364]]]},"properties":{"cle":"osm:w760463622","nom":null,"file":"inventaire","sort":"ecartee"}},{"type":"Feature","geometry":{"type":"Polygon","coordinates":[[[4.35437,43.827326],[4.354356,43.827333],[4.354389,43.827373],[4.354406,43.827367],[4.354527,43.827516],[4.354511,43.827523],[4.354541,43.827563],[4.354561,43.827557],[4.354624,43.827632],[4.354678,43.827608],[4.35437,43.827224],[4.354304,43.827246],[4.35437,43.827326]]]},"properties":{"cle":"osm:w42292830","nom":null,"file":"inventaire","sort":"ecartee"}},{"type":"Feature","geometry":{"type":"Polygon","coordinates":[[[4.332521,43.813217],[4.332582,43.813141],[4.332321,43.813037],[4.33225,43.813045],[4.332211,43.813103],[4.332521,43.813217]]]},"properties":{"cle":"osm:w935861071","nom":null,"file":"inventaire","sort":"ecartee"}},{"type":"Feature","geometry":{"type":"Polygon","coordinates":[[[4.397976,43.858891],[4.397995,43.858847],[4.398013,43.858804],[4.397611,43.858919],[4.39769,43.859001],[4.397976,43.858891]]]},"properties":{"cle":"osm:w1085410257","nom":null,"file":"inventaire","sort":"ecartee"}},{"type":"Feature","geometry":{"type":"Polygon","coordinates":[[[4.385758,43.843553],[4.385816,43.843429],[4.385587,43.843375],[4.38553,43.843498],[4.385758,43.843553]]]},"properties":{"cle":"osm:w1210783359","nom":null,"file":"inventaire","sort":"ecartee"}},{"type":"Feature","geometry":{"type":"Polygon","coordinates":[[[4.404691,43.858967],[4.405295,43.858992],[4.405299,43.85894],[4.404695,43.858915],[4.404691,43.858967]]]},"properties":{"cle":"osm:w1531709456","nom":null,"file":"inventaire","sort":"ecartee"}},{"type":"Feature","geometry":{"type":"Polygon","coordinates":[[[4.30537,43.844421],[4.305284,43.844516],[4.305309,43.844552],[4.305473,43.844627],[4.305523,43.844612],[4.305635,43.844486],[4.305618,43.844451],[4.305524,43.84441],[4.30546,43.844404],[4.305485,43.844456],[4.305509,43.844455],[4.30557,43.844486],[4.305485,43.844577],[4.305357,43.844517],[4.305414,43.844448],[4.30537,43.844421]]]},"properties":{"cle":"osm:w1023048048","nom":null,"file":"inventaire","sort":"retenue"}},{"type":"Feature","geometry":{"type":"Polygon","coordinates":[[[4.363484,43.821164],[4.363506,43.821129],[4.362765,43.820893],[4.362743,43.820928],[4.363484,43.821164]]]},"properties":{"cle":"osm:w954232993","nom":null,"file":"inventaire","sort":"ecartee"}},{"type":"Feature","geometry":{"type":"Polygon","coordinates":[[[4.344205,43.844004],[4.343848,43.843879],[4.343679,43.843701],[4.343505,43.843749],[4.343486,43.8439],[4.34369,43.844084],[4.344122,43.844109],[4.344205,43.844004]]]},"properties":{"cle":"osm:w935862686","nom":null,"file":"inventaire","sort":"retenue"}},{"type":"Feature","geometry":{"type":"Polygon","coordinates":[[[4.318926,43.83975],[4.318959,43.839461],[4.318804,43.83945],[4.3188,43.839564],[4.318863,43.839571],[4.318864,43.839748],[4.318926,43.83975]]]},"properties":{"cle":"osm:w934085160","nom":null,"file":"inventaire","sort":"ecartee"}},{"type":"Feature","geometry":{"type":"Polygon","coordinates":[[[4.370712,43.842378],[4.370726,43.84233],[4.370765,43.842234],[4.370806,43.842126],[4.370492,43.842321],[4.370712,43.842378]]]},"properties":{"cle":"osm:w39070542","nom":null,"file":"inventaire","sort":"ecartee"}},{"type":"Feature","geometry":{"type":"Polygon","coordinates":[[[4.3366,43.816741],[4.337,43.816366],[4.336949,43.81634],[4.33655,43.816713],[4.3366,43.816741]]]},"properties":{"cle":"osm:w1082267875","nom":null,"file":"inventaire","sort":"ecartee"}},{"type":"Feature","geometry":{"type":"Polygon","coordinates":[[[4.351592,43.814809],[4.351668,43.814773],[4.351801,43.814339],[4.35172,43.814376],[4.351592,43.814809]]]},"properties":{"cle":"osm:w1015980065","nom":null,"file":"inventaire","sort":"ecartee"}},{"type":"Feature","geometry":{"type":"Polygon","coordinates":[[[4.312006,43.83792],[4.311948,43.837748],[4.311784,43.837791],[4.311806,43.837854],[4.311861,43.837955],[4.312006,43.83792]]]},"properties":{"cle":"osm:w1433209625","nom":null,"file":"inventaire","sort":"ecartee"}},{"type":"Feature","geometry":{"type":"Polygon","coordinates":[[[4.397074,43.856526],[4.397684,43.856692],[4.397712,43.85665],[4.397095,43.856489],[4.397074,43.856526]]]},"properties":{"cle":"osm:w977661701","nom":null,"file":"inventaire","sort":"retenue"}},{"type":"Feature","geometry":{"type":"Polygon","coordinates":[[[4.312728,43.840624],[4.313103,43.840628],[4.313111,43.840547],[4.312728,43.840558],[4.312728,43.840624]]]},"properties":{"cle":"osm:w934084743","nom":null,"file":"inventaire","sort":"retenue"}},{"type":"Feature","geometry":{"type":"Polygon","coordinates":[[[4.321157,43.839353],[4.321214,43.83931],[4.321205,43.839229],[4.321192,43.839191],[4.320986,43.839236],[4.320945,43.839291],[4.321157,43.839353]]]},"properties":{"cle":"osm:w944317119","nom":null,"file":"inventaire","sort":"ecartee"}},{"type":"Feature","geometry":{"type":"Polygon","coordinates":[[[4.35156,43.830669],[4.351159,43.830888],[4.350691,43.83124],[4.35071,43.83125],[4.351174,43.830903],[4.351761,43.830586],[4.351759,43.830563],[4.35156,43.830669]]]},"properties":{"cle":"osm:w935827953","nom":null,"file":"inventaire","sort":"ecartee"}},{"type":"Feature","geometry":{"type":"Polygon","coordinates":[[[4.320237,43.839944],[4.319671,43.840062],[4.319515,43.840209],[4.319566,43.840217],[4.320218,43.839988],[4.320237,43.839944]]]},"properties":{"cle":"osm:w954232996","nom":null,"file":"inventaire","sort":"retenue"}},{"type":"Feature","geometry":{"type":"Polygon","coordinates":[[[4.375229,43.836621],[4.375437,43.836536],[4.375361,43.836439],[4.375152,43.836524],[4.375229,43.836621]]]},"properties":{"cle":"osm:w598061688","nom":null,"file":"inventaire","sort":"ecartee"}},{"type":"Feature","geometry":{"type":"Polygon","coordinates":[[[4.345363,43.846516],[4.345221,43.846332],[4.345175,43.846216],[4.345194,43.846095],[4.345244,43.846026],[4.345285,43.84599],[4.345249,43.845978],[4.34516,43.846076],[4.345131,43.846163],[4.34514,43.846286],[4.345285,43.846485],[4.345321,43.84653],[4.345363,43.846516]]]},"properties":{"cle":"osm:w935862689","nom":null,"file":"inventaire","sort":"ecartee"}},{"type":"Feature","geometry":{"type":"Polygon","coordinates":[[[4.338009,43.816327],[4.338035,43.816313],[4.338154,43.816376],[4.338188,43.816341],[4.338201,43.816328],[4.338088,43.816266],[4.338065,43.816292],[4.33781,43.816156],[4.337741,43.816183],[4.338009,43.816327]]]},"properties":{"cle":"osm:w1082267877","nom":null,"file":"inventaire","sort":"ecartee"}},{"type":"Feature","geometry":{"type":"Polygon","coordinates":[[[4.323002,43.826332],[4.323147,43.826179],[4.322996,43.826139],[4.322888,43.826291],[4.323002,43.826332]]]},"properties":{"cle":"osm:w935857927","nom":null,"file":"inventaire","sort":"ecartee"}},{"type":"Feature","geometry":{"type":"Polygon","coordinates":[[[4.363295,43.84489],[4.363252,43.844782],[4.363111,43.844811],[4.363127,43.844851],[4.363009,43.844875],[4.363035,43.844943],[4.363295,43.84489]]]},"properties":{"cle":"osm:w1169018243","nom":null,"file":"inventaire","sort":"ecartee"}},{"type":"Feature","geometry":{"type":"Polygon","coordinates":[[[4.331894,43.820978],[4.331864,43.821027],[4.332285,43.821164],[4.332316,43.821114],[4.331894,43.820978]]]},"properties":{"cle":"osm:w619508237","nom":null,"file":"inventaire","sort":"ecartee"}},{"type":"Feature","geometry":{"type":"Polygon","coordinates":[[[4.338433,43.824975],[4.338801,43.82509],[4.338869,43.825059],[4.338433,43.824926],[4.338332,43.825091],[4.338352,43.825097],[4.338363,43.8251],[4.338433,43.824975]]]},"properties":{"cle":"osm:w1006768308","nom":null,"file":"inventaire","sort":"ecartee"}},{"type":"Feature","geometry":{"type":"Polygon","coordinates":[[[4.341263,43.841667],[4.341302,43.841653],[4.341286,43.841625],[4.341207,43.84159],[4.34115,43.841542],[4.341046,43.841573],[4.341093,43.84171],[4.341263,43.841667]]]},"properties":{"cle":"osm:w969910042","nom":null,"file":"inventaire","sort":"ecartee"}},{"type":"Feature","geometry":{"type":"Polygon","coordinates":[[[4.323747,43.855948],[4.323971,43.856272],[4.323986,43.856241],[4.323796,43.855954],[4.323504,43.855645],[4.323468,43.855645],[4.323747,43.855948]]]},"properties":{"cle":"osm:w930359652","nom":null,"file":"inventaire","sort":"ecartee"}},{"type":"Feature","geometry":{"type":"Polygon","coordinates":[[[4.353895,43.837424],[4.35455,43.837513],[4.354595,43.837482],[4.353927,43.837393],[4.353895,43.837424]]]},"properties":{"cle":"osm:w1531449170","nom":null,"file":"inventaire","sort":"retenue"}},{"type":"Feature","geometry":{"type":"Polygon","coordinates":[[[4.389112,43.828103],[4.389228,43.827978],[4.389086,43.827916],[4.388986,43.828027],[4.389112,43.828103]]]},"properties":{"cle":"osm:w657297649","nom":null,"file":"inventaire","sort":"retenue"}},{"type":"Feature","geometry":{"type":"Polygon","coordinates":[[[4.351804,43.81336],[4.351907,43.813405],[4.351957,43.813365],[4.351867,43.813303],[4.351855,43.813315],[4.351556,43.813265],[4.351543,43.813311],[4.351555,43.813321],[4.351804,43.81336]]]},"properties":{"cle":"osm:w928168866","nom":null,"file":"inventaire","sort":"ecartee"}},{"type":"Feature","geometry":{"type":"Polygon","coordinates":[[[4.402249,43.861217],[4.402296,43.86111],[4.402329,43.861068],[4.402288,43.861048],[4.402249,43.861094],[4.402198,43.861221],[4.402147,43.861525],[4.402186,43.861537],[4.402249,43.861217]]]},"properties":{"cle":"osm:w1134368721","nom":null,"file":"inventaire","sort":"ecartee"}},{"type":"Feature","geometry":{"type":"Polygon","coordinates":[[[4.367836,43.821941],[4.36816,43.821645],[4.368108,43.821626],[4.367785,43.821915],[4.367836,43.821941]]]},"properties":{"cle":"osm:w929889625","nom":null,"file":"inventaire","sort":"ecartee"}},{"type":"Feature","geometry":{"type":"Polygon","coordinates":[[[4.359341,43.809646],[4.359404,43.809433],[4.359323,43.809418],[4.359297,43.809487],[4.359222,43.809628],[4.359341,43.809646]]]},"properties":{"cle":"osm:w961131611","nom":null,"file":"inventaire","sort":"ecartee"}},{"type":"Feature","geometry":{"type":"Polygon","coordinates":[[[4.364165,43.807932],[4.364092,43.807916],[4.364003,43.808193],[4.364073,43.808213],[4.364165,43.807932]]]},"properties":{"cle":"osm:w1231759293","nom":null,"file":"inventaire","sort":"retenue"}},{"type":"Feature","geometry":{"type":"Polygon","coordinates":[[[4.332143,43.825529],[4.332192,43.825497],[4.332226,43.825463],[4.332071,43.825398],[4.331977,43.82551],[4.332095,43.82556],[4.332143,43.825529]]]},"properties":{"cle":"osm:w675715359","nom":null,"file":"inventaire","sort":"ecartee"}},{"type":"Feature","geometry":{"type":"Polygon","coordinates":[[[4.398166,43.857145],[4.398539,43.857244],[4.398568,43.857195],[4.398188,43.857098],[4.398166,43.857145]]]},"properties":{"cle":"osm:w977661705","nom":null,"file":"inventaire","sort":"ecartee"}},{"type":"Feature","geometry":{"type":"Polygon","coordinates":[[[4.424965,43.91202],[4.425028,43.911978],[4.424695,43.911567],[4.424537,43.911544],[4.424322,43.911613],[4.424164,43.91164],[4.423555,43.9117],[4.423553,43.911781],[4.423376,43.911758],[4.423349,43.911806],[4.423378,43.91216],[4.424965,43.91202]]]},"properties":{"cle":"osm:w632657582","nom":null,"file":"inventaire","sort":"retenue"}},{"type":"Feature","geometry":{"type":"Polygon","coordinates":[[[4.418987,43.910714],[4.418928,43.91032],[4.418306,43.910491],[4.418344,43.910765],[4.418987,43.910714]]]},"properties":{"cle":"osm:w1091297965","nom":null,"file":"inventaire","sort":"retenue"}},{"type":"Feature","geometry":{"type":"Polygon","coordinates":[[[4.426081,43.926545],[4.426119,43.926542],[4.426307,43.926524],[4.426377,43.926592],[4.426432,43.926704],[4.426463,43.926811],[4.426448,43.926941],[4.426506,43.926996],[4.426542,43.927031],[4.426604,43.926991],[4.42662,43.926862],[4.426541,43.926721],[4.426487,43.92662],[4.426424,43.926473],[4.426362,43.926355],[4.426268,43.926293],[4.426182,43.926355],[4.426206,43.926445],[4.426106,43.926486],[4.426073,43.9265],[4.426081,43.926545]]]},"properties":{"cle":"osm:w99540105","nom":null,"file":"inventaire","sort":"retenue"}},{"type":"Feature","geometry":{"type":"Polygon","coordinates":[[[4.416794,43.911515],[4.416806,43.911568],[4.416795,43.91161],[4.416738,43.911658],[4.416637,43.911694],[4.416729,43.911813],[4.416759,43.911798],[4.416981,43.912155],[4.417094,43.912131],[4.416997,43.911978],[4.416939,43.911997],[4.416913,43.911952],[4.416937,43.911942],[4.416812,43.91173],[4.417128,43.911625],[4.416891,43.911449],[4.416794,43.911515]]]},"properties":{"cle":"osm:w282478068","nom":null,"file":"inventaire","sort":"retenue"}},{"type":"Feature","geometry":{"type":"Polygon","coordinates":[[[4.420047,43.911942],[4.420031,43.911752],[4.420221,43.911684],[4.420111,43.911495],[4.419917,43.91156],[4.419948,43.911952],[4.420047,43.911942]]]},"properties":{"cle":"osm:w1091621052","nom":null,"file":"inventaire","sort":"retenue"}},{"type":"Feature","geometry":{"type":"Polygon","coordinates":[[[4.420558,43.900731],[4.420471,43.900732],[4.420503,43.90113],[4.420572,43.901128],[4.420558,43.900731]]]},"properties":{"cle":"osm:w1112416185","nom":null,"file":"inventaire","sort":"retenue"}},{"type":"Feature","geometry":{"type":"Polygon","coordinates":[[[4.416418,43.911894],[4.416315,43.911721],[4.416189,43.911854],[4.416265,43.911956],[4.416418,43.911894]]]},"properties":{"cle":"osm:w1091622816","nom":null,"file":"inventaire","sort":"retenue"}},{"type":"Feature","geometry":{"type":"Polygon","coordinates":[[[4.419684,43.91074],[4.419723,43.910355],[4.419658,43.910395],[4.419611,43.91076],[4.419684,43.91074]]]},"properties":{"cle":"osm:w561902394","nom":null,"file":"inventaire","sort":"retenue"}},{"type":"Feature","geometry":{"type":"Polygon","coordinates":[[[4.505301,43.818739],[4.505193,43.818783],[4.505094,43.818801],[4.505087,43.818861],[4.505147,43.818862],[4.505239,43.818881],[4.505301,43.818886],[4.506133,43.81886],[4.506135,43.818886],[4.506311,43.818884],[4.506345,43.818857],[4.507489,43.818883],[4.507936,43.818909],[4.508288,43.81894],[4.508672,43.818976],[4.509057,43.819025],[4.509644,43.819111],[4.510226,43.819215],[4.510265,43.819216],[4.510306,43.819195],[4.510332,43.819136],[4.510327,43.819095],[4.510297,43.819071],[4.509786,43.818781],[4.509733,43.818747],[4.509227,43.818452],[4.50815,43.817824],[4.507667,43.817788],[4.507664,43.817831],[4.507634,43.81783],[4.507481,43.817825],[4.50629,43.818635],[4.506232,43.818673],[4.506166,43.818688],[4.505437,43.818711],[4.505371,43.818717],[4.505301,43.818739]]]},"properties":{"cle":"osm:w759144010","nom":"Parking Longue Durée","file":"inventaire","sort":"ecartee"}},{"type":"Feature","geometry":{"type":"Polygon","coordinates":[[[4.496605,43.825803],[4.49684,43.825822],[4.496731,43.825168],[4.497266,43.825135],[4.497155,43.825055],[4.497102,43.824999],[4.496232,43.825087],[4.496165,43.825136],[4.496149,43.825258],[4.496157,43.825374],[4.496203,43.825664],[4.496224,43.825736],[4.496605,43.825803]]]},"properties":{"cle":"osm:w238797474","nom":null,"file":"inventaire","sort":"retenue"}},{"type":"Feature","geometry":{"type":"Polygon","coordinates":[[[4.499505,43.832026],[4.499504,43.831987],[4.499543,43.831987],[4.499547,43.831952],[4.499591,43.831951],[4.499592,43.831827],[4.499741,43.831827],[4.499743,43.831982],[4.499813,43.831983],[4.499813,43.832023],[4.500277,43.832025],[4.500232,43.831747],[4.499205,43.831765],[4.499063,43.831771],[4.499053,43.832027],[4.499505,43.832026]]]},"properties":{"cle":"osm:w992499802","nom":null,"file":"inventaire","sort":"retenue"}},{"type":"Feature","geometry":{"type":"Polygon","coordinates":[[[4.49946,43.829347],[4.499583,43.829269],[4.499528,43.828777],[4.499159,43.828799],[4.499222,43.829355],[4.49946,43.829347]]]},"properties":{"cle":"osm:w565015501","nom":null,"file":"inventaire","sort":"retenue"}},{"type":"Feature","geometry":{"type":"Polygon","coordinates":[[[4.495204,43.826484],[4.49518,43.826288],[4.495073,43.826298],[4.494542,43.826351],[4.494339,43.826372],[4.494358,43.826576],[4.495204,43.826484]]]},"properties":{"cle":"osm:w928211326","nom":null,"file":"inventaire","sort":"retenue"}},{"type":"Feature","geometry":{"type":"Polygon","coordinates":[[[4.502632,43.828606],[4.502491,43.828409],[4.502976,43.828235],[4.503109,43.828433],[4.503218,43.828393],[4.503199,43.828361],[4.503129,43.828263],[4.502996,43.828069],[4.502375,43.82829],[4.502419,43.828678],[4.502632,43.828606]]]},"properties":{"cle":"osm:w880533754","nom":null,"file":"inventaire","sort":"retenue"}},{"type":"Feature","geometry":{"type":"Polygon","coordinates":[[[4.500756,43.827716],[4.500781,43.827975],[4.500833,43.82837],[4.500987,43.828361],[4.501022,43.828153],[4.501028,43.827956],[4.501024,43.827761],[4.501023,43.827629],[4.500749,43.827646],[4.500756,43.827716]]]},"properties":{"cle":"osm:w565015498","nom":null,"file":"inventaire","sort":"retenue"}},{"type":"Feature","geometry":{"type":"Polygon","coordinates":[[[4.502655,43.836361],[4.502933,43.8363],[4.502948,43.836293],[4.502979,43.836263],[4.502967,43.836253],[4.50291,43.83622],[4.502479,43.83596],[4.502415,43.835905],[4.502413,43.835923],[4.502346,43.835989],[4.502306,43.836029],[4.502307,43.836054],[4.502334,43.836103],[4.502306,43.836113],[4.502419,43.836324],[4.502441,43.83632],[4.50247,43.836348],[4.502498,43.836358],[4.502536,43.836363],[4.502536,43.836382],[4.502655,43.836361]]]},"properties":{"cle":"osm:w1044806202","nom":null,"file":"inventaire","sort":"retenue"}},{"type":"Feature","geometry":{"type":"Polygon","coordinates":[[[4.506162,43.826721],[4.505512,43.826707],[4.505481,43.8269],[4.506149,43.826917],[4.506162,43.826721]]]},"properties":{"cle":"osm:w1210804913","nom":null,"file":"inventaire","sort":"ecartee"}},{"type":"Feature","geometry":{"type":"Polygon","coordinates":[[[4.487642,43.830835],[4.487638,43.830971],[4.487645,43.831063],[4.487656,43.831222],[4.487976,43.831219],[4.48797,43.831016],[4.487964,43.830836],[4.487642,43.830835]]]},"properties":{"cle":"osm:w872726764","nom":null,"file":"inventaire","sort":"retenue"}},{"type":"Feature","geometry":{"type":"Polygon","coordinates":[[[4.499852,43.829556],[4.500399,43.829364],[4.500336,43.829274],[4.500255,43.829245],[4.500195,43.829242],[4.499943,43.829328],[4.499868,43.829457],[4.499575,43.82948],[4.499577,43.829522],[4.499618,43.829566],[4.499852,43.829556]]]},"properties":{"cle":"osm:w565015500","nom":null,"file":"inventaire","sort":"retenue"}},{"type":"Feature","geometry":{"type":"Polygon","coordinates":[[[4.490746,43.826786],[4.490716,43.826789],[4.490709,43.826903],[4.491351,43.826852],[4.491343,43.826809],[4.491406,43.826801],[4.491396,43.826701],[4.490741,43.826752],[4.490746,43.826786]]]},"properties":{"cle":"osm:w1091714660","nom":null,"file":"inventaire","sort":"ecartee"}},{"type":"Feature","geometry":{"type":"Polygon","coordinates":[[[4.500395,43.827775],[4.500601,43.827765],[4.500622,43.827983],[4.500781,43.827975],[4.500756,43.827716],[4.500749,43.827646],[4.500384,43.827664],[4.500395,43.827775]]]},"properties":{"cle":"osm:w565015497","nom":null,"file":"inventaire","sort":"ecartee"}},{"type":"Feature","geometry":{"type":"Polygon","coordinates":[[[4.497297,43.830708],[4.497292,43.830624],[4.497164,43.830626],[4.497169,43.830697],[4.497017,43.8307],[4.497019,43.830749],[4.496824,43.830772],[4.496842,43.830809],[4.496935,43.830791],[4.497178,43.830915],[4.497318,43.830861],[4.497297,43.830708]]]},"properties":{"cle":"osm:w872714888","nom":null,"file":"inventaire","sort":"retenue"}},{"type":"Feature","geometry":{"type":"Polygon","coordinates":[[[4.498979,43.829687],[4.499,43.829681],[4.499288,43.829617],[4.499227,43.829508],[4.499167,43.829481],[4.499111,43.829498],[4.499095,43.829475],[4.499024,43.829497],[4.498886,43.829521],[4.498979,43.829687]]]},"properties":{"cle":"osm:w928211325","nom":null,"file":"inventaire","sort":"retenue"}},{"type":"Feature","geometry":{"type":"Polygon","coordinates":[[[4.198288,43.835928],[4.198326,43.835806],[4.198228,43.835789],[4.198138,43.835817],[4.197998,43.835867],[4.197726,43.835975],[4.197721,43.836033],[4.197773,43.836267],[4.197854,43.836281],[4.198288,43.835928]]]},"properties":{"cle":"osm:w444323391","nom":null,"file":"inventaire","sort":"retenue"}},{"type":"Feature","geometry":{"type":"Polygon","coordinates":[[[4.176504,43.824346],[4.176418,43.824276],[4.175614,43.824795],[4.1757,43.824865],[4.176504,43.824346]]]},"properties":{"cle":"osm:w1364061644","nom":null,"file":"inventaire","sort":"retenue"}},{"type":"Feature","geometry":{"type":"Polygon","coordinates":[[[4.202453,43.826931],[4.202358,43.826834],[4.202224,43.826836],[4.202198,43.826601],[4.2019,43.826829],[4.202298,43.826957],[4.202448,43.827007],[4.202453,43.826931]]]},"properties":{"cle":"osm:w219473456","nom":null,"file":"inventaire","sort":"retenue"}},{"type":"Feature","geometry":{"type":"Polygon","coordinates":[[[4.176741,43.824205],[4.176803,43.824161],[4.176477,43.823922],[4.176516,43.823888],[4.176363,43.823771],[4.17631,43.823814],[4.17648,43.824172],[4.176741,43.824205]]]},"properties":{"cle":"osm:w1364061641","nom":null,"file":"inventaire","sort":"ecartee"}},{"type":"Feature","geometry":{"type":"Polygon","coordinates":[[[4.202437,43.826481],[4.202208,43.826597],[4.202231,43.826827],[4.202338,43.826825],[4.202443,43.826822],[4.202437,43.826481]]]},"properties":{"cle":"osm:w160363510","nom":null,"file":"inventaire","sort":"retenue"}},{"type":"Feature","geometry":{"type":"Polygon","coordinates":[[[4.195708,43.824945],[4.195789,43.824798],[4.19588,43.82465],[4.195708,43.824583],[4.195524,43.824861],[4.195708,43.824945]]]},"properties":{"cle":"osm:w1328830563","nom":null,"file":"inventaire","sort":"retenue"}},{"type":"Feature","geometry":{"type":"Polygon","coordinates":[[[4.202729,43.826506,-1000.0],[4.202472,43.826484,-1000.0],[4.202493,43.826738,-1000.0],[4.202719,43.826736,-1000.0],[4.202729,43.826506,-1000.0]]]},"properties":{"cle":"bdtopo:EQ_RESEA0000002323657372","nom":null,"file":"inventaire","sort":"retenue"}},{"type":"Feature","geometry":{"type":"Polygon","coordinates":[[[4.196853,43.823824],[4.196795,43.823749],[4.196399,43.823697],[4.196365,43.823785],[4.196933,43.823906],[4.196853,43.823824]]]},"properties":{"cle":"osm:w1331408717","nom":null,"file":"inventaire","sort":"retenue"}},{"type":"Feature","geometry":{"type":"Polygon","coordinates":[[[4.17834,43.824376],[4.178271,43.82434],[4.178377,43.824208],[4.178355,43.824194],[4.178318,43.82417],[4.178002,43.824383],[4.178207,43.824479],[4.17834,43.824376]]]},"properties":{"cle":"osm:w761045566","nom":null,"file":"inventaire","sort":"retenue"}},{"type":"Feature","geometry":{"type":"Polygon","coordinates":[[[4.190669,43.834746],[4.190951,43.83476],[4.191213,43.8348],[4.191196,43.83475],[4.190918,43.834677],[4.190651,43.834668],[4.190462,43.834752],[4.190669,43.834746]]]},"properties":{"cle":"osm:w1481154240","nom":null,"file":"inventaire","sort":"retenue"}},{"type":"Feature","geometry":{"type":"Polygon","coordinates":[[[4.202054,43.827956],[4.202108,43.827845],[4.202158,43.827744],[4.20207,43.827709],[4.201983,43.8278],[4.202011,43.82781],[4.202008,43.827816],[4.201934,43.827929],[4.202054,43.827956]]]},"properties":{"cle":"osm:w219466996","nom":null,"file":"inventaire","sort":"ecartee"}},{"type":"Feature","geometry":{"type":"Polygon","coordinates":[[[4.233907,43.808361],[4.233898,43.808035],[4.233119,43.808042],[4.233115,43.807797],[4.232907,43.807797],[4.232384,43.807809],[4.232291,43.807884],[4.232402,43.807954],[4.232502,43.807952],[4.232497,43.808369],[4.233907,43.808361]]]},"properties":{"cle":"osm:w26320059","nom":null,"file":"inventaire","sort":"retenue"}},{"type":"Feature","geometry":{"type":"Polygon","coordinates":[[[4.230494,43.808394],[4.230745,43.807939],[4.230702,43.807927],[4.230727,43.807883],[4.230847,43.807732],[4.23042,43.807753],[4.230104,43.808305],[4.230494,43.808394]]]},"properties":{"cle":"osm:w1098073244","nom":null,"file":"inventaire","sort":"retenue"}},{"type":"Feature","geometry":{"type":"Polygon","coordinates":[[[4.221537,43.803799],[4.221583,43.803743],[4.221683,43.803627],[4.221669,43.803581],[4.221435,43.80354],[4.221063,43.803513],[4.221537,43.803799]]]},"properties":{"cle":"osm:w934305452","nom":null,"file":"inventaire","sort":"retenue"}},{"type":"Feature","geometry":{"type":"Polygon","coordinates":[[[4.231362,43.799475,-1000.0],[4.231033,43.79938,-1000.0],[4.230932,43.799469,-1000.0],[4.231013,43.799618,-1000.0],[4.231151,43.79954,-1000.0],[4.231386,43.79951,-1000.0],[4.231362,43.799475,-1000.0]]]},"properties":{"cle":"bdtopo:EQ_RESEA0000002489369235","nom":null,"file":"inventaire","sort":"retenue"}},{"type":"Feature","geometry":{"type":"Polygon","coordinates":[[[4.222855,43.807588],[4.222714,43.807541],[4.222623,43.807671],[4.222934,43.807789],[4.222972,43.807732],[4.222997,43.807695],[4.222871,43.807648],[4.222902,43.807605],[4.222855,43.807588]]]},"properties":{"cle":"osm:w1024476698","nom":null,"file":"inventaire","sort":"ecartee"}},{"type":"Feature","geometry":{"type":"Polygon","coordinates":[[[4.234008,43.806198],[4.23411,43.80622],[4.234161,43.806093],[4.234072,43.806074],[4.234119,43.805959],[4.233999,43.805934],[4.233901,43.806176],[4.234008,43.806198]]]},"properties":{"cle":"osm:w247575220","nom":null,"file":"inventaire","sort":"retenue"}},{"type":"Feature","geometry":{"type":"Polygon","coordinates":[[[4.231164,43.804518],[4.231184,43.80447],[4.230761,43.804361],[4.230735,43.804421],[4.231164,43.804518]]]},"properties":{"cle":"osm:w934305438","nom":null,"file":"inventaire","sort":"retenue"}},{"type":"Feature","geometry":{"type":"Polygon","coordinates":[[[4.466915,43.876413],[4.467159,43.876435],[4.467013,43.87621],[4.466797,43.875878],[4.46646,43.875823],[4.466425,43.875817],[4.466401,43.876259],[4.46639,43.876368],[4.466915,43.876413]]]},"properties":{"cle":"osm:w359113224","nom":"Place du Marché","file":"inventaire","sort":"retenue"}},{"type":"Feature","geometry":{"type":"Polygon","coordinates":[[[4.467229,43.876808],[4.467216,43.876743],[4.466861,43.876703],[4.466585,43.876672],[4.466451,43.876649],[4.466366,43.876635],[4.466343,43.87672],[4.467229,43.876808]]]},"properties":{"cle":"osm:w1081136999","nom":null,"file":"inventaire","sort":"retenue"}},{"type":"Feature","geometry":{"type":"Polygon","coordinates":[[[4.476636,43.878218],[4.476639,43.87819],[4.475811,43.878081],[4.47579,43.878104],[4.476636,43.878218]]]},"properties":{"cle":"osm:w1044918866","nom":null,"file":"inventaire","sort":"retenue"}},{"type":"Feature","geometry":{"type":"Polygon","coordinates":[[[4.411607,43.763178],[4.411847,43.763183],[4.412166,43.76319],[4.412239,43.762136],[4.41232,43.760955],[4.412454,43.760908],[4.412462,43.760804],[4.412564,43.759534],[4.412127,43.759516],[4.411622,43.759503],[4.411598,43.759681],[4.411589,43.75979],[4.411531,43.759788],[4.411467,43.760736],[4.41152,43.760732],[4.411512,43.760848],[4.411494,43.761114],[4.411493,43.761139],[4.411537,43.761138],[4.411519,43.76134],[4.411417,43.761337],[4.411376,43.7623],[4.411476,43.762303],[4.411464,43.762437],[4.41136,43.762431],[4.411312,43.763173],[4.411607,43.763178]]]},"properties":{"cle":"osm:w974573552","nom":null,"file":"inventaire","sort":"ecartee"}},{"type":"Feature","geometry":{"type":"Polygon","coordinates":[[[4.430051,43.67509],[4.430042,43.675122],[4.430652,43.675205],[4.430685,43.675196],[4.430618,43.67514],[4.430619,43.675035],[4.430619,43.675014],[4.430736,43.674896],[4.430748,43.674782],[4.43078,43.674765],[4.430807,43.674776],[4.430792,43.674795],[4.430953,43.674865],[4.430997,43.674884],[4.43105,43.674882],[4.431448,43.674413],[4.431351,43.674303],[4.430954,43.673957],[4.43076,43.673952],[4.430784,43.673828],[4.431329,43.67324],[4.430494,43.672933],[4.430528,43.673448],[4.430564,43.673797],[4.430625,43.67395],[4.430601,43.673972],[4.430539,43.673983],[4.430531,43.674077],[4.429962,43.674136],[4.429951,43.674436],[4.429957,43.674912],[4.429957,43.675088],[4.430051,43.67509]]]},"properties":{"cle":"osm:w50001962","nom":"Charles de Gaulle","file":"inventaire","sort":"retenue"}},{"type":"Feature","geometry":{"type":"Polygon","coordinates":[[[4.434022,43.748129],[4.434051,43.74805],[4.434106,43.748074],[4.434491,43.747582],[4.434437,43.747558],[4.434455,43.747515],[4.432851,43.74719],[4.432627,43.747818],[4.432729,43.74784],[4.432706,43.747905],[4.434022,43.748129]]]},"properties":{"cle":"osm:w525856519","nom":null,"file":"inventaire","sort":"ecartee"}},{"type":"Feature","geometry":{"type":"Polygon","coordinates":[[[4.422586,43.759935],[4.422631,43.759936],[4.422674,43.759938],[4.422705,43.759939],[4.422737,43.75994],[4.422769,43.759941],[4.422801,43.759942],[4.422833,43.759943],[4.422864,43.759944],[4.422896,43.759945],[4.422929,43.759946],[4.422907,43.760268],[4.423105,43.760306],[4.423283,43.759976],[4.423328,43.759213],[4.423334,43.759109],[4.423311,43.7591],[4.423215,43.758987],[4.422711,43.758902],[4.422596,43.758946],[4.422528,43.759014],[4.422483,43.75912],[4.422465,43.759829],[4.422553,43.75983],[4.42255,43.759892],[4.422548,43.759934],[4.422586,43.759935]]]},"properties":{"cle":"osm:w948258661","nom":null,"file":"inventaire","sort":"ecartee"}},{"type":"Feature","geometry":{"type":"Polygon","coordinates":[[[4.410655,43.762407],[4.410604,43.762405],[4.410102,43.762387],[4.410088,43.762386],[4.410046,43.763161],[4.410391,43.763524],[4.410472,43.763491],[4.410547,43.763457],[4.410558,43.7633],[4.410566,43.763186],[4.410654,43.763187],[4.410718,43.762409],[4.410655,43.762407]]]},"properties":{"cle":"osm:w957656367","nom":null,"file":"inventaire","sort":"ecartee"}},{"type":"Feature","geometry":{"type":"Polygon","coordinates":[[[4.411274,43.75138],[4.411282,43.751258],[4.411286,43.751195],[4.411507,43.751202],[4.411535,43.751203],[4.411555,43.750894],[4.411574,43.750605],[4.411578,43.750545],[4.41127,43.750534],[4.411012,43.750525],[4.410896,43.750521],[4.410876,43.750833],[4.410565,43.750822],[4.410562,43.75087],[4.410559,43.750911],[4.410679,43.750915],[4.410675,43.750965],[4.410854,43.750971],[4.410828,43.751365],[4.411274,43.75138]]]},"properties":{"cle":"osm:w561323948","nom":null,"file":"inventaire","sort":"ecartee"}},{"type":"Feature","geometry":{"type":"Polygon","coordinates":[[[4.422873,43.763376],[4.422874,43.763351],[4.422886,43.763151],[4.422823,43.763151],[4.422823,43.763111],[4.422818,43.763111],[4.422782,43.763109],[4.42276,43.763108],[4.422729,43.763107],[4.422698,43.763106],[4.422667,43.763104],[4.422636,43.763103],[4.422606,43.763102],[4.422583,43.763101],[4.42255,43.763099],[4.422521,43.763098],[4.422491,43.763097],[4.422459,43.763096],[4.422429,43.763094],[4.422404,43.763093],[4.422374,43.763092],[4.422343,43.763091],[4.422282,43.763088],[4.42225,43.763087],[4.422225,43.763086],[4.42219,43.763084],[4.422185,43.763126],[4.422124,43.763122],[4.422116,43.763218],[4.422114,43.763248],[4.422102,43.763439],[4.422101,43.76346],[4.422099,43.763481],[4.422098,43.763501],[4.422097,43.763522],[4.422095,43.763542],[4.422094,43.763563],[4.422093,43.763584],[4.422091,43.763605],[4.42209,43.763625],[4.422089,43.763646],[4.422087,43.763667],[4.422086,43.763688],[4.422085,43.76371],[4.422083,43.763733],[4.422081,43.763777],[4.422145,43.763779],[4.422177,43.76378],[4.422209,43.763782],[4.422239,43.763783],[4.42227,43.763784],[4.422301,43.763785],[4.422331,43.763787],[4.422362,43.763788],[4.422393,43.763789],[4.422424,43.76379],[4.422456,43.763792],[4.422487,43.763793],[4.422518,43.763794],[4.422549,43.763795],[4.42258,43.763796],[4.422612,43.763798],[4.422642,43.763799],[4.422681,43.763756],[4.422695,43.763741],[4.422863,43.763479],[4.422873,43.763376]]]},"properties":{"cle":"osm:w543603902","nom":null,"file":"inventaire","sort":"ecartee"}},{"type":"Feature","geometry":{"type":"Polygon","coordinates":[[[4.429068,43.687141],[4.429242,43.686377],[4.428684,43.686261],[4.428536,43.686573],[4.428786,43.686753],[4.428698,43.68706],[4.429068,43.687141]]]},"properties":{"cle":"osm:w772046158","nom":null,"file":"inventaire","sort":"retenue"}},{"type":"Feature","geometry":{"type":"Polygon","coordinates":[[[4.421687,43.672221],[4.421923,43.672132],[4.422068,43.672062],[4.421633,43.671542],[4.421826,43.67146],[4.421778,43.67141],[4.421183,43.671651],[4.421274,43.671782],[4.421424,43.672015],[4.421521,43.672213],[4.421521,43.672302],[4.421687,43.672221]]]},"properties":{"cle":"osm:w219554646","nom":null,"file":"inventaire","sort":"retenue"}},{"type":"Feature","geometry":{"type":"Polygon","coordinates":[[[4.420433,43.670472],[4.420551,43.670624],[4.420589,43.670719],[4.420686,43.670698],[4.42074,43.670754],[4.42129,43.670519],[4.421239,43.670461],[4.421133,43.670325],[4.421041,43.670205],[4.420987,43.670135],[4.420678,43.670262],[4.420369,43.670389],[4.420433,43.670472]]]},"properties":{"cle":"osm:w219554647","nom":null,"file":"inventaire","sort":"retenue"}},{"type":"Feature","geometry":{"type":"Polygon","coordinates":[[[4.411249,43.75528],[4.41181,43.7553],[4.411846,43.754773],[4.411282,43.754751],[4.411249,43.75528]]]},"properties":{"cle":"osm:w974543189","nom":null,"file":"inventaire","sort":"ecartee"}},{"type":"Feature","geometry":{"type":"Polygon","coordinates":[[[4.421146,43.671084],[4.421318,43.671012],[4.421483,43.670945],[4.421705,43.670856],[4.421435,43.670537],[4.420851,43.670769],[4.420874,43.670798],[4.420826,43.670822],[4.42107,43.671112],[4.421146,43.671084]]]},"properties":{"cle":"osm:w219554645","nom":null,"file":"inventaire","sort":"retenue"}},{"type":"Feature","geometry":{"type":"Polygon","coordinates":[[[4.423368,43.758719],[4.423419,43.758187],[4.42349,43.758192],[4.423501,43.75809],[4.423349,43.758084],[4.423337,43.758192],[4.42294,43.758376],[4.422852,43.758444],[4.422833,43.758695],[4.423368,43.758719]]]},"properties":{"cle":"osm:w561044609","nom":null,"file":"inventaire","sort":"ecartee"}},{"type":"Feature","geometry":{"type":"Polygon","coordinates":[[[4.428255,43.687643],[4.428267,43.687623],[4.42832,43.687449],[4.428343,43.687454],[4.428359,43.687403],[4.428375,43.687342],[4.428635,43.687419],[4.428903,43.68747],[4.42889,43.687499],[4.428848,43.687636],[4.428569,43.687591],[4.428538,43.687593],[4.428529,43.687622],[4.428526,43.687634],[4.428507,43.687695],[4.428871,43.687768],[4.429011,43.687311],[4.428491,43.687217],[4.428299,43.687202],[4.428262,43.687229],[4.428048,43.687611],[4.428255,43.687643]]]},"properties":{"cle":"osm:w940724209","nom":null,"file":"inventaire","sort":"ecartee"}},{"type":"Feature","geometry":{"type":"Polygon","coordinates":[[[4.411737,43.756322],[4.411751,43.756082],[4.411819,43.756083],[4.411798,43.755985],[4.411798,43.755957],[4.411215,43.755937],[4.41117,43.755933],[4.411141,43.756302],[4.411737,43.756322]]]},"properties":{"cle":"osm:w974557580","nom":null,"file":"inventaire","sort":"ecartee"}},{"type":"Feature","geometry":{"type":"Polygon","coordinates":[[[4.408311,43.768194],[4.408189,43.767613],[4.408147,43.767607],[4.408116,43.76761],[4.408094,43.767671],[4.407898,43.767854],[4.408014,43.768333],[4.408003,43.768374],[4.408031,43.768409],[4.408058,43.768442],[4.408311,43.768194]]]},"properties":{"cle":"osm:w974679912","nom":null,"file":"inventaire","sort":"ecartee"}},{"type":"Feature","geometry":{"type":"Polygon","coordinates":[[[4.420633,43.765845],[4.420697,43.764999],[4.420463,43.76499],[4.4204,43.765835],[4.420633,43.765845]]]},"properties":{"cle":"osm:w725334035","nom":null,"file":"inventaire","sort":"ecartee"}},{"type":"Feature","geometry":{"type":"Polygon","coordinates":[[[4.412659,43.675486],[4.412687,43.675693],[4.412874,43.67568],[4.412846,43.675469],[4.413309,43.675437],[4.41329,43.675297],[4.412191,43.675374],[4.412211,43.675518],[4.412659,43.675486]]]},"properties":{"cle":"osm:w604653874","nom":null,"file":"inventaire","sort":"ecartee"}},{"type":"Feature","geometry":{"type":"Polygon","coordinates":[[[4.411371,43.762074],[4.411051,43.762064],[4.411074,43.761828],[4.410897,43.761822],[4.410888,43.762024],[4.410842,43.762064],[4.410819,43.762335],[4.411348,43.762357],[4.411371,43.762074]]]},"properties":{"cle":"osm:w974769698","nom":null,"file":"inventaire","sort":"ecartee"}},{"type":"Feature","geometry":{"type":"Polygon","coordinates":[[[4.411494,43.761114],[4.411512,43.760848],[4.410822,43.760822],[4.4108,43.761088],[4.411494,43.761114]]]},"properties":{"cle":"osm:w974769700","nom":null,"file":"inventaire","sort":"ecartee"}},{"type":"Feature","geometry":{"type":"Polygon","coordinates":[[[4.434985,43.685019],[4.43485,43.684564],[4.434464,43.684583],[4.434582,43.685045],[4.434985,43.685019]]]},"properties":{"cle":"osm:w772045750","nom":null,"file":"inventaire","sort":"retenue"}},{"type":"Feature","geometry":{"type":"Polygon","coordinates":[[[4.435989,43.683444],[4.436265,43.68361],[4.436297,43.683405],[4.436117,43.683391],[4.436143,43.683162],[4.435396,43.683099],[4.435388,43.683151],[4.435989,43.683444]]]},"properties":{"cle":"osm:w550738110","nom":null,"file":"inventaire","sort":"ecartee"}},{"type":"Feature","geometry":{"type":"Polygon","coordinates":[[[4.429611,43.751103],[4.429619,43.75105],[4.429568,43.750989],[4.429578,43.750948],[4.428528,43.750846],[4.428475,43.750989],[4.429611,43.751103]]]},"properties":{"cle":"osm:w1035328573","nom":null,"file":"inventaire","sort":"ecartee"}},{"type":"Feature","geometry":{"type":"Polygon","coordinates":[[[4.400412,43.671232],[4.400417,43.671489],[4.400963,43.67152],[4.400981,43.671405],[4.401137,43.671369],[4.401236,43.671312],[4.400993,43.671289],[4.400412,43.671232]]]},"properties":{"cle":"osm:w92905583","nom":null,"file":"inventaire","sort":"ecartee"}},{"type":"Feature","geometry":{"type":"Polygon","coordinates":[[[4.412224,43.767383],[4.412138,43.767365],[4.412055,43.767368],[4.411977,43.76739],[4.411912,43.767429],[4.411887,43.767453],[4.411867,43.76748],[4.411847,43.767539],[4.411854,43.767599],[4.411887,43.767655],[4.411942,43.7677],[4.411967,43.767713],[4.412014,43.767731],[4.412057,43.76774],[4.412101,43.767743],[4.412189,43.767735],[4.412268,43.767705],[4.412329,43.767658],[4.412364,43.767599],[4.412371,43.767535],[4.412347,43.767473],[4.412296,43.767421],[4.412224,43.767383]]]},"properties":{"cle":"osm:w957656378","nom":null,"file":"inventaire","sort":"ecartee"}},{"type":"Feature","geometry":{"type":"Polygon","coordinates":[[[4.412208,43.768585],[4.412184,43.768573],[4.412125,43.76856],[4.412098,43.768555],[4.412015,43.768558],[4.411937,43.76858],[4.411872,43.768618],[4.411828,43.76867],[4.411808,43.768728],[4.411814,43.768788],[4.411847,43.768844],[4.411902,43.76889],[4.411974,43.76892],[4.412061,43.768933],[4.412149,43.768924],[4.412228,43.768895],[4.412289,43.768848],[4.412325,43.768789],[4.412331,43.768725],[4.412307,43.768663],[4.412256,43.76861],[4.412208,43.768585]]]},"properties":{"cle":"osm:w957656379","nom":null,"file":"inventaire","sort":"ecartee"}},{"type":"Feature","geometry":{"type":"Polygon","coordinates":[[[4.423723,43.758235],[4.423759,43.758253],[4.423955,43.758268],[4.424004,43.758289],[4.424196,43.758299],[4.424233,43.758322],[4.424408,43.758338],[4.424435,43.758153],[4.423527,43.758091],[4.423512,43.758211],[4.423723,43.758235]]]},"properties":{"cle":"osm:w169474150","nom":null,"file":"inventaire","sort":"ecartee"}},{"type":"Feature","geometry":{"type":"Polygon","coordinates":[[[4.43389,43.676318],[4.433737,43.676352],[4.433741,43.67649],[4.433932,43.676911],[4.434162,43.676847],[4.43389,43.676318]]]},"properties":{"cle":"osm:w218624389","nom":"Place Jean Jaurès","file":"inventaire","sort":"retenue"}},{"type":"Feature","geometry":{"type":"Polygon","coordinates":[[[4.427086,43.762239],[4.427238,43.76228],[4.427335,43.762213],[4.427496,43.761977],[4.427619,43.761779],[4.427431,43.761709],[4.427086,43.762239]]]},"properties":{"cle":"osm:w168601405","nom":null,"file":"inventaire","sort":"ecartee"}},{"type":"Feature","geometry":{"type":"Polygon","coordinates":[[[4.414594,43.676938],[4.414642,43.676934],[4.414648,43.676948],[4.414726,43.676939],[4.414722,43.676923],[4.414791,43.676914],[4.41468,43.676359],[4.414635,43.676366],[4.4146,43.676338],[4.414472,43.676349],[4.414594,43.676938]]]},"properties":{"cle":"osm:w561825773","nom":null,"file":"inventaire","sort":"retenue"}},{"type":"Feature","geometry":{"type":"Polygon","coordinates":[[[4.426391,43.755408],[4.426405,43.755325],[4.426401,43.755227],[4.425854,43.755235],[4.4258,43.755283],[4.425725,43.755286],[4.425816,43.755416],[4.426391,43.755408]]]},"properties":{"cle":"osm:w603348764","nom":null,"file":"inventaire","sort":"ecartee"}},{"type":"Feature","geometry":{"type":"Polygon","coordinates":[[[4.435958,43.675876],[4.435711,43.675998],[4.436186,43.67645],[4.436392,43.676355],[4.435958,43.675876]]]},"properties":{"cle":"osm:w218629241","nom":null,"file":"inventaire","sort":"retenue"}},{"type":"Feature","geometry":{"type":"Polygon","coordinates":[[[4.427219,43.761558],[4.426922,43.761513],[4.426804,43.761798],[4.426954,43.761924],[4.427069,43.761943],[4.427101,43.761833],[4.427219,43.761558]]]},"properties":{"cle":"osm:w168601410","nom":null,"file":"inventaire","sort":"ecartee"}},{"type":"Feature","geometry":{"type":"Polygon","coordinates":[[[4.413647,43.67605],[4.413639,43.67599],[4.414061,43.675962],[4.414044,43.675827],[4.413673,43.675852],[4.41366,43.675747],[4.413477,43.675759],[4.413515,43.676058],[4.413647,43.67605]]]},"properties":{"cle":"osm:w604653875","nom":null,"file":"inventaire","sort":"ecartee"}},{"type":"Feature","geometry":{"type":"Polygon","coordinates":[[[4.421369,43.763469],[4.421344,43.763785],[4.421642,43.763797],[4.421667,43.763481],[4.421369,43.763469]]]},"properties":{"cle":"osm:w974654218","nom":null,"file":"inventaire","sort":"ecartee"}},{"type":"Feature","geometry":{"type":"Polygon","coordinates":[[[4.433452,43.680753],[4.433305,43.680569],[4.433139,43.68064],[4.433011,43.680744],[4.433121,43.680903],[4.433452,43.680753]]]},"properties":{"cle":"osm:w562015795","nom":null,"file":"inventaire","sort":"retenue"}},{"type":"Feature","geometry":{"type":"Polygon","coordinates":[[[4.433199,43.676585],[4.433189,43.676315],[4.432937,43.676294],[4.432953,43.676532],[4.433016,43.676586],[4.433199,43.676585]]]},"properties":{"cle":"osm:w753738285","nom":null,"file":"inventaire","sort":"retenue"}},{"type":"Feature","geometry":{"type":"Polygon","coordinates":[[[4.431654,43.671168],[4.431597,43.671323],[4.431907,43.671396],[4.432048,43.671211],[4.431654,43.671168]]]},"properties":{"cle":"osm:w831685928","nom":null,"file":"inventaire","sort":"ecartee"}},{"type":"Feature","geometry":{"type":"Polygon","coordinates":[[[4.43386,43.681973],[4.43388,43.681827],[4.433561,43.681806],[4.433548,43.681879],[4.433406,43.681865],[4.433331,43.681859],[4.433321,43.681934],[4.43386,43.681973]]]},"properties":{"cle":"osm:w219564752","nom":null,"file":"inventaire","sort":"retenue"}},{"type":"Feature","geometry":{"type":"Polygon","coordinates":[[[4.431711,43.747486],[4.431727,43.747442],[4.431874,43.747473],[4.431914,43.747376],[4.431523,43.747293],[4.431508,43.747334],[4.431441,43.74732],[4.431421,43.747372],[4.431457,43.747379],[4.431437,43.747433],[4.431711,43.747486]]]},"properties":{"cle":"osm:w525856500","nom":null,"file":"inventaire","sort":"ecartee"}},{"type":"Feature","geometry":{"type":"Polygon","coordinates":[[[4.420232,43.765807],[4.420294,43.764995],[4.420226,43.764993],[4.420165,43.765805],[4.420232,43.765807]]]},"properties":{"cle":"osm:w725334039","nom":null,"file":"inventaire","sort":"ecartee"}},{"type":"Feature","geometry":{"type":"Polygon","coordinates":[[[4.428656,43.685808],[4.428811,43.685574],[4.428618,43.685518],[4.428482,43.685762],[4.428656,43.685808]]]},"properties":{"cle":"osm:w940724203","nom":null,"file":"inventaire","sort":"retenue"}},{"type":"Feature","geometry":{"type":"Polygon","coordinates":[[[4.42183,43.765105],[4.421915,43.764912],[4.42162,43.764911],[4.42161,43.765041],[4.421607,43.765087],[4.42183,43.765105]]]},"properties":{"cle":"osm:w974661437","nom":"autocars","file":"inventaire","sort":"ecartee"}},{"type":"Feature","geometry":{"type":"Polygon","coordinates":[[[4.408556,43.754371],[4.408263,43.754356],[4.408249,43.754504],[4.408542,43.754518],[4.408556,43.754371]]]},"properties":{"cle":"osm:w975272129","nom":null,"file":"inventaire","sort":"ecartee"}},{"type":"Feature","geometry":{"type":"Polygon","coordinates":[[[4.429873,43.752914],[4.429886,43.752866],[4.429044,43.752788],[4.429028,43.752839],[4.429873,43.752914]]]},"properties":{"cle":"osm:w948258656","nom":null,"file":"inventaire","sort":"ecartee"}},{"type":"Feature","geometry":{"type":"Polygon","coordinates":[[[4.429434,43.682829],[4.429776,43.682833],[4.429776,43.682799],[4.42981,43.682753],[4.429812,43.682722],[4.429459,43.682721],[4.429459,43.682741],[4.429425,43.682792],[4.429434,43.682829]]]},"properties":{"cle":"osm:w817986808","nom":null,"file":"inventaire","sort":"retenue"}},{"type":"Feature","geometry":{"type":"Polygon","coordinates":[[[4.429727,43.683341],[4.429729,43.683314],[4.42985,43.683317],[4.429859,43.683146],[4.429792,43.683145],[4.429714,43.683138],[4.429654,43.683139],[4.429651,43.683339],[4.429727,43.683341]]]},"properties":{"cle":"osm:w817986811","nom":null,"file":"inventaire","sort":"ecartee"}},{"type":"Feature","geometry":{"type":"Polygon","coordinates":[[[4.410826,43.67325],[4.410851,43.67312],[4.410588,43.673103],[4.410571,43.673145],[4.410561,43.673228],[4.410826,43.67325]]]},"properties":{"cle":"osm:w604653885","nom":null,"file":"inventaire","sort":"retenue"}},{"type":"Feature","geometry":{"type":"Polygon","coordinates":[[[4.432301,43.678512],[4.432229,43.678616],[4.432338,43.678648],[4.432308,43.678717],[4.432372,43.678736],[4.432484,43.678552],[4.432413,43.678493],[4.432301,43.678512]]]},"properties":{"cle":"osm:w1033380380","nom":"Place Danton","file":"inventaire","sort":"retenue"}},{"type":"Feature","geometry":{"type":"Polygon","coordinates":[[[4.452113,43.671523],[4.45231,43.671442],[4.452226,43.671335],[4.452029,43.671415],[4.452113,43.671523]]]},"properties":{"cle":"osm:w1307280989","nom":null,"file":"inventaire","sort":"ecartee"}},{"type":"Feature","geometry":{"type":"Polygon","coordinates":[[[4.419342,43.677937],[4.419175,43.677619],[4.419114,43.677635],[4.419281,43.677953],[4.419342,43.677937]]]},"properties":{"cle":"osm:w561826499","nom":null,"file":"inventaire","sort":"ecartee"}},{"type":"Feature","geometry":{"type":"Polygon","coordinates":[[[4.193077,43.624869],[4.194112,43.625014],[4.194288,43.624743],[4.194492,43.624816],[4.194782,43.624337],[4.193776,43.624199],[4.19339,43.624146],[4.193077,43.624869]]]},"properties":{"cle":"osm:w1016726921","nom":"Camargue hivernage","file":"inventaire","sort":"ecartee"}},{"type":"Feature","geometry":{"type":"Polygon","coordinates":[[[4.19245,43.624557],[4.192441,43.624651],[4.19255,43.62484],[4.19262,43.624854],[4.192805,43.624889],[4.192939,43.624915],[4.192982,43.624809],[4.193291,43.624042],[4.1932,43.624031],[4.193119,43.624021],[4.193009,43.624008],[4.192604,43.623958],[4.192527,43.623948],[4.192508,43.623947],[4.19245,43.624557]]]},"properties":{"cle":"osm:w1016726922","nom":"Camargue hivernage","file":"inventaire","sort":"ecartee"}},{"type":"Feature","geometry":{"type":"Polygon","coordinates":[[[4.19218,43.629479],[4.192327,43.629236],[4.192269,43.629215],[4.192342,43.629101],[4.192405,43.629122],[4.192639,43.628774],[4.192681,43.628708],[4.19261,43.628683],[4.192539,43.628659],[4.192139,43.628523],[4.192114,43.628592],[4.191972,43.628977],[4.191945,43.629028],[4.191777,43.629347],[4.19218,43.629479]]]},"properties":{"cle":"osm:w161764836","nom":null,"file":"inventaire","sort":"retenue"}},{"type":"Feature","geometry":{"type":"Polygon","coordinates":[[[4.196225,43.637756],[4.196208,43.637496],[4.19475,43.637589],[4.194702,43.637629],[4.194686,43.63766],[4.195023,43.637828],[4.196225,43.637756]]]},"properties":{"cle":"osm:w1041553053","nom":null,"file":"inventaire","sort":"retenue"}},{"type":"Feature","geometry":{"type":"Polygon","coordinates":[[[4.259396,43.58158],[4.25953,43.581091],[4.258992,43.581005],[4.258897,43.581629],[4.259396,43.58158]]]},"properties":{"cle":"osm:w1308560222","nom":"Aire","file":"inventaire","sort":"retenue"}},{"type":"Feature","geometry":{"type":"Polygon","coordinates":[[[4.194793,43.634292],[4.194807,43.634347],[4.194817,43.634388],[4.194854,43.634471],[4.194906,43.634584],[4.194963,43.634629],[4.195073,43.634715],[4.195431,43.634582],[4.195576,43.63451],[4.195517,43.634459],[4.19551,43.634486],[4.195516,43.634491],[4.195508,43.634496],[4.1955,43.634492],[4.195476,43.634497],[4.195462,43.634498],[4.195443,43.634497],[4.195439,43.634501],[4.195428,43.634496],[4.19543,43.63449],[4.195407,43.63448],[4.195399,43.634482],[4.195391,43.634477],[4.19538,43.634486],[4.195354,43.63447],[4.195337,43.634463],[4.195319,43.634451],[4.195311,43.634456],[4.195302,43.634449],[4.195307,43.634443],[4.19526,43.634411],[4.195252,43.634414],[4.19524,43.634403],[4.195244,43.634399],[4.1952,43.634367],[4.195193,43.634371],[4.19518,43.634361],[4.195185,43.634358],[4.195155,43.634335],[4.195146,43.634338],[4.195136,43.634331],[4.195096,43.634287],[4.195012,43.634214],[4.19495,43.634117],[4.194734,43.634191],[4.194793,43.634292]]]},"properties":{"cle":"osm:w795636579","nom":null,"file":"inventaire","sort":"retenue"}},{"type":"Feature","geometry":{"type":"Polygon","coordinates":[[[4.19099,43.63003],[4.191068,43.629855],[4.190744,43.629764],[4.19071,43.629703],[4.190863,43.629387],[4.190714,43.629364],[4.190664,43.629471],[4.190583,43.629458],[4.190502,43.629675],[4.190502,43.629777],[4.190601,43.629895],[4.190721,43.629934],[4.19099,43.63003]]]},"properties":{"cle":"osm:w965186062","nom":null,"file":"inventaire","sort":"retenue"}},{"type":"Feature","geometry":{"type":"Polygon","coordinates":[[[4.193138,43.631281],[4.193065,43.631321],[4.193079,43.631335],[4.193307,43.631558],[4.19363,43.631874],[4.193735,43.631818],[4.193809,43.631778],[4.193543,43.631519],[4.193498,43.631543],[4.193443,43.631489],[4.193389,43.631437],[4.193432,43.631414],[4.19324,43.631226],[4.193138,43.631281]]]},"properties":{"cle":"osm:w404388761","nom":null,"file":"inventaire","sort":"retenue"}},{"type":"Feature","geometry":{"type":"Polygon","coordinates":[[[4.210191,43.589959],[4.210146,43.589957],[4.210096,43.589881],[4.210124,43.589832],[4.210183,43.589797],[4.210164,43.589717],[4.210013,43.589733],[4.209999,43.589695],[4.21015,43.589683],[4.210133,43.589558],[4.209952,43.589562],[4.209952,43.589529],[4.210158,43.589527],[4.210156,43.589479],[4.210265,43.589461],[4.210262,43.589433],[4.210258,43.589403],[4.210143,43.589433],[4.210015,43.589454],[4.20992,43.589427],[4.209839,43.589472],[4.209918,43.589671],[4.210014,43.589846],[4.210143,43.590083],[4.210191,43.589959]]]},"properties":{"cle":"osm:w287371850","nom":"Parking de la Tour Carbonnière","file":"inventaire","sort":"retenue"}},{"type":"Feature","geometry":{"type":"Polygon","coordinates":[[[4.193442,43.636822],[4.193488,43.636815],[4.193379,43.636433],[4.193369,43.636399],[4.193184,43.636427],[4.193303,43.636843],[4.193442,43.636822]]]},"properties":{"cle":"osm:w928879988","nom":null,"file":"inventaire","sort":"retenue"}},{"type":"Feature","geometry":{"type":"Polygon","coordinates":[[[4.195164,43.63354],[4.195215,43.633547],[4.195314,43.633671],[4.195356,43.633738],[4.195377,43.633768],[4.195487,43.633738],[4.1952,43.63342],[4.195184,43.633427],[4.195134,43.633504],[4.195164,43.63354]]]},"properties":{"cle":"osm:w1273145703","nom":null,"file":"inventaire","sort":"ecartee"}},{"type":"Feature","geometry":{"type":"Polygon","coordinates":[[[4.234966,43.583769],[4.234928,43.583719],[4.234449,43.583889],[4.234484,43.583937],[4.234966,43.583769]]]},"properties":{"cle":"osm:w288760963","nom":null,"file":"inventaire","sort":"ecartee"}},{"type":"Feature","geometry":{"type":"Polygon","coordinates":[[[4.565064,43.916815],[4.565289,43.916199],[4.564879,43.916143],[4.56469,43.916775],[4.565064,43.916815]]]},"properties":{"cle":"osm:w1395890018","nom":null,"file":"inventaire","sort":"ecartee"}},{"type":"Feature","geometry":{"type":"Polygon","coordinates":[[[4.554609,43.917556],[4.554282,43.917528],[4.553887,43.917627],[4.553945,43.917701],[4.553999,43.917771],[4.554853,43.917694],[4.554609,43.917556]]]},"properties":{"cle":"osm:w921032584","nom":null,"file":"inventaire","sort":"retenue"}},{"type":"Feature","geometry":{"type":"Polygon","coordinates":[[[4.549539,43.911696],[4.549364,43.911265],[4.54967,43.911204],[4.549753,43.911486],[4.549957,43.911441],[4.550003,43.911544],[4.549539,43.911696]]]},"properties":{"cle":"osm:w1395889999","nom":null,"file":"inventaire","sort":"retenue"}},{"type":"Feature","geometry":{"type":"Polygon","coordinates":[[[4.552169,43.911546],[4.552104,43.911456],[4.551943,43.91146],[4.55185,43.911423],[4.551778,43.911391],[4.551707,43.911304],[4.551637,43.911321],[4.551773,43.911567],[4.551826,43.911658],[4.552169,43.911546]]]},"properties":{"cle":"osm:w155340127","nom":"Place des Planets","file":"inventaire","sort":"retenue"}},{"type":"Feature","geometry":{"type":"Polygon","coordinates":[[[4.550182,43.911175],[4.55015,43.911093],[4.550054,43.911099],[4.550039,43.911069],[4.549965,43.911081],[4.549928,43.910982],[4.549781,43.911047],[4.549887,43.911214],[4.550182,43.911175]]]},"properties":{"cle":"osm:w120339165","nom":null,"file":"inventaire","sort":"ecartee"}},{"type":"Feature","geometry":{"type":"Polygon","coordinates":[[[4.565277,43.916956],[4.565366,43.916627],[4.565296,43.916618],[4.565211,43.916659],[4.565132,43.916938],[4.565277,43.916956]]]},"properties":{"cle":"osm:w1308453777","nom":null,"file":"inventaire","sort":"ecartee"}},{"type":"Feature","geometry":{"type":"Polygon","coordinates":[[[4.553019,43.91171],[4.552949,43.911615],[4.552957,43.91159],[4.552997,43.911572],[4.552973,43.911534],[4.552796,43.911592],[4.552885,43.911762],[4.553019,43.91171]]]},"properties":{"cle":"osm:w345660467","nom":null,"file":"inventaire","sort":"retenue"}},{"type":"Feature","geometry":{"type":"Polygon","coordinates":[[[4.2663,43.758393],[4.266206,43.75844],[4.265974,43.758519],[4.265878,43.758533],[4.265758,43.758551],[4.265613,43.758553],[4.265557,43.758767],[4.266208,43.758871],[4.266324,43.758654],[4.266422,43.758416],[4.266369,43.758359],[4.2663,43.758393]]]},"properties":{"cle":"osm:w499618754","nom":null,"file":"inventaire","sort":"retenue"}},{"type":"Feature","geometry":{"type":"Polygon","coordinates":[[[4.267788,43.758005],[4.267733,43.757979],[4.267772,43.757934],[4.267801,43.7579],[4.266784,43.75744],[4.266684,43.757592],[4.267737,43.758063],[4.267788,43.758005]]]},"properties":{"cle":"osm:w499618750","nom":null,"file":"inventaire","sort":"retenue"}},{"type":"Feature","geometry":{"type":"Polygon","coordinates":[[[4.258125,43.751544],[4.258227,43.751574],[4.258297,43.751379],[4.258375,43.751406],[4.258375,43.75125],[4.258441,43.751188],[4.258495,43.751178],[4.258569,43.751225],[4.258796,43.751012],[4.258665,43.750931],[4.258562,43.750872],[4.258315,43.751086],[4.258397,43.751141],[4.258358,43.751181],[4.258347,43.751188],[4.25801,43.751424],[4.257987,43.751441],[4.258125,43.751544]]]},"properties":{"cle":"osm:w907822809","nom":null,"file":"inventaire","sort":"retenue"}},{"type":"Feature","geometry":{"type":"Polygon","coordinates":[[[4.283961,43.73951],[4.283916,43.739477],[4.284454,43.738657],[4.284381,43.738653],[4.283856,43.739487],[4.28391,43.73956],[4.285171,43.739974],[4.285185,43.739926],[4.283961,43.73951]]]},"properties":{"cle":"osm:w941906724","nom":null,"file":"inventaire","sort":"ecartee"}},{"type":"Feature","geometry":{"type":"Polygon","coordinates":[[[4.286437,43.73883],[4.286218,43.738797],[4.286049,43.739071],[4.286231,43.739137],[4.286437,43.73883]]]},"properties":{"cle":"osm:w941906706","nom":null,"file":"inventaire","sort":"ecartee"}},{"type":"Feature","geometry":{"type":"Polygon","coordinates":[[[4.286005,43.738919],[4.286043,43.738778],[4.285868,43.738758],[4.285823,43.738895],[4.286005,43.738919]]]},"properties":{"cle":"osm:w941906723","nom":null,"file":"inventaire","sort":"ecartee"}},{"type":"Feature","geometry":{"type":"Polygon","coordinates":[[[4.292616,43.57994],[4.292141,43.580035],[4.292129,43.580037],[4.292219,43.580182],[4.292608,43.581111],[4.292884,43.581783],[4.293095,43.582573],[4.29417,43.582117],[4.293769,43.581122],[4.293154,43.581173],[4.292616,43.57994]]]},"properties":{"cle":"osm:w890321606","nom":null,"file":"inventaire","sort":"retenue"}},{"type":"Feature","geometry":{"type":"Polygon","coordinates":[[[4.268423,43.708352],[4.26812,43.708052],[4.268062,43.708],[4.268266,43.707899],[4.268455,43.707807],[4.268576,43.707749],[4.268683,43.707692],[4.268702,43.707682],[4.269061,43.708038],[4.269328,43.707901],[4.26936,43.707676],[4.26913,43.707484],[4.268483,43.707323],[4.267507,43.707825],[4.267491,43.707901],[4.267807,43.708261],[4.267432,43.708477],[4.267816,43.708667],[4.268423,43.708352]]]},"properties":{"cle":"osm:w965183113","nom":null,"file":"inventaire","sort":"retenue"}},{"type":"Feature","geometry":{"type":"Polygon","coordinates":[[[4.268624,43.707072],[4.26902,43.706976],[4.268767,43.706396],[4.269282,43.70629],[4.269182,43.706021],[4.26911,43.705812],[4.269481,43.705738],[4.269938,43.70566],[4.268883,43.705465],[4.268759,43.705645],[4.268883,43.705959],[4.268451,43.706054],[4.268258,43.706348],[4.268319,43.706503],[4.26844,43.706813],[4.268519,43.707016],[4.268521,43.707022],[4.268624,43.707072]]]},"properties":{"cle":"osm:w517306469","nom":null,"file":"inventaire","sort":"retenue"}},{"type":"Feature","geometry":{"type":"Polygon","coordinates":[[[4.273886,43.68931],[4.273877,43.689127],[4.273532,43.688808],[4.273416,43.688828],[4.273392,43.688637],[4.27339,43.688609],[4.27299,43.68882],[4.272838,43.688859],[4.272843,43.688893],[4.27286,43.689017],[4.272873,43.68918],[4.272882,43.689314],[4.272956,43.689401],[4.273371,43.689362],[4.273782,43.689381],[4.273886,43.68931]]]},"properties":{"cle":"osm:w229412475","nom":null,"file":"inventaire","sort":"retenue"}},{"type":"Feature","geometry":{"type":"Polygon","coordinates":[[[4.269708,43.690481],[4.269744,43.690401],[4.269515,43.690363],[4.269667,43.689868],[4.269263,43.689795],[4.269364,43.689461],[4.269912,43.689746],[4.269966,43.689647],[4.269325,43.689296],[4.269285,43.689353],[4.269224,43.689337],[4.269094,43.689785],[4.269151,43.689796],[4.269055,43.690144],[4.269109,43.690158],[4.269073,43.690289],[4.268991,43.690275],[4.268931,43.690447],[4.269626,43.690565],[4.269708,43.690481]]]},"properties":{"cle":"osm:w813119687","nom":null,"file":"inventaire","sort":"ecartee"}},{"type":"Feature","geometry":{"type":"Polygon","coordinates":[[[4.269736,43.690882],[4.270196,43.690963],[4.270382,43.690977],[4.270413,43.69098],[4.270469,43.690849],[4.270606,43.690776],[4.270667,43.690585],[4.270695,43.690424],[4.270364,43.690362],[4.270289,43.690348],[4.270233,43.690528],[4.269875,43.690466],[4.269952,43.690224],[4.269847,43.690205],[4.269616,43.690863],[4.269736,43.690882]]]},"properties":{"cle":"osm:w219735869","nom":"Lidl","file":"inventaire","sort":"retenue"}},{"type":"Feature","geometry":{"type":"Polygon","coordinates":[[[4.270918,43.687199],[4.271631,43.686786],[4.271526,43.686691],[4.271329,43.686513],[4.270616,43.686926],[4.270918,43.687199]]]},"properties":{"cle":"osm:w330341284","nom":null,"file":"inventaire","sort":"ecartee"}},{"type":"Feature","geometry":{"type":"Polygon","coordinates":[[[4.271882,43.700573],[4.271722,43.700512],[4.271605,43.700467],[4.271067,43.701201],[4.271477,43.701249],[4.271936,43.700594],[4.271882,43.700573]]]},"properties":{"cle":"osm:w763332476","nom":null,"file":"inventaire","sort":"retenue"}},{"type":"Feature","geometry":{"type":"Polygon","coordinates":[[[4.271511,43.696442],[4.272505,43.696781],[4.272596,43.696633],[4.27169,43.696347],[4.271298,43.695799],[4.271114,43.695866],[4.271511,43.696442]]]},"properties":{"cle":"osm:w330672700","nom":null,"file":"inventaire","sort":"retenue"}},{"type":"Feature","geometry":{"type":"Polygon","coordinates":[[[4.27001,43.708247],[4.269599,43.708147],[4.269679,43.707975],[4.269758,43.707804],[4.269837,43.707634],[4.26978,43.70762],[4.26982,43.707533],[4.269993,43.707183],[4.269842,43.707159],[4.269349,43.708186],[4.269419,43.708208],[4.269403,43.708256],[4.269922,43.708392],[4.27001,43.708247]]]},"properties":{"cle":"osm:w965183118","nom":null,"file":"inventaire","sort":"retenue"}},{"type":"Feature","geometry":{"type":"Polygon","coordinates":[[[4.279575,43.697787],[4.279792,43.697309],[4.279436,43.697224],[4.27914,43.697876],[4.279318,43.697918],[4.279396,43.697745],[4.279575,43.697787]]]},"properties":{"cle":"osm:w1345151366","nom":null,"file":"inventaire","sort":"retenue"}},{"type":"Feature","geometry":{"type":"Polygon","coordinates":[[[4.272252,43.699619],[4.272121,43.699703],[4.271864,43.70022],[4.271893,43.700252],[4.271919,43.700282],[4.27208,43.700316],[4.272145,43.700277],[4.272497,43.699689],[4.27251,43.699668],[4.272252,43.699619]]]},"properties":{"cle":"osm:w763332477","nom":null,"file":"inventaire","sort":"retenue"}},{"type":"Feature","geometry":{"type":"Polygon","coordinates":[[[4.270429,43.693747],[4.272332,43.693127],[4.272307,43.693086],[4.272275,43.693036],[4.270372,43.693656],[4.270401,43.693703],[4.270429,43.693747]]]},"properties":{"cle":"osm:w763048211","nom":null,"file":"inventaire","sort":"retenue"}},{"type":"Feature","geometry":{"type":"Polygon","coordinates":[[[4.282593,43.702815],[4.282561,43.702638],[4.282497,43.702286],[4.282193,43.702323],[4.282403,43.703043],[4.282621,43.702967],[4.282593,43.702815]]]},"properties":{"cle":"osm:w331269351","nom":null,"file":"inventaire","sort":"retenue"}},{"type":"Feature","geometry":{"type":"Polygon","coordinates":[[[4.307233,43.572656],[4.307419,43.572429],[4.307456,43.572333],[4.3074,43.572232],[4.307322,43.572153],[4.30689,43.572534],[4.307048,43.572747],[4.307233,43.572656]]]},"properties":{"cle":"osm:w908523369","nom":null,"file":"inventaire","sort":"retenue"}},{"type":"Feature","geometry":{"type":"Polygon","coordinates":[[[4.338076,43.60544],[4.338072,43.60542],[4.337779,43.60545],[4.337516,43.6055],[4.33734,43.605575],[4.337467,43.605729],[4.337728,43.60567],[4.33811,43.605605],[4.338076,43.60544]]]},"properties":{"cle":"osm:w620863238","nom":null,"file":"inventaire","sort":"retenue"}},{"type":"Feature","geometry":{"type":"Polygon","coordinates":[[[4.275664,43.68967],[4.275704,43.689649],[4.275731,43.689616],[4.275739,43.689558],[4.275717,43.689478],[4.275567,43.689166],[4.275387,43.689247],[4.275508,43.689546],[4.275301,43.689676],[4.275348,43.689711],[4.275425,43.689768],[4.275664,43.68967]]]},"properties":{"cle":"osm:w219735644","nom":null,"file":"inventaire","sort":"retenue"}},{"type":"Feature","geometry":{"type":"Polygon","coordinates":[[[4.281826,43.708181],[4.282257,43.708144],[4.282424,43.707943],[4.282398,43.707924],[4.282353,43.707902],[4.282035,43.707933],[4.282031,43.707904],[4.281778,43.707928],[4.281826,43.708181]]]},"properties":{"cle":"osm:w763332490","nom":null,"file":"inventaire","sort":"ecartee"}},{"type":"Feature","geometry":{"type":"Polygon","coordinates":[[[4.272987,43.695128],[4.272981,43.695116],[4.272904,43.694972],[4.272747,43.695016],[4.272546,43.695073],[4.272362,43.695124],[4.272176,43.695176],[4.272164,43.695179],[4.272234,43.695312],[4.272247,43.695335],[4.272987,43.695128]]]},"properties":{"cle":"osm:w330939726","nom":null,"file":"inventaire","sort":"retenue"}},{"type":"Feature","geometry":{"type":"Polygon","coordinates":[[[4.275444,43.692441],[4.275501,43.692404],[4.275425,43.69223],[4.275153,43.692247],[4.275131,43.692019],[4.274995,43.69203],[4.275035,43.692468],[4.275444,43.692441]]]},"properties":{"cle":"osm:w331963797","nom":"Place du Docteur Jacques Arnoux","file":"inventaire","sort":"retenue"}},{"type":"Feature","geometry":{"type":"Polygon","coordinates":[[[4.279104,43.69213],[4.279038,43.691988],[4.278338,43.692068],[4.278398,43.692251],[4.279104,43.69213]]]},"properties":{"cle":"osm:w331269369","nom":"Place du Jeu de Ballon","file":"inventaire","sort":"retenue"}},{"type":"Feature","geometry":{"type":"Polygon","coordinates":[[[4.306743,43.572565],[4.306807,43.572508],[4.307311,43.571986],[4.307258,43.571949],[4.306783,43.572157],[4.306845,43.572293],[4.306721,43.572361],[4.306764,43.572477],[4.306673,43.572557],[4.306743,43.572565]]]},"properties":{"cle":"osm:w908523370","nom":null,"file":"inventaire","sort":"ecartee"}},{"type":"Feature","geometry":{"type":"Polygon","coordinates":[[[4.281497,43.699706],[4.281523,43.699665],[4.281745,43.699574],[4.281025,43.6994],[4.281006,43.699418],[4.281034,43.699603],[4.281497,43.699706]]]},"properties":{"cle":"osm:w331269350","nom":null,"file":"inventaire","sort":"retenue"}},{"type":"Feature","geometry":{"type":"Polygon","coordinates":[[[4.27282,43.694805],[4.272853,43.694796],[4.273141,43.694717],[4.273006,43.694459],[4.272987,43.694423],[4.272666,43.694511],[4.272672,43.694523],[4.2728,43.694767],[4.27282,43.694805]]]},"properties":{"cle":"osm:w763048218","nom":null,"file":"inventaire","sort":"retenue"}},{"type":"Feature","geometry":{"type":"Polygon","coordinates":[[[4.259446,43.645564],[4.259536,43.645312],[4.25957,43.645217],[4.259287,43.645164],[4.259262,43.645232],[4.259163,43.645511],[4.259446,43.645564]]]},"properties":{"cle":"osm:w620384431","nom":null,"file":"inventaire","sort":"ecartee"}},{"type":"Feature","geometry":{"type":"Polygon","coordinates":[[[4.26978,43.6872],[4.269652,43.686882],[4.269549,43.686621],[4.269405,43.686708],[4.269587,43.687224],[4.26978,43.6872]]]},"properties":{"cle":"osm:w330341282","nom":null,"file":"inventaire","sort":"retenue"}},{"type":"Feature","geometry":{"type":"Polygon","coordinates":[[[4.272024,43.695417],[4.272004,43.695379],[4.271954,43.695285],[4.271917,43.695295],[4.271719,43.695351],[4.271541,43.6954],[4.271342,43.695456],[4.271283,43.695472],[4.271353,43.695604],[4.272024,43.695417]]]},"properties":{"cle":"osm:w330939729","nom":null,"file":"inventaire","sort":"retenue"}},{"type":"Feature","geometry":{"type":"Polygon","coordinates":[[[4.274234,43.687884],[4.27418,43.687917],[4.274157,43.687909],[4.274122,43.687896],[4.274087,43.687858],[4.27412,43.687843],[4.273959,43.687702],[4.273806,43.6878],[4.274015,43.687974],[4.274043,43.687958],[4.274321,43.688163],[4.274474,43.688068],[4.274234,43.687884]]]},"properties":{"cle":"osm:w762877849","nom":null,"file":"inventaire","sort":"ecartee"}},{"type":"Feature","geometry":{"type":"Polygon","coordinates":[[[4.350921,43.547819],[4.350878,43.547803],[4.350857,43.54782],[4.350759,43.547985],[4.35083,43.548126],[4.351106,43.548079],[4.351233,43.547965],[4.350986,43.547843],[4.350921,43.547819]]]},"properties":{"cle":"osm:w636580138","nom":null,"file":"inventaire","sort":"ecartee"}},{"type":"Feature","geometry":{"type":"Polygon","coordinates":[[[4.281248,43.690218],[4.281455,43.690136],[4.281479,43.690113],[4.281401,43.690004],[4.281174,43.689995],[4.281168,43.69004],[4.281111,43.690036],[4.281086,43.690206],[4.281248,43.690218]]]},"properties":{"cle":"osm:w330341286","nom":null,"file":"inventaire","sort":"ecartee"}},{"type":"Feature","geometry":{"type":"Polygon","coordinates":[[[4.270845,43.699953],[4.270873,43.699915],[4.270912,43.699855],[4.27025,43.699684],[4.270241,43.699709],[4.270226,43.699737],[4.270845,43.699953]]]},"properties":{"cle":"osm:w763332480","nom":null,"file":"inventaire","sort":"retenue"}},{"type":"Feature","geometry":{"type":"Polygon","coordinates":[[[4.269348,43.709271],[4.269337,43.709294],[4.269407,43.709311],[4.269417,43.70929],[4.269479,43.709304],[4.269597,43.709049],[4.269411,43.709004],[4.269294,43.709258],[4.269348,43.709271]]]},"properties":{"cle":"osm:w1211117327","nom":null,"file":"inventaire","sort":"ecartee"}},{"type":"Feature","geometry":{"type":"Polygon","coordinates":[[[4.275987,43.689971],[4.275993,43.689886],[4.276035,43.689888],[4.275989,43.689814],[4.275925,43.689837],[4.27587,43.689771],[4.275844,43.689778],[4.275812,43.689738],[4.27578,43.689751],[4.275724,43.689773],[4.275793,43.689986],[4.275987,43.689971]]]},"properties":{"cle":"osm:w774983020","nom":"Parking José Cardona","file":"inventaire","sort":"retenue"}},{"type":"Feature","geometry":{"type":"Polygon","coordinates":[[[4.274701,43.688894],[4.274847,43.688835],[4.274897,43.688826],[4.274933,43.688794],[4.274712,43.688644],[4.274648,43.688697],[4.274686,43.688724],[4.274583,43.68878],[4.274701,43.688894]]]},"properties":{"cle":"osm:w1378066805","nom":null,"file":"inventaire","sort":"ecartee"}},{"type":"Feature","geometry":{"type":"Polygon","coordinates":[[[4.27405,43.697039],[4.274222,43.696748],[4.274101,43.696711],[4.27392,43.697001],[4.27405,43.697039]]]},"properties":{"cle":"osm:w503989105","nom":null,"file":"inventaire","sort":"retenue"}},{"type":"Feature","geometry":{"type":"Polygon","coordinates":[[[4.279987,43.690202],[4.279908,43.69025],[4.279943,43.690289],[4.280084,43.690322],[4.280199,43.690251],[4.280267,43.690168],[4.280031,43.690118],[4.279987,43.690202]]]},"properties":{"cle":"osm:w330341285","nom":null,"file":"inventaire","sort":"ecartee"}},{"type":"Feature","geometry":{"type":"Polygon","coordinates":[[[4.274434,43.688561],[4.274533,43.688525],[4.274594,43.688486],[4.274399,43.688326],[4.274256,43.688414],[4.274434,43.688561]]]},"properties":{"cle":"osm:w762877848","nom":null,"file":"inventaire","sort":"ecartee"}},{"type":"Feature","geometry":{"type":"Polygon","coordinates":[[[4.280224,43.698375],[4.280263,43.698297],[4.27982,43.698179],[4.27978,43.698257],[4.280224,43.698375]]]},"properties":{"cle":"osm:w1345151364","nom":null,"file":"inventaire","sort":"retenue"}},{"type":"Feature","geometry":{"type":"Polygon","coordinates":[[[4.277966,43.69929],[4.277992,43.699237],[4.277959,43.699153],[4.277709,43.699091],[4.277659,43.699208],[4.277966,43.69929]]]},"properties":{"cle":"osm:w330902724","nom":null,"file":"inventaire","sort":"retenue"}},{"type":"Feature","geometry":{"type":"Polygon","coordinates":[[[4.280672,43.697761],[4.28073,43.697776],[4.280957,43.697329],[4.280898,43.697314],[4.280672,43.697761]]]},"properties":{"cle":"osm:w331269349","nom":null,"file":"inventaire","sort":"retenue"}},{"type":"Feature","geometry":{"type":"Polygon","coordinates":[[[4.272366,43.698386],[4.272599,43.697967],[4.272542,43.69795],[4.272309,43.698369],[4.272366,43.698386]]]},"properties":{"cle":"osm:w330672684","nom":null,"file":"inventaire","sort":"retenue"}},{"type":"Feature","geometry":{"type":"Polygon","coordinates":[[[4.272184,43.698469],[4.272403,43.698056],[4.272345,43.69804],[4.272126,43.698453],[4.272184,43.698469]]]},"properties":{"cle":"osm:w330672679","nom":null,"file":"inventaire","sort":"retenue"}},{"type":"Feature","geometry":{"type":"Polygon","coordinates":[[[4.266506,43.676354],[4.266574,43.676378],[4.266364,43.675909],[4.266295,43.675891],[4.266506,43.676354]]]},"properties":{"cle":"osm:w230047338","nom":null,"file":"inventaire","sort":"retenue"}},{"type":"Feature","geometry":{"type":"Polygon","coordinates":[[[4.272014,43.683126],[4.272265,43.683042],[4.272469,43.683011],[4.27246,43.682979],[4.27197,43.683042],[4.272014,43.683126]]]},"properties":{"cle":"osm:w1106285953","nom":null,"file":"inventaire","sort":"retenue"}},{"type":"Feature","geometry":{"type":"Polygon","coordinates":[[[4.272113,43.698421],[4.272346,43.698006],[4.272297,43.697991],[4.272064,43.698406],[4.272113,43.698421]]]},"properties":{"cle":"osm:w330672696","nom":null,"file":"inventaire","sort":"retenue"}},{"type":"Feature","geometry":{"type":"Polygon","coordinates":[[[4.26255,43.70726],[4.262533,43.707314],[4.262629,43.70733],[4.262649,43.707268],[4.262716,43.707279],[4.262738,43.707212],[4.262516,43.707175],[4.262492,43.70725],[4.26255,43.70726]]]},"properties":{"cle":"osm:w1194038014","nom":null,"file":"inventaire","sort":"retenue"}},{"type":"Feature","geometry":{"type":"Polygon","coordinates":[[[4.280601,43.697805],[4.28062,43.697764],[4.280136,43.697648],[4.280118,43.697688],[4.280601,43.697805]]]},"properties":{"cle":"osm:w331269348","nom":null,"file":"inventaire","sort":"retenue"}},{"type":"Feature","geometry":{"type":"Polygon","coordinates":[[[4.245119,43.728034],[4.245152,43.728053],[4.245313,43.728244],[4.245827,43.728259],[4.24586,43.727669],[4.245796,43.727513],[4.245844,43.726624],[4.245768,43.726595],[4.245763,43.726563],[4.245721,43.726547],[4.245564,43.726546],[4.245442,43.726556],[4.245309,43.72652],[4.245304,43.72649],[4.245167,43.726465],[4.245119,43.728034]]]},"properties":{"cle":"osm:w1064002051","nom":null,"file":"inventaire","sort":"ecartee"}},{"type":"Feature","geometry":{"type":"Polygon","coordinates":[[[4.241099,43.727821],[4.241139,43.727867],[4.241556,43.728031],[4.241616,43.728039],[4.241671,43.728024],[4.241738,43.727967],[4.242199,43.72748],[4.242616,43.727007],[4.242696,43.726839],[4.242738,43.726726],[4.242761,43.726646],[4.242615,43.726574],[4.242552,43.726591],[4.24223,43.726696],[4.241992,43.726821],[4.241737,43.72701],[4.241405,43.727356],[4.241085,43.727749],[4.241099,43.727821]]]},"properties":{"cle":"osm:w169107324","nom":"Parking Employés","file":"inventaire","sort":"ecartee"}},{"type":"Feature","geometry":{"type":"Polygon","coordinates":[[[4.217029,43.737164],[4.216966,43.737421],[4.217172,43.737439],[4.217563,43.737494],[4.21759,43.737413],[4.21775,43.737324],[4.217805,43.737213],[4.218021,43.7371],[4.21807,43.737003],[4.21809,43.736912],[4.217345,43.736802],[4.217309,43.736932],[4.217284,43.736929],[4.216331,43.736798],[4.216248,43.73703],[4.217029,43.737164]]]},"properties":{"cle":"osm:w161879781","nom":null,"file":"inventaire","sort":"retenue"}},{"type":"Feature","geometry":{"type":"Polygon","coordinates":[[[4.245078,43.734469],[4.24541,43.733787],[4.245427,43.733752],[4.245298,43.733707],[4.244878,43.733527],[4.24474,43.733534],[4.24466,43.733604],[4.244408,43.73431],[4.24458,43.734589],[4.245078,43.734469]]]},"properties":{"cle":"osm:w169105859","nom":"Parking camions","file":"inventaire","sort":"ecartee"}},{"type":"Feature","geometry":{"type":"Polygon","coordinates":[[[4.255345,43.721213],[4.255392,43.721188],[4.255359,43.721152],[4.255012,43.721072],[4.254938,43.721029],[4.254814,43.720904],[4.254744,43.720837],[4.254383,43.720713],[4.254218,43.720671],[4.25416,43.720652],[4.253511,43.720518],[4.253429,43.720553],[4.253331,43.720597],[4.253262,43.720668],[4.25322,43.720727],[4.253152,43.720769],[4.253003,43.720768],[4.252931,43.720774],[4.252911,43.720797],[4.253468,43.720893],[4.255296,43.72124],[4.255345,43.721213]]]},"properties":{"cle":"osm:w620958060","nom":null,"file":"inventaire","sort":"retenue"}},{"type":"Feature","geometry":{"type":"Polygon","coordinates":[[[4.208286,43.7441],[4.208297,43.74402],[4.20834,43.743964],[4.208397,43.743983],[4.20853,43.743769],[4.208353,43.743707],[4.208256,43.743863],[4.208299,43.74388],[4.208251,43.743957],[4.207706,43.743761],[4.20786,43.743514],[4.207557,43.743411],[4.207407,43.743666],[4.207389,43.743661],[4.20705,43.74422],[4.206715,43.744251],[4.206652,43.744353],[4.206795,43.744422],[4.207018,43.744495],[4.20706,43.744427],[4.207248,43.744465],[4.207425,43.744193],[4.207248,43.744123],[4.207295,43.744053],[4.207497,43.744109],[4.207687,43.743815],[4.207975,43.743909],[4.20775,43.744232],[4.20796,43.744342],[4.208286,43.7441]]]},"properties":{"cle":"osm:w1550939876","nom":null,"file":"inventaire","sort":"ecartee"}},{"type":"Feature","geometry":{"type":"Polygon","coordinates":[[[4.246324,43.734036],[4.246206,43.734126],[4.246133,43.734163],[4.246029,43.734215],[4.245834,43.734277],[4.245678,43.734301],[4.245454,43.734356],[4.245304,43.734657],[4.246208,43.734434],[4.246426,43.734368],[4.246713,43.734249],[4.24701,43.734109],[4.247009,43.734075],[4.24646,43.733897],[4.246324,43.734036]]]},"properties":{"cle":"osm:w1064002043","nom":null,"file":"inventaire","sort":"ecartee"}},{"type":"Feature","geometry":{"type":"Polygon","coordinates":[[[4.245312,43.728347],[4.245246,43.728381],[4.245219,43.728874],[4.245301,43.72893],[4.245433,43.728935],[4.245437,43.728902],[4.245895,43.728916],[4.245919,43.728477],[4.245886,43.728404],[4.245878,43.728363],[4.245312,43.728347]]]},"properties":{"cle":"osm:w1064002050","nom":null,"file":"inventaire","sort":"ecartee"}},{"type":"Feature","geometry":{"type":"Polygon","coordinates":[[[4.247214,43.726476,15.7],[4.247528,43.726478,15.7],[4.247531,43.726337,15.7],[4.246531,43.726347,15.6],[4.246483,43.72635,15.6],[4.246342,43.726452,15.6],[4.246333,43.72649,15.6],[4.246325,43.726682,15.5],[4.246864,43.726698,15.8],[4.247199,43.72651,15.8],[4.247214,43.726476,15.7]]]},"properties":{"cle":"bdtopo:EQ_RESEA0000000027764992","nom":null,"file":"inventaire","sort":"ecartee"}},{"type":"Feature","geometry":{"type":"Polygon","coordinates":[[[4.224165,43.744237],[4.224255,43.744145],[4.224397,43.744095],[4.224456,43.744095],[4.224504,43.743907],[4.223869,43.743846],[4.223796,43.743839],[4.22367,43.744219],[4.223783,43.744273],[4.22393,43.744353],[4.22399,43.744434],[4.224089,43.744505],[4.224165,43.744237]]]},"properties":{"cle":"osm:w170115855","nom":"Place Arthur Blatière","file":"inventaire","sort":"retenue"}},{"type":"Feature","geometry":{"type":"Polygon","coordinates":[[[4.221488,43.750436],[4.221479,43.750266],[4.221461,43.749897],[4.220969,43.749914],[4.220908,43.749916],[4.220931,43.750426],[4.220932,43.75044],[4.221488,43.750436]]]},"properties":{"cle":"osm:w370012783","nom":null,"file":"inventaire","sort":"en_cours"}},{"type":"Feature","geometry":{"type":"Polygon","coordinates":[[[4.241169,43.728133],[4.241039,43.728113],[4.240326,43.728736],[4.240622,43.728925],[4.240956,43.728654],[4.241019,43.728515],[4.240989,43.728412],[4.241113,43.728292],[4.24112,43.728286],[4.241262,43.728171],[4.241169,43.728133]]]},"properties":{"cle":"osm:w169107176","nom":"Parking visiteurs","file":"inventaire","sort":"ecartee"}},{"type":"Feature","geometry":{"type":"Polygon","coordinates":[[[4.224987,43.7416],[4.225019,43.74153],[4.224574,43.741255],[4.223833,43.741151],[4.223774,43.741375],[4.224987,43.7416]]]},"properties":{"cle":"osm:w169102480","nom":"Ombrage - Vergèze espace","file":"inventaire","sort":"retenue"}},{"type":"Feature","geometry":{"type":"Polygon","coordinates":[[[4.222814,43.742414],[4.222381,43.74236],[4.222314,43.742356],[4.222267,43.742367],[4.222259,43.742403],[4.222221,43.742475],[4.222338,43.742498],[4.222391,43.742698],[4.22244,43.742723],[4.222395,43.74249],[4.222411,43.742418],[4.223066,43.742499],[4.223238,43.742371],[4.223297,43.742387],[4.223399,43.742088],[4.222932,43.742015],[4.222814,43.742414]]]},"properties":{"cle":"osm:w169102476","nom":null,"file":"inventaire","sort":"retenue"}},{"type":"Feature","geometry":{"type":"Polygon","coordinates":[[[4.224129,43.742065],[4.224252,43.741732],[4.223662,43.741608],[4.223544,43.741945],[4.224129,43.742065]]]},"properties":{"cle":"osm:w169102481","nom":null,"file":"inventaire","sort":"en_cours"}},{"type":"Feature","geometry":{"type":"Polygon","coordinates":[[[4.245639,43.733862],[4.245584,43.733888],[4.245557,43.733914],[4.245555,43.734122],[4.245697,43.734207],[4.245945,43.734151],[4.246071,43.734086],[4.246188,43.734002],[4.246327,43.73386],[4.24617,43.733864],[4.246156,43.733798],[4.245639,43.733862]]]},"properties":{"cle":"osm:w1064002044","nom":null,"file":"inventaire","sort":"ecartee"}},{"type":"Feature","geometry":{"type":"Polygon","coordinates":[[[4.217722,43.744346],[4.21809,43.744388],[4.218104,43.74431],[4.218123,43.744222],[4.217751,43.744176],[4.217745,43.744214],[4.217644,43.744225],[4.217634,43.744185],[4.216994,43.74425],[4.217045,43.74431],[4.217069,43.744388],[4.217722,43.744346]]]},"properties":{"cle":"osm:w231764020","nom":null,"file":"inventaire","sort":"retenue"}},{"type":"Feature","geometry":{"type":"Polygon","coordinates":[[[4.218712,43.742817],[4.218773,43.743223],[4.21914,43.743207],[4.219116,43.743142],[4.219095,43.743084],[4.219065,43.742857],[4.219061,43.742824],[4.218712,43.742817]]]},"properties":{"cle":"osm:w50005347","nom":"Parking Maurin","file":"inventaire","sort":"retenue"}},{"type":"Feature","geometry":{"type":"Polygon","coordinates":[[[4.216197,43.747509],[4.216593,43.747522],[4.216675,43.747278],[4.216255,43.747253],[4.216217,43.74725],[4.216065,43.747486],[4.216197,43.747509]]]},"properties":{"cle":"osm:w370012785","nom":null,"file":"inventaire","sort":"ecartee"}},{"type":"Feature","geometry":{"type":"Polygon","coordinates":[[[4.224312,43.74229],[4.224361,43.742167],[4.223572,43.742023],[4.223527,43.742155],[4.224312,43.74229]]]},"properties":{"cle":"osm:w682203632","nom":null,"file":"inventaire","sort":"en_cours"}},{"type":"Feature","geometry":{"type":"Polygon","coordinates":[[[4.22343,43.747524],[4.222944,43.747329],[4.222833,43.74736],[4.222773,43.747456],[4.223316,43.747674],[4.22343,43.747524]]]},"properties":{"cle":"osm:w1144469258","nom":null,"file":"inventaire","sort":"retenue"}},{"type":"Feature","geometry":{"type":"Polygon","coordinates":[[[4.220619,43.742239],[4.220319,43.742288],[4.220247,43.743109],[4.220493,43.743133],[4.220619,43.742239]]]},"properties":{"cle":"osm:w329745426","nom":null,"file":"inventaire","sort":"retenue"}},{"type":"Feature","geometry":{"type":"Polygon","coordinates":[[[4.235235,43.733912],[4.235167,43.7339],[4.235086,43.733858],[4.235112,43.733775],[4.235058,43.733769],[4.234861,43.734117],[4.235038,43.734171],[4.235107,43.734192],[4.235235,43.733912]]]},"properties":{"cle":"osm:w318382690","nom":null,"file":"inventaire","sort":"retenue"}},{"type":"Feature","geometry":{"type":"Polygon","coordinates":[[[4.206034,43.745765],[4.206162,43.74565],[4.205999,43.745549],[4.205689,43.745823],[4.205854,43.745928],[4.206034,43.745765]]]},"properties":{"cle":"osm:w1363855541","nom":null,"file":"inventaire","sort":"ecartee"}},{"type":"Feature","geometry":{"type":"Polygon","coordinates":[[[4.217722,43.741001],[4.217757,43.740859],[4.217283,43.740781],[4.217272,43.740828],[4.217218,43.740821],[4.217187,43.740914],[4.217722,43.741001]]]},"properties":{"cle":"osm:w1343092923","nom":null,"file":"inventaire","sort":"ecartee"}},{"type":"Feature","geometry":{"type":"Polygon","coordinates":[[[4.20563,43.746051],[4.205328,43.745834],[4.205206,43.745935],[4.205244,43.745956],[4.2052,43.745988],[4.205358,43.746108],[4.205438,43.746169],[4.20563,43.746051]]]},"properties":{"cle":"osm:w1363855540","nom":null,"file":"inventaire","sort":"ecartee"}},{"type":"Feature","geometry":{"type":"Polygon","coordinates":[[[4.206445,43.745009],[4.206433,43.745003],[4.206375,43.745096],[4.206331,43.745069],[4.206085,43.745267],[4.206248,43.745356],[4.206327,43.745291],[4.206278,43.745261],[4.206293,43.745248],[4.206341,43.745275],[4.206441,43.745189],[4.206396,43.745163],[4.206435,43.74513],[4.206484,43.745156],[4.206582,43.745077],[4.206445,43.745009]]]},"properties":{"cle":"osm:w1363855542","nom":null,"file":"inventaire","sort":"ecartee"}},{"type":"Feature","geometry":{"type":"Polygon","coordinates":[[[4.216558,43.740999],[4.216712,43.741028],[4.216811,43.740971],[4.216911,43.74068],[4.216534,43.740621],[4.216528,43.740639],[4.216819,43.740688],[4.216816,43.740702],[4.216785,43.740849],[4.216674,43.74088],[4.216691,43.740926],[4.216602,43.740931],[4.216576,43.740882],[4.216501,43.740904],[4.216454,43.740979],[4.216558,43.740999]]]},"properties":{"cle":"osm:w511362308","nom":null,"file":"inventaire","sort":"ecartee"}},{"type":"Feature","geometry":{"type":"Polygon","coordinates":[[[4.219503,43.739851],[4.219829,43.739924],[4.21986,43.73993],[4.219914,43.739942],[4.219953,43.739792],[4.21974,43.739779],[4.219687,43.739776],[4.219492,43.739763],[4.219489,43.739842],[4.219503,43.739851]]]},"properties":{"cle":"osm:w523406060","nom":null,"file":"inventaire","sort":"ecartee"}},{"type":"Feature","geometry":{"type":"Polygon","coordinates":[[[4.226836,43.740456],[4.226935,43.740389],[4.226858,43.740394],[4.226641,43.740409],[4.22655,43.74045],[4.226508,43.740519],[4.226546,43.74058],[4.226613,43.74062],[4.226836,43.740456]]]},"properties":{"cle":"osm:w680167281","nom":null,"file":"inventaire","sort":"retenue"}},{"type":"Feature","geometry":{"type":"Polygon","coordinates":[[[4.247421,43.732355],[4.247382,43.73258],[4.247579,43.732577],[4.247618,43.732349],[4.247421,43.732355]]]},"properties":{"cle":"osm:w1290869323","nom":null,"file":"inventaire","sort":"ecartee"}},{"type":"Feature","geometry":{"type":"Polygon","coordinates":[[[4.217131,43.736524],[4.217156,43.736413],[4.217083,43.736411],[4.216789,43.736437],[4.21676,43.736545],[4.217131,43.736524]]]},"properties":{"cle":"osm:w1317173848","nom":null,"file":"inventaire","sort":"ecartee"}},{"type":"Feature","geometry":{"type":"Polygon","coordinates":[[[4.225209,43.748147],[4.224689,43.747932],[4.22459,43.747967],[4.225096,43.748183],[4.225209,43.748147]]]},"properties":{"cle":"osm:w1144469253","nom":null,"file":"inventaire","sort":"retenue"}},{"type":"Feature","geometry":{"type":"Polygon","coordinates":[[[4.218218,43.738449],[4.218233,43.738391],[4.218491,43.738425],[4.218512,43.738359],[4.218097,43.738308],[4.218065,43.738428],[4.218218,43.738449]]]},"properties":{"cle":"osm:w1343091355","nom":null,"file":"inventaire","sort":"ecartee"}},{"type":"Feature","geometry":{"type":"Polygon","coordinates":[[[4.22688,43.743538],[4.226827,43.743231],[4.226715,43.743199],[4.22677,43.743506],[4.22688,43.743538]]]},"properties":{"cle":"osm:w1144469217","nom":null,"file":"inventaire","sort":"retenue"}},{"type":"Feature","geometry":{"type":"Polygon","coordinates":[[[4.216023,43.7426],[4.216048,43.74255],[4.216179,43.7426],[4.216195,43.742605],[4.216241,43.742497],[4.216015,43.74243],[4.215943,43.74258],[4.216023,43.7426]]]},"properties":{"cle":"osm:w320310874","nom":null,"file":"inventaire","sort":"ecartee"}},{"type":"Feature","geometry":{"type":"Polygon","coordinates":[[[4.224832,43.74239],[4.224853,43.742338],[4.224355,43.74225],[4.224338,43.742299],[4.224832,43.74239]]]},"properties":{"cle":"osm:w682203633","nom":null,"file":"inventaire","sort":"retenue"}},{"type":"Feature","geometry":{"type":"Polygon","coordinates":[[[4.265991,43.718885],[4.266033,43.719054],[4.266817,43.718948],[4.266789,43.718781],[4.265991,43.718885]]]},"properties":{"cle":"osm:w828528959","nom":null,"file":"inventaire","sort":"ecartee"}},{"type":"Feature","geometry":{"type":"Polygon","coordinates":[[[4.255547,43.739197],[4.255471,43.739373],[4.256241,43.739375],[4.256338,43.739243],[4.255547,43.739197]]]},"properties":{"cle":"osm:w796561506","nom":null,"file":"inventaire","sort":"retenue"}},{"type":"Feature","geometry":{"type":"Polygon","coordinates":[[[4.252509,43.746826],[4.252919,43.747151],[4.253061,43.747023],[4.252941,43.746943],[4.252986,43.746907],[4.252714,43.746691],[4.252509,43.746826]]]},"properties":{"cle":"osm:w1074208083","nom":null,"file":"inventaire","sort":"retenue"}},{"type":"Feature","geometry":{"type":"Polygon","coordinates":[[[4.261643,43.742141],[4.261854,43.742198],[4.262058,43.742254],[4.262094,43.742266],[4.262118,43.742223],[4.261613,43.741875],[4.261487,43.742098],[4.261643,43.742141]]]},"properties":{"cle":"osm:w284859308","nom":null,"file":"inventaire","sort":"retenue"}},{"type":"Feature","geometry":{"type":"Polygon","coordinates":[[[4.265015,43.725241],[4.265104,43.725121],[4.265029,43.724946],[4.264936,43.72498],[4.264759,43.724963],[4.264767,43.72527],[4.264872,43.725277],[4.265015,43.725241]]]},"properties":{"cle":"osm:w823919013","nom":null,"file":"inventaire","sort":"retenue"}},{"type":"Feature","geometry":{"type":"Polygon","coordinates":[[[4.259863,43.740266],[4.259897,43.740195],[4.259651,43.74011],[4.259599,43.740181],[4.259572,43.740214],[4.259833,43.740318],[4.259863,43.740266]]]},"properties":{"cle":"osm:w931752918","nom":null,"file":"inventaire","sort":"retenue"}},{"type":"Feature","geometry":{"type":"Polygon","coordinates":[[[4.252357,43.747443],[4.252702,43.747221],[4.252669,43.747189],[4.252654,43.747199],[4.252628,43.747177],[4.252292,43.747391],[4.252357,43.747443]]]},"properties":{"cle":"osm:w1074208084","nom":null,"file":"inventaire","sort":"ecartee"}},{"type":"Feature","geometry":{"type":"Polygon","coordinates":[[[4.255618,43.741432],[4.255185,43.741325],[4.255164,43.741377],[4.255588,43.74148],[4.255618,43.741432]]]},"properties":{"cle":"osm:w500256918","nom":null,"file":"inventaire","sort":"ecartee"}},{"type":"Feature","geometry":{"type":"Polygon","coordinates":[[[4.260792,43.741293],[4.260834,43.741246],[4.260502,43.7411],[4.260467,43.741145],[4.260792,43.741293]]]},"properties":{"cle":"osm:w500258151","nom":null,"file":"inventaire","sort":"retenue"}},{"type":"Feature","geometry":{"type":"Polygon","coordinates":[[[4.429456,43.823427],[4.429767,43.822851],[4.42912,43.82267],[4.42881,43.823246],[4.429456,43.823427]]]},"properties":{"cle":"osm:w556364898","nom":null,"file":"inventaire","sort":"retenue"}},{"type":"Feature","geometry":{"type":"Polygon","coordinates":[[[4.431932,43.823055],[4.431996,43.822897],[4.431482,43.822812],[4.431383,43.823126],[4.431778,43.823404],[4.431932,43.823055]]]},"properties":{"cle":"osm:w502847292","nom":null,"file":"inventaire","sort":"retenue"}},{"type":"Feature","geometry":{"type":"Polygon","coordinates":[[[4.43067,43.826161],[4.431279,43.826333],[4.431426,43.826056],[4.430818,43.82589],[4.43067,43.826161]]]},"properties":{"cle":"osm:w47844954","nom":"Place de la Mairie","file":"inventaire","sort":"retenue"}},{"type":"Feature","geometry":{"type":"Polygon","coordinates":[[[4.434291,43.830035],[4.434266,43.829979],[4.433477,43.830091],[4.433507,43.830158],[4.434291,43.830035]]]},"properties":{"cle":"osm:w960652886","nom":null,"file":"inventaire","sort":"retenue"}},{"type":"Feature","geometry":{"type":"Polygon","coordinates":[[[4.439895,43.830915],[4.439525,43.830589],[4.439454,43.830602],[4.439793,43.830919],[4.439895,43.830915]]]},"properties":{"cle":"osm:w1216891320","nom":null,"file":"inventaire","sort":"retenue"}},{"type":"Feature","geometry":{"type":"Polygon","coordinates":[[[4.439389,43.830646],[4.439054,43.830338],[4.438996,43.830368],[4.439333,43.830673],[4.439389,43.830646]]]},"properties":{"cle":"osm:w1216891319","nom":null,"file":"inventaire","sort":"retenue"}},{"type":"Feature","geometry":{"type":"Polygon","coordinates":[[[4.43285,43.823809],[4.432827,43.823764],[4.432352,43.823911],[4.432351,43.823958],[4.43285,43.823809]]]},"properties":{"cle":"osm:w556364904","nom":null,"file":"inventaire","sort":"retenue"}},{"type":"Feature","geometry":{"type":"Polygon","coordinates":[[[4.433103,43.823341],[4.433482,43.822477],[4.433459,43.822473],[4.433079,43.823336],[4.433103,43.823341]]]},"properties":{"cle":"osm:w1011334693","nom":null,"file":"inventaire","sort":"retenue"}},{"type":"Feature","geometry":{"type":"Polygon","coordinates":[[[4.199355,43.569026],[4.199191,43.567949],[4.199344,43.56793],[4.199366,43.568083],[4.199438,43.568072],[4.199433,43.568013],[4.199642,43.567988],[4.199811,43.569201],[4.199698,43.569209],[4.19965,43.569009],[4.199355,43.569026]]]},"properties":{"cle":"osm_point:n13084116601","nom":"P8","file":"inventaire","sort":"retenue"}},{"type":"Feature","geometry":{"type":"Polygon","coordinates":[[[4.209449,43.684955],[4.209479,43.68486],[4.209637,43.684895],[4.209747,43.684792],[4.209808,43.68478],[4.209879,43.684872],[4.209736,43.685029],[4.209449,43.684955]]]},"properties":{"cle":"osm_point:n8094905946","nom":null,"file":"inventaire","sort":"retenue"}},{"type":"Feature","geometry":{"type":"Polygon","coordinates":[[[4.258786,43.619107],[4.258688,43.619023],[4.258752,43.618988],[4.258925,43.619117],[4.258786,43.619107]]]},"properties":{"cle":"osm_point:n7883538622","nom":null,"file":"inventaire","sort":"retenue"}},{"type":"Feature","geometry":{"type":"Polygon","coordinates":[[[4.260246,43.620144],[4.259954,43.619937],[4.260002,43.619872],[4.260319,43.620111],[4.260246,43.620144]]]},"properties":{"cle":"osm_point:n7883538623","nom":null,"file":"inventaire","sort":"retenue"}},{"type":"Feature","geometry":{"type":"Polygon","coordinates":[[[4.230367,43.648301],[4.230474,43.648254],[4.230581,43.648322],[4.230592,43.648423],[4.230554,43.648512],[4.230469,43.648506],[4.230469,43.64845],[4.230367,43.648301]]]},"properties":{"cle":"osm_point:n8712683825","nom":null,"file":"inventaire","sort":"ecartee"}},{"type":"Feature","geometry":{"type":"Polygon","coordinates":[[[4.226866,43.687211],[4.227041,43.687165],[4.227338,43.687163],[4.227438,43.687203],[4.226866,43.687211]]]},"properties":{"cle":"osm_point:n9501480761","nom":null,"file":"inventaire","sort":"retenue"}},{"type":"Feature","geometry":{"type":"Point","coordinates":[4.2059504,43.76116389999999]},"properties":{"cle":"osm_point:n13732594109","nom":null,"file":"inventaire","sort":"ecartee"}},{"type":"Feature","geometry":{"type":"Point","coordinates":[4.18701,43.7819571]},"properties":{"cle":"osm_point:n3929120076","nom":null,"file":"inventaire","sort":"ecartee"}},{"type":"Feature","geometry":{"type":"Polygon","coordinates":[[[4.213828,43.729058],[4.213729,43.729052],[4.213753,43.728858],[4.213884,43.728857],[4.213828,43.729058]]]},"properties":{"cle":"osm_point:n1798226843","nom":null,"file":"inventaire","sort":"retenue"}},{"type":"Feature","geometry":{"type":"Point","coordinates":[4.1566936,43.76718240000002]},"properties":{"cle":"osm_point:n13739980246","nom":null,"file":"inventaire","sort":"ecartee"}},{"type":"Feature","geometry":{"type":"Point","coordinates":[4.1554392,43.76730229999999]},"properties":{"cle":"osm_point:n13739980247","nom":null,"file":"inventaire","sort":"ecartee"}},{"type":"Feature","geometry":{"type":"Polygon","coordinates":[[[4.16675,43.714371],[4.166712,43.714285],[4.16756,43.71412],[4.167622,43.714246],[4.16675,43.714371]]]},"properties":{"cle":"osm_point:n8731919729","nom":null,"file":"inventaire","sort":"retenue"}},{"type":"Feature","geometry":{"type":"Point","coordinates":[4.4872692999999995,43.8161511]},"properties":{"cle":"osm_point:n9330744754","nom":null,"file":"inventaire","sort":"ecartee"}},{"type":"Feature","geometry":{"type":"Point","coordinates":[4.3099189,43.7907767]},"properties":{"cle":"osm_point:n8548682684","nom":null,"file":"inventaire","sort":"ecartee"}},{"type":"Feature","geometry":{"type":"Point","coordinates":[4.2338577,43.781096399999996]},"properties":{"cle":"osm_point:n13775191522","nom":null,"file":"inventaire","sort":"ecartee"}},{"type":"Feature","geometry":{"type":"Point","coordinates":[4.3482474,43.8200521]},"properties":{"cle":"osm_point:n1660336200","nom":null,"file":"inventaire","sort":"ecartee"}},{"type":"Feature","geometry":{"type":"Point","coordinates":[4.3419522,43.8193651]},"properties":{"cle":"osm_point:n1660336202","nom":null,"file":"inventaire","sort":"ecartee"}},{"type":"Feature","geometry":{"type":"Point","coordinates":[4.3375342,43.818075]},"properties":{"cle":"osm_point:n1660336230","nom":null,"file":"inventaire","sort":"ecartee"}},{"type":"Feature","geometry":{"type":"Point","coordinates":[4.3477296999999995,43.82003470000001]},"properties":{"cle":"osm_point:n1660336234","nom":null,"file":"inventaire","sort":"ecartee"}},{"type":"Feature","geometry":{"type":"Point","coordinates":[4.3497332,43.821629099999996]},"properties":{"cle":"osm_point:n1660336238","nom":"Picard","file":"inventaire","sort":"ecartee"}},{"type":"Feature","geometry":{"type":"Point","coordinates":[4.338661199999999,43.81870319999998]},"properties":{"cle":"osm_point:n1660336239","nom":null,"file":"inventaire","sort":"ecartee"}},{"type":"Feature","geometry":{"type":"Point","coordinates":[4.336472499999999,43.81530660000001]},"properties":{"cle":"osm_point:n1660336269","nom":null,"file":"inventaire","sort":"ecartee"}},{"type":"Feature","geometry":{"type":"Point","coordinates":[4.355408899999999,43.8148402]},"properties":{"cle":"osm_point:n1660336280","nom":null,"file":"inventaire","sort":"ecartee"}},{"type":"Feature","geometry":{"type":"Polygon","coordinates":[[[4.347027,43.831233],[4.346388,43.831171],[4.34638,43.831221],[4.347005,43.831269],[4.347027,43.831233]]]},"properties":{"cle":"osm_point:n1681609605","nom":null,"file":"inventaire","sort":"retenue"}},{"type":"Feature","geometry":{"type":"Point","coordinates":[4.344567199999999,43.836922700000024]},"properties":{"cle":"osm_point:n1681609618","nom":null,"file":"inventaire","sort":"ecartee"}},{"type":"Feature","geometry":{"type":"Point","coordinates":[4.3447013,43.832337300000006]},"properties":{"cle":"osm_point:n1681609626","nom":null,"file":"inventaire","sort":"ecartee"}},{"type":"Feature","geometry":{"type":"Point","coordinates":[4.344537699999999,43.8337168]},"properties":{"cle":"osm_point:n1681609631","nom":null,"file":"inventaire","sort":"ecartee"}},{"type":"Feature","geometry":{"type":"Point","coordinates":[4.344623499999999,43.8360018]},"properties":{"cle":"osm_point:n1681609647","nom":null,"file":"inventaire","sort":"ecartee"}},{"type":"Feature","geometry":{"type":"Point","coordinates":[4.344282899999999,43.831990899999994]},"properties":{"cle":"osm_point:n1681609655","nom":null,"file":"inventaire","sort":"ecartee"}},{"type":"Feature","geometry":{"type":"Point","coordinates":[4.3480085,43.83142009999998]},"properties":{"cle":"osm_point:n1681609675","nom":null,"file":"inventaire","sort":"ecartee"}},{"type":"Feature","geometry":{"type":"Point","coordinates":[4.345245799999999,43.83118799999998]},"properties":{"cle":"osm_point:n1681609680","nom":null,"file":"inventaire","sort":"ecartee"}},{"type":"Feature","geometry":{"type":"Point","coordinates":[4.3682507,43.827775199999984]},"properties":{"cle":"osm_point:n1681622131","nom":null,"file":"inventaire","sort":"ecartee"}},{"type":"Feature","geometry":{"type":"Point","coordinates":[4.367215399999999,43.8276823]},"properties":{"cle":"osm_point:n1681622160","nom":null,"file":"inventaire","sort":"ecartee"}},{"type":"Feature","geometry":{"type":"Point","coordinates":[4.367628399999999,43.82939290000001]},"properties":{"cle":"osm_point:n1681622161","nom":null,"file":"inventaire","sort":"ecartee"}},{"type":"Feature","geometry":{"type":"Point","coordinates":[4.3622694,43.824336599999995]},"properties":{"cle":"osm_point:n1681622164","nom":null,"file":"inventaire","sort":"ecartee"}},{"type":"Feature","geometry":{"type":"Point","coordinates":[4.3613467,43.82864599999999]},"properties":{"cle":"osm_point:n1681622182","nom":null,"file":"inventaire","sort":"ecartee"}},{"type":"Feature","geometry":{"type":"Point","coordinates":[4.368451900000001,43.828129299999986]},"properties":{"cle":"osm_point:n1681622187","nom":null,"file":"inventaire","sort":"ecartee"}},{"type":"Feature","geometry":{"type":"Point","coordinates":[4.3679691,43.827163800000015]},"properties":{"cle":"osm_point:n1681622210","nom":null,"file":"inventaire","sort":"ecartee"}},{"type":"Feature","geometry":{"type":"Polygon","coordinates":[[[4.388215,43.840992],[4.388129,43.840984],[4.388309,43.840454],[4.388397,43.840461],[4.388215,43.840992]]]},"properties":{"cle":"osm_point:n1682860875","nom":null,"file":"inventaire","sort":"retenue"}},{"type":"Feature","geometry":{"type":"Point","coordinates":[4.3898909999999995,43.83641549999998]},"properties":{"cle":"osm_point:n1682860953","nom":null,"file":"inventaire","sort":"ecartee"}},{"type":"Feature","geometry":{"type":"Point","coordinates":[4.387490399999999,43.838359800000006]},"properties":{"cle":"osm_point:n1682860996","nom":null,"file":"inventaire","sort":"ecartee"}},{"type":"Feature","geometry":{"type":"Point","coordinates":[4.390545400000001,43.8355081]},"properties":{"cle":"osm_point:n1682867615","nom":null,"file":"inventaire","sort":"ecartee"}},{"type":"Feature","geometry":{"type":"Point","coordinates":[4.3909209,43.84203949999999]},"properties":{"cle":"osm_point:n1682867624","nom":null,"file":"inventaire","sort":"ecartee"}},{"type":"Feature","geometry":{"type":"Point","coordinates":[4.391639799999999,43.830810299999996]},"properties":{"cle":"osm_point:n1682867627","nom":null,"file":"inventaire","sort":"ecartee"}},{"type":"Feature","geometry":{"type":"Point","coordinates":[4.3916827,43.841788]},"properties":{"cle":"osm_point:n1682867634","nom":null,"file":"inventaire","sort":"ecartee"}},{"type":"Feature","geometry":{"type":"Point","coordinates":[4.391116700000001,43.8414185]},"properties":{"cle":"osm_point:n1682867639","nom":null,"file":"inventaire","sort":"ecartee"}},{"type":"Feature","geometry":{"type":"Point","coordinates":[4.352669299999999,43.8137477]},"properties":{"cle":"osm_point:n1683220183","nom":null,"file":"inventaire","sort":"ecartee"}},{"type":"Feature","geometry":{"type":"Point","coordinates":[4.3551155,43.81334520000001]},"properties":{"cle":"osm_point:n1683220188","nom":null,"file":"inventaire","sort":"ecartee"}},{"type":"Feature","geometry":{"type":"Point","coordinates":[4.3584969000000005,43.839746299999995]},"properties":{"cle":"osm_point:n1711217237","nom":"Parking de la Coupole","file":"inventaire","sort":"ecartee"}},{"type":"Feature","geometry":{"type":"Point","coordinates":[4.3963247,43.85820639999999]},"properties":{"cle":"osm_point:n2493790556","nom":null,"file":"inventaire","sort":"ecartee"}},{"type":"Feature","geometry":{"type":"Point","coordinates":[4.3973208,43.8585994]},"properties":{"cle":"osm_point:n2493797560","nom":null,"file":"inventaire","sort":"ecartee"}},{"type":"Feature","geometry":{"type":"Point","coordinates":[4.396196699999999,43.85750900000001]},"properties":{"cle":"osm_point:n2493812227","nom":null,"file":"inventaire","sort":"ecartee"}},{"type":"Feature","geometry":{"type":"Point","coordinates":[4.395863499999999,43.85799969999999]},"properties":{"cle":"osm_point:n2493812240","nom":null,"file":"inventaire","sort":"ecartee"}},{"type":"Feature","geometry":{"type":"Point","coordinates":[4.396114299999999,43.8602717]},"properties":{"cle":"osm_point:n2497501318","nom":null,"file":"inventaire","sort":"ecartee"}},{"type":"Feature","geometry":{"type":"Point","coordinates":[4.373237799999999,43.8133766]},"properties":{"cle":"osm_point:n3048484464","nom":null,"file":"inventaire","sort":"ecartee"}},{"type":"Feature","geometry":{"type":"Point","coordinates":[4.3322775,43.81652509999999]},"properties":{"cle":"osm_point:n3109843373","nom":null,"file":"inventaire","sort":"ecartee"}},{"type":"Feature","geometry":{"type":"Point","coordinates":[4.3192404,43.82256009999999]},"properties":{"cle":"osm_point:n3370485639","nom":"Parking Indigo Nîmes CHU Carémeau","file":"inventaire","sort":"ecartee"}},{"type":"Feature","geometry":{"type":"Point","coordinates":[4.3588838,43.839432099999996]},"properties":{"cle":"osm_point:n462855836","nom":"Parking des Halles","file":"inventaire","sort":"ecartee"}},{"type":"Feature","geometry":{"type":"Polygon","coordinates":[[[4.394574,43.834534],[4.393823,43.834452],[4.393955,43.833895],[4.394448,43.833953],[4.394502,43.83403],[4.394574,43.834534]]]},"properties":{"cle":"osm_point:n560810182","nom":null,"file":"inventaire","sort":"retenue"}},{"type":"Feature","geometry":{"type":"Point","coordinates":[4.363055,43.8361172]},"properties":{"cle":"osm_point:n579975460","nom":"Parking des Arènes","file":"inventaire","sort":"ecartee"}},{"type":"Feature","geometry":{"type":"Point","coordinates":[4.3195172,43.82235210000001]},"properties":{"cle":"osm_point:n6461839922","nom":null,"file":"inventaire","sort":"ecartee"}},{"type":"Feature","geometry":{"type":"Point","coordinates":[4.3861811,43.834509]},"properties":{"cle":"osm_point:n672990967","nom":null,"file":"inventaire","sort":"ecartee"}},{"type":"Feature","geometry":{"type":"Point","coordinates":[4.386260700000001,43.834966800000004]},"properties":{"cle":"osm_point:n672990971","nom":null,"file":"inventaire","sort":"ecartee"}},{"type":"Feature","geometry":{"type":"Point","coordinates":[4.386579500000001,43.835421899999986]},"properties":{"cle":"osm_point:n672990992","nom":null,"file":"inventaire","sort":"ecartee"}},{"type":"Feature","geometry":{"type":"Point","coordinates":[4.3329337,43.8168906]},"properties":{"cle":"osm_point:n6874159546","nom":null,"file":"inventaire","sort":"ecartee"}},{"type":"Feature","geometry":{"type":"Point","coordinates":[4.3385438,43.823530500000004]},"properties":{"cle":"osm_point:n6874226982","nom":null,"file":"inventaire","sort":"ecartee"}},{"type":"Feature","geometry":{"type":"Point","coordinates":[4.338925800000001,43.82293710000001]},"properties":{"cle":"osm_point:n6874226983","nom":null,"file":"inventaire","sort":"ecartee"}},{"type":"Feature","geometry":{"type":"Polygon","coordinates":[[[4.340919,43.824084],[4.339538,43.823634],[4.339702,43.823345],[4.340297,43.823539],[4.340426,43.823314],[4.341324,43.823568],[4.340919,43.824084]]]},"properties":{"cle":"osm_point:n6874226984","nom":null,"file":"inventaire","sort":"retenue"}},{"type":"Feature","geometry":{"type":"Point","coordinates":[4.3535874,43.78832220000001]},"properties":{"cle":"osm_point:n8684325605","nom":null,"file":"inventaire","sort":"ecartee"}},{"type":"Feature","geometry":{"type":"Point","coordinates":[4.3631153,43.82951910000001]},"properties":{"cle":"osm_point:n9253848990","nom":null,"file":"inventaire","sort":"ecartee"}},{"type":"Feature","geometry":{"type":"Point","coordinates":[4.4348721,43.750062400000004]},"properties":{"cle":"osm_point:n14168936884","nom":null,"file":"inventaire","sort":"ecartee"}},{"type":"Feature","geometry":{"type":"Polygon","coordinates":[[[4.428858,43.678662],[4.428821,43.67845],[4.429242,43.67846],[4.42925,43.678701],[4.428858,43.678662]]]},"properties":{"cle":"osm_point:n2401825271","nom":null,"file":"inventaire","sort":"retenue"}},{"type":"Feature","geometry":{"type":"Polygon","coordinates":[[[4.389435,43.661079],[4.389277,43.660921],[4.389234,43.660952],[4.389355,43.661084],[4.389435,43.661079]]]},"properties":{"cle":"osm_point:n5131488959","nom":null,"file":"inventaire","sort":"retenue"}},{"type":"Feature","geometry":{"type":"Polygon","coordinates":[[[4.429786,43.677808],[4.429577,43.67781],[4.429633,43.67719],[4.429859,43.677199],[4.429786,43.677808]]]},"properties":{"cle":"osm_point:n7042144880","nom":null,"file":"inventaire","sort":"retenue"}},{"type":"Feature","geometry":{"type":"Point","coordinates":[4.425226399999999,43.67520120000001]},"properties":{"cle":"osm_point:n7091286542","nom":null,"file":"inventaire","sort":"ecartee"}},{"type":"Feature","geometry":{"type":"Point","coordinates":[4.188977100000001,43.6073892]},"properties":{"cle":"osm_point:n2412474207","nom":null,"file":"inventaire","sort":"ecartee"}},{"type":"Feature","geometry":{"type":"Polygon","coordinates":[[[4.180164,43.622875],[4.179788,43.622512],[4.17989,43.622456],[4.180271,43.622809],[4.180164,43.622875]]]},"properties":{"cle":"osm_point:n7952097673","nom":null,"file":"inventaire","sort":"ecartee"}},{"type":"Feature","geometry":{"type":"Polygon","coordinates":[[[4.279816,43.693761],[4.279683,43.6937],[4.279966,43.693483],[4.280095,43.693544],[4.279816,43.693761]]]},"properties":{"cle":"osm_point:n13724093044","nom":null,"file":"inventaire","sort":"retenue"}},{"type":"Feature","geometry":{"type":"Polygon","coordinates":[[[4.430465,43.828131],[4.430395,43.827966],[4.430583,43.827928],[4.430685,43.828083],[4.430465,43.828131]]]},"properties":{"cle":"osm_point:n1890287031","nom":null,"file":"inventaire","sort":"retenue"}},{"type":"Feature","geometry":{"type":"Polygon","coordinates":[[[4.199355,43.569026],[4.199191,43.567949],[4.199344,43.56793],[4.199366,43.568083],[4.199438,43.568072],[4.199433,43.568013],[4.199642,43.567988],[4.199811,43.569201],[4.199698,43.569209],[4.19965,43.569009],[4.199355,43.569026]]]},"properties":{"cle":"osm_point:n13084116601","nom":"P8","file":"inventaire","sort":"retenue"}},{"type":"Feature","geometry":{"type":"Polygon","coordinates":[[[4.209449,43.684955],[4.209479,43.68486],[4.209637,43.684895],[4.209747,43.684792],[4.209808,43.68478],[4.209879,43.684872],[4.209736,43.685029],[4.209449,43.684955]]]},"properties":{"cle":"osm_point:n8094905946","nom":null,"file":"inventaire","sort":"retenue"}},{"type":"Feature","geometry":{"type":"Polygon","coordinates":[[[4.258786,43.619107],[4.258688,43.619023],[4.258752,43.618988],[4.258925,43.619117],[4.258786,43.619107]]]},"properties":{"cle":"osm_point:n7883538622","nom":null,"file":"inventaire","sort":"retenue"}},{"type":"Feature","geometry":{"type":"Polygon","coordinates":[[[4.260246,43.620144],[4.259954,43.619937],[4.260002,43.619872],[4.260319,43.620111],[4.260246,43.620144]]]},"properties":{"cle":"osm_point:n7883538623","nom":null,"file":"inventaire","sort":"retenue"}},{"type":"Feature","geometry":{"type":"Polygon","coordinates":[[[4.230367,43.648301],[4.230474,43.648254],[4.230581,43.648322],[4.230592,43.648423],[4.230554,43.648512],[4.230469,43.648506],[4.230469,43.64845],[4.230367,43.648301]]]},"properties":{"cle":"osm_point:n8712683825","nom":null,"file":"inventaire","sort":"ecartee"}},{"type":"Feature","geometry":{"type":"Polygon","coordinates":[[[4.226866,43.687211],[4.227041,43.687165],[4.227338,43.687163],[4.227438,43.687203],[4.226866,43.687211]]]},"properties":{"cle":"osm_point:n9501480761","nom":null,"file":"inventaire","sort":"retenue"}},{"type":"Feature","geometry":{"type":"Point","coordinates":[4.2059504,43.76116389999999]},"properties":{"cle":"osm_point:n13732594109","nom":null,"file":"inventaire","sort":"ecartee"}},{"type":"Feature","geometry":{"type":"Point","coordinates":[4.18701,43.7819571]},"properties":{"cle":"osm_point:n3929120076","nom":null,"file":"inventaire","sort":"ecartee"}},{"type":"Feature","geometry":{"type":"Polygon","coordinates":[[[4.213828,43.729058],[4.213729,43.729052],[4.213753,43.728858],[4.213884,43.728857],[4.213828,43.729058]]]},"properties":{"cle":"osm_point:n1798226843","nom":null,"file":"inventaire","sort":"retenue"}},{"type":"Feature","geometry":{"type":"Point","coordinates":[4.1566936,43.76718240000002]},"properties":{"cle":"osm_point:n13739980246","nom":null,"file":"inventaire","sort":"ecartee"}},{"type":"Feature","geometry":{"type":"Point","coordinates":[4.1554392,43.76730229999999]},"properties":{"cle":"osm_point:n13739980247","nom":null,"file":"inventaire","sort":"ecartee"}},{"type":"Feature","geometry":{"type":"Polygon","coordinates":[[[4.16675,43.714371],[4.166712,43.714285],[4.16756,43.71412],[4.167622,43.714246],[4.16675,43.714371]]]},"properties":{"cle":"osm_point:n8731919729","nom":null,"file":"inventaire","sort":"retenue"}},{"type":"Feature","geometry":{"type":"Point","coordinates":[4.4872692999999995,43.8161511]},"properties":{"cle":"osm_point:n9330744754","nom":null,"file":"inventaire","sort":"ecartee"}},{"type":"Feature","geometry":{"type":"Point","coordinates":[4.3099189,43.7907767]},"properties":{"cle":"osm_point:n8548682684","nom":null,"file":"inventaire","sort":"ecartee"}},{"type":"Feature","geometry":{"type":"Point","coordinates":[4.2338577,43.781096399999996]},"properties":{"cle":"osm_point:n13775191522","nom":null,"file":"inventaire","sort":"ecartee"}},{"type":"Feature","geometry":{"type":"Point","coordinates":[4.3482474,43.8200521]},"properties":{"cle":"osm_point:n1660336200","nom":null,"file":"inventaire","sort":"ecartee"}},{"type":"Feature","geometry":{"type":"Point","coordinates":[4.3419522,43.8193651]},"properties":{"cle":"osm_point:n1660336202","nom":null,"file":"inventaire","sort":"ecartee"}},{"type":"Feature","geometry":{"type":"Point","coordinates":[4.3375342,43.818075]},"properties":{"cle":"osm_point:n1660336230","nom":null,"file":"inventaire","sort":"ecartee"}},{"type":"Feature","geometry":{"type":"Point","coordinates":[4.3477296999999995,43.82003470000001]},"properties":{"cle":"osm_point:n1660336234","nom":null,"file":"inventaire","sort":"ecartee"}},{"type":"Feature","geometry":{"type":"Point","coordinates":[4.3497332,43.821629099999996]},"properties":{"cle":"osm_point:n1660336238","nom":"Picard","file":"inventaire","sort":"ecartee"}},{"type":"Feature","geometry":{"type":"Point","coordinates":[4.338661199999999,43.81870319999998]},"properties":{"cle":"osm_point:n1660336239","nom":null,"file":"inventaire","sort":"ecartee"}},{"type":"Feature","geometry":{"type":"Point","coordinates":[4.336472499999999,43.81530660000001]},"properties":{"cle":"osm_point:n1660336269","nom":null,"file":"inventaire","sort":"ecartee"}},{"type":"Feature","geometry":{"type":"Point","coordinates":[4.355408899999999,43.8148402]},"properties":{"cle":"osm_point:n1660336280","nom":null,"file":"inventaire","sort":"ecartee"}},{"type":"Feature","geometry":{"type":"Polygon","coordinates":[[[4.347027,43.831233],[4.346388,43.831171],[4.34638,43.831221],[4.347005,43.831269],[4.347027,43.831233]]]},"properties":{"cle":"osm_point:n1681609605","nom":null,"file":"inventaire","sort":"retenue"}},{"type":"Feature","geometry":{"type":"Point","coordinates":[4.344567199999999,43.836922700000024]},"properties":{"cle":"osm_point:n1681609618","nom":null,"file":"inventaire","sort":"ecartee"}},{"type":"Feature","geometry":{"type":"Point","coordinates":[4.3447013,43.832337300000006]},"properties":{"cle":"osm_point:n1681609626","nom":null,"file":"inventaire","sort":"ecartee"}},{"type":"Feature","geometry":{"type":"Point","coordinates":[4.344537699999999,43.8337168]},"properties":{"cle":"osm_point:n1681609631","nom":null,"file":"inventaire","sort":"ecartee"}},{"type":"Feature","geometry":{"type":"Point","coordinates":[4.344623499999999,43.8360018]},"properties":{"cle":"osm_point:n1681609647","nom":null,"file":"inventaire","sort":"ecartee"}},{"type":"Feature","geometry":{"type":"Point","coordinates":[4.344282899999999,43.831990899999994]},"properties":{"cle":"osm_point:n1681609655","nom":null,"file":"inventaire","sort":"ecartee"}},{"type":"Feature","geometry":{"type":"Point","coordinates":[4.3480085,43.83142009999998]},"properties":{"cle":"osm_point:n1681609675","nom":null,"file":"inventaire","sort":"ecartee"}},{"type":"Feature","geometry":{"type":"Point","coordinates":[4.345245799999999,43.83118799999998]},"properties":{"cle":"osm_point:n1681609680","nom":null,"file":"inventaire","sort":"ecartee"}},{"type":"Feature","geometry":{"type":"Point","coordinates":[4.3682507,43.827775199999984]},"properties":{"cle":"osm_point:n1681622131","nom":null,"file":"inventaire","sort":"ecartee"}},{"type":"Feature","geometry":{"type":"Point","coordinates":[4.367215399999999,43.8276823]},"properties":{"cle":"osm_point:n1681622160","nom":null,"file":"inventaire","sort":"ecartee"}},{"type":"Feature","geometry":{"type":"Point","coordinates":[4.367628399999999,43.82939290000001]},"properties":{"cle":"osm_point:n1681622161","nom":null,"file":"inventaire","sort":"ecartee"}},{"type":"Feature","geometry":{"type":"Point","coordinates":[4.3622694,43.824336599999995]},"properties":{"cle":"osm_point:n1681622164","nom":null,"file":"inventaire","sort":"ecartee"}},{"type":"Feature","geometry":{"type":"Point","coordinates":[4.3613467,43.82864599999999]},"properties":{"cle":"osm_point:n1681622182","nom":null,"file":"inventaire","sort":"ecartee"}},{"type":"Feature","geometry":{"type":"Point","coordinates":[4.368451900000001,43.828129299999986]},"properties":{"cle":"osm_point:n1681622187","nom":null,"file":"inventaire","sort":"ecartee"}},{"type":"Feature","geometry":{"type":"Point","coordinates":[4.3679691,43.827163800000015]},"properties":{"cle":"osm_point:n1681622210","nom":null,"file":"inventaire","sort":"ecartee"}},{"type":"Feature","geometry":{"type":"Polygon","coordinates":[[[4.388215,43.840992],[4.388129,43.840984],[4.388309,43.840454],[4.388397,43.840461],[4.388215,43.840992]]]},"properties":{"cle":"osm_point:n1682860875","nom":null,"file":"inventaire","sort":"retenue"}},{"type":"Feature","geometry":{"type":"Point","coordinates":[4.3898909999999995,43.83641549999998]},"properties":{"cle":"osm_point:n1682860953","nom":null,"file":"inventaire","sort":"ecartee"}},{"type":"Feature","geometry":{"type":"Point","coordinates":[4.387490399999999,43.838359800000006]},"properties":{"cle":"osm_point:n1682860996","nom":null,"file":"inventaire","sort":"ecartee"}},{"type":"Feature","geometry":{"type":"Point","coordinates":[4.390545400000001,43.8355081]},"properties":{"cle":"osm_point:n1682867615","nom":null,"file":"inventaire","sort":"ecartee"}},{"type":"Feature","geometry":{"type":"Point","coordinates":[4.3909209,43.84203949999999]},"properties":{"cle":"osm_point:n1682867624","nom":null,"file":"inventaire","sort":"ecartee"}},{"type":"Feature","geometry":{"type":"Point","coordinates":[4.391639799999999,43.830810299999996]},"properties":{"cle":"osm_point:n1682867627","nom":null,"file":"inventaire","sort":"ecartee"}},{"type":"Feature","geometry":{"type":"Point","coordinates":[4.3916827,43.841788]},"properties":{"cle":"osm_point:n1682867634","nom":null,"file":"inventaire","sort":"ecartee"}},{"type":"Feature","geometry":{"type":"Point","coordinates":[4.391116700000001,43.8414185]},"properties":{"cle":"osm_point:n1682867639","nom":null,"file":"inventaire","sort":"ecartee"}},{"type":"Feature","geometry":{"type":"Point","coordinates":[4.352669299999999,43.8137477]},"properties":{"cle":"osm_point:n1683220183","nom":null,"file":"inventaire","sort":"ecartee"}},{"type":"Feature","geometry":{"type":"Point","coordinates":[4.3551155,43.81334520000001]},"properties":{"cle":"osm_point:n1683220188","nom":null,"file":"inventaire","sort":"ecartee"}},{"type":"Feature","geometry":{"type":"Point","coordinates":[4.3584969000000005,43.839746299999995]},"properties":{"cle":"osm_point:n1711217237","nom":"Parking de la Coupole","file":"inventaire","sort":"ecartee"}},{"type":"Feature","geometry":{"type":"Point","coordinates":[4.3963247,43.85820639999999]},"properties":{"cle":"osm_point:n2493790556","nom":null,"file":"inventaire","sort":"ecartee"}},{"type":"Feature","geometry":{"type":"Point","coordinates":[4.3973208,43.8585994]},"properties":{"cle":"osm_point:n2493797560","nom":null,"file":"inventaire","sort":"ecartee"}},{"type":"Feature","geometry":{"type":"Point","coordinates":[4.396196699999999,43.85750900000001]},"properties":{"cle":"osm_point:n2493812227","nom":null,"file":"inventaire","sort":"ecartee"}},{"type":"Feature","geometry":{"type":"Point","coordinates":[4.395863499999999,43.85799969999999]},"properties":{"cle":"osm_point:n2493812240","nom":null,"file":"inventaire","sort":"ecartee"}},{"type":"Feature","geometry":{"type":"Point","coordinates":[4.396114299999999,43.8602717]},"properties":{"cle":"osm_point:n2497501318","nom":null,"file":"inventaire","sort":"ecartee"}},{"type":"Feature","geometry":{"type":"Point","coordinates":[4.373237799999999,43.8133766]},"properties":{"cle":"osm_point:n3048484464","nom":null,"file":"inventaire","sort":"ecartee"}},{"type":"Feature","geometry":{"type":"Point","coordinates":[4.3322775,43.81652509999999]},"properties":{"cle":"osm_point:n3109843373","nom":null,"file":"inventaire","sort":"ecartee"}},{"type":"Feature","geometry":{"type":"Point","coordinates":[4.3192404,43.82256009999999]},"properties":{"cle":"osm_point:n3370485639","nom":"Parking Indigo Nîmes CHU Carémeau","file":"inventaire","sort":"ecartee"}},{"type":"Feature","geometry":{"type":"Point","coordinates":[4.3588838,43.839432099999996]},"properties":{"cle":"osm_point:n462855836","nom":"Parking des Halles","file":"inventaire","sort":"ecartee"}},{"type":"Feature","geometry":{"type":"Polygon","coordinates":[[[4.394574,43.834534],[4.393823,43.834452],[4.393955,43.833895],[4.394448,43.833953],[4.394502,43.83403],[4.394574,43.834534]]]},"properties":{"cle":"osm_point:n560810182","nom":null,"file":"inventaire","sort":"retenue"}},{"type":"Feature","geometry":{"type":"Point","coordinates":[4.363055,43.8361172]},"properties":{"cle":"osm_point:n579975460","nom":"Parking des Arènes","file":"inventaire","sort":"ecartee"}},{"type":"Feature","geometry":{"type":"Point","coordinates":[4.3195172,43.82235210000001]},"properties":{"cle":"osm_point:n6461839922","nom":null,"file":"inventaire","sort":"ecartee"}},{"type":"Feature","geometry":{"type":"Point","coordinates":[4.3861811,43.834509]},"properties":{"cle":"osm_point:n672990967","nom":null,"file":"inventaire","sort":"ecartee"}},{"type":"Feature","geometry":{"type":"Point","coordinates":[4.386260700000001,43.834966800000004]},"properties":{"cle":"osm_point:n672990971","nom":null,"file":"inventaire","sort":"ecartee"}},{"type":"Feature","geometry":{"type":"Point","coordinates":[4.386579500000001,43.835421899999986]},"properties":{"cle":"osm_point:n672990992","nom":null,"file":"inventaire","sort":"ecartee"}},{"type":"Feature","geometry":{"type":"Point","coordinates":[4.3329337,43.8168906]},"properties":{"cle":"osm_point:n6874159546","nom":null,"file":"inventaire","sort":"ecartee"}},{"type":"Feature","geometry":{"type":"Point","coordinates":[4.3385438,43.823530500000004]},"properties":{"cle":"osm_point:n6874226982","nom":null,"file":"inventaire","sort":"ecartee"}},{"type":"Feature","geometry":{"type":"Point","coordinates":[4.338925800000001,43.82293710000001]},"properties":{"cle":"osm_point:n6874226983","nom":null,"file":"inventaire","sort":"ecartee"}},{"type":"Feature","geometry":{"type":"Polygon","coordinates":[[[4.340919,43.824084],[4.339538,43.823634],[4.339702,43.823345],[4.340297,43.823539],[4.340426,43.823314],[4.341324,43.823568],[4.340919,43.824084]]]},"properties":{"cle":"osm_point:n6874226984","nom":null,"file":"inventaire","sort":"retenue"}},{"type":"Feature","geometry":{"type":"Point","coordinates":[4.3535874,43.78832220000001]},"properties":{"cle":"osm_point:n8684325605","nom":null,"file":"inventaire","sort":"ecartee"}},{"type":"Feature","geometry":{"type":"Point","coordinates":[4.3631153,43.82951910000001]},"properties":{"cle":"osm_point:n9253848990","nom":null,"file":"inventaire","sort":"ecartee"}},{"type":"Feature","geometry":{"type":"Point","coordinates":[4.4348721,43.750062400000004]},"properties":{"cle":"osm_point:n14168936884","nom":null,"file":"inventaire","sort":"ecartee"}},{"type":"Feature","geometry":{"type":"Polygon","coordinates":[[[4.428858,43.678662],[4.428821,43.67845],[4.429242,43.67846],[4.42925,43.678701],[4.428858,43.678662]]]},"properties":{"cle":"osm_point:n2401825271","nom":null,"file":"inventaire","sort":"retenue"}},{"type":"Feature","geometry":{"type":"Polygon","coordinates":[[[4.389435,43.661079],[4.389277,43.660921],[4.389234,43.660952],[4.389355,43.661084],[4.389435,43.661079]]]},"properties":{"cle":"osm_point:n5131488959","nom":null,"file":"inventaire","sort":"retenue"}},{"type":"Feature","geometry":{"type":"Polygon","coordinates":[[[4.429786,43.677808],[4.429577,43.67781],[4.429633,43.67719],[4.429859,43.677199],[4.429786,43.677808]]]},"properties":{"cle":"osm_point:n7042144880","nom":null,"file":"inventaire","sort":"retenue"}},{"type":"Feature","geometry":{"type":"Point","coordinates":[4.425226399999999,43.67520120000001]},"properties":{"cle":"osm_point:n7091286542","nom":null,"file":"inventaire","sort":"ecartee"}},{"type":"Feature","geometry":{"type":"Point","coordinates":[4.188977100000001,43.6073892]},"properties":{"cle":"osm_point:n2412474207","nom":null,"file":"inventaire","sort":"ecartee"}},{"type":"Feature","geometry":{"type":"Polygon","coordinates":[[[4.180164,43.622875],[4.179788,43.622512],[4.17989,43.622456],[4.180271,43.622809],[4.180164,43.622875]]]},"properties":{"cle":"osm_point:n7952097673","nom":null,"file":"inventaire","sort":"ecartee"}},{"type":"Feature","geometry":{"type":"Polygon","coordinates":[[[4.279816,43.693761],[4.279683,43.6937],[4.279966,43.693483],[4.280095,43.693544],[4.279816,43.693761]]]},"properties":{"cle":"osm_point:n13724093044","nom":null,"file":"inventaire","sort":"retenue"}},{"type":"Feature","geometry":{"type":"Polygon","coordinates":[[[4.430465,43.828131],[4.430395,43.827966],[4.430583,43.827928],[4.430685,43.828083],[4.430465,43.828131]]]},"properties":{"cle":"osm_point:n1890287031","nom":null,"file":"inventaire","sort":"retenue"}},{"type":"Feature","geometry":{"type":"Polygon","coordinates":[[[4.195281,43.565144],[4.194798,43.564724],[4.194793,43.56453],[4.194819,43.56444],[4.195345,43.564028],[4.196032,43.564312],[4.195908,43.564471],[4.196075,43.564545],[4.195281,43.565144]]]},"properties":{"cle":"manuel:20260929080543","nom":"Aire enherbée","file":"inventaire","sort":"retenue"}},{"type":"Feature","geometry":{"type":"Polygon","coordinates":[[[4.190453,43.63041],[4.190445,43.629948],[4.19071,43.629952],[4.19071,43.630086],[4.190946,43.63042],[4.190453,43.63041]]]},"properties":{"cle":"manuel:20260930094131","nom":"","file":"inventaire","sort":"retenue"}},{"type":"Feature","geometry":{"type":"Polygon","coordinates":[[[4.1875068,43.5657137],[4.187541199999999,43.56573929999999],[4.1875621999999995,43.56573900000001],[4.1885585999999995,43.5652507],[4.1887475,43.56503990000001],[4.189038355798504,43.56468360786172],[4.188984066340016,43.56462659621032],[4.188981178430569,43.564626422232045],[4.188978192274261,43.56462602522952],[4.188975274010805,43.56462541730243],[4.188974042556308,43.56462506256308],[4.18890946886711,43.56465420623171],[4.188850915922285,43.564682621579124],[4.188850883433133,43.56468263730999],[4.188782369597403,43.56471573530601],[4.188710199130866,43.564751571902754],[4.18871008071142,43.56475163021923],[4.1886366090435905,43.56478751232465],[4.188558244264302,43.56482614736362],[4.188557804819009,43.56482635747022],[4.18846847052348,43.56486776348187],[4.188369367152053,43.564915573331895],[4.18836935042282,43.564915581393],[4.188260300898509,43.564968065918514],[4.1882600851555045,43.56496816819526],[4.1881640296705624,43.56501301742075],[4.188027309959203,43.565076852897974],[4.187912338663205,43.56513200341347],[4.18780465639093,43.56518531801215],[4.187804605204585,43.56518534326431],[4.187705377867681,43.56523412040876],[4.187705209925804,43.56523420199915],[4.187616987029716,43.56527655978561],[4.187616708959864,43.565276690716814],[4.187546952774831,43.56530889706926],[4.187496823343846,43.56533278893991],[4.187496721448506,43.56533283715741],[4.187457502883099,43.56535126293478],[4.187456562037462,43.565351676766944],[4.187429566697466,43.56536277010976],[4.187428984158639,43.56536299961835],[4.187411793460055,43.56536948651629],[4.1874106397487445,43.565369885837036],[4.187395886255018,43.56537454639248],[4.187393542291319,43.565375154556754],[4.187379720598423,43.5653779972277],[4.1874902,43.5656853],[4.1875068,43.5657137]]]},"properties":{"cle":"vivier:30003:006","nom":"30003:006","file":"vivier","sort":"ecartee"}},{"type":"Feature","geometry":{"type":"MultiPolygon","coordinates":[[[[4.195399899999999,43.57152649999999],[4.195710199999999,43.57194399999998],[4.196059705684131,43.57180254019664],[4.196059223221008,43.57180196665029],[4.195993025655403,43.57171361063455],[4.1959919629028954,43.57171200833796],[4.195991122928445,43.57171033757864],[4.19599051394047,43.571708614683665],[4.195990141890132,43.57170685648957],[4.195990010413173,43.57170508017789],[4.195990120794398,43.571703303107135],[4.195990471955111,43.57170154264331],[4.195991060463663,43.57169981599009],[4.195991880568985,43.57169814002072],[4.1959929242567915,43.57169653111321],[4.1959941813278965,43.571695004990154],[4.195995639497883,43.57169357656524],[4.195997284517153,43.57169225979734],[4.195999100310173,43.571691067554205],[4.196001069132577,43.57169001148676],[4.1960031717445565,43.57168910191513],[4.196003506643879,43.571688972889746],[4.195773399999999,43.57137889999999],[4.195399899999999,43.57152649999999]],[[4.1956030922233305,43.57170129846348],[4.195603691945459,43.571699548572106],[4.195604529550943,43.57169785111233],[4.195605596627283,43.571696223132605],[4.195606882457303,43.571694680983484],[4.1956083741267785,43.57169324015354],[4.195610056654146,43.5716919151137],[4.195611913140962,43.57169071917196],[4.195613924941639,43.571689664339765],[4.195616071850695,43.571688761211256],[4.195727826964335,43.57164703752009],[4.19572825840963,43.571646895120374],[4.195728679862947,43.571646733979584],[4.1958577201288385,43.57160302012798],[4.195859980192791,43.5716023510001],[4.1958623198998675,43.571601846946756],[4.195864716504769,43.57160151286797],[4.195867146709069,43.57160135201151],[4.195869586887708,43.57160136594117],[4.195872013318668,43.57160155452146],[4.19587440241357,43.57160191591916],[4.195876730946995,43.571602446620915],[4.1958789762822715,43.57160314146764],[4.195881116591526,43.57160399370432],[4.195883131067886,43.571604995046066],[4.195885000127755,43.57160613575838],[4.195886705601188,43.57160740475196],[4.195888230908527,43.57160878969028],[4.1958895612215885,43.571610277109826],[4.196010276334499,43.571761022220855],[4.196011410718085,43.5717626167698],[4.196012320938288,43.57176428556409],[4.196012997935959,43.571766011994754],[4.196013434973135,43.57176777887919],[4.1960136277001014,43.57176956863214],[4.196013574198685,43.57177136344078],[4.196013275001347,43.57177314544192],[4.196012733085879,43.571774896899875],[4.196011953845773,43.57177660038293],[4.196010945036544,43.57177823893688],[4.196009716698534,43.57177979625366],[4.196008281056991,43.57178125683386],[4.196006652400394,43.571782606140665],[4.1960048469382425,43.57178383074496],[4.196002882639732,43.571784918458555],[4.196000779054911,43.57178585845579],[4.195870669806816,43.57183768289662],[4.195870316082421,43.571837807792285],[4.195869984416064,43.57183794583916],[4.1957594476436215,43.57187875641435],[4.1957572852326335,43.57187946222682],[4.195755039874639,43.57188001440085],[4.195752732164279,43.57188040787186],[4.195750383268108,43.571880639030915],[4.195748014730435,43.571880705757756],[4.195745648275723,43.571880607440384],[4.195743305609339,43.571880344980556],[4.195741008218447,43.57187992078561],[4.195738777174951,43.57187933874629],[4.195736632942198,43.57187860420111],[4.195734595187306,43.5718777238874],[4.195732682600758,43.571876705879504],[4.19573091272498,43.57187555951466],[4.195729301793435,43.57187429530743],[4.195727864581739,43.57187292485328],[4.195726614272121,43.57187146072215],[4.195605749778815,43.57171351813983],[4.195604653959547,43.57171190028507],[4.1956037863618105,43.57171021080771],[4.195603155699292,43.57170846667598],[4.195602768306015,43.571706685407065],[4.1956026280727405,43.57170488489109],[4.195602736407873,43.57170308321152],[4.1956030922233305,43.57170129846348]]],[[[4.195131099999999,43.571572199999984],[4.195999804955871,43.57122793337578],[4.195998481514893,43.57122818180323],[4.19598039077005,43.57123022345274],[4.195962111402572,43.57123095945711],[4.1959438212239855,43.57123038265692],[4.195925698150989,43.57122849866295],[4.19590791847473,43.571225325801656],[4.195890655145925,43.571220894936864],[4.195712654823641,43.571167894816966],[4.195696297843627,43.57116233444585],[4.195680761294077,43.57115564486199],[4.1956661921912835,43.57114788936641],[4.195652728396786,43.57113914134646],[4.19564049731284,43.5711294835814],[4.195629614676856,43.571119007458925],[4.195620183466225,43.5711078121106],[4.195612292923911,43.57109600347355],[4.195606017713992,43.57108369328823],[4.195601417215185,43.57107099804092],[4.195595685047056,43.57105134468107],[4.1952296577401595,43.5709040553721],[4.195229148358325,43.57090470393452],[4.195227731552157,43.57090615380434],[4.1951803747955765,43.5709498677661],[4.195178824048008,43.57095116640772],[4.1951771098761075,43.570952351481004],[4.195175247937326,43.57095341216135],[4.1951732552388314,43.57095433876037],[4.19517114998218,43.570955122814404],[4.19516895139704,43.570955757161805],[4.195166679565564,43.57095623600833],[4.195164355238946,43.570956554980185],[4.195161999647874,43.570956711163795],[4.195159634308617,43.57095670313261],[4.1951572808264785,43.57095653095993],[4.1951549606984635,43.57095619621842],[4.195152695116912,43.570955701965694],[4.195150504775928,43.570955052716265],[4.19514840968236,43.57095425440049],[4.195145275641108,43.57095291767334],[4.194761400000001,43.5713061],[4.195131099999999,43.571572199999984]]]]},"properties":{"cle":"vivier:30003:008","nom":"30003:008","file":"vivier","sort":"ecartee"}},{"type":"Feature","geometry":{"type":"Polygon","coordinates":[[[4.1852451,43.565652899999996],[4.184876799999999,43.565615900000005],[4.184850672327657,43.56529464884059],[4.184791411784523,43.56528827573729],[4.184835709549651,43.56561485747991],[4.184841547559416,43.56563413346592],[4.184855722119702,43.56567204587785],[4.184877035145848,43.56570789281987],[4.18490574036031,43.56574382659269],[4.184937888875993,43.56577605436959],[4.184977102944179,43.56580459027194],[4.185019996763561,43.56582791308112],[4.185057959195984,43.56584450339707],[4.185078914198425,43.56585079698514],[4.185410181764072,43.56592797849104],[4.185517167331475,43.56594761856882],[4.1855099754958625,43.565921378698505],[4.185509789589561,43.565920691099116],[4.185502660652965,43.565893957269765],[4.1854544,43.565853600000004],[4.185500035737515,43.56584812932934],[4.185501779771852,43.56583934640945],[4.185505984345955,43.565826803714344],[4.185511817791384,43.56581461052318],[4.1855192267301895,43.56580287840552],[4.185528143368537,43.56579171471201],[4.185538486117048,43.56578122159198],[4.18555016033739,43.565771495058954],[4.185563059208235,43.565762624112004],[4.185577064702709,43.56575468992141],[4.1855920486683535,43.56574776508598],[4.185607873999725,43.565741912968825],[4.185624395892935,43.56573718711747],[4.185641463170582,43.565733630774],[4.185898462615173,43.565689630878694],[4.185916973087471,43.56568717425265],[4.1859357304982145,43.5656860930374],[4.185954542066664,43.56568639834519],[4.185973214455487,43.56568808703818],[4.185991020325727,43.565691052585215],[4.185939376342173,43.56557930755243],[4.185703193122225,43.5651262343994],[4.185672,43.565081000000006],[4.185611385323564,43.56501713645784],[4.185571822660148,43.56498921936714],[4.185535846611717,43.5649809335615],[4.1855003729651274,43.56498796200749],[4.18548587442097,43.564997276794216],[4.185373900000001,43.565333200000005],[4.185324250685489,43.56532719665429],[4.185292577433406,43.56551263136691],[4.1852921573859305,43.56551438012973],[4.18529150241671,43.565516090287296],[4.185290618900093,43.5655177451958],[4.18528951543472,43.56551932874913],[4.185288202759851,43.56552082553565],[4.185286693650835,43.56552222098821],[4.185285002794791,43.56552350152572],[4.185283146647657,43.56552465468569],[4.185281143274038,43.56552566924512],[4.185279012171404,43.565526535330015],[4.185276774080319,43.56552724451136],[4.185274450782605,43.56552778988719],[4.185272064889336,43.56552816614972],[4.185270857224213,43.56552826747644],[4.1852451,43.565652899999996]],[[4.1856580115721,43.565259055326415],[4.185660224877191,43.56525975414929],[4.185662334066727,43.56526060638909],[4.185664319088256,43.565261603943505],[4.185666161069812,43.565262737328524],[4.185667842499331,43.5652639957689],[4.18566934739115,43.5652653673004],[4.185670661437968,43.56526683888363],[4.1856717721468915,43.56526839652796],[4.185672668958185,43.565270025424574],[4.185673343345679,43.56527171008728],[4.185673788897828,43.56527343449966],[4.185674001378662,43.565275182267406],[4.185675987858767,43.56531182410253],[4.185679184891419,43.56534755309495],[4.185679222519981,43.56534933928573],[4.185679016407999,43.56535111938788],[4.185678568586708,43.565352875858295],[4.185677883469412,43.565354591386786],[4.185676967807999,43.56535624906662],[4.185675830626396,43.56535783256116],[4.185674483131637,43.56535932626492],[4.1856729386034175,43.56536071545727],[4.185671212263232,43.565361986447556],[4.1856693211243465,43.56536312671],[4.185667283824143,43.565364125007214],[4.18566512044045,43.565364971500856],[4.185662852293656,43.56536565784861],[4.185660501736612,43.56536617728648],[4.185658091934331,43.565366524695314],[4.1856556466357,43.56536669665134],[4.185577739520531,43.56536934700416],[4.1855753391202635,43.565369343918],[4.18557295042336,43.56536917174009],[4.185570595904055,43.56536883209045],[4.185568297715022,43.5653683281646],[4.185566077478942,43.565367664703864],[4.185563956085068,43.56536684795039],[4.185561953492689,43.56536588558869],[4.185560088543337,43.56536478667321],[4.185558378783516,43.56536356154319],[4.185556840299614,43.565362221725344],[4.185555487566557,43.56536077982544],[4.185554333311616,43.565359249409696],[4.185553388394664,43.56535764487718],[4.185552661706001,43.56535598132419],[4.185552160082707,43.56535427440242],[4.185551888244321,43.565352540171524],[4.185549877008387,43.56533006270349],[4.185549750094205,43.56532999040157],[4.185547974896543,43.56532875377643],[4.185546377190272,43.56532739517982],[4.185544972742099,43.56532592801888],[4.185543775411584,43.565324366771996],[4.185542797014378,43.56532272684611],[4.185542047205621,43.565321024424605],[4.185541533384662,43.56531927630752],[4.18554126062204,43.56531749974589],[4.185537987400895,43.565278842209956],[4.18553795915243,43.56527704023416],[4.185538178905803,43.56527524523992],[4.185538644457086,43.56527347522918],[4.185539351137235,43.565271747953474],[4.185540291858925,43.56527008073564],[4.185541457187631,43.56526849029623],[4.185542835436241,43.56526699258575],[4.185544412782274,43.56526560262478],[4.1855461734065,43.56526433435321],[4.185548099651596,43.56526320049058],[4.185550172199228,43.56526221240841],[4.185552370263799,43.56526138001614],[4.185554671800903,43.56526071166188],[4.18555705372841,43.56526021404855],[4.185559492157956,43.56525989216667],[4.185561962634521,43.56525974924444],[4.185648548638012,43.565257903978214],[4.185650961127822,43.565257938140675],[4.185653357574216,43.56525814298521],[4.1856557151937475,43.56525851656438],[4.1856580115721,43.565259055326415]],[[4.185389368816253,43.56571479380903],[4.185387144732806,43.56571409038237],[4.185385026025144,43.56571323202598],[4.185383033043667,43.56571222698439],[4.185381184931152,43.56571108491117],[4.185379499438896,43.56570981677602],[4.185377992756208,43.56570843475952],[4.1853766793549125,43.565706952136054],[4.185375571850339,43.56570538314641],[4.185374680880162,43.565703742860826],[4.185374015002217,43.56570204703446],[4.185373580612302,43.565700311955865],[4.1853470459233,43.565553927091514],[4.185346846983686,43.565552164752866],[4.18534688687462,43.56555039672505],[4.18534716521089,43.56554864008022],[4.185347679304847,43.565546911780594],[4.1853484241923695,43.56554522851465],[4.1853493926807745,43.5655436065361],[4.185350575418292,43.565542061506804],[4.1853519609843595,43.5655406083456],[4.185353535999892,43.565539261084275],[4.185355285256487,43.565538032732],[4.185357191863262,43.5655369351498],[4.185359237409964,43.56553597893593],[4.185361402144731,43.565535173323646],[4.185363665164828,43.56553452609193],[4.185366004618471,43.56553404349048],[4.185368397915835,43.56553373017932],[4.185573422508037,43.56551439477241],[4.185575840110439,43.565514253916284],[4.185578265064014,43.56551428581962],[4.185580674076874,43.56551449017596],[4.185583044010249,43.56551486502242],[4.185585352100731,43.56551540675863],[4.185587576178909,43.56551611018111],[4.185589694882325,43.56551696853344],[4.185591687860643,43.56551797357108],[4.18559353597113,43.56551911564061],[4.185595221462515,43.56552038377226],[4.185596728145496,43.56552176578556],[4.185598041548238,43.565523248406144],[4.185599149055376,43.56552481739335],[4.185600040029189,43.56552645767685],[4.185600705911774,43.565528153501624],[4.185601140307251,43.56552988857911],[4.185627675632954,43.565676273378934],[4.185627874581618,43.56567803571723],[4.185627834699247,43.565679803745276],[4.18562755637093,43.565681560391006],[4.18562704228419,43.56568328869213],[4.1856262974030445,43.565684971960124],[4.185625328920078,43.56568659394131],[4.185624146186976,43.56568813897375],[4.185622760624237,43.56568959213856],[4.1856211856108985,43.565690939403936],[4.185619436355333,43.56569216776064],[4.185617529748416,43.565693265347555],[4.1856154842004125,43.56569422156638],[4.185613319463213,43.56569502718384],[4.185611056439606,43.56569567442084],[4.185608716981436,43.565696157027624],[4.1856063236786145,43.56569647034411],[4.1854012984473385,43.56571580581561],[4.185398880836022,43.56571594666785],[4.185396455874031,43.56571591476051],[4.185394046853375,43.56571571040007],[4.185391676912944,43.565715335549406],[4.185389368816253,43.56571479380903]]]},"properties":{"cle":"vivier:30003:011","nom":"30003:011","file":"vivier","sort":"en_cours"}},{"type":"Feature","geometry":{"type":"Polygon","coordinates":[[[4.184385100000001,43.57369520000002],[4.184657596905365,43.57355095953443],[4.1846486905292455,43.57354104435261],[4.184640130607388,43.573529040622084],[4.184633265633493,43.57351647441239],[4.184628164510386,43.57350347185097],[4.184624878436953,43.57349016344489],[4.184623440394305,43.573476682770846],[4.184623864814786,43.5734631651345],[4.1846261474371795,43.57344974621246],[4.1846302653495195,43.57343656069036],[4.184636177219117,43.57342374091116],[4.184643823707457,43.57341141554675],[4.184653128065829,43.57339970830653],[4.184663996905681,43.57338873669567],[4.184676321135993,43.57337861083586],[4.184689977058242,43.57336943235988],[4.184704827607962,43.57336129339168],[4.184917827384039,43.57325629360413],[4.1849329031767235,43.57324960014874],[4.1849370182429775,43.57324814371707],[4.184869544724874,43.57319397271457],[4.184830091724567,43.5732529687823],[4.184719010203051,43.57321219691325],[4.184699145599439,43.57320490570046],[4.184819188524878,43.57302452625111],[4.184943316859632,43.57306467475558],[4.1849433168594885,43.573064674755685],[4.184953753618899,43.573068050448825],[4.184869551884886,43.57319396200784],[4.184937052450474,43.5732481316101],[4.184948785786123,43.5732439788685],[4.184965331386993,43.57323948066688],[4.1849823901504895,43.57323614627739],[4.18499980760092,43.573234005894555],[4.185017426014562,43.57323307890063],[4.1850350858479155,43.573233373689966],[4.185052627182411,43.573234887593124],[4.185069891172521,43.57323760690097],[4.185086721484159,43.57324150698877],[4.185102965710333,43.573246552539366],[4.185118476751243,43.57325269786273],[4.1851331141463275,43.573259887309874],[4.185146745346185,43.57326805577673],[4.185159246912877,43.57327712929362],[4.185282127760333,43.57337523558537],[4.1854149969722485,43.57326787966843],[4.185414477694751,43.57326809935256],[4.185412234907513,43.573268842018365],[4.185409901654819,43.57326941883858],[4.185407501069884,43.5732698240943],[4.185405056953495,43.573270053767565],[4.185402593538039,43.573270105581265],[4.1854001352472405,43.573269979021724],[4.185397706454022,43.57326967534368],[4.185395331238843,43.573269197558],[4.1853381144934225,43.573255424515054],[4.185335867295355,43.573254793801055],[4.185333715068294,43.5732540072495],[4.1853316781983505,43.57325307231074],[4.185329775978948,43.57325199784055],[4.185328026428098,43.57325079401645],[4.1853264461177035,43.57324947224121],[4.185325050016608,43.57324804503477],[4.185323851348806,43.57324652591576],[4.185322861468178,43.57324492927348],[4.185322089750948,43.573243270231416],[4.185322009003033,43.57324301808422],[4.185318718957688,43.57324230200507],[4.18531639257947,43.5732417022595],[4.185314159932341,43.573240937026085],[4.185312043221297,43.57324001391545],[4.185310063498277,43.57323894210856],[4.18530824045279,43.573237732265106],[4.185306592216091,43.57323639641771],[4.185305135180856,43.57323494785219],[4.185303883838146,43.57323340097535],[4.185302850633282,43.57323177117182],[4.1853020458420795,43.57323007465094],[4.185301477468637,43.57322832828562],[4.185301151165739,43.57322654944449],[4.185301070178641,43.573224755819155],[4.185301235312778,43.57322296524827],[4.185301644925778,43.57322119554012],[4.185330610358433,43.57312549544959],[4.185331334630085,43.57312360190298],[4.185332338608832,43.57312177707831],[4.185333610318221,43.57312004274394],[4.185347320110581,43.573103579638286],[4.1854145268485485,43.573022875731354],[4.185415927008532,43.57302137137858],[4.185417528625066,43.57301997731659],[4.1854193153791766,43.57301870774951],[4.1854212690655155,43.573017575613065],[4.185423369777862,43.57301659244266],[4.1854255961119335,43.57301576825581],[4.1854279253834905,43.57301511145026],[4.18543033385946,43.57301462871823],[4.1854327969997565,43.57301432497827],[4.185435289707309,43.57301420332522],[4.18543778658379,43.573014264998605],[4.1854402621884,43.57301450937004],[4.185442691297072,43.573014933949615],[4.185445049159489,43.57301553441124],[4.185447311751264,43.5730163046368],[4.1855333966705395,43.573049559138845],[4.185535504729198,43.57305047370837],[4.185537477808473,43.57305153561009],[4.185539296498226,43.5730527343976],[4.185540942907118,43.573054058277826],[4.1855424008386155,43.57305549422714],[4.185543655950326,43.57305702811938],[4.185544695895087,43.57305864486495],[4.185545510442441,43.57306032855908],[4.185546091579268,43.573062062638506],[4.1855464335886206,43.573063830044205],[4.1855465331059625,43.57306561338939],[4.185546389152272,43.57306739513035],[4.185546003143668,43.57306915773928],[4.185545378877487,43.57307088387653],[4.185538289044917,43.57308715854766],[4.185537469306702,43.57308876892561],[4.18553644218706,43.57309031516484],[4.185535217038436,43.57309178318605],[4.185533805016438,43.573093159622154],[4.185532218978253,43.57309443193993],[4.185530473365583,43.57309558855431],[4.1855285840731415,43.57309661893365],[4.185526568303923,43.57309751369585],[4.185524444412565,43.57309826469361],[4.185522231738215,43.57309886508871],[4.185521924208036,43.57309892498568],[4.185520663514075,43.573100215713396],[4.185519022296926,43.573101580893564],[4.185517200456576,43.57310281906333],[4.185515216489407,43.57310391765206],[4.185515202196177,43.573103924024686],[4.1855460787433,43.57311607795001],[4.185548136744185,43.57311698476216],[4.185550063894079,43.5731180325979],[4.185551841974859,43.57311921155163],[4.185553454177606,43.57312051047823],[4.185554885261519,43.57312191709844],[4.185556121697973,43.57312341811489],[4.185557151798423,43.57312499933792],[4.185557965824902,43.57312664581956],[4.18555855608207,43.57312834199497],[4.185558916989967,43.5731300718295],[4.185559045136768,43.57313181897036],[4.185558939311026,43.57313356690107],[4.185558600513133,43.57313529909778],[4.185558031945863,43.57313699918534],[4.185557238984095,43.5731386510921],[4.185556229123997,43.5731402392019],[4.185555011912174,43.57314174850172],[4.185520733727496,43.57317987445274],[4.185620799999999,43.5730891],[4.185891965361451,43.5727798747074],[4.185841001195043,43.572791743074404],[4.185842179574235,43.572793053700025],[4.185843326137009,43.57279466170115],[4.185844244566057,43.57279634535706],[4.185844925556768,43.572798087610664],[4.18584536221001,43.57279987081123],[4.185845550102038,43.57280167689316],[4.185845487329291,43.57280348755907],[4.185845174527699,43.57280528446512],[4.185844614866227,43.57280704940689],[4.185843814014777,43.57280876450375],[4.185842780086747,43.57281041238007],[4.185841523556836,43.57281197634124],[4.185840057154919,43.57281344054279],[4.185821831095005,43.57282983683408],[4.185820178843374,43.57283117970656],[4.185818350172871,43.57283239571711],[4.185816363416644,43.57283347267467],[4.1858142384927195,43.572834399782366],[4.185811996704312,43.57283516774553],[4.185809660526254,43.57283576886503],[4.185807253379674,43.57283619711443],[4.185804799397194,43.57283644820031],[4.185802323180981,43.57283651960546],[4.1857998495561075,43.57283641061399],[4.185797403321669,43.57283612231861],[4.185795009002156,43.572835657609595],[4.185792690601589,43.57283502114583],[4.185790471362875,43.572834219308135],[4.185788373534772,43.57283326013521],[4.185786418148853,43.57283215324323],[4.185763848138142,43.572818002113245],[4.185762088798481,43.57281678460742],[4.185760502065782,43.57281544758568],[4.185759103221142,43.572814003924265],[4.185757905736193,43.57281246752648],[4.18575692114336,43.57281085318865],[4.185756158924793,43.57280917645773],[4.185755626421056,43.57280745348158],[4.1857553287604325,43.5728057008534],[4.185755268809536,43.572803935451944],[4.185755447145704,43.572802174279055],[4.185755661161553,43.57280127676431],[4.185709614142211,43.572804410867846],[4.185709339812185,43.57280447688255],[4.185708453816681,43.57280462210443],[4.185599825298321,43.57281840598236],[4.185598935815037,43.57281848689865],[4.1855174927013525,43.57282300553107],[4.185501452168926,43.57282501058983],[4.185483696900877,43.57282659411859],[4.185465814433304,43.57282692771285],[4.185449505590871,43.57282608735702],[4.18534265555861,43.57282939321548],[4.1853425935544415,43.572829394982854],[4.185283239076265,43.572830942359104],[4.185256944881856,43.5728317136254],[4.185185544645539,43.572833807918535],[4.185184846212192,43.57283380928239],[4.185136667263539,43.57283258454471],[4.1850825000273275,43.57284284023291],[4.185081721745343,43.57284296193749],[4.185010121314626,43.57285184190049],[4.185009047615443,43.57285192868909],[4.184910355354244,43.57285569852189],[4.1848006185762605,43.57286407883841],[4.1847997946988835,43.57286411492595],[4.1847989696696395,43.57286409765472],[4.184798150013024,43.57286402716135],[4.1847934610594955,43.572863469222284],[4.1847943999999995,43.5728848],[4.184790584403436,43.57289675671988],[4.184792786677933,43.57290804318558],[4.184794464927192,43.57292136236617],[4.184794321702023,43.57293473691634],[4.184792358407789,43.572948035482945],[4.184788594325017,43.5729611274589],[4.184783066420084,43.57297388426604],[4.18477582898222,43.57298618061786],[4.184766953090362,43.57299789574995],[4.184756525915105,43.57300891460606],[4.184744649862634,43.57301912896815],[4.184731441568977,43.573028438519195],[4.184725113794908,43.573032088885384],[4.184724534899196,43.57303620684889],[4.1847209867307225,43.573049017383994],[4.184715751169187,43.57306151837977],[4.1847088772974255,43.57307359263811],[4.184562712618315,43.57329881216483],[4.1843538785408265,43.573620593208766],[4.184345024618719,43.57363262013097],[4.184334546068075,43.57364393580243],[4.184327549402019,43.57365005333921],[4.184385100000001,43.57369520000002]],[[4.185773859366731,43.57288615973609],[4.185774654451085,43.572887828379834],[4.185775220752383,43.57288954564987],[4.185775552816817,43.57289129500793],[4.185775647446402,43.5728930596067],[4.185775503729783,43.572894822452206],[4.185775123051008,43.57289656656725],[4.185774509076199,43.57289827515501],[4.185773667718253,43.5728999317609],[4.185772607079887,43.57290152043088],[4.185771337375618,43.57290302586519],[4.1857698708333775,43.57290443356565],[4.185746769561062,43.57292448247081],[4.185745120303356,43.572925778880155],[4.18574330421451,43.57292695151354],[4.185741338784456,43.57292798907788],[4.185739242941367,43.57292888158081],[4.185737036869369,43.57292962042708],[4.185734741814154,43.57293019850115],[4.1857323798783765,43.57293061023587],[4.185729973808789,43.57293085166601],[4.18572754677718,43.57293092046645],[4.185725122157207,43.57293081597461],[4.185722723299311,43.572930539196776],[4.185720373305827,43.57293009279854],[4.185718094808492,43.57292948107887],[4.185715909750503,43.57292870992905],[4.185713839175173,43.57292778677565],[4.18571190302328,43.57292672050915],[4.18568432775623,43.57290992446598],[4.18568254467509,43.572908725354665],[4.185680931835663,43.572907404947145],[4.185679504770474,43.57290597595967],[4.185678277222935,43.57290445215415],[4.1856772610149875,43.5729028482057],[4.185676465933256,43.5729011795612],[4.185675899634798,43.57289946229066],[4.185675567573353,43.5728977129323],[4.185675472946836,43.572895948333425],[4.185675616666528,43.57289418548805],[4.185675997348312,43.57289244137338],[4.185676611325991,43.57289073278616],[4.185677452686604,43.572889076181035],[4.185678513327375,43.57288748751198],[4.185679783033736,43.57288598207879],[4.18568124957771,43.572884574379565],[4.18570435085685,43.57286452548891],[4.185706000113722,43.572863229080234],[4.1857078162013135,43.57286205644752],[4.185709781629717,43.57286101888385],[4.185711877470787,43.572860126381514],[4.185714083540439,43.5728593875358],[4.185716378593031,43.57285880946219],[4.185718740525969,43.572858397727835],[4.185721146592568,43.572858156297954],[4.185723573621109,43.572858087497664],[4.185725998238007,43.572858191989546],[4.185728397092895,43.572858468767265],[4.18573074708351,43.57285891516534],[4.185733025578178,43.572859526884685],[4.185735210633765,43.572860298034136],[4.185737281207005,43.572861221187075],[4.185739217357153,43.57286228745309],[4.185766792617378,43.57287908348178],[4.1857685756993614,43.57288028259167],[4.185770188540042,43.572881602997874],[4.18577161560688,43.572883031984134],[4.185772843156438,43.57288455578856],[4.185773859366731,43.57288615973609]],[[4.185251300396294,43.57297562391745],[4.185248879747721,43.57297538150458],[4.185246503772768,43.572974966730946],[4.185244195629776,43.572974383639256],[4.185241977815943,43.57297363791287],[4.185239871948037,43.57297273682029],[4.1852378985516925,43.57297168914435],[4.185236076861361,43.572970505096634],[4.185234424632832,43.572969196217905],[4.185232957970168,43.57296777526565],[4.185231691168736,43.572966256089714],[4.185230636575879,43.572964653497344],[4.185229804470567,43.572962983108766],[4.185208984903813,43.57291371867449],[4.185208386803753,43.572912009007375],[4.185208021823782,43.572910264976635],[4.185207893471527,43.57290850334331],[4.1852080029805,43.572906741037635],[4.18520834929824,43.57290499499632],[4.18520892909643,43.57290328199973],[4.185209736802881,43.57290161851064],[4.185210764655094,43.5729000205161],[4.185212002774847,43.57289850337365],[4.185213439263147,43.57289708166383],[4.185215060314572,43.57289576905],[4.1852168503499625,43.57289457814709],[4.185218792166127,43.572893520400285],[4.185220867101196,43.5728926059751],[4.185223055213954,43.57289184365961],[4.185225335475494,43.57289124078008],[4.1853263542270565,43.57286854185586],[4.185328676494194,43.5728681084124],[4.1853310455476995,43.57286784036969],[4.185333439156654,43.572867740243],[4.185335834859714,43.57286780897197],[4.185338210175881,43.57286804591158],[4.185340542815472,43.572868448838484],[4.185342810889268,43.5728690139716],[4.185344993113928,43.57286973600784],[4.185347069011708,43.572870608171655],[4.18534901910262,43.57287162227882],[4.185350825087234,43.572872768813006],[4.185352470018385,43.57287403701532],[4.18535393846022,43.572875414985035],[4.1853552166330354,43.57287688979153],[4.185356292542589,43.57287844759532],[4.18535715609265,43.57288007377819],[4.185379194571243,43.57292842503091],[4.185379848798114,43.57293014019861],[4.185380266774114,43.57293189396702],[4.185380444409978,43.57293366917821],[4.1853803799677864,43.572935448464555],[4.18538007407799,43.57293721441844],[4.185379529733219,43.57293894976281],[4.185378752259028,43.57294063751992],[4.185377749261772,43.57294226117777],[4.185376530554212,43.57294380485132],[4.185375108059496,43.57294525343813],[4.185373495694526,43.572946592766016],[4.185371709233783,43.572947809731744],[4.185369766155019,43.57294889242915],[4.185367685468249,43.57294983026574],[4.1853654875297766,43.57295061406621],[4.185363193843032,43.5729512361623],[4.185260956160806,43.57297484827278],[4.185258593650585,43.572975301885144],[4.185256181133712,43.57297558391278],[4.185253742124703,43.572975691606764],[4.185251300396294,43.57297562391745]]]},"properties":{"cle":"vivier:30003:012","nom":"30003:012","file":"vivier","sort":"ecartee"}},{"type":"Feature","geometry":{"type":"Polygon","coordinates":[[[4.195519963368148,43.56895030736098],[4.195520647838649,43.568949560919506],[4.195522239220341,43.568948156687306],[4.195524017495461,43.56894687648486],[4.195525964482534,43.56894573340125],[4.195528060275137,43.56894473912362],[4.195561692308771,43.568930492033246],[4.195540725587483,43.56891079376876],[4.195539469990512,43.56890950034549],[4.195516655572147,43.56888365594434],[4.195516369301699,43.56888332374895],[4.195499872459919,43.568863708724045],[4.195498720390607,43.56886217648012],[4.1954808364079135,43.56883537794417],[4.195479872810263,43.568833729914196],[4.195479139262865,43.568832020406],[4.195478643030367,43.56883026634965],[4.195478389027171,43.5688284851164],[4.195478379768767,43.56882669434663],[4.195478615346823,43.56882491177518],[4.195479093428277,43.568823155055675],[4.195479809278444,43.56882144158577],[4.1954807558079015,43.56881978833471],[4.19548192364271,43.568818211675435],[4.195483301217239,43.56881672722232],[4.195484874888714,43.56881534967661],[4.195486629072321,43.56881409268078],[4.195488546395559,43.568812968683424],[4.195490607870278,43.56881198881604],[4.195492793080736,43.56881116278268],[4.195615696952947,43.568770216336674],[4.195618028434696,43.56876954134279],[4.195620441941324,43.56876904149627],[4.1956229126571705,43.56876872193652],[4.1956254151783465,43.56876858594925],[4.195627923773946,43.56876863493272],[4.195630412650606,43.56876886838319],[4.195632856217707,43.568769283900416],[4.19563522935051,43.568769877212006],[4.195637507648471,43.56877064221756],[4.195639667686141,43.568771571051286],[4.195641687254016,43.5687726541629],[4.195643545586896,43.56877388041584],[4.195645223577403,43.56877523720186],[4.195646703972428,43.5687767105704],[4.195647971550538,43.56877828537234],[4.195662880363708,43.56879916943075],[4.1956869510600665,43.56882791779218],[4.195717909741403,43.56885561538296],[4.195747787484741,43.56887753453806],[4.195780129435472,43.56889780870752],[4.195813087643427,43.56891522115346],[4.1958454428797936,43.56892819586495],[4.195886767539823,43.568940538168704],[4.19592582049813,43.568949527939694],[4.195959547306344,43.56895505564191],[4.195994705088467,43.568958070804946],[4.196027413877776,43.568959407876896],[4.196070576651073,43.568958083705574],[4.196121192599906,43.568952378775435],[4.196155979875274,43.568946071324085],[4.196194836445484,43.568936175670046],[4.1962249100333855,43.5689270423214],[4.196227244032306,43.56892643144648],[4.196229650410447,43.56892599352775],[4.196232104992123,43.5689257329648],[4.196234583117361,43.56892565237534],[4.196237059889674,43.568925752569086],[4.196239510426156,43.568926032539345],[4.196241910107483,43.568926489473455],[4.196244234825246,43.5689271187808],[4.196246461224155,43.568927914139074],[4.196248566936677,43.568928867557645],[4.196250530807756,43.56892996945805],[4.19625233310734,43.56893120877002],[4.196253955728605,43.56893257304278],[4.196255382369861,43.56893404857016],[4.196256598698331,43.56893562052833],[4.196315238743451,43.56902117576181],[4.1963364,43.56901480000001],[4.196167300000001,43.56867269999999],[4.196139999999999,43.56864400000002],[4.1960856,43.568622999999995],[4.196034305871602,43.56862173468027],[4.196031481005146,43.56862198720548],[4.1959079,43.568647000000006],[4.1958612,43.5686446],[4.195844600000001,43.5686541],[4.1958074,43.56862229999999],[4.195792299999999,43.56862480000001],[4.1957883,43.5686162],[4.195648357646277,43.56864378742825],[4.195648351315823,43.56864381454108],[4.195647696715669,43.568645547345504],[4.195646807694628,43.56864722403866],[4.195645693118176,43.56864882790024],[4.195644364101081,43.568650342936216],[4.195642833896557,43.56865175403832],[4.1956411177641,43.568653047134795],[4.195639232817327,43.56865420933055],[4.195637197853306,43.56865522903597],[4.195635033165116,43.56865609608235],[4.1956327603394685,43.56865680182328],[4.195630402041451,43.568657339221005],[4.195584791329455,43.56866594003952],[4.195582473961033,43.56866629197182],[4.195580120948392,43.568666481296496],[4.1955777538225085,43.56866650628121],[4.195575394243505,43.56866636669726],[4.195573063802443,43.568666063821965],[4.1955707838237615,43.56866560042669],[4.19556857517015,43.56866498075173],[4.1955664580516405,43.56866421046735],[4.195564451840683,43.568663296621935],[4.195562574894879,43.56866224757752],[4.195560844388999,43.56866107293327],[4.195560811279887,43.56866104570894],[4.195412236834122,43.568690334455184],[4.1954319039320955,43.56872108124663],[4.195432803694531,43.568722685715905],[4.19543348705578,43.56872434566951],[4.195433947679884,43.568726045716794],[4.195434181296036,43.5687277700954],[4.19543418573819,43.56872950281733],[4.195433960965136,43.56873122781721],[4.195433509060894,43.56873292910135],[4.1954328342153815,43.56873459089587],[4.195431942685566,43.56873619779304],[4.195430842737465,43.56873773489412],[4.1954295445694925,43.56873918794754],[4.19542806021791,43.56874054348094],[4.19542640344523,43.56874178892618],[4.1954245896126094,43.56874291273582],[4.195422635537425,43.568743904490155],[4.195420559337356,43.56874475499393],[4.195407188537392,43.56874963123702],[4.195426515888083,43.5687772563557],[4.195427535645497,43.5687789165126],[4.195428319793618,43.56878064301867],[4.195428860326882,43.568782418247714],[4.195429151726846,43.56878422407596],[4.195429191018519,43.568786042067345],[4.195428977800738,43.568787853661554],[4.1954285142502705,43.56878964036366],[4.19542780509958,43.56879138393282],[4.195426857588525,43.568793066568496],[4.1954256813904385,43.56879467109236],[4.195424288513373,43.5687961811234],[4.195422693177513,43.5687975812454],[4.195420911669988,43.568798857164175],[4.195418962178604,43.56879999585359],[4.195416864606156,43.56880098568848],[4.195414640367234,43.56880181656343],[4.195412778987508,43.568802427549066],[4.1955171,43.568947000000016],[4.195519963368148,43.56895030736098]]]},"properties":{"cle":"vivier:30003:018","nom":"30003:018","file":"vivier","sort":"ecartee"}},{"type":"Feature","geometry":{"type":"Polygon","coordinates":[[[4.192827600000001,43.57181510000004],[4.1924273,43.57204149999997],[4.192533396524132,43.57214218822511],[4.192533238681256,43.572141831943746],[4.192532724105762,43.57214010556557],[4.192532444812175,43.57213835082319],[4.192532403491793,43.57213658462555],[4.192532600542764,43.57213482399202],[4.19253303406625,43.57213308588833],[4.1925336998847325,43.57213138706317],[4.192534591582256,43.57212974388665],[4.192535700566267,43.57212817219266],[4.192537016150407,43.572126687126335],[4.192538525657489,43.57212530299796],[4.192540214541656,43.57212403314522],[4.192542066528549,43.57212288980463],[4.192647282835618,43.572064143978565],[4.192649278872301,43.57206313870997],[4.192651400784875,43.572062280486236],[4.192653628150085,43.57206157756767],[4.192655939529699,43.572061036719845],[4.192658312676851,43.57206066314836],[4.192660724750174,43.57206046044883],[4.192663152533639,43.5720604305722],[4.192665572660008,43.57206057380606],[4.192667961835739,43.57206088877178],[4.192670297065192,43.5720613724378],[4.192672555871952,43.572062020148955],[4.192674716515164,43.572062825671004],[4.192676758198789,43.57206378125088],[4.192678661271763,43.57206487769118],[4.192680407417132,43.5720661044388],[4.1926819798283645,43.5720674496863],[4.192865049926788,43.572240615655375],[4.193149999999999,43.57204780000001],[4.192827600000001,43.57181510000004]]]},"properties":{"cle":"vivier:30003:022","nom":"30003:022","file":"vivier","sort":"en_cours"}},{"type":"Feature","geometry":{"type":"Polygon","coordinates":[[[4.201118,43.568084],[4.200766,43.567423],[4.20084,43.567401],[4.201178,43.568067],[4.201118,43.568084]]]},"properties":{"cle":"vivier:30003:020","nom":"30003:020","file":"vivier","sort":"retenue"}},{"type":"Feature","geometry":{"type":"Polygon","coordinates":[[[4.198894,43.568861],[4.198813,43.568624],[4.198354,43.5687],[4.198354,43.568655],[4.198891,43.568558],[4.198987,43.568841],[4.198894,43.568861]]]},"properties":{"cle":"vivier:30003:016","nom":"30003:016","file":"vivier","sort":"retenue"}},{"type":"Feature","geometry":{"type":"MultiPolygon","coordinates":[[[[4.1682609,43.7373354],[4.1682869,43.7373734],[4.1683273,43.73740590000002],[4.168365099999999,43.73742530000002],[4.168367261983609,43.737425273309235],[4.168379262504414,43.73742012901474],[4.168381394812274,43.73741934431137],[4.16855081215272,43.73736662510124],[4.1685799999999995,43.737351800000006],[4.168575,43.73730969999999],[4.1684072,43.73732059999999],[4.168383300000001,43.73725580000002],[4.1683597,43.737118099999975],[4.168303247766981,43.73711178514082],[4.168302100495228,43.737112936359964],[4.1683005206869375,43.73711423696855],[4.168298775662013,43.73711542136659],[4.1682968816033155,43.73711647857028],[4.168294856075808,43.73711739877541],[4.1682927178636575,43.737118173448266],[4.168290486796044,43.737118795404726],[4.168288183563265,43.73711925887695],[4.168285829524855,43.73711955956685],[4.168283446511514,43.737119694685866],[4.16828105662264,43.73711966298097],[4.168278682021401,43.73711946474619],[4.168230157366787,43.737113685710185],[4.168227770055279,43.73711331312787],[4.16822544479168,43.73711277225894],[4.1682232040827465,43.73711206833858],[4.168221069616818,43.73711120818022],[4.168219062053873,43.73711020010951],[4.168217200825565,43.737109053883806],[4.168215503947146,43.73710778059771],[4.168213987843074,43.73710639257559],[4.168212667188054,43.73710490325252],[4.168211554764989,43.73710332704391],[4.168210661341256,43.73710167920629],[4.168210558745687,43.737101416695964],[4.168167500000001,43.7370966],[4.1682609,43.7373354]]],[[[4.1676501,43.73727240000001],[4.1677273,43.73700820000001],[4.1680727,43.73704100000002],[4.167983726194273,43.73681785183734],[4.167727729903063,43.736847057131406],[4.167726936896189,43.736847122485486],[4.167726139082915,43.73684713834255],[4.167725342329002,43.73684710458601],[4.1673204472527585,43.73681727663419],[4.16682116077234,43.73680736270206],[4.166652231597154,43.73682440271756],[4.166651481927321,43.736824456023946],[4.1666507287675065,43.736824465202886],[4.166554005453338,43.73682280500797],[4.166452712993918,43.7368230156951],[4.166270155728936,43.736912621730546],[4.1661280790151,43.737011474377724],[4.16608308707294,43.737054847338825],[4.166050467448407,43.73711842867691],[4.166029166020054,43.737220357514595],[4.166007201500844,43.73739955915328],[4.1660075698996595,43.73739973700561],[4.166008983980405,43.73740057566394],[4.166010277877773,43.737401510779954],[4.166011439130827,43.737402533347954],[4.166012456556061,43.73740363352006],[4.16601332035511,43.737404800700986],[4.166014022209109,43.737406023650195],[4.166014555358813,43.73740729058999],[4.166014914669688,43.73740858931909],[4.166015096681364,43.73740990732996],[4.166015099640954,43.73741123192951],[4.165997467926796,43.73768035050595],[4.166006595740813,43.73767466770069],[4.166008063414233,43.73767383066794],[4.16600962482573,43.737673088135125],[4.16601126843353,43.7376724455909],[4.166012982088275,43.737671907784915],[4.166063585683544,43.737657866767265],[4.166065861624405,43.73765733736515],[4.166068204015964,43.73765699249946],[4.166070584488536,43.73765683634699],[4.166131372150583,43.73765528547365],[4.166134482674386,43.73765536792991],[4.166365718854212,43.73767359021298],[4.166368382572463,43.73767392278651],[4.1664803492751785,43.73769317014103],[4.166581897477619,43.737700731309886],[4.166637701375277,43.73769475451704],[4.1664724,43.73766849999999],[4.1662409,43.73766160000001],[4.166151900000001,43.73764820000002],[4.1661014,43.737628199999996],[4.166118599999999,43.737599300000014],[4.1660273,43.73757950000002],[4.16604,43.7374514],[4.1665474,43.737278100000005],[4.167634200000001,43.73756959999999],[4.1677242,43.737671399999996],[4.1677869,43.73769590000001],[4.1678246,43.7376694],[4.1677542,43.7376635],[4.167855599999999,43.737521300000004],[4.167922400000001,43.7375389],[4.167961324735345,43.73745787301579],[4.1679613167285074,43.73745784576321],[4.167961045008422,43.737456081070945],[4.167961014454327,43.737454305553584],[4.167961225363631,43.73745253649514],[4.167966757638471,43.73742313239458],[4.167968861902828,43.73740726608293],[4.167969207163895,43.73740554286789],[4.167969780494534,43.7374038519118],[4.167970576527409,43.737402209044774],[4.167971587810332,43.73740062964671],[4.167972051770158,43.73740005739314],[4.167948635984971,43.73739857833957],[4.167946235141422,43.73739834060853],[4.1679438777084,43.73739793427602],[4.16794158615272,43.73739736321443],[4.167939382313368,43.73739663286613],[4.1679372871933715,43.73739575019147],[4.16793532075964,43.7373947236025],[4.1679335017526755,43.73739356288284],[4.167931847507969,43.737392279094394],[4.16793037379079,43.73739088447189],[4.167929094645942,43.73738939230639],[4.1679280222639115,43.737387816818504],[4.167927166864699,43.737386173022955],[4.167926536600403,43.73738447658542],[4.167926137477549,43.7373827436733],[4.16792597329983,43.737380990801576],[4.167926045631874,43.73737923467545],[4.167929181039718,43.73735040281048],[4.167929488154959,43.7373486643883],[4.167930027029372,43.737346955869114],[4.16793079255237,43.737345293456094],[4.1679317774638855,43.73734369291524],[4.167932972423218,43.737342169425695],[4.167934366097627,43.737340737435886],[4.167935945269803,43.7373394105265],[4.16793769496322,43.73733820128165],[4.167939598584175,43.73733712116953],[4.167941638079148,43.73733618043366],[4.167943794106027,43.737335387995785],[4.167946046217543,43.73733475137121],[4.167948373055176,43.73733427659753],[4.167950752551735,43.737333968177374],[4.167953162140614,43.737333829035755],[4.167955578969823,43.73733386049224],[4.16797744893766,43.73733491909915],[4.1679782,43.73733320000002],[4.1676501,43.73727240000001]],[[4.167027900000001,43.73722770000002],[4.167340499999999,43.7372572],[4.1672507,43.73742280000001],[4.167078699999999,43.7373516],[4.167027900000001,43.73722770000002]]],[[[4.1665032,43.73808430000001],[4.1664518,43.738076099999994],[4.1664661,43.73804830000001],[4.1664138,43.738034199999994],[4.166337,43.73798889999998],[4.166377499999999,43.7379332],[4.166204,43.7378772],[4.1663242,43.7377402],[4.1666992,43.7378501],[4.1667108,43.73782380000001],[4.1668177,43.7377838],[4.166843500000001,43.737740300000006],[4.166765799999999,43.73771510000001],[4.166724365748108,43.7377085191522],[4.166724201018661,43.73770891203224],[4.166723384185552,43.73771033940941],[4.166722378324335,43.73771170186287],[4.166721193121994,43.737712986271475],[4.16671983999267,43.73771418026562],[4.166718331967733,43.73771527234651],[4.16671668357029,43.737716251996794],[4.166714910675311,43.737717109781904],[4.166713030356751,43.73771783744088],[4.166711060723114,43.737718427965966],[4.166709020743062,43.73771887567008],[4.166706930062731,43.7377191762416],[4.166585556314607,43.73773217583044],[4.166583764183703,43.73773231297825],[4.1665819625404845,43.73773234193172],[4.166580163788547,43.73773226249155],[4.166474500546729,43.73772439492174],[4.166471708905755,43.73772405254834],[4.166359679309252,43.73770479438281],[4.166131340340632,43.73768680041066],[4.166075729836845,43.737688219199896],[4.166032030994634,43.73770034435174],[4.165994646452737,43.737723619257345],[4.165986742072978,43.737847094192475],[4.165986596477366,43.73784826481037],[4.165960962958881,43.73798666684351],[4.165954555460177,43.738059137274774],[4.166126899999999,43.7380865],[4.1663062,43.73809179999999],[4.1663846,43.7381077],[4.166423,43.7381281],[4.16643952477655,43.73814147635286],[4.166458686420882,43.738148875967994],[4.166460064045197,43.738149464365705],[4.1664613669536426,43.73815013630124],[4.166462585535371,43.73815088681811],[4.166463710801558,43.73815171038012],[4.16649998918554,43.73818064800045],[4.166472800000001,43.738139400000016],[4.1665032,43.73808430000001]]]]},"properties":{"cle":"vivier:30004:001","nom":"30004:001","file":"vivier","sort":"ecartee"}},{"type":"Feature","geometry":{"type":"MultiPolygon","coordinates":[[[[4.1828897,43.73628080000001],[4.1830386,43.73613149999999],[4.182818397245404,43.73600259109363],[4.182803124793504,43.73601506749545],[4.182656000000001,43.73614220000001],[4.1828897,43.73628080000001]]],[[[4.1830386,43.73613149999999],[4.1829448,43.73622560000001],[4.1833107,43.736438400000004],[4.1834171,43.73635049999999],[4.1830386,43.73613149999999]]],[[[4.1834171,43.73635049999999],[4.1837332,43.73609690000002],[4.183583511949575,43.73600556045543],[4.183583812261644,43.7360069489889],[4.183588130206898,43.73603570035407],[4.183588275135945,43.73603749240766],[4.18358817312259,43.73603928601508],[4.183587825181786,43.736041063331044],[4.183587234775307,43.7360428066723],[4.183586407777323,43.736044498693715],[4.183585352415943,43.73604612256064],[4.183584079191359,43.7360476621166],[4.183582600771379,43.736049102043935],[4.183492392400227,43.73612837786232],[4.183490690232842,43.736129727698895],[4.183488807901355,43.73613094529589],[4.1834867648475,43.73613201807733],[4.183484582173046,43.736132934962896],[4.183482282421842,43.73613368648252],[4.183479889346974,43.736134264874096],[4.183477427665427,43.73613466416368],[4.183474922802796,43.736134880227176],[4.183427805742576,43.73613719218266],[4.183425440501525,43.73613722630907],[4.183423081522889,43.73613709700947],[4.183420750236315,43.73613680545846],[4.183418467819878,43.73613635430456],[4.1834162550077085,43.736135747646216],[4.183414131901628,43.73613499099445],[4.1834121177885395,43.73613409122294],[4.18341023096522,43.73613305650542],[4.183212899005951,43.73601370801601],[4.18321223766971,43.736013293495844],[4.183065044410358,43.73591769851181],[4.183063338646224,43.735916478089614],[4.183061803148737,43.73591514408345],[4.18306045223102,43.73591370892826],[4.183059298485626,43.735912186001826],[4.183058352667166,43.73591058950012],[4.183057623592063,43.73590893430488],[4.183057118056365,43.735907235845026],[4.183056840772399,43.735905509952715],[4.183056794324841,43.73590377271583],[4.183056979146632,43.73590204032803],[4.183057393514937,43.73590032893771],[4.183058033567206,43.73589865449761],[4.183058893337184,43.73589703261597],[4.183059964810516,43.735895478411145],[4.183061237999468,43.735894006370636],[4.183062701036014,43.735892630216036],[4.183193208318943,43.73578141877477],[4.183194880331365,43.7357801283693],[4.183195954310197,43.73577944791305],[4.1831944178074565,43.735778871594285],[4.183192629886717,43.7357780304329],[4.183190964284869,43.735777066254286],[4.183189437042567,43.73577598834403],[4.183188062867997,43.73577480708299],[4.183186854995205,43.73577353384739],[4.183185825056659,43.73577218089917],[4.183184982971224,43.73577076126797],[4.183184336848631,43.7357692886256],[4.183183892911377,43.73576777715447],[4.183183655434809,43.73576624141083],[4.183183626705938,43.73576469618473],[4.183183807001422,43.735763156357564],[4.183184137617998,43.735761860108866],[4.1830649,43.7356891],[4.182950141918515,43.73578611897999],[4.182951156574081,43.73578712089103],[4.182952408117886,43.735788654446864],[4.182953444368242,43.73579027022657],[4.182954255166112,43.73579195238966],[4.182954832562709,43.735793684444765],[4.182955170897426,43.7357954494115],[4.182955266853328,43.735797229986694],[4.182955119489679,43.73579900871434],[4.1829547302511525,43.73580076815635],[4.1829541029536825,43.73580249106383],[4.182953243747049,43.73580416054598],[4.1829521610545815,43.73580576023582],[4.182950865490596,43.73580727445057],[4.182949369756323,43.73580868834538],[4.182787156282457,43.735947242279835],[4.182785511477917,43.73594851642342],[4.182783704201504,43.735949669061796],[4.182781751448313,43.735950689355825],[4.182779671581461,43.73595156771103],[4.182777484159414,43.735952295867534],[4.1827752097520525,43.73595286697801],[4.18277382966631,43.735953108017085],[4.182796039708143,43.735966632573735],[4.182808680630921,43.735956305919906],[4.1828103849801055,43.735955044147396],[4.18281225169119,43.73595390957846],[4.182814262786731,43.73595291313959],[4.182816398898785,43.73595206442704],[4.182818639455439,43.735951371614384],[4.182820962878923,43.73595084137376],[4.182823346793415,43.73595047881168],[4.182825768240536,43.735950287419804],[4.18282820390045,43.73595026904134],[4.18283063031644,43.73595042385329],[4.182833024120817,43.73595075036474],[4.182835362259956,43.73595124543118],[4.182837622216318,43.73595190428489],[4.182839782225303,43.73595272058071],[4.182841821484856,43.73595368645732],[4.1828437203558035,43.73595479261277],[4.182845460550982,43.735956028394206],[4.1828470253113625,43.735957381900384],[4.182848399567445,43.735958840096316],[4.182849570084383,43.73596038893876],[4.182850525589446,43.735962013511546],[4.182851256880583,43.73596369816914],[4.182851756915043,43.73596542668738],[4.1828520208772,43.73596718241969],[4.182852046224933,43.73596894845744],[4.182851832714108,43.735970707792674],[4.182851382400927,43.735972443482055],[4.182850699622134,43.73597413880995],[4.182849790953243,43.735975777449404],[4.182848665145216,43.735977343619425],[4.182847333040187,43.73597882223694],[4.1828458074670465,43.73598019906203],[4.182818398774093,43.7360025898448],[4.1834171,43.73635049999999]]],[[[4.1837332,43.73609690000002],[4.183936400654058,43.73592113350591],[4.183908821445217,43.735897520191614],[4.183856521578766,43.73586758783993],[4.183856389836683,43.73586751183824],[4.183791063261509,43.735829524315804],[4.1837903659620075,43.73582910114144],[4.1837274840551855,43.73578928711328],[4.183727123005212,43.73578905331922],[4.183641567324714,43.73573239726864],[4.1835409165400765,43.73566600578999],[4.183540406182704,43.735665658078766],[4.18347039362822,43.73561639279686],[4.18345135311213,43.735604673276576],[4.1834378695838605,43.73559738337535],[4.1834284171765725,43.73559464745876],[4.183426707011736,43.73559452846406],[4.18342058718024,43.73559683091113],[4.183386329205513,43.735621600972266],[4.1833534875889375,43.73565495361928],[4.183322049920022,43.73568844837072],[4.1833216630302905,43.73568884715962],[4.183296125011979,43.73571432317568],[4.183294844424524,43.735715481619735],[4.18322161818974,43.735775673782015],[4.183220836523775,43.73577625604084],[4.183222089581558,43.735776602679216],[4.183224274501502,43.735777393315374],[4.183226341700447,43.73577833579658],[4.183228271170035,43.73577942100062],[4.183575296564785,43.73599523670945],[4.183576996569524,43.73599639899678],[4.183578538306737,43.73599767204284],[4.183579908113599,43.73599904456592],[4.183581093850927,43.7360005044028],[4.183582085010756,43.736002038616476],[4.183582872809449,43.7360036336108],[4.183582983524431,43.73600394836056],[4.1837332,43.73609690000002]]]]},"properties":{"cle":"vivier:30004:005","nom":"30004:005","file":"vivier","sort":"ecartee"}},{"type":"Feature","geometry":{"type":"Polygon","coordinates":[[[4.183551,43.745534],[4.183128,43.74575],[4.182833,43.745358],[4.182178,43.745416],[4.182336,43.745845],[4.181867,43.745843],[4.182114,43.745412],[4.182897,43.745331],[4.183286,43.745184],[4.183551,43.745534]]]},"properties":{"cle":"vivier:30004:003","nom":"30004:003","file":"vivier","sort":"en_cours"}},{"type":"Feature","geometry":{"type":"MultiPolygon","coordinates":[[[[4.1883023,43.73007310000001],[4.1883951,43.729876300000015],[4.188069200000001,43.7296854],[4.187916,43.729957699999986],[4.1883023,43.73007310000001]]],[[[4.1876999,43.730351999999996],[4.188159400000001,43.73037810000002],[4.1882685,43.73013949999998],[4.1878799,43.7300249],[4.1876999,43.730351999999996]]]]},"properties":{"cle":"vivier:30004:011","nom":"30004:011","file":"vivier","sort":"ecartee"}},{"type":"Feature","geometry":{"type":"Polygon","coordinates":[[[4.1821631,43.737344099999994],[4.181785200000001,43.7373306],[4.181729138870518,43.73765138377651],[4.181731180786129,43.73765071454373],[4.1817334614744945,43.73765015281871],[4.18173580651631,43.737649754017625],[4.181738193828771,43.73764952189592],[4.181740600931016,43.73764945863944],[4.181743005155829,43.73764956484385],[4.181762897258701,43.73765114886985],[4.18176335512318,43.73765120211186],[4.181763841797874,43.73765123741199],[4.181847188749467,43.7376602323136],[4.181849619464941,43.73766058538463],[4.181851989483966,43.73766111249271],[4.181854275166201,43.73766180838008],[4.1818564537125384,43.73766266610541],[4.181858503392524,43.73766367711313],[4.1818604037611085,43.73766483131868],[4.1818621358625805,43.73766611720918],[4.181863682419653,43.73766752195818],[4.181865028005791,43.73766903155363],[4.181866159199089,43.73767063093772],[4.181867064716159,43.73767230415699],[4.18186773552467,43.73767403452146],[4.181868164933453,43.73767580477123],[4.181868348659238,43.73767759724846],[4.181868284869379,43.73767939407361],[4.181865175038244,43.7377091260915],[4.181864873261383,43.73771087278466],[4.181864337572129,43.737712589745605],[4.181863573095667,43.73771426054737],[4.1818625871460995,43.737715869204514],[4.181861389156484,43.737717400326254],[4.181859990588569,43.73771883926356],[4.181858404823137,43.73772017224939],[4.181856647031988,43.73772138653043],[4.181854734032784,43.737722470489004],[4.181852684128138,43.737723413754374],[4.181850516930512,43.73772420730184],[4.181848253174573,43.737724843539105],[4.181845914518812,43.73772531637899],[4.181843523338323,43.737725621297606],[4.181841102510734,43.73772575537761],[4.181838675197325,43.73772571733623],[4.181795186701589,43.737723489455384],[4.181794697030449,43.73772344680639],[4.181794226353525,43.7377234266438],[4.181789060597707,43.737723015292374],[4.181787444851708,43.73773470181736],[4.18178743687309,43.73773474047655],[4.1817874340085055,43.73773477858634],[4.181787293912266,43.737735433171316],[4.181787087742911,43.73773643213333],[4.181787067734951,43.73773648996105],[4.181787055430925,43.73773654745032],[4.181784740721441,43.73774467209762],[4.181784452136879,43.73774548320927],[4.181995590720125,43.73777644987507],[4.182096600000001,43.73778599999999],[4.1821631,43.737344099999994]]]},"properties":{"cle":"vivier:30004:015","nom":"30004:015","file":"vivier","sort":"ecartee"}},{"type":"Feature","geometry":{"type":"Polygon","coordinates":[[[4.177211,43.739948],[4.177189,43.739818],[4.177294,43.73978],[4.177288,43.739741],[4.177852,43.739648],[4.177905,43.739842],[4.177211,43.739948]]]},"properties":{"cle":"vivier:30004:002","nom":"30004:002","file":"vivier","sort":"retenue"}},{"type":"Feature","geometry":{"type":"Polygon","coordinates":[[[4.182296400000001,43.73472970000002],[4.1825612,43.734852700000005],[4.182728999999999,43.73463499999999],[4.182728700000001,43.73461130000001],[4.1827198237613334,43.73460009453707],[4.18268649259501,43.734579478329046],[4.182494900000001,43.7344839],[4.182296400000001,43.73472970000002]]]},"properties":{"cle":"vivier:30004:020","nom":"30004:020","file":"vivier","sort":"retenue"}},{"type":"Feature","geometry":{"type":"Polygon","coordinates":[[[4.1836003,43.7319107],[4.1837795,43.73189549999999],[4.183962199999999,43.731781299999994],[4.1840147,43.7317588],[4.183980999999999,43.73166320000001],[4.1839203000000005,43.731701],[4.1835763,43.731717100000004],[4.1836003,43.7319107]]]},"properties":{"cle":"vivier:30004:023","nom":"30004:023","file":"vivier","sort":"ecartee"}},{"type":"Feature","geometry":{"type":"Polygon","coordinates":[[[4.18171173773475,43.73610041729913],[4.181662452142236,43.736169906507506],[4.181681648046462,43.73619072693773],[4.181709338185877,43.736215648060025],[4.182104648927579,43.736365988089204],[4.182181142982739,43.73639226911695],[4.182234655264064,43.73639472842841],[4.1822592368953595,43.736388376014055],[4.182256,43.73638640000001],[4.18229297226392,43.7363545114243],[4.182291513921327,43.736354124873706],[4.182289328404766,43.73635336288238],[4.182287255874141,43.73635244988844],[4.182285316113293,43.73635139460708],[4.182017476436973,43.73619027080507],[4.181993121984037,43.73621067687712],[4.181991394954523,43.73621198472141],[4.1819894954211785,43.736213160120144],[4.181987442611734,43.736214191175485],[4.181985257305439,43.73621506745075],[4.1819829616227295,43.736215780075966],[4.181980578801308,43.73621632183769],[4.181978132960931,43.736216687252025],[4.1819756488592565,43.73621687262011],[4.181973151641237,43.73621687606559],[4.1819706665845935,43.736216697553594],[4.181968218843947,43.73621633889106],[4.181965833196189,43.73621580370853],[4.181963533789688,43.73621509742327],[4.181961343899836,43.736214227184576],[4.181959285693467,43.73621320180133],[4.1819178529159045,43.73619025289882],[4.181917531573943,43.73619005548335],[4.181917172878302,43.73618986240643],[4.181904405327792,43.7361822640365],[4.181713013177601,43.73609953795042],[4.18171173773475,43.73610041729913]]]},"properties":{"cle":"vivier:30004:024","nom":"30004:024","file":"vivier","sort":"retenue"}},{"type":"Feature","geometry":{"type":"Polygon","coordinates":[[[4.1799664000000005,43.7418832],[4.179979,43.74156970000002],[4.180018800000001,43.7415618],[4.1798277398360835,43.74154786664922],[4.179824539911849,43.741616478101555],[4.1798243447801395,43.74161820210199],[4.179823922258942,43.74161990455703],[4.179823276251596,43.74162156973902],[4.179822412726066,43.741623182264526],[4.179821339659812,43.741624727236655],[4.179820066966086,43.7416261903825],[4.179818606402356,43.741627558185165],[4.179816971461683,43.74162881800853],[4.179815177248071,43.741629958213984],[4.179813240336937,43.74163096826802],[4.179811178621974,43.741631838839496],[4.179809011149853,43.74163256188584],[4.179806757944255,43.74163313072734],[4.179804439820897,43.7416335401089],[4.179802078195225,43.74163378624853],[4.179799694884568,43.74163386687233],[4.179739719709214,43.74163380377578],[4.17974037539384,43.74167052220324],[4.179742498157309,43.74167057571412],[4.17974494221763,43.74167081485437],[4.179747341485578,43.741671228643234],[4.179749672278797,43.74167181299636],[4.179751911590813,43.74167256214574],[4.179754037318135,43.74167346869681],[4.179756028478419,43.74167452370133],[4.179757865417591,43.74167571674568],[4.179759530003831,43.74167703605374],[4.179761005806558,43.74167846860305],[4.179762278258605,43.7416800002534],[4.179763334800007,43.74168161588638],[4.17976416500198,43.74168329955464],[4.179764760669854,43.741685034639225],[4.1797651159239715,43.7416868040137],[4.179765227257714,43.74168859021315],[4.179764359854994,43.74182719183142],[4.179764228245808,43.74182896273309],[4.179763856866726,43.741830715645186],[4.179763711548233,43.74183112655088],[4.1798421,43.741840399999994],[4.1799664000000005,43.7418832]]]},"properties":{"cle":"vivier:30004:025","nom":"30004:025","file":"vivier","sort":"ecartee"}},{"type":"Feature","geometry":{"type":"MultiPolygon","coordinates":[[[[4.210565099999999,43.683991799999994],[4.2105894,43.68405010000001],[4.210631499999999,43.684099700000004],[4.2106862,43.684140700000015],[4.2108185,43.684192599999996],[4.21111195219981,43.68428049214566],[4.211170167590548,43.684293747060906],[4.211170656367656,43.684293877789834],[4.211171154488013,43.68429398839691],[4.211329518545108,43.68433542155824],[4.211331669343161,43.68433606859057],[4.211446444296699,43.684375274890776],[4.211447567130074,43.684373574547905],[4.211457397006603,43.684361895541706],[4.211468806009648,43.684350998936054],[4.211481676847313,43.68434099675423],[4.211495877199414,43.68433199182429],[4.211511261077822,43.68432407672188],[4.211527670327304,43.68431733281865],[4.21154493625143,43.6843118294456],[4.2115628813468575,43.68430762318039],[4.211581321128127,43.6843047572657],[4.211600066024244,43.68430326116467],[4.211618923327533,43.68430315025806],[4.211637699174737,43.68430442568601],[4.2116562005399985,43.68430707433644],[4.211733200375112,43.68432107430322],[4.211734918572423,43.68432139302752],[4.211845918336624,43.68434239297782],[4.2118636031796965,43.684346431750825],[4.211880646082619,43.684351728195786],[4.211890041487401,43.68435549147665],[4.211930299999999,43.684269300000025],[4.2109095,43.6840286],[4.210752200000001,43.68391340000001],[4.210588500951216,43.683850505110826],[4.210578780393987,43.683849924620596],[4.2105539,43.68387280000002],[4.210565099999999,43.683991799999994]]],[[[4.2107529,43.6842504],[4.210687363000105,43.684321584768036],[4.21068900486964,43.6843223421552],[4.210690885598871,43.6843234067809],[4.210692616686467,43.6843245976081],[4.210694182117267,43.6843259036199],[4.210695567408681,43.68432731273372],[4.21069602092255,43.6843278829578],[4.2107496501391415,43.68427811481456],[4.210751258365729,43.68427676587543],[4.21075304270527,43.68427553910018],[4.210754985627927,43.68427444654095],[4.210757068045908,43.68427349893138],[4.210759269500981,43.68427270558097],[4.210761568365469,43.684272074283825],[4.2107639420547205,43.684271611241996],[4.210766367248986,43.684271321004516],[4.2107688201225235,43.68427120642275],[4.210771276577656,43.68427126862239],[4.210773712481527,43.68427150699233],[4.210776103903175,43.68427191919081],[4.2107784273486475,43.68427250116828],[4.210780659991801,43.68427324720721],[4.21078277989856,43.68427414997835],[4.210784766242395,43.6842752006126],[4.210790188601395,43.684278378850415],[4.210790567238806,43.68427826285203],[4.210792905457853,43.68427773665731],[4.210795303775205,43.684277380334024],[4.210797738818346,43.68427719735472],[4.210800186856857,43.68427718950257],[4.210802624033673,43.684277356854096],[4.21080502659758,43.6842776977784],[4.2108073711346785,43.684278208953046],[4.210809634796562,43.68427888539646],[4.210811795522984,43.68427972051641],[4.210813832256833,43.68428070617436],[4.210856478844008,43.684303629501976],[4.21085835026122,43.68430474198305],[4.21086006340814,43.68430598149803],[4.210861601981802,43.68430733625121],[4.2108629513405464,43.684308793350276],[4.210864098643347,43.684310338928896],[4.210865032972018,43.68431195827876],[4.210865745435119,43.684313635989554],[4.210866229252557,43.68431535609548],[4.210866479820119,43.68431710222739],[4.210866494753288,43.684318857768424],[4.210866316073151,43.68432027223904],[4.21087193724275,43.684323345814384],[4.210873802526619,43.68432447372234],[4.210875506883069,43.684325728597095],[4.210877033974434,43.68432709840968],[4.2108783691622715,43.684328570029294],[4.210879499647692,43.68433012934923],[4.210880414594043,43.68433176142217],[4.21088110523079,43.68433345060331],[4.210881564937591,43.68433518070047],[4.210881789307753,43.68433693512923],[4.210881776190482,43.68433869707197],[4.210881525711496,43.68434044963897],[4.210881040271822,43.684342176030434],[4.210880324524782,43.684343859697464],[4.210879385331383,43.684345484500724],[4.2108782316945605,43.68434703486511],[4.2108768746728655,43.68434849592909],[4.2108234083401275,43.68440038646179],[4.210821862406431,43.68440174305281],[4.21082014122921,43.684402983541915],[4.210818261277844,43.68440409605928],[4.210816240540976,43.68440506995956],[4.210814098354385,43.68440589592384],[4.2108118552159635,43.6844065660487],[4.210809532589584,43.68440707392196],[4.210807152699713,43.68440741468394],[4.210804738318761,43.684407585074],[4.210802312549168,43.684407583461685],[4.210799898602348,43.684407409862466],[4.21079751957659,43.684407065937464],[4.210795198236033,43.68440655497755],[4.21079295679284,43.684405881871974],[4.210790816694662,43.68440505306147],[4.2107887984194114,43.684404076476625],[4.210698489057181,43.684355585804695],[4.210696575463451,43.684354446831684],[4.210694827838525,43.68435317511021],[4.210693263588979,43.68435178330681],[4.21069214267001,43.68435055341632],[4.210659054840281,43.6843869578808],[4.2106589280819815,43.68438708334544],[4.210658814777271,43.68438721708514],[4.210567881937291,43.68448358343968],[4.210563291485491,43.68448850123604],[4.2105844264923595,43.68450857857325],[4.2105861284430075,43.684509461035425],[4.21058791317945,43.68451058739733],[4.210589541930598,43.68451183202779],[4.210590999879774,43.68451318360448],[4.2105922737640835,43.68451462983213],[4.210593351995048,43.68451615755455],[4.210594224764043,43.68451775287409],[4.210594310972475,43.68451796839327],[4.210629088970347,43.68455100592578],[4.210630139975662,43.68455020584687],[4.210631938431652,43.68454907640079],[4.210633877710961,43.68454807717904],[4.210635939975393,43.68454721737282],[4.210638106255493,43.684546504890925],[4.210640356625036,43.68454594628704],[4.210642670384314,43.68454554669938],[4.210645026250543,43.684545309803504],[4.210647402553616,43.684545237778494],[4.210649777435447,43.68454533128681],[4.210652129051026,43.68454558946836],[4.210654435769349,43.68454600994829],[4.210656676372392,43.684546588858886],[4.210658830250283,43.68454732087511],[4.210660877590878,43.68454819926362],[4.210662799561995,43.68454921594468],[4.210664322747036,43.6845501968721],[4.2106786908525144,43.68453944516466],[4.210722411942413,43.68450581885422],[4.2107707946294175,43.68446780128774],[4.210807034912791,43.68443705734756],[4.210807050618134,43.684437045310446],[4.2108070653616085,43.68443703156598],[4.210844832956335,43.68440511401695],[4.210846476976203,43.68440385315139],[4.210848280740074,43.68440271309663],[4.210850227466042,43.68440170445958],[4.210852299042115,43.684400836624384],[4.210854476194717,43.68440011766523],[4.2108567386680145,43.684399554271195],[4.210859065412365,43.684399151683984],[4.2108614347801625,43.68439891364918],[4.210863824727239,43.68439884238144],[4.210866213017965,43.68439893854381],[4.2108685774321195,43.68439920124163],[4.210870895971624,43.68439962803078],[4.210873147065203,43.68440021494053],[4.210879239756094,43.684402048738825],[4.2109841,43.6843117],[4.2107529,43.6842504]]],[[[4.210847599999999,43.68316529999999],[4.210847799999999,43.68306040000001],[4.2108312,43.68286199999998],[4.2107977,43.6827858],[4.2107754,43.6827638],[4.2107121,43.68275089999999],[4.210417405997294,43.68272721268028],[4.2104157703172636,43.682737103670064],[4.210400349494994,43.68285177293651],[4.2104273999999995,43.6828537],[4.2105039,43.68287249999998],[4.210565599999999,43.68291349999999],[4.210590099999999,43.68295020000001],[4.210594199999999,43.682974299999984],[4.2105711160704615,43.68371920184951],[4.210571519112958,43.68371903669037],[4.21057376316135,43.68371831898644],[4.210576093916903,43.68371776564185],[4.210578488586256,43.68371738206795],[4.210580923751008,43.683717172015854],[4.210583375596748,43.68371713753977],[4.210610669325447,43.683717733763494],[4.210613078433645,43.68371787188178],[4.21061545757741,43.68371817951818],[4.210617784162513,43.68371865375115],[4.210620036093852,43.683719290077],[4.210622191985302,43.68372008245269],[4.210624231362804,43.68372102335318],[4.210626134858802,43.68372210384291],[4.21062788439618,43.68372331366072],[4.210629463359932,43.68372464131722],[4.210630856754947,43.68372607420391],[4.210632051348427,43.68372759871297],[4.210633035795542,43.68372920036646],[4.210633800747178,43.68373086395376],[4.210634338938727,43.68373257367616],[4.210634645259072,43.68373431329675],[4.210634716799126,43.68373606629472],[4.210634028305675,43.683762171652326],[4.2106338686002225,43.683763895108385],[4.2106334819465525,43.68376559951379],[4.210632871906823,43.6837672691661],[4.210632044101219,43.68376888868311],[4.210631006156171,43.68377044314439],[4.210629767634091,43.68377191822897],[4.210628339945285,43.683773300347106],[4.210626736242822,43.68377457676553],[4.210624971301363,43.68377573572482],[4.210623061381041,43.683776766547645],[4.210621024077666,43.68377765973715],[4.210618878160605,43.68377840706459],[4.210616643399877,43.68377900164486],[4.210614340383998,43.683779438000236],[4.21061199033032,43.68377971211062],[4.21060961488954,43.68377982145066],[4.2105823401396885,43.68378012493572],[4.210579856489736,43.68378006219079],[4.210577393965318,43.683779819358314],[4.210574977297871,43.68377939887706],[4.2105726307582945,43.68377880497],[4.210570377913171,43.68377804360181],[4.210569306895574,43.68377758182255],[4.210568203757303,43.68381317875644],[4.210729756742357,43.68382282625172],[4.210776300000001,43.68380510000001],[4.210847599999999,43.68316529999999]]],[[[4.209631954984078,43.68266684175064],[4.2096343765206585,43.68266712859038],[4.2096367471446205,43.68266758769433],[4.209639043647755,43.68266821456794],[4.2096412435474875,43.68266900307414],[4.209643325306979,43.68266994549355],[4.2096452685459775,43.682671032599956],[4.209647054240322,43.682672253750674],[4.209648664908202,43.68267359699073],[4.209650084781302,43.68267504916995],[4.209651299959159,43.68267659607155],[4.209652298545267,43.682678222551566],[4.209653070763527,43.68267991268683],[4.209653609053963,43.682681649931084],[4.209653908146734,43.682683417276834],[4.20965396511372,43.68268519742188],[4.209653779397199,43.682686972938775],[4.209637196607969,43.68278254881093],[4.209636778536891,43.68278427513577],[4.209636131039222,43.68278596375692],[4.209635260257215,43.682787598655814],[4.209634174451245,43.68278916432354],[4.209632883921443,43.68279064590786],[4.209631400909987,43.682792029354225],[4.209629739484978,43.682793301538986],[4.209627915406982,43.68279445039402],[4.209625945979518,43.68279546502104],[4.209623849884925,43.68279633579511],[4.209623556027755,43.682796431662275],[4.21038184015277,43.68285045433694],[4.210397270002191,43.682735718220094],[4.210397285036953,43.682735644211384],[4.21039729228328,43.68273556958773],[4.210398920001851,43.682725726760275],[4.209376335147263,43.6826435255119],[4.209375913127422,43.682645885745],[4.209631954984078,43.68266684175064]]]]},"properties":{"cle":"vivier:30006:008","nom":"30006:008","file":"vivier","sort":"retenue"}},{"type":"Feature","geometry":{"type":"Polygon","coordinates":[[[4.211227899999999,43.6853044],[4.210727900000001,43.686191900000004],[4.210730996109157,43.68622292560294],[4.210745494933016,43.68622512760242],[4.2107600446184685,43.686228254412136],[4.210861044419501,43.68625325435428],[4.210877734362386,43.686258049669064],[4.210893709576291,43.68626399018863],[4.210908821262578,43.686271020581025],[4.210922928665638,43.68627907536282],[4.210929864531957,43.68628388980305],[4.211066300000001,43.68610680000001],[4.211121030207427,43.68602267387385],[4.211227423184521,43.685828276181795],[4.211429736754372,43.68538023116685],[4.21144498058602,43.685345843503775],[4.211438893970828,43.68534443282022],[4.21138307530765,43.68532929555073],[4.211357297983288,43.68532307343541],[4.211341297753742,43.685318607084234],[4.211325932170771,43.685313090611196],[4.211311331775271,43.685306570882496],[4.211297620607231,43.68529910328771],[4.211289250974507,43.68529360145238],[4.211266999999999,43.685294900000024],[4.211227899999999,43.6853044]]]},"properties":{"cle":"vivier:30006:014","nom":"30006:014","file":"vivier","sort":"retenue"}},{"type":"Feature","geometry":{"type":"Polygon","coordinates":[[[4.198385600466281,43.69356765408423],[4.198736739344895,43.69360683514376],[4.199209426296875,43.69347623151239],[4.1991869173944005,43.693371748402534],[4.198916810564697,43.693273795321694],[4.198511650320142,43.69326726511063],[4.198367593344301,43.69338480880121],[4.198385600466281,43.69356765408423]]]},"properties":{"cle":"vivier:30006:004","nom":"30006:004","file":"vivier","sort":"ecartee"}},{"type":"Feature","geometry":{"type":"Polygon","coordinates":[[[4.193144291639328,43.691783717065064],[4.193441346287727,43.69179269695854],[4.193453723564744,43.69168493814793],[4.193435157649219,43.69128084088382],[4.193360893987118,43.69121349107509],[4.193156668916345,43.69121798106471],[4.1931319143623105,43.691640038586385],[4.193144291639328,43.691783717065064]]]},"properties":{"cle":"vivier:30006:009","nom":"30006:009","file":"vivier","sort":"ecartee"}},{"type":"Feature","geometry":{"type":"Polygon","coordinates":[[[4.196287924423813,43.69298779868244],[4.196995818056166,43.69303634366265],[4.197018113918602,43.69285429978431],[4.196443995460869,43.692789572938814],[4.196287924423814,43.69281789094231],[4.196287924423813,43.69298779868244]]]},"properties":{"cle":"vivier:30006:010","nom":"30006:010","file":"vivier","sort":"ecartee"}},{"type":"Feature","geometry":{"type":"Polygon","coordinates":[[[4.200025498867035,43.691137711717296],[4.2004600167274475,43.6911493483298],[4.200508296489716,43.690932131191154],[4.200486838817597,43.690850674561354],[4.200041592121124,43.69084291678132],[4.200025498867035,43.691137711717296]]]},"properties":{"cle":"vivier:30006:018","nom":"30006:018","file":"vivier","sort":"ecartee"}},{"type":"Feature","geometry":{"type":"Polygon","coordinates":[[[4.20863538980484,43.68630832264586],[4.208790957927704,43.68635487283014],[4.20886605978012,43.68633935610606],[4.2088499665260315,43.68619194702709],[4.20890897512436,43.686184188644496],[4.208892881870271,43.686087208777195],[4.208753407001495,43.686040658385174],[4.2086997628211975,43.6860872087772],[4.208689033985138,43.686242376489616],[4.20863538980484,43.68630832264586]]]},"properties":{"cle":"vivier:30006:035","nom":"30006:035","file":"vivier","sort":"ecartee"}},{"type":"Feature","geometry":{"type":"Polygon","coordinates":[[[4.207874113828196,43.68438783770281],[4.207800834015311,43.68437356241039],[4.2077445796133,43.68436311516522],[4.207669541354479,43.68473451466591],[4.2076834656027,43.6847362609676],[4.207740666525163,43.68474551405925],[4.207770658279297,43.68474770857603],[4.207788817424578,43.68474969862005],[4.207788963571208,43.684749725550105],[4.207874113828196,43.68438783770281]]]},"properties":{"cle":"vivier:30006:036","nom":"30006:036","file":"vivier","sort":"retenue"}},{"type":"Feature","geometry":{"type":"Polygon","coordinates":[[[4.196973145008088,43.690889463446496],[4.197423756122589,43.690924373421666],[4.197450578212739,43.690862311229516],[4.1974130272865295,43.69081964343518],[4.197048246860503,43.69080412786608],[4.196978509426118,43.690839037890925],[4.196973145008088,43.690889463446496]]]},"properties":{"cle":"vivier:30006:040","nom":"30006:040","file":"vivier","sort":"ecartee"}},{"type":"Feature","geometry":{"type":"Polygon","coordinates":[[[4.1476026037707925,43.753081343826224],[4.148141057230532,43.75310573325691],[4.148494417313486,43.75305695438562],[4.14852807065472,43.75244721514002],[4.147821350488811,43.75242282544097],[4.147636257112026,43.75258135830706],[4.1476026037707925,43.753081343826224]]]},"properties":{"cle":"vivier:30019:001","nom":"30019:001","file":"vivier","sort":"ecartee"}},{"type":"Feature","geometry":{"type":"Polygon","coordinates":[[[4.149325535702511,43.75352889412987],[4.149325099649091,43.753528814035086],[4.149173048432939,43.75349981993325],[4.149171200986133,43.75349941133553],[4.14909982108434,43.75348139621015],[4.149099896544578,43.753482084931974],[4.149099846345454,43.75348387578277],[4.149099550804294,43.753485654146544],[4.149099012848667,43.75348740240704],[4.149098237807462,43.75348910324623],[4.149021494641994,43.7536330335625],[4.149169499694167,43.75365482391404],[4.149171861434339,43.75365526010218],[4.149174152798004,43.75365586203203],[4.149176351706297,43.75365662390358],[4.149178436971228,43.75365753837572],[4.14918038849983,43.7536585966368],[4.149182187487775,43.75365978848982],[4.149183816600569,43.75366110245042],[4.149185260140577,43.753662525857706],[4.149186504198282,43.753664044996135],[4.149187536786312,43.7536656452278],[4.149188347954953,43.753667311133356],[4.149188929888014,43.753669026660646],[4.149189276978145,43.75367077527936],[4.149189385880874,43.75367254014037],[4.149189255546821,43.75367430423801],[4.149188887231828,43.753676050573965],[4.1491726654158905,43.753733818596814],[4.149172065636239,43.75373552335842],[4.149171239089549,43.75373717752538],[4.1491701936744665,43.75373876529007],[4.149169991741026,43.75373900777724],[4.149170427257461,43.75373951812295],[4.149171498892699,43.75374110228985],[4.149172351379974,43.75374275490521],[4.149172976525982,43.75374446008563],[4.149173368322407,43.753746201442596],[4.1491735230036575,43.753747962239885],[4.149173526865207,43.75374815455759],[4.1492169974033075,43.753755196237606],[4.149217405403198,43.75375452414327],[4.149218586154029,43.753753000101106],[4.1492199652982835,43.753751566273586],[4.149221529826846,43.753750236185624],[4.149223264981915,43.753749022383595],[4.149225154396226,43.753747936316955],[4.149227180247425,43.753746988230304],[4.149229323426191,43.75374618706664],[4.1492309035959165,43.75374573093397],[4.149290836591495,43.7535570413515],[4.1492914887213495,43.75355536419119],[4.149292361553678,43.753553740606066],[4.149293446906233,43.7535521858162],[4.149294734604535,43.75355071439668],[4.149296212577244,43.7535493401411],[4.149297866969333,43.75354807593223],[4.1492996822719554,43.75354693362115],[4.149301641467843,43.753545923916285],[4.149303726190823,43.75354505628297],[4.149305916897994,43.753544338854674],[4.149308193052928,43.75354377835681],[4.149310533318178,43.753543380043666],[4.149312915755308,43.7535431476492],[4.149315318030554,43.7535430833519],[4.14931771762418,43.753543187754566],[4.1493200920415845,43.75354345987844],[4.149434888208719,43.75356078198724],[4.149437152483623,43.753561123652524],[4.149439525618458,43.753561571404994],[4.14944182624422,43.75356218666354],[4.149444031918771,43.753562963426404],[4.149446121126198,43.75356389411643],[4.149448073486701,43.75356496965495],[4.1494498699553874,43.75356617955027],[4.149451493008061,43.753567512000124],[4.149452926812151,43.753568954006724],[4.149454157381175,43.75357049150359],[4.149455172711158,43.75357210949276],[4.149455962897742,43.75357379219104],[4.149456520232788,43.75357552318406],[4.149456839279586,43.75357728558634],[4.149456916925872,43.75357906220593],[4.149456752414202,43.75358083571231],[4.149456347349329,43.75358258880529],[4.1494435498224504,43.753624997366394],[4.149389410206912,43.753806808340514],[4.149487000426051,43.75387794210591],[4.149488595863562,43.75387922228668],[4.14949001486736,43.753880607315836],[4.1494912443982646,43.753882084466426],[4.1494922731581525,43.75388364016494],[4.149493091693774,43.753885260116135],[4.149493692483622,43.753886929434366],[4.149493763320214,43.75388724904162],[4.150209153569155,43.75405449421286],[4.150265567358275,43.754008854527754],[4.150305418551689,43.753976614194855],[4.1503536,43.7539311],[4.150392056243845,43.75391479934873],[4.150453312489428,43.75387553331529],[4.150502600000001,43.75383899999999],[4.1506642,43.75373920000001],[4.1509639,43.7535857],[4.1509927,43.7535659],[4.151000584501373,43.75354415537688],[4.150999072589093,43.753543955028775],[4.150929368506752,43.75353767929401],[4.150767186988415,43.75352307727136],[4.150765170226945,43.753522834207715],[4.1507631878910285,43.75352247169478],[4.150741469521288,43.753517802774645],[4.1507364969883085,43.75352727231834],[4.15072815391777,43.753539360481795],[4.150718184806595,43.75355078320105],[4.150706689621729,43.75356142593174],[4.150693783633419,43.75357118195106],[4.150679596259316,43.753579953427796],[4.150664269766726,43.75358765240349],[4.150647957845974,43.75359420167447],[4.150477597562619,43.75365473000958],[4.150222957162231,43.753745202006016],[4.150206479146878,43.753750358280115],[4.150189392841529,43.75375434071287],[4.150171856974924,43.753757112308136],[4.150154034452237,43.75375864731829],[4.15013609084168,43.75375893148332],[4.150118192836378,43.75375796216337],[4.150100506705782,43.7537557483633],[4.149966551039189,43.75373411578512],[4.149741672444617,43.753746562931504],[4.149723177718747,43.753747586603254],[4.149705074968005,43.753747948408346],[4.149687009340299,43.75374703387447],[4.149669151700714,43.753744851651255],[4.149651670947133,43.75374142237828],[4.149634732412777,43.753736778489646],[4.149618496302439,43.75373096390733],[4.149603116177251,43.75372403362579],[4.1495887375022695,43.75371605319168],[4.1495754962706695,43.75370709808405],[4.149563517717504,43.75369725300033],[4.1495529151352315,43.753686611055336],[4.1495437888022195,43.753675272900566],[4.149536225034315,43.753663345772104],[4.1495302953685105,43.75365094247658],[4.1495260558863665,43.75363818032409],[4.149523546683638,43.753625180018666],[4.149515546889304,43.75356118000456],[4.149515542488551,43.7535611043758],[4.149460888631057,43.75355280227745],[4.149460100628431,43.75355267284034],[4.149438483737855,43.753548852973516],[4.149325535702511,43.75352889412987]]]},"properties":{"cle":"vivier:30019:004","nom":"30019:004","file":"vivier","sort":"ecartee"}},{"type":"Feature","geometry":{"type":"Polygon","coordinates":[[[4.149650931358337,43.75860759147634],[4.1497743129730225,43.75865021101538],[4.149908423423767,43.75864633651308],[4.1500210762023935,43.75856109739916],[4.149940609931946,43.75844486204812],[4.1497743129730225,43.75845261107855],[4.149656295776367,43.75846810913638],[4.149650931358337,43.75860759147634]]]},"properties":{"cle":"vivier:30019:009","nom":"30019:009","file":"vivier","sort":"ecartee"}},{"type":"Feature","geometry":{"type":"Polygon","coordinates":[[[4.146678373217583,43.75226450910985],[4.146853107959032,43.75224537671079],[4.146942123770714,43.75214971462375],[4.1469355300068855,43.75198230560352],[4.1466981545090675,43.752030136799945],[4.146665185689926,43.75217363015987],[4.146678373217583,43.75226450910985]]]},"properties":{"cle":"vivier:30019:002","nom":"30019:002","file":"vivier","sort":"retenue"}},{"type":"Feature","geometry":{"type":"Polygon","coordinates":[[[4.145967320756091,43.754462103034115],[4.145964930339654,43.75446205092486],[4.145858108252833,43.75445598008257],[4.145801010569973,43.754452985584976],[4.145798286799671,43.75445273237266],[4.145793382924386,43.754452074948674],[4.1457114465729425,43.75444762392229],[4.145711290308986,43.75444760991374],[4.145711140329692,43.75444760590426],[4.145650455603922,43.75444376135856],[4.145611114558888,43.75444180112532],[4.145600891956796,43.754568546409104],[4.145616899999999,43.754569100000005],[4.145609898919602,43.75463150689278],[4.145612118771354,43.754631669226995],[4.145614456282014,43.75463200665516],[4.145709694223389,43.75464923662701],[4.145709848395902,43.754648260199275],[4.145708275428387,43.75464812891893],[4.145705833343372,43.75464774169247],[4.14570345735435,43.75464717843227],[4.14570117154672,43.75464644484811],[4.145698999091709,43.754645548376345],[4.145696962011491,43.7546444981045],[4.145695080955938,43.75464330467919],[4.1456933749932965,43.75464198019815],[4.145691861416896,43.754640538087635],[4.145690555569843,43.754638992966335],[4.145689470689483,43.754637360497156],[4.145688617773225,43.754635657228405],[4.145688005467062,43.7546339004261],[4.1456876399779095,43.75463210789896],[4.145687525010708,43.75463029781782],[4.145687811697367,43.754582597386836],[4.145687937859415,43.75458086212775],[4.145688294306707,43.754579143776326],[4.145688877716289,43.75457745835164],[4.145689682649379,43.75457582156586],[4.145690701602069,43.75457424867774],[4.145691925075287,43.754572754350306],[4.145693341663346,43.75457135251425],[4.145694938160269,43.75457005623798],[4.145696699682912,43.754568877605905],[4.145698609809696,43.75456782760565],[4.1457006507337075,43.75456691602569],[4.1457028034286925,43.75456615136412],[4.145705047826431,43.75456554074941],[4.14570736300382,43.75456508987392],[4.145709727377919,43.75456480294088],[4.145712118907162,43.75456468262518],[4.145714515296836,43.754564730048465],[4.145716894206915,43.75456494476862],[4.145828918329208,43.754579065609],[4.145829818968152,43.754579213147025],[4.145835099999999,43.75455299999998],[4.1459524206530425,43.754564920811916],[4.145956994424026,43.75453950450999],[4.145968522459919,43.75446204520555],[4.145967320756091,43.754462103034115]]]},"properties":{"cle":"vivier:30019:011","nom":"30019:011","file":"vivier","sort":"ecartee"}},{"type":"Feature","geometry":{"type":"Polygon","coordinates":[[[4.3163537,43.7619552],[4.3164784,43.76208299999999],[4.3169251,43.76257499999999],[4.3180717,43.76138410000003],[4.317438700000001,43.761150000000015],[4.3172534,43.7610825],[4.3170221,43.760997700000004],[4.316925900000001,43.7610054],[4.316219499999999,43.7616941],[4.3162069999999995,43.76181270000001],[4.3162602,43.7618722],[4.3163537,43.7619552]],[[4.316804122285179,43.76123082236035],[4.3168034850654164,43.76122911619177],[4.316803081843759,43.76122737294809],[4.31680291650962,43.76122560944454],[4.31680299065778,43.76122384269163],[4.316803303572989,43.76122208973136],[4.316803852236874,43.76122036747258],[4.316804631357056,43.761218692528054],[4.316805633418196,43.76121708105413],[4.316806848754492,43.76121554859492],[4.316808265642912,43.76121410993238],[4.316939604924502,43.76109372419222],[4.316941191688193,43.76109240674499],[4.316942947382424,43.76109120713439],[4.316944855429964,43.76109013668711],[4.316946897815065,43.761089205510274],[4.316949055253569,43.761088422396014],[4.316951307374996,43.76108779473854],[4.3169536329148634,43.761087328464114],[4.316956009915486,43.761087027975314],[4.316958415933282,43.76108689610934],[4.316960828250693,43.76108693411128],[4.316963224090681,43.76108714162232],[4.316965580831787,43.76108751668311],[4.316967876221719,43.76108805575238],[4.316970088587462,43.76108875374024],[4.316972197039913,43.76108960405631],[4.316974181671106,43.7610905986719],[4.317077323284076,43.76114785078232],[4.317079149899078,43.76114896985852],[4.317080819491446,43.76115021111062],[4.31708231657157,43.76115156302292],[4.317083627250315,43.76115301305311],[4.317084739367875,43.761154547748575],[4.3170856426065916,43.761156152871195],[4.317086328586669,43.76115781352951],[4.317086790943921,43.76115951431676],[4.3170870253888225,43.76116123945395],[4.317087029746293,43.76116297293616],[4.317086803975884,43.76116469868104],[4.317086350172159,43.76116640067803],[4.317085672545249,43.761168063136864],[4.317084777381812,43.761169670634125],[4.31708367298669,43.76117120825628],[4.317082369605874,43.76117266173805],[4.3169573617517765,43.761298371030904],[4.316955797134422,43.7612997879292],[4.316954043586747,43.76130108342049],[4.316952118939407,43.76130224433183],[4.3169500427628495,43.761303258858625],[4.316947836168334,43.76130411668488],[4.31694552159325,43.761304809087896],[4.316943122572974,43.761305329027095],[4.316940663501558,43.76130567121553],[4.316938169383667,43.76130583217377],[4.316935665580335,43.76130581026508],[4.316933177551087,43.76130560571229],[4.3169307305950415,43.76130522059531],[4.316928349593676,43.76130465883017],[4.316926058757814,43.761303926129074],[4.316923881381448,43.76130302994238],[4.316921839604863,43.76130197938283],[4.316812366580156,43.76123940373719],[4.316810528134487,43.76123824231838],[4.316808855750201,43.76123695579469],[4.316807365558961,43.7612355565758],[4.316806071935006,43.76123405815847],[4.316804987356502,43.76123247499631],[4.316804122285179,43.76123082236035]]]},"properties":{"cle":"vivier:30020:001","nom":"30020:001","file":"vivier","sort":"ecartee"}},{"type":"Feature","geometry":{"type":"Polygon","coordinates":[[[4.3154921,43.760910900000006],[4.315693499999999,43.76071790000002],[4.3154798,43.76060259999999],[4.315763800000001,43.76032980000001],[4.315785460393154,43.76034130301315],[4.3157872360841845,43.76034026099105],[4.315789252295964,43.760339296711315],[4.315791388241541,43.760338478983456],[4.315793623707188,43.760337815546144],[4.315795937537368,43.76033731267785],[4.315798307834933,43.76033697513749],[4.315800712168354,43.76033680611946],[4.3158031277839966,43.76033680722325],[4.315805531821465,43.760336978438396],[4.3158079015299275,43.7603373181446],[4.315810214483429,43.76033782312705],[4.315812448793118,43.760338488606784],[4.315814583314396,43.76033930828596],[4.315816597847019,43.76034027440747],[4.315973737641995,43.76042387481006],[4.315975634065727,43.7604249918393],[4.315977369816304,43.760426238561756],[4.315978928082984,43.760427602902936],[4.315980293773954,43.760429071649185],[4.315981453662491,43.76043063057573],[4.315982396515065,43.76043226458438],[4.315983113200136,43.76043395784978],[4.315983596776591,43.76043569397262],[4.315983842560972,43.76043745613857],[4.315983843627758,43.760437792823446],[4.316079838078377,43.7603456170534],[4.315903946930157,43.760256351630986],[4.315860291279096,43.76030187819902],[4.315677993191489,43.7602041817413],[4.31564393756414,43.760235192520206],[4.315456881327235,43.760146553014486],[4.3154609337731475,43.76014246446045],[4.315460609800192,43.76014253007765],[4.315458137508695,43.76014284026566],[4.315455634648906,43.76014296804269],[4.315453126775065,43.76014291210414],[4.315450639492602,43.76014267302116],[4.315448198196713,43.760142253234726],[4.315445827813064,43.76014165703094],[4.3154435525433055,43.760140890497],[4.315441395617973,43.760139961459245],[4.315440234823008,43.76013933859355],[4.315324980158666,43.760252310624],[4.315326871601299,43.760253494180404],[4.3153286610145605,43.76025473185341],[4.315330271659577,43.760256092414544],[4.315331687554856,43.760257562363826],[4.3153328946512906,43.76025912711576],[4.315333880971556,43.760260771144274],[4.315334636728956,43.760262478136625],[4.315335154424535,43.76026423115534],[4.315335428921481,43.760266012806206],[4.315335457496097,43.76026780541103],[4.315335239864835,43.76026959118276],[4.315334778187096,43.76027135240224],[4.315334077043818,43.76027307159397],[4.315333143392018,43.76027473169933],[4.3153319864957576,43.760276316246134],[4.315330617834229,43.760277809511805],[4.315299044760613,43.760308790206594],[4.315297520332737,43.760310143332745],[4.315296880961392,43.76031061004014],[4.3151518,43.76050299999999],[4.3154921,43.760910900000006]],[[4.3155249112491045,43.760336258043594],[4.315525391590392,43.76033452495408],[4.315526104198302,43.76033283437816],[4.315527042197963,43.76033120262557],[4.315528196540053,43.76032964543859],[4.315529556088098,43.76032817784008],[4.315555288534834,43.760303150178125],[4.315555734360279,43.76030161151226],[4.315556462424084,43.76029993392137],[4.3155574129190954,43.76029831584176],[4.3155585767694555,43.76029677272374],[4.315559942862086,43.760295319301825],[4.315612185062599,43.7602451892357],[4.315613751908304,43.76024383030468],[4.315615495444844,43.76024258956499],[4.315617398789516,43.7602414790307],[4.315619443512206,43.76024050945515],[4.315621609813834,43.76023969022674],[4.3156238767180755,43.76023902927806],[4.315626222274469,43.76023853300908],[4.31562862377097,43.7602382062252],[4.315631057953862,43.76023805209065],[4.315633501252929,43.76023807209791],[4.315635930009683,43.760238266053264],[4.315638320706451,43.76023863207865],[4.31564065019409,43.76023916662982],[4.315642895916147,43.760239864530725],[4.31564503612727,43.760240719023585],[4.315647050103768,43.760241721834326],[4.315736347358081,43.7602910424853],[4.315738191695037,43.76029216779401],[4.315739876773884,43.760293417428755],[4.315741386710493,43.76029477961009],[4.315742707271676,43.76029624149763],[4.315743826009364,43.76029778931111],[4.315744732377938,43.76029940846033],[4.315745417833644,43.760301083682634],[4.315745875915123,43.760302799186825],[4.315746102304321,43.76030453880193],[4.315746094867195,43.76030628612978],[4.315745853673831,43.76030802469947],[4.315745380997776,43.76030973812262],[4.315744681294619,43.76031141024792],[4.315743761159982,43.76031302531335],[4.315742629267356,43.760314568094735],[4.315741296286341,43.76031602404928],[4.315735576093101,43.76032165781752],[4.315736064103352,43.76032211490034],[4.315737349179077,43.76032359618814],[4.315738429709902,43.760325160922534],[4.315739295481916,43.76032679431262],[4.315739938311249,43.76032848091852],[4.315740352121427,43.760330204797285],[4.315740533000823,43.76033194965372],[4.3157404792396195,43.76033369899423],[4.315740191345986,43.76033543628289],[4.315739672041261,43.76033714509767],[4.315738926234241,43.76033880928574],[4.3157379609747775,43.76034041311608],[4.31573678538713,43.760341941428166],[4.315735410583725,43.760343379775406],[4.315702596298858,43.760374375581925],[4.315701020741476,43.760375721624456],[4.315699270828531,43.76037694932656],[4.315697363393772,43.76037804687806],[4.315695316786273,43.76037900372074],[4.315693150693921,43.76037981065003],[4.31569088595402,43.76038045990342],[4.315688544352845,43.760380945235255],[4.315686148416061,43.76038126197675],[4.315683721192031,43.76038140708092],[4.3156812860300935,43.76038137915191],[4.315678866355946,43.76038117845839],[4.3156764854463034,43.76038080693096],[4.315674166204968,43.76038026814366],[4.315671930942506,43.760379567279486],[4.315669801161629,43.7603787110806],[4.31566779735033,43.760377707783434],[4.31565918827938,43.76037292880767],[4.315629116608259,43.760402815521715],[4.315627604433302,43.76040417465934],[4.315625917663075,43.76040542119972],[4.315624072173005,43.76040654341078],[4.3156220853323415,43.76040753073055],[4.315619975840692,43.76040837386664],[4.315617763552026,43.760409064883675],[4.315615469287813,43.76040959727797],[4.315613114641058,43.76040996603881],[4.315610721773071,43.760410167695476],[4.3156083132048915,43.76041020035005],[4.3156059116053225,43.7604100636952],[4.315603539577585,43.76040975901708],[4.315601219446574,43.76040928918326],[4.315598973048746,43.760408658615624],[4.315596821526599,43.76040787324898],[4.31559478512968,43.76040694047495],[4.315553322676507,43.76038584155998],[4.3155513821319715,43.76038474619968],[4.315549600623424,43.76038351706914],[4.315547995630232,43.76038216622801],[4.31554658289987,43.76038070693012],[4.3155453762934055,43.7603791534935],[4.315544387649514,43.760377521159775],[4.315543626668307,43.760375825944664],[4.315543100816177,43.76037408448088],[4.315542815252526,43.760372313854866],[4.3155427727791595,43.760370531439236],[4.315542973812783,43.76036875472225],[4.315543416380918,43.76036700113627],[4.315544096141267,43.760365287886664],[4.315545006424305,43.7603636317831],[4.315546138298727,43.76036204907451],[4.315547480659074,43.760360555289715],[4.315547657207495,43.760360378621634],[4.315534657099913,43.760353377505204],[4.315532773210907,43.76035225479398],[4.315531050374846,43.7603510035485],[4.315529505212712,43.76034963584012],[4.31552815263138,43.76034816486372],[4.315527005679809,43.76034660481052],[4.315526075423147,43.76034497073105],[4.315525370835987,43.76034327839001],[4.315524898715781,43.76034154411419],[4.315524663617267,43.76033978463496],[4.315524667808529,43.76033801692681],[4.3155249112491045,43.760336258043594]]]},"properties":{"cle":"vivier:30020:004","nom":"30020:004","file":"vivier","sort":"ecartee"}},{"type":"Feature","geometry":{"type":"MultiPolygon","coordinates":[[[[4.3084508,43.75948120000001],[4.3085983,43.759492],[4.308587704540103,43.75956923540765],[4.3085882292088575,43.75956941455968],[4.30871450161586,43.75958981651291],[4.3088646193269575,43.75959781114452],[4.308987816444449,43.75960245343957],[4.309032534830199,43.759592198849326],[4.308754096327801,43.75911094982793],[4.308688584981207,43.75913257065371],[4.308688486121492,43.759132603028874],[4.308602207515494,43.75916063898389],[4.30860141593658,43.75916088047441],[4.308522462028365,43.75918342847984],[4.308519862545078,43.759184015784214],[4.308456778954664,43.75919467333182],[4.308455407954091,43.759194865983645],[4.308454020890043,43.75919498363029],[4.308398272016385,43.75919818194318],[4.308356178520995,43.75921407369935],[4.308330473267185,43.75926258059764],[4.308340851460816,43.75935353737472],[4.308360882275552,43.75940682710911],[4.308478699999999,43.7594433],[4.3084508,43.75948120000001]],[[4.308923559858597,43.759479709299356],[4.30892316296101,43.759481455280195],[4.308922531415198,43.759483164571854],[4.308921671326433,43.7594848206502],[4.30892059100937,43.759486407505555],[4.308919300907661,43.759487909797464],[4.308917813492999,43.75948931300288],[4.308916143144548,43.75949060355672],[4.308914306009935,43.759491768982905],[4.3089123198491555,43.759492798014975],[4.308910203862877,43.75949368070507],[4.308907978506817,43.75949440851998],[4.308697019915662,43.75955454198446],[4.308694735553729,43.75955510193897],[4.3086923870235,43.75955549865079],[4.308689996474917,43.759555728378345],[4.308687586454206,43.759555788955],[4.308685179691251,43.75955567980942],[4.308682798885207,43.75955540197102],[4.308680466490417,43.75955495806019],[4.3086782045046395,43.75955435226363],[4.308676034261574,43.759553590294864],[4.308673976229656,43.75955267934031],[4.308672049819007,43.75955162799157],[4.308670273198378,43.75955044616432],[4.308668663123779,43.759549145004854],[4.30866723478046,43.75954773678494],[4.308666001639688,43.75954623478605],[4.3086649753316895,43.759544653174146],[4.30854853992163,43.75933995579177],[4.308547722818833,43.75933829193679],[4.308547134655863,43.75933657804637],[4.308546781096718,43.759334830625306],[4.308546665546154,43.75933306650127],[4.308546789116903,43.75933130266279],[4.3085471506189545,43.75932955609566],[4.308547746571019,43.75932784361933],[4.308548571234052,43.75932618172497],[4.308549616666524,43.75932458641664],[4.308550872800893,43.75932307305717],[4.308552327540563,43.75932165622023],[4.308553966876368,43.75932034954993],[4.308555775021484,43.75931916562955],[4.308557734563454,43.759318115860204],[4.308559826631878,43.75931721035121],[4.308562031080121,43.75931645782263],[4.308775389370284,43.75925269585803],[4.308777704930635,43.75925209919452],[4.308780090525574,43.75925167135312],[4.308782522787438,43.75925141652473],[4.308784977891453,43.759251337205434],[4.308787431789096,43.75925143417222],[4.308789860443659,43.75925170647526],[4.308792240065699,43.75925215144724],[4.308794547346065,43.75925276472953],[4.308796759684206,43.75925354031485],[4.308798855409566,43.75925447060608],[4.308800813993835,43.7592555464907],[4.308802616252052,43.75925675743013],[4.308804244530511,43.75925809156279],[4.308805682879687,43.75925953582043],[4.308806917210476,43.7592610760561],[4.308807935432193,43.75926269718269],[4.308921971178517,43.75947102305215],[4.3089227588778805,43.759472697942186],[4.308923315835481,43.75947442080214],[4.308923636667074,43.7594761749768],[4.308923718271081,43.75947794350813],[4.308923559858597,43.759479709299356]]],[[[4.30830446457054,43.75935943534697],[4.308304091685903,43.75935822740896],[4.308303873041746,43.759356999792054],[4.308293003041254,43.75926173216654],[4.308292940185108,43.75926052070987],[4.308293027552848,43.75925931005183],[4.308293264439691,43.75925810995845],[4.3082936489347246,43.75925693011062],[4.308294177936322,43.75925578002581],[4.308323936887354,43.759199623692616],[4.308324719025022,43.759198348867926],[4.30832567854525,43.759197139370265],[4.308326805196574,43.75919600812181],[4.308328086941913,43.75919496720876],[4.308329510087172,43.75919402775216],[4.308331059427549,43.7591931997891],[4.30833271840999,43.75919249216551],[4.308384423978712,43.759172971521444],[4.308386121194222,43.75917240726357],[4.308387887837798,43.75917196902591],[4.308389706149204,43.75917166121412],[4.308391557848784,43.75917148692267],[4.308449686775147,43.7591681520676],[4.308510077953643,43.759157949385255],[4.308587362157355,43.75913587822287],[4.308673199292691,43.759107985724995],[4.308739686003785,43.75908604299978],[4.3086166,43.758873300000005],[4.3083942,43.75906869999999],[4.308095799999999,43.75928989999999],[4.308113416393393,43.75930265671458],[4.30811366886778,43.75930246755778],[4.308115480872165,43.75930123919246],[4.308117452960046,43.7593001480203],[4.308119565442722,43.759299204935196],[4.308121797229843,43.75929841935259],[4.308124126039971,43.7592977991155],[4.3081265286230135,43.759297350416176],[4.308128980992362,43.759297077734274],[4.308131458664361,43.75929698379216],[4.308133936902735,43.75929706952773],[4.308136390965559,43.75929733408503],[4.308138796352266,43.75929777482279],[4.308141129048258,43.759298387340856],[4.308143365764653,43.75929916552403],[4.308145484170792,43.75930010160316],[4.30814746311719,43.75930118623278],[4.308149282846674,43.75930240858427],[4.308192229975086,43.7593342922238],[4.308193816904412,43.75933558993534],[4.308195224152549,43.75933699231782],[4.30819643865495,43.75933848635192],[4.308197449136467,43.75934005816742],[4.308198246216025,43.75934169317192],[4.3081988224937176,43.7593433761865],[4.308199172619508,43.75934509158647],[4.308199293342895,43.759346823446464],[4.308199183543089,43.75934855568832],[4.308198844239428,43.75935027223033],[4.3081982785819015,43.75935195713657],[4.308197491821914,43.75935359476477],[4.308196491263534,43.75935516991156],[4.308195997732277,43.759355783429406],[4.308317194778019,43.75939330270504],[4.30830446457054,43.75935943534697]]]]},"properties":{"cle":"vivier:30020:005","nom":"30020:005","file":"vivier","sort":"ecartee"}},{"type":"Feature","geometry":{"type":"Polygon","coordinates":[[[4.312723000000001,43.755190500000005],[4.312743199999999,43.7551795],[4.312807800000001,43.75524209999999],[4.312755999999999,43.755270100000004],[4.3126456,43.75516319999999],[4.3126121,43.755155899999984],[4.3125672999999995,43.755185499999996],[4.3124912,43.755278600000004],[4.3124899,43.755376399999996],[4.3125507999999995,43.755391499999995],[4.312541399999999,43.75541379999999],[4.3125807,43.755421600000005],[4.3125896,43.75540020000001],[4.312628200000001,43.75540989999999],[4.3128962,43.755237799999996],[4.3127086,43.755139500000006],[4.312697899999999,43.755165700000006],[4.312723000000001,43.755190500000005]]]},"properties":{"cle":"vivier:30020:009","nom":"30020:009","file":"vivier","sort":"retenue"}},{"type":"Feature","geometry":{"type":"Polygon","coordinates":[[[4.313588,43.755851],[4.313535,43.755773],[4.313861,43.755639],[4.313896,43.755718],[4.313588,43.755851]]]},"properties":{"cle":"vivier:30020:003","nom":"30020:003","file":"vivier","sort":"retenue"}},{"type":"Feature","geometry":{"type":"Polygon","coordinates":[[[4.3227974,43.7197188],[4.3226838,43.71988439999999],[4.3224699,43.72025419999999],[4.322402699999999,43.7203433],[4.322385800000001,43.720169500000004],[4.3219265,43.72014450000001],[4.3218616,43.72012910000001],[4.321776000000001,43.72009380000001],[4.3217334,43.72006510000001],[4.321588116124764,43.71993141484441],[4.321572432896836,43.71993635757422],[4.321554478987468,43.71994050895569],[4.321536038275017,43.719943322232176],[4.32151729983246,43.71994476855903],[4.321498455785475,43.71994483310705],[4.321495320354869,43.71994472859308],[4.3214874000000005,43.72001790000001],[4.321491900000001,43.720186600000005],[4.3215168,43.72038390000001],[4.3215554,43.720582100000016],[4.3217371,43.720599700000015],[4.3218022,43.720598700000004],[4.3219763,43.72057100000001],[4.3221145,43.720523099999994],[4.3221912,43.720489199999996],[4.322359199999999,43.72038799999999],[4.3224805,43.720301400000004],[4.322532999999999,43.72024230000002],[4.32257437133587,43.72026158889367],[4.322665499046044,43.720127303485576],[4.322721881620672,43.72004383640571],[4.322721917817176,43.72004378890537],[4.3227219480437045,43.72004373882273],[4.322772366382573,43.719970229242605],[4.322773579131462,43.71996866245255],[4.322775001250078,43.71996719117843],[4.322776618562655,43.719965830086],[4.322778414947718,43.719964592742684],[4.322780372498801,43.719963491482375],[4.322782471702923,43.7199625372825],[4.322784691635105,43.719961739654586],[4.322787010166947,43.71996110654941],[4.322789404187203,43.71996064427782],[4.322791849832158,43.71996035744774],[4.322794322723505,43.719960248918284],[4.322796798211337,43.71996031977134],[4.322799251619871,43.71996056930059],[4.3228003019105055,43.719960755071796],[4.322829505158235,43.71991709855017],[4.322829031949583,43.71991679949831],[4.32282737948337,43.71991553100948],[4.322825904183415,43.719914152405565],[4.3228246199218185,43.71991267664945],[4.32282353877436,43.719911117617535],[4.3228226709069535,43.719909489969254],[4.32282202448006,43.719907809009236],[4.322821605571949,43.719906090543375],[4.3228214181215545,43.71990435073028],[4.322821463891436,43.71990260592922],[4.322821742451199,43.719900872546404],[4.322822251181557,43.71989916688066],[4.32282298529894,43.71989750497021],[4.322823937900504,43.71989590244181],[4.322841819293138,43.71986943115372],[4.322835199999999,43.71980829999999],[4.3227974,43.7197188]]]},"properties":{"cle":"vivier:30033:004","nom":"30033:004","file":"vivier","sort":"ecartee"}},{"type":"Feature","geometry":{"type":"Polygon","coordinates":[[[4.327296,43.724151],[4.326701,43.724052],[4.327001,43.723509],[4.326907,43.723375],[4.326237,43.723177],[4.326398,43.722869],[4.326934,43.723367],[4.327186,43.723805],[4.327374,43.724069],[4.327366,43.724123],[4.327296,43.724151]]]},"properties":{"cle":"vivier:30033:001","nom":"30033:001","file":"vivier","sort":"retenue"}},{"type":"Feature","geometry":{"type":"MultiPolygon","coordinates":[[[[4.322409939486533,43.71370561561602],[4.322398246731609,43.71356583174519],[4.322029924951493,43.71355312410442],[4.322065003216267,43.71375221016714],[4.322029924951494,43.713900465316115],[4.321965614799411,43.714036012559944],[4.322366091655568,43.71403601255996],[4.322409939486533,43.71370561561602]]],[[[4.322357322089374,43.714213917852184],[4.322275472804905,43.71419273867844],[4.321965614799411,43.714201210348826],[4.321895458269863,43.71421815368604],[4.321889611892401,43.714298634472364],[4.322351475711913,43.71430287030026],[4.322357322089374,43.714213917852184]]]]},"properties":{"cle":"vivier:30033:007","nom":"30033:007","file":"vivier","sort":"ecartee"}},{"type":"Feature","geometry":{"type":"Polygon","coordinates":[[[4.32257,43.719618],[4.322184,43.719708],[4.321953,43.719706],[4.321916,43.719254],[4.322173,43.719262],[4.322208,43.719465],[4.322442,43.719452],[4.322584,43.719521],[4.32257,43.719618]]]},"properties":{"cle":"vivier:30033:008","nom":"30033:008","file":"vivier","sort":"retenue"}},{"type":"Feature","geometry":{"type":"Polygon","coordinates":[[[4.324938654899596,43.71637803149537],[4.325075447559357,43.716418742484954],[4.325070083141327,43.716443944512264],[4.325536787509917,43.71647883960948],[4.325676262378692,43.716269468721265],[4.3255046010017395,43.71624620524411],[4.3251559138298035,43.7161802920097],[4.32501643896103,43.71614539673861],[4.324938654899596,43.71637803149537]]]},"properties":{"cle":"vivier:30033:011","nom":"30033:011","file":"vivier","sort":"ecartee"}},{"type":"Feature","geometry":{"type":"Polygon","coordinates":[[[4.3251497189713115,43.71972640792203],[4.324749146322965,43.719725045464486],[4.324700929164517,43.719740507115056],[4.3246421847455085,43.719787112737926],[4.324598302463064,43.71985694277117],[4.324952679250431,43.719869401858205],[4.324952772471825,43.719868782405754],[4.324953267258271,43.71986706649823],[4.324953989880389,43.719865393645236],[4.324954933481652,43.7198637797194],[4.324956089108798,43.71986224003428],[4.324957445796793,43.71986078919897],[4.324958990672859,43.719859440979526],[4.324960709078629,43.71985820816837],[4.324962584709221,43.71985710246285],[4.3249645997679504,43.71985613435433],[4.324966735135187,43.71985531302858],[4.3249689705497785,43.71985464627864],[4.324971284801283,43.71985414043087],[4.324973655931227,43.71985380028495],[4.324976061441456,43.71985362906828],[4.324978478507609,43.719853628405474],[4.325035604580246,43.71985563299226],[4.32503804422876,43.719855806522276],[4.325040448364602,43.71985615379203],[4.325042793524689,43.719856671412366],[4.325045056821512,43.7198573543316],[4.325047216166497,43.71985819588477],[4.325049250485585,43.71985918785877],[4.325051139924899,43.71986032057253],[4.325051594789835,43.7198606532383],[4.325154452860705,43.71986489282872],[4.3251634392777,43.71977970364365],[4.325165768556729,43.71976638066595],[4.325169911763085,43.71975329151322],[4.325175827879267,43.719740565763466],[4.325183458336688,43.71972832939706],[4.325184887657012,43.71972653669094],[4.3251497189713115,43.71972640792203]]]},"properties":{"cle":"vivier:30033:016","nom":"30033:016","file":"vivier","sort":"ecartee"}},{"type":"Feature","geometry":{"type":"Polygon","coordinates":[[[4.327958822250366,43.722393264956125],[4.328044652938843,43.72246304820083],[4.328205585479736,43.72247855557752],[4.328291416168214,43.72244366397434],[4.3283236026763925,43.72230797421331],[4.328184127807616,43.722265328796375],[4.328007102012634,43.7222459445059],[4.327958822250366,43.722393264956125]]]},"properties":{"cle":"vivier:30033:012","nom":"30033:012","file":"vivier","sort":"retenue"}},{"type":"Feature","geometry":{"type":"Polygon","coordinates":[[[4.322723150253296,43.715802258823864],[4.322819709777832,43.71596122691565],[4.3229806423187265,43.715996122294],[4.323071837425232,43.71598449050348],[4.32308793067932,43.715844908841106],[4.3229323625564575,43.71581776792456],[4.322825074195861,43.715790626995705],[4.322723150253296,43.715802258823864]]]},"properties":{"cle":"vivier:30033:015","nom":"30033:015","file":"vivier","sort":"ecartee"}},{"type":"Feature","geometry":{"type":"Polygon","coordinates":[[[4.347501019947231,43.65225276440568],[4.347788149025291,43.652331726283506],[4.347904552705585,43.65226968481683],[4.347873511724173,43.65217944256903],[4.347640704363585,43.65215688198588],[4.347485499456525,43.652179442569015],[4.347501019947231,43.65225276440568]]]},"properties":{"cle":"vivier:30033:002","nom":"30033:002","file":"vivier","sort":"ecartee"}},{"type":"Feature","geometry":{"type":"Polygon","coordinates":[[[4.3245550990104675,43.718617094848625],[4.324748218059541,43.71864811158889],[4.324796497821808,43.71857444680451],[4.324796497821808,43.71847751931865],[4.32473748922348,43.71840773143172],[4.324635565280913,43.71840385432449],[4.324608743190766,43.71844262538533],[4.324549734592438,43.71845037959449],[4.3245550990104675,43.718617094848625]]]},"properties":{"cle":"vivier:30033:017","nom":"30033:017","file":"vivier","sort":"retenue"}},{"type":"Feature","geometry":{"type":"Polygon","coordinates":[[[4.314027428627014,43.71801614233636],[4.314478039741515,43.71803165086407],[4.314488768577575,43.71797349386448],[4.314059615135192,43.71794635391209],[4.314027428627014,43.71801614233636]]]},"properties":{"cle":"vivier:30033:018","nom":"30033:018","file":"vivier","sort":"ecartee"}},{"type":"Feature","geometry":{"type":"Polygon","coordinates":[[[4.289690200000001,43.77552750000001],[4.2896648,43.7753321],[4.288863699999999,43.77575499999999],[4.289172600000001,43.77606159999999],[4.2897378999999995,43.7757159],[4.289690200000001,43.77552750000001]],[[4.2892313922191905,43.775888392534824],[4.289228968947347,43.77588853608165],[4.289226537916324,43.77588850726707],[4.289224122420574,43.775888306367136],[4.289221745605698,43.77588793530691],[4.289219430246644,43.77588739764197],[4.289217198529485,43.77588669852427],[4.289215071838822,43.77588584465285],[4.289213070552876,43.7758848442096],[4.2892112138482235,43.77588370678092],[4.289209519516037,43.775882443265786],[4.289208003791617,43.77588106577136],[4.289085999237719,43.775758310738254],[4.289084671147935,43.77575682559395],[4.289083550773471,43.775755253119605],[4.289082648946771,43.775753608518855],[4.289081974387223,43.775751907692715],[4.289081533616864,43.77575016708579],[4.2890813308973055,43.77574840352734],[4.289081368188546,43.775746634068504],[4.289081645130004,43.775744875817495],[4.289082159044019,43.775743145774136],[4.289082904961745,43.775741460665586],[4.289083875671173,43.77573983678442],[4.2890850617868805,43.77573828983133],[4.289086451840772,43.77573683476321],[4.289088032392954,43.7757354856485],[4.289089788161681,43.775734255531276],[4.289091702171124,43.77573315630503],[4.289393721485409,43.775576584851635],[4.289395777991573,43.77557562598161],[4.2893979546633245,43.77557481829593],[4.289400230400181,43.77557416962426],[4.289402583141337,43.775573686254745],[4.289404990079511,43.77557337287315],[4.289407427882047,43.77557323251736],[4.289409872917088,43.77557326654797],[4.2894123014826695,43.7755734746351],[4.289414690036481,43.77557385476156],[4.289417015424078,43.77557440324245],[4.289419255103345,43.77557511476083],[4.289421387363012,43.775575982419284],[4.289423391533124,43.77557699780683],[4.289425248185414,43.7755781510804],[4.289426939321637,43.775579431060216],[4.289428448548041,43.77558082533826],[4.2895492320053705,43.77570449441801],[4.289550537419037,43.77570598021562],[4.2895516361436075,43.77570755135776],[4.289552517655695,43.775709192796384],[4.289553173512333,43.77571088881007],[4.2895535974318335,43.775712623154725],[4.2895537853539585,43.77571437921919],[4.289553735478805,43.775716140184166],[4.289553448284044,43.77571788918351],[4.289552926520352,43.77571960946561],[4.289552175185058,43.775721284553974],[4.289551201474291,43.775722898404894],[4.289550014714048,43.775724435561195],[4.289548626270876,43.77572588130035],[4.289547049443009,43.775727221775284],[4.289545299332992,43.77572844414719],[4.289543392703042,43.775729536708454],[4.289242594452579,43.77588519415132],[4.289240549078254,43.77588614663021],[4.289238384982426,43.77588694964368],[4.2892361229017375,43.77588759549716],[4.2892337845117385,43.77588807800202],[4.2892313922191905,43.775888392534824]]]},"properties":{"cle":"vivier:30036:005","nom":"30036:005","file":"vivier","sort":"ecartee"}},{"type":"Feature","geometry":{"type":"Polygon","coordinates":[[[4.286353545003346,43.76837011545177],[4.286355451613209,43.768371285850655],[4.286357186282371,43.76837258916522],[4.28635873145069,43.768374012201946],[4.286360071476345,43.768375540555354],[4.286361192794182,43.76837715875389],[4.286362084053031,43.76837885041643],[4.2863627362306165,43.76838059841825],[4.286363142724894,43.76838238506415],[4.28636329942088,43.76838419226791],[4.286363204732307,43.76838600173511],[4.286362859617692,43.768387795148406],[4.286362267570621,43.76838955435298],[4.286361434584397,43.76839126154034],[4.286360369091361,43.7683928994285],[4.286359081877533,43.76839445143707],[4.28632028191217,43.76843630878672],[4.286318844811704,43.76843770760268],[4.286317227637179,43.76843899905546],[4.286315445573034,43.76844017101897],[4.286313515351935,43.76844121248908],[4.286312864659869,43.76844149711525],[4.286649899999999,43.768630800000004],[4.2867470999999995,43.7684953],[4.286766,43.76844369999999],[4.2865713,43.7681315],[4.286464443238779,43.76824789176447],[4.286465022467729,43.768248180681574],[4.286466839464801,43.76824928614936],[4.286468502612237,43.768250512216895],[4.286469996732453,43.76825184769533],[4.286471308190368,43.76825328039735],[4.286472425017843,43.76825479724834],[4.286473337022901,43.76825638440583],[4.286474035882729,43.76825802738566],[4.286474515219641,43.76825971119436],[4.286474770659277,43.76826142046578],[4.286474799870518,43.768263139601345],[4.286474602586769,43.768264852912615],[4.286474180608385,43.76826654476418],[4.286473537786247,43.7682681997165],[4.286472679986618,43.76826980266678],[4.286471615037609,43.76827133898678],[4.28644264668365,43.7683085803703],[4.28644135031041,43.76831007127994],[4.286439858948554,43.76831146316553],[4.286438186896399,43.76831274268252],[4.2864363501846245,43.76831389756354],[4.286434366422577,43.76831491673629],[4.286432254629439,43.76831579042951],[4.286430035051889,43.76831651026672],[4.28642772896998,43.768317069346544],[4.286425358493126,43.76831746230883],[4.286422946348125,43.768317685386066],[4.286420515661264,43.76831773643951],[4.286418089736601,43.7683176149797],[4.286415691832538,43.768317322171136],[4.286413344938827,43.76831686082109],[4.286411071556168,43.768316235352714],[4.286408893480463,43.76831545176265],[4.2864041733137395,43.76831353942207],[4.28635264382759,43.7683696666099],[4.286353545003346,43.76837011545177]],[[4.286472846935077,43.76841246958551],[4.2864710906729835,43.76841125942784],[4.286469505533974,43.768409930983765],[4.286468106612321,43.76840849690325],[4.286466907229051,43.76840697084211],[4.286465918805124,43.768405367332086],[4.286465150752655,43.76840370164239],[4.286464610385305,43.76840198963433],[4.286464302848623,43.76840024761026],[4.28646423107107,43.76839849215838],[4.286464395736116,43.76839673999474],[4.286464795275736,43.76839500780409],[4.286464836628217,43.76839489660635],[4.286437346943753,43.768377823069095],[4.2864357874025485,43.768376766905185],[4.28643435877049,43.7683756175948],[4.286433071601304,43.768374383628235],[4.286425440087827,43.76836637388062],[4.2864241357672155,43.768364847275336],[4.286423047844846,43.76836323408354],[4.28642218714932,43.768361550362094],[4.286421562247529,43.76835981286991],[4.286421179359405,43.76835803890106],[4.286421042295992,43.76835624611273],[4.286421152421527,43.76835445234939],[4.286422211935541,43.76834633998453],[4.286422586951898,43.768344494531284],[4.286423223542879,43.76834268712035],[4.286424114869819,43.768340937168055],[4.286425251357521,43.76833926347345],[4.286426620797138,43.76833768401637],[4.28642820847731,43.76833621576424],[4.286439180355421,43.76832708637688],[4.286440864377625,43.76832581637706],[4.286442711638601,43.76832467174884],[4.2864447044459295,43.76832366345507],[4.286446823713212,43.76832280115283],[4.286449049142867,43.76832209310092],[4.286451359420524,43.76832154608083],[4.286453732419172,43.76832116533171],[4.286469832424022,43.76831917526165],[4.286472400070966,43.768318956806354],[4.286474985143772,43.76831893297216],[4.2864775596289215,43.76831910401733],[4.286480095627632,43.7683194680883],[4.2864825656581855,43.7683200212398],[4.286484942953731,43.7683207574775],[4.286487201752354,43.76832166882306],[4.286489317576243,43.768322745400525],[4.286524781688346,43.76834286612791],[4.28652542419761,43.76834260219333],[4.286527659757492,43.76834188417344],[4.286529981919563,43.76834132895591],[4.286532368170949,43.76834094192347],[4.286534795377437,43.7683407268283],[4.2865372400077675,43.76834068575572],[4.28653967836176,43.7683408191039],[4.2865420868000825,43.768341125580044],[4.28654444197343,43.76834160221298],[4.286546721048885,43.768342244381806],[4.286548901931284,43.76834304586086],[4.28655096347742,43.768343998879956],[4.286552885701026,43.76834509419975],[4.286701536246174,43.768438737069154],[4.286703274115767,43.768439943836384],[4.2867048426232595,43.76844126684952],[4.286706227035879,43.76844269368173],[4.286707414350016,43.768444210930916],[4.286708393413385,43.768445804345816],[4.286709155029764,43.76844745895969],[4.286709692045376,43.76844915923101],[4.286709999416089,43.768450889189324],[4.286710074254791,43.76845263258542],[4.286709915858513,43.768454373043774],[4.286709525715027,43.768456094216525],[4.286708907488876,43.76845777993692],[4.286708066986957,43.76845941437123],[4.286707012103971,43.768460982167404],[4.286705752748277,43.76846246859936],[4.286704300748823,43.76846385970525],[4.286658011054621,43.76850400566323],[4.286656341469216,43.76850531585012],[4.286654501146633,43.7685064998589],[4.286652508157452,43.76850754606344],[4.286650382071335,43.768508444190836],[4.286648143764863,43.76850918542213],[4.286645815216533,43.768509762478956],[4.286643419290956,43.768510169695105],[4.286640979514344,43.76851040307196],[4.2866385198434855,43.768510460317934],[4.286636064430522,43.768510340870954],[4.286633637385786,43.76851004590388],[4.286631262541053,43.768509578313065],[4.286628963215529,43.76850894268992],[4.28662676198688,43.76850814527576],[4.2866246804695285,43.76850719390064],[4.286622739102419,43.76850609790631],[4.286472846935077,43.76841246958551]]]},"properties":{"cle":"vivier:30036:012","nom":"30036:012","file":"vivier","sort":"ecartee"}},{"type":"Feature","geometry":{"type":"Polygon","coordinates":[[[4.285478,43.762158],[4.285167,43.762057],[4.285333,43.761813],[4.285601,43.761875],[4.285478,43.762158]]]},"properties":{"cle":"vivier:30036:001","nom":"30036:001","file":"vivier","sort":"ecartee"}},{"type":"Feature","geometry":{"type":"Polygon","coordinates":[[[4.289259,43.766926],[4.2889,43.766801],[4.288766,43.766984],[4.289133,43.767092],[4.289259,43.766926]]]},"properties":{"cle":"vivier:30036:004","nom":"30036:004","file":"vivier","sort":"retenue"}},{"type":"Feature","geometry":{"type":"MultiPolygon","coordinates":[[[[4.491957400000001,43.877715800000004],[4.4919049,43.877778],[4.491909200000001,43.877826200000015],[4.491899,43.87792349999999],[4.491775399999999,43.878341],[4.491749900000001,43.878495700000016],[4.4917549,43.87854860000001],[4.492637094589079,43.87865444121883],[4.492649901005305,43.87863666731359],[4.492720061064693,43.87844876780034],[4.492780425332815,43.878271001886866],[4.492701,43.878023999999996],[4.491957400000001,43.877715800000004]],[[4.492397969347447,43.878348184802896],[4.492285406257799,43.87832632153325],[4.492272543978733,43.878310295817556],[4.4923235140777935,43.87816558505845],[4.492344401830974,43.87815539852103],[4.492456917579054,43.87817546219679],[4.492469779879487,43.878191487889474],[4.492418833641009,43.87833709848461],[4.492397969347447,43.878348184802896]]],[[[4.4917726,43.878587499999995],[4.491897699999999,43.8788903],[4.492011208047222,43.87922043186431],[4.492012657882625,43.879219061421416],[4.4920145786407515,43.879217613432004],[4.492061324595723,43.87918609527685],[4.492165196961449,43.879099878885015],[4.492372708504639,43.87892662667586],[4.492612393264233,43.878687330105535],[4.492393299999999,43.878656800000016],[4.4917726,43.878587499999995]]],[[[4.4918267,43.879352800000014],[4.4919423,43.8793261],[4.491817199999999,43.878907799999986],[4.4916722,43.87937190000001],[4.4918267,43.879352800000014]]]]},"properties":{"cle":"vivier:30039:002","nom":"30039:002","file":"vivier","sort":"ecartee"}},{"type":"Feature","geometry":{"type":"Polygon","coordinates":[[[4.491739065108883,43.88204108569272],[4.491739363605323,43.88204045951903],[4.491740250390457,43.88203885400164],[4.49174134606059,43.882037317431944],[4.491742640505915,43.88203586398796],[4.491744121782516,43.88203450708067],[4.491745776222583,43.88203325923028],[4.4917475885605205,43.88203213195081],[4.491749542073806,43.88203113564366],[4.4917516187372915,43.88203027950182],[4.49175379938952,43.88202957142495],[4.491756063909526,43.88202901794648],[4.491758391402498,43.88202862417339],[4.4917607603925696,43.88202839373901],[4.491763149020985,43.88202832876963],[4.491765535247779,43.88202842986466],[4.4917678970551504,43.88202869609133],[4.491770212650616,43.88202912499316],[4.491861588004285,43.88204947833725],[4.491863949691667,43.88205010045483],[4.49186621256632,43.88205089171483],[4.49186835354227,43.88205184404483],[4.491870350777161,43.88205294772906],[4.491872183895085,43.8820541915077],[4.491873834194459,43.88205556269164],[4.491875284838823,43.882057047291966],[4.491875301788733,43.88205706899535],[4.491875829309566,43.882056884897985],[4.491878076379542,43.88205628559936],[4.4918803926950135,43.88205584531964],[4.491882756800087,43.88205556813709],[4.491885146796193,43.88205545661921],[4.491887540544929,43.88205551179902],[4.491889915873147,43.88205573316536],[4.491892250778312,43.88205611866777],[4.491979823724788,43.88207382361613],[4.491982121434718,43.882074376641626],[4.491984333947301,43.88207508858446],[4.49198644031002,43.88207595270258],[4.491988420575598,43.88207696081272],[4.491990255990893,43.88207810336808],[4.4919919291744925,43.88207936954868],[4.4919934242813255,43.88208074736375],[4.491994727152696,43.882082223765394],[4.491995825450382,43.88208378477204],[4.491996708773474,43.882085415600955],[4.491997368756872,43.88208710080815],[4.491997799150505,43.88208882443471],[4.491997995878515,43.88209057015784],[4.491997957077865,43.882092321445555],[4.4919976831159785,43.88209406171309],[4.491997176587255,43.882095774480106],[4.4919969412885274,43.88209641577509],[4.492060510987161,43.88211005522158],[4.492061268509762,43.882108384696416],[4.492062270242815,43.88210674678037],[4.492063492077899,43.882105188982855],[4.492064921916405,43.882103726729184],[4.492066545600073,43.88210237449856],[4.4920683470512,43.882101145680785],[4.49207030843183,43.88210005244354],[4.492072410320395,43.88209910561207],[4.492074631904022,43.88209831456189],[4.4920769511846235,43.88209768712595],[4.492079345196716,43.88209722951712],[4.492081790234833,43.882096946266635],[4.492084262088247,43.88209684017925],[4.492086736280713,43.88209691230542],[4.492089188312818,43.88209716193095],[4.492091593904579,43.88209758658406],[4.492119126268148,43.882103510860894],[4.492119126268174,43.8821035108609],[4.492174191012417,43.88211535939375],[4.492176480911358,43.88211594144723],[4.492178681518436,43.88211668208986],[4.492180771897428,43.88211757427524],[4.4921827321608,43.88211860951532],[4.4921845436589125,43.88211977796095],[4.492186189157454,43.88212106849574],[4.4921876530014035,43.88212246884175],[4.492188921263966,43.88212396567631],[4.49218998187908,43.88212554475878],[4.492190824756201,43.88212719106599],[4.492191441876308,43.882128888935256],[4.492191827368198,43.88213062221331],[4.49219197756434,43.88213237441003],[4.492191891035765,43.88213412885525],[4.492191568605678,43.882135868857475],[4.492191013341603,43.882137577862586],[4.492190838605472,43.8821380180401],[4.4922602,43.882152900000015],[4.492371987374405,43.881819644477225],[4.492371574574613,43.88181958687203],[4.492369239462379,43.881819085589385],[4.492366983295692,43.88181842158064],[4.492312998191799,43.881800257768674],[4.4923108286384785,43.88179943143299],[4.492308782054005,43.881798454671774],[4.492306878309245,43.88179733696869],[4.492305135888191,43.88179608917583],[4.492303571708499,43.88179472340835],[4.492302200957218,43.881793252926904],[4.492301036943348,43.8817916920088],[4.492300090968611,43.88179005580943],[4.492299372217726,43.88178836021515],[4.492298887669226,43.88178662168893],[4.4922986420277065,43.88178485711061],[4.492298637678148,43.88178308361297],[4.492298874662758,43.88178131841542],[4.492299350680568,43.88177957865674],[4.49231881759174,43.88172318214319],[4.492319797784477,43.88171925251994],[4.492320341971106,43.881717549098504],[4.492321112083331,43.88171589190159],[4.492321352092792,43.88171550465768],[4.491924686468128,43.881581323342836],[4.491921363021918,43.881580425121264],[4.491815515587954,43.88155624546402],[4.491712099999999,43.88203529999999],[4.491739065108883,43.88204108569272]]]},"properties":{"cle":"vivier:30039:006","nom":"30039:006","file":"vivier","sort":"ecartee"}},{"type":"Feature","geometry":{"type":"Polygon","coordinates":[[[4.496469,43.881237],[4.496436,43.881328],[4.495432,43.88118],[4.495402,43.881089],[4.496469,43.881237]]]},"properties":{"cle":"vivier:30039:003","nom":"30039:003","file":"vivier","sort":"retenue"}},{"type":"Feature","geometry":{"type":"Polygon","coordinates":[[[4.4907773,43.88194200000001],[4.490713900000001,43.88209079999999],[4.490888259378289,43.88212349255269],[4.491037747173771,43.88214663832512],[4.4910372843569535,43.88214634407342],[4.491035650411371,43.8821450848826],[4.491034190831713,43.882143718225706],[4.4910329190548,43.882142256684105],[4.491031846788545,43.88214071371271],[4.491030983904172,43.882139103516046],[4.491030338345342,43.882137440917546],[4.491029916055023,43.88213574122297],[4.491029720920783,43.88213402007967],[4.491029754738996,43.882132293332404],[4.491030017198314,43.88213057687753],[4.491030505882528,43.882128886516675],[4.491038626500632,43.88210627337543],[4.49103936772233,43.882104563976654],[4.491040340219439,43.8821029163425],[4.491041534357081,43.88210134679667],[4.491042938304508,43.88209987088913],[4.491044538152323,43.882098503242254],[4.4910463180502775,43.88209725740576],[4.4910482603643125,43.88209614572257],[4.491050345851257,43.8820951792065],[4.491052553849484,43.88209436743318],[4.491054862483608,43.88209371844509],[4.491057248881213,43.882093238671985],[4.491059689399456,43.882092932867124],[4.491062159859301,43.88209280406023],[4.491064635785077,43.88209285352743],[4.491067092646959,43.882093080778645],[4.491069506103991,43.88209348356239],[4.491097501996523,43.88209923090353],[4.491130199999999,43.882011],[4.491162209419062,43.881891151035404],[4.491160545569707,43.88189087538452],[4.491081113033927,43.881874747058696],[4.491076693414884,43.88188497708272],[4.491075868054393,43.88188660692106],[4.491074829477509,43.88188817167667],[4.491073587343102,43.88188965679712],[4.491072153203154,43.88189104847064],[4.491070540395325,43.88189233375449],[4.491068763918908,43.8818935006954],[4.491066840295342,43.88189453844064],[4.491064787414552,43.881895437339054],[4.4910626243685705,43.88189618903079],[4.491060371273989,43.88189678652503],[4.491058049084861,43.88189722426501],[4.491055679397827,43.88189749817968],[4.49105328425127,43.88189760572158],[4.491050885920345,43.8818975458906],[4.491048506709827,43.881897319243144],[4.491046168746668,43.881896927887084],[4.490934819675304,43.88187414641765],[4.490932493232822,43.88187357941104],[4.490930255356438,43.88187284935735],[4.490928127827373,43.88187196336223],[4.490926131352844,43.881870930049026],[4.4909242853645015,43.88186975947499],[4.4909226078293205,43.88186846303332],[4.49092111507472,43.881867053342226],[4.490919821629642,43.881865544122235],[4.490918740083159,43.88186395006257],[4.490917880961925,43.88186228667817],[4.490917252627735,43.88186057015876],[4.490916861196133,43.88185881721117],[4.490916710476897,43.88185704489679],[4.490916801936951,43.88185527046557],[4.490917134686092,43.88185351118799],[4.490917705485658,43.88185178418708],[4.490921627425654,43.88184206587075],[4.490843845405384,43.88182585869696],[4.49084150248152,43.881825277729575],[4.490839251011022,43.881824531178424],[4.490837113298661,43.88182362643945],[4.490835110522233,43.881822572475635],[4.490833262522747,43.881821379728365],[4.490831587607879,43.881820060013915],[4.490830102370587,43.881818626406336],[4.490829953100848,43.8818184477158],[4.4907773,43.88194200000001]]]},"properties":{"cle":"vivier:30039:008","nom":"30039:008","file":"vivier","sort":"ecartee"}},{"type":"Feature","geometry":{"type":"Polygon","coordinates":[[[4.4930239,43.879528600000015],[4.493022443723647,43.87960473296784],[4.493022951164154,43.879604798783426],[4.4930252872073755,43.87960527555544],[4.493027547916432,43.87960591468758],[4.49302971178017,43.87960671009836],[4.493031758208932,43.879607654219264],[4.4930336677304865,43.879608738066764],[4.493035422175294,43.879609951327836],[4.493037004849407,43.87961128245798],[4.493038400693313,43.87961271879124],[4.493039596425219,43.87961424666053],[4.4930405806674525,43.87961585152787],[4.493041344054703,43.879617518122565],[4.493041879323148,43.87961923058657],[4.493042181379561,43.87962097262542],[4.493042247349788,43.8796227276632],[4.493038343784588,43.87975336504571],[4.4936621,43.87975219999999],[4.4936795,43.879742000000014],[4.493665399999999,43.87970630000001],[4.49361521361912,43.87968042393992],[4.49357972903493,43.87966825097183],[4.493209600000001,43.87956890000001],[4.4930239,43.879528600000015]]]},"properties":{"cle":"vivier:30039:009","nom":"30039:009","file":"vivier","sort":"ecartee"}},{"type":"Feature","geometry":{"type":"Polygon","coordinates":[[[4.490403,43.882027],[4.490279,43.881995],[4.49033,43.881876],[4.490114,43.881781],[4.490156,43.881663],[4.490316,43.881695],[4.490295,43.881739],[4.490482,43.881787],[4.490452,43.881856],[4.490477,43.881865],[4.490403,43.882027]]]},"properties":{"cle":"vivier:30039:007","nom":"30039:007","file":"vivier","sort":"retenue"}},{"type":"Feature","geometry":{"type":"Polygon","coordinates":[[[4.233787804841994,43.7743593453717],[4.234435558319091,43.774187892988074],[4.2344047129154205,43.77393444073795],[4.233962595462799,43.77388971375878],[4.2338186502456665,43.77412080279111],[4.233787804841994,43.7743593453717]]]},"properties":{"cle":"vivier:30043:002","nom":"30043:002","file":"vivier","sort":"ecartee"}},{"type":"Feature","geometry":{"type":"Polygon","coordinates":[[[4.235879,43.770984],[4.235527,43.770752],[4.235052,43.771093],[4.235514,43.77112],[4.235879,43.770984]]]},"properties":{"cle":"vivier:30043:005","nom":"30043:005","file":"vivier","sort":"retenue"}},{"type":"Feature","geometry":{"type":"MultiPolygon","coordinates":[[[[4.4292443742749255,43.80605971760537],[4.429556941032281,43.806086217684566],[4.42955721516263,43.80608624182054],[4.430091366190843,43.80613501592249],[4.430583263749067,43.80617489951657],[4.430583263784713,43.806174899524905],[4.430585364721345,43.80617506986571],[4.430585617657518,43.806175090374055],[4.4305856176532465,43.80617509037305],[4.430644967133679,43.80617990234037],[4.430828463601954,43.80619183746316],[4.431152979936669,43.80620692977335],[4.431256921745169,43.806073340535484],[4.430867189587755,43.806053047167964],[4.430866938741852,43.80605303163673],[4.430495929311795,43.80602639929751],[4.430495724522791,43.80602638293919],[4.430113591239063,43.80599275748465],[4.43008894663482,43.806058640663544],[4.429632404940355,43.805951599693316],[4.429291554456928,43.80592366857951],[4.429237876699124,43.80605915771436],[4.4292443742749255,43.80605971760537]]],[[[4.42923170787056,43.80591876431702],[4.429231615517418,43.805918756410726],[4.4287745130485785,43.80587794731482],[4.428455720896548,43.805849980151095],[4.428403637069435,43.80598582876243],[4.428854646480794,43.80602613436223],[4.429237445239824,43.806059120535835],[4.4292905983541,43.805923590229774],[4.42923170787056,43.80591876431702]]],[[[4.426915552156669,43.805726509309416],[4.426917739331385,43.8057267238488],[4.426919891595765,43.80572707808666],[4.426921991972528,43.805727569228765],[4.426924023893682,43.8057281934009],[4.42697416689945,43.805745537731774],[4.42697643289773,43.805746428900044],[4.426978559191475,43.80574748532166],[4.42698052288862,43.80574869562299],[4.426982302847643,43.8057500467737],[4.427019116864163,43.805781066043416],[4.427020605301919,43.80578245152955],[4.427021900287399,43.80578393544121],[4.427022989500828,43.80578550366131],[4.427023862580018,43.80578714127069],[4.427040162577421,43.80582280038696],[4.427214876520088,43.80585262904722],[4.427558968859012,43.805896549433974],[4.428176458924546,43.805963990789785],[4.428328753684432,43.80597898456425],[4.428358957873016,43.80588423424349],[4.428359526214843,43.80588281223218],[4.428378818148845,43.80584288574025],[4.427802582294214,43.80578265491716],[4.427802519207673,43.80578264816322],[4.427413715786176,43.80574003783485],[4.427413652136353,43.80574003069609],[4.427272817588087,43.80572387393907],[4.427271946244171,43.80572374281744],[4.427271096143724,43.805723552098804],[4.42727027503949,43.80572330352252],[4.427269490419769,43.805722999355545],[4.427268749440132,43.80572264237177],[4.427247337568988,43.805711222267085],[4.42724665893826,43.80571082345909],[4.427246034876304,43.805710380364644],[4.427245470871479,43.8057098968806],[4.427224201710549,43.80568982596839],[4.427192985050472,43.80566714876274],[4.427192619907829,43.80566686789047],[4.427170427566386,43.805648788722806],[4.42707367427567,43.80559687615772],[4.427059554996257,43.80559199234391],[4.427022846737843,43.80558016623312],[4.42695836258939,43.80556872875907],[4.426886430996866,43.80556614158292],[4.426801853906477,43.805570563828354],[4.426881582982412,43.80572428423426],[4.426915552156669,43.805726509309416]]],[[[4.42668449096926,43.80559226160869],[4.426651933785094,43.80559940488768],[4.426612969207635,43.80561285211769],[4.426563676510316,43.805642664071954],[4.426562784219772,43.80564314142461],[4.426533304600421,43.80565702766623],[4.4265327112006325,43.805657285009744],[4.42653209308067,43.805657509770484],[4.426503743562797,43.80566688105324],[4.4265028798093455,43.80566712967659],[4.42650198615494,43.805667314749435],[4.426501071489423,43.80566743443071],[4.426500144911652,43.80566748752986],[4.426499215638983,43.80566747351868],[4.425793661036746,43.80563128162412],[4.425748040771781,43.80574212935325],[4.425746393346705,43.805758071519904],[4.425845625224127,43.805767611157655],[4.426096258343589,43.80578675472846],[4.426234401016467,43.805794256015496],[4.426756599999999,43.805730599999976],[4.42668449096926,43.80559226160869]]],[[[4.425779559752305,43.80589336970594],[4.425818343963858,43.805992776677655],[4.4258540719268185,43.80603289310927],[4.4258815714003585,43.806003238424694],[4.425883236917456,43.80600164188638],[4.425885136854561,43.80600018911198],[4.4258872477270765,43.805998898058796],[4.425949777616342,43.805964778987445],[4.425952016132408,43.80596369020659],[4.425954404356534,43.80596278348413],[4.425956914170792,43.80596206949541],[4.426032271407259,43.80594398318347],[4.426035037689559,43.805943445191446],[4.426037871075337,43.80594314129699],[4.426124723601436,43.805937505012004],[4.426127490419483,43.80593743757902],[4.426130250426209,43.80593759343759],[4.42621994670983,43.805946320399435],[4.426221861264355,43.80594656220419],[4.4262237438735035,43.80594691162083],[4.426306210497014,43.805964733420296],[4.4263081291711295,43.80596521064366],[4.426378217195505,43.80598499440502],[4.426379197351685,43.8059852886799],[4.426507281401622,43.80602608543616],[4.426557023704422,43.80603420465554],[4.426601835018811,43.8060305932936],[4.426644822322874,43.8060151100317],[4.42668379087353,43.8059927091336],[4.426721066508499,43.805968212666016],[4.4267429378914,43.805949366701704],[4.426742070689579,43.80594897442837],[4.426739972974616,43.80594791304146],[4.426738037091188,43.80594670105362],[4.426736283565721,43.805945351315735],[4.426734730991065,43.805943878139274],[4.42670026703265,43.80590742781965],[4.426699024521257,43.805905969273056],[4.4266979791997985,43.805904431749475],[4.426697140546619,43.80590282919027],[4.4266965161661185,43.805901176126504],[4.426682992638827,43.80585725149766],[4.4266825699576575,43.80585545438634],[4.426682400467811,43.805853635527185],[4.426682485908186,43.805851813581285],[4.426682821803061,43.805850026391],[4.426680299141257,43.805849963572186],[4.426657806992841,43.805848545945075],[4.426452626192076,43.80584675599232],[4.426451864697846,43.8058467425844],[4.426292686655111,43.805842524998454],[4.426291499868379,43.80584247707191],[4.426091144748831,43.80583159764258],[4.4260902093144,43.80583153653477],[4.425990832379073,43.805823946110536],[4.425769899237666,43.80585087652747],[4.425779559752305,43.80589336970594]]],[[[4.425877806527328,43.8048983074472],[4.425865686763777,43.80492878163401],[4.425848193052955,43.805068411625214],[4.425850719142285,43.80516971550635],[4.4258507068036455,43.8051702053012],[4.425846971418277,43.80521975592877],[4.4258468842012935,43.80522037932918],[4.425846717531605,43.805220994185],[4.42584647284579,43.80522159519657],[4.425789861678676,43.80534006911455],[4.4257681745928386,43.805394832290595],[4.425776298913867,43.80547534944551],[4.425795380138115,43.805617837706144],[4.4264981642078345,43.805653887490436],[4.426523723448977,43.80564543856826],[4.426552156264137,43.805632045420225],[4.426601925195508,43.80560194544548],[4.426602544061527,43.805601601936296],[4.426603200411913,43.80560129709707],[4.426603889651866,43.805601033061826],[4.426644550333556,43.805587000483],[4.426645194273353,43.80558679941607],[4.426645857266261,43.805586633985754],[4.426677893698375,43.80557960496402],[4.426339500000001,43.80493040000001],[4.4261845,43.8046328],[4.425958978234139,43.804613307601024],[4.42595884961603,43.80462217451991],[4.425958761779898,43.80462303077606],[4.425934571792076,43.80474935165661],[4.425934329501865,43.804750206349325],[4.425888862740388,43.80487050530069],[4.4258888293225445,43.80487059147165],[4.425877806527328,43.8048983074472]]],[[[4.4255466,43.805499299999994],[4.425632358858709,43.80574605244413],[4.425669598804536,43.80575021094805],[4.425727894650529,43.805756216388275],[4.425729529523935,43.80574039573371],[4.425729657771364,43.805739676602585],[4.425729891805557,43.80573897158607],[4.425777413300119,43.80562350434677],[4.425757737092043,43.80547657272358],[4.4257577183546415,43.80547641310823],[4.425749465122986,43.805394618102426],[4.425749441404994,43.80539402418805],[4.425749489903606,43.805393431064395],[4.425749610242951,43.80539284332834],[4.425749801490367,43.80539226553494],[4.425772015034064,43.80533617301856],[4.425772166319223,43.805335826493966],[4.425828432267198,43.80521807511734],[4.425832077983593,43.80516971417466],[4.425829548896715,43.805068288756225],[4.425829585504748,43.805067557003504],[4.4258472052322055,43.804926921545935],[4.425847326920818,43.80492628686718],[4.425847531168026,43.80492566340663],[4.425858932585911,43.80489699546739],[4.425870902353499,43.80486689842733],[4.4259161934689075,43.804747064312636],[4.425940218976135,43.804621602566584],[4.425940362640417,43.8046116985882],[4.425942494865103,43.804464706143584],[4.425934856987669,43.80435713798663],[4.425913060143591,43.804180243527995],[4.425913036560719,43.80418000412785],[4.425898027489767,43.8039767933023],[4.425898017981698,43.803976240171274],[4.425898071050279,43.80397568833423],[4.425898186339,43.803975141498285],[4.42590630369858,43.803944981838704],[4.4259052,43.8039421],[4.425748899999999,43.80452160000001],[4.425735599999999,43.804594],[4.4256763,43.804884299999976],[4.4255466,43.805499299999994]]],[[[4.423192350732472,43.80544408195124],[4.4233197467338075,43.80546802579006],[4.423485439854047,43.805490850941695],[4.424747655779378,43.805639915487376],[4.424747874907387,43.8056399419474],[4.42540701187348,43.805721287058304],[4.425493740072736,43.805730696560396],[4.425462702286257,43.80561740864729],[4.4254405806571295,43.805598607240825],[4.4254102951393195,43.80558400101683],[4.425352260117727,43.80557342824764],[4.42487514852971,43.80551311381944],[4.424455135188192,43.805461909876506],[4.423929226900207,43.80540128311674],[4.4239291135119405,43.805401269525326],[4.423719713777639,43.805375207571444],[4.423461728574892,43.80534437927773],[4.423461646971171,43.80534436925648],[4.423300120584068,43.8053239982361],[4.4231775063943175,43.80544014167714],[4.423192350732472,43.80544408195124]]]]},"properties":{"cle":"vivier:30047:001","nom":"30047:001","file":"vivier","sort":"ecartee"}},{"type":"Feature","geometry":{"type":"MultiPolygon","coordinates":[[[[4.4285149,43.8001813],[4.428842,43.800271499999994],[4.428632375632603,43.800684104605274],[4.4286516045195725,43.80067269443235],[4.428652966019828,43.8006719590004],[4.428654414306949,43.80067131639833],[4.428655937352181,43.800670771963276],[4.428685526278637,43.8006613838695],[4.428687481534092,43.80066085587522],[4.428689506028927,43.80066048950903],[4.428725418528141,43.800655518677736],[4.428727997746742,43.80065529516542],[4.428767726871239,43.800653874418465],[4.4287690391472205,43.800653861000484],[4.428895837306491,43.80065579912094],[4.428898304564497,43.80065595605902],[4.428926965958732,43.80065918048126],[4.428928595409543,43.80065941812437],[4.428930189145733,43.800659759975844],[4.428931734490032,43.800660203316475],[4.428953032392716,43.80066712437616],[4.428954759838205,43.800667766003045],[4.428956385756292,43.80066853430392],[4.428957892503985,43.80066942094187],[4.428959263731415,43.800670416295915],[4.428975750070785,43.80068370063623],[4.428976986679968,43.8006848096726],[4.428978054908197,43.800686006982176],[4.428978942841163,43.80068727921098],[4.42897964057545,43.800688612169395],[4.428987543671233,43.800706509175434],[4.428987949094231,43.80070757620486],[4.428988232469792,43.80070866370288],[4.428988391893038,43.8007097643593],[4.428990128765477,43.80072954225816],[4.428990163416393,43.8007306386176],[4.4289900750749585,43.80073173339606],[4.428987972812999,43.80074706147018],[4.428987615537864,43.800748670812844],[4.4289869930372365,43.8007502372302],[4.428979899330683,43.8007647307059],[4.42897911780576,43.800766087781454],[4.42897813711667,43.80076737523606],[4.428976968900509,43.80076857779239],[4.428966036053081,43.80077862144174],[4.4289647316534335,43.800779697122024],[4.428963277291793,43.80078066668946],[4.428961689328721,43.80078151923709],[4.428948182064164,43.80078799651021],[4.428946612038964,43.80078867170148],[4.428944958324708,43.80078923237404],[4.4289432367955825,43.80078967314594],[4.428941463976735,43.80078998978617],[4.428920413334792,43.800792965815894],[4.428918362805291,43.80079317087592],[4.428916293526284,43.800793209967416],[4.4288906272779585,43.80079266165275],[4.4287708251037365,43.80079423194827],[4.428679195795053,43.800797228014275],[4.428678050133917,43.80079723993812],[4.428643535719421,43.800796830525314],[4.4286385935068395,43.80079736345426],[4.4286302,43.8008155],[4.4287860555396295,43.800814797547666],[4.428786095321728,43.80081386816278],[4.4287864094289375,43.800812116669604],[4.428786959052562,43.800810395909515],[4.428787738899409,43.800808722454406],[4.428788741459104,43.80080711242053],[4.428789957076439,43.800805581313405],[4.42879137404434,43.80080414387841],[4.428792978716627,43.80080281395882],[4.428794755639426,43.8008016043625],[4.428796687699998,43.80080052673849],[4.428798756291551,43.80079959146491],[4.428800941492425,43.80079880754893],[4.428803222257957,43.8007981825401],[4.4288055766231444,43.80079772245758],[4.42880798191418,43.800797431732214],[4.428810414966821,43.800797313163855],[4.428868800279307,43.80079654787926],[4.428871198965665,43.80079660038129],[4.428873579473703,43.80079682022555],[4.428875919601072,43.80079720536157],[4.428878197522043,43.80079775219732],[4.428880391991065,43.80079845563263],[4.42888248254092,43.8007993091067],[4.428884449673614,43.80080030465944],[4.428886275042225,43.80080143300559],[4.428887941622027,43.80080268362139],[4.428889433869272,43.80080404484268],[4.4288907378661575,43.800805503973706],[4.42889184145064,43.80080704740554],[4.428892734329869,43.80080866074304],[4.428893408176181,43.800810328938994],[4.428893856704768,43.80081203643462],[4.428894075732307,43.80081376730454],[4.4288941080642745,43.80081431041623],[4.428940097728147,43.80081410304927],[4.428940155692107,43.80081274881648],[4.428940469794592,43.80081099732286],[4.428941019413571,43.800809276562],[4.4289417992558935,43.80080760310578],[4.428942801811233,43.80080599307052],[4.428944017424419,43.80080446196165],[4.42894543438842,43.800803024524654],[4.4289470390570935,43.800801694602804],[4.428948815976599,43.800800485003954],[4.42895074803423,43.800799407377234],[4.428952816623223,43.80079847210073],[4.428955001821944,43.80079768818165],[4.428957282585748,43.80079706316961],[4.428959636949649,43.80079660308377],[4.428962042239855,43.800796312355004],[4.428964475292128,43.8007961937832],[4.429006711473466,43.800795640116505],[4.42900916280218,43.80079569565607],[4.429011594632306,43.80079592594535],[4.429013983274825,43.80079632874105],[4.429016305461426,43.80079690011945],[4.429018538571149,43.800797634514595],[4.429020660850752,43.800798524772595],[4.4290226516266165,43.80079956222124],[4.4290244915061265,43.80080073675451],[4.429026162566577,43.80080203693096],[4.42902764852977,43.80080345008533],[4.429028934920575,43.80080496245173],[4.429030009207944,43.80080655929782],[4.42903086092697,43.800808225068366],[4.429031481780841,43.800809943536734],[4.429031865721649,43.80081169796289],[4.429032009009316,43.80081347125653],[4.429033262499937,43.80091335820109],[4.429033234310416,43.80091386467854],[4.429083109293431,43.80091418885966],[4.429083721238359,43.80084369333059],[4.429083858570648,43.80084191354784],[4.429084238311469,43.80084015233427],[4.429084856735657,43.80083842696683],[4.429085707776626,43.800836754370884],[4.429086783085894,43.80083515095411],[4.429088072114973,43.800833632445595],[4.429089562218848,43.80083221374142],[4.429091238780025,43.80083090875867],[4.429093085351918,43.80082973029886],[4.4290950838201955,43.8008286899223],[4.429097214580466,43.80082779783479],[4.429099456730596,43.800827062787455],[4.429101788275755,43.80082649199086],[4.4291041863441745,43.80082609104439],[4.429106627411518,43.80082586388118],[4.429109087531636,43.80082581272965],[4.429204642279946,43.80082725539856],[4.429278428643416,43.800827658101554],[4.429302107259857,43.800627004550016],[4.429302438016394,43.8006252382163],[4.429303008387725,43.80062350424303],[4.429303812778994,43.80062181963898],[4.429304843299822,43.8006202009286],[4.429306089841699,43.80061866398999],[4.429307540177147,43.80061722389914],[4.429309180079657,43.80061589478207],[4.429310993463239,43.80061468967621],[4.429312962540217,43.800613620402586],[4.4293150679957005,43.8006126974498],[4.429317289177052,43.800611929871195],[4.429319604296475,43.80061132519602],[4.42932199064472,43.80061088935562],[4.429324424813852,43.80061062662517],[4.4293268829268575,43.80061053958185],[4.429329340871856,43.80061062907943],[4.429401515863853,43.800615861983665],[4.429406016177523,43.80059950635819],[4.429346225134303,43.8005899898075],[4.4293438939367915,43.800589531704645],[4.429341635162873,43.800588911830374],[4.429339470156162,43.80058813604198],[4.429337419374236,43.80058721167009],[4.429335502195344,43.80058614744925],[4.429333736735289,43.80058495343551],[4.429332139676246,43.80058364091134],[4.429330726109137,43.80058222227904],[4.429329509391022,43.800580710943585],[4.4293285010189,43.80057912118581],[4.4293277105210604,43.80057746802773],[4.429327145367052,43.80057576709033],[4.42932681089711,43.80057403444609],[4.429326710271682,43.80057228646711],[4.429326844441578,43.80057053967042],[4.429327212138977,43.80056881056179],[4.429352381853113,43.8004795400425],[4.429350755903698,43.800479395448605],[4.42934835150684,43.80047900347367],[4.429346012546087,43.80047844091589],[4.429343762030013,43.800477713309185],[4.429341622097147,43.80047682781106],[4.429339613798207,43.80047579313228],[4.429337756889,43.80047461945105],[4.429336069636104,43.80047331831301],[4.429334568637167,43.80047190251754],[4.429333268657638,43.80047038599198],[4.429332182485511,43.80046878365451],[4.429331320805543,43.800467111267444],[4.429330692094133,43.800465385282244],[4.429330302535949,43.80046362267754],[4.429330155963087,43.80046184079225],[4.429330253817371,43.80046005715492],[4.429352995200609,43.80027615280387],[4.429353319094555,43.8002744517796],[4.429353865329077,43.80027278085403],[4.429354628931928,43.80027115523707],[4.429355602952219,43.80026958972633],[4.4293567785236885,43.80026809857218],[4.429358144945407,43.80026669534828],[4.429359689779194,43.800265392827725],[4.4293613989628335,43.800264202867034],[4.429363256938078,43.80026313629809],[4.429365246792279,43.800262202829586],[4.429367350412324,43.80026141095863],[4.429369548649531,43.80026076789343],[4.429371821493939,43.8002602794876],[4.429374148256468,43.80025995018698],[4.429376507757232,43.80025978298908],[4.429378878518337,43.80025977941588],[4.4294177933732835,43.80026106673431],[4.429422863392708,43.80024843054976],[4.429423678233995,43.800246724221026],[4.429424725015674,43.80024508561063],[4.42942599320296,43.80024353120949],[4.429427470032853,43.80024207666104],[4.429429140642592,43.80024073660377],[4.429430988219223,43.80023952452396],[4.429432994168813,43.80023845261992],[4.429435138303572,43.800237531679265],[4.429437399045023,43.80023677097027],[4.429439753641172,43.80023617814869],[4.429442178395476,43.80023575918063],[4.429444648905324,43.800235518282584],[4.429447140307628,43.80023545787894],[4.429449627529039,43.80023557857758],[4.4294520855382835,43.80023587916379],[4.429576848185204,43.800255843775666],[4.429579184740491,43.8002563052152],[4.42958144817821,43.80025692921025],[4.429583616997366,43.80025770983331],[4.429585670595766,43.80025863966903],[4.4295875894657275,43.800259709884656],[4.429589176264829,43.8002607885558],[4.429737611249812,43.799765876539716],[4.4297372097564045,43.799765864373185],[4.4297341466361315,43.799765753256274],[4.429680020922192,43.79976346625829],[4.429667101211757,43.799877941566095],[4.429666794074277,43.79987965037726],[4.4296662627090955,43.799881330080154],[4.4296655119875314,43.79988296527595],[4.429664548791878,43.79988454097388],[4.429663381952301,43.799886042728566],[4.429662022165895,43.799887456772495],[4.429660481898619,43.79988877014232],[4.429658775271007,43.79988997079759],[4.42965691792872,43.799891047731194],[4.429654926899113,43.79989199107024],[4.429652820435138,43.79989279216656],[4.429650617848003,43.799893443676034],[4.429650308834353,43.79989351093699],[4.429640357916869,43.79995540901511],[4.429639973269184,43.79995709788425],[4.4296393688480125,43.79995875264876],[4.429638550120478,43.79996035834083],[4.429637524492162,43.799961900436564],[4.429636301240115,43.799963364987356],[4.429634891428949,43.799964738745935],[4.429633307810754,43.79996600928632],[4.429631564709749,43.799967165116136],[4.429629677892721,43.799968195780636],[4.429627664426409,43.799969091957166],[4.429625542523128,43.79996984553957],[4.429623331376035,43.799970449711545],[4.429621050985527,43.79997089900814],[4.42961872197832,43.799971189365394],[4.429616365420889,43.79997131815694],[4.429614002628904,43.799971284217804],[4.429396276332318,43.79996063898136],[4.429393811396886,43.79996042847445],[4.429391387752241,43.79996004091036],[4.4293890295794505,43.79995948015585],[4.429386760406369,43.79995875180563],[4.4293846028728785,43.79995786312659],[4.4293825785050105,43.7999568229852],[4.429380707500188,43.79995564175912],[4.429379008525698,43.79995433123361],[4.429377498532453,43.79995290448401],[4.429376192585866,43.79995137574519],[4.429375103715546,43.799949760269605],[4.429374242785296,43.7999480741751],[4.429373618384721,43.79994633428411],[4.429373236743538,43.799944557955726],[4.429373101669411,43.7999427629127],[4.429373214509975,43.7999409670644],[4.429384809814545,43.799853239885664],[4.429384380949491,43.7998530841582],[4.429382378629694,43.79985217521168],[4.429380504573582,43.79985113261098],[4.429378775730023,43.799849965785285],[4.429377207734587,43.79984868528736],[4.429375814768139,43.799847302697906],[4.429374609428587,43.799845830521036],[4.429373602616948,43.79984428207106],[4.429372803438762,43.79984267135206],[4.429372219121736,43.799841012931296],[4.429371854950385,43.799839321807454],[4.429371714218238,43.79983761327496],[4.429371798198045,43.799835902785695],[4.429382701916682,43.799741100627436],[4.429381292736505,43.79974075885754],[4.429364728227275,43.79973539356966],[4.429348962626983,43.7997288869379],[4.429334145395538,43.79972130064613],[4.429320417002022,43.799712706613455],[4.429307907592999,43.79970318631255],[4.4292967357587205,43.7996928299972],[4.429287007408881,43.799681735846576],[4.4292788147685815,43.79967000903466],[4.429272235504068,43.79965776073303],[4.429267331986458,43.79964510705698],[4.429264150700498,43.79963216796474],[4.4292627218039256,43.79961906612021],[4.42926305884161,43.79960592573009],[4.429269755216945,43.799533942335366],[4.4291282576121445,43.7994953044903],[4.429113744042605,43.7994907225054],[4.4285149,43.8001813]],[[4.429381263883029,43.800184097452856],[4.429378903258903,43.80018346918008],[4.429376642406485,43.80018267129832],[4.429374504485177,43.800181711980834],[4.429372511395116,43.80018060105454],[4.429370683552832,43.80017934989939],[4.429369039682104,43.80017797133178],[4.429367596622179,43.8001764794733],[4.429366369155246,43.80017488960603],[4.429365369855041,43.800173218016056],[4.429364608958034,43.80017148182654],[4.429364094258568,43.80016969882242],[4.429363831029023,43.80016788726819],[4.4293638219658105,43.800166065720745],[4.429366514149715,43.800124629035764],[4.429366747750483,43.800122872997434],[4.429367217597068,43.80012114196038],[4.429367919174991,43.80011945255707],[4.429368845743217,43.80011782101991],[4.4293699883989275,43.80011626302526],[4.429371336163059,43.800114793542896],[4.429372876085795,43.800113426692164],[4.429374593370994,43.80011217560624],[4.429376471518356,43.800111052305994],[4.42937849248196,43.80011006758449],[4.429380636843665,43.80010923090333],[4.429382883999674,43.800108550301566],[4.429385212358511,43.800108032318725],[4.429387599548478,43.80010768193173],[4.429390022632604,43.800107502507245],[4.42939245832904,43.80010749576923],[4.4293948832347505,43.80010766178248],[4.429502029506756,43.800118857170716],[4.42950447411477,43.80011920397318],[4.42950685849806,43.80011972631273],[4.429509158693684,43.800120418939905],[4.429511351584777,43.80012127489383],[4.42951341513288,43.800122285572186],[4.429515328599422,43.80012344081775],[4.429517072754137,43.80012472902029],[4.429518630068336,43.800126137233484],[4.429519984891067,43.800127651304834],[4.4295211236064,43.80012925601798],[4.429522034770276,43.800130935245626],[4.429522709225514,43.80013267211161],[4.4295231401938455,43.80013444916048],[4.429523323344033,43.800136248532986],[4.429523256835397,43.800138052145485],[4.42951923257148,43.800175906184336],[4.429518920270474,43.80017768294267],[4.42951836568994,43.80017942841965],[4.429517574322385,43.800181125328216],[4.429516554005436,43.80018275686227],[4.429515314844221,43.80018430686324],[4.4295138691112905,43.80018575998002],[4.42951223112507,43.80018710182103],[4.42951041710805,43.80018831909678],[4.429508445026124,43.80018939975143],[4.429506334410651,43.80019033308228],[4.429504106165024,43.800191109845656],[4.429501782357636,43.80019172234855],[4.429499386003321,43.80019216452479],[4.429496940835417,43.80019243199507],[4.429494471070707,43.8001925221104],[4.4294920011695815,43.80019243397825],[4.429386186946347,43.80018482123161],[4.42938370009743,43.800184549680864],[4.429381263883029,43.800184097452856]],[[4.42908168261405,43.80054919393191],[4.429126537994867,43.80055400606094],[4.429128894746306,43.800554343931694],[4.429131195433565,43.800554845066266],[4.429133418550375,43.800555504780185],[4.429135543315575,43.8005563169066],[4.42913754986737,43.80055727385393],[4.429139419448988,43.80055836667689],[4.4291411345840235,43.800559585160016],[4.429142679239794,43.80056091791324],[4.429143551506381,43.80056183818147],[4.429144339472286,43.800562024271585],[4.429146548228991,43.80056272386558],[4.429148652993477,43.80056357518781],[4.429150633955603,43.800564570225596],[4.429152472470461,43.800565699613564],[4.429154151233863,43.80056695272192],[4.429155654445205,43.80056831775634],[4.429156967956177,43.80056978186901],[4.429158079403947,43.800571331279684],[4.429158978327494,43.80057295140524],[4.4291596562660915,43.800574626996955],[4.429160106838931,43.800576342284096],[4.429160325805178,43.80057808112229],[4.429160311103889,43.80057982714553],[4.429160062873412,43.800581563920126],[4.429153396463226,43.80061315238008],[4.4291529080487075,43.80061488911893],[4.429152186148838,43.800616582641084],[4.429151237764736,43.80061821652239],[4.429150072094013,43.80061977491712],[4.42914870044158,43.80062124271163],[4.429147136109999,43.80062260567093],[4.429145394270486,43.80062385057676],[4.429143491815764,43.800624965355716],[4.429141447196244,43.800625939196486],[4.429139280241083,43.80062676265449],[4.429137011965884,43.800627427743684],[4.429134664368872,43.8006279280139],[4.4291322602175525,43.80062825861337],[4.429129822827915,43.800628416335904],[4.429127375838295,43.800628399651856],[4.429111204272682,43.80062771163221],[4.42910874746392,43.80062751794482],[4.429106329368491,43.80062714846194],[4.4291039739041596,43.80062660683824],[4.429101704369196,43.80062589843095],[4.429099543211928,43.80062503024708],[4.429097511808695,43.80062401087397],[4.42909563025242,43.800622850394376],[4.429093917153863,43.80062156028678],[4.429092389457535,43.80062015331186],[4.429091062274107,43.80061864338622],[4.429089948730936,43.80061704544478],[4.429089059842235,43.80061537529301],[4.429088404400114,43.800613649450625],[4.429087988887632,43.80061188498822],[4.429087817414662,43.800610099358344],[4.429087891677247,43.80060831022293],[4.429088184615096,43.80060668163636],[4.429069812830025,43.800604647692126],[4.429067408105435,43.800604292666776],[4.429065063461645,43.800603767563956],[4.429062801769231,43.80060307750577],[4.429060645089625,43.80060222922334],[4.429058614459919,43.80060123099107],[4.429056729687666,43.800600092546134],[4.429055009157661,43.800598824993415],[4.42905346965262,43.800597440697075],[4.429052126189457,43.8005959531601],[4.42905099187282,43.8005943768925],[4.429050077767255,43.800592727269795],[4.429049392789286,43.800591020383045],[4.429048943620432,43.80058927288189],[4.429048734642038,43.80058750181215],[4.429048767892534,43.80058572444948],[4.429049043047563,43.80058395813097],[4.429053517337044,43.80056409880962],[4.429054021826623,43.800562387703266],[4.429054753333716,43.80056072016372],[4.42905570494467,43.80055911195128],[4.429056867665587,43.80055757826551],[4.429058230507318,43.8005561336016],[4.429059780589337,43.80055479161339],[4.429061503261473,43.800553564984284],[4.429063382242369,43.80055246530745],[4.429065399773364,43.80055150297613],[4.429067536786337,43.800550687085554],[4.429069773083912,43.80055002534686],[4.429072087530363,43.80054952401429],[4.429074458251361,43.80054918782604],[4.429076862840717,43.8005490199595],[4.429079278572143,43.80054902200122],[4.42908168261405,43.80054919393191]]],[[[4.428283542374761,43.80030369260597],[4.428302924741446,43.80026473782595],[4.4283038776938755,43.80026308536726],[4.428305052661401,43.800261509682045],[4.4283064380109165,43.800260026370815],[4.428308020026374,43.800258650119474],[4.4283097830445834,43.800257394553995],[4.428311709610292,43.80025627210546],[4.428313780649003,43.80025529388693],[4.4283159756558295,43.80025446958353],[4.428318272898507,43.800253807356555],[4.428320649632559,43.80025331376251],[4.428323082326487,43.80025299368836],[4.428325546894747,43.80025285030309],[4.428327705085641,43.800252880617876],[4.429034997312768,43.79943908172113],[4.429030722565386,43.7994340715475],[4.42902390878757,43.799423919785454],[4.429015569851007,43.799428710513695],[4.429000333627156,43.79943583422877],[4.428984213597492,43.799441851608194],[4.428967362407474,43.79944670567152],[4.428949939626285,43.799450350454016],[4.428932110235803,43.799452751442026],[4.428914043068297,43.799453885899865],[4.428895909207675,43.799453743084925],[4.4288778803693925,43.79945232434959],[4.428863233920218,43.79945011232023],[4.4282448,43.800154],[4.428140302168063,43.800280132652155],[4.4281438259168295,43.80028077006393],[4.4281607672178955,43.80028512776453],[4.42819776715072,43.80029612773966],[4.42821435367991,43.800301763943416],[4.428230095981999,43.8003085525057],[4.428244841915613,43.80031642781861],[4.428258448968584,43.80032531377141],[4.428262175097352,43.8003282769699],[4.428283542374761,43.80030369260597]]]]},"properties":{"cle":"vivier:30047:004","nom":"30047:004","file":"vivier","sort":"ecartee"}},{"type":"Feature","geometry":{"type":"MultiPolygon","coordinates":[[[[4.425346717548118,43.80064035987265],[4.4253473639109595,43.80064077181979],[4.425347955019525,43.80064122521769],[4.425348485827509,43.80064171619568],[4.425443748381621,43.800738752391275],[4.425450575819357,43.80073685245352],[4.425451371551202,43.80073666030923],[4.425452187914977,43.80073652076979],[4.425453018295926,43.800736434965856],[4.425453855965717,43.800736403592644],[4.42545469413696,43.800736426904386],[4.425455526018203,43.80073650471218],[4.425577691732048,43.800752007713356],[4.425578547679603,43.80075214669346],[4.425935336162695,43.80082300290478],[4.426257881972221,43.80086642808831],[4.426258405514738,43.80086650991266],[4.426307690650204,43.80087529344612],[4.426317751623813,43.800841652460605],[4.426317642888652,43.800841658147384],[4.426315189541395,43.80084161065217],[4.426312754628696,43.800841388103585],[4.42631036190242,43.80084099267255],[4.426308034702906,43.80084042821638],[4.426222933904772,43.80081634082793],[4.426220711003623,43.800815618777236],[4.426218596407117,43.80081474253909],[4.426216610440884,43.80081372053595],[4.426214772194154,43.80081256259138],[4.426213099336262,43.80081127983558],[4.4262116079468115,43.80080988459855],[4.4262103123611185,43.800808390291344],[4.426209225032417,43.800806811277354],[4.4262083564121575,43.80080516273415],[4.426207714849554,43.80080346050765],[4.426207306511324,43.80080172095972],[4.426207135322413,43.80079996081101],[4.426207202928281,43.800798196980196],[4.426207508679073,43.80079644642129],[4.426208049635874,43.80079472596078],[4.426208820598956,43.80079305213582],[4.426248407139582,43.80071935567819],[4.426130532697984,43.8006871308593],[4.425950395526113,43.80063819254981],[4.42594818237056,43.80063750085806],[4.425946072156145,43.800636657111696],[4.425944084739126,43.800635669250006],[4.42594223882029,43.800634546568425],[4.425940551768975,43.800633299630874],[4.425939039459643,43.80063194017054],[4.425937716122498,43.8006304809794],[4.42593659420959,43.80062893578788],[4.425935684277647,43.80062731913555],[4.4259349948887365,43.800625646234494],[4.425934532529711,43.800623932826014],[4.425934301551156,43.80062219503258],[4.425934304126466,43.800620449206114],[4.425934540231386,43.80061871177412],[4.425935007644244,43.80061699908513],[4.42593570196686,43.80061532725484],[4.4259782686697955,43.80052836759238],[4.425978939594772,43.80052718907955],[4.425913474950346,43.80050803477403],[4.425913185981889,43.800508610079184],[4.42591213687994,43.800510196480275],[4.425910878977573,43.80051170112979],[4.425909424290263,43.80051310965529],[4.425907786713187,43.80051440860254],[4.42590598188848,43.80051558556396],[4.425904027055838,43.80051662929723],[4.425901940887839,43.800517529832604],[4.4258997433115725,43.800518278568134],[4.425897455318312,43.800518868351894],[4.425895098762996,43.800519293550266],[4.425892696155463,43.80051955010174],[4.4258902704454535,43.80051963555575],[4.425887844803379,43.800519549096045],[4.425885442399005,43.80051929154846],[4.425883086180123,43.800518865373114],[4.4258807986533695,43.800518274640844],[4.425814444205699,43.80049844188336],[4.425812294382874,43.80049771037037],[4.425810250812934,43.80049683353],[4.425808332168156,43.800495819374014],[4.4258065559793645,43.80049467716886],[4.425804938475745,43.80049341735097],[4.425803494436566,43.80049205143141],[4.425802237056123,43.80049059189069],[4.4258011778232005,43.80048905206481],[4.425800326416086,43.80048744602326],[4.425799690614141,43.80048578844058],[4.425799276226722,43.800484094462234],[4.425799087040104,43.800482379566276],[4.4257991247828805,43.80048065942186],[4.425799389110173,43.800478949746044],[4.42579987760678,43.80047726616031],[4.425800681397507,43.80047503237771],[4.425475388142111,43.80037985358409],[4.425438933814514,43.800448473774004],[4.4254316106780776,43.80046048117176],[4.425422711883343,43.800471916593914],[4.4254123215864505,43.80048267189415],[4.425400538049027,43.800492645358126],[4.425387472708944,43.800501742665425],[4.42537324912643,43.80050987778139],[4.4253580018155665,43.80051697377109],[4.425341874972151,43.8005229635266],[4.425325021110003,43.80052779040188],[4.425307599618616,43.800531408748355],[4.425305140934965,43.80053173643741],[4.425280399908509,43.80059104246759],[4.425276238869349,43.800599466500785],[4.425346717548118,43.80064035987265]]],[[[4.426188000000001,43.801029800000016],[4.426182900000001,43.80094620000002],[4.4262448,43.800919500000006],[4.4263040287074045,43.80093053555835],[4.4263023867151805,43.800922127538186],[4.426301644556589,43.80090849808085],[4.426302805313462,43.80089488396168],[4.426304234999978,43.800888578461276],[4.426254212699014,43.80087966355125],[4.425931546004707,43.80083622209096],[4.425930784917799,43.80083609551806],[4.425574042933545,43.80076524854086],[4.425454851260276,43.80075012295061],[4.425443684950305,43.800753230308224],[4.425443573245193,43.800753256916565],[4.425443464514687,43.800753289351285],[4.4254433840481955,43.80075330690261],[4.425443305780283,43.80075332906391],[4.4254430594083125,43.80075337931339],[4.425442816266298,43.800753437230256],[4.425442701498072,43.80075345578028],[4.425442588901871,43.80075348033973],[4.425442506447638,43.80075349209404],[4.425442425557523,43.800753508592216],[4.425442173571906,43.800753541109174],[4.425441923762583,43.80075358148595],[4.425441807036607,43.80075359179898],[4.425441691658988,43.80075360824672],[4.42544160801118,43.80075361409081],[4.425441525277794,43.800753624766976],[4.4254412701049,43.8007536392383],[4.4254410160344575,43.80075366168609],[4.4254408984748,43.800753663662825],[4.425440781426983,43.80075367184041],[4.425079511718739,43.80076599842031],[4.425027293644339,43.80109034255554],[4.425890300000001,43.80108570000001],[4.426188000000001,43.801029800000016]]],[[[4.4249773225958355,43.801089946850624],[4.4250307684670895,43.80075797823371],[4.42503116941388,43.80075623606446],[4.425031804196897,43.800754530748385],[4.425032666702817,43.800752878708586],[4.42503374862522,43.80075129585514],[4.425035039544586,43.80074979743175],[4.425036527028648,43.80074839786907],[4.425038196752115,43.80074711064564],[4.425040032634636,43.80074594815812],[4.425042016995663,43.80074492160186],[4.4250441307247215,43.800744040863194],[4.425046353465453,43.80074331442409],[4.425048663811668,43.80074274928055],[4.425051039513485,43.800742350875204],[4.425053457691616,43.80074212304491],[4.425055721041561,43.800742071914925],[4.4250877945790155,43.80068641961484],[4.425078483077575,43.80068590345317],[4.425060093313999,43.80068352561007],[4.425012729173258,43.800675608907525],[4.4249918099516625,43.80073505364463],[4.424991092283648,43.80073674197658],[4.424990149548925,43.800738371217236],[4.424988990829929,43.800739925670236],[4.42498762728992,43.80074139035977],[4.424986072065442,43.80074275117477],[4.424984340139755,43.80074399500492],[4.424982448198493,43.800745109866966],[4.424980414468909,43.80074608502019],[4.424978258544265,43.80074691106978],[4.4249760011950805,43.800747580057426],[4.424973664169008,43.80074808553803],[4.424971269981333,43.80074842264169],[4.424968841698035,43.80074858812071],[4.424966402713587,43.800748580380834],[4.424963976525551,43.80074839949659],[4.4249615865082115,43.80074804721073],[4.424770582154668,43.80071274259783],[4.424768251766399,43.80071222241302],[4.424766002995947,43.80071153929317],[4.424763857500212,43.80071069981705],[4.424761835941506,43.80070971206934],[4.424759957788551,43.80070858556255],[4.424758241128991,43.8007073311456],[4.424756702495196,43.80070596089921],[4.424755356705047,43.80070448801958],[4.424754216719229,43.80070292669138],[4.424753293516416,43.80070129195107],[4.424752595987543,43.800699599542085],[4.424752130850171,43.80069786576324],[4.424751902583811,43.80069610731181],[4.424751913386768,43.80069434112263],[4.424752163154983,43.80069258420506],[4.42475264948303,43.80069085347917],[4.424763832192663,43.80065911572845],[4.424763713792033,43.80065903418835],[4.424762073009057,43.80065764919148],[4.4247606343119,43.800656150966205],[4.424759412493241,43.80065455491725],[4.42475842011581,43.80065287745525],[4.424757667383221,43.80065113582784],[4.42475716203505,43.80064934794245],[4.424756909267268,43.800647532182154],[4.42475691167881,43.80064570721658],[4.424757169244857,43.800643891810054],[4.424757679317088,43.80064210462858],[4.424760772432846,43.80063349509253],[4.4247130925584885,43.800625525471865],[4.424695664478112,43.80062195828259],[4.42467879673674,43.80061718271615],[4.424662648625847,43.80061124387093],[4.424657734584064,43.80060897727211],[4.424657742536595,43.80060971921147],[4.424657524874462,43.80061146863682],[4.424657072796681,43.800613194362626],[4.424642044449426,43.80065839223873],[4.424641353464253,43.80066009615898],[4.424640433990321,43.80066174246079],[4.424639294980105,43.800663315114925],[4.424637947523598,43.800664798809166],[4.424636404740345,43.80066617909749],[4.424634681651695,43.80066744254064],[4.42463279503456,43.800668576837104],[4.424630763258043,43.80066957094269],[4.424628606104614,43.80067041517829],[4.424626344577474,43.80067110132398],[4.42462400069607,43.80067162269907],[4.4246215972816945,43.800671974227136],[4.424619157735286,43.80067215248555],[4.424616705809587,43.800672155738674],[4.424614265377871,43.800671983954835],[4.424611860201499,43.80067163880662],[4.4245794050851845,43.800665762742874],[4.4245770838161365,43.8006652541195],[4.4245748420571855,43.80066458402798],[4.424572701161416,43.80066375885104],[4.424570681521176,43.80066278644865],[4.424568802373831,43.80066167608303],[4.424567081618528,43.800660438330596],[4.424565535645701,43.80065908498116],[4.42456417918096,43.80065762892553],[4.424563025144811,43.800656084032866],[4.424562084529597,43.8006544650185],[4.4245613662948,43.80065278730375],[4.424560877281685,43.80065106686912],[4.424560622148154,43.80064932010197],[4.424560603324366,43.80064756364056],[4.424560820989601,43.80064581421536],[4.424561273070545,43.80064408848991],[4.424576301477874,43.80059889062536],[4.424576992464245,43.800597186705595],[4.424577911938965,43.80059554040438],[4.42457905094952,43.800593967750956],[4.424580398405886,43.800592484057496],[4.424581356208294,43.80059162713661],[4.42458103091413,43.80059165003612],[4.42457859119356,43.800591647681216],[4.424576163551113,43.800591472052204],[4.424573771388925,43.80059112484211],[4.423694957660274,43.80043070041427],[4.423692623229685,43.80043018473701],[4.42369036990353,43.80042950568033],[4.423688219419118,43.80042866979489],[4.423686192521666,43.80042768514431],[4.423684308764169,43.800426561227276],[4.423682586318786,43.800425308885956],[4.423681041801529,43.800423940201384],[4.423679690111978,43.80042246837693],[4.423678544289548,43.80042090761094],[4.4236776153877,43.800419272959786],[4.423676912367304,43.80041758019252],[4.423676442010215,43.80041584563886],[4.423676208853829,43.80041408603165],[4.42367621514733,43.8004123183454],[4.4236764608299834,43.800410559632525],[4.423676943531729,43.80040882685892],[4.423681449921551,43.80039594880946],[4.423603796426177,43.80037998759779],[4.423653800000001,43.8004413],[4.423785499999999,43.8005473],[4.423951000000001,43.80065940000001],[4.4241182,43.8007385],[4.424122100000001,43.80075320000001],[4.424135152955186,43.80075854041071],[4.424135269810637,43.80075803468139],[4.424135904006149,43.80075633371348],[4.424136764793617,43.80075468580972],[4.424137843923567,43.80075310676298],[4.4241679364276,43.80071401235782],[4.424167982926874,43.80071395819513],[4.424168022650677,43.80071390126837],[4.424183249385739,43.800694444783154],[4.4241900585995015,43.800684119696136],[4.424191184133817,43.800682603929964],[4.424192504420413,43.800681172961916],[4.424194007385658,43.80067983987778],[4.424195679285379,43.80067861686823],[4.424197504830554,43.80067751511729],[4.42419946732712,43.800676544700124],[4.424201548828646,43.800675714490914],[4.424203730300432,43.80067503208167],[4.4242059917935865,43.80067450371282],[4.4242083126274485,43.80067413421611],[4.424210671578706,43.800673926970475],[4.424213047075475,43.800673883871156],[4.4242154173945725,43.80067400531225],[4.424217760860158,43.800674290183196],[4.4242200560419604,43.80067473587897],[4.424222281951247,43.80067533832381],[4.424224418232759,43.80067609200855],[4.424250774164864,43.80068654801277],[4.424252913796591,43.800687501738075],[4.424254909528735,43.800688607072196],[4.4242567409602485,43.80068985271606],[4.424258389369605,43.80069122593624],[4.424259837906204,43.80069271269526],[4.424261071762596,43.80069429779495],[4.424262078325868,43.80069596503188],[4.424262847306566,43.800697697362985],[4.424263370843889,43.80069947707982],[4.424263643586037,43.80070128598947],[4.42426366274492,43.80070310560068],[4.42426342812467,43.80070491731274],[4.424262942123627,43.80070670260571],[4.42426220970984,43.800708443229716],[4.424261238370275,43.80071012139149],[4.424260038034281,43.8007117199363],[4.424258196449911,43.800713901872356],[4.424284381533295,43.800723807089994],[4.424284628545422,43.80072361778882],[4.42428648302949,43.8007224521213],[4.4242884872997825,43.80072142470991],[4.42429062178545,43.80072054558685],[4.424292865644141,43.800719823336394],[4.424295196965526,43.800719265011026],[4.4242975929852495,43.80071887606253],[4.424300030307195,43.80071866028885],[4.424302485131954,43.80071861979689],[4.424304933489214,43.80071875498207],[4.424307351471812,43.80071906452435],[4.424309715469177,43.80071954540118],[4.4243120023978815,43.80072019291701],[4.42431418992704,43.8007210007491],[4.424442265557018,43.80077422903443],[4.424444268376988,43.80077515634841],[4.424446139696305,43.8007762180281],[4.424447862390343,43.800777404358016],[4.424449420694549,43.80077870448191],[4.424450800348722,43.80078010650223],[4.424451988727493,43.80078159758895],[4.424452974955881,43.800783164097],[4.424453750008793,43.800784791691086],[4.424454306793622,43.800786465476975],[4.424454640215158,43.80078817013763],[4.424454747222206,43.80078989007356],[4.4244546268355105,43.800791609545456],[4.424454397263112,43.80079273746108],[4.424473299208178,43.80080106587674],[4.424475278016031,43.80080203510609],[4.424477119183948,43.8008031374781],[4.424478805696458,43.80080436280507],[4.424480321967358,43.80080569976287],[4.424481653983762,43.80080713599581],[4.424482789435601,43.800808658230686],[4.424483717829383,43.800810252399515],[4.424484430585181,43.80081190376952],[4.424484921115921,43.800813597079255],[4.424485184888257,43.800815316679724],[4.424485219464472,43.80081704667892],[4.4244850245250005,43.80081877108878],[4.424484601871392,43.80082047397285],[4.424483955409652,43.800822139593606],[4.424483091114155,43.800823752557974],[4.424482016972422,43.800825297959406],[4.424442278031497,43.80087621889089],[4.4244409782816145,43.80087770897883],[4.424439483527928,43.80087909983991],[4.424437808106137,43.800880378134806],[4.42443596808467,43.80088153160379],[4.42443587921947,43.80088157711395],[4.424454527569999,43.800889206704305],[4.4244546254796004,43.800889070034074],[4.424491991995993,43.80084268024689],[4.424493312783172,43.80084121011961],[4.424494824874808,43.80083984009107],[4.424496513909733,43.80083858317322],[4.424498363846261,43.80083745130367],[4.424500357114531,43.8008364552324],[4.424502474783393,43.80083560441962],[4.424504696740198,43.80083490694599],[4.424507001881819,43.80083436943577],[4.424509368315081,43.80083399699397],[4.424511773564691,43.80083379315793],[4.424514194786699,43.80083375986352],[4.424516608985455,43.800833897427],[4.424518993232012,43.80083420454184],[4.424521324881896,43.800834678291196],[4.424523581790168,43.80083531417565],[4.424525742521751,43.80083610615582],[4.424633718555244,43.80088059658809],[4.424635812297864,43.8008815626223],[4.424637762509808,43.80088267514592],[4.424639549726746,43.800883923055224],[4.424641156111132,43.80088529389533],[4.424642565630242,43.800886773984395],[4.424643764216181,43.800888348550195],[4.424644629618543,43.80088981499273],[4.424679683222166,43.80090453542417],[4.424680544597982,43.80090447570144],[4.424682911933072,43.80090447547512],[4.4246852685547,43.80090463841476],[4.4246875930737115,43.800904963041475],[4.424689864392326,43.80090544640889],[4.424692061895611,43.80090608412988],[4.424694165638597,43.80090687041634],[4.424804671262294,43.80095312768365],[4.424806740985081,43.80095409627045],[4.424808668079149,43.80095520856809],[4.424810433593668,43.80095645363834],[4.4248120201667565,43.8009578192373],[4.42481341219622,43.80095929193583],[4.42481459599298,43.800960857251596],[4.424815559915693,43.80096249979146],[4.424816294485231,43.80096420340283],[4.424816792477893,43.80096595133261],[4.424817048996454,43.80096772639181],[4.424817061518315,43.800969511124734],[4.424816829920314,43.80097128798052],[4.424816356479939,43.80097303948568],[4.424815645852933,43.80097474841615],[4.424814705027504,43.8009763979665],[4.424813543255616,43.80097797191518],[4.424777576877929,43.801021374883234],[4.424838499999999,43.8010463],[4.4249773225958355,43.801089946850624]]]]},"properties":{"cle":"vivier:30047:005","nom":"30047:005","file":"vivier","sort":"ecartee"}},{"type":"Feature","geometry":{"type":"Polygon","coordinates":[[[4.438774,43.7909],[4.43768,43.790446],[4.437905,43.790171],[4.439155,43.790714],[4.438951,43.790745],[4.438892,43.790828],[4.438774,43.7909]]]},"properties":{"cle":"vivier:30047:003","nom":"30047:003","file":"vivier","sort":"retenue"}},{"type":"Feature","geometry":{"type":"MultiPolygon","coordinates":[[[[4.4235207999999995,43.799804199999976],[4.423524400000001,43.799791500000005],[4.423479,43.799802299999996],[4.4234418,43.7998267],[4.4234227,43.79985050000001],[4.423418809122397,43.7998846444413],[4.423454651989265,43.799879439187116],[4.423457036453432,43.79987917933144],[4.423459444464706,43.799879088095935],[4.4234618533473125,43.79987916633973],[4.42346424041727,43.799879413326046],[4.423466583196003,43.79987982672903],[4.4234672513287245,43.79987999576396],[4.423475460881093,43.7998554274732],[4.423476148264649,43.79985373710609],[4.423477060583989,43.799852103529545],[4.423478189093149,43.79985054240392],[4.423479522973663,43.79984906869487],[4.42348104943828,43.79984769653013],[4.423482753853539,43.799846439063955],[4.423484619880064,43.79984530835101],[4.423486629629196,43.7998443152309],[4.4234887638344835,43.799843469224115],[4.42349100203638,43.79984277844096],[4.423493322778378,43.79984224950356],[4.423495703812703,43.79984188748262],[4.423498122313591,43.79984169584858],[4.423500555096102,43.79984167643861],[4.4235029788383935,43.799841829438755],[4.423505370305278,43.799842153382265],[4.423675096397251,43.799871437845496],[4.423677445931826,43.799871932936945],[4.42367971684378,43.79987259300473],[4.423681887111475,43.79987341164798],[4.42368393568925,43.79987438092816],[4.423685842711493,43.79987549144584],[4.423687589685295,43.79987673243205],[4.423689159669775,43.79987809185264],[4.423690537440362,43.799879556524914],[4.42369170963643,43.79988111224557],[4.4236926648908605,43.79988274392837],[4.423693393940278,43.79988443575044],[4.423693889714872,43.79988617130573],[4.423694147406959,43.799887933764104],[4.4236941645176096,43.79988970603448],[4.423693940880873,43.79989147093072],[4.423693478665394,43.79989321133811],[4.423687169497561,43.79991194205651],[4.423697718288763,43.799916340955875],[4.42369965091768,43.79991723532692],[4.4237185306644315,43.79992688906277],[4.423719585541343,43.79992745936257],[4.423733451600271,43.79993537852051],[4.423735316785637,43.799936557507465],[4.423741639905284,43.79994097506607],[4.423743995773106,43.79994287228008],[4.423759260868227,43.79995707336394],[4.423761154500804,43.799959107124245],[4.423767567228521,43.799967123626395],[4.4237680880411006,43.799967808574195],[4.423780958304456,43.799985641049965],[4.423782042388515,43.799987356568664],[4.423789854155854,43.80000165499848],[4.42379054431872,43.800003093317606],[4.423791064149455,43.80000456874393],[4.423791409927007,43.80000607071608],[4.423794320002228,43.80002313325494],[4.423794471592799,43.80002437319337],[4.4237963410565575,43.80004954958409],[4.423796324264626,43.8000516871382],[4.423795350855094,43.8000625001989],[4.42379508696394,43.80006419277806],[4.423794603335983,43.80006585970776],[4.423793904303128,43.80006748605705],[4.42378810289792,43.80007902797873],[4.423781139747349,43.80009418276909],[4.423780314065988,43.80009573606261],[4.423779293796002,43.80009722746588],[4.423721891788496,43.80017220672724],[4.423691270389712,43.80021863885689],[4.4236625163329775,43.800266458155136],[4.423746548945721,43.80028188407409],[4.423746728539557,43.800281923912536],[4.423746909075247,43.80028195226632],[4.423859292322177,43.800303885140224],[4.423861580272057,43.80030441886643],[4.423863786318666,43.80030511020834],[4.423865889819357,43.80030595269685],[4.423867871091041,43.80030693844854],[4.423869711594349,43.80030805823942],[4.423871394107128,43.80030930159129],[4.423872902885588,43.80031065686973],[4.423874223811617,43.800312111393005],[4.423875344524894,43.800313651550645],[4.423876254538546,43.800315262930965],[4.423876945337281,43.80031693045578],[4.423877410457062,43.80031863852156],[4.423877645545603,43.80032037114539],[4.423877648403085,43.80032211211457],[4.423877419002748,43.80032384513835],[4.423876959491143,43.80032555400027],[4.423872407215904,43.80033898443867],[4.424220757543512,43.80040357712542],[4.424222058683974,43.80040225342812],[4.424223633055586,43.80040094100823],[4.424225374919843,43.80039974473815],[4.424227268021936,43.80039867578123],[4.42422929469573,43.800397744112885],[4.424231436028618,43.80039695842722],[4.424233672038021,43.80039632605619],[4.424235981857853,43.80039585290092],[4.4242383439332436,43.80039554337688],[4.424240736221683,43.80039540037245],[4.424243136398717,43.80039542522215],[4.42424552206628,43.80039561769408],[4.424247870961705,43.80039597599212],[4.424398943158208,43.80042460305557],[4.424401200476241,43.80042511508854],[4.424403380346549,43.800425780261314],[4.424405463015704,43.80042659254629],[4.4244074296111,43.80042754458274],[4.4244092623119515,43.80042862774357],[4.424410944510788,43.800429832213446],[4.424412460963949,43.80043114707779],[4.4244137979297165,43.80043256042161],[4.4244149432928355,43.800434059437585],[4.4244158866743035,43.80043563054199],[4.424416619525423,43.800437259497876],[4.424417135205261,43.800438931544086],[4.42441734316215,43.80044013467803],[4.424477060973903,43.80045050080358],[4.424481587340263,43.8004371463868],[4.424482295841369,43.80043543001612],[4.424483236417442,43.800433773163356],[4.424484399749506,43.80043219224415],[4.424485774311599,43.800430702921766],[4.424487346484952,43.80042931995197],[4.424489100692932,43.800428057036804],[4.424491019555356,43.80042692668885],[4.424493084060704,43.80042594010727],[4.42449527375447,43.80042510706683],[4.424497566941822,43.80042443582099],[4.424499940902552,43.80042393302032],[4.424502372116168,43.80042360364637],[4.42450483649494,43.8004234509625],[4.424507309622551,43.80042347648142],[4.424509766995996,43.80042367995034],[4.424512184268364,43.80042405935334],[4.4245811304905525,43.80043751446022],[4.424647330618531,43.80021416381505],[4.4244555299777515,43.80018920050095],[4.42445241860396,43.80019732582899],[4.4238009060069805,43.80008253346776],[4.423867712959917,43.799871054102205],[4.424251881017453,43.79993742356503],[4.424253609108345,43.799931900207945],[4.4235207999999995,43.799804199999976]]],[[[4.423877900000001,43.79930050000001],[4.4238074,43.7992983],[4.4237422,43.799328300000006],[4.423646895289376,43.79946573500372],[4.423706719114568,43.79947689714124],[4.423709043825698,43.799477420074126],[4.423711286738203,43.79947810525071],[4.423713426326924,43.79947894609536],[4.423715442058292,43.79947993453857],[4.42371731458739,43.79948106109423],[4.423717511463469,43.79948120533912],[4.423718005815387,43.79948109317656],[4.423720448168784,43.79948072873665],[4.423722928654586,43.79948054343545],[4.423725422291687,43.79948053913908],[4.423727903966541,43.799480715890866],[4.4237303486860675,43.7994810719107],[4.423999988656414,43.79953065152607],[4.424214671647305,43.79957014206113],[4.424307010266025,43.79958692963463],[4.4243093156588955,43.799587435971084],[4.424311542521856,43.799588101624444],[4.424313669923882,43.79958892033803],[4.42431567786881,43.79958988441647],[4.424317547483289,43.79959098479806],[4.424319261194182,43.79959221113996],[4.424320802893738,43.79959355191537],[4.424322158090993,43.799594994521904],[4.42432331404798,43.799596525400005],[4.424324259899455,43.799598130160426],[4.424324986755023,43.79959979371952],[4.424325487782704,43.799601500440914],[4.424325758273149,43.799603234282536],[4.424325795683905,43.79960497894746],[4.424325599663313,43.799606718036955],[4.4243251720538215,43.79960843520474],[4.424320561740474,43.799622895904385],[4.424320460224259,43.79962315528717],[4.4243203849437,43.799623415131684],[4.424284341210422,43.799722889247704],[4.42428361051075,43.799724567092525],[4.424282657125268,43.79972618524709],[4.424281490164297,43.79972772824867],[4.424280120779045,43.799729181352646],[4.424278562055041,43.799730530673514],[4.424276828887102,43.79973176331745],[4.4242749378369925,43.79973286750556],[4.42427290697517,43.79973383268648],[4.424270755708105,43.79973464963713],[4.4242685045928365,43.79973531055091],[4.424266175140535,43.79973580911229],[4.424263789610946,43.79973614055709],[4.424261370799677,43.79973630171813],[4.424258941820368,43.79973629105535],[4.424256525883826,43.7997361086707],[4.424254146076222,43.799735756306944],[4.424142200695462,43.79971500582484],[4.424132941899045,43.799741465919084],[4.424133890535014,43.799742036931455],[4.424135615968593,43.799743304077765],[4.424137160175686,43.79974468845962],[4.424138508055914,43.799746176539564],[4.424139646428732,43.79974775376608],[4.424140564162294,43.79974940471592],[4.424141252282326,43.799751113244916],[4.424141704059873,43.799752862645846],[4.424141915077111,43.79975463581181],[4.424141883270538,43.799756415403536],[4.42414160895116,43.799758184018856],[4.4241410948014455,43.79975992436298],[4.424111380739145,43.79984074087805],[4.424205476806345,43.79985818644894],[4.424204797070869,43.7998574301843],[4.424203665644074,43.79985584864146],[4.424202755602979,43.79985419383824],[4.424202075861666,43.799852481983876],[4.424201633078365,43.79985072984643],[4.424201431590236,43.79984895458858],[4.424201473370885,43.799847173599446],[4.42420175801104,43.799845404324294],[4.424202282722551,43.79984366409366],[4.424212768070838,43.79981562620644],[4.424213512960215,43.79981396022478],[4.424214477861068,43.79981235456228],[4.424215653638458,43.79981082442],[4.42421702916103,43.799809384284195],[4.424218591406401,43.7998080477889],[4.424220325584455,43.799806827587005],[4.4242222152773465,43.799805735230436],[4.4242242425949465,43.79980478106075],[4.424226388344204,43.79980397411128],[4.424228632210857,43.79980332202156],[4.424230952951745,43.79980283096509],[4.424233328595922,43.799802505590804],[4.424235736652672,43.799802348979064],[4.424238154324412,43.79980236261257],[4.424240558722539,43.799802546362244],[4.42424292708411,43.79980289848849],[4.424291165367502,43.79981186191042],[4.424334245224064,43.7996741683212],[4.42433431504052,43.79967394604144],[4.4243693153747445,43.79956294610188],[4.424374244095772,43.79955022107492],[4.424380867303115,43.79953790615402],[4.424389121501753,43.79952611939725],[4.424398927561167,43.79951497379924],[4.424410191473957,43.79950457620815],[4.424422805257078,43.79949502630115],[4.4244355899546175,43.79948707376312],[4.423877900000001,43.79930050000001]]]]},"properties":{"cle":"vivier:30047:008","nom":"30047:008","file":"vivier","sort":"ecartee"}},{"type":"Feature","geometry":{"type":"MultiPolygon","coordinates":[[[[4.425054509192704,43.79421638746796],[4.424662305973469,43.79430162114836],[4.424466204363854,43.794386854707184],[4.424466204363853,43.794472088144445],[4.425054509192705,43.79435844353443],[4.425054509192704,43.79421638746796]]],[[[4.424779966939241,43.79464255465428],[4.424701526295394,43.79455732146015],[4.424426984041928,43.7945004992632],[4.424270102754234,43.79458573253836],[4.424254414625465,43.794835749444246],[4.424701526295394,43.79486984257765],[4.424779966939241,43.79464255465428]]]]},"properties":{"cle":"vivier:30047:002","nom":"30047:002","file":"vivier","sort":"ecartee"}},{"type":"Feature","geometry":{"type":"Polygon","coordinates":[[[4.427969560492783,43.79415049451454],[4.42849975079298,43.794170712652424],[4.428583465050906,43.79408984005979],[4.428569512674585,43.79390787632621],[4.428109084255993,43.793924050902746],[4.427997465245425,43.79398874916508],[4.427969560492783,43.79415049451454]]]},"properties":{"cle":"vivier:30047:012","nom":"30047:012","file":"vivier","sort":"ecartee"}},{"type":"Feature","geometry":{"type":"Polygon","coordinates":[[[4.435182809829713,43.79255218117149],[4.435676336288452,43.792556053477554],[4.435687065124512,43.79233920395152],[4.435408115386962,43.79231597002707],[4.435182809829712,43.79232371466958],[4.435182809829713,43.79255218117149]]]},"properties":{"cle":"vivier:30047:016","nom":"30047:016","file":"vivier","sort":"ecartee"}},{"type":"Feature","geometry":{"type":"Polygon","coordinates":[[[4.433393776416779,43.792437948029686],[4.4335225224494925,43.79242633108779],[4.433694183826446,43.79227531063755],[4.433447420597077,43.792166885463566],[4.4332221150398246,43.792019736698535],[4.433291852474212,43.79220948109109],[4.433393776416779,43.792437948029686]]]},"properties":{"cle":"vivier:30047:018","nom":"30047:018","file":"vivier","sort":"ecartee"}},{"type":"Feature","geometry":{"type":"Polygon","coordinates":[[[4.4220829010009775,43.80101257125919],[4.422125816345216,43.80107064760042],[4.422442317008971,43.801171313124776],[4.422576427459716,43.801171313124776],[4.422608613967896,43.8010745193545],[4.422115087509154,43.80099321246626],[4.4220829010009775,43.80101257125919]]]},"properties":{"cle":"vivier:30047:021","nom":"30047:021","file":"vivier","sort":"ecartee"}},{"type":"Feature","geometry":{"type":"Polygon","coordinates":[[[4.4354671239852905,43.79889274616943],[4.435992836952209,43.79874561396557],[4.4356924295425415,43.79863720053092],[4.4356387853622445,43.79864107244268],[4.435660243034363,43.79869527918109],[4.4354671239852905,43.79889274616943]]]},"properties":{"cle":"vivier:30047:024","nom":"30047:024","file":"vivier","sort":"ecartee"}},{"type":"Feature","geometry":{"type":"Polygon","coordinates":[[[4.474185460712761,43.905016517155374],[4.474754137918353,43.905029501177566],[4.474891817662865,43.90489966082808],[4.47469427715987,43.904821756482434],[4.474670332856476,43.90477414822105],[4.474394973367453,43.90473086795034],[4.474203418940306,43.90477847624635],[4.474185460712761,43.905016517155374]]]},"properties":{"cle":"vivier:30057:004","nom":"30057:004","file":"vivier","sort":"ecartee"}},{"type":"Feature","geometry":{"type":"Polygon","coordinates":[[[4.4734553,43.9042163],[4.4734572,43.90422830000001],[4.4737458,43.90420170000002],[4.4739894,43.90375019999998],[4.473847293663668,43.90368800150703],[4.473770760477169,43.9037583384868],[4.473769860452296,43.90375910507294],[4.473677712339789,43.903831911281],[4.473518050863469,43.90398369804728],[4.473496631148243,43.90400576142525],[4.4734769000000005,43.9040277],[4.473415999999999,43.904111300000004],[4.473414660684573,43.90411776792171],[4.473471086616096,43.90412800405768],[4.473473395530328,43.90412851006474],[4.473475625852792,43.90412917529878],[4.473477756634109,43.904129993511226],[4.473479767859878,43.90413095701666],[4.4734816406386875,43.9041320567649],[4.473483357379544,43.90413328242601],[4.47348490195712,43.90413462248737],[4.473486259863207,43.90413606436181],[4.473487418343,43.90413759450582],[4.473488366514895,43.90413919854678],[4.473489095472712,43.904140861417986],[4.473489598369338,43.90414256750005],[4.473489870481046,43.9041443007678],[4.473489909251878,43.90414604494067],[4.473489714317637,43.90414778363565],[4.4734892875093175,43.9041495005212],[4.473478923328416,43.90418204386147],[4.473478250553444,43.90418376172699],[4.473477345693681,43.90418542294827],[4.473476217652766,43.904187011179204],[4.473474877530396,43.90418851079185],[4.473473338513119,43.9041899070303],[4.4734716157445735,43.90419118615584],[4.473469726176481,43.90419233558208],[4.473467688401848,43.904193343998884],[4.473465522472004,43.9041942014836],[4.4734632496993125,43.90419489959875],[4.473460892447449,43.90419543147498],[4.4734584739113545,43.904195791878735],[4.473456017888995,43.90419597726368],[4.473453548547199,43.90419598580572],[4.473451090183855,43.904195817420735],[4.4734486669888245,43.90419547376565],[4.47344630280592,43.90419495822195],[4.473434643962425,43.90419195221748],[4.4734353,43.9042181],[4.4734553,43.9042163]]]},"properties":{"cle":"vivier:30057:010","nom":"30057:010","file":"vivier","sort":"ecartee"}},{"type":"Feature","geometry":{"type":"Polygon","coordinates":[[[4.472017027437688,43.9018290855242],[4.472389547154307,43.90186527664229],[4.472639746963977,43.90182908552421],[4.472639746963978,43.90168029958537],[4.472472947090865,43.90166823584426],[4.472028147429228,43.901628023356395],[4.472017027437688,43.9018290855242]]]},"properties":{"cle":"vivier:30057:007","nom":"30057:007","file":"vivier","sort":"ecartee"}},{"type":"Feature","geometry":{"type":"Polygon","coordinates":[[[4.4729000329971305,43.90314727153329],[4.473457932472229,43.90315886693132],[4.473479390144348,43.902954014567364],[4.473452568054199,43.90276075697406],[4.4733667373657235,43.9027452963395],[4.473313093185425,43.90291536309889],[4.47320580482483,43.903027452288335],[4.472980499267578,43.903008126581064],[4.4729000329971305,43.90314727153329]]]},"properties":{"cle":"vivier:30057:008","nom":"30057:008","file":"vivier","sort":"ecartee"}},{"type":"Feature","geometry":{"type":"Polygon","coordinates":[[[4.472057819366454,43.902785880496666],[4.4721758365631095,43.90279361080918],[4.47217583656311,43.90275109407794],[4.472368955612183,43.90275495923657],[4.47241723537445,43.90278588049668],[4.4724977016448975,43.902727903120834],[4.472540616989136,43.90261581336738],[4.472267031669618,43.90257716167937],[4.472057819366454,43.902538509966206],[4.472057819366454,43.902785880496666]]]},"properties":{"cle":"vivier:30057:015","nom":"30057:015","file":"vivier","sort":"ecartee"}},{"type":"Feature","geometry":{"type":"Polygon","coordinates":[[[4.3817782,43.7927124],[4.3821197,43.79268160000001],[4.3822459,43.79267770000001],[4.382282399999999,43.792656599999994],[4.3823052,43.79261540000001],[4.3823032,43.792602999999986],[4.382285,43.792574],[4.3822092,43.792529599999995],[4.3816279,43.79229180000001],[4.3815865,43.79228839999999],[4.381481800000001,43.7923146],[4.381061000000001,43.79264450000001],[4.381045299999999,43.79267320000001],[4.3810465999999995,43.7926976],[4.381079499999999,43.7927222],[4.3811148,43.79273160000001],[4.3813833,43.79276070000001],[4.3817782,43.7927124]],[[4.381205779949198,43.792713454363415],[4.3812033756993864,43.792713833576265],[4.381200931458683,43.7927140386603],[4.3811984712004755,43.792714067604045],[4.381196019055246,43.792713920123596],[4.381193599073908,43.79271359766549],[4.381191234991904,43.7927131033924],[4.381188949996413,43.79271244215225],[4.381186766498917,43.79271162043052],[4.381184705915395,43.79271064628676],[4.381182788456267,43.79270952927549],[4.381134829016325,43.79267863644191],[4.381134077273485,43.7926781007423],[4.381133320517574,43.79267757876907],[4.3811193969364295,43.7926669550082],[4.381117793683615,43.79266560360383],[4.381116382767653,43.79266414398078],[4.3811151780187005,43.79266259044663],[4.381114191246011,43.79266095822957],[4.381113432122177,43.79265926332901],[4.3811129080883084,43.79265752235881],[4.381112624281103,43.792655752384434],[4.381112583482492,43.79265397075563],[4.3811127860923715,43.79265219493638],[4.381113230124682,43.792650442333745],[4.381113911226884,43.792648730127205],[4.381114822722614,43.79264707510023],[4.381115955677135,43.79264549347581],[4.381117298984917,43.792644000757456],[4.3811188394784955,43.79264261157719],[4.381146864058054,43.79261975606313],[4.381147004706644,43.79261965229176],[4.381147141296569,43.79261953371593],[4.381177438860448,43.792595637763554],[4.381176190877604,43.79259419076246],[4.381175129459106,43.79259264925268],[4.381174276351313,43.792591041296085],[4.381173639369686,43.79258938162343],[4.381173224349716,43.79258768543928],[4.3811730350934575,43.79258596828272],[4.381173073334701,43.79258424588494],[4.3811733387230944,43.79258253402514],[4.381173828827342,43.79258084838596],[4.38117453915749,43.79257920440988],[4.381175463206057,43.79257761715766],[4.381176592507647,43.79257610117041],[4.38117791671651,43.79257467033633],[4.3811794237013135,43.79257333776359],[4.381231833414063,43.7925312728823],[4.3812335555215745,43.792530020275755],[4.381235438968214,43.792528896097714],[4.381237465581932,43.792527911194576],[4.381239615809358,43.792527075068946],[4.381241868904472,43.79252639578805],[4.381244203128754,43.79252587990573],[4.38124659596093,43.79252553239942],[4.38124902431426,43.79252535662194],[4.3812514647592895,43.792525354269245],[4.381253893749893,43.79252552536402],[4.38125628785047,43.79252586825553],[4.381258623962044,43.792526379635426],[4.3812608795451276,43.792527054569774],[4.381263032837198,43.792527886546615],[4.381265063062667,43.792528867538785],[4.3812669506333135,43.792529988081405],[4.381388145601695,43.79260945358405],[4.381389914995292,43.792610737028106],[4.381391497065556,43.79261214296545],[4.381392875743108,43.79261365711574],[4.381394037024458,43.792615264099474],[4.381394969114244,43.79261694759424],[4.381395662545043,43.792618690500454],[4.38139611027353,43.792620475115136],[4.381396307752021,43.7926222833116],[4.381396252974671,43.79262409672368],[4.381395946497836,43.792625896932215],[4.3813953914344355,43.792627665652155],[4.381394593422329,43.79262938491828],[4.381393560567052,43.79263103726768],[4.381392712778908,43.792632095074275],[4.381405638419179,43.79264113619888],[4.3814072842936875,43.792642404455485],[4.381408753336016,43.792643781955626],[4.381410031804527,43.792645255813945],[4.381411107740232,43.792646812243795],[4.38141197107866,43.79264843668608],[4.381412613744003,43.79265011394557],[4.381413029724661,43.792651828332914],[4.3814132151294665,43.79265356381151],[4.381413168224101,43.792655304147424],[4.381412889447297,43.79265703306132],[4.381412381406759,43.79265873438069],[4.381411648854746,43.79266039219112],[4.381410698643641,43.79266199098521],[4.381409539661841,43.79266351580763],[4.381408182750619,43.792664952394944],[4.3814066406027035,43.792666287309096],[4.381354209163903,43.792707452537336],[4.381352478643145,43.792708684636715],[4.381350590459297,43.79270978858005],[4.381348562621891,43.79271075383792],[4.3813464144724845,43.79271157120369],[4.38134416650017,43.79271223288126],[4.381341840146162,43.792712732559565],[4.381339457599277,43.79271306547266],[4.381337041584309,43.7927132284452],[4.381334615145263,43.79271321992275],[4.38133220142558,43.792713039986594],[4.381329823447374,43.792712690353],[4.38132750389186,43.792712174356744],[4.381325264883015,43.79271149691942],[4.381323127776555,43.79271066450245],[4.381321112956246,43.792709685045445],[4.381319239639484,43.79270856789049],[4.3813163739847525,43.79270668154357],[4.381305037062301,43.792715927427736],[4.381303278520541,43.79271722345973],[4.381301348518887,43.792718384424695],[4.381299266734459,43.79271939848611],[4.38129705439186,43.79272025530524],[4.3812947340468,43.79272094614646],[4.3812923293561115,43.792721463966366],[4.3812898648365675,43.792721803485605],[4.381287365614925,43.79272196124263],[4.381284857171739,43.792721935629004],[4.381282365081588,43.792721726905945],[4.381248720312169,43.79271765319541],[4.381246445047408,43.7927172976309],[4.381244225701659,43.792716789389914],[4.381242081753368,43.792716132933144],[4.381240032019254,43.79271533402207],[4.38123809448914,43.79271439966848],[4.381236286168069,43.79271333807287],[4.3812223091970175,43.792704315039394],[4.381218101101375,43.79270784426348],[4.3812164024862765,43.792709133822825],[4.381214536112156,43.79271029534906],[4.38121252028461,43.792711317449786],[4.381210374775088,43.792712190100175],[4.381208120626972,43.79271290474114],[4.381205779949198,43.792713454363415]]]},"properties":{"cle":"vivier:30060:006","nom":"30060:006","file":"vivier","sort":"retenue"}},{"type":"Feature","geometry":{"type":"Polygon","coordinates":[[[4.379684411076769,43.79356525487396],[4.379684998703283,43.793564945646835],[4.379687074363804,43.793564062005885],[4.379689258347284,43.79356332803838],[4.379691530146477,43.79356275063619],[4.379693868429568,43.79356233522099],[4.379696251240467,43.79356208569346],[4.379698656204974,43.79356200439665],[4.379701060740879,43.793562092093886],[4.37970344226999,43.79356234796174],[4.379705778430147,43.79356276959764],[4.379708047285196,43.79356335304247],[4.3797102275309605,43.79356409281784],[4.3799171490688265,43.79364337484443],[4.379919289145402,43.793644297069285],[4.379921291035124,43.793645369835396],[4.379923134629337,43.79364658236702],[4.3799248014094285,43.79364792248447],[4.379926274632854,43.793649376726464],[4.37992753950131,43.793650930485406],[4.379928583309381,43.793652568154016],[4.379929395572165,43.79365427328219],[4.3799299681305905,43.79365602874221],[4.379930295233378,43.79365781690074],[4.379930373594811,43.79365961979601],[4.379930226410538,43.793661167181035],[4.3799421,43.79366580000001],[4.380071,43.79351330000002],[4.380066300000001,43.79350350000001],[4.379990600113832,43.79347979369072],[4.379989900371471,43.793480837264305],[4.379988623594128,43.79348234428004],[4.379987148831321,43.793483753268625],[4.379985490317743,43.79348505063022],[4.379983664061696,43.793486223842415],[4.379981687690561,43.79348726158116],[4.379979580280673,43.79348815382994],[4.379977362173177,43.79348889197662],[4.379975054777697,43.79348946889646],[4.379972680365689,43.79348987902087],[4.379970261855464,43.7934901183913],[4.37996782259098,43.79349018469726],[4.379965386116525,43.79349007729878],[4.379962975949448,43.793489797232425],[4.3799606153531805,43.79348934720154],[4.379958327112682,43.79348873154988],[4.379871949567162,43.79346192459789],[4.379869723461345,43.7934611363644],[4.379867616811402,43.79346019143488],[4.379865650569687,43.79345909920745],[4.379863844292077,43.79345787054523],[4.379862215943471,43.793456517668226],[4.379860781719118,43.79345505403193],[4.3798595558835345,43.79345349419342],[4.37985855062864,43.79345185366652],[4.379857775952496,43.79345014876764],[4.379857239559867,43.793448396453414],[4.379856946785592,43.79344661415198],[4.379856900541529,43.7934448195898],[4.379857101287586,43.793443030615265],[4.37985754702716,43.793441265021166],[4.3798582333269875,43.79343954036778],[4.3798587977060075,43.79343851804574],[4.379780867747439,43.793414113159194],[4.379780360245664,43.793414907610256],[4.379779245104235,43.79341645226405],[4.379777928906373,43.79341791152891],[4.379776423998663,43.793419271716154],[4.379774744497893,43.79342052006656],[4.379772906158618,43.79342164486996],[4.379770926225391,43.7934226355751],[4.379768823270987,43.79342348288868],[4.379766617022179,43.793424178862495],[4.379764328174709,43.793424716967905],[4.379761978199132,43.793425092157236],[4.379759589139416,43.79342530091103],[4.379757183406158,43.79342534127104],[4.37975478356637,43.79342521285869],[4.379752412131772,43.79342491687856],[4.3797500913476295,43.79342445610705],[4.379747842984085,43.79342383486648],[4.3795950920789615,43.793375367470254],[4.379594476530583,43.793375144841455],[4.3795899591575465,43.79338190389485],[4.379591519375571,43.793382513859505],[4.379593527408789,43.79338349275556],[4.379595394422779,43.79338460853941],[4.379597102699134,43.79338585062198],[4.379598636025909,43.79338720721565],[4.379599979851464,43.793388665445995],[4.379601121422568,43.79339021147411],[4.379602049905428,43.793391830627826],[4.379602756488506,43.793393507540976],[4.379603234466143,43.79339522629924],[4.379603479302199,43.79339697059123],[4.379603488673098,43.79339872386321],[4.379603262489891,43.793400469476204],[4.3796028028990825,43.79340219086392],[4.379602114262285,43.79340387168998],[4.379601203114804,43.79340549600293],[4.379580847132042,43.79343725421821],[4.379579680897058,43.793438857129075],[4.379578298079097,43.79344036697544],[4.379576712693601,43.79344176845439],[4.379574940809126,43.79344304736132],[4.37957300038448,43.79344419073394],[4.379570911086703,43.79344518698369],[4.379568694091733,43.79344602601313],[4.379566371869777,43.79344669931834],[4.379563967957567,43.79344720007507],[4.379561506719799,43.793447523207924],[4.3795590131022,43.793447665441825],[4.379556512378672,43.79344762533514],[4.379554029895144,43.7934474032944],[4.379551590812673,43.79344700157009],[4.379549219852426,43.79344642423382],[4.37954726553351,43.79344578351923],[4.3795123,43.793498099999994],[4.379684411076769,43.79356525487396]]]},"properties":{"cle":"vivier:30060:013","nom":"30060:013","file":"vivier","sort":"retenue"}},{"type":"Feature","geometry":{"type":"Polygon","coordinates":[[[4.1951385140419015,43.78750248058009],[4.195310175418855,43.78774258336661],[4.195712506771087,43.78739017410695],[4.1954925656318665,43.78724688623141],[4.195100963115692,43.78742502786257],[4.1951385140419015,43.78750248058009]]]},"properties":{"cle":"vivier:30062:013","nom":"30062:013","file":"vivier","sort":"ecartee"}},{"type":"Feature","geometry":{"type":"Polygon","coordinates":[[[4.194551110267639,43.78528922963713],[4.194671809673309,43.78531246629319],[4.194926619529723,43.7853318301663],[4.1950419545173645,43.785293102413775],[4.195025861263276,43.78523501073796],[4.194859564304353,43.78517304622154],[4.194712042808534,43.78507622653604],[4.194591343402863,43.78511882721698],[4.194569885730743,43.78519628292273],[4.194551110267639,43.78528922963713]]]},"properties":{"cle":"vivier:30062:012","nom":"30062:012","file":"vivier","sort":"ecartee"}},{"type":"Feature","geometry":{"type":"Polygon","coordinates":[[[4.260340688421974,43.82598097685899],[4.260334694209508,43.82597677355486],[4.260333068770518,43.82597551935645],[4.260331616104357,43.82597415856275],[4.260330349475576,43.82597270359942],[4.260329280449976,43.82597116775197],[4.260328418789014,43.82596956504453],[4.26032777236065,43.82596791011172],[4.260327347067525,43.82596621806502],[4.260327146793043,43.825964504354786],[4.260327173365925,43.82596278462927],[4.260327426543513,43.82596107459155],[4.260327904013977,43.82595938985628],[4.260328601417427,43.8259577458071],[4.2603295123857325,43.8259561574561],[4.260330628600665,43.825954639306815],[4.260331939869853,43.825953205221694],[4.260333434219859,43.82595186829564],[4.260404268591327,43.82589434892971],[4.260406026756028,43.82589305841316],[4.260407955301288,43.82589190247415],[4.260410034665538,43.825890892837556],[4.260412243757432,43.8258900397443],[4.260414560169774,43.82588935184747],[4.260416960406805,43.825888836124484],[4.2604194201225205,43.82588849780643],[4.260421914367614,43.825888340324894],[4.260424417842543,43.82588836527729],[4.260426905154147,43.82588857241047],[4.260429351073209,43.825888959623484],[4.2604317307903665,43.82588952298872],[4.2604340201677475,43.825890256791936],[4.260436195983815,43.82589115358999],[4.260438162991131,43.82589216659993],[4.260446647860352,43.8258855220348],[4.260446672926862,43.82588550425954],[4.260446695967853,43.82588548446884],[4.260488214709337,43.82585315588575],[4.260369379617772,43.82577518509368],[4.260367636449609,43.82577392180557],[4.26036607476992,43.82577253967843],[4.2603647099511965,43.82577105231732],[4.260363555428115,43.82576947436318],[4.260362622565288,43.82576782134874],[4.260361920545395,43.82576610954552],[4.2603614562788,43.8257643558038],[4.2603612343355195,43.82576257738668],[4.260361256900245,43.8257607918001],[4.260361523750833,43.82575901662062],[4.260362032260504,43.82575726932231],[4.260362777423686,43.82575556710483],[4.260363751905299,43.82575392672406],[4.260364946112948,43.825752364327194],[4.260366348291362,43.82575089529382],[4.260367944638094,43.82574953408439],[4.260405837433901,43.82572029578092],[4.260407587866897,43.82571907122352],[4.260409495324714,43.825717976471886],[4.260411541520208,43.82571702202154],[4.2604137068361405,43.825716217023],[4.260415970513248,43.82571556919392],[4.2604183108492615,43.82571508474513],[4.260420705406974,43.82571476832114],[4.260423131229345,43.82571462295557],[4.260425565059596,43.82571465004206],[4.260427983564174,43.82571484932092],[4.260430363556462,43.82571521888162],[4.260432682219058,43.82571575518113],[4.26043491732254,43.82571645307785],[4.26043704743858,43.82571730588095],[4.260439052145381,43.8257183054144],[4.260440912223459,43.825719442095554],[4.260443052480407,43.825720885667195],[4.260536899999999,43.8256468],[4.260511500000001,43.82563110000001],[4.260526034728369,43.82561885439263],[4.260525556260367,43.825618197540564],[4.260524651509669,43.825616601282306],[4.260523962046563,43.82561494963588],[4.260523494207662,43.82561325778099],[4.260523252292695,43.82561154126696],[4.260523238525008,43.825609815869676],[4.260523453031108,43.82560809744672],[4.260523893839524,43.82560640179149],[4.260524556898914,43.82560474448826],[4.260525436115297,43.8256031407687],[4.2605265234080765,43.825601605372064],[4.260527808784288,43.82560015240971],[4.260529280430458,43.82559879523529],[4.260530924821169,43.82559754632212],[4.260552117785213,43.82558292279136],[4.2605108592057555,43.82555460718771],[4.260283838512093,43.825400724983055],[4.259954473423669,43.82518153486238],[4.259904113754223,43.82521780836206],[4.259829581185035,43.82527260536643],[4.259827816114216,43.82527378345196],[4.259825902315543,43.825274832782185],[4.2598238576368,43.825275743571204],[4.259821701146331,43.82527650732513],[4.259819452955226,43.82527711692133],[4.259817134029762,43.825277566674785],[4.259814765995879,43.82527785239119],[4.259812370937487,43.82527797140597],[4.259809971190532,43.82527792260925],[4.259807589134679,43.825277706456035],[4.259805246984613,43.825277324962215],[4.259802966582859,43.82527678168548],[4.259800769196085,43.82527608169237],[4.259799293965506,43.825275482701976],[4.2597148319912845,43.82534229907297],[4.25972451909861,43.82534824088044],[4.259726262081391,43.825349418447644],[4.259727841247877,43.825350711475345],[4.259729242074992,43.82535210807207],[4.259730451679785,43.82535359539376],[4.259731458937908,43.82535515976202],[4.259732254585928,43.82535678678986],[4.259732831306517,43.825358461514064],[4.259733183795746,43.825360168532754],[4.25973330881187,43.82536189214703],[4.259733205205135,43.825363616505385],[4.25973287392836,43.825365325749466],[4.259732318028164,43.82536700415991],[4.259731542616964,43.82536863630095],[4.259730554825944,43.82537020716227],[4.259729363739474,43.825371702297225],[4.2597279803115775,43.82537310795551],[4.259726417265175,43.825374411209765],[4.2596322666632025,43.825445699596685],[4.2596305272858395,43.82544689537868],[4.259628636825441,43.82544796423135],[4.25962661288181,43.82544889620388],[4.259624474297451,43.82544968261977],[4.259622240982157,43.82545031615767],[4.259619933727648,43.82545079091947],[4.259617574014004,43.825451102485225],[4.259615183809691,43.825451247954305],[4.2596127853670405,43.825451225972444],[4.259610401015078,43.82545103674426],[4.25960805295165,43.82545068203145],[4.25960576303676,43.825450165136324],[4.259603552589061,43.82544949087107],[4.259601442187378,43.82544866551297],[4.259599451479131,43.825447696745925],[4.259597598997403,43.82544659358897],[4.259589617730852,43.82544135345276],[4.2595036,43.82550940000001],[4.259722035240179,43.825658297232835],[4.259806416036542,43.82571303323712],[4.259806875062342,43.8257133385944],[4.2600391055893585,43.82587175777538],[4.260039560821726,43.825872076336665],[4.260113098045681,43.82592486372296],[4.2602735,43.82603420000001],[4.260340688421974,43.82598097685899]]]},"properties":{"cle":"vivier:30075:006","nom":"30075:006","file":"vivier","sort":"en_cours"}},{"type":"Feature","geometry":{"type":"Polygon","coordinates":[[[4.258777,43.82477],[4.258482,43.824586],[4.258755,43.824371],[4.259058,43.824557],[4.258777,43.82477]]]},"properties":{"cle":"vivier:30075:001","nom":"30075:001","file":"vivier","sort":"en_cours"}},{"type":"Feature","geometry":{"type":"Polygon","coordinates":[[[4.263425208628177,43.82900895179799],[4.2636520229279995,43.829109101611586],[4.263859475031495,43.82915917645537],[4.263873305171729,43.82896889182548],[4.263845644891262,43.828848711746694],[4.263541381806136,43.828824675701874],[4.263452868908644,43.82891280781881],[4.263425208628177,43.82900895179799]]]},"properties":{"cle":"vivier:30075:008","nom":"30075:008","file":"vivier","sort":"retenue"}},{"type":"Feature","geometry":{"type":"MultiPolygon","coordinates":[[[[4.264288544654845,43.821242952072204],[4.264283180236816,43.82118876579375],[4.264004230499268,43.82118489534341],[4.264004230499268,43.821301008744555],[4.264250993728639,43.821308749629935],[4.264288544654845,43.821242952072204]]],[[[4.264272451400758,43.82150614186804],[4.264014959335327,43.82150614186803],[4.263998866081238,43.82161451379968],[4.264267086982727,43.8216029025307],[4.264272451400758,43.82150614186804]]]]},"properties":{"cle":"vivier:30075:010","nom":"30075:010","file":"vivier","sort":"ecartee"}},{"type":"Feature","geometry":{"type":"Polygon","coordinates":[[[4.260994791984558,43.82652200796518],[4.26120400428772,43.82654909869022],[4.261332750320435,43.82647943680096],[4.261322021484375,43.82638268404211],[4.261166453361511,43.82632850242869],[4.260994791984559,43.82638268404211],[4.260994791984558,43.82652200796518]]]},"properties":{"cle":"vivier:30075:023","nom":"30075:023","file":"vivier","sort":"ecartee"}},{"type":"Feature","geometry":{"type":"Polygon","coordinates":[[[4.222508,43.827824],[4.223097,43.827923],[4.223177,43.827669],[4.222559,43.827554],[4.222508,43.827824]]]},"properties":{"cle":"vivier:30082:006","nom":"30082:006","file":"vivier","sort":"retenue"}},{"type":"Feature","geometry":{"type":"Polygon","coordinates":[[[4.149484382942318,43.78295995108762],[4.149673415813594,43.78287159986013],[4.149850253015756,43.78273907277409],[4.149996601045133,43.78258445746906],[4.150014894548803,43.78253144641529],[4.149734394159168,43.782535864004906],[4.149527067784221,43.78264188605761],[4.149338034912945,43.78273907277409],[4.149399013258517,43.78285392959898],[4.149484382942318,43.78295995108762]]]},"properties":{"cle":"vivier:30091:006","nom":"30091:006","file":"vivier","sort":"ecartee"}},{"type":"Feature","geometry":{"type":"Polygon","coordinates":[[[4.15719668380916,43.77879915239729],[4.157440569251777,43.778807362767886],[4.157468928024172,43.7787581005275],[4.157440569251775,43.77868831228416],[4.157202355563641,43.778680101897244],[4.157179668545723,43.778741679771706],[4.15719668380916,43.77879915239729]]]},"properties":{"cle":"vivier:30091:008","nom":"30091:008","file":"vivier","sort":"ecartee"}},{"type":"Feature","geometry":{"type":"Polygon","coordinates":[[[4.169593155384064,43.719351799569864],[4.1696950793266305,43.71942546339854],[4.170016944408418,43.71911142223575],[4.1701456904411325,43.71899511027628],[4.170188605785371,43.718878798091005],[4.1700491309165955,43.71884002731243],[4.169834554195404,43.71887492101429],[4.16969507932663,43.71897572492775],[4.1695234179496765,43.71921610280625],[4.169593155384064,43.719351799569864]]]},"properties":{"cle":"vivier:30123:013","nom":"30123:013","file":"vivier","sort":"ecartee"}},{"type":"Feature","geometry":{"type":"Polygon","coordinates":[[[4.175011217594147,43.71965226988134],[4.175145328044891,43.71977633460268],[4.175381362438201,43.71979571969216],[4.175520837306975,43.71979959670932],[4.175692498683929,43.719857751936445],[4.175456464290619,43.71965614690776],[4.1752418875694275,43.719501065654875],[4.175097048282623,43.719489434544705],[4.175000488758086,43.719551467106086],[4.175011217594147,43.71965226988134]]]},"properties":{"cle":"vivier:30123:014","nom":"30123:014","file":"vivier","sort":"ecartee"}},{"type":"Feature","geometry":{"type":"Polygon","coordinates":[[[4.175193607807159,43.72013689624082],[4.175279438495636,43.720183420165114],[4.175472557544708,43.720222190074445],[4.175553023815155,43.72021443609458],[4.17565494775772,43.720121388258036],[4.1758641600608835,43.72013689624082],[4.175874888896942,43.72010588027125],[4.175660312175751,43.72007874128465],[4.175499379634857,43.72006323328682],[4.175257980823517,43.72005547928639],[4.175193607807159,43.72013689624082]]]},"properties":{"cle":"vivier:30123:017","nom":"30123:017","file":"vivier","sort":"ecartee"}},{"type":"Feature","geometry":{"type":"Polygon","coordinates":[[[4.4220204,43.775018],[4.4220385,43.7750836],[4.422094900000001,43.77520280000002],[4.422147600000001,43.7752614],[4.4222243,43.775328],[4.422336775653136,43.77539247017262],[4.42233658696666,43.77539209524915],[4.422335988791671,43.77539042347595],[4.422335614515749,43.7753887178551],[4.422335467585403,43.77538699409286],[4.4223355493536225,43.77538526806258],[4.4223358590674255,43.77538355565841],[4.422336393874781,43.77538187264909],[4.422337148850885,43.77538023453267],[4.422347831950424,43.775360294762365],[4.422348802852915,43.775358712722465],[4.422349979064534,43.77535720560539],[4.4223513496993085,43.77535578735964],[4.422352902071859,43.77535447111125],[4.422354621814812,43.77535326904222],[4.4223564930117645,43.77535219227781],[4.422358498344591,43.77535125078358],[4.422360619253738,43.77535045327316],[4.4223628361099765,43.77534980712761],[4.422365128396079,43.775349318327045],[4.422367474896713,43.77534899139534],[4.422369853894787,43.77534882935831],[4.4223722433724415,43.775348833715626],[4.422374621214827,43.77534900442694],[4.42237696541478,43.77534933991233],[4.422379254276502,43.77534983706682],[4.422381466616352,43.77535049128921],[4.422383581958906,43.77535129652461],[4.422422499382668,43.77536788877133],[4.42242455387864,43.77536886697497],[4.422426464857908,43.7753699875497],[4.422428213600131,43.77537123951807],[4.42242978297428,43.775372610615634],[4.42243115760644,43.775374087410825],[4.422432324030428,43.77537565543664],[4.422433270819706,43.775377299332426],[4.422433988699317,43.775379002994214],[4.422434470636751,43.775380749732626],[4.422434711910825,43.77538252243626],[4.422434710157953,43.775384303739315],[4.422434465395281,43.775386076191836],[4.422433980020531,43.77538782243049],[4.422433258788513,43.77538952534876],[4.422432308764542,43.775391168264505],[4.42243113925523,43.77539273508341],[4.422416663994379,43.77541002432245],[4.422415340065948,43.7754114477949],[4.422413835001604,43.77541277339971],[4.42241216249284,43.77541398907788],[4.422410337754391,43.77541508377042],[4.42240837738582,43.775416047519],[4.422406299220517,43.77541687155641],[4.422404122163462,43.77541754838642],[4.422401866019255,43.77541807185193],[4.422399551311951,43.77541843719098],[4.422399401860933,43.775418450145345],[4.422415799999999,43.7754253],[4.422509899999999,43.77545179999999],[4.4226933,43.77547259999999],[4.422860600000001,43.77546080000001],[4.4229647,43.77543790000001],[4.423097699999999,43.77538620000001],[4.4225782,43.77518879999999],[4.423054,43.77453259999999],[4.4229719,43.7745041],[4.42270928209927,43.774867671359736],[4.422709563220059,43.77486777775274],[4.422711668154785,43.77486867238751],[4.422713641770289,43.77486971237896],[4.422715465014862,43.77487088768782],[4.422717120288364,43.77487218696864],[4.422718591612099,43.77487359767919],[4.4227198647830805,43.77487510620162],[4.42272092751112,43.77487669797385],[4.422721769537474,43.77487835763018],[4.422722382733876,43.774880069149646],[4.422722761181001,43.7748818160106],[4.4227229012255975,43.77488358135023],[4.422722801515767,43.77488534812738],[4.422722463014006,43.77488709928696],[4.422721888987917,43.77488881792468],[4.422721084978675,43.77489048745021],[4.422720058747519,43.77489209174722],[4.422520718413653,43.77516739870184],[4.422519475005375,43.77516892762691],[4.422518029833491,43.775170360386234],[4.422516396949532,43.775171683048946],[4.4225145922301685,43.77517288275473],[4.4225126332228495,43.775173947838674],[4.4225105389751835,43.7751748679449],[4.422508329849735,43.775175634127095],[4.42250602732604,43.775176238935614],[4.42250365379176,43.77517667648984],[4.422501232324996,43.77517694253541],[4.422498786469906,43.77517703448551],[4.422496340007777,43.775176951446106],[4.422493916725802,43.77517669422461],[4.422491540185783,43.77517626532199],[4.422489233495054,43.77517566890854],[4.422487019081785,43.775174910783235],[4.422356586310061,43.77512441264933],[4.422354513308414,43.775123513533224],[4.422352570669911,43.775122472733194],[4.422350776775206,43.77512130009698],[4.422349148597582,43.77512000671968],[4.422347701542354,43.775118604838866],[4.422346449301109,43.77511710771871],[4.422345403722157,43.775115529524506],[4.42234457469843,43.77511388518864],[4.422343970073883,43.77511219026933],[4.422343595569266,43.775110460803376],[4.422343454728008,43.77510871315449],[4.422343548882684,43.77510696385834],[4.422343877142409,43.775105229466256],[4.422344436401268,43.77510352638851],[4.422345221367712,43.775101870739114],[4.422346224614608,43.775100278183274],[4.422346337217616,43.775100120256695],[4.422021600000001,43.77497420000001],[4.4220204,43.775018]]]},"properties":{"cle":"vivier:30125:007","nom":"30125:007","file":"vivier","sort":"ecartee"}},{"type":"Feature","geometry":{"type":"Polygon","coordinates":[[[4.42717,43.775702],[4.427188,43.775619],[4.427698,43.775704],[4.427646,43.775833],[4.427217,43.775743],[4.42717,43.775702]]]},"properties":{"cle":"vivier:30125:018","nom":"30125:018","file":"vivier","sort":"retenue"}},{"type":"Feature","geometry":{"type":"Polygon","coordinates":[[[4.344277,43.730159],[4.344133,43.730151],[4.344135,43.73007],[4.343907,43.730054],[4.343787,43.730793],[4.3442,43.73082],[4.344277,43.730159]]]},"properties":{"cle":"vivier:30128:005","nom":"30128:005","file":"vivier","sort":"retenue"}},{"type":"Feature","geometry":{"type":"Polygon","coordinates":[[[4.341045,43.72776],[4.340536,43.727707],[4.340619,43.727254],[4.341053,43.727299],[4.340993,43.727524],[4.341098,43.727551],[4.341112,43.727604],[4.341162,43.72761],[4.341143,43.727709],[4.341061,43.727705],[4.341045,43.72776]]]},"properties":{"cle":"vivier:30128:013","nom":"30128:013","file":"vivier","sort":"retenue"}},{"type":"Feature","geometry":{"type":"Polygon","coordinates":[[[4.2387415,43.807131800000015],[4.239118000000001,43.80710959999999],[4.2397406,43.8070123],[4.239916000000001,43.80693519999997],[4.239810472819697,43.80688956663228],[4.239286571715706,43.80699841959533],[4.239283603681981,43.80699892356681],[4.239280581730722,43.80699921442594],[4.239277534964998,43.806999289371596],[4.239274492726867,43.806999147682006],[4.239271484314778,43.80699879072172],[4.239270199710468,43.806998542666676],[4.2389859,43.807059],[4.2387415,43.807131800000015]]]},"properties":{"cle":"vivier:30138:019","nom":"30138:019","file":"vivier","sort":"ecartee"}},{"type":"Feature","geometry":{"type":"Polygon","coordinates":[[[4.247538,43.805938],[4.247239,43.805888],[4.247283,43.805722],[4.247608,43.805761],[4.247538,43.805938]]]},"properties":{"cle":"vivier:30138:014","nom":"30138:014","file":"vivier","sort":"retenue"}},{"type":"Feature","geometry":{"type":"Polygon","coordinates":[[[4.234771600000001,43.67630460000001],[4.234903699999999,43.67601830000001],[4.235234099999999,43.676042100000004],[4.235240400000001,43.675954499999996],[4.2352247,43.675936900000025],[4.235192800000001,43.67592519999999],[4.2348564,43.675902],[4.2348189000000005,43.6759064],[4.2347946,43.67591770000001],[4.2347805493662225,43.675936826992526],[4.234788670020646,43.67614740304041],[4.23478858922715,43.676149442744055],[4.234782850420989,43.676198059917375],[4.234782999999999,43.67620839999999],[4.2347707188903,43.676241701608966],[4.234764138521281,43.676259847101434],[4.234763494426472,43.67626129153603],[4.234756300000001,43.6762808],[4.234771600000001,43.67630460000001]]]},"properties":{"cle":"vivier:30059:010","nom":"30059:010","file":"vivier","sort":"ecartee"}},{"type":"Feature","geometry":{"type":"Polygon","coordinates":[[[4.510794,43.912839],[4.510708,43.912617],[4.511181,43.91258],[4.511266,43.912857],[4.510794,43.912839]]]},"properties":{"cle":"vivier:30145:001","nom":"30145:001","file":"vivier","sort":"retenue"}},{"type":"Feature","geometry":{"type":"Polygon","coordinates":[[[4.457896,43.820679],[4.457896,43.820508],[4.459189,43.820443],[4.459186,43.820613],[4.457896,43.820679]]]},"properties":{"cle":"vivier:30155-30211:010","nom":"30155-30211:010","file":"vivier","sort":"retenue"}},{"type":"Feature","geometry":{"type":"Polygon","coordinates":[[[4.472165,43.81685],[4.472181,43.816718],[4.472645,43.816748],[4.472575,43.816872],[4.472165,43.81685]]]},"properties":{"cle":"vivier:30155-30211:012","nom":"30155-30211:012","file":"vivier","sort":"retenue"}},{"type":"Feature","geometry":{"type":"Polygon","coordinates":[[[4.465897084729472,43.81451463839532],[4.465682284217954,43.81454550870563],[4.465761008810126,43.81476764311565],[4.465990788327707,43.814734256291494],[4.465897084729472,43.81451463839532]]]},"properties":{"cle":"vivier:30155-30211:046","nom":"30155-30211:046","file":"vivier","sort":"ecartee"}},{"type":"Feature","geometry":{"type":"MultiPolygon","coordinates":[[[[4.430793151259421,43.8590323677596],[4.430866353213787,43.858502782355515],[4.430756550282239,43.85781431429807],[4.42998792976141,43.85776135488747],[4.42984152585268,43.85807911064552],[4.429804924875498,43.8585027823555],[4.4298781268298635,43.858847013403235],[4.430500343441962,43.85908532604132],[4.430793151259421,43.8590323677596]]],[[[4.430866353213787,43.857046398240556],[4.42984152585268,43.856913997920735],[4.429343752563001,43.85691399792075],[4.429343752563,43.8574965571289],[4.430793151259422,43.85776135488747],[4.430866353213787,43.857046398240556]]]]},"properties":{"cle":"vivier:30156:003","nom":"30156:003","file":"vivier","sort":"ecartee"}},{"type":"Feature","geometry":{"type":"Polygon","coordinates":[[[4.444235,43.858166],[4.443439,43.858147],[4.443457,43.857382],[4.443688,43.857381],[4.443659,43.858098],[4.444184,43.858108],[4.444211,43.857615],[4.444734,43.857628],[4.444705,43.858154],[4.444632,43.858154],[4.444664,43.857684],[4.444292,43.857684],[4.444265,43.858152],[4.444235,43.858166]]]},"properties":{"cle":"vivier:30156:033","nom":"30156:033","file":"vivier","sort":"retenue"}},{"type":"Feature","geometry":{"type":"MultiPolygon","coordinates":[[[[4.44461641006052,43.86981628530238],[4.444614010980851,43.86981654088244],[4.444611588903609,43.86981662628076],[4.444609166839618,43.869816540685974],[4.444606767799577,43.869816284911295],[4.444456927733252,43.86979486632591],[4.444454608553718,43.86979445019753],[4.444452355251504,43.86979387503396],[4.444450188611719,43.869793146140644],[4.444448128620072,43.86979227024117],[4.444446194278515,43.86979125541501],[4.444444403429965,43.86979011102328],[4.444442772593715,43.86978884762213],[4.444441316813056,43.869787476865575],[4.444440049516513,43.86978601139783],[4.444440032211542,43.86978598631644],[4.4444394647772345,43.869786294946294],[4.444437346721383,43.869787224032905],[4.444435111458394,43.869787996146066],[4.444432781145504,43.869788603632095],[4.4444303788821315,43.86978904046926],[4.444427928480919,43.86978930232737],[4.4444254542316814,43.86978938661074],[4.444422980660627,43.86978929248389],[4.444420532287241,43.86978902087989],[4.444192349757111,43.86975522157269],[4.444192310026345,43.86975582808537],[4.444191959767545,43.86975756460234],[4.444172613479893,43.86982892630142],[4.4441720220616725,43.86983065170119],[4.444171198256372,43.86983232647866],[4.4441701501001845,43.86983393429638],[4.4441688878178445,43.869835459470096],[4.444167423722898,43.86983688712175],[4.444165772097564,43.869838203324626],[4.444163949053428,43.86983939523915],[4.44416197237427,43.86984045123818],[4.444159861342577,43.8698413610205],[4.444157636551455,43.86984211571115],[4.444155319703727,43.86984270794815],[4.444152933400236,43.86984313195419],[4.444150500919368,43.869843383593135],[4.4441480459899685,43.86984346041023],[4.444145592559868,43.869843361656116],[4.444143164562273,43.86984308829415],[4.444128487691326,43.86984089398803],[4.444125148708495,43.86985183697647],[4.444125908190886,43.86985164029969],[4.444128297869296,43.869851208605105],[4.444130734840926,43.86985094996952],[4.444133195220214,43.86985086692791],[4.4441356548921815,43.869850960294194],[4.4441380897487734,43.86985122915323],[4.444575172976972,43.86991565023572],[4.444577517915991,43.869916082740765],[4.4445797936790745,43.86991667801383],[4.444581978734665,43.86991743042287],[4.444584052409414,43.86991833284917],[4.444585995083763,43.86991937675468],[4.444586124222593,43.869919461405466],[4.444617222449692,43.86981613916155],[4.44461641006052,43.86981628530238]]],[[[4.444187299999999,43.869944000000004],[4.444184500300239,43.86996632566711],[4.444186915639543,43.86996667218656],[4.444186979852845,43.86996668146254],[4.444521644841104,43.870015356639314],[4.444524018832552,43.87001579084138],[4.444526322323705,43.870016391772346],[4.444528533000073,43.87001715361085],[4.444530629446276,43.870018068976776],[4.444532591353518,43.87001912900273],[4.444534399716304,43.870020323419986],[4.444536037016562,43.870021640657924],[4.444537487393343,43.87002306795615],[4.444538736796469,43.87002459148805],[4.44453977312264,43.87002619649476],[4.4445405863326855,43.870027867428234],[4.444541168548813,43.870029588101666],[4.444541514130927,43.87003134184649],[4.444541619731263,43.870033111673706],[4.444541484326818,43.87003488043857],[4.444541109229272,43.870036631006585],[4.444520542295081,43.870108909012856],[4.444519934086284,43.870110617558865],[4.444519097572164,43.870112274817075],[4.444518040790655,43.87011386486311],[4.444516773896216,43.87011537241843],[4.444515309062253,43.87011678299709],[4.44451366036415,43.87011808304507],[4.444511843644025,43.87011926007036],[4.4445098763585005,43.870120302763084],[4.444507777410961,43.87012120110412],[4.444505566969925,43.87012194646143],[4.444503266275232,43.870122531673],[4.444500897433967,43.87012295111555],[4.444498483208024,43.870123200758755],[4.444496046795399,43.8701232782038],[4.444493611607268,43.870123182706514],[4.444491201043055,43.87012291518458],[4.444340093719923,43.87010061312536],[4.4443377612276755,43.87010018289129],[4.44433549712502,43.8700995916002],[4.444333322606446,43.87009884478725],[4.4443312580278285,43.870097949443405],[4.444329322715882,43.870096913950064],[4.444327534787244,43.87009574800058],[4.444325910978878,43.87009446250955],[4.444324466491396,43.87009306951054],[4.444323882708764,43.87009237573743],[4.444322930857233,43.87009290090029],[4.444320789712888,43.870093851701824],[4.444318526935826,43.870094641435166],[4.444316165600478,43.870095262047094],[4.444313729786315,43.87009570720896],[4.444311244332302,43.87009597238131],[4.444308734583602,43.87009605486005],[4.44430622613312,43.870095953804125],[4.444303744560526,43.87009567024402],[4.444170814823645,43.87007545761948],[4.444161215835672,43.87015200248302],[4.444163650965811,43.87015230796694],[4.444164550228088,43.870152433152896],[4.444197024087462,43.870157403867914],[4.44419936615923,43.87015784952051],[4.4442016372428235,43.87015845779382],[4.4442038158194945,43.87015922292441],[4.44420588124701,43.87016013766258],[4.444207813955228,43.870161193341076],[4.4442095956315395,43.87016237995727],[4.444211209394372,43.87016368626786],[4.444212639953143,43.870165099895395],[4.444213873753151,43.87016660744561],[4.4442148991039945,43.87016819463432],[4.444215706290352,43.87016984642273],[4.44421628766403,43.87017154716001],[4.444216637716429,43.870173280731464],[4.444216753130746,43.87017503071134],[4.444216632813395,43.87017678051838],[4.444216277904375,43.87017851357296],[4.444211500055671,43.87019594314277],[4.444424370847873,43.87022595706081],[4.444498587501681,43.87023535460103],[4.444528583372251,43.87012789645031],[4.4445286460779725,43.870127677427895],[4.444556430429869,43.87003300253025],[4.4445639,43.869993300000004],[4.444187299999999,43.869944000000004]]],[[[4.4436192,43.8701253],[4.443569000000001,43.8705184],[4.443602684264534,43.87052189836333],[4.443611783767656,43.87048686468359],[4.443612361378974,43.87048512328669],[4.443613175341851,43.87048343203536],[4.443614217597961,43.8704818076731],[4.44361547782886,43.87048026628131],[4.443616943558137,43.87047882311984],[4.443618600274929,43.87047749247613],[4.44362043157759,43.87047628752367],[4.443622419336055,43.87047522019159],[4.443624543871344,43.870474301046556],[4.443626784150377,43.87047353918818],[4.443629117994197,43.87047294215894],[4.443631522297561,43.87047251586945],[4.443633973257665,43.87047226454004],[4.443636446609801,43.87047219065889],[4.443638917867585,43.870472294957395],[4.443641362565361,43.870472576403],[4.443934872483968,43.87051729744523],[4.443937190269362,43.870517735869676],[4.443939439019667,43.87051833353545],[4.44394159788351,43.870519084900714],[4.443943646842982,43.87051998299852],[4.443945566899255,43.87052101950131],[4.443947340248739,43.87052218479819],[4.443948950448174,43.87052346808402],[4.443950382567092,43.87052485745965],[4.4439516233262575,43.87052634004217],[4.443952661220806,43.87052790208445],[4.443953486626914,43.87052952910257],[4.443954091891046,43.87053120601009],[4.44395447140091,43.87053291725804],[4.443954621637509,43.87053464697899],[4.44395454120776,43.87053637913415],[4.4439542308574245,43.870538097662326],[4.443949305043576,43.87055789690077],[4.4439747541834285,43.870560539893404],[4.443986502759713,43.8705161571145],[4.444082477016151,43.87052976140029],[4.444083301670908,43.87052303056356],[4.444080314249475,43.87052250879105],[4.444042001954862,43.87051678084393],[4.444039640688225,43.87051633951726],[4.444037350494472,43.87051573306316],[4.444035153380104,43.87051496730909],[4.444033070457217,43.87051404961316],[4.444032441114485,43.870513707018915],[4.444030741919445,43.870513642458846],[4.444028326826892,43.87051337715698],[4.443797300104929,43.870479530723294],[4.443794916654122,43.87047909180409],[4.443792604753879,43.87047848478349],[4.443790386997323,43.87047771559364],[4.443788285057555,43.87047679175145],[4.443786319475848,43.8704757222852],[4.443784509460908,43.87047451764632],[4.443782872701159,43.87047318960716],[4.443781425191874,43.870471751146],[4.443780181078871,43.870470216320285],[4.443779152520267,43.870468600129165],[4.443778349567665,43.87046691836687],[4.443777780067921,43.87046518746852],[4.4437774495864675,43.870463424349325],[4.443777361352921,43.87046164623945],[4.443777516229525,43.87045987051549],[4.443777912702719,43.87045811453078],[4.443798548934342,43.8703885359633],[4.443799172733043,43.870386840389685],[4.443800021782588,43.870385196814134],[4.44380108801396,43.870383620856444],[4.443802361294147,43.87038212749385],[4.4438038295224285,43.87038073091858],[4.4438054787454,43.87037944440313],[4.443807293289551,43.87037828017394],[4.443809255910245,43.87037724929535],[4.443811347955588,43.870376361564375],[4.443813549543696,43.87037562541762],[4.443815839751642,43.870375047851056],[4.4438181968142985,43.8703746343537],[4.443820598331177,43.87037438885518],[4.4438230214793215,43.87037431368864],[4.443825443230203,43.87037440956845],[4.443827840568567,43.870374675583356],[4.444047711706518,43.870407077780726],[4.44407177765477,43.870322079499964],[4.4440723835905205,43.87032037039518],[4.444073217935602,43.87031871242414],[4.4440742726716955,43.870317121520415],[4.44407553766246,43.87031561297306],[4.444077000750953,43.870314201279655],[4.4440786478764585,43.87031290000698],[4.444080463209611,43.870311721660634],[4.444082429304526,43.87031067756486],[4.444084527266459,43.870309777753725],[4.444086736933391,43.870309030874694],[4.444089037069782,43.87030844410545],[4.444091405570662,43.87030802308504],[4.444093819674058,43.87030777185956],[4.44409625617975,43.870307692843404],[4.444098691672219,43.87030778679591],[4.444101102745688,43.87030805281416],[4.444109489431105,43.870309285104845],[4.444115878857428,43.870257134133475],[4.44411263916517,43.87025663823842],[4.444042908120583,43.87024678965706],[4.444040507901851,43.87024636009291],[4.44403817847621,43.87024576029303],[4.4440359428516745,43.87024499618172],[4.444033823109775,43.87024407530622],[4.4440318401874475,43.87024300676214],[4.444030013670241,43.870241801103575],[4.444028361598873,43.87024047023898],[4.444026900291033,43.87023902731345],[4.4440256441802175,43.870237486578986],[4.444024605673158,43.87023586325352],[4.444023795027292,43.87023417337088],[4.444023220249438,43.8702324336222],[4.444022887016723,43.87023066119118],[4.444022798620501,43.87022887358433],[4.444022924602513,43.87022744399298],[4.444021713604309,43.87022688723727],[4.444019831600332,43.87022582604813],[4.4440180987773585,43.87022463930831],[4.444016531074964,43.87022333793417],[4.444015142913833,43.87022193389655],[4.444013947063112,43.870220440110664],[4.444012954522961,43.87021887031727],[4.444012174423358,43.87021723895631],[4.4440116139401225,43.87021556103402],[4.444011278228902,43.870213851985],[4.444011170377757,43.87021212753011],[4.444011291378743,43.87021040353193],[4.444011640118805,43.87020869584888],[4.444016025273835,43.870192604411464],[4.444015412825626,43.87019277305448],[4.444012973331784,43.870193246558465],[4.4440104800469715,43.87019353868523],[4.4440079586687835,43.87019364642391],[4.444005435184369,43.87019356866411],[4.444002935602581,43.870193306207234],[4.443882284941717,43.870176074360074],[4.443861546572448,43.870173708789835],[4.443859103308747,43.870173338370385],[4.443856723655945,43.87017279268501],[4.443854431572187,43.870172077227636],[4.4438522501339754,43.870171199201415],[4.44385020130384,43.87017016744625],[4.443848305709221,43.870168992349775],[4.443846582434797,43.87016768574273],[4.443845048830331,43.87016626077994],[4.443843720336005,43.87016473180782],[4.443842610326969,43.87016311421991],[4.443841729978674,43.87016142430193],[4.44384108815437,43.87015967906787],[4.443840691315862,43.87015789608856],[4.443840543458463,43.870156093314854],[4.443840646070763,43.87015428889694],[4.4438409005691035,43.87015299641617],[4.443840998119647,43.87015250100152],[4.443855766729491,43.87009744814976],[4.443868230133503,43.87004962642517],[4.443868811252511,43.8700478803235],[4.443869630024145,43.87004618481344],[4.443870678295611,43.87004455677767],[4.44387194562892,43.870043012427075],[4.443873419404814,43.87004156713926],[4.443875084948428,43.87004023530539],[4.443876925675409,43.87003903018697],[4.443878923257045,43.87003796378375],[4.443881057802784,43.87003704671421],[4.443883308058281,43.87003628810992],[4.443885651617034,43.87003569552454],[4.443888065143489,43.87003527485862],[4.443890524605416,43.870035030300855],[4.443893005513182,43.87003496428641],[4.4438954831636135,43.870035077472586],[4.443897932885975,43.870035368732346],[4.443914519573423,43.87003796152964],[4.443913354844097,43.87003765596323],[4.443911148702971,43.87003689240482],[4.44390905684741,43.87003597583675],[4.443907099490998,43.87003491511578],[4.443905295547648,43.87003372049169],[4.443903662448847,43.87003240350813],[4.443902215975199,43.87003097689109],[4.443900970103959,43.87002945442595],[4.443899936873952,43.870027850824314],[4.443899126269248,43.87002618158171],[4.443898546122697,43.870024462828056],[4.443898202040227,43.870022711171664],[4.443898097346679,43.87002094353871],[4.443898233053686,43.870019177009866],[4.443898607849887,43.87001742865505],[4.443919175538055,43.86994515077],[4.443919784355666,43.86994344084713],[4.44392062184539,43.86994178231055],[4.44392167994671,43.86994019112304],[4.443922948475813,43.86993868259907],[4.4439244152236075,43.86993727125765],[4.44392606607323,43.869935970682306],[4.443927885135918,43.86993479339054],[4.443929854903928,43.869933750713344],[4.443931956419043,43.869932852686034],[4.443934169455037,43.86993210795174],[4.443936472712345,43.86993152367827],[4.443938844023062,43.86993110548896],[4.443941260564297,43.86993085740873],[4.443943699077834,43.86993078182527],[4.443946136093986,43.869930879466],[4.4439485481574765,43.869931149391206],[4.444070935113072,43.86994933164727],[4.444071037563762,43.86994935067276],[4.4440711397224595,43.86994936269338],[4.444075499056505,43.869950037996496],[4.4436515,43.869878600000014],[4.4436192,43.8701253]]]]},"properties":{"cle":"vivier:30156:018","nom":"30156:018","file":"vivier","sort":"ecartee"}},{"type":"Feature","geometry":{"type":"MultiPolygon","coordinates":[[[[4.437889200000001,43.85222150000001],[4.437396450262387,43.85183332019954],[4.437289507282637,43.85175563498274],[4.4371049,43.85166200000001],[4.437045799999999,43.85165240000002],[4.4370012999999995,43.851658],[4.436949200000001,43.8516785],[4.436886999999999,43.85173480000001],[4.437680758578782,43.85219246364013],[4.437680953051775,43.85219230598688],[4.437683838837931,43.85218941330409],[4.4376853648892265,43.852188032037326],[4.437687070894587,43.852186765816725],[4.43768894038331,43.852185626867076],[4.437690955306341,43.8521846261844],[4.43769309621052,43.85218377342984],[4.437695342426411,43.85218307683633],[4.4376976722678405,43.85218254312915],[4.437700063241269,43.85218217746103],[4.43770249226296,43.85218198336227],[4.4377049358818415,43.852181962706865],[4.437707370505908,43.85218211569416],[4.43770977263,43.852182440847216],[4.437712119062724,43.85218293502677],[4.437714387150364,43.85218359346178],[4.4377165549955855,43.85218440979533],[4.437718601668842,43.85218537614615],[4.43772050741045,43.852186483184525],[4.437752112050391,43.85220676811172],[4.4377539015637355,43.852208038921574],[4.437755505179808,43.8522094336547],[4.437756906602051,43.85221093813733],[4.437758091588676,43.852212537080334],[4.437759048097389,43.85221421423466],[4.437759766407771,43.85221595255645],[4.437760239220061,43.85221773438018],[4.437760461729338,43.85221954159836],[4.4377604316743575,43.8522213558453],[4.437760149360526,43.85222315868398],[4.4377596176567975,43.85222493179326],[4.4377588419665255,43.852226657154105],[4.437757830172546,43.85222831723278],[4.437756592557078,43.8522298951589],[4.43775514169722,43.852231374897016],[4.437751035893263,43.85223514435399],[4.437887999999999,43.85231370000002],[4.437889200000001,43.85222150000001]]],[[[4.4368377618458545,43.851659330535135],[4.436848906906852,43.85164645780125],[4.4368227,43.8516308],[4.436915,43.851543500000005],[4.4367915,43.85147540000001],[4.436774773009015,43.851470362347804],[4.436656423148513,43.8514526811129],[4.436636267923718,43.85145167187674],[4.4365068999999995,43.8514693],[4.4368377618458545,43.851659330535135]]]]},"properties":{"cle":"vivier:30156:025","nom":"30156:025","file":"vivier","sort":"retenue"}},{"type":"Feature","geometry":{"type":"Polygon","coordinates":[[[4.4407323002815255,43.861369860735884],[4.440930783748626,43.86137759642419],[4.440941512584685,43.86129250379768],[4.440962970256806,43.861253825290916],[4.4410112500190735,43.86121514675905],[4.4410112500190735,43.86111845031968],[4.441091716289521,43.86109911101296],[4.44109708070755,43.861050762718776],[4.441150724887847,43.861021753723456],[4.441145360469817,43.86094439633355],[4.440780580043794,43.86100628225349],[4.4407323002815255,43.861369860735884]]]},"properties":{"cle":"vivier:30156:041","nom":"30156:041","file":"vivier","sort":"ecartee"}},{"type":"Feature","geometry":{"type":"Polygon","coordinates":[[[4.447779700000001,43.871737600000024],[4.4473859,43.87119830000001],[4.4472521,43.871284900000006],[4.447543281595962,43.87168430084621],[4.447544871411742,43.87168372286817],[4.447547175565287,43.87168308316312],[4.447549555992775,43.87168261175135],[4.447551989270384,43.87168231327158],[4.447554451454247,43.871682190660934],[4.4475569183160495,43.871682245125896],[4.447559365581455,43.87168247613054],[4.447561769168947,43.87168288140173],[4.447564105426811,43.87168345695152],[4.447566351365869,43.87168419711643],[4.447568484885688,43.87168509461309],[4.447570484992059,43.871686140609974],[4.447572332003581,43.87168732481433],[4.447574007745331,43.87168863557331],[4.4475754957277065,43.8716900599889],[4.447576781308684,43.87169158404452],[4.447625709589586,43.871756640461925],[4.447626748876355,43.87175819579611],[4.447627577255173,43.87175981604554],[4.447628187094607,43.87176148628379],[4.447628572776517,43.87176319112377],[4.4476287307478,43.87176491485976],[4.447628659553133,43.87176664161189],[4.447628359848372,43.87176835547249],[4.447627834394518,43.87177004065271],[4.447627088032275,43.87177168162787],[4.447626127637466,43.87177326328053],[4.447624962057678,43.871774771039775],[4.447623602030768,43.87177619101541],[4.4476220600859255,43.871777510125945],[4.447620350428264,43.87177871621913],[4.447618488807943,43.871779798183866],[4.447616492375083,43.87178074605257],[4.447615107224772,43.8717813369198],[4.447627700000001,43.871798299999995],[4.447779700000001,43.871737600000024]]]},"properties":{"cle":"vivier:30156:040","nom":"30156:040","file":"vivier","sort":"ecartee"}},{"type":"Feature","geometry":{"type":"Polygon","coordinates":[[[4.443655908107758,43.8709400734698],[4.443816840648652,43.8709516751391],[4.44382756948471,43.870916870124425],[4.443875849246979,43.870916870124425],[4.443875849246978,43.870955542361685],[4.444412291049957,43.870897533996384],[4.4444069266319275,43.87087433063444],[4.443929493427277,43.87083952557461],[4.4439080357551575,43.87082985749882],[4.443875849246979,43.87076604815931],[4.443693459033965,43.87076991539394],[4.443655908107758,43.8709400734698]]]},"properties":{"cle":"vivier:30156:057","nom":"30156:057","file":"vivier","sort":"ecartee"}},{"type":"Feature","geometry":{"type":"Polygon","coordinates":[[[4.446975742466748,43.8629048312876],[4.447122865822166,43.86291243835556],[4.447368071414529,43.862772975289126],[4.44734004791826,43.86273240415399],[4.4470107718370855,43.86273240415399],[4.446975742466748,43.8629048312876]]]},"properties":{"cle":"vivier:30156:020","nom":"30156:020","file":"vivier","sort":"retenue"}},{"type":"Feature","geometry":{"type":"Polygon","coordinates":[[[4.45715,43.866708],[4.457206,43.866713],[4.457345,43.866269],[4.457198,43.866244],[4.457161,43.866409],[4.457188,43.866499],[4.45715,43.866708]]]},"properties":{"cle":"vivier:30156:053","nom":"30156:053","file":"vivier","sort":"retenue"}},{"type":"Feature","geometry":{"type":"Polygon","coordinates":[[[4.309676717966795,43.7868496962537],[4.309888570569456,43.78689571451473],[4.310347584541886,43.7868496962537],[4.310594745911658,43.78677299907328],[4.310665363445879,43.786542906941534],[4.310488819610327,43.78647899230329],[4.309959188103677,43.78635883259842],[4.309888570569456,43.786542906941534],[4.3098179530352345,43.78664517022053],[4.309690841473639,43.786716754411756],[4.309676717966795,43.7868496962537]]]},"properties":{"cle":"vivier:30169:007","nom":"30169:007","file":"vivier","sort":"ecartee"}},{"type":"Feature","geometry":{"type":"Polygon","coordinates":[[[4.321146,43.797752],[4.320532,43.797519],[4.320972,43.796839],[4.321656,43.797085],[4.321589,43.797246],[4.321055,43.797049],[4.320771,43.797461],[4.321294,43.797637],[4.321226,43.797773],[4.321146,43.797752]]]},"properties":{"cle":"vivier:30169:011","nom":"30169:011","file":"vivier","sort":"en_cours"}},{"type":"Feature","geometry":{"type":"Polygon","coordinates":[[[4.302955,43.786758],[4.302067,43.786223],[4.302188,43.786117],[4.302835,43.786477],[4.302939,43.786497],[4.30299,43.786473],[4.303175,43.786621],[4.302955,43.786758]]]},"properties":{"cle":"vivier:30169:017","nom":"30169:017","file":"vivier","sort":"retenue"}},{"type":"Feature","geometry":{"type":"Polygon","coordinates":[[[4.306396837346256,43.78882790995189],[4.30655584204942,43.78884845764503],[4.306760276667774,43.78870873319243],[4.306703489273786,43.78864298039584],[4.306419552303851,43.788626542185405],[4.306243511382491,43.78864708994775],[4.306215117685496,43.788679966352824],[4.306311656255276,43.78875393819812],[4.306396837346256,43.78882790995189]]]},"properties":{"cle":"vivier:30169:018","nom":"30169:018","file":"vivier","sort":"en_cours"}},{"type":"Feature","geometry":{"type":"Polygon","coordinates":[[[4.200885,43.742177],[4.200708,43.742183],[4.200708,43.741932],[4.20085,43.741928],[4.200885,43.742177]]]},"properties":{"cle":"vivier:30185:004","nom":"30185:004","file":"vivier","sort":"retenue"}},{"type":"Feature","geometry":{"type":"Polygon","coordinates":[[[4.401191300712527,43.83200424291882],[4.401904558762908,43.83198731276454],[4.4018811732530585,43.831572522484315],[4.401659010909498,43.83110693812354],[4.401600547134876,43.83076832903444],[4.40112114418298,43.83085298148681],[4.4008989818394175,43.83097995994025],[4.401015909388662,43.831487871052495],[4.401191300712527,43.83200424291882]]]},"properties":{"cle":"vivier:30189:005","nom":"30189:005","file":"vivier","sort":"ecartee"}},{"type":"Feature","geometry":{"type":"Polygon","coordinates":[[[4.347409028559922,43.817538114081984],[4.347867291653529,43.817653428183775],[4.348126309923826,43.81736514251172],[4.34822593233548,43.81713451297196],[4.348524799570441,43.81668766570374],[4.348524799570442,43.81652910619188],[4.348086460959166,43.81637054625897],[4.347986838547513,43.816399375368995],[4.34795894427225,43.817004783464384],[4.347628197865561,43.81702784650854],[4.347568424418569,43.81716334171314],[4.34753654524684,43.81740838545129],[4.347409028559922,43.817538114081984]]]},"properties":{"cle":"vivier:30189:111","nom":"30189:111","file":"vivier","sort":"ecartee"}},{"type":"Feature","geometry":{"type":"MultiPolygon","coordinates":[[[[4.339790620991781,43.823225854231985],[4.340198436882925,43.82335882313267],[4.340253805875988,43.823262249586264],[4.340261525660225,43.82325043525263],[4.340262225670115,43.823249587352365],[4.339856500000001,43.823119399999996],[4.339790620991781,43.823225854231985]]],[[[4.339761994506592,43.82238991521145],[4.339560516165376,43.82274753165101],[4.339888673607232,43.82285034343354],[4.340260147348567,43.82225269602785],[4.340252615271918,43.82223920519202],[4.340231228926822,43.822220686316825],[4.340197333346669,43.822206212106266],[4.339917428855012,43.822118586975265],[4.339885073222502,43.82217380189086],[4.3398922,43.82218069999999],[4.339761994506592,43.82238991521145]]],[[[4.339767587093466,43.823057398769095],[4.339873778045829,43.82287509272747],[4.339546318583872,43.82277249961334],[4.339363636049577,43.82309096130075],[4.339682930369911,43.82318878227157],[4.339767587093466,43.823057398769095]]],[[[4.339095407331964,43.82375817643086],[4.339098075437662,43.82375833760625],[4.339100704126712,43.82375870559708],[4.3391032629064545,43.823759276134666],[4.339105722095174,43.82376004260081],[4.339212385277824,43.823798340540755],[4.33925340398104,43.82380577066833],[4.339301434407856,43.82379258155572],[4.339344094421387,43.823753408243775],[4.339377414525117,43.82370228158268],[4.339372210219216,43.823695749015904],[4.339364791160458,43.82368394586339],[4.339358970717787,43.823671681741985],[4.3393548026094155,43.823659069842286],[4.339352325303401,43.82364622656467],[4.339351561662647,43.823633270444844],[4.339352518733929,43.82362032105994],[4.339355187682902,43.82360749792481],[4.339359543875686,43.823594919389095],[4.339365547106245,43.823582701544744],[4.339529547830858,43.82329370181331],[4.339537505408512,43.82328146260629],[4.339547115002227,43.82326986150685],[4.339558280102092,43.82325901502454],[4.339570888576472,43.823249032090274],[4.339584813798159,43.82324001296232],[4.339599915916096,43.82323204821939],[4.339616043259902,43.823225217851075],[4.33963303386308,43.82321959045438],[4.339650717089622,43.82321522254501],[4.339665450586963,43.82321274144963],[4.339348738518826,43.8231157115779],[4.33895941579242,43.823732250364834],[4.339044811514582,43.82375710039338],[4.339095407331964,43.82375817643086]]]]},"properties":{"cle":"vivier:30189:108","nom":"30189:108","file":"vivier","sort":"ecartee"}},{"type":"Feature","geometry":{"type":"Polygon","coordinates":[[[4.336627135053277,43.80855188537036],[4.338226611725987,43.80938610532465],[4.338485350599513,43.80924990694429],[4.338461828883736,43.809147757955174],[4.336744743632152,43.80827948449448],[4.336650656769052,43.8083135346719],[4.336627135053277,43.80855188537036]]]},"properties":{"cle":"vivier:30189:133","nom":"30189:133","file":"vivier","sort":"ecartee"}},{"type":"Feature","geometry":{"type":"Polygon","coordinates":[[[4.378999695181847,43.830624026559356],[4.3796130060218275,43.83096366942599],[4.379973777104168,43.83071546905975],[4.379955738550052,43.83065015300234],[4.37928831204772,43.83028438175992],[4.378675001207739,43.82997086176797],[4.378584808437154,43.829853291346396],[4.378494615666568,43.83004924192037],[4.378783232532441,43.8302582551568],[4.379107926506548,43.83049339417292],[4.378999695181847,43.830624026559356]]]},"properties":{"cle":"vivier:30189:119","nom":"30189:119","file":"vivier","sort":"ecartee"}},{"type":"Feature","geometry":{"type":"MultiPolygon","coordinates":[[[[4.356790682632435,43.814816489276986],[4.3567652836363,43.81485037478775],[4.356767721576006,43.81490786889982],[4.3567754203133235,43.81492618321576],[4.356808824050528,43.81495780229128],[4.356816290208802,43.81496186007393],[4.356860143289804,43.81498397372802],[4.3568769943920564,43.814991145532886],[4.357054668434482,43.81501489859153],[4.3570564589015985,43.81501435308953],[4.35705995413078,43.81501356992693],[4.3570635385399,43.81501303861021],[4.357067177609187,43.81501276425629],[4.3570708362924595,43.8150127495073],[4.357074479354653,43.81501299450526],[4.357078071711131,43.815013496890764],[4.357081578765584,43.81501425182556],[4.3571175656867895,43.81502341238291],[4.3571576975149835,43.8150288764595],[4.357191689865959,43.815030149382366],[4.3571922468236695,43.81503019015525],[4.357192806203368,43.81503020579876],[4.35723403775357,43.81503283058647],[4.3572979437925605,43.815018529029686],[4.357327550872687,43.814998226931316],[4.357328408040155,43.81499584361214],[4.356792415633727,43.81481515536511],[4.356790682632435,43.814816489276986]]],[[[4.357053110560508,43.81561898638277],[4.3570535652565425,43.815617876651146],[4.3570540009209,43.81561676292349],[4.357090171456495,43.81553906015975],[4.357114208746181,43.81546873583731],[4.357114276433625,43.81546854092225],[4.357141061643043,43.81539260550924],[4.357141196493826,43.81539223423956],[4.357169213575938,43.815317268713756],[4.357194364532471,43.81524817498526],[4.357206858768592,43.81519027535902],[4.357202727522202,43.815146905049126],[4.357177648875658,43.81511277413712],[4.357160720539254,43.81510224967174],[4.357128351645927,43.81508339049833],[4.357056849734023,43.81506518952657],[4.357053461753937,43.81506418931204],[4.357050225479246,43.81506295345108],[4.3570471720770705,43.81506149384571],[4.357044330953361,43.81505982455277],[4.357043381457516,43.815059144625444],[4.356860329853866,43.81503467264008],[4.356859509208453,43.81503453246362],[4.356858680857634,43.81503441850313],[4.35685802634037,43.81503427917124],[4.35685736234904,43.815034165753254],[4.356856564629866,43.815033968006226],[4.356855755693722,43.81503379580206],[4.356855123188394,43.81503361068654],[4.356854477746894,43.81503345068771],[4.356853710636406,43.81503319727456],[4.356852928905474,43.81503296848512],[4.356852324503497,43.815032739368775],[4.356851703827751,43.81503253432997],[4.356850974713727,43.8150322276912],[4.356850227716433,43.815031944519866],[4.356827626569589,43.815022325502426],[4.356825614455772,43.8150213919566],[4.356812950426695,43.81501500590842],[4.356792205474133,43.81505641240248],[4.35665073796931,43.815467454697924],[4.356650230138318,43.81546876096783],[4.356611597292067,43.81555775153675],[4.356569936477278,43.815676353187804],[4.3565223819386,43.81581813094976],[4.356522356004164,43.815818194494014],[4.356522338267645,43.815818259498535],[4.356468851127943,43.81597372909332],[4.356468831212678,43.81597378665654],[4.356447891228124,43.81603397480839],[4.356517453345704,43.81604627602878],[4.356769889637492,43.81608900722647],[4.35704386706074,43.815646416905935],[4.357053110560508,43.81561898638277]]]]},"properties":{"cle":"vivier:30189:149","nom":"30189:149","file":"vivier","sort":"ecartee"}},{"type":"Feature","geometry":{"type":"Polygon","coordinates":[[[4.322134798065801,43.807041731243004],[4.322124745646226,43.80704608940604],[4.322108146804212,43.80705176202487],[4.32209196493104,43.807055939099335],[4.322226940734894,43.807203489995466],[4.322252435365942,43.80722579312442],[4.3223009744438,43.80725143941206],[4.322330102967241,43.80726090014793],[4.322360027632839,43.80726270133469],[4.322360676283301,43.80726276370965],[4.322408098002324,43.807235184640426],[4.322410563835895,43.80723388930954],[4.322413192996948,43.80723277511056],[4.322502052703414,43.807199240014654],[4.322782233663751,43.80704575094887],[4.322784881255839,43.80704445014244],[4.322787699551319,43.80704335344932],[4.322790658655935,43.807042472502424],[4.322824016263715,43.80703396764815],[4.32282721212385,43.80703328987178],[4.322830489802806,43.807032863741256],[4.322833811634911,43.807032694153484],[4.322869841385887,43.807032256977884],[4.3228733080198785,43.80703235523123],[4.3228767379071655,43.80703273281464],[4.322912127532154,43.80703810780219],[4.322915918285299,43.807036431899036],[4.3229326296420805,43.80703060757314],[4.322950057505921,43.80702601480748],[4.322968029331084,43.807022699072945],[4.3229863671864175,43.80702069319717],[4.32300488951694,43.80702001703944],[4.323023412941309,43.80702067729409],[4.323041754067343,43.807022667424235],[4.323059731307684,43.80702596772643],[4.323077166677567,43.80703054552595],[4.323088553864764,43.8070345022119],[4.3229652000000005,43.8069418],[4.322966142415348,43.80690490082328],[4.322950509376924,43.80689337019275],[4.322949816167477,43.80689283765521],[4.322940952814732,43.80688574510659],[4.32293944220403,43.80688441331634],[4.322938114421587,43.8068829829883],[4.32293698164386,43.806881467239364],[4.322936054259005,43.80687987996973],[4.322935340771612,43.80687823573552],[4.322934847724721,43.80687654961519],[4.322934579639808,43.80687483707139],[4.322934538975338,43.80687311380904],[4.3229347261042,43.806871395631354],[4.3229351393103075,43.806869698294925],[4.322935774804322,43.806868037365206],[4.322936626758412,43.80686642807381],[4.322937687359698,43.80686488517876],[4.322938946881895,43.80686342282924],[4.3229403937745134,43.806862054435726],[4.322942014768785,43.806860792547106],[4.322964010374918,43.806845234958914],[4.322987227578589,43.80682876254087],[4.3229874747234724,43.80682858960255],[4.323221108652043,43.806667351956975],[4.323222952126363,43.80666619911836],[4.32322494257401,43.806665182507246],[4.32322706087545,43.8066643118888],[4.323229286683047,43.80666359562589],[4.323231598616495,43.80666304059867],[4.323233974468202,43.80666265213854],[4.3232363914166,43.80666243397688],[4.323238826245361,43.80666238820929],[4.3232412555664075,43.8066625152754],[4.323243656044565,43.806662813954645],[4.323246004621716,43.80666328137803],[4.323248278738277,43.80666391305565],[4.323250456549911,43.80666470291987],[4.323252517137345,43.80666564338348],[4.323253611398367,43.80666625891738],[4.323254440707319,43.80666672541279],[4.323256208782707,43.806667938614176],[4.323381434274796,43.80676271997887],[4.323383028839645,43.806764051739],[4.32338443586845,43.80676549007833],[4.323385641864411,43.80676702119971],[4.323386635259122,43.80676863041603],[4.323387406523523,43.80677030229106],[4.323387948259319,43.80677202078747],[4.323388255269943,43.80677376942077],[4.323388324610406,43.806775531417394],[4.3233881556155405,43.80677728987553],[4.323387749906394,43.80677902792734],[4.323387111374671,43.80678072890073],[4.323386246145405,43.8067823764793],[4.323385162518207,43.806783954858766],[4.323383870887654,43.8067854488987],[4.323382383643575,43.80678684426764],[4.32338071505221,43.80678812758067],[4.3233631096395495,43.80680040357914],[4.323377070596612,43.806810952240696],[4.323395853727492,43.80679829057758],[4.323397698769859,43.80679716286894],[4.32339968620378,43.80679617014014],[4.323401797271751,43.80679532176059],[4.323404012049406,43.80679462573735],[4.3234063096335635,43.8067940886395],[4.323408668339511,43.80679371553622],[4.3234110659056695,43.80679350994888],[4.323413479703696,43.806793473817784],[4.323415886952049,43.80679360748398],[4.3234182649310045,43.806793909685894],[4.323420591197082,43.806794377571336],[4.323422843794873,43.806795006724386],[4.323425001464246,43.80679579120708],[4.323427043841007,43.806796723615406],[4.323428951649104,43.806797795149265],[4.3234307068825375,43.806798995695466],[4.323629283604815,43.806948687149784],[4.323630880521292,43.806950015305084],[4.323632290553886,43.80695145013181],[4.3236334330671005,43.80695289310218],[4.323709999999999,43.806899],[4.323830422068232,43.806986634338976],[4.323830569297181,43.806986610446245],[4.323832973305198,43.806986395335244],[4.323835394810708,43.806986350740445],[4.323837810808352,43.8069864770855],[4.323840198345101,43.80698677317008],[4.32384253473831,43.80698723618127],[4.323844797791222,43.80698786172024],[4.323846966003845,43.80698864384411],[4.3238490187772065,43.80698957512235],[4.323850936609054,43.806990646707426],[4.323852701279133,43.8069918484188],[4.323993087348209,43.80709724518324],[4.3239934394557835,43.80709753691008],[4.323993796066951,43.807097800126854],[4.324024197179815,43.80712263129199],[4.32402568738158,43.80712397257242],[4.324026993811517,43.807125410829556],[4.324028104516247,43.80712693290389],[4.324029009333205,43.80712852486896],[4.324029699983621,43.8071301721589],[4.324030170148272,43.807131859701535],[4.324030415525296,43.80713357205648],[4.324030433869565,43.8071352935563],[4.324030225013212,43.80713700844988],[4.32402979086718,43.80713870104654],[4.324029135403731,43.80714035585963],[4.324028264620105,43.807141957748186],[4.324027186483651,43.807143492055474],[4.324025910858923,43.80714494474316],[4.324024449417426,43.807146302519605],[4.324022815530829,43.80714755296168],[4.324005729102191,43.80715943574189],[4.323948288891433,43.80719970887111],[4.323947935128167,43.80719995208007],[4.32392346194703,43.80721644951015],[4.32392160565393,43.807217583447425],[4.323919605402096,43.80721858076099],[4.323917480291722,43.80721943192756],[4.323915250615256,43.80722012881949],[4.32391293766365,43.8072206647822],[4.323910563523039,43.80722103469783],[4.323908150863845,43.80722123503412],[4.323905722724306,43.80722126387805],[4.3239033022904785,43.807221120954196],[4.3239009126748345,43.80722080762736],[4.323898576695573,43.80722032688943],[4.323896316658713,43.80721968333093],[4.323894154145116,43.80721888309712],[4.323892109804394,43.8072179338294],[4.323890203157739,43.80721684459219],[4.3238884524115155,43.80721562578651],[4.323734799064318,43.807097667391375],[4.32369566175917,43.80712472456861],[4.3239686,43.8073289],[4.324112100000001,43.807224299999994],[4.3243087000000004,43.807205200000006],[4.3237068,43.806744099999996],[4.3234319,43.806541900000006],[4.323263123095284,43.80641595429033],[4.323251145005154,43.80642501874844],[4.3232372042504865,43.80643367558308],[4.323222154865308,43.80644129687575],[4.323021204390282,43.806532730073386],[4.323068027638683,43.806583616347524],[4.323069313069928,43.80658517908058],[4.3230703741260585,43.806586827799144],[4.323071199968583,43.80658854566187],[4.32307178216166,43.806590315121156],[4.323072114758285,43.806592118102294],[4.323072194361024,43.80659393618823],[4.323072020156728,43.80659575080756],[4.323071593924831,43.806597543424296],[4.323053089638969,43.806657168821836],[4.323052463388215,43.8066588166755],[4.323051624127507,43.80666041407785],[4.323050579425354,43.80666194662334],[4.323049338702945,43.806663400491395],[4.323047913149207,43.8066647625709],[4.323046315619888,43.80666602057847],[4.32304456052163,43.80666716316932],[4.323042663682053,43.806668180039466],[4.323022373042825,43.806678013056256],[4.323020999999999,43.8066828],[4.3228599,43.80679390000002],[4.322826499999999,43.8067928],[4.322813938762562,43.806779014849326],[4.322811984129443,43.80677986457665],[4.322809779651041,43.806780620914544],[4.322807483404661,43.80678121708918],[4.322805117514195,43.8067816473565],[4.3228027047745385,43.80678190757097],[4.32280026843197,43.80678199522547],[4.322797831960179,43.80678190947549],[4.322795418834103,43.80678165114719],[4.3227930523037426,43.806781222729505],[4.322790755170162,43.80678062835018],[4.322788549565795,43.806779873735934],[4.322788479306183,43.80677984326701],[4.322744848488657,43.806799733787095],[4.322745117919334,43.806801100422746],[4.322745224362813,43.80680286445472],[4.322745091611219,43.806804627550974],[4.3227447209422785,43.806806372741484],[4.3227441159237046,43.806808083228574],[4.322743282378852,43.80680974254863],[4.322742228330674,43.806811334730455],[4.322740963924494,43.80681284444914],[4.322739501330363,43.806814257173414],[4.322737854625918,43.80681555930567],[4.322736039660881,43.8068167383127],[4.322734073904509,43.80681778284639],[4.322733947277906,43.806817843443824],[4.322769599999999,43.806856399999994],[4.3226063,43.806969399999986],[4.322547708852152,43.806905948360864],[4.322545638756905,43.80690631557413],[4.322543223812624,43.80690656562277],[4.322540786651521,43.806906642993646],[4.322538350758041,43.80690654694119],[4.32253593960442,43.80690627839099],[4.322533576424497,43.8069058399308],[4.322531283989836,43.80690523578561],[4.322529084390298,43.806904471776924],[4.322526998821185,43.80690355526675],[4.322526867027317,43.80690348366573],[4.3221592,43.80706820000001],[4.322134798065801,43.807041731243004]]]},"properties":{"cle":"vivier:30189:153","nom":"30189:153","file":"vivier","sort":"ecartee"}},{"type":"Feature","geometry":{"type":"Polygon","coordinates":[[[4.333948,43.827187],[4.333634,43.827055],[4.333935,43.826616],[4.334182,43.826696],[4.33401,43.827095],[4.334262,43.827087],[4.334552,43.82699],[4.33475,43.826727],[4.334884,43.827165],[4.334514,43.827134],[4.334412,43.827172],[4.334493,43.827405],[4.334332,43.827513],[4.333999,43.827316],[4.33416,43.827203],[4.333948,43.827187]]]},"properties":{"cle":"vivier:30189:304","nom":"30189:304","file":"vivier","sort":"ecartee"}},{"type":"Feature","geometry":{"type":"Polygon","coordinates":[[[4.359794987831264,43.845171218452585],[4.360544120427221,43.845441914557725],[4.360646274872124,43.845343479752536],[4.360629249131306,43.845171218452585],[4.360714377835392,43.844949738907445],[4.3604249402415,43.84485130329006],[4.360271708574145,43.84477747647048],[4.360101451165975,43.84477747647048],[4.359931193757801,43.8448020854205],[4.359835849609226,43.84490052111907],[4.359794987831264,43.845171218452585]]]},"properties":{"cle":"vivier:30189:138","nom":"30189:138","file":"vivier","sort":"ecartee"}},{"type":"Feature","geometry":{"type":"Polygon","coordinates":[[[4.3274713307619095,43.83043588559912],[4.327795710414648,43.83056139863243],[4.327908866107464,43.830348572028946],[4.328180439770222,43.82996657365767],[4.328210614621638,43.82958457284146],[4.328097458928823,43.82938811432684],[4.328022021800279,43.8294263146442],[4.327848516404629,43.829802859321525],[4.327727816998959,43.82991200226218],[4.327463787049056,43.830321286512095],[4.3274713307619095,43.83043588559912]]]},"properties":{"cle":"vivier:30189:141","nom":"30189:141","file":"vivier","sort":"retenue"}},{"type":"Feature","geometry":{"type":"MultiPolygon","coordinates":[[[[4.3935595,43.832484699999995],[4.393576200000001,43.83282140000002],[4.393586700000001,43.833094499999994],[4.3939533,43.832976300000006],[4.3938554,43.83281929999998],[4.3936355,43.83247000000001],[4.3935595,43.832484699999995]]],[[[4.3938989,43.833318500000004],[4.393870300000001,43.83331460000001],[4.3938445,43.833286199999996],[4.3938612,43.833221599999995],[4.3937634,43.83321349999998],[4.3937580999999994,43.833153900000006],[4.3937288,43.83311309999999],[4.393530899999999,43.8331927],[4.393333,43.83328750000001],[4.3932237999999995,43.83368210000001],[4.393636161058467,43.833742692405],[4.393703491668816,43.83351822624365],[4.393719875975146,43.83342805626898],[4.393691268567061,43.83337078806516],[4.393660572331295,43.833359171812425],[4.393657942041696,43.83335805420028],[4.393655475746868,43.833356755341896],[4.393653197198586,43.83335528774598],[4.393651128340524,43.83335366554636],[4.393649289096909,43.83335190436565],[4.393647697180655,43.833350021165046],[4.393646367922771,43.833348034080764],[4.393645314124711,43.83334596224957],[4.393644545935107,43.83334382562432],[4.39364407075201,43.83334164478189],[4.39364389315166,43.83333944072496],[4.393644014844415,43.83333723467987],[4.393644434658268,43.83333504789196],[4.393645148550152,43.83333290142125],[4.393646149644868,43.833330815939405],[4.393647428301296,43.83332881153074],[4.393648972205255,43.83332690749879],[4.39365076648809,43.833325122180426],[4.393652793869864,43.83332347276922],[4.393655034825781,43.8333219751499],[4.39365746777421,43.83332064374534],[4.39366006928454,43.83331949137766],[4.393662814302817,43.833318529144826],[4.393665676393038,43.8333177663136],[4.393668627991735,43.83331721023051],[4.39367164067343,43.83331686625089],[4.393674685424384,43.833316737687475],[4.393677732922013,43.8333168257784],[4.393680753817289,43.83331712967529],[4.393683719017366,43.83331764645145],[4.39368659996578,43.83331837113005],[4.39368936891745,43.83331929673208],[4.393730781451687,43.833334968303916],[4.393733270858775,43.83333601951033],[4.3937356150444895,43.83333723312519],[4.393737793850586,43.8333385987123],[4.39373978854096,43.83334010452863],[4.393741581962757,43.8333417376253],[4.39374315869388,43.83334348395889],[4.3937445051756026,43.833345328512294],[4.393745609829167,43.83334725542368],[4.393780903108927,43.833417907706796],[4.393781778098404,43.83341996110005],[4.393782378464206,43.83342206555629],[4.393782698729042,43.83342420187618],[4.393782735971039,43.8334263505696],[4.393782489850397,43.833428492033626],[4.393764950260349,43.833525020618474],[4.393764507954956,43.83352686046964],[4.39369708237286,43.83375164405057],[4.3937662,43.83376180000001],[4.3938989,43.833318500000004]],[[4.393561003657729,43.83348640523483],[4.393558728670713,43.83348577617393],[4.393556549612834,43.833484989019105],[4.393554487389928,43.83348405132232],[4.3935525617869144,43.8334829720798],[4.393550791277974,43.83348176164579],[4.393549192849325,43.833480431633184],[4.393547781836242,43.83347899480204],[4.3935465717759365,43.833477464937324],[4.39354557427768,43.83347585671651],[4.39354479891143,43.83347418556884],[4.3935442531160085,43.83347246752726],[4.393543942127744,43.8334707190746],[4.393543868930227,43.833468956985456],[4.393544034225688,43.83346719816531],[4.393544436428268,43.83346545948818],[4.393559980140314,43.833413911481614],[4.393558096110136,43.83341309023221],[4.393556113214067,43.83341201794274],[4.3935542874224325,43.8334108082515],[4.393552636828923,43.83340947314657],[4.393551177790998,43.83340802585892],[4.393549924767791,43.833406480731284],[4.393548890176815,43.83340485307594],[4.393548084270901,43.83340315902304],[4.393547515036601,43.83340141536076],[4.393547188115032,43.83339963936884],[4.393547106745981,43.83339784864749],[4.393547271735798,43.83339606094283],[4.393547681449402,43.83339429397111],[4.3935534355384105,43.8333753195813],[4.393554057612597,43.833373653976516],[4.393554897155257,43.8333720391455],[4.393555946450685,43.83337048992912],[4.393557195855482,43.83336902056521],[4.393558633887173,43.833367644557725],[4.393560247329742,43.83336637455267],[4.393562021355095,43.83336522222176],[4.393563939659322,43.833364198155344],[4.393565984612551,43.83336331176496],[4.393568137420961,43.833362571196815],[4.3935703782995095,43.83336198325697],[4.393572686653762,43.83336155334882],[4.393575041269162,43.83336128542334],[4.393577420505994,43.83336118194286],[4.393579802498268,43.83336124385843],[4.393582165354673,43.83336147060097],[4.393600875546999,43.833363931664444],[4.393601697133544,43.833364050115996],[4.393644133236723,43.83337070822778],[4.393646492128588,43.83337116720334],[4.3936487774218085,43.833371791518104],[4.393650967059503,43.83337257514638],[4.393653039908022,43.833373510524886],[4.393654975960929,43.83337458862563],[4.3936567565320805,43.83337579904318],[4.393658364435995,43.83337713009498],[4.393659784153708,43.833378568934165],[4.393661001982567,43.833380101673534],[4.393662006168478,43.83338171351961],[4.3936627870193545,43.83338338891537],[4.393663336998663,43.83338511169048],[4.393663650798165,43.833386865217285],[4.39366372538915,43.83338863257129],[4.393663560051668,43.83339039669462],[4.3936631563814785,43.833392140560484],[4.393636696476054,43.833479782684854],[4.393636076099724,43.833481449703264],[4.393635237929947,43.83348306602391],[4.393634189679102,43.83348461677425],[4.3936329409926325,43.833486087685095],[4.393631503360283,43.83348746522188],[4.393629890010386,43.83348873670927],[4.393628115788136,43.83348989044763],[4.393626197018996,43.83349091582091],[4.393624151358479,43.83349180339414],[4.3936219976296815,43.833492545000325],[4.393619755650101,43.8334931338156],[4.3936174460492685,43.83349356442201],[4.393615090078934,43.83349383285729],[4.393612709417519,43.83349393665148],[4.393610325970637,43.83349387484949],[4.393607961669533,43.83349364802001],[4.393595488179294,43.83349200731207],[4.393594558408624,43.833491871704254],[4.393563352747712,43.83348687016661],[4.393561003657729,43.83348640523483]],[[4.393322372757722,43.83356424930271],[4.393384520897673,43.833563455371255],[4.3933856176885335,43.833608443439054],[4.393323469499682,43.83360923737114],[4.393322372757722,43.83356424930271]]]]},"properties":{"cle":"vivier:30189:181","nom":"30189:181","file":"vivier","sort":"ecartee"}},{"type":"Feature","geometry":{"type":"Polygon","coordinates":[[[4.364365283399819,43.818703628012265],[4.364526425488293,43.81878134257964],[4.364956137724221,43.81884934274309],[4.36505013727583,43.818781342579626],[4.365036708768457,43.81864534202036],[4.365063565783203,43.81833448243599],[4.36490242369473,43.81825676728701],[4.364633853547275,43.81820819526753],[4.364432425936684,43.81835391120742],[4.36436528339982,43.818548198574106],[4.364365283399819,43.818703628012265]]]},"properties":{"cle":"vivier:30189:273","nom":"30189:273","file":"vivier","sort":"ecartee"}},{"type":"Feature","geometry":{"type":"Polygon","coordinates":[[[4.334662,43.825573],[4.334774,43.825395],[4.334383,43.82529],[4.334208,43.825252],[4.334042,43.825314],[4.333935,43.825437],[4.334066,43.82548],[4.333908,43.825724],[4.334506,43.825881],[4.334662,43.825573]]]},"properties":{"cle":"vivier:30189:112","nom":"30189:112","file":"vivier","sort":"retenue"}},{"type":"Feature","geometry":{"type":"Polygon","coordinates":[[[4.324998,43.807711],[4.324606,43.807419],[4.324,43.80781],[4.32445,43.808103],[4.324998,43.807711]]]},"properties":{"cle":"vivier:30189:185","nom":"30189:185","file":"vivier","sort":"en_cours"}},{"type":"Feature","geometry":{"type":"Polygon","coordinates":[[[4.356042,43.821205],[4.356527,43.821287],[4.356983,43.820876],[4.356599,43.820617],[4.356146,43.821016],[4.356066,43.821128],[4.356042,43.821205]]]},"properties":{"cle":"vivier:30189:184","nom":"30189:184","file":"vivier","sort":"en_cours"}},{"type":"Feature","geometry":{"type":"Polygon","coordinates":[[[4.333597,43.824623],[4.333372,43.824576],[4.333887,43.823918],[4.333441,43.823786],[4.333511,43.823647],[4.333779,43.823701],[4.333972,43.823527],[4.334246,43.823655],[4.333597,43.824623]]]},"properties":{"cle":"vivier:30189:170","nom":"30189:170","file":"vivier","sort":"retenue"}},{"type":"Feature","geometry":{"type":"Polygon","coordinates":[[[4.328686,43.830471],[4.328436,43.83006],[4.328385,43.829764],[4.328595,43.829683],[4.328766,43.829716],[4.328798,43.830349],[4.329182,43.830472],[4.329265,43.830333],[4.329367,43.830337],[4.329134,43.829878],[4.329163,43.829865],[4.329254,43.829981],[4.329431,43.830362],[4.329337,43.830517],[4.329198,43.830501],[4.328989,43.830432],[4.32886,43.830625],[4.328833,43.830621],[4.328817,43.830511],[4.328718,43.830521],[4.328686,43.830471]]]},"properties":{"cle":"vivier:30189:226","nom":"30189:226","file":"vivier","sort":"retenue"}},{"type":"Feature","geometry":{"type":"Polygon","coordinates":[[[4.331014,43.82189],[4.330389,43.821685],[4.331561,43.821102],[4.331014,43.82189]]]},"properties":{"cle":"vivier:30189:172","nom":"30189:172","file":"vivier","sort":"retenue"}},{"type":"Feature","geometry":{"type":"Polygon","coordinates":[[[4.335496,43.822636],[4.335254,43.822572],[4.335501,43.822171],[4.33537,43.822124],[4.335201,43.822092],[4.335034,43.822305],[4.334267,43.822066],[4.334297,43.822002],[4.334989,43.822233],[4.335051,43.822132],[4.334377,43.821923],[4.334391,43.821888],[4.335075,43.822092],[4.335163,43.822045],[4.335405,43.822103],[4.335429,43.822033],[4.335807,43.822152],[4.335496,43.822636]]]},"properties":{"cle":"vivier:30189:300","nom":"30189:300","file":"vivier","sort":"ecartee"}},{"type":"Feature","geometry":{"type":"Polygon","coordinates":[[[4.331977693364023,43.81691270255896],[4.33251748792827,43.81691270255896],[4.332551225088537,43.816521999732174],[4.332146379165351,43.81642432362605],[4.331977693364025,43.81657083772534],[4.331977693364023,43.81691270255896]]]},"properties":{"cle":"vivier:30189:212","nom":"30189:212","file":"vivier","sort":"ecartee"}},{"type":"Feature","geometry":{"type":"Polygon","coordinates":[[[4.331062,43.831213],[4.33081,43.831161],[4.33089,43.830968],[4.330697,43.830908],[4.330432,43.830799],[4.33059,43.830524],[4.330652,43.83053],[4.330518,43.830788],[4.330695,43.830853],[4.330882,43.830526],[4.331188,43.830604],[4.331156,43.830673],[4.331215,43.830697],[4.331175,43.830766],[4.33133,43.830797],[4.331312,43.830851],[4.331161,43.830813],[4.331097,43.83082],[4.330901,43.831136],[4.331078,43.831173],[4.331202,43.830981],[4.331285,43.830997],[4.331132,43.831221],[4.331062,43.831213]]]},"properties":{"cle":"vivier:30189:253","nom":"30189:253","file":"vivier","sort":"retenue"}},{"type":"Feature","geometry":{"type":"Polygon","coordinates":[[[4.333378486311077,43.812950409528604],[4.33331581695562,43.81305453360215],[4.333315936143336,43.81305465159159],[4.333316373505307,43.813055132407015],[4.333316850932549,43.81305559280316],[4.333434122818992,43.813181061259634],[4.333436417813565,43.813183808656134],[4.333438314594841,43.813186710978584],[4.333439793449329,43.81318973806282],[4.333452361868867,43.813220344764595],[4.333484599999999,43.8132585],[4.333543360802248,43.81330171422892],[4.333561140575377,43.81325358971754],[4.333557153139482,43.81325288833398],[4.3335547973764985,43.813252383476886],[4.3335525219528375,43.81325171267124],[4.333550349100917,43.813250882471195],[4.33354830005096,43.81324990098843],[4.333546394823554,43.81324877781267],[4.333544652034048,43.81324752391805],[4.333543088710654,43.813246151556044],[4.333541720128076,43.81324467413549],[4.333540559658268,43.81324310609183],[4.333539618639781,43.81324146274585],[4.333538906266976,43.81323976015417],[4.33353842950019,43.81323801495223],[4.3335381929977315,43.813236244191835],[4.333538199070363,43.81323446517449],[4.3335384476587295,43.813232695282366],[4.3335389363339365,43.81323095180849],[4.333621699690047,43.812995934774186],[4.333621720218784,43.812995886462545],[4.3336217342618175,43.81299583773208],[4.333624009914694,43.81298952277168],[4.333677765791182,43.8128403492432],[4.333678490498011,43.812838676375556],[4.333679436541951,43.81283706250668],[4.333680594945377,43.81283552295164],[4.333681954715453,43.81283407232019],[4.333683502948456,43.81283272437832],[4.33368522495222,43.81283149191748],[4.333687104385562,43.81283038663324],[4.3336891234133565,43.81282941901438],[4.333691262875781,43.81282859824319],[4.333693502470135,43.812827932108526],[4.333695820943508,43.81282742693172],[4.333698196294461,43.81282708750671],[4.333700605981804,43.81282691705453],[4.33370243771209,43.81282691715907],[4.333712786277222,43.8127976934947],[4.333713507988632,43.81279600488768],[4.333714454966284,43.812794375691226],[4.333715618075661,43.81279282162048],[4.333716986097449,43.81279135766591],[4.333718545835766,43.81278999794879],[4.333720282245439,43.81278875558485],[4.333722178577144,43.81278764255786],[4.333724216538953,43.812786669604044],[4.3337263764727885,43.81278584610845],[4.333728637544039,43.81278518001447],[4.333730977942531,43.81278467774724],[4.333733375092904,43.812784344151545],[4.333735805872375,43.812784182445284],[4.333738246833779,43.81278419418826],[4.333740674431733,43.812784379267164],[4.333743065249759,43.812784735896784],[4.3338001580150145,43.812795392812106],[4.3338131,43.8127596],[4.333827549956403,43.812733399464214],[4.333788869228025,43.81272398994368],[4.333786569905828,43.812723336859364],[4.333784371450326,43.81272252174199],[4.333782295572115,43.81272155264112],[4.33378036277129,43.81272043912705],[4.333778592135004,43.81271919219613],[4.333777001148962,43.81271782416229],[4.333775605524755,43.81271634853542],[4.333774419044691,43.81271477988784],[4.333773453425702,43.81271313371063],[4.333772718203626,43.81271142626036],[4.333772220639045,43.81270967439879],[4.333771965645574,43.81270789542621],[4.33377195574135,43.81270610691065],[4.333772191024156,43.81270432651441],[4.3337726691704646,43.81270257181953],[4.333773385458378,43.81270086015432],[4.33384421197879,43.81255766943059],[4.333819956728416,43.81254443203107],[4.333818097358413,43.812543310443814],[4.3338163974304695,43.81254206322905],[4.33381487306047,43.81254070221081],[4.333813538699948,43.812539240292],[4.3338124069990815,43.812537691332096],[4.333811488686757,43.81253607001577],[4.33381079246887,43.81253439171368],[4.333810324945785,43.812532672336665],[4.333810090549752,43.812530928185],[4.333810091502905,43.81252917579382],[4.333810327796187,43.81252743177641],[4.333810797189438,43.81252571266662],[4.333811495232629,43.812524034762184],[4.333812415308063,43.8125224139702],[4.333813548693098,43.8125208656563],[4.333814884642854,43.81251940449903],[4.333822531379116,43.81251186595975],[4.3338369655386995,43.812497636028574],[4.333824599999999,43.812491000000016],[4.3339889,43.812307700000005],[4.333820199999999,43.812204699999995],[4.3336622,43.81235999999999],[4.333676355992062,43.81239463092164],[4.333719208204677,43.812345532538515],[4.333720832187972,43.812343910401765],[4.3338292332486725,43.81224898248505],[4.333830672334378,43.81224784125531],[4.333832258962431,43.81224680766516],[4.333833977852736,43.812245891668645],[4.333835812451445,43.812245102087296],[4.333837745090379,43.81224444652519],[4.333839757157178,43.81224393129576],[4.33384182927455,43.812243561360944],[4.333843941486891,43.81224334028341],[4.333846073452453,43.81224327019224],[4.333848204639264,43.812243351762476],[4.333850314522845,43.81224358420852],[4.333852382783878,43.81224396529183],[4.3338543895038955,43.81224449134235],[4.3338563153571,43.81224515729391],[4.333858141796481,43.81224595673308],[4.3338598512324396,43.81224688196079],[4.333861427202175,43.81224792406661],[4.333862854528238,43.812249073014506],[4.3338641194647005,43.81225031773948],[4.333865209829525,43.81225164625417],[4.333866115121894,43.812253045764244],[4.333866826623339,43.81225450279166],[4.333867337481696,43.812256003304455],[4.333867642777105,43.81225753285188],[4.3338677395693885,43.81225907670354],[4.333867626926369,43.81226061999132],[4.333867305932841,43.8122621478525],[4.333866779680134,43.81226364557296],[4.333866053236331,43.81226509872881],[4.333865133597476,43.81226649332535],[4.333864029620175,43.81226781593189],[4.333862751936329,43.81226905381097],[4.333755234278558,43.812363208173934],[4.333692767649887,43.812434780002775],[4.333683012637287,43.81244595689696],[4.333462290912936,43.812811168962526],[4.333378486311077,43.812950409528604]]]},"properties":{"cle":"vivier:30189:271","nom":"30189:271","file":"vivier","sort":"ecartee"}},{"type":"Feature","geometry":{"type":"Polygon","coordinates":[[[4.330858915345742,43.830204021633485],[4.331332580186426,43.830282426674096],[4.331549112685025,43.830282426674096],[4.331670912215486,43.83015501843084],[4.331630312371998,43.830017809249306],[4.331359646748752,43.82995900521779],[4.3310077814385295,43.82997860656807],[4.330872448626906,43.83003741058026],[4.330858915345742,43.830204021633485]]]},"properties":{"cle":"vivier:30189:252","nom":"30189:252","file":"vivier","sort":"ecartee"}},{"type":"Feature","geometry":{"type":"Polygon","coordinates":[[[4.328474,43.828466],[4.327948,43.828286],[4.327691,43.828706],[4.328055,43.828804],[4.328173,43.828578],[4.328385,43.828634],[4.328474,43.828466]]]},"properties":{"cle":"vivier:30189:144","nom":"30189:144","file":"vivier","sort":"retenue"}},{"type":"Feature","geometry":{"type":"MultiPolygon","coordinates":[[[[4.344503799999999,43.8463673],[4.344498300000001,43.8463934],[4.344472799999999,43.84641860000001],[4.3444734,43.8464819],[4.344456599999999,43.846511100000015],[4.344472,43.846555800000004],[4.3446058,43.846697100000014],[4.3447971,43.84681860000001],[4.3449399,43.8468643],[4.34515846804663,43.84686501517704],[4.345194116926139,43.84682936595262],[4.3452354677230485,43.84677628546548],[4.34508876254892,43.84681600910633],[4.345086456433341,43.84681654247547],[4.345084089584741,43.84681691103194],[4.345081684434323,43.84681711128283],[4.345079263776291,43.846817141330334],[4.345076850551809,43.84681700088965],[4.345074467631602,43.84681669129179],[4.345072137599186,43.846816215470895],[4.3450698825368494,43.846815577936425],[4.345067723816367,43.84681478473044],[4.345065681896454,43.84681384337039],[4.345063776128879,43.84681276277771],[4.345062024575057,43.8468115531935],[4.34506044383488,43.84681022608124],[4.34505904888939,43.846808794018315],[4.345057852958812,43.846807270576754],[4.345056867377246,43.84680567019452],[4.345016547128892,43.84673056399525],[4.345015770028915,43.84672887279023],[4.345015227857593,43.8467271342533],[4.345014925931399,43.84672536543243],[4.345014867210973,43.84672358367253],[4.345015052272102,43.84672180644537],[4.345015479300068,43.84672005117835],[4.345016144107446,43.84671833508345],[4.34501704017517,43.84671667498855],[4.345018158716454,43.846715087172406],[4.345019488762955,43.84671358720502],[4.345021017272333,43.84671218979497],[4.345022729256142,43.846710908645086],[4.3450246079268044,43.846709756318255],[4.345026634862224,43.84670874411407],[4.345028790186444,43.84670788195811],[4.345031052764535,43.84670717830464],[4.345043151557373,43.846703919124316],[4.34499874893014,43.846701997135476],[4.344996226186779,43.84670179401833],[4.344993745192753,43.84670140584976],[4.3449913317946525,43.84670083667368],[4.344989011134854,43.84670009241965],[4.344986807389609,43.84669918084119],[4.344984743517159,43.84669811143498],[4.344982841018577,43.8466968953419],[4.344981119713767,43.846695545231036],[4.344929075259221,43.846650293086284],[4.3449729900714384,43.84674175139524],[4.34497367551312,43.846743441485465],[4.344974129405233,43.84674517197191],[4.344974347400595,43.84674692628083],[4.344974327411324,43.84674868761024],[4.344974069628846,43.84675043909099],[4.344973576522061,43.846752163948175],[4.344972852813692,43.84675384566197],[4.344972137809176,43.84675507016593],[4.3449723,43.846755400000006],[4.34497187094038,43.846755514070324],[4.344970743459696,43.846757015800115],[4.344969378016441,43.84675847386238],[4.344967822182859,43.84675982834781],[4.344966090859989,43.84676106628379],[4.344964200629627,43.84676217581393],[4.344962169595512,43.846763146311694],[4.344960017209944,43.846763968482065],[4.3449577640874715,43.8467646344507],[4.344947358340558,43.846767288096046],[4.344951547585923,43.8467765001196],[4.344952188800573,43.84677818005553],[4.344952602495087,43.84677989699978],[4.344952784790224,43.84678163485251],[4.344952733976583,43.84678337731791],[4.344952450530617,43.84678510805682],[4.3449519371101895,43.84678681084005],[4.344951198529629,43.84678846970058],[4.34495076966234,43.84678918658202],[4.344951100000001,43.8467899],[4.34495019483887,43.84679013038379],[4.344949075637168,43.84679159399063],[4.344947711231641,43.846793030123585],[4.344946161292069,43.8467943640155],[4.344944440352258,43.84679558315844],[4.344942564549491,43.846796676120455],[4.34494055147321,43.84679763265282],[4.344938420000072,43.8467984437861],[4.344936190116952,43.84679910191429],[4.344858309204177,43.84681896283464],[4.344855961978144,43.84681946887409],[4.344853557357426,43.84681980536577],[4.344851118664121,43.846819969046074],[4.344848669550796,43.846819958327494],[4.344846233771084,43.84681977331398],[4.344843834949288,43.846819415799985],[4.344841496351271,43.846818889252944],[4.344839240658785,43.8468181987798],[4.34483708974949,43.846817351077355],[4.344835064484767,43.84681635436736],[4.344833184507382,43.84681521831678],[4.34483146805098,43.84681395394399],[4.344829931763232,43.84681257351201],[4.344828590544367,43.84681109040947],[4.344827457402677,43.84680951902076],[4.344826543328328,43.846807874586545],[4.344557590147459,43.84624550228659],[4.344543158911478,43.846249409803924],[4.34454309672512,43.84624942412057],[4.344543034399649,43.84624944324371],[4.344489892123943,43.84626359877188],[4.344487557185802,43.84626412790733],[4.344485942266071,43.84626437095055],[4.3444851,43.846295400000024],[4.344503799999999,43.8463673]]],[[[4.344952026690069,43.84609276277041],[4.344832717007361,43.84613040738858],[4.344772711467998,43.84616255811736],[4.3447642229335415,43.846182091044376],[4.344790441736525,43.84626149082025],[4.344970144978664,43.84662973570404],[4.345012462141541,43.846666530044814],[4.34504575081238,43.846667970959146],[4.345201056853761,43.84663315970107],[4.3451938010836715,43.846628725862374],[4.345181001884907,43.84661919372274],[4.345169560059733,43.846608796795024],[4.345159586543355,43.846597635884265],[4.345123586627851,43.846552635829134],[4.345120018482618,43.84654796505259],[4.34497501889736,43.84634896482558],[4.344966595954249,43.84633571599074],[4.344960197111279,43.84632188683683],[4.3449558970589495,43.846307638787906],[4.344953745989016,43.84629313815755],[4.34494474638877,43.84617013814162],[4.3449446630004775,43.846157111446864],[4.344946315004076,43.846144139594884],[4.344949687012974,43.846131343395015],[4.344962997330443,43.84609141285673],[4.344952026690069,43.84609276277041]]]]},"properties":{"cle":"vivier:30189:282","nom":"30189:282","file":"vivier","sort":"ecartee"}},{"type":"Feature","geometry":{"type":"Polygon","coordinates":[[[4.369212105411166,43.8464051163112],[4.369211997684162,43.84640497725597],[4.369211875942033,43.846404844395664],[4.369181153800364,43.84636745436449],[4.3690698890105635,43.84623340964329],[4.368994973669442,43.84626693338084],[4.368994902494107,43.84626696511138],[4.368080094562537,43.846673253717746],[4.367935909975804,43.846747337237225],[4.367943768939034,43.846778160749174],[4.3679689154973005,43.8468156164784],[4.369222968665674,43.846417653927475],[4.369212105411166,43.8464051163112]]]},"properties":{"cle":"vivier:30189:290","nom":"30189:290","file":"vivier","sort":"ecartee"}},{"type":"Feature","geometry":{"type":"Polygon","coordinates":[[[4.331572,43.821817],[4.331199,43.821751],[4.331695,43.821056],[4.331808,43.8211],[4.33169,43.821306],[4.331765,43.821319],[4.331607,43.821552],[4.331727,43.821586],[4.331572,43.821817]]]},"properties":{"cle":"vivier:30189:475","nom":"30189:475","file":"vivier","sort":"retenue"}},{"type":"Feature","geometry":{"type":"Polygon","coordinates":[[[4.381380379199982,43.84482866408265],[4.3814608454704285,43.84512850442441],[4.382117986679076,43.84489637009801],[4.382091164588928,43.84474161337855],[4.381876587867737,43.844770630294036],[4.381608366966248,43.844751285685284],[4.381380379199982,43.84482866408265]]]},"properties":{"cle":"vivier:30189:338","nom":"30189:338","file":"vivier","sort":"ecartee"}},{"type":"Feature","geometry":{"type":"Polygon","coordinates":[[[4.390886127948762,43.84400457899321],[4.391368925571442,43.84439147481912],[4.391610324382782,43.844265733950905],[4.391435980796814,43.844110975595484],[4.391328692436217,43.84405294110867],[4.391315281391144,43.84392719952693],[4.391060471534728,43.84387883730953],[4.390886127948762,43.84395621683852],[4.390886127948762,43.84400457899321]]]},"properties":{"cle":"vivier:30189:312","nom":"30189:312","file":"vivier","sort":"retenue"}},{"type":"Feature","geometry":{"type":"Polygon","coordinates":[[[4.387614,43.844766],[4.387313,43.844675],[4.38756,43.844131],[4.387769,43.844174],[4.387641,43.844487],[4.387791,43.844526],[4.387614,43.844766]]]},"properties":{"cle":"vivier:30189:249","nom":"30189:249","file":"vivier","sort":"retenue"}},{"type":"Feature","geometry":{"type":"Polygon","coordinates":[[[4.3582114577293405,43.84380145768013],[4.358694255352021,43.843859492411596],[4.358707666397096,43.84362735314704],[4.358734488487243,43.843549973191465],[4.358680844306947,43.843491938158905],[4.358278512954711,43.843491938158905],[4.358224868774414,43.84358866318178],[4.3582114577293405,43.84380145768013]]]},"properties":{"cle":"vivier:30189:284","nom":"30189:284","file":"vivier","sort":"ecartee"}},{"type":"Feature","geometry":{"type":"Polygon","coordinates":[[[4.319786699999999,43.804390500000004],[4.319696977464659,43.80444130562407],[4.319757852855475,43.80450331974872],[4.31975832580729,43.80450381138352],[4.320234764565151,43.80500924890294],[4.32023548195063,43.80501003494094],[4.320558578256955,43.805375827542825],[4.320551461754075,43.8053218244447],[4.320550619975187,43.80530849718033],[4.320551598869955,43.80529517482948],[4.320554388874681,43.80528198753296],[4.320558962733689,43.8052690641121],[4.32056527576562,43.80525653081062],[4.320573266299961,43.80524451006109],[4.320582856279511,43.805233119289156],[4.32059395202292,43.80522246976639],[4.320606445139855,43.805212665523406],[4.320620213589832,43.80520380233351],[4.320635122874383,43.80519596677728],[4.32063663179541,43.80519525344801],[4.319786699999999,43.804390500000004]]]},"properties":{"cle":"vivier:30189:324","nom":"30189:324","file":"vivier","sort":"retenue"}},{"type":"Feature","geometry":{"type":"Polygon","coordinates":[[[4.380937814712524,43.826860641144634],[4.3810853362083435,43.82691869235395],[4.381353557109833,43.82664778622751],[4.381568133831023,43.826386554155484],[4.381541311740874,43.82632850242867],[4.381393790245055,43.826280125946525],[4.381246268749236,43.82644460582584],[4.381031692028046,43.82665746146749],[4.380937814712524,43.826860641144634]]]},"properties":{"cle":"vivier:30189:326","nom":"30189:326","file":"vivier","sort":"ecartee"}},{"type":"Feature","geometry":{"type":"Polygon","coordinates":[[[4.388280833372846,43.843279535503626],[4.389398787170649,43.84354583215194],[4.389460044912994,43.8434348753596],[4.388602436520158,43.84320186542397],[4.388342091115192,43.84319076969005],[4.388280833372846,43.843279535503626]]]},"properties":{"cle":"vivier:30189:317","nom":"30189:317","file":"vivier","sort":"ecartee"}},{"type":"Feature","geometry":{"type":"Polygon","coordinates":[[[4.396368255838752,43.856127170060105],[4.396846792660654,43.856188214815624],[4.397156434133649,43.856198388935475],[4.3973112548701465,43.856147518318856],[4.397240881808102,43.856015254512684],[4.396677897311746,43.85602542866203],[4.3963964050635695,43.85603560280966],[4.396368255838752,43.856127170060105]]]},"properties":{"cle":"vivier:30189:353","nom":"30189:353","file":"vivier","sort":"ecartee"}},{"type":"Feature","geometry":{"type":"Polygon","coordinates":[[[4.3600382,43.8410759],[4.360363772922771,43.841083734659],[4.360372927670174,43.84108328671346],[4.360358441586364,43.840861226421396],[4.360329811249774,43.840645890290666],[4.3600614,43.84064030000001],[4.3600382,43.8410759]]]},"properties":{"cle":"vivier:30189:345","nom":"30189:345","file":"vivier","sort":"ecartee"}},{"type":"Feature","geometry":{"type":"Polygon","coordinates":[[[4.355287166179718,43.81936177619161],[4.355284934309102,43.81936331688353],[4.355262725747631,43.819377191607316],[4.3552768644871644,43.81938493549835],[4.355385944500772,43.819406041981075],[4.355514782157423,43.81942677940105],[4.355849518323813,43.81946919898449],[4.355842665380185,43.8194578239633],[4.355837022669728,43.819445199266745],[4.355833119171572,43.819432234423736],[4.355830992605994,43.81941905472015],[4.355830663521829,43.81940578751796],[4.355832135097925,43.81939256102469],[4.35583539311249,43.81937950305434],[4.355851257895337,43.819329974648774],[4.355861131760937,43.81929328947346],[4.355861309446928,43.81929269141683],[4.3558902877073,43.819203608167626],[4.355884565995691,43.81920632856825],[4.355868380583751,43.81921247391857],[4.355851441911006,43.81921744226322],[4.355833912763001,43.81922118585495],[4.355815961600041,43.819223668716674],[4.355797760938209,43.81922486698734],[4.355779485691397,43.81922476915119],[4.355761311490294,43.819223376148486],[4.355743412994492,43.81922070136639],[4.355545412572004,43.819183701278774],[4.355527939423016,43.81917976445951],[4.355511083521031,43.81917460622403],[4.3554950072785905,43.81916827627385],[4.355479865595801,43.81916083560027],[4.355465804367783,43.81915235589689],[4.355452959078918,43.81914291886866],[4.355441453497408,43.81913261544463],[4.355431398482727,43.819121544901854],[4.355422890917468,43.81910981390875],[4.355416012773875,43.819097535497384],[4.355410830324035,43.81908482797422],[4.355407393501366,43.81907181378035],[4.355406997584155,43.81906866296344],[4.355327258421354,43.8193044302731],[4.355326256219836,43.81930681356612],[4.3553248962189866,43.81930910201176],[4.355292453514118,43.819356306593896],[4.355290944389212,43.819358253699136],[4.355289176138874,43.81936008290404],[4.355287166179718,43.81936177619161]]]},"properties":{"cle":"vivier:30189:349","nom":"30189:349","file":"vivier","sort":"ecartee"}},{"type":"Feature","geometry":{"type":"Polygon","coordinates":[[[4.338196814060211,43.82168998699302],[4.338304102420806,43.82179642338555],[4.338934421539307,43.821457761477895],[4.338921010494231,43.82135132448159],[4.338800311088563,43.82134164838158],[4.338196814060211,43.82168998699302]]]},"properties":{"cle":"vivier:30189:378","nom":"30189:378","file":"vivier","sort":"retenue"}},{"type":"Feature","geometry":{"type":"Polygon","coordinates":[[[4.325426816940308,43.80456480358216],[4.3260034918785095,43.80469062810167],[4.326083958148957,43.8046809493019],[4.326070547103882,43.8046131976595],[4.3261778354644775,43.80456480358216],[4.325601160526276,43.80439058457913],[4.325426816940308,43.80456480358216]]]},"properties":{"cle":"vivier:30189:356","nom":"30189:356","file":"vivier","sort":"ecartee"}},{"type":"Feature","geometry":{"type":"Polygon","coordinates":[[[4.352255699999999,43.81503899999999],[4.352012110308014,43.81497736513513],[4.352008773964132,43.81499013161598],[4.352008478251957,43.81499111253866],[4.351984826928296,43.815060251766894],[4.352133151531421,43.81509844354009],[4.352549263349639,43.81519020419602],[4.353140648791371,43.815295085170106],[4.353163159631643,43.8152979073186],[4.35317203691758,43.815294412183135],[4.353188761254184,43.81528928424093],[4.353206095352547,43.81528535910512],[4.353223232402198,43.81528277103106],[4.3532326999999995,43.81522989999999],[4.352255699999999,43.81503899999999]]]},"properties":{"cle":"vivier:30189:371","nom":"30189:371","file":"vivier","sort":"ecartee"}},{"type":"Feature","geometry":{"type":"Polygon","coordinates":[[[4.355974,43.813801],[4.355291,43.813708],[4.355344,43.813502],[4.355612,43.813533],[4.355586,43.813646],[4.356025,43.81371],[4.355974,43.813801]]]},"properties":{"cle":"vivier:30189:509","nom":"30189:509","file":"vivier","sort":"retenue"}},{"type":"Feature","geometry":{"type":"Polygon","coordinates":[[[4.340765,43.815082],[4.340795,43.81502],[4.340801,43.814943],[4.340792,43.814847],[4.340776,43.814811],[4.340835,43.814794],[4.340966,43.814888],[4.34109,43.814931],[4.341201,43.814948],[4.341351,43.814937],[4.34139,43.814979],[4.341283,43.815042],[4.3411,43.815088],[4.340939,43.815088],[4.340813,43.8151],[4.340765,43.815082]]]},"properties":{"cle":"vivier:30189:246","nom":"30189:246","file":"vivier","sort":"en_cours"}},{"type":"Feature","geometry":{"type":"Polygon","coordinates":[[[4.377853,43.846588],[4.37733,43.846735],[4.377328,43.846874],[4.377802,43.846822],[4.377877,43.846735],[4.377853,43.846588]]]},"properties":{"cle":"vivier:30189:314","nom":"30189:314","file":"vivier","sort":"retenue"}},{"type":"Feature","geometry":{"type":"Polygon","coordinates":[[[4.337942,43.820821],[4.338248,43.820653],[4.338037,43.82046],[4.337729,43.820615],[4.337942,43.820821]]]},"properties":{"cle":"vivier:30189:433","nom":"30189:433","file":"vivier","sort":"retenue"}},{"type":"Feature","geometry":{"type":"Polygon","coordinates":[[[4.340815,43.825255],[4.340326,43.825023],[4.340391,43.824893],[4.340624,43.824952],[4.34097,43.825238],[4.340815,43.825255]]]},"properties":{"cle":"vivier:30189:168","nom":"30189:168","file":"vivier","sort":"retenue"}},{"type":"Feature","geometry":{"type":"Polygon","coordinates":[[[4.353319,43.814474],[4.352697,43.814399],[4.352697,43.81453],[4.353316,43.814625],[4.353319,43.814474]]]},"properties":{"cle":"vivier:30189:387","nom":"30189:387","file":"vivier","sort":"retenue"}},{"type":"Feature","geometry":{"type":"Polygon","coordinates":[[[4.397878646850586,43.851401592517476],[4.398307800292969,43.851575674360184],[4.398374855518342,43.85136290759453],[4.397985935211182,43.85125652392706],[4.397878646850586,43.851401592517476]]]},"properties":{"cle":"vivier:30189:417","nom":"30189:417","file":"vivier","sort":"retenue"}},{"type":"Feature","geometry":{"type":"Polygon","coordinates":[[[4.339369,43.841525],[4.339203,43.841475],[4.339246,43.841405],[4.340284,43.841889],[4.340227,43.841943],[4.339659,43.841686],[4.339369,43.841525]]]},"properties":{"cle":"vivier:30189:307","nom":"30189:307","file":"vivier","sort":"retenue"}},{"type":"Feature","geometry":{"type":"Polygon","coordinates":[[[4.346661865711213,43.848140365411574],[4.346863031387329,43.84829511331358],[4.346903264522553,43.848217739412775],[4.346876442432404,43.84785021201323],[4.346849620342255,43.84779218116417],[4.34674233198166,43.84785021201323],[4.346688687801361,43.8480243042216],[4.346661865711213,43.848140365411574]]]},"properties":{"cle":"vivier:30189:445","nom":"30189:445","file":"vivier","sort":"ecartee"}},{"type":"Feature","geometry":{"type":"Polygon","coordinates":[[[4.379218518733978,43.82493330894457],[4.379352629184723,43.8250397395548],[4.3795135617256165,43.82503973955479],[4.379500150680543,43.824981686518186],[4.379634261131287,43.82493330894457],[4.379607439041137,43.82486558027563],[4.3795135617256165,43.824807527069666],[4.379594027996063,43.82467206936953],[4.3795135617256165,43.824720447154874],[4.3793123960495,43.82484622921326],[4.379218518733978,43.82493330894457]]]},"properties":{"cle":"vivier:30189:437","nom":"30189:437","file":"vivier","sort":"ecartee"}},{"type":"Feature","geometry":{"type":"Polygon","coordinates":[[[4.335516,43.81290250000002],[4.3354930000000005,43.81296159999999],[4.3356688,43.812890800000005],[4.335746200000001,43.81287490000002],[4.335835199999999,43.81286699999999],[4.335962999999999,43.81287749999999],[4.336117400000001,43.812925300000025],[4.3360905,43.8129088],[4.3356775,43.812656700000005],[4.3354637,43.81287439999999],[4.335516,43.81290250000002]]]},"properties":{"cle":"vivier:30189:438","nom":"30189:438","file":"vivier","sort":"ecartee"}},{"type":"Feature","geometry":{"type":"Polygon","coordinates":[[[4.373355209827424,43.83916043088497],[4.373502731323242,43.83917010409657],[4.373583197593689,43.83913141124069],[4.373690485954286,43.83917010409658],[4.373851418495178,43.83909271835976],[4.373824596405029,43.838966966323376],[4.373583197593689,43.8390346789913],[4.373475909233093,43.838986312807755],[4.373355209827423,43.83901533252259],[4.373355209827424,43.83916043088497]]]},"properties":{"cle":"vivier:30189:535","nom":"30189:535","file":"vivier","sort":"ecartee"}},{"type":"Feature","geometry":{"type":"Polygon","coordinates":[[[4.356551170349121,43.821651282803224],[4.356779158115387,43.82168998699302],[4.357007145881652,43.82153517008328],[4.356926679611205,43.821457761477895],[4.3567657470703125,43.821428733225],[4.356671869754791,43.821477113638664],[4.356551170349121,43.821651282803224]]]},"properties":{"cle":"vivier:30189:457","nom":"30189:457","file":"vivier","sort":"ecartee"}},{"type":"Feature","geometry":{"type":"Polygon","coordinates":[[[4.384239614009857,43.83054678090504],[4.384387135505676,43.83061450312795],[4.384628534317016,43.83034361377528],[4.384467601776123,43.830246867279946],[4.384239614009857,43.83054678090504]]]},"properties":{"cle":"vivier:30189:450","nom":"30189:450","file":"vivier","sort":"ecartee"}},{"type":"Feature","geometry":{"type":"Polygon","coordinates":[[[4.36269611120224,43.83207534951437],[4.3627899885177595,43.832133395652036],[4.363272786140442,43.831872187588026],[4.3632593750953665,43.831823815598874],[4.363165497779845,43.83178511797931],[4.362924098968506,43.831949582689134],[4.36269611120224,43.83207534951437]]]},"properties":{"cle":"vivier:30189:467","nom":"30189:467","file":"vivier","sort":"ecartee"}},{"type":"Feature","geometry":{"type":"Polygon","coordinates":[[[4.378570935017979,43.85588696610722],[4.37857280192978,43.85588814638312],[4.378576597420899,43.85589079858194],[4.3785783327669305,43.8558921417709],[4.378622787220083,43.855930282294075],[4.378624302361343,43.855931723535946],[4.378625609693214,43.85593326765262],[4.378626695981616,43.855934899013036],[4.37862755023008,43.85593660110307],[4.378628163791059,43.855938356692484],[4.378628530453483,43.85594014800955],[4.3786286465056135,43.85594195692081],[4.378628510772642,43.855943765114745],[4.37862812462856,43.85594555428706],[4.378627491982268,43.85594730632603],[4.378626619238,43.85594900349584],[4.378625515230493,43.85595062861607],[4.378625484838664,43.85595066388598],[4.378641600000001,43.85595850000001],[4.378881099999999,43.8560429],[4.378985999999999,43.8559226],[4.378741738623524,43.85580630384512],[4.378740672568039,43.85580686652872],[4.378738558526045,43.855807766044165],[4.3787363323416075,43.85580851053877],[4.378734015657228,43.85580909277471],[4.378731630995237,43.85580950709165],[4.378729201538821,43.855809749461606],[4.378726750906663,43.85580981752836],[4.378724302923304,43.85580971063017],[4.378721881387536,43.85580942980629],[4.378719509841034,43.85580897778679],[4.378717211339482,43.85580835896617],[4.378715008228439,43.85580757936042],[4.378712921926094,43.85580664654876],[4.378665774172343,43.85578316607149],[4.378570605135803,43.8558867962782],[4.378570935017979,43.85588696610722]]]},"properties":{"cle":"vivier:30189:473","nom":"30189:473","file":"vivier","sort":"ecartee"}},{"type":"Feature","geometry":{"type":"Polygon","coordinates":[[[4.30335403650884,43.84566867390628],[4.303415557861367,43.84565697021069],[4.303458480430953,43.84564189293947],[4.303476286943965,43.845614292143864],[4.303485084600041,43.84558198439423],[4.303473166117475,43.84553789784032],[4.30344229845678,43.84549650018678],[4.303399290440683,43.84547793493444],[4.303349994360002,43.845471409934326],[4.303301429189798,43.84547199013541],[4.303207459862711,43.8454865942543],[4.30315748498103,43.845508264165396],[4.303153596557586,43.84553277285911],[4.303153149023797,43.84556580142152],[4.303153993819585,43.84560284547622],[4.303169084925041,43.84563104719767],[4.303196557044426,43.84565470922585],[4.303229061537656,43.8456681569286],[4.303281123557387,43.84567457995491],[4.30335403650884,43.84566867390628]]]},"properties":{"cle":"vivier:30189:478","nom":"30189:478","file":"vivier","sort":"ecartee"}},{"type":"Feature","geometry":{"type":"Polygon","coordinates":[[[4.334326386451721,43.828633112613964],[4.334380030632019,43.82899108354187],[4.334581196308136,43.829223279752576],[4.334701895713807,43.82918458044684],[4.334728717803954,43.82907815722674],[4.334487318992615,43.829029782973045],[4.334406852722168,43.82899108354187],[4.3343666195869455,43.828633112613964],[4.334326386451721,43.828633112613964]]]},"properties":{"cle":"vivier:30189:487","nom":"30189:487","file":"vivier","sort":"ecartee"}},{"type":"Feature","geometry":{"type":"Polygon","coordinates":[[[4.376750886440276,43.836792381500025],[4.376911818981171,43.836869770220275],[4.377059340476989,43.836666624615575],[4.376978874206542,43.83662793013624],[4.376884996891022,43.83660858288721],[4.376858174800873,43.83663760375844],[4.376804530620575,43.83664727737905],[4.376750886440276,43.836792381500025]]]},"properties":{"cle":"vivier:30189:531","nom":"30189:531","file":"vivier","sort":"ecartee"}},{"type":"Feature","geometry":{"type":"Polygon","coordinates":[[[4.376163482666015,43.82740825530671],[4.376230537891388,43.82748565619648],[4.376458525657655,43.82734052944585],[4.376284182071687,43.827205077493545],[4.3761903047561646,43.8272824786468],[4.376163482666015,43.82740825530671]]]},"properties":{"cle":"vivier:30189:488","nom":"30189:488","file":"vivier","sort":"ecartee"}},{"type":"Feature","geometry":{"type":"Polygon","coordinates":[[[4.378285109996796,43.8567592119416],[4.378446042537689,43.85677855265601],[4.3785130977630615,43.85661415638365],[4.378499686717988,43.85656580445258],[4.378285109996796,43.85657547484192],[4.378285109996796,43.8567592119416]]]},"properties":{"cle":"vivier:30189:502","nom":"30189:502","file":"vivier","sort":"ecartee"}},{"type":"Feature","geometry":{"type":"Polygon","coordinates":[[[4.332223534584046,43.83486923956517],[4.332330822944641,43.83501434800981],[4.332438111305237,43.83502402189356],[4.332464933395385,43.83494663077956],[4.332397878170013,43.83480152217027],[4.33223694562912,43.834811196088516],[4.332223534584046,43.83486923956517]]]},"properties":{"cle":"vivier:30189:538","nom":"30189:538","file":"vivier","sort":"ecartee"}},{"type":"Feature","geometry":{"type":"Polygon","coordinates":[[[4.358056,43.842673],[4.358311,43.842119],[4.35826,43.842092],[4.358021,43.842642],[4.358056,43.842673]]]},"properties":{"cle":"vivier:30189:381","nom":"30189:381","file":"vivier","sort":"retenue"}},{"type":"Feature","geometry":{"type":"Polygon","coordinates":[[[4.333122074604034,43.82162418985544],[4.3333232402801505,43.82166289406278],[4.333376884460449,43.82162418985545],[4.333564639091493,43.82174030240223],[4.333578050136565,43.82169192220185],[4.3333500623703,43.82158548562299],[4.333148896694184,43.82155645743219],[4.333122074604034,43.82162418985544]]]},"properties":{"cle":"vivier:30189:524","nom":"30189:524","file":"vivier","sort":"ecartee"}},{"type":"Feature","geometry":{"type":"Polygon","coordinates":[[[4.415206,43.900825],[4.414862,43.900798],[4.414659,43.900814],[4.414854,43.900533],[4.415302,43.900543],[4.415206,43.900825]]]},"properties":{"cle":"vivier:30206:006","nom":"30206:006","file":"vivier","sort":"retenue"}},{"type":"Feature","geometry":{"type":"Polygon","coordinates":[[[4.423051178455354,43.90931183953742],[4.423244297504425,43.909369810501076],[4.4235339760780334,43.90948188753732],[4.423576891422272,43.90940459305213],[4.423753917217255,43.90936594577193],[4.423743188381195,43.90930411007135],[4.423421323299409,43.90922681535533],[4.423271119594575,43.909257733253796],[4.423061907291413,43.90926159798997],[4.423051178455354,43.90931183953742]]]},"properties":{"cle":"vivier:30206:026","nom":"30206:026","file":"vivier","sort":"ecartee"}},{"type":"Feature","geometry":{"type":"Polygon","coordinates":[[[4.411026835441589,43.91134272196948],[4.411254823207855,43.91138909716244],[4.4115230441093445,43.91135818037115],[4.4117000699043265,43.91134658657026],[4.411705434322355,43.911319534359464],[4.411254823207855,43.91126542990091],[4.411067068576813,43.91123451304538],[4.411026835441589,43.91134272196948]]]},"properties":{"cle":"vivier:30206:036","nom":"30206:036","file":"vivier","sort":"ecartee"}},{"type":"Feature","geometry":{"type":"Polygon","coordinates":[[[4.41844,43.911429],[4.417561,43.91167],[4.417539,43.91162],[4.418424,43.91138],[4.41844,43.911429]]]},"properties":{"cle":"vivier:30206:008","nom":"30206:008","file":"vivier","sort":"retenue"}},{"type":"Feature","geometry":{"type":"Polygon","coordinates":[[[4.487622678279877,43.83171546220087],[4.4881001114845285,43.83171933196847],[4.488105475902557,43.831463926768556],[4.488089382648468,43.83128591643742],[4.487633407115935,43.83129365602808],[4.487622678279877,43.83171546220087]]]},"properties":{"cle":"vivier:30155-30211:001","nom":"30155-30211:001","file":"vivier","sort":"ecartee"}},{"type":"Feature","geometry":{"type":"Polygon","coordinates":[[[4.491101210005581,43.83611931708796],[4.49151663808152,43.83612393728978],[4.491523029282689,43.83599457150317],[4.491094818804414,43.83599457150317],[4.491101210005581,43.83611931708796]]]},"properties":{"cle":"vivier:30155-30211:014","nom":"30155-30211:014","file":"vivier","sort":"ecartee"}},{"type":"Feature","geometry":{"type":"Polygon","coordinates":[[[4.488143026828766,43.830842823198864],[4.488459527492523,43.830842823198864],[4.488459527492522,43.83078864563397],[4.488143026828766,43.830788645633966],[4.488143026828766,43.830842823198864]]]},"properties":{"cle":"vivier:30155-30211:036","nom":"30155-30211:036","file":"vivier","sort":"ecartee"}},{"type":"Feature","geometry":{"type":"Polygon","coordinates":[[[4.434856399999999,43.83219830000001],[4.4361022,43.83207179999999],[4.436813500000001,43.83199900000001],[4.436761499999999,43.831722299999996],[4.4364596,43.83152390000001],[4.436378239380119,43.83157252778911],[4.4363775419993035,43.831573585574425],[4.436376280329128,43.83157509733733],[4.4363748200416655,43.8315765122983],[4.43637317520028,43.831577816830446],[4.436371361645685,43.83157899837042],[4.436369396843411,43.83158004553934],[4.436367299715582,43.83158094825239],[4.436365090458695,43.83158169781591],[4.436362790349117,43.83158228701123],[4.436361536003425,43.83158251108143],[4.4362871,43.831627],[4.435988199999999,43.8316729],[4.435810004431133,43.83170078022935],[4.4358092818324,43.83170127880036],[4.435807370939548,43.831702360802424],[4.4358053234706905,43.831703302833546],[4.435803158920737,43.8317040959242],[4.4358008978993935,43.83170473252304],[4.435798561934908,43.831705206568664],[4.435745320203332,43.83171400789772],[4.435742846218403,43.83171432264624],[4.435740340988183,43.831714455076806],[4.435737830084956,43.83171440383763],[4.435735339138922,43.83171416945175],[4.435732893576558,43.83171375431167],[4.435730650899034,43.83171319566966],[4.435618685714864,43.83173071333418],[4.435618831390881,43.831732034642606],[4.4356187855991,43.83173380415562],[4.435618499951419,43.8317355618576],[4.435617977209927,43.83173729075215],[4.435617222429339,43.83173897412149],[4.435616242908102,43.83174059568801],[4.435615048117835,43.83174213977169],[4.435613649611738,43.83174359144179],[4.43561206091287,43.83174493666115],[4.435610297383405,43.831746162421915],[4.43560837607606,43.831747256871466],[4.435606315569226,43.83174820942678],[4.4356041357872975,43.83174901087699],[4.435601857808032,43.83174965347234],[4.435599503658717,43.831750130999154],[4.435374152413419,43.83178729885066],[4.435371754686775,43.831787605786076],[4.435369326983964,43.831787741462556],[4.435366892590363,43.83178770457871],[4.4353644748555165,43.831787495488335],[4.435362096969194,43.83178711619692],[4.435359781738954,43.83178657034247],[4.435357551371382,43.831785863160526],[4.435355427259101,43.83178500143407],[4.435353429775583,43.83178399342838],[4.435351578079733,43.83178284881174],[4.435349889932125,43.83178157856279],[4.435348381524655,43.83178019486512],[4.4353470673252335,43.83177871099052],[4.43534595993902,43.831777141171635],[4.435345069987512,43.831775500465355],[4.435344406006681,43.8317738046086],[4.435344351559902,43.83177363412559],[4.4347904,43.831860299999995],[4.434856399999999,43.83219830000001]],[[4.436583909185435,43.831662362079605],[4.436586008904478,43.8316632575855],[4.436587977425846,43.83166429760237],[4.4365897958357765,43.83166547213764],[4.436591446662788,43.83166676990623],[4.436592914045551,43.83166817843906],[4.436594183885285,43.831669684202794],[4.436595243981222,43.831671272729906],[4.436596084147825,43.83167292875765],[4.43659669631267,43.83167463637473],[4.436619861180624,43.83175533569294],[4.4366198744286525,43.83175539673214],[4.436619895189359,43.83175545623568],[4.436625364380791,43.83177518528226],[4.436625727562835,43.831776939790856],[4.436625850365279,43.8317787116597],[4.4366257315949005,43.83178048367259],[4.436625372405698,43.831782238611886],[4.436624776287683,43.83178395942589],[4.436623949032965,43.83178562939445],[4.436622898679477,43.83178723229145],[4.436621635432874,43.83178875254248],[4.436620171567374,43.83179017537613],[4.436618521306494,43.83179148696756],[4.436616700684853,43.83179267457279],[4.4366147273923655,43.83179372665255],[4.436612620602368,43.8317946329844],[4.436610400785317,43.83179538476201],[4.436608089509886,43.831795974680816],[4.436605709233407,43.831796397008915],[4.436527654522054,43.831807325649784],[4.4365252629564385,43.83180757394326],[4.436522849391584,43.831807653024555],[4.436520436619432,43.831807562146885],[4.43651804742444,43.83180730216844],[4.436515704368417,43.83180687554427],[4.436513429577469,43.83180628630307],[4.436511244533057,43.831805540009206],[4.436509169869136,43.83180464371016],[4.436507225177306,43.83180360586992],[4.436505428821806,43.83180243628906],[4.436503797766089,43.83180114601229],[4.436502347412637,43.831799747224004],[4.436501091457507,43.83179825313333],[4.436500041761004,43.83179667784936],[4.436499208235668,43.83179503624795],[4.436498598752681,43.831793343831144],[4.436498212733331,43.83179200931818],[4.436448088312511,43.831799346279],[4.436445684288963,43.83179961035098],[4.436443256128878,43.83179970316332],[4.436440827057311,43.83179962382819],[4.436438420308038,43.831799373104516],[4.436436058901326,43.8317989533904],[4.436433765423741,43.831798368700355],[4.4364315618121175,43.831797624626894],[4.436429469143727,43.83179672828695],[4.436427507434681,43.83179568825393],[4.436425695448481,43.83179451447563],[4.436424050516539,43.83179321817907],[4.436422588372416,43.83179181176319],[4.436421323001324,43.83179030868017],[4.436420266506363,43.8317887233068],[4.436419428992757,43.83178707080701],[4.4364188184711955,43.831785366986736],[4.436395653874897,43.83170466762434],[4.436395274993066,43.83170292072536],[4.436395134745347,43.831701155342884],[4.4363952344855315,43.83169938851815],[4.436395573250806,43.831697637306334],[4.436396147771044,43.8316959186119],[4.436396952500373,43.83169424902538],[4.436397979670722,43.83169264466336],[4.436399219366789,43.831691121012724],[4.436400659621767,43.831689692781275],[4.436402286532852,43.831688373755746],[4.436404084395453,43.83168717666871],[4.436406035854791,43.831686113075605],[4.4364081220734155,43.83168519324335],[4.436410322913049,43.831684426051055],[4.436412617128979,43.83168381890444],[4.436414982575135,43.83168337766428],[4.43656734033005,43.83166066985137],[4.4365697485079885,43.83166039920512],[4.436572181719805,43.83166030053346],[4.436574616586958,43.83166037478445],[4.436577029714994,43.83166062124464],[4.436579397918334,43.83166103754604],[4.43658169844304,43.8316616196888],[4.436583909185435,43.831662362079605]],[[4.43605134295917,43.831743746041134],[4.436052380642274,43.83174214022265],[4.436053631528857,43.8317406160976],[4.436055083482114,43.83173918845387],[4.436056722414376,43.831737871143226],[4.436058532423807,43.83173667694699],[4.436060495948692,43.83173561745189],[4.436062593937823,43.83173470293774],[4.436064806035353,43.83173394227764],[4.436067110778293,43.83173334285195],[4.436069485804759,43.831732910476596],[4.436302384286425,43.83169924198822],[4.436304799883751,43.83169898133107],[4.436307239154127,43.83169889350012],[4.436309678559561,43.831698979342875],[4.436312094560762,43.83169923803102],[4.436314463844271,43.83169966706828],[4.436316763547443,43.83170026231465],[4.436318971479047,43.83170101802623],[4.436321066333418,43.83170192691071],[4.436323027896029,43.83170298019768],[4.436324837238568,43.83170416772336],[4.436326476901583,43.8317054780286],[4.436327931062959,43.83170689846947],[4.436329185690597,43.83170841533926],[4.436330228677813,43.83171001400079],[4.436331049960173,43.83171167902758],[4.436331641612601,43.831713394352796],[4.436357653731151,43.83180845701736],[4.436358008650377,43.83181019576831],[4.436358127594498,43.83181195128903],[4.436358009429141,43.8318137068373],[4.436357655281213,43.83181544567068],[4.43635706852816,43.83181715120611],[4.436356254765758,43.83181880717808],[4.436355221754748,43.831820397793784],[4.436353979346822,43.83182190788371],[4.43635253939067,43.83182332304628],[4.436350915618979,43.83182462978526],[4.436349123517469,43.8318258156384],[4.436347180177206,43.83182686929638],[4.436345104131607,43.83182778071053],[4.4363429151796865,43.831828541188855],[4.436340634197238,43.83182914347873],[4.436338282937746,43.831829581836175],[4.436106649467549,43.83186413378983],[4.436104238137077,43.83186440496349],[4.436101801698697,43.83186450370846],[4.436099363623865,43.83186442907353],[4.436096947399814,43.83186418177764],[4.43609457630327,43.83186376420317],[4.436092273176223,43.831863180372814],[4.436090060205876,43.83186243591089],[4.436087958710907,43.83186153798919],[4.436085988936085,43.83186049525788],[4.4360841698572555,43.831859317762095],[4.436082518998523,43.83185801684526],[4.436081052263445,43.83185660503978],[4.436079783781815,43.83185509594629],[4.436078725773544,43.83185350410267],[4.4360778884309475,43.83185184484395],[4.4360772798205526,43.83185013415461],[4.4360500026312035,43.831754188034246],[4.436049627704858,43.8317524361014],[4.436049492692643,43.83175066596565],[4.4360495989045,43.83174889480185],[4.436049945309879,43.83174713979478],[4.436050528547742,43.83174541797252],[4.43605134295917,43.831743746041134]]]},"properties":{"cle":"vivier:30356:004","nom":"30356:004","file":"vivier","sort":"ecartee"}},{"type":"Feature","geometry":{"type":"Polygon","coordinates":[[[4.431774392724038,43.823571947948594],[4.432142651639878,43.82381120028099],[4.432218843139707,43.82376058929064],[4.432123603764921,43.823484528587976],[4.431837885640562,43.823507533695256],[4.431774392724038,43.823571947948594]]]},"properties":{"cle":"vivier:30356:009","nom":"30356:009","file":"vivier","sort":"ecartee"}},{"type":"Feature","geometry":{"type":"Polygon","coordinates":[[[4.428088700000001,43.82747930000001],[4.4280016,43.82745439999999],[4.4280149,43.82778570000001],[4.428225340597752,43.82776957430782],[4.4282252216681,43.827768315498076],[4.428223962679877,43.82771792944246],[4.428224044963993,43.82771610514394],[4.428224382053193,43.82771429626051],[4.428224970480465,43.82771252139669],[4.428225804193761,43.827710798807075],[4.428226874618249,43.82770914620867],[4.428228170744506,43.82770758059858],[4.4282296792417535,43.8277061180792],[4.42823138459496,43.827704773692716],[4.428233269264421,43.82770356126619],[4.428235313866151,43.82770249326956],[4.428237497371256,43.827701580687226],[4.428239797322214,43.827700832905194],[4.428242190063846,43.82770025761445],[4.428244650986618,43.82769986073189],[4.42824819842703,43.82769942395732],[4.428243299999999,43.827490600000004],[4.428088700000001,43.82747930000001]]]},"properties":{"cle":"vivier:30356:011","nom":"30356:011","file":"vivier","sort":"retenue"}},{"type":"Feature","geometry":{"type":"Polygon","coordinates":[[[4.431979999999999,43.826374],[4.432000000000001,43.82634579999999],[4.431874602413515,43.82608102110554],[4.431838537751387,43.82614076218732],[4.431837460030484,43.82614233384593],[4.431836176037576,43.826143822057375],[4.4318346979769,43.82614521267629],[4.431833039897294,43.82614649248499],[4.4318312175586625,43.82614764931895],[4.431829248282186,43.82614867218257],[4.431827150785678,43.826149551353616],[4.431824945005679,43.82615027847565],[4.431822651907956,43.82615084663739],[4.431820293288227,43.82615125043855],[4.431817891564993,43.82615148604098],[4.431815469566455,43.82615155120533],[4.431813050313527,43.82615144531222],[4.431810656801025,43.82615116936813],[4.431808311779107,43.82615072599592],[4.431806037537025,43.82615011940978],[4.431759055652146,43.8261356685272],[4.431738840211915,43.82617139110028],[4.431737769943221,43.82617303930195],[4.431736475074951,43.82617460075686],[4.431734968866362,43.826176059475905],[4.43173326674081,43.82617740052201],[4.4317313861278205,43.82617861016305],[4.431729346284607,43.826179676012444],[4.431727168098885,43.82618058715606],[4.4317248738749795,43.82618133426389],[4.4317224871054375,43.826181909685644],[4.431720032230461,43.826182307529095],[4.431717534387646,43.82618252372039],[4.4317150191545736,43.82618255604571],[4.431712512286901,43.826182404174084],[4.431710039454623,43.82618206966066],[4.4317098011366856,43.82618201893258],[4.431709993496398,43.82618294240897],[4.431710121600943,43.826184665075004],[4.431710021300524,43.82618638870693],[4.431709693516663,43.826188097468226],[4.431709141260967,43.8261897756591],[4.431708369607453,43.82619140786062],[4.4316286948373795,43.826336787593256],[4.431700359025446,43.82630816274012],[4.431702572799275,43.82630737945793],[4.431735880340141,43.82629704168929],[4.431738165444337,43.826296426614626],[4.4317405227758,43.82629597653893],[4.431742929664045,43.82629569579058],[4.431745362961997,43.826295587069524],[4.431747799268603,43.826295651421354],[4.431750215153875,43.82629588822716],[4.4317525873842145,43.82629629520962],[4.431754893145852,43.82629686845474],[4.4317571102642495,43.82629760244967],[4.431759217417349,43.82629849013551],[4.431761194340624,43.82629952297541],[4.431763022021971,43.82630069103653],[4.431764682884545,43.826301983085614],[4.431766160955791,43.82630338669699],[4.431767442021065,43.826304888372114],[4.431768513760326,43.82630647366936],[4.4318295169684285,43.82640917797771],[4.431830365309127,43.826410823081446],[4.431830988170716,43.826412520207015],[4.431831379623917,43.82641425319886],[4.431831535942317,43.82641600555994],[4.431831480272625,43.82641722221734],[4.4319621,43.8263819],[4.431979999999999,43.826374]]]},"properties":{"cle":"vivier:30356:014","nom":"30356:014","file":"vivier","sort":"retenue"}},{"type":"Feature","geometry":{"type":"Polygon","coordinates":[[[4.2011938,43.82713900000001],[4.2013781,43.82720900000001],[4.201511100000001,43.82709479999999],[4.201726037733953,43.82687729448461],[4.201724744838896,43.82687507186491],[4.201719241819091,43.826862102412],[4.201715564939314,43.82684879853837],[4.201713751344568,43.826835294648625],[4.201713819355654,43.82682172716794],[4.201715768284149,43.82680823316383],[4.201719578439401,43.82679494896144],[4.201725211327515,43.82678200876622],[4.201732610040293,43.826769543308146],[4.201741699830201,43.826757678521055],[4.201752388865556,43.82674653427032],[4.201764569158295,43.82673622314194],[4.201812985472147,43.82669918003393],[4.201796036849496,43.82668681403124],[4.201794368942325,43.82668546814255],[4.201792895986879,43.82668400788577],[4.201791632850206,43.826682447999744],[4.201790592281575,43.82668080422899],[4.201789784783797,43.82667909316467],[4.201789218507212,43.826677332077175],[4.201788899167426,43.826675538741746],[4.201788829987628,43.82667373125916],[4.201789011666046,43.826671927873],[4.201789442368915,43.82667014678547],[4.201790117748978,43.82666840597368],[4.201791030989363,43.826666723008266],[4.2017912685207035,43.826666388489066],[4.201722099999999,43.826621],[4.2011938,43.82713900000001]]]},"properties":{"cle":"vivier:30245:004","nom":"30245:004","file":"vivier","sort":"ecartee"}},{"type":"Feature","geometry":{"type":"Polygon","coordinates":[[[4.420298980548979,43.675802482899726],[4.421071959659456,43.67567181018858],[4.421145259402692,43.67552177820642],[4.421171913854777,43.675178155156395],[4.420765433460475,43.67497004446518],[4.4201323902234435,43.67501360257655],[4.420145717449485,43.67543950244401],[4.420232344418765,43.67568632939276],[4.420298980548979,43.675802482899726]]]},"properties":{"cle":"vivier:30258:012","nom":"30258:012","file":"vivier","sort":"ecartee"}},{"type":"Feature","geometry":{"type":"Polygon","coordinates":[[[4.436857,43.677128],[4.436631,43.676771],[4.437103,43.676709],[4.437012,43.676417],[4.437382,43.676258],[4.437929,43.676786],[4.436857,43.677128]]]},"properties":{"cle":"vivier:30258:010","nom":"30258:010","file":"vivier","sort":"en_cours"}},{"type":"Feature","geometry":{"type":"MultiPolygon","coordinates":[[[[4.424868738278746,43.68294086448002],[4.4244603998959064,43.682956887213386],[4.424427291378379,43.683325408900615],[4.424879774451255,43.683285352305134],[4.424868738278746,43.68294086448002]]],[[[4.424692159518599,43.68385415345423],[4.4246921595185995,43.683509668895304],[4.424151387065649,43.6835176801866],[4.424162423238158,43.68412653519346],[4.424581797793508,43.684214658432545],[4.424692159518599,43.68385415345423]]]]},"properties":{"cle":"vivier:30258:008","nom":"30258:008","file":"vivier","sort":"ecartee"}},{"type":"Feature","geometry":{"type":"Polygon","coordinates":[[[4.434805,43.680519],[4.434606,43.680215],[4.434086,43.680403],[4.434225,43.680704],[4.434805,43.680519]]]},"properties":{"cle":"vivier:30258:023","nom":"30258:023","file":"vivier","sort":"retenue"}},{"type":"Feature","geometry":{"type":"Polygon","coordinates":[[[4.436384,43.683557],[4.436406,43.6834],[4.436653,43.683419],[4.436629,43.683679],[4.436806,43.683755],[4.436891,43.68295],[4.435478,43.682845],[4.435475,43.682804],[4.436969,43.682899],[4.436835,43.683813],[4.436789,43.683815],[4.436384,43.683557]]]},"properties":{"cle":"vivier:30258:021","nom":"30258:021","file":"vivier","sort":"retenue"}},{"type":"Feature","geometry":{"type":"Polygon","coordinates":[[[4.433004856109619,43.67607028377409],[4.433535933494567,43.676134301191524],[4.4335198402404785,43.67606640392842],[4.43336695432663,43.67603730507786],[4.433375000953674,43.67595000844151],[4.433305263519287,43.67593060917174],[4.433348178863525,43.67589181061339],[4.433138966560363,43.67571721679038],[4.433155059814454,43.67567841809406],[4.433085322380067,43.675620220002536],[4.43300485610962,43.67563961937264],[4.433004856109619,43.67607028377409]]]},"properties":{"cle":"vivier:30258:052","nom":"30258:052","file":"vivier","sort":"ecartee"}},{"type":"Feature","geometry":{"type":"Polygon","coordinates":[[[4.432173,43.682242],[4.432612,43.68227],[4.432651,43.682052],[4.432244,43.682012],[4.432173,43.682242]]]},"properties":{"cle":"vivier:30258:050","nom":"30258:050","file":"vivier","sort":"retenue"}},{"type":"Feature","geometry":{"type":"Polygon","coordinates":[[[4.451708,43.67126],[4.451493,43.670983],[4.451598,43.670905],[4.452006,43.671085],[4.451882,43.671215],[4.451708,43.67126]]]},"properties":{"cle":"vivier:30258:049","nom":"30258:049","file":"vivier","sort":"retenue"}},{"type":"Feature","geometry":{"type":"Polygon","coordinates":[[[4.435597686097027,43.68197657294405],[4.4359165616333485,43.68198475618712],[4.435936314985157,43.68196429807734],[4.4365712441504,43.68198066456573],[4.436605107039213,43.68192338183688],[4.436373710632324,43.68190292370616],[4.436006862670183,43.68189474045193],[4.435865767300128,43.681837457641016],[4.435606151819228,43.68184154927219],[4.435597686097027,43.68197657294405]]]},"properties":{"cle":"vivier:30258:055","nom":"30258:055","file":"vivier","sort":"retenue"}},{"type":"Feature","geometry":{"type":"Polygon","coordinates":[[[4.418636,43.675132],[4.41858,43.674942],[4.418845,43.674891],[4.418918,43.675051],[4.419032,43.674996],[4.418938,43.674687],[4.418989,43.674673],[4.419088,43.675073],[4.418636,43.675132]]]},"properties":{"cle":"vivier:30258:034","nom":"30258:034","file":"vivier","sort":"retenue"}},{"type":"Feature","geometry":{"type":"Polygon","coordinates":[[[4.430526,43.670624],[4.430484,43.670433],[4.430264,43.670416],[4.430186,43.670616],[4.430526,43.670624]]]},"properties":{"cle":"vivier:30258:004","nom":"30258:004","file":"vivier","sort":"retenue"}},{"type":"Feature","geometry":{"type":"Polygon","coordinates":[[[4.1925811,43.632289400000005],[4.191961600000001,43.63172939999999],[4.1916718,43.63193679999999],[4.192172775435813,43.63238814580483],[4.19217351618754,43.63238774289891],[4.192175624345915,43.63238681811176],[4.192177848494675,43.63238604991503],[4.192180166656996,43.63238544589929],[4.192182555927113,43.632385012032785],[4.192184992696646,43.632384752602576],[4.192187452887872,43.632384670172094],[4.1921899121916395,43.63238476555583],[4.192192346307567,43.632385037811304],[4.192194731184153,43.63238548424833],[4.192197043256425,43.63238610045569],[4.192199259678799,43.632386880344654],[4.1922013585507925,43.63238781620911],[4.192203319133442,43.63238889880178],[4.192205122054218,43.63239011742557],[4.192206749498442,43.63239146003927],[4.192228438773134,43.63241125617558],[4.192230187974973,43.632411327207244],[4.192232652482295,43.63241160983884],[4.192235065356813,43.632412071075215],[4.1922374021288435,43.63241270623881],[4.192239639100475,43.63241350888828],[4.1922417535859005,43.63241447088363],[4.192243724141481,43.63241558246905],[4.192245530783209,43.632416832371604],[4.192247155189372,43.632418207915656],[4.192307807755254,43.632475135405706],[4.192308893230457,43.6324762616177],[4.192309024847479,43.63247588486771],[4.192309850968216,43.63247422391962],[4.192310897251426,43.6324726297838],[4.192312153620818,43.63247111781263],[4.192313607976854,43.63246970256721],[4.192315246313287,43.63246839767711],[4.192317052852039,43.63246721570913],[4.192319010195156,43.632466168046285],[4.192321099492362,43.6324652647781],[4.19232330062259,43.63246451460354],[4.192325592387769,43.63246392474721],[4.192327952716964,43.63246350088971],[4.192330358878933,43.63246324711307],[4.192332787701044,43.63246316586123],[4.192335215792433,43.632463257916726],[4.192337619769274,43.632463522393],[4.192339976479978,43.63246395674303],[4.19234226322815,43.632464556783766],[4.192344457991175,43.6324653167365],[4.192346539632298,43.63246622928247],[4.192348488104185,43.63246728563339],[4.192350284641994,43.63246847561602],[4.192351911944085,43.63246978777017],[4.192382765955333,43.63249726604614],[4.1923910624957506,43.63249285031156],[4.192387745391337,43.63248987741461],[4.192387634950383,43.632489767914485],[4.192387515217753,43.6324896679561],[4.192367303886143,43.63247099203796],[4.192365916659282,43.632469574164695],[4.1923647243775015,43.63246806563663],[4.192363738180033,43.63246648054763],[4.192362967280689,43.63246483370686],[4.192362418881802,43.63246314050039],[4.192362098106929,43.632461416747496],[4.19236200795298,43.63245967855284],[4.192362149262223,43.632457942155995],[4.192362520714414,43.63245622377975],[4.192363118839136,43.63245453947853],[4.192363938048218,43.63245290498838],[4.192364970687951,43.632451335579994],[4.192366207110585,43.63244984591602],[4.1923675890223695,43.63244849558788],[4.192339,43.632421400000005],[4.1925811,43.632289400000005]]]},"properties":{"cle":"vivier:30276:002","nom":"30276:002","file":"vivier","sort":"ecartee"}},{"type":"Feature","geometry":{"type":"Polygon","coordinates":[[[4.1938641,43.63947490000001],[4.193893499999999,43.639277099999994],[4.1933601,43.6387752],[4.1938177,43.639570199999994],[4.1938641,43.63947490000001]]]},"properties":{"cle":"vivier:30276:007","nom":"30276:007","file":"vivier","sort":"ecartee"}},{"type":"Feature","geometry":{"type":"Polygon","coordinates":[[[4.549802,43.908785],[4.549654,43.908891],[4.549448,43.90877],[4.549308,43.90917],[4.549438,43.909558],[4.549702,43.909501],[4.549609,43.909188],[4.549575,43.908922],[4.549655,43.908911],[4.549827,43.908792],[4.549732,43.908279],[4.549684,43.908251],[4.549512,43.908367],[4.54948,43.908514],[4.549802,43.908785]]]},"properties":{"cle":"vivier:30317:011","nom":"30317:011","file":"vivier","sort":"retenue"}},{"type":"Feature","geometry":{"type":"Polygon","coordinates":[[[4.5660652639344335,43.91396137429848],[4.566244336310774,43.91397805978154],[4.566735341213643,43.913957202926994],[4.566908637061715,43.91401977346869],[4.567012614570558,43.91409902939374],[4.567001061514019,43.91401977346869],[4.5668450952507555,43.913894632319504],[4.566273218952119,43.913886289566875],[4.566099923104048,43.913894632319504],[4.5660652639344335,43.91396137429848]]]},"properties":{"cle":"vivier:30317:002","nom":"30317:002","file":"vivier","sort":"ecartee"}},{"type":"Feature","geometry":{"type":"Polygon","coordinates":[[[4.2602355,43.751571899999995],[4.2602582,43.7516],[4.260300199999999,43.75162720000001],[4.260316700000001,43.751613900000024],[4.260349100000001,43.75163450000001],[4.260333500000001,43.7516473],[4.260533799999999,43.7517745],[4.260709000000001,43.7515042],[4.2604155,43.751399899999996],[4.2603411,43.7513548],[4.260235300000001,43.7515208],[4.2602355,43.751571899999995]]]},"properties":{"cle":"vivier:30333:009","nom":"30333:009","file":"vivier","sort":"retenue"}},{"type":"Feature","geometry":{"type":"MultiPolygon","coordinates":[[[[4.273909700000001,43.69756629999999],[4.2739625,43.69769910000001],[4.274072766550227,43.697733148797],[4.274141849345523,43.6976091386394],[4.274142642884155,43.69760789887261],[4.27414360518291,43.69760672369708],[4.274144726372,43.69760562516595],[4.274145994951987,43.697604614546236],[4.274147397911724,43.69760370220337],[4.274148920861808,43.69760289749471],[4.274150548182157,43.69760220867374],[4.274152263182231,43.69760164280535],[4.274154048272196,43.697601205693296],[4.274155885143356,43.69760090182081],[4.2741577549559215,43.69760073430457],[4.274159638532237,43.69760070486269],[4.274161516553484,43.69760081379712],[4.274163369757822,43.6976010599906],[4.274165179137938,43.697601440918035],[4.274394688373468,43.69765904943682],[4.274396353835619,43.69765953391401],[4.274397947219188,43.69766013255296],[4.27450070815063,43.69770342224808],[4.274648025829642,43.69774631558345],[4.274650440228513,43.697747170202916],[4.274747840173181,43.697788211847104],[4.274885114182355,43.697841752122685],[4.275053299409851,43.697883503684466],[4.275054700604806,43.697883898081564],[4.275109642609806,43.69790124634207],[4.275144666754629,43.6979122319408],[4.275149319358398,43.6979121774235],[4.2751695659718845,43.69790993209188],[4.275204064590843,43.69788635914096],[4.275277837962957,43.69776117409914],[4.275277954090015,43.69776098121863],[4.275350973055826,43.69764223329256],[4.275351450373218,43.69764151487881],[4.275392349972676,43.697584339298835],[4.27539326586743,43.697583198997705],[4.275394330879405,43.697582129048676],[4.275395534825622,43.69758113968194],[4.275396866194697,43.69758024035721],[4.2753983122569155,43.69757943967325],[4.275399859185939,43.697578745285696],[4.275401492191003,43.697578163833825],[4.2754031956583445,43.69757770087716],[4.275404953300483,43.697577360842146],[4.275406748311958,43.69757714698001],[4.275408563530002,43.69757706133558],[4.275410381598649,43.69757710472769],[4.2754121851346785,43.697577276741505],[4.275413956893816,43.69757757573229],[4.275588664817408,43.697613673923335],[4.2756128,43.697553500000005],[4.27559413902488,43.69755056144541],[4.275591877460357,43.697550445833265],[4.275589412543119,43.69755013656709],[4.275536674970486,43.697541512525454],[4.274058299999999,43.6973087],[4.273909700000001,43.69756629999999]],[[4.274035974804438,43.697653613021835],[4.273985253988538,43.69763917920008],[4.2739830175980025,43.69763844826265],[4.2739808916434585,43.69763756064017],[4.273978896914229,43.6976365250125],[4.273977052916403,43.69763535150685],[4.273975377682091,43.69763405159874],[4.273973887593094,43.697632637999725],[4.273972597220704,43.69763112453314],[4.273971519183222,43.69762952599889],[4.273970664022562,43.69762785802877],[4.273970040101156,43.697626136933515],[4.273969653520203,43.69762437954342],[4.273969508059979,43.69762260304368],[4.273969605142891,43.69762082480634],[4.2739699438195595,43.697619062220454],[4.273970520778111,43.69761733252201],[4.273971330376551,43.697615652625394],[4.2740763122463346,43.69742813595612],[4.274077325740507,43.697426551033104],[4.2740785462876785,43.697425044885925],[4.274079962383423,43.69742363171092],[4.274081560680151,43.69742232482814],[4.274083326112925,43.69742113655576],[4.274085242041445,43.69742007809398],[4.274087290406899,43.69741915941946],[4.274089451902182,43.69741838919124],[4.274091706153874,43.69741777466923],[4.274094031914267,43.69741732164566],[4.27409640726164,43.69741703439054],[4.2740988098068975,43.697416915611456],[4.274101216904575,43.69741696642795],[4.274103605866305,43.69741718636104],[4.2741059541746615,43.69741757333775],[4.274108239695394,43.69741812371057],[4.274200603072537,43.697444040471886],[4.274202856464384,43.697444768162065],[4.274204999104528,43.69744565463143],[4.27420700980589,43.69744669111432],[4.2742088686860376,43.6974478673617],[4.274210557363785,43.69744917174246],[4.27421205914096,43.69745059135848],[4.274213359167516,43.697452112172165],[4.274214444588374,43.697453719145265],[4.274215304670543,43.69745539638751],[4.274215930909241,43.697457127313804],[4.274216317112006,43.69745889480822],[4.274216459459926,43.69746068139326],[4.274216356545393,43.69746246940257],[4.274216009386039,43.69746424115578],[4.274215421414659,43.697465979133234],[4.274214598445278,43.69746766614925],[4.274108376909756,43.697655197475406],[4.274107354008259,43.69765678005432],[4.2741061243229215,43.69765828316912],[4.274104699454366,43.69765969263973],[4.274103092844533,43.69766099516947],[4.274101319649881,43.697662178470466],[4.274099396598407,43.69766323137966],[4.274097492994266,43.6976640768283],[4.274093500000001,43.69767120000002],[4.274035974804438,43.697653613021835]]],[[[4.274058299999999,43.6973087],[4.275206399999999,43.697489199999985],[4.2752819,43.69728829999999],[4.274683815834055,43.69716791723312],[4.274673006714635,43.69718610617482],[4.274455899438202,43.6971283530364],[4.274458932858724,43.69712265166406],[4.274276580342826,43.6970859464457],[4.274276245982128,43.69708683534441],[4.274275358850619,43.69708851311472],[4.274253818742042,43.697123862999405],[4.2742527172710645,43.69712545304299],[4.274251404743065,43.697126956383116],[4.274249893992294,43.697128358319695],[4.274248199791277,43.69712964514421],[4.274246338706372,43.69713080427374],[4.274244328935784,43.697131824373976],[4.274242190131604,43.69713269547014],[4.2742399432076565,43.69713340904432],[4.27423761013499,43.697133958119046],[4.274235213727049,43.69713433732532],[4.274232777416584,43.69713454295513],[4.274230325026528,43.69713457299778],[4.27422788053704,43.69713442715949],[4.274225467851033,43.69713410686631],[4.274223110560427,43.69713361525018],[4.274220831715475,43.69713295711826],[4.274194221012683,43.697124142462094],[4.274192821056717,43.69712548666583],[4.274180632958294,43.697135096038174],[4.274167221979138,43.697143805840426],[4.274152713661553,43.697151534538385],[4.274147905235192,43.697153609377025],[4.274058299999999,43.6973087]]]]},"properties":{"cle":"vivier:30341:006","nom":"30341:006","file":"vivier","sort":"ecartee"}},{"type":"Feature","geometry":{"type":"Polygon","coordinates":[[[4.296893236460164,43.639224389389206],[4.297198617132381,43.63927984252915],[4.297236789716408,43.63896098627561],[4.297446738928557,43.638761353672926],[4.298076586565003,43.638733626870064],[4.298133845441043,43.63855894771801],[4.297885723644868,43.63843972197343],[4.297427652636544,43.63840644963038],[4.297026840504259,43.638586674601456],[4.296851246617734,43.63876689903194],[4.296893236460164,43.639224389389206]]]},"properties":{"cle":"vivier:30341:010","nom":"30341:010","file":"vivier","sort":"ecartee"}},{"type":"Feature","geometry":{"type":"Polygon","coordinates":[[[4.282426983118056,43.70316979334284],[4.282713811844586,43.703033459032184],[4.282694030553102,43.702520408716175],[4.282634686678647,43.702251324627305],[4.282476436346769,43.70232308050241],[4.282367639243602,43.70289712441152],[4.282426983118056,43.70316979334284]]]},"properties":{"cle":"vivier:30341:002","nom":"30341:002","file":"vivier","sort":"ecartee"}},{"type":"Feature","geometry":{"type":"Polygon","coordinates":[[[4.279783499999999,43.70018480000002],[4.279783600000001,43.700165],[4.279760600000001,43.70013300000001],[4.279702100000001,43.7001055],[4.2787806999999995,43.6998922],[4.278744599999999,43.6999032],[4.2787116,43.69993029999999],[4.2787004,43.699950599999994],[4.278699500000001,43.69998269999999],[4.2788161,43.700112700000005],[4.279723999999999,43.70032290000001],[4.279783499999999,43.70018480000002]]]},"properties":{"cle":"vivier:30341:019","nom":"30341:019","file":"vivier","sort":"retenue"}},{"type":"Feature","geometry":{"type":"Polygon","coordinates":[[[4.269714653491974,43.69147129371316],[4.270208179950714,43.69139371667039],[4.270288646221161,43.69130838180741],[4.270283281803132,43.6911765004168],[4.269752204418182,43.69116098494002],[4.269693195819856,43.69121528909121],[4.269677102565766,43.69135104925409],[4.269714653491974,43.69147129371316]]]},"properties":{"cle":"vivier:30341:025","nom":"30341:025","file":"vivier","sort":"ecartee"}},{"type":"Feature","geometry":{"type":"Polygon","coordinates":[[[4.280111,43.697566],[4.280586,43.697684],[4.280806,43.69724],[4.280315,43.697108],[4.280084,43.697523],[4.280148,43.697521],[4.280355,43.697176],[4.280712,43.697263],[4.280532,43.697606],[4.280199,43.697546],[4.280111,43.697566]]]},"properties":{"cle":"vivier:30341:023","nom":"30341:023","file":"vivier","sort":"retenue"}},{"type":"Feature","geometry":{"type":"Polygon","coordinates":[[[4.270364,43.695449],[4.270891,43.69532],[4.270812,43.695152],[4.270289,43.695263],[4.270364,43.695449]]]},"properties":{"cle":"vivier:30341:009","nom":"30341:009","file":"vivier","sort":"retenue"}},{"type":"Feature","geometry":{"type":"Polygon","coordinates":[[[4.2812261916697025,43.698929958708284],[4.281483516097069,43.698929958708284],[4.28151568165049,43.69862165802243],[4.281309822108596,43.69861231555264],[4.2812261916697025,43.698649685422986],[4.2812261916697025,43.698929958708284]]]},"properties":{"cle":"vivier:30341:017","nom":"30341:017","file":"vivier","sort":"ecartee"}},{"type":"Feature","geometry":{"type":"Polygon","coordinates":[[[4.297818839550018,43.642092622011056],[4.297920763492583,43.642088739969175],[4.298001229763032,43.64199945293669],[4.298049509525298,43.641987806792265],[4.2980387806892395,43.6419256939837],[4.298070967197418,43.64189463755536],[4.2980602383613595,43.64181699641422],[4.297969043254852,43.641774293743836],[4.29778128862381,43.64177041168139],[4.297775924205779,43.641840288767085],[4.297759830951692,43.64190628371788],[4.297818839550018,43.642092622011056]]]},"properties":{"cle":"vivier:30341:043","nom":"30341:043","file":"vivier","sort":"ecartee"}},{"type":"Feature","geometry":{"type":"Polygon","coordinates":[[[4.271560363478777,43.700336133817956],[4.2715681849790625,43.700334695435934],[4.271586221988202,43.70033271560409],[4.2716044395453485,43.70033202690428],[4.271622662491188,43.70033263595822],[4.2716407156146,43.70033453690999],[4.271658425337247,43.700337711482206],[4.271668367572923,43.70034026564615],[4.271698540135265,43.700281645331025],[4.271690919868865,43.700269494356654],[4.27168481871062,43.7002563100551],[4.271684498377488,43.70025527479047],[4.271583782141805,43.70024498344634],[4.271581910056479,43.70024472055522],[4.27158008489565,43.70024432001595],[4.27157832583343,43.70024378603636],[4.271545823538778,43.70023246656213],[4.271545657063065,43.700232407843004],[4.270992667308641,43.70003488211002],[4.270989429681125,43.70003807549395],[4.270977588687067,43.700047680660056],[4.270964539105121,43.70005642278556],[4.270950399885858,43.70006422218317],[4.2709384342717325,43.700069599251215],[4.270914471703885,43.70010517548089],[4.271329911646163,43.70025409912755],[4.271560363478777,43.700336133817956]]]},"properties":{"cle":"vivier:30341:038","nom":"30341:038","file":"vivier","sort":"ecartee"}},{"type":"Feature","geometry":{"type":"Polygon","coordinates":[[[4.29841697216034,43.64365318252757],[4.298497438430785,43.64366094640889],[4.298492074012756,43.643505668591686],[4.298556447029113,43.64346684907468],[4.298567175865173,43.643327098605745],[4.2983633279800415,43.64328827897332],[4.298374056816101,43.64346296712161],[4.29842233657837,43.64349402273921],[4.298400878906251,43.64358330755047],[4.29841697216034,43.64365318252757]]]},"properties":{"cle":"vivier:30341:054","nom":"30341:054","file":"vivier","sort":"ecartee"}},{"type":"Feature","geometry":{"type":"Polygon","coordinates":[[[4.264008,43.698218],[4.264527,43.698143],[4.264506,43.698062],[4.264008,43.698137],[4.264008,43.698218]]]},"properties":{"cle":"vivier:30341:049","nom":"30341:049","file":"vivier","sort":"retenue"}},{"type":"Feature","geometry":{"type":"Polygon","coordinates":[[[4.22271067276597,43.73997195396513],[4.224309283308685,43.74022419765461],[4.224420078098773,43.7401955336525],[4.224404250271618,43.73989169438652],[4.223201335407793,43.73975983913095],[4.222876864951104,43.73970824351712],[4.222726500593125,43.73973117490654],[4.22271067276597,43.73997195396513]]]},"properties":{"cle":"vivier:30344:010","nom":"30344:010","file":"vivier","sort":"ecartee"}},{"type":"Feature","geometry":{"type":"Polygon","coordinates":[[[4.224139,43.740793],[4.222926,43.740626],[4.222945,43.740502],[4.224173,43.740688],[4.224139,43.740793]]]},"properties":{"cle":"vivier:30344:024","nom":"30344:024","file":"vivier","sort":"retenue"}},{"type":"Feature","geometry":{"type":"Polygon","coordinates":[[[4.216178467031569,43.74325529300331],[4.21702821739018,43.743318951066854],[4.217086820863187,43.74325529300331],[4.217057519126683,43.74317041547991],[4.216383579187095,43.743149196080225],[4.216178467031568,43.74317041547991],[4.216178467031569,43.74325529300331]]]},"properties":{"cle":"vivier:30344:012","nom":"30344:012","file":"vivier","sort":"ecartee"}},{"type":"Feature","geometry":{"type":"Polygon","coordinates":[[[4.223881,43.744389],[4.223964,43.744537],[4.224216,43.744676],[4.224396,43.744735],[4.224586,43.744749],[4.224765,43.744729],[4.224764,43.744682],[4.224576,43.744703],[4.224372,43.744678],[4.224247,43.744638],[4.224085,43.744544],[4.22401,43.74446],[4.223959,43.744365],[4.223881,43.744389]]]},"properties":{"cle":"vivier:30344:015","nom":"30344:015","file":"vivier","sort":"retenue"}}]}