{"type":"FeatureCollection","features":[{"type":"Feature","geometry":{"type":"Polygon","coordinates":[[[4.199016,43.577209],[4.198986,43.577163],[4.198942,43.57716],[4.198721,43.577242],[4.198766,43.577293],[4.198701,43.577322],[4.198743,43.577387],[4.198007,43.577685],[4.197941,43.577738],[4.197829,43.577782],[4.197927,43.577929],[4.197877,43.577941],[4.197893,43.578017],[4.197973,43.57834],[4.19806,43.578633],[4.198116,43.578636],[4.198138,43.578714],[4.198244,43.578717],[4.198358,43.578614],[4.19841,43.578558],[4.198281,43.578425],[4.198242,43.578442],[4.198166,43.578413],[4.198131,43.578269],[4.198355,43.578176],[4.198222,43.577983],[4.198313,43.577947],[4.198306,43.577938],[4.198304,43.577924],[4.19831,43.577907],[4.19832,43.577895],[4.199242,43.577521],[4.199264,43.577525],[4.199399,43.577644],[4.199389,43.57772],[4.199673,43.578099],[4.199906,43.57809],[4.200107,43.578106],[4.200186,43.578112],[4.200221,43.578088],[4.200047,43.57794],[4.199488,43.577494],[4.199063,43.577191],[4.199016,43.577209]]]},"properties":{"cle":"osm:w48980389","nom":null,"source":"osm","file":"inventaire"}},{"type":"Feature","geometry":{"type":"Polygon","coordinates":[[[4.195982,43.565767],[4.196543,43.565508],[4.19683,43.565332],[4.196914,43.565256],[4.196686,43.565127],[4.196891,43.564934],[4.19641,43.564637],[4.19656,43.564497],[4.196453,43.564427],[4.195486,43.565342],[4.195523,43.565367],[4.195488,43.565398],[4.195982,43.565767]]]},"properties":{"cle":"osm:w77128470","nom":"P4","source":"osm","file":"inventaire"}},{"type":"Feature","geometry":{"type":"Polygon","coordinates":[[[4.18612,43.567717],[4.186109,43.567597],[4.186215,43.567583],[4.186097,43.567386],[4.185705,43.566913],[4.185246,43.567051],[4.184907,43.567118],[4.184831,43.567287],[4.18477,43.567406],[4.184896,43.567829],[4.184971,43.567823],[4.185005,43.567886],[4.18612,43.567717]]]},"properties":{"cle":"osm:w1271896895","nom":null,"source":"osm","file":"inventaire"}},{"type":"Feature","geometry":{"type":"Polygon","coordinates":[[[4.186958,43.564438],[4.1871,43.564371],[4.187204,43.564481],[4.187215,43.564494],[4.187249,43.564473],[4.187293,43.564448],[4.18736,43.564507],[4.187615,43.564381],[4.187999,43.564178],[4.188075,43.56408],[4.188069,43.564026],[4.188065,43.563984],[4.18791,43.563902],[4.187576,43.563697],[4.187406,43.563632],[4.187154,43.563723],[4.1867,43.563832],[4.186625,43.563959],[4.186828,43.56443],[4.186898,43.564415],[4.186927,43.564456],[4.186958,43.564438]]]},"properties":{"cle":"osm:w26361826","nom":"P5","source":"osm","file":"inventaire"}},{"type":"Feature","geometry":{"type":"Polygon","coordinates":[[[4.198659,43.576603],[4.198706,43.576576],[4.198975,43.576514],[4.19883,43.576394],[4.198877,43.576367],[4.198695,43.576211],[4.198654,43.57624],[4.198473,43.576078],[4.198477,43.576043],[4.198513,43.576042],[4.198519,43.576015],[4.198534,43.575987],[4.198565,43.57595],[4.198595,43.575929],[4.198572,43.575903],[4.198736,43.575864],[4.198804,43.575864],[4.198999,43.575962],[4.199363,43.576033],[4.198696,43.575523],[4.19791,43.575959],[4.198659,43.576603]]]},"properties":{"cle":"osm:w48980397","nom":null,"source":"osm","file":"inventaire"}},{"type":"Feature","geometry":{"type":"Polygon","coordinates":[[[4.183087,43.560308],[4.183441,43.560153],[4.18324,43.559782],[4.182902,43.559541],[4.182749,43.559465],[4.182532,43.559492],[4.182363,43.559583],[4.182393,43.559733],[4.182513,43.559848],[4.182843,43.559957],[4.182953,43.560316],[4.183087,43.560308]]]},"properties":{"cle":"osm:w694620514","nom":null,"source":"osm","file":"inventaire"}},{"type":"Feature","geometry":{"type":"Polygon","coordinates":[[[4.191348,43.568033],[4.191356,43.568045],[4.191334,43.568115],[4.19147,43.568071],[4.191501,43.567964],[4.191522,43.567951],[4.191569,43.568003],[4.193383,43.567056],[4.193299,43.566968],[4.193285,43.566953],[4.19322,43.566974],[4.193148,43.566953],[4.19219,43.567455],[4.192193,43.5675],[4.192148,43.567531],[4.192098,43.567535],[4.192061,43.567521],[4.191182,43.567993],[4.191221,43.568033],[4.191258,43.568071],[4.191328,43.568034],[4.191348,43.568033]]]},"properties":{"cle":"osm:w77128476","nom":"P2","source":"osm","file":"inventaire"}},{"type":"Feature","geometry":{"type":"Polygon","coordinates":[[[4.188098,43.578301],[4.188475,43.578422],[4.189155,43.578592],[4.189255,43.578237],[4.188854,43.578176],[4.187662,43.578055],[4.187637,43.578158],[4.188098,43.578301]]]},"properties":{"cle":"osm:w685817244","nom":null,"source":"osm","file":"inventaire"}},{"type":"Feature","geometry":{"type":"Polygon","coordinates":[[[4.183345,43.558065],[4.183479,43.558019],[4.183329,43.557905],[4.183261,43.557636],[4.18331,43.557553],[4.183355,43.557558],[4.183341,43.557384],[4.183312,43.557401],[4.183323,43.557157],[4.182834,43.557239],[4.18276,43.557296],[4.182696,43.557366],[4.182575,43.557501],[4.183345,43.558065]]]},"properties":{"cle":"osm:w173514775","nom":null,"source":"osm","file":"inventaire"}},{"type":"Feature","geometry":{"type":"Polygon","coordinates":[[[4.19558,43.565901],[4.195475,43.565801],[4.195442,43.565825],[4.195394,43.565843],[4.195352,43.56584],[4.195325,43.56583],[4.195309,43.565818],[4.19445,43.566279],[4.194466,43.566296],[4.194471,43.566313],[4.194474,43.566334],[4.194463,43.56635],[4.194433,43.566367],[4.194405,43.566378],[4.194359,43.566376],[4.194319,43.566349],[4.193469,43.566792],[4.193539,43.566859],[4.193605,43.566915],[4.19558,43.565901]]]},"properties":{"cle":"osm:w77128492","nom":"P3","source":"osm","file":"inventaire"}},{"type":"Feature","geometry":{"type":"Polygon","coordinates":[[[4.197212,43.568129],[4.197157,43.568015],[4.194474,43.568518],[4.194528,43.56866],[4.197212,43.568129]]]},"properties":{"cle":"osm:w77128480","nom":null,"source":"osm","file":"inventaire"}},{"type":"Feature","geometry":{"type":"Polygon","coordinates":[[[4.190103,43.568623],[4.190322,43.568577],[4.190501,43.568507],[4.190691,43.568443],[4.190919,43.568367],[4.191033,43.568332],[4.190921,43.568232],[4.190945,43.568169],[4.1909,43.568164],[4.190865,43.568136],[4.190009,43.568248],[4.189921,43.568372],[4.19,43.568632],[4.190103,43.568623]]]},"properties":{"cle":"osm:w77128452","nom":"P1","source":"osm","file":"inventaire"}},{"type":"Feature","geometry":{"type":"Polygon","coordinates":[[[4.184067,43.55804],[4.184226,43.557698],[4.183899,43.557609],[4.183674,43.557662],[4.183713,43.557908],[4.183681,43.558273],[4.183964,43.558309],[4.184067,43.55804]]]},"properties":{"cle":"osm:w1395672724","nom":null,"source":"osm","file":"inventaire"}},{"type":"Feature","geometry":{"type":"Polygon","coordinates":[[[4.202162,43.568491],[4.202079,43.568536],[4.202444,43.568947],[4.202613,43.569132],[4.202706,43.569089],[4.202855,43.569019],[4.202343,43.568425],[4.202265,43.568456],[4.202246,43.568446],[4.202162,43.568491]]]},"properties":{"cle":"osm:w644561450","nom":null,"source":"osm","file":"inventaire"}},{"type":"Feature","geometry":{"type":"Polygon","coordinates":[[[4.186219,43.566324],[4.185941,43.565821],[4.185684,43.565865],[4.185692,43.565895],[4.185857,43.566497],[4.186219,43.566324]]]},"properties":{"cle":"osm:w77242298","nom":null,"source":"osm","file":"inventaire"}},{"type":"Feature","geometry":{"type":"Polygon","coordinates":[[[4.19797,43.569208],[4.197922,43.569133],[4.197888,43.56908],[4.197789,43.569077],[4.197245,43.569196],[4.197275,43.569251],[4.197417,43.56951],[4.197502,43.56955],[4.19797,43.569208]]]},"properties":{"cle":"osm:w280922268","nom":null,"source":"osm","file":"inventaire"}},{"type":"Feature","geometry":{"type":"Polygon","coordinates":[[[4.197092,43.575622],[4.196968,43.575686],[4.197283,43.575988],[4.196956,43.576172],[4.197038,43.576248],[4.197581,43.575921],[4.197504,43.57584],[4.197511,43.575824],[4.197383,43.575707],[4.197326,43.575679],[4.19716,43.575516],[4.197092,43.575622]]]},"properties":{"cle":"osm:w685985847","nom":null,"source":"osm","file":"inventaire"}},{"type":"Feature","geometry":{"type":"Polygon","coordinates":[[[4.198832,43.567824],[4.19889,43.567776],[4.198871,43.56774],[4.198789,43.567715],[4.197375,43.567992],[4.197421,43.568095],[4.198832,43.567824]]]},"properties":{"cle":"osm:w1086292228","nom":null,"source":"osm","file":"inventaire"}},{"type":"Feature","geometry":{"type":"Polygon","coordinates":[[[4.195938,43.574349],[4.195499,43.573945],[4.195271,43.574076],[4.195709,43.574479],[4.195938,43.574349]]]},"properties":{"cle":"osm:w642264924","nom":null,"source":"osm","file":"inventaire"}},{"type":"Feature","geometry":{"type":"Polygon","coordinates":[[[4.187843,43.56859],[4.187705,43.568477],[4.186894,43.568926],[4.186854,43.568954],[4.186977,43.568999],[4.187843,43.56859]]]},"properties":{"cle":"osm:w575943750","nom":"Parking (interdit aux camping-cars)","source":"osm","file":"inventaire"}},{"type":"Feature","geometry":{"type":"Polygon","coordinates":[[[4.186642,43.565789],[4.186837,43.566112],[4.187151,43.566021],[4.186989,43.565729],[4.186642,43.565789]]]},"properties":{"cle":"osm:w831682784","nom":null,"source":"osm","file":"inventaire"}},{"type":"Feature","geometry":{"type":"Polygon","coordinates":[[[4.18669,43.565741],[4.18697,43.565608],[4.186347,43.56512],[4.18669,43.565741]]]},"properties":{"cle":"osm:w77365975","nom":null,"source":"osm","file":"inventaire"}},{"type":"Feature","geometry":{"type":"Polygon","coordinates":[[[4.21065,43.588799],[4.210589,43.58875],[4.210663,43.588759],[4.210694,43.588666],[4.21051,43.588639],[4.210508,43.588654],[4.210503,43.588668],[4.210497,43.588679],[4.210485,43.588664],[4.210479,43.588648],[4.210475,43.588628],[4.210474,43.588602],[4.210475,43.588577],[4.210482,43.588575],[4.210489,43.588575],[4.210496,43.588577],[4.210491,43.588616],[4.210702,43.588647],[4.210731,43.588556],[4.210679,43.588547],[4.210694,43.588498],[4.210516,43.58847],[4.210505,43.588471],[4.2105,43.588475],[4.210496,43.588508],[4.210488,43.588509],[4.210481,43.588506],[4.210475,43.588492],[4.210475,43.588476],[4.210478,43.588456],[4.210481,43.588438],[4.210485,43.588424],[4.210494,43.588413],[4.210508,43.588409],[4.210521,43.588409],[4.210509,43.588453],[4.210755,43.588487],[4.210783,43.588396],[4.210768,43.588393],[4.210754,43.588384],[4.21075,43.588368],[4.210751,43.588347],[4.210735,43.588344],[4.210513,43.588304],[4.210502,43.588345],[4.210463,43.588341],[4.210453,43.58837],[4.210444,43.588415],[4.210437,43.588472],[4.210428,43.588606],[4.210432,43.588646],[4.210443,43.588677],[4.210465,43.588709],[4.210497,43.588737],[4.210538,43.588769],[4.210589,43.588804],[4.210617,43.588822],[4.21065,43.588799]]]},"properties":{"cle":"osm:w586110061","nom":null,"source":"osm","file":"inventaire"}},{"type":"Feature","geometry":{"type":"Polygon","coordinates":[[[4.184325,43.573058],[4.184352,43.573131],[4.184107,43.573503],[4.184079,43.573544],[4.184123,43.573596],[4.184186,43.573563],[4.184541,43.573016],[4.184486,43.572991],[4.184609,43.572927],[4.184601,43.572886],[4.184418,43.572906],[4.184267,43.572932],[4.184325,43.573058]]]},"properties":{"cle":"osm:w1477860319","nom":null,"source":"osm","file":"inventaire"}},{"type":"Feature","geometry":{"type":"Polygon","coordinates":[[[4.142734,43.561428],[4.142833,43.561405],[4.14296,43.561355],[4.143089,43.561286],[4.143161,43.561246],[4.143091,43.56116],[4.142985,43.561146],[4.142786,43.561195],[4.142687,43.561234],[4.142615,43.56133],[4.142635,43.561351],[4.142734,43.561428]]]},"properties":{"cle":"osm:w204019682","nom":"Parking du Vidourle","source":"osm","file":"inventaire"}},{"type":"Feature","geometry":{"type":"Polygon","coordinates":[[[4.20006,43.577453],[4.199855,43.577222],[4.199797,43.577248],[4.199596,43.577342],[4.199795,43.577517],[4.199918,43.57752],[4.20006,43.577453]]]},"properties":{"cle":"osm:w1482686895","nom":null,"source":"osm","file":"inventaire"}},{"type":"Feature","geometry":{"type":"Polygon","coordinates":[[[4.199523,43.577105],[4.199415,43.577026],[4.199464,43.576991],[4.199421,43.576956],[4.199448,43.576939],[4.199291,43.576817],[4.199177,43.576909],[4.199143,43.576965],[4.199184,43.577059],[4.199357,43.577188],[4.199523,43.577105]]]},"properties":{"cle":"osm:w1011221284","nom":null,"source":"osm","file":"inventaire"}},{"type":"Feature","geometry":{"type":"Polygon","coordinates":[[[4.186144,43.567375],[4.186206,43.567488],[4.186405,43.567448],[4.186345,43.567393],[4.186033,43.567106],[4.185963,43.567042],[4.185864,43.567094],[4.186144,43.567375]]]},"properties":{"cle":"osm:w77242337","nom":null,"source":"osm","file":"inventaire"}},{"type":"Feature","geometry":{"type":"Polygon","coordinates":[[[4.188747,43.573829],[4.187339,43.573545],[4.187319,43.573592],[4.188733,43.573871],[4.188747,43.573829]]]},"properties":{"cle":"osm:w1197117589","nom":null,"source":"osm","file":"inventaire"}},{"type":"Feature","geometry":{"type":"Polygon","coordinates":[[[4.189077,43.573936],[4.190565,43.574213],[4.190582,43.574173],[4.189093,43.573895],[4.189077,43.573936]]]},"properties":{"cle":"osm:w1197117590","nom":null,"source":"osm","file":"inventaire"}},{"type":"Feature","geometry":{"type":"Polygon","coordinates":[[[4.19993,43.57753],[4.200032,43.577615],[4.199981,43.577671],[4.20013,43.577795],[4.200313,43.57769],[4.200082,43.577453],[4.19993,43.57753]]]},"properties":{"cle":"osm:w1482686896","nom":null,"source":"osm","file":"inventaire"}},{"type":"Feature","geometry":{"type":"Polygon","coordinates":[[[4.194137,43.572795],[4.193984,43.572685],[4.193862,43.572767],[4.193812,43.573089],[4.194137,43.572795]]]},"properties":{"cle":"osm:w1064812035","nom":null,"source":"osm","file":"inventaire"}},{"type":"Feature","geometry":{"type":"Polygon","coordinates":[[[4.170756,43.5525],[4.170685,43.552595],[4.171094,43.552761],[4.171269,43.552708],[4.170756,43.5525]]]},"properties":{"cle":"osm:w694738518","nom":null,"source":"osm","file":"inventaire"}},{"type":"Feature","geometry":{"type":"Polygon","coordinates":[[[4.199631,43.577073],[4.199409,43.577176],[4.199596,43.577342],[4.199797,43.577248],[4.199631,43.577073]]]},"properties":{"cle":"osm:w1482686899","nom":null,"source":"osm","file":"inventaire"}},{"type":"Feature","geometry":{"type":"Polygon","coordinates":[[[4.201256,43.56984],[4.200315,43.570109],[4.20034,43.570154],[4.201281,43.569886],[4.201256,43.56984]]]},"properties":{"cle":"osm:w644561425","nom":null,"source":"osm","file":"inventaire"}},{"type":"Feature","geometry":{"type":"Polygon","coordinates":[[[4.201935,43.568465],[4.201065,43.568715],[4.201088,43.568761],[4.201957,43.568506],[4.201935,43.568465]]]},"properties":{"cle":"osm:w644561428","nom":null,"source":"osm","file":"inventaire"}},{"type":"Feature","geometry":{"type":"Polygon","coordinates":[[[4.183817,43.570611],[4.184175,43.570489],[4.184125,43.570413],[4.183758,43.570544],[4.183817,43.570611]]]},"properties":{"cle":"osm:w1097353336","nom":null,"source":"osm","file":"inventaire"}},{"type":"Feature","geometry":{"type":"Polygon","coordinates":[[[4.18387,43.572973],[4.184337,43.572862],[4.184559,43.572832],[4.184593,43.572785],[4.184322,43.572816],[4.183881,43.572931],[4.18387,43.572973]]]},"properties":{"cle":"osm:w1197117579","nom":null,"source":"osm","file":"inventaire"}},{"type":"Feature","geometry":{"type":"Polygon","coordinates":[[[4.195783,43.571043],[4.195961,43.571096],[4.196237,43.571011],[4.196217,43.570964],[4.195975,43.57101],[4.195968,43.570986],[4.195776,43.571019],[4.195783,43.571043]]]},"properties":{"cle":"osm:w173688366","nom":null,"source":"osm","file":"inventaire"}},{"type":"Feature","geometry":{"type":"Polygon","coordinates":[[[4.194416,43.570412],[4.194515,43.570377],[4.194197,43.570233],[4.194107,43.570277],[4.194416,43.570412]]]},"properties":{"cle":"osm:w1442088413","nom":null,"source":"osm","file":"inventaire"}},{"type":"Feature","geometry":{"type":"Polygon","coordinates":[[[4.193652,43.706685],[4.194389,43.707515],[4.195473,43.706995],[4.194763,43.706169],[4.193652,43.706685]]]},"properties":{"cle":"osm:w41401246","nom":null,"source":"osm","file":"inventaire"}},{"type":"Feature","geometry":{"type":"Polygon","coordinates":[[[4.191033,43.727325],[4.1914,43.727367],[4.192211,43.726921],[4.191333,43.726614],[4.191051,43.726882],[4.19084,43.727018],[4.190726,43.727199],[4.19053,43.727395],[4.190343,43.727581],[4.190676,43.727659],[4.191033,43.727325]]]},"properties":{"cle":"osm:w157155041","nom":null,"source":"osm","file":"inventaire"}},{"type":"Feature","geometry":{"type":"Polygon","coordinates":[[[4.198601,43.714597],[4.198647,43.714902],[4.198529,43.71492],[4.19853,43.715007],[4.199043,43.71498],[4.19904,43.714941],[4.199097,43.71494],[4.199062,43.71468],[4.199026,43.714682],[4.198982,43.714549],[4.198899,43.71448],[4.198759,43.714264],[4.197622,43.714338],[4.197654,43.714596],[4.198008,43.714571],[4.198013,43.714621],[4.198601,43.714597]]]},"properties":{"cle":"osm:w41801824","nom":null,"source":"osm","file":"inventaire"}},{"type":"Feature","geometry":{"type":"Polygon","coordinates":[[[4.198687,43.713366],[4.198502,43.713457],[4.198571,43.713521],[4.198772,43.713427],[4.199198,43.713923],[4.198878,43.714103],[4.198951,43.714222],[4.199385,43.714013],[4.198233,43.712626],[4.198144,43.712626],[4.197985,43.712802],[4.198168,43.712822],[4.198687,43.713366]]]},"properties":{"cle":"osm:w965151289","nom":null,"source":"osm","file":"inventaire"}},{"type":"Feature","geometry":{"type":"Polygon","coordinates":[[[4.183554,43.733949],[4.183591,43.733986],[4.183639,43.734034],[4.184079,43.734009],[4.184055,43.733882],[4.183713,43.733647],[4.183307,43.733766],[4.183124,43.733916],[4.183382,43.734073],[4.183554,43.733949]]]},"properties":{"cle":"osm:w160682325","nom":null,"source":"osm","file":"inventaire"}},{"type":"Feature","geometry":{"type":"Polygon","coordinates":[[[4.190797,43.728254],[4.192061,43.728482],[4.192095,43.72819],[4.191821,43.728176],[4.19107,43.728189],[4.190785,43.728229],[4.190797,43.728254]]]},"properties":{"cle":"osm:w511362306","nom":null,"source":"osm","file":"inventaire"}},{"type":"Feature","geometry":{"type":"Polygon","coordinates":[[[4.194142,43.707634],[4.194616,43.708169],[4.194863,43.708061],[4.194389,43.707515],[4.194142,43.707634]]]},"properties":{"cle":"osm:w359796100","nom":null,"source":"osm","file":"inventaire"}},{"type":"Feature","geometry":{"type":"Polygon","coordinates":[[[4.181728,43.736556],[4.181797,43.736604],[4.181956,43.736722],[4.18207,43.736735],[4.182084,43.7366],[4.181918,43.736489],[4.181772,43.736492],[4.181556,43.736368],[4.181491,43.736411],[4.181283,43.736654],[4.181397,43.736692],[4.181575,43.736457],[4.181604,43.736482],[4.181438,43.736705],[4.181607,43.736761],[4.181728,43.736556]]]},"properties":{"cle":"osm:w822899451","nom":"Parking des Arènes","source":"osm","file":"inventaire"}},{"type":"Feature","geometry":{"type":"Polygon","coordinates":[[[4.199912,43.714534],[4.199788,43.714398],[4.199304,43.714628],[4.199428,43.714764],[4.199912,43.714534]]]},"properties":{"cle":"osm:w965151303","nom":null,"source":"osm","file":"inventaire"}},{"type":"Feature","geometry":{"type":"Polygon","coordinates":[[[4.18306,43.739007],[4.183052,43.738787],[4.182993,43.738646],[4.182807,43.738687],[4.182824,43.738964],[4.182882,43.739085],[4.18306,43.739007]]]},"properties":{"cle":"osm:w160681741","nom":null,"source":"osm","file":"inventaire"}},{"type":"Feature","geometry":{"type":"Polygon","coordinates":[[[4.197652,43.713427],[4.197753,43.713071],[4.197718,43.713023],[4.197733,43.712994],[4.197586,43.71298],[4.197481,43.713394],[4.197652,43.713427]]]},"properties":{"cle":"osm:w965151294","nom":null,"source":"osm","file":"inventaire"}},{"type":"Feature","geometry":{"type":"Polygon","coordinates":[[[4.183975,43.739103],[4.183645,43.73901],[4.183691,43.738816],[4.183688,43.738752],[4.183506,43.738746],[4.183549,43.738425],[4.183978,43.738382],[4.184321,43.739132],[4.18397,43.739179],[4.183975,43.739103]]]},"properties":{"cle":"osm:w230615800","nom":null,"source":"osm","file":"inventaire"}},{"type":"Feature","geometry":{"type":"Polygon","coordinates":[[[4.183204,43.734571],[4.183506,43.734455],[4.183382,43.73439],[4.183354,43.734307],[4.183284,43.734275],[4.183183,43.734374],[4.183157,43.734365],[4.183038,43.734469],[4.183204,43.734571]]]},"properties":{"cle":"osm:w368815272","nom":null,"source":"osm","file":"inventaire"}},{"type":"Feature","geometry":{"type":"Polygon","coordinates":[[[4.200509,43.715106],[4.200178,43.714744],[4.200054,43.714803],[4.200385,43.715165],[4.200509,43.715106]]]},"properties":{"cle":"osm:w965151300","nom":null,"source":"osm","file":"inventaire"}},{"type":"Feature","geometry":{"type":"Polygon","coordinates":[[[4.17978,43.739952],[4.17987,43.739939],[4.179834,43.739671],[4.179752,43.739672],[4.179669,43.739674],[4.17968,43.739869],[4.179633,43.739883],[4.179645,43.739978],[4.17978,43.739952]]]},"properties":{"cle":"osm:w160681746","nom":null,"source":"osm","file":"inventaire"}},{"type":"Feature","geometry":{"type":"Polygon","coordinates":[[[4.176434,43.73908],[4.176379,43.738919],[4.176272,43.738936],[4.176149,43.738958],[4.176207,43.73912],[4.176434,43.73908]]]},"properties":{"cle":"osm:w326383079","nom":null,"source":"osm","file":"inventaire"}},{"type":"Feature","geometry":{"type":"Polygon","coordinates":[[[4.202959,43.693878],[4.203203,43.693728],[4.203255,43.693698],[4.204233,43.693006],[4.204187,43.692971],[4.204184,43.692912],[4.204093,43.692886],[4.203936,43.692901],[4.203672,43.692598],[4.203341,43.692599],[4.20329,43.692626],[4.203486,43.692852],[4.203435,43.692877],[4.203301,43.692911],[4.203489,43.693128],[4.203172,43.693288],[4.203198,43.693317],[4.202736,43.693541],[4.202767,43.693634],[4.202691,43.693697],[4.202614,43.693788],[4.202876,43.693891],[4.202959,43.693878]]]},"properties":{"cle":"osm:w41675411","nom":null,"source":"osm","file":"inventaire"}},{"type":"Feature","geometry":{"type":"Polygon","coordinates":[[[4.209029,43.686847],[4.209297,43.686905],[4.20962,43.686927],[4.209955,43.686922],[4.210008,43.68687],[4.209394,43.68674],[4.208698,43.686569],[4.208241,43.68644],[4.208087,43.686397],[4.20803,43.686381],[4.20798,43.686367],[4.207957,43.68636],[4.20772,43.686287],[4.207671,43.686282],[4.207624,43.686288],[4.207586,43.686306],[4.207559,43.686332],[4.207542,43.686375],[4.207512,43.686453],[4.209029,43.686847]]]},"properties":{"cle":"osm:w505612307","nom":null,"source":"osm","file":"inventaire"}},{"type":"Feature","geometry":{"type":"Polygon","coordinates":[[[4.204169,43.6928],[4.204325,43.692626],[4.204487,43.692695],[4.20453,43.692648],[4.204657,43.692508],[4.204708,43.692448],[4.205152,43.691942],[4.20491,43.691822],[4.204888,43.691811],[4.204065,43.692747],[4.204169,43.6928]]]},"properties":{"cle":"osm:w618538291","nom":null,"source":"osm","file":"inventaire"}},{"type":"Feature","geometry":{"type":"Polygon","coordinates":[[[4.211142,43.687047],[4.211074,43.687126],[4.211141,43.687169],[4.211125,43.687186],[4.211169,43.687215],[4.211151,43.687232],[4.21126,43.687299],[4.211227,43.68733],[4.211271,43.687362],[4.211254,43.687378],[4.211357,43.687445],[4.211582,43.687251],[4.211798,43.687114],[4.211707,43.687062],[4.211513,43.687087],[4.21124,43.68695],[4.211142,43.687047]]]},"properties":{"cle":"osm:w697580985","nom":null,"source":"osm","file":"inventaire"}},{"type":"Feature","geometry":{"type":"Polygon","coordinates":[[[4.211416,43.685195],[4.211445,43.685202],[4.211504,43.685218],[4.211799,43.684473],[4.211688,43.684452],[4.211611,43.684438],[4.211337,43.685093],[4.211416,43.685195]]]},"properties":{"cle":"osm:w505612304","nom":null,"source":"osm","file":"inventaire"}},{"type":"Feature","geometry":{"type":"Polygon","coordinates":[[[4.200274,43.692348],[4.200397,43.692355],[4.200505,43.692365],[4.200927,43.692397],[4.200978,43.6924],[4.201112,43.692406],[4.201181,43.692384],[4.201203,43.692357],[4.201214,43.692334],[4.201218,43.692304],[4.201221,43.692268],[4.201208,43.692246],[4.201176,43.692195],[4.201129,43.69221],[4.201018,43.692246],[4.200995,43.692207],[4.200989,43.692197],[4.200967,43.692204],[4.20071,43.692287],[4.200649,43.692265],[4.200652,43.692244],[4.200457,43.692229],[4.200418,43.692226],[4.200402,43.692225],[4.200293,43.692217],[4.200274,43.692348]]]},"properties":{"cle":"osm:w614258685","nom":null,"source":"osm","file":"inventaire"}},{"type":"Feature","geometry":{"type":"Polygon","coordinates":[[[4.21334,43.702628],[4.213339,43.702638],[4.213431,43.702643],[4.213529,43.702658],[4.213596,43.702695],[4.213612,43.702833],[4.213687,43.702839],[4.21375,43.702845],[4.213748,43.702814],[4.213742,43.702729],[4.213793,43.702707],[4.213739,43.702411],[4.213364,43.702409],[4.21334,43.702628]]]},"properties":{"cle":"osm:w614228346","nom":null,"source":"osm","file":"inventaire"}},{"type":"Feature","geometry":{"type":"Polygon","coordinates":[[[4.213625,43.686628],[4.213924,43.6867],[4.213938,43.68648],[4.213963,43.686075],[4.213886,43.68604],[4.213625,43.686628]]]},"properties":{"cle":"osm:w651232533","nom":null,"source":"osm","file":"inventaire"}},{"type":"Feature","geometry":{"type":"Polygon","coordinates":[[[4.214565,43.687334],[4.214754,43.687354],[4.214975,43.687171],[4.214916,43.687149],[4.214941,43.687029],[4.214616,43.686989],[4.214565,43.687334]]]},"properties":{"cle":"osm:w614228331","nom":null,"source":"osm","file":"inventaire"}},{"type":"Feature","geometry":{"type":"Polygon","coordinates":[[[4.207643,43.684868],[4.207509,43.685505],[4.207502,43.68556],[4.207502,43.685604],[4.207634,43.685614],[4.207648,43.685564],[4.207752,43.684882],[4.207711,43.684879],[4.207643,43.684868]]]},"properties":{"cle":"osm:w761806213","nom":null,"source":"osm","file":"inventaire"}},{"type":"Feature","geometry":{"type":"Polygon","coordinates":[[[4.210257,43.68675],[4.21038,43.686749],[4.210584,43.686615],[4.210801,43.686381],[4.2107,43.686356],[4.210634,43.686348],[4.210504,43.686492],[4.210252,43.686675],[4.210164,43.686715],[4.210257,43.68675]]]},"properties":{"cle":"osm:w761806203","nom":null,"source":"osm","file":"inventaire"}},{"type":"Feature","geometry":{"type":"Polygon","coordinates":[[[4.208028,43.683523],[4.208124,43.683536],[4.208147,43.68344],[4.208218,43.683144],[4.208125,43.683132],[4.208016,43.683119],[4.207943,43.683421],[4.207922,43.68351],[4.208028,43.683523]]]},"properties":{"cle":"osm:w505612313","nom":null,"source":"osm","file":"inventaire"}},{"type":"Feature","geometry":{"type":"Polygon","coordinates":[[[4.214489,43.686994],[4.213871,43.686941],[4.213801,43.687201],[4.213979,43.68722],[4.214034,43.687016],[4.214472,43.687058],[4.214489,43.686994]]]},"properties":{"cle":"osm:w614228333","nom":null,"source":"osm","file":"inventaire"}},{"type":"Feature","geometry":{"type":"Polygon","coordinates":[[[4.209166,43.682771],[4.209193,43.68262],[4.208145,43.682558],[4.208048,43.683074],[4.208233,43.683088],[4.208338,43.682715],[4.209166,43.682771]]]},"properties":{"cle":"osm:w505612312","nom":null,"source":"osm","file":"inventaire"}},{"type":"Feature","geometry":{"type":"Polygon","coordinates":[[[4.207848,43.684243],[4.207925,43.684258],[4.20803,43.683921],[4.20784,43.683896],[4.207831,43.683945],[4.207792,43.684156],[4.207778,43.68423],[4.207848,43.684243]]]},"properties":{"cle":"osm:w505612315","nom":null,"source":"osm","file":"inventaire"}},{"type":"Feature","geometry":{"type":"Polygon","coordinates":[[[4.20795,43.683862],[4.20804,43.683874],[4.208107,43.683615],[4.208009,43.683602],[4.207915,43.683589],[4.20791,43.683609],[4.207848,43.683848],[4.20795,43.683862]]]},"properties":{"cle":"osm:w505612314","nom":null,"source":"osm","file":"inventaire"}},{"type":"Feature","geometry":{"type":"Polygon","coordinates":[[[4.208042,43.686972],[4.208038,43.686982],[4.207946,43.687211],[4.20809,43.687236],[4.20818,43.687008],[4.208042,43.686972]]]},"properties":{"cle":"osm:w868459690","nom":null,"source":"osm","file":"inventaire"}},{"type":"Feature","geometry":{"type":"Polygon","coordinates":[[[4.208946,43.687321],[4.208998,43.687262],[4.209008,43.687251],[4.20897,43.687233],[4.209159,43.687017],[4.20909,43.686986],[4.20888,43.687226],[4.208853,43.687215],[4.208815,43.687262],[4.208946,43.687321]]]},"properties":{"cle":"osm:w505612303","nom":null,"source":"osm","file":"inventaire"}},{"type":"Feature","geometry":{"type":"Polygon","coordinates":[[[4.207604,43.685924],[4.207667,43.686004],[4.207713,43.686017],[4.207789,43.686015],[4.207789,43.68599],[4.207788,43.685887],[4.207744,43.685878],[4.207737,43.685803],[4.207683,43.685816],[4.207553,43.685846],[4.207604,43.685924]]]},"properties":{"cle":"osm:w761806212","nom":null,"source":"osm","file":"inventaire"}},{"type":"Feature","geometry":{"type":"Polygon","coordinates":[[[4.210883,43.688018],[4.210813,43.687998],[4.21067,43.688264],[4.210741,43.688284],[4.210883,43.688018]]]},"properties":{"cle":"osm:w850622950","nom":null,"source":"osm","file":"inventaire"}},{"type":"Feature","geometry":{"type":"Polygon","coordinates":[[[4.14998,43.753598],[4.150141,43.753624],[4.150566,43.753473],[4.150556,43.75339],[4.149879,43.75325],[4.149723,43.753537],[4.149706,43.753547],[4.149701,43.753549],[4.149709,43.753613],[4.14998,43.753598]]]},"properties":{"cle":"osm:w166397852","nom":null,"source":"osm","file":"inventaire"}},{"type":"Feature","geometry":{"type":"Polygon","coordinates":[[[4.143445,43.738084],[4.143779,43.737977],[4.143716,43.73779],[4.143462,43.737846],[4.143252,43.737922],[4.143445,43.738084]]]},"properties":{"cle":"osm:w81007673","nom":null,"source":"osm","file":"inventaire"}},{"type":"Feature","geometry":{"type":"Polygon","coordinates":[[[4.142639,43.754002],[4.14265,43.75418],[4.142862,43.754187],[4.142799,43.753772],[4.14241,43.754001],[4.142639,43.754002]]]},"properties":{"cle":"osm:w353797399","nom":null,"source":"osm","file":"inventaire"}},{"type":"Feature","geometry":{"type":"Polygon","coordinates":[[[4.145755,43.753672],[4.145712,43.753905],[4.146052,43.753937],[4.146095,43.753704],[4.145755,43.753672]]]},"properties":{"cle":"osm:w795192794","nom":"Plan des Théâtres","source":"osm","file":"inventaire"}},{"type":"Feature","geometry":{"type":"Polygon","coordinates":[[[4.145962,43.755062,-1000.0],[4.1458,43.755061,-1000.0],[4.145745,43.755384,-1000.0],[4.145903,43.755405,-1000.0],[4.145962,43.755062,-1000.0]]]},"properties":{"cle":"bdtopo:EQ_RESEA0000002489359937","nom":null,"source":"bdtopo","file":"inventaire"}},{"type":"Feature","geometry":{"type":"Polygon","coordinates":[[[4.147446,43.754269],[4.147377,43.754492],[4.147382,43.754521],[4.147472,43.754516],[4.147475,43.754475],[4.147583,43.754473],[4.147634,43.754428],[4.147588,43.754348],[4.147566,43.754223],[4.147446,43.754269]]]},"properties":{"cle":"osm:w98373829","nom":"Plan des Soeurs","source":"osm","file":"inventaire"}},{"type":"Feature","geometry":{"type":"Polygon","coordinates":[[[4.14678,43.755256],[4.146732,43.755352],[4.146734,43.755382],[4.146789,43.755388],[4.146766,43.755428],[4.146829,43.755471],[4.146886,43.755469],[4.146887,43.755454],[4.146968,43.755452],[4.146968,43.755425],[4.146951,43.755413],[4.146951,43.755394],[4.146998,43.755394],[4.147014,43.755367],[4.146948,43.755325],[4.14685,43.755243],[4.146821,43.755217],[4.146798,43.75522],[4.14678,43.755256]]]},"properties":{"cle":"osm:w1463517305","nom":null,"source":"osm","file":"inventaire"}},{"type":"Feature","geometry":{"type":"Polygon","coordinates":[[[4.310692,43.756193,-1000.0],[4.31027,43.75593,-1000.0],[4.310145,43.756054,-1000.0],[4.310574,43.756319,-1000.0],[4.310692,43.756193,-1000.0]]]},"properties":{"cle":"bdtopo:EQ_RESEA0000002222866586","nom":null,"source":"bdtopo","file":"inventaire"}},{"type":"Feature","geometry":{"type":"Polygon","coordinates":[[[4.312151,43.756895],[4.31241,43.757049],[4.312474,43.756993],[4.312521,43.756953],[4.312229,43.756744],[4.31221,43.75673],[4.312129,43.75681],[4.312151,43.756895]]]},"properties":{"cle":"osm:w564740987","nom":null,"source":"osm","file":"inventaire"}},{"type":"Feature","geometry":{"type":"Polygon","coordinates":[[[4.329243,43.726365],[4.329148,43.726191],[4.329173,43.726164],[4.329019,43.726059],[4.328982,43.726089],[4.328929,43.726141],[4.328827,43.726096],[4.328584,43.726334],[4.329005,43.726578],[4.329243,43.726365]]]},"properties":{"cle":"osm:w996898049","nom":null,"source":"osm","file":"inventaire"}},{"type":"Feature","geometry":{"type":"Polygon","coordinates":[[[4.326246,43.720472],[4.326364,43.720397],[4.325568,43.720257],[4.325561,43.720474],[4.326246,43.720472]]]},"properties":{"cle":"osm:w996898062","nom":null,"source":"osm","file":"inventaire"}},{"type":"Feature","geometry":{"type":"Polygon","coordinates":[[[4.325467,43.720274],[4.325543,43.719941],[4.325587,43.719807],[4.325349,43.71979],[4.325299,43.720264],[4.325467,43.720274]]]},"properties":{"cle":"osm:w996898060","nom":null,"source":"osm","file":"inventaire"}},{"type":"Feature","geometry":{"type":"Polygon","coordinates":[[[4.329296,43.714669],[4.329406,43.714185],[4.329325,43.714181],[4.329222,43.714661],[4.329296,43.714669]]]},"properties":{"cle":"osm:w1091931727","nom":null,"source":"osm","file":"inventaire"}},{"type":"Feature","geometry":{"type":"Polygon","coordinates":[[[4.323667,43.719641],[4.323759,43.719533],[4.323723,43.719409],[4.323708,43.719404],[4.323588,43.719346],[4.323597,43.719628],[4.323667,43.719641]]]},"properties":{"cle":"osm:w996898018","nom":null,"source":"osm","file":"inventaire"}},{"type":"Feature","geometry":{"type":"Polygon","coordinates":[[[4.323286,43.716425],[4.323317,43.716314],[4.32301,43.716311],[4.323008,43.716417],[4.323286,43.716425]]]},"properties":{"cle":"osm:w996898023","nom":null,"source":"osm","file":"inventaire"}},{"type":"Feature","geometry":{"type":"Polygon","coordinates":[[[4.329229,43.714809],[4.329248,43.714741],[4.32928,43.714736],[4.329296,43.714669],[4.329222,43.714661],[4.329067,43.71465],[4.329042,43.714797],[4.329229,43.714809]]]},"properties":{"cle":"osm:w996898028","nom":null,"source":"osm","file":"inventaire"}},{"type":"Feature","geometry":{"type":"Polygon","coordinates":[[[4.321507,43.71981],[4.321545,43.719673],[4.321585,43.719579],[4.321671,43.719427],[4.321835,43.71919],[4.321805,43.719176],[4.32164,43.7194],[4.321549,43.719557],[4.321503,43.719671],[4.321477,43.719809],[4.321507,43.71981]]]},"properties":{"cle":"osm:w996898011","nom":null,"source":"osm","file":"inventaire"}},{"type":"Feature","geometry":{"type":"Polygon","coordinates":[[[4.323481,43.719976],[4.323541,43.719987],[4.323599,43.719774],[4.323514,43.719758],[4.323416,43.71996],[4.323481,43.719976]]]},"properties":{"cle":"osm:w996898016","nom":null,"source":"osm","file":"inventaire"}},{"type":"Feature","geometry":{"type":"Polygon","coordinates":[[[4.324195,43.719508],[4.324286,43.719374],[4.324162,43.719331],[4.324067,43.719455],[4.324195,43.719508]]]},"properties":{"cle":"osm:w996898017","nom":null,"source":"osm","file":"inventaire"}},{"type":"Feature","geometry":{"type":"Polygon","coordinates":[[[4.27989,43.767672],[4.27997,43.767581],[4.280528,43.766971],[4.280032,43.766744],[4.279474,43.767393],[4.279452,43.76747],[4.27946,43.767552],[4.279485,43.767606],[4.279817,43.767753],[4.27989,43.767672]]]},"properties":{"cle":"osm:w497181805","nom":null,"source":"osm","file":"inventaire"}},{"type":"Feature","geometry":{"type":"Polygon","coordinates":[[[4.286324,43.770207],[4.286413,43.770066],[4.285935,43.769908],[4.285845,43.770048],[4.286324,43.770207]]]},"properties":{"cle":"osm:w545297351","nom":null,"source":"osm","file":"inventaire"}},{"type":"Feature","geometry":{"type":"Polygon","coordinates":[[[4.2755,43.770787],[4.275615,43.770839],[4.275695,43.770866],[4.275771,43.770831],[4.275797,43.770795],[4.275842,43.770796],[4.275886,43.770739],[4.27561,43.770629],[4.275563,43.770697],[4.2755,43.770787]]]},"properties":{"cle":"osm:w226241314","nom":"Parking des Capitelles","source":"osm","file":"inventaire"}},{"type":"Feature","geometry":{"type":"Polygon","coordinates":[[[4.29028,43.766502],[4.290317,43.766435],[4.290671,43.766533],[4.290709,43.766487],[4.290173,43.766324],[4.290084,43.766452],[4.29028,43.766502]]]},"properties":{"cle":"osm:w422647754","nom":null,"source":"osm","file":"inventaire"}},{"type":"Feature","geometry":{"type":"Polygon","coordinates":[[[4.494766,43.876572],[4.494855,43.876207],[4.494079,43.876138],[4.493843,43.876135],[4.493729,43.876151],[4.493697,43.876157],[4.493674,43.876217],[4.493672,43.876312],[4.493672,43.876409],[4.494766,43.876572]]]},"properties":{"cle":"osm:w903796089","nom":null,"source":"osm","file":"inventaire"}},{"type":"Feature","geometry":{"type":"Polygon","coordinates":[[[4.234141,43.776631],[4.234412,43.776373],[4.234268,43.776302],[4.234011,43.776571],[4.234141,43.776631]]]},"properties":{"cle":"osm:w372600109","nom":null,"source":"osm","file":"inventaire"}},{"type":"Feature","geometry":{"type":"Polygon","coordinates":[[[4.402746,43.810067],[4.403102,43.810191],[4.4032,43.810106],[4.403021,43.810043],[4.403175,43.809815],[4.403131,43.809786],[4.40299,43.809907],[4.402851,43.809888],[4.402777,43.809864],[4.402654,43.809779],[4.402629,43.80969],[4.402478,43.809657],[4.402222,43.809746],[4.401973,43.809785],[4.401708,43.810215],[4.402432,43.810473],[4.402746,43.810067]]]},"properties":{"cle":"osm:w911829860","nom":null,"source":"osm","file":"inventaire"}},{"type":"Feature","geometry":{"type":"Polygon","coordinates":[[[4.424994,43.800165],[4.42504,43.80005],[4.424974,43.800034],[4.425066,43.799804],[4.424551,43.799593],[4.424516,43.799704],[4.424409,43.800046],[4.42487,43.800106],[4.424755,43.800494],[4.425102,43.800552],[4.42517,43.800389],[4.425265,43.8004],[4.42535,43.80024],[4.424994,43.800165]]]},"properties":{"cle":"osm:w172320722","nom":"Parking de l'Europe","source":"osm","file":"inventaire"}},{"type":"Feature","geometry":{"type":"Polygon","coordinates":[[[4.432495,43.791407],[4.432426,43.791369],[4.431875,43.79108],[4.432067,43.790889],[4.432167,43.790776],[4.431831,43.790603],[4.431412,43.791026],[4.432257,43.791469],[4.432387,43.791506],[4.432495,43.791407]]]},"properties":{"cle":"osm:w931145352","nom":null,"source":"osm","file":"inventaire"}},{"type":"Feature","geometry":{"type":"Polygon","coordinates":[[[4.417318,43.800387],[4.417132,43.800706],[4.417296,43.800756],[4.417221,43.800884],[4.417715,43.801034],[4.417976,43.800587],[4.417318,43.800387]]]},"properties":{"cle":"osm:w172801563","nom":null,"source":"osm","file":"inventaire"}},{"type":"Feature","geometry":{"type":"Polygon","coordinates":[[[4.404294,43.806489],[4.404098,43.806418],[4.403636,43.807134],[4.403519,43.807409],[4.403655,43.807436],[4.404294,43.806489]]]},"properties":{"cle":"osm:w931145387","nom":null,"source":"osm","file":"inventaire"}},{"type":"Feature","geometry":{"type":"Polygon","coordinates":[[[4.429851,43.799401],[4.429789,43.799379],[4.429809,43.799334],[4.429779,43.799322],[4.429359,43.799154],[4.429194,43.799369],[4.429465,43.799443],[4.429449,43.799615],[4.429674,43.799628],[4.429745,43.799631],[4.429778,43.799632],[4.429825,43.79947],[4.429851,43.799401]]]},"properties":{"cle":"osm:w718423855","nom":null,"source":"osm","file":"inventaire"}},{"type":"Feature","geometry":{"type":"Polygon","coordinates":[[[4.440659,43.803188],[4.440614,43.80335],[4.441414,43.803465],[4.441459,43.803303],[4.440659,43.803188]]]},"properties":{"cle":"osm:w934215935","nom":null,"source":"osm","file":"inventaire"}},{"type":"Feature","geometry":{"type":"Polygon","coordinates":[[[4.426954,43.80067],[4.426759,43.800792],[4.426614,43.80077],[4.426582,43.800797],[4.42652,43.800803],[4.426488,43.80091],[4.426936,43.800999],[4.427131,43.800701],[4.426954,43.80067]]]},"properties":{"cle":"osm:w172322564","nom":"Parking de la Madone","source":"osm","file":"inventaire"}},{"type":"Feature","geometry":{"type":"Polygon","coordinates":[[[4.424502,43.798129],[4.424414,43.798293],[4.424391,43.798412],[4.424598,43.79847],[4.424652,43.798367],[4.424793,43.798406],[4.4249,43.798251],[4.424502,43.798129]]]},"properties":{"cle":"osm:w795468052","nom":null,"source":"osm","file":"inventaire"}},{"type":"Feature","geometry":{"type":"Polygon","coordinates":[[[4.417496,43.799258],[4.41755,43.799111],[4.417248,43.799049],[4.417311,43.798887],[4.4172,43.79886],[4.417074,43.799174],[4.417496,43.799258]]]},"properties":{"cle":"osm:w502846944","nom":null,"source":"osm","file":"inventaire"}},{"type":"Feature","geometry":{"type":"Polygon","coordinates":[[[4.428907,43.799319],[4.429052,43.799044],[4.428827,43.798978],[4.4287,43.799264],[4.428907,43.799319]]]},"properties":{"cle":"osm:w172322567","nom":null,"source":"osm","file":"inventaire"}},{"type":"Feature","geometry":{"type":"Polygon","coordinates":[[[4.428233,43.800523],[4.428191,43.800516],[4.428099,43.800488],[4.428127,43.800421],[4.42809,43.80041],[4.427913,43.8007],[4.427899,43.80073],[4.427945,43.800744],[4.427963,43.800713],[4.42801,43.800729],[4.428085,43.800745],[4.428233,43.800523]]]},"properties":{"cle":"osm:w718457089","nom":null,"source":"osm","file":"inventaire"}},{"type":"Feature","geometry":{"type":"Polygon","coordinates":[[[4.423163,43.798803],[4.423232,43.798819],[4.423211,43.798856],[4.42333,43.798887],[4.423415,43.798711],[4.423149,43.79863],[4.423117,43.798686],[4.423163,43.798803]]]},"properties":{"cle":"osm:w563610770","nom":null,"source":"osm","file":"inventaire"}},{"type":"Feature","geometry":{"type":"Polygon","coordinates":[[[4.425581,43.796197],[4.425382,43.796112],[4.425648,43.796015],[4.425406,43.795657],[4.425524,43.795604],[4.425605,43.795726],[4.425669,43.795647],[4.425798,43.79568],[4.425851,43.79562],[4.426101,43.795724],[4.42671,43.795368],[4.426739,43.79542],[4.426313,43.795693],[4.426007,43.795922],[4.426034,43.796023],[4.425581,43.796197]]]},"properties":{"cle":"osm:w564407100","nom":null,"source":"osm","file":"inventaire"}},{"type":"Feature","geometry":{"type":"Polygon","coordinates":[[[4.435452,43.801159],[4.435347,43.800425],[4.43529,43.800384],[4.435404,43.801143],[4.435452,43.801159]]]},"properties":{"cle":"osm:w1012175766","nom":null,"source":"osm","file":"inventaire"}},{"type":"Feature","geometry":{"type":"Polygon","coordinates":[[[4.47317,43.902735],[4.472704,43.902684],[4.472702,43.902729],[4.472638,43.902722],[4.472592,43.902938],[4.472723,43.902959],[4.47278,43.902968],[4.472812,43.902838],[4.473137,43.902886],[4.47317,43.902735]]]},"properties":{"cle":"osm:w412908136","nom":null,"source":"osm","file":"inventaire"}},{"type":"Feature","geometry":{"type":"Polygon","coordinates":[[[4.473863,43.90555],[4.473828,43.905152],[4.474177,43.905141],[4.474179,43.905427],[4.474456,43.905425],[4.474448,43.905531],[4.473863,43.90555]]]},"properties":{"cle":"osm:w685622137","nom":null,"source":"osm","file":"inventaire"}},{"type":"Feature","geometry":{"type":"Polygon","coordinates":[[[4.236153,43.671439],[4.23581,43.671437],[4.235573,43.671893],[4.235977,43.672084],[4.236153,43.671439]]]},"properties":{"cle":"osm:w1500339522","nom":null,"source":"osm","file":"inventaire"}},{"type":"Feature","geometry":{"type":"Polygon","coordinates":[[[4.258641,43.619805],[4.258498,43.619666],[4.258478,43.619622],[4.258419,43.619572],[4.258337,43.619641],[4.25826,43.619603],[4.258088,43.619732],[4.258108,43.619794],[4.258456,43.620056],[4.258744,43.619861],[4.258641,43.619805]]]},"properties":{"cle":"osm:w845000476","nom":null,"source":"osm","file":"inventaire"}},{"type":"Feature","geometry":{"type":"Polygon","coordinates":[[[4.252403,43.635036],[4.252434,43.635096],[4.252625,43.6352],[4.252802,43.63535],[4.252808,43.635395],[4.252814,43.635436],[4.252609,43.635476],[4.252633,43.635581],[4.253057,43.635504],[4.253034,43.63545],[4.252945,43.635395],[4.252798,43.635242],[4.252675,43.63511],[4.252597,43.635005],[4.252518,43.634897],[4.252468,43.634913],[4.252426,43.634978],[4.252403,43.635036]]]},"properties":{"cle":"osm:w620384427","nom":null,"source":"osm","file":"inventaire"}},{"type":"Feature","geometry":{"type":"Polygon","coordinates":[[[4.235012,43.671831],[4.234976,43.671677],[4.234828,43.671687],[4.234534,43.671706],[4.234553,43.671843],[4.235012,43.671831]]]},"properties":{"cle":"osm:w640090953","nom":null,"source":"osm","file":"inventaire"}},{"type":"Feature","geometry":{"type":"Polygon","coordinates":[[[4.235723,43.675264],[4.235111,43.675243],[4.235136,43.675033],[4.235758,43.675057],[4.235723,43.675264]]]},"properties":{"cle":"osm:w906759990","nom":null,"source":"osm","file":"inventaire"}},{"type":"Feature","geometry":{"type":"Polygon","coordinates":[[[4.235286,43.671968],[4.235109,43.671884],[4.235052,43.672233],[4.235198,43.672291],[4.235286,43.671968]]]},"properties":{"cle":"osm:w640090952","nom":null,"source":"osm","file":"inventaire"}},{"type":"Feature","geometry":{"type":"Polygon","coordinates":[[[4.384866,43.797056],[4.384913,43.797033],[4.384963,43.79701],[4.385333,43.796833],[4.385366,43.79687],[4.38548,43.796816],[4.385515,43.796799],[4.385656,43.796746],[4.385382,43.796441],[4.384477,43.796879],[4.384713,43.797133],[4.384866,43.797056]]]},"properties":{"cle":"osm:w985562864","nom":null,"source":"osm","file":"inventaire"}},{"type":"Feature","geometry":{"type":"Polygon","coordinates":[[[4.381846,43.798121],[4.381773,43.798151],[4.381728,43.798131],[4.381175,43.798555],[4.3811,43.798663],[4.38194,43.799039],[4.382007,43.798994],[4.381567,43.798642],[4.381682,43.798563],[4.38165,43.79853],[4.382048,43.798246],[4.381846,43.798121]]]},"properties":{"cle":"osm:w654162598","nom":null,"source":"osm","file":"inventaire"}},{"type":"Feature","geometry":{"type":"Polygon","coordinates":[[[4.383325,43.787052],[4.383204,43.787001],[4.383117,43.786964],[4.382763,43.787706],[4.382791,43.787771],[4.38287,43.78781],[4.382969,43.787777],[4.383325,43.787052]]]},"properties":{"cle":"osm:w952568109","nom":null,"source":"osm","file":"inventaire"}},{"type":"Feature","geometry":{"type":"Polygon","coordinates":[[[4.383595,43.796284],[4.383789,43.796034],[4.383225,43.795818],[4.383049,43.796063],[4.383595,43.796284]]]},"properties":{"cle":"osm:w654162595","nom":null,"source":"osm","file":"inventaire"}},{"type":"Feature","geometry":{"type":"Polygon","coordinates":[[[4.377313,43.79648],[4.377267,43.796554],[4.37714,43.796513],[4.376965,43.796794],[4.377277,43.796895],[4.377425,43.796655],[4.37758,43.796705],[4.377652,43.796589],[4.377313,43.79648]]]},"properties":{"cle":"osm:w606574404","nom":"Place Cocconato","source":"osm","file":"inventaire"}},{"type":"Feature","geometry":{"type":"Polygon","coordinates":[[[4.383204,43.787001],[4.383396,43.786753],[4.38352,43.786521],[4.38364,43.786254],[4.383548,43.786234],[4.383349,43.786687],[4.383117,43.786964],[4.383204,43.787001]]]},"properties":{"cle":"osm:w952568110","nom":null,"source":"osm","file":"inventaire"}},{"type":"Feature","geometry":{"type":"Polygon","coordinates":[[[4.382463,43.788768],[4.382412,43.788713],[4.382146,43.789323],[4.3822,43.789374],[4.382463,43.788768]]]},"properties":{"cle":"osm:w1103305002","nom":null,"source":"osm","file":"inventaire"}},{"type":"Feature","geometry":{"type":"Polygon","coordinates":[[[4.401819,43.788829],[4.401854,43.788893],[4.402062,43.788713],[4.402075,43.788702],[4.402138,43.788648],[4.402204,43.78859],[4.402214,43.788582],[4.402253,43.788548],[4.402229,43.788447],[4.401819,43.788829]]]},"properties":{"cle":"osm:w161649217","nom":null,"source":"osm","file":"inventaire"}},{"type":"Feature","geometry":{"type":"Polygon","coordinates":[[[4.382338,43.789263],[4.382418,43.789236],[4.382694,43.788573],[4.382633,43.788572],[4.382338,43.789263]]]},"properties":{"cle":"osm:w952568108","nom":null,"source":"osm","file":"inventaire"}},{"type":"Feature","geometry":{"type":"Polygon","coordinates":[[[4.3826,43.78811],[4.382527,43.788057],[4.382385,43.788583],[4.382439,43.78862],[4.3826,43.78811]]]},"properties":{"cle":"osm:w952568102","nom":null,"source":"osm","file":"inventaire"}},{"type":"Feature","geometry":{"type":"Polygon","coordinates":[[[4.378102,43.79441],[4.378166,43.794411],[4.378257,43.794283],[4.378429,43.794347],[4.378458,43.794389],[4.37838,43.794499],[4.378421,43.794515],[4.378437,43.794521],[4.378536,43.794386],[4.378513,43.794331],[4.378471,43.794301],[4.37827,43.794231],[4.378223,43.79424],[4.378191,43.794267],[4.378091,43.79441],[4.378102,43.79441]]]},"properties":{"cle":"osm:w559120296","nom":null,"source":"osm","file":"inventaire"}},{"type":"Feature","geometry":{"type":"Polygon","coordinates":[[[4.381289,43.797221],[4.381345,43.797193],[4.38116,43.79702],[4.380918,43.796838],[4.380869,43.796871],[4.381289,43.797221]]]},"properties":{"cle":"osm:w952568126","nom":null,"source":"osm","file":"inventaire"}},{"type":"Feature","geometry":{"type":"Polygon","coordinates":[[[4.19509,43.761914],[4.195455,43.761039],[4.194531,43.76067],[4.194374,43.76071],[4.19429,43.760768],[4.194221,43.760844],[4.194935,43.761172],[4.194666,43.761835],[4.19509,43.761914]]]},"properties":{"cle":"osm:w364574841","nom":null,"source":"osm","file":"inventaire"}},{"type":"Feature","geometry":{"type":"Polygon","coordinates":[[[4.193648,43.758522],[4.193663,43.758689],[4.193703,43.758752],[4.193984,43.758966],[4.194186,43.759252],[4.194286,43.759337],[4.194376,43.759247],[4.194281,43.759046],[4.194207,43.758934],[4.194384,43.75891],[4.19435,43.758756],[4.193961,43.758786],[4.193966,43.758711],[4.194068,43.758442],[4.193748,43.757838],[4.193402,43.758066],[4.193648,43.758522]]]},"properties":{"cle":"osm:w364575016","nom":null,"source":"osm","file":"inventaire"}},{"type":"Feature","geometry":{"type":"Polygon","coordinates":[[[4.191043,43.78652],[4.19262,43.786456],[4.192648,43.786146],[4.192523,43.786114],[4.192169,43.786125],[4.191783,43.786171],[4.191299,43.786274],[4.191136,43.786383],[4.191043,43.78652]]]},"properties":{"cle":"osm:w72567766","nom":null,"source":"osm","file":"inventaire"}},{"type":"Feature","geometry":{"type":"Polygon","coordinates":[[[4.198015,43.781696],[4.197916,43.781813],[4.198407,43.781998],[4.198494,43.781875],[4.198704,43.781952],[4.198932,43.782042],[4.198681,43.782424],[4.199011,43.782544],[4.199303,43.782112],[4.198072,43.781618],[4.198015,43.781696]]]},"properties":{"cle":"osm:w224025205","nom":null,"source":"osm","file":"inventaire"}},{"type":"Feature","geometry":{"type":"Polygon","coordinates":[[[4.20251,43.782112],[4.202215,43.782064],[4.202049,43.782175],[4.202016,43.782261],[4.202027,43.78232],[4.201995,43.78241],[4.202035,43.782483],[4.202023,43.782518],[4.202337,43.782573],[4.20251,43.782112]]]},"properties":{"cle":"osm:w1041631265","nom":null,"source":"osm","file":"inventaire"}},{"type":"Feature","geometry":{"type":"Polygon","coordinates":[[[4.204241,43.7827],[4.204442,43.782452],[4.204064,43.782251],[4.203842,43.782495],[4.204241,43.7827]]]},"properties":{"cle":"osm:w656761074","nom":null,"source":"osm","file":"inventaire"}},{"type":"Feature","geometry":{"type":"Polygon","coordinates":[[[4.200956,43.783104],[4.201244,43.78336],[4.201359,43.783436],[4.201434,43.783436],[4.201525,43.783395],[4.201524,43.783364],[4.201077,43.782974],[4.200892,43.782859],[4.200832,43.78288],[4.200791,43.782913],[4.200956,43.783104]]]},"properties":{"cle":"osm:w224025203","nom":null,"source":"osm","file":"inventaire"}},{"type":"Feature","geometry":{"type":"Polygon","coordinates":[[[4.192153,43.779615],[4.192237,43.779626],[4.192417,43.779604],[4.192584,43.779602],[4.192762,43.779465],[4.192339,43.779277],[4.192153,43.779473],[4.192153,43.779615]]]},"properties":{"cle":"osm:w226922109","nom":null,"source":"osm","file":"inventaire"}},{"type":"Feature","geometry":{"type":"Polygon","coordinates":[[[4.204709,43.788354],[4.204766,43.788234],[4.204179,43.788025],[4.204164,43.788281],[4.204709,43.788354]]]},"properties":{"cle":"osm:w527282693","nom":null,"source":"osm","file":"inventaire"}},{"type":"Feature","geometry":{"type":"Polygon","coordinates":[[[4.193306,43.781295],[4.193406,43.781085],[4.193016,43.780988],[4.192916,43.781198],[4.193306,43.781295]]]},"properties":{"cle":"osm:w241370894","nom":null,"source":"osm","file":"inventaire"}},{"type":"Feature","geometry":{"type":"Polygon","coordinates":[[[4.190081,43.778187],[4.190112,43.778204],[4.1902,43.778031],[4.189662,43.777922],[4.189608,43.778015],[4.190081,43.778187]]]},"properties":{"cle":"osm:w226922110","nom":null,"source":"osm","file":"inventaire"}},{"type":"Feature","geometry":{"type":"Polygon","coordinates":[[[4.193892,43.78557],[4.193859,43.785624],[4.193917,43.785647],[4.193983,43.785537],[4.194064,43.785389],[4.193844,43.785268],[4.193658,43.785371],[4.19372,43.785438],[4.193754,43.785467],[4.193828,43.785527],[4.193892,43.78557]]]},"properties":{"cle":"osm:w1041631278","nom":null,"source":"osm","file":"inventaire"}},{"type":"Feature","geometry":{"type":"Polygon","coordinates":[[[4.199915,43.761964],[4.199817,43.761947],[4.199596,43.762383],[4.199685,43.762441],[4.199915,43.761964]]]},"properties":{"cle":"osm:w1507671840","nom":null,"source":"osm","file":"inventaire"}},{"type":"Feature","geometry":{"type":"Polygon","coordinates":[[[4.19614,43.782633],[4.196153,43.782608],[4.196194,43.782543],[4.195751,43.782407],[4.195699,43.782498],[4.19614,43.782633]]]},"properties":{"cle":"osm:w506253192","nom":null,"source":"osm","file":"inventaire"}},{"type":"Feature","geometry":{"type":"Polygon","coordinates":[[[4.194632,43.785703],[4.194654,43.785655],[4.194462,43.785556],[4.194331,43.78549],[4.194299,43.785473],[4.194237,43.785647],[4.194632,43.785703]]]},"properties":{"cle":"osm:w674383245","nom":null,"source":"osm","file":"inventaire"}},{"type":"Feature","geometry":{"type":"Polygon","coordinates":[[[4.189925,43.785445],[4.189967,43.785613],[4.189999,43.785609],[4.190193,43.785585],[4.190202,43.785546],[4.190162,43.785384],[4.189925,43.785445]]]},"properties":{"cle":"osm:w49311254","nom":"Parking du Moulin à Huile","source":"osm","file":"inventaire"}},{"type":"Feature","geometry":{"type":"Polygon","coordinates":[[[4.190159,43.78537],[4.190129,43.78525],[4.189995,43.785204],[4.189874,43.785241],[4.189919,43.785423],[4.190159,43.78537]]]},"properties":{"cle":"osm:w335246946","nom":"Parking du Moulin à Huile","source":"osm","file":"inventaire"}},{"type":"Feature","geometry":{"type":"Polygon","coordinates":[[[4.192589,43.778791],[4.1924,43.778733],[4.192462,43.779146],[4.192589,43.778791]]]},"properties":{"cle":"osm:w241370893","nom":null,"source":"osm","file":"inventaire"}},{"type":"Feature","geometry":{"type":"Polygon","coordinates":[[[4.203786,43.78813],[4.203908,43.788133],[4.203899,43.78793],[4.20373,43.787873],[4.203786,43.78813]]]},"properties":{"cle":"osm:w527286742","nom":null,"source":"osm","file":"inventaire"}},{"type":"Feature","geometry":{"type":"Polygon","coordinates":[[[4.19005,43.782843],[4.189864,43.783051],[4.189983,43.783112],[4.190136,43.782913],[4.19005,43.782843]]]},"properties":{"cle":"osm:w506242123","nom":null,"source":"osm","file":"inventaire"}},{"type":"Feature","geometry":{"type":"Polygon","coordinates":[[[4.19043,43.78389],[4.190565,43.783825],[4.190485,43.783783],[4.190447,43.783752],[4.190398,43.78372],[4.190359,43.783686],[4.190244,43.783811],[4.19043,43.78389]]]},"properties":{"cle":"osm:w506242119","nom":null,"source":"osm","file":"inventaire"}},{"type":"Feature","geometry":{"type":"Polygon","coordinates":[[[4.262399,43.821722],[4.263563,43.821834],[4.263842,43.821749],[4.263869,43.821571],[4.263611,43.8213],[4.262458,43.82118],[4.262163,43.821288],[4.261304,43.821207],[4.261294,43.821494],[4.261986,43.821625],[4.262399,43.821722]]]},"properties":{"cle":"osm:w152345712","nom":null,"source":"osm","file":"inventaire"}},{"type":"Feature","geometry":{"type":"Polygon","coordinates":[[[4.26009,43.822599,-1000.0],[4.259928,43.822587,-1000.0],[4.259888,43.822567,-1000.0],[4.259771,43.822551,-1000.0],[4.259413,43.82257,-1000.0],[4.259109,43.822531,-1000.0],[4.259008,43.822846,-1000.0],[4.259946,43.823006,-1000.0],[4.26009,43.822599,-1000.0]]]},"properties":{"cle":"bdtopo:EQ_RESEA0000002488441902","nom":null,"source":"bdtopo","file":"inventaire"}},{"type":"Feature","geometry":{"type":"Polygon","coordinates":[[[4.257282,43.825478],[4.257534,43.825634],[4.258442,43.824937],[4.258206,43.824773],[4.257282,43.825478]]]},"properties":{"cle":"osm:w373822718","nom":null,"source":"osm","file":"inventaire"}},{"type":"Feature","geometry":{"type":"Polygon","coordinates":[[[4.261955,43.827458],[4.26196,43.827167],[4.261424,43.827161],[4.261351,43.82716],[4.261224,43.82746],[4.261955,43.827458]]]},"properties":{"cle":"osm:w235474052","nom":null,"source":"osm","file":"inventaire"}},{"type":"Feature","geometry":{"type":"Polygon","coordinates":[[[4.267391,43.822815,-1000.0],[4.26731,43.822827,-1000.0],[4.267282,43.822752,-1000.0],[4.267172,43.822695,-1000.0],[4.267119,43.822745,-1000.0],[4.266926,43.822721,-1000.0],[4.266937,43.822845,-1000.0],[4.267143,43.822868,-1000.0],[4.267291,43.822946,-1000.0],[4.267465,43.822913,-1000.0],[4.267391,43.822815,-1000.0]]]},"properties":{"cle":"bdtopo:EQ_RESEA0000000130578585","nom":null,"source":"bdtopo","file":"inventaire"}},{"type":"Feature","geometry":{"type":"Polygon","coordinates":[[[4.261751,43.823266],[4.260925,43.82308],[4.260944,43.823013],[4.261706,43.823177],[4.261751,43.823266]]]},"properties":{"cle":"osm:w1152279656","nom":null,"source":"osm","file":"inventaire"}},{"type":"Feature","geometry":{"type":"Polygon","coordinates":[[[4.267081,43.822444],[4.267153,43.82242],[4.267217,43.822351],[4.267226,43.822271],[4.267184,43.822233],[4.267074,43.822197],[4.266955,43.822208],[4.267039,43.822311],[4.267061,43.822433],[4.267081,43.822444]]]},"properties":{"cle":"osm:w934302603","nom":null,"source":"osm","file":"inventaire"}},{"type":"Feature","geometry":{"type":"Polygon","coordinates":[[[4.266679,43.821683],[4.266867,43.821885],[4.267112,43.822133],[4.267152,43.822116],[4.266697,43.821651],[4.266666,43.821664],[4.266679,43.821683]]]},"properties":{"cle":"osm:w818583418","nom":null,"source":"osm","file":"inventaire"}},{"type":"Feature","geometry":{"type":"Polygon","coordinates":[[[4.268906,43.823374],[4.268932,43.823343],[4.268989,43.823365],[4.269057,43.823283],[4.268974,43.823252],[4.268781,43.823261],[4.268757,43.8233],[4.268906,43.823374]]]},"properties":{"cle":"osm:w1509477077","nom":null,"source":"osm","file":"inventaire"}},{"type":"Feature","geometry":{"type":"Polygon","coordinates":[[[4.232213,43.827074],[4.232201,43.826972],[4.23114,43.826687],[4.231061,43.826876],[4.231107,43.826852],[4.231155,43.826845],[4.2312,43.826861],[4.231222,43.826892],[4.231263,43.826916],[4.232091,43.827132],[4.232109,43.827189],[4.232213,43.827074]]]},"properties":{"cle":"osm:w417366887","nom":"Parking de l'École","source":"osm","file":"inventaire"}},{"type":"Feature","geometry":{"type":"Polygon","coordinates":[[[4.2244,43.827046],[4.224474,43.826811],[4.224056,43.826787],[4.223997,43.826987],[4.2244,43.827046]]]},"properties":{"cle":"osm:w159682186","nom":null,"source":"osm","file":"inventaire"}},{"type":"Feature","geometry":{"type":"Polygon","coordinates":[[[4.228386,43.839321],[4.228449,43.839246],[4.228427,43.8392],[4.228317,43.839184],[4.228214,43.839193],[4.228271,43.839465],[4.228386,43.839321]]]},"properties":{"cle":"osm:w1327205563","nom":null,"source":"osm","file":"inventaire"}},{"type":"Feature","geometry":{"type":"Polygon","coordinates":[[[4.229432,43.735646],[4.229698,43.735685],[4.229734,43.735671],[4.230117,43.735017],[4.230098,43.734959],[4.229663,43.734686],[4.229419,43.735617],[4.229432,43.735646]]]},"properties":{"cle":"osm:w230598353","nom":null,"source":"osm","file":"inventaire"}},{"type":"Feature","geometry":{"type":"Polygon","coordinates":[[[4.219661,43.732071],[4.219668,43.73198],[4.219409,43.731972],[4.219349,43.731969],[4.219253,43.731964],[4.219245,43.732036],[4.219236,43.732116],[4.219301,43.73212],[4.219416,43.732127],[4.219404,43.732231],[4.219649,43.732246],[4.219661,43.732071]]]},"properties":{"cle":"osm:w902786151","nom":null,"source":"osm","file":"inventaire"}},{"type":"Feature","geometry":{"type":"Polygon","coordinates":[[[4.217911,43.733741],[4.217666,43.73367],[4.217618,43.733714],[4.217938,43.733856],[4.21799,43.733879],[4.218263,43.733864],[4.218255,43.733739],[4.217911,43.733741]]]},"properties":{"cle":"osm:w511316479","nom":null,"source":"osm","file":"inventaire"}},{"type":"Feature","geometry":{"type":"Polygon","coordinates":[[[4.219732,43.735047],[4.219751,43.734857],[4.219466,43.734839],[4.219461,43.734889],[4.219382,43.734907],[4.21938,43.735028],[4.219732,43.735047]]]},"properties":{"cle":"osm:w367646012","nom":null,"source":"osm","file":"inventaire"}},{"type":"Feature","geometry":{"type":"Polygon","coordinates":[[[4.218211,43.733536],[4.217756,43.73351],[4.217748,43.733559],[4.218,43.733656],[4.218254,43.733671],[4.218211,43.733536]]]},"properties":{"cle":"osm:w511316478","nom":null,"source":"osm","file":"inventaire"}},{"type":"Feature","geometry":{"type":"Polygon","coordinates":[[[4.219706,43.73246],[4.219254,43.732431],[4.219251,43.73246],[4.219246,43.732524],[4.219693,43.732542],[4.219706,43.73246]]]},"properties":{"cle":"osm:w511351109","nom":null,"source":"osm","file":"inventaire"}},{"type":"Feature","geometry":{"type":"Polygon","coordinates":[[[4.219535,43.734828],[4.219739,43.734841],[4.219748,43.734682],[4.219536,43.734674],[4.219535,43.734828]]]},"properties":{"cle":"osm:w1442230470","nom":null,"source":"osm","file":"inventaire"}},{"type":"Feature","geometry":{"type":"Polygon","coordinates":[[[4.226974,43.734892],[4.226904,43.734872],[4.226772,43.73514],[4.22683,43.735154],[4.226974,43.734892]]]},"properties":{"cle":"osm:w955651769","nom":null,"source":"osm","file":"inventaire"}},{"type":"Feature","geometry":{"type":"Polygon","coordinates":[[[4.227416,43.73406],[4.227546,43.733819],[4.227472,43.733807],[4.227348,43.734038],[4.227416,43.73406]]]},"properties":{"cle":"osm:w955651771","nom":null,"source":"osm","file":"inventaire"}},{"type":"Feature","geometry":{"type":"Polygon","coordinates":[[[4.160049,43.778069],[4.160059,43.778003],[4.159661,43.777969],[4.15965,43.77804],[4.159638,43.778112],[4.160036,43.778146],[4.160049,43.778069]]]},"properties":{"cle":"osm:w333093005","nom":null,"source":"osm","file":"inventaire"}},{"type":"Feature","geometry":{"type":"Polygon","coordinates":[[[4.160798,43.773553],[4.160802,43.773474],[4.160205,43.773437],[4.160191,43.773516],[4.160798,43.773553]]]},"properties":{"cle":"osm:w222357338","nom":null,"source":"osm","file":"inventaire"}},{"type":"Feature","geometry":{"type":"Polygon","coordinates":[[[4.18101,43.718094],[4.181091,43.718016],[4.181168,43.717986],[4.181206,43.717956],[4.180716,43.717685],[4.180674,43.717716],[4.180614,43.717685],[4.180545,43.717746],[4.180603,43.717781],[4.180548,43.717915],[4.18052,43.717956],[4.180902,43.718174],[4.18101,43.718094]]]},"properties":{"cle":"osm:w1102962890","nom":null,"source":"osm","file":"inventaire"}},{"type":"Feature","geometry":{"type":"Polygon","coordinates":[[[4.174223,43.723169],[4.174224,43.723029],[4.17414,43.722906],[4.173921,43.722829],[4.173913,43.722862],[4.173902,43.722905],[4.17395,43.72301],[4.173931,43.723199],[4.17389,43.723451],[4.174114,43.72343],[4.174223,43.723169]]]},"properties":{"cle":"osm:w508219568","nom":null,"source":"osm","file":"inventaire"}},{"type":"Feature","geometry":{"type":"Polygon","coordinates":[[[4.168139,43.702953],[4.16789,43.702973],[4.167965,43.703339],[4.168241,43.703378],[4.168139,43.702953]]]},"properties":{"cle":"osm:w807602207","nom":null,"source":"osm","file":"inventaire"}},{"type":"Feature","geometry":{"type":"Polygon","coordinates":[[[4.180022,43.718062],[4.18012,43.718085],[4.180198,43.718081],[4.180325,43.718041],[4.180221,43.71791],[4.18015,43.717947],[4.179902,43.717815],[4.179784,43.717922],[4.180022,43.718062]]]},"properties":{"cle":"osm:w1102962889","nom":null,"source":"osm","file":"inventaire"}},{"type":"Feature","geometry":{"type":"Polygon","coordinates":[[[4.177008,43.717549],[4.176614,43.717147],[4.176551,43.71724],[4.176766,43.717463],[4.176925,43.717628],[4.177008,43.717549]]]},"properties":{"cle":"osm:w615346484","nom":null,"source":"osm","file":"inventaire"}},{"type":"Feature","geometry":{"type":"Polygon","coordinates":[[[4.177906,43.719541],[4.177844,43.719624],[4.17829,43.719809],[4.178373,43.71971],[4.177906,43.719541]]]},"properties":{"cle":"osm:w508136664","nom":null,"source":"osm","file":"inventaire"}},{"type":"Feature","geometry":{"type":"Polygon","coordinates":[[[4.170374,43.721595],[4.170493,43.721638],[4.17062,43.721414],[4.170535,43.721372],[4.170447,43.721333],[4.170312,43.721573],[4.170374,43.721595]]]},"properties":{"cle":"osm:w510287608","nom":null,"source":"osm","file":"inventaire"}},{"type":"Feature","geometry":{"type":"Polygon","coordinates":[[[4.173485,43.722201],[4.173498,43.722114],[4.172984,43.722057],[4.172963,43.722136],[4.173485,43.722201]]]},"properties":{"cle":"osm:w340078518","nom":null,"source":"osm","file":"inventaire"}},{"type":"Feature","geometry":{"type":"Polygon","coordinates":[[[4.16947,43.719522],[4.169526,43.719487],[4.169416,43.719321],[4.169262,43.719435],[4.169267,43.719516],[4.16933,43.719599],[4.16947,43.719522]]]},"properties":{"cle":"osm:w1365819500","nom":null,"source":"osm","file":"inventaire"}},{"type":"Feature","geometry":{"type":"Polygon","coordinates":[[[4.168834,43.719359],[4.168799,43.71939],[4.16899,43.719536],[4.169078,43.719508],[4.168998,43.719321],[4.168927,43.719276],[4.168834,43.719359]]]},"properties":{"cle":"osm:w508136677","nom":null,"source":"osm","file":"inventaire"}},{"type":"Feature","geometry":{"type":"Polygon","coordinates":[[[4.430162,43.774696],[4.428929,43.774683],[4.428902,43.774977],[4.429865,43.774975],[4.429866,43.775482],[4.429085,43.775481],[4.429061,43.774987],[4.428911,43.774995],[4.428921,43.775648],[4.429869,43.775639],[4.429971,43.775637],[4.429961,43.776211],[4.430086,43.776214],[4.430191,43.776216],[4.430176,43.775615],[4.430068,43.775502],[4.430081,43.774973],[4.430154,43.774973],[4.430162,43.774696]]]},"properties":{"cle":"osm:w217843415","nom":null,"source":"osm","file":"inventaire"}},{"type":"Feature","geometry":{"type":"Polygon","coordinates":[[[4.426916,43.76378],[4.426771,43.76352],[4.426412,43.763555],[4.425956,43.763857],[4.425919,43.763927],[4.426138,43.763985],[4.426289,43.763745],[4.426528,43.76383],[4.426507,43.763865],[4.426825,43.763954],[4.426916,43.76378]]]},"properties":{"cle":"osm:w168833139","nom":null,"source":"osm","file":"inventaire"}},{"type":"Feature","geometry":{"type":"Polygon","coordinates":[[[4.434231,43.771684],[4.434239,43.771452],[4.434134,43.770892],[4.434036,43.77082],[4.433891,43.770835],[4.433891,43.771041],[4.433998,43.771568],[4.434231,43.771684]]]},"properties":{"cle":"osm:w155416937","nom":null,"source":"osm","file":"inventaire"}},{"type":"Feature","geometry":{"type":"Polygon","coordinates":[[[4.422668,43.770038],[4.422252,43.770031],[4.422331,43.7701],[4.42231,43.770203],[4.422217,43.770205],[4.422196,43.770323],[4.422609,43.770348],[4.422668,43.770038]]]},"properties":{"cle":"osm:w755536418","nom":null,"source":"osm","file":"inventaire"}},{"type":"Feature","geometry":{"type":"Polygon","coordinates":[[[4.425893,43.771043],[4.425896,43.770966],[4.425132,43.770879],[4.425099,43.77103],[4.425893,43.771043]]]},"properties":{"cle":"osm:w588489843","nom":null,"source":"osm","file":"inventaire"}},{"type":"Feature","geometry":{"type":"Polygon","coordinates":[[[4.430892,43.768817],[4.43096,43.768703],[4.430814,43.768657],[4.430844,43.768606],[4.430828,43.7686],[4.43089,43.768497],[4.430875,43.768491],[4.430904,43.768441],[4.43089,43.768436],[4.430957,43.768327],[4.431025,43.76835],[4.431035,43.768338],[4.43111,43.768361],[4.431103,43.768373],[4.431171,43.768393],[4.431179,43.768382],[4.431254,43.768406],[4.431275,43.768367],[4.430904,43.76825],[4.430735,43.76863],[4.430732,43.768708],[4.430731,43.768795],[4.430892,43.768817]]]},"properties":{"cle":"osm:w945239586","nom":null,"source":"osm","file":"inventaire"}},{"type":"Feature","geometry":{"type":"Polygon","coordinates":[[[4.424868,43.770982],[4.424849,43.771039],[4.42491,43.771049],[4.425016,43.770752],[4.424756,43.770702],[4.424717,43.770744],[4.424765,43.770839],[4.424783,43.770901],[4.424772,43.770965],[4.424868,43.770982]]]},"properties":{"cle":"osm:w130796394","nom":null,"source":"osm","file":"inventaire"}},{"type":"Feature","geometry":{"type":"Polygon","coordinates":[[[4.423203,43.769283],[4.423148,43.769254],[4.423087,43.769248],[4.423053,43.769401],[4.423,43.769395],[4.422949,43.769368],[4.422907,43.769411],[4.422925,43.769481],[4.422985,43.769512],[4.42316,43.769502],[4.423203,43.769283]]]},"properties":{"cle":"osm:w795478710","nom":null,"source":"osm","file":"inventaire"}},{"type":"Feature","geometry":{"type":"Polygon","coordinates":[[[4.431363,43.768296],[4.430895,43.768142],[4.430862,43.768182],[4.431339,43.768335],[4.431363,43.768296]]]},"properties":{"cle":"osm:w1103304991","nom":null,"source":"osm","file":"inventaire"}},{"type":"Feature","geometry":{"type":"Polygon","coordinates":[[[4.428251,43.766085],[4.428298,43.765988],[4.428106,43.765932],[4.42805,43.766028],[4.428251,43.766085]]]},"properties":{"cle":"osm:w680594245","nom":null,"source":"osm","file":"inventaire"}},{"type":"Feature","geometry":{"type":"Polygon","coordinates":[[[4.348528,43.729468],[4.348557,43.729635],[4.348879,43.729657],[4.348973,43.72938],[4.348993,43.72925],[4.348887,43.729214],[4.348746,43.729192],[4.348636,43.729203],[4.348635,43.729346],[4.34854,43.729343],[4.348528,43.729468]]]},"properties":{"cle":"osm:w564152121","nom":null,"source":"osm","file":"inventaire"}},{"type":"Feature","geometry":{"type":"Polygon","coordinates":[[[4.349862,43.726534],[4.349521,43.726362],[4.349435,43.726464],[4.349773,43.726619],[4.349862,43.726534]]]},"properties":{"cle":"osm:w99353603","nom":null,"source":"osm","file":"inventaire"}},{"type":"Feature","geometry":{"type":"Polygon","coordinates":[[[4.349618,43.726805],[4.349803,43.726639],[4.349387,43.726456],[4.349247,43.726682],[4.349618,43.726805]]]},"properties":{"cle":"osm:w211356553","nom":null,"source":"osm","file":"inventaire"}},{"type":"Feature","geometry":{"type":"Polygon","coordinates":[[[4.345222,43.729239],[4.345231,43.729115],[4.344692,43.72906],[4.344713,43.729198],[4.345222,43.729239]]]},"properties":{"cle":"osm:w1095399964","nom":null,"source":"osm","file":"inventaire"}},{"type":"Feature","geometry":{"type":"Polygon","coordinates":[[[4.347618,43.726021],[4.347679,43.726031],[4.347699,43.726034],[4.347974,43.726078],[4.348038,43.726069],[4.348081,43.725957],[4.348066,43.725956],[4.347958,43.725954],[4.347957,43.725892],[4.347896,43.725889],[4.347614,43.725892],[4.347618,43.726021]]]},"properties":{"cle":"osm:w563958652","nom":null,"source":"osm","file":"inventaire"}},{"type":"Feature","geometry":{"type":"Polygon","coordinates":[[[4.34835,43.729174],[4.348507,43.729162],[4.348705,43.729134],[4.348741,43.729104],[4.34875,43.729069],[4.348744,43.729017],[4.348719,43.728975],[4.348342,43.729032],[4.34835,43.729174]]]},"properties":{"cle":"osm:w307457703","nom":null,"source":"osm","file":"inventaire"}},{"type":"Feature","geometry":{"type":"Polygon","coordinates":[[[4.343937,43.732618],[4.344017,43.732547],[4.34371,43.732364],[4.34363,43.732435],[4.343937,43.732618]]]},"properties":{"cle":"osm:w1408667572","nom":null,"source":"osm","file":"inventaire"}},{"type":"Feature","geometry":{"type":"Polygon","coordinates":[[[4.340752,43.729879],[4.341552,43.729675],[4.34156,43.729646],[4.341012,43.729787],[4.340723,43.729861],[4.340752,43.729879]]]},"properties":{"cle":"osm:w972576257","nom":null,"source":"osm","file":"inventaire"}},{"type":"Feature","geometry":{"type":"Polygon","coordinates":[[[4.241435,43.80853],[4.241422,43.808575],[4.241907,43.808681],[4.242085,43.808263],[4.241831,43.808205],[4.241806,43.808267],[4.241773,43.808261],[4.241744,43.808244],[4.241736,43.808206],[4.241778,43.808112],[4.241734,43.808102],[4.241774,43.808007],[4.241794,43.807981],[4.24183,43.807987],[4.241849,43.807944],[4.241873,43.807932],[4.241957,43.807943],[4.241983,43.80789],[4.242515,43.808011],[4.242365,43.808337],[4.24267,43.808405],[4.242833,43.807969],[4.242382,43.807733],[4.241995,43.807654],[4.242038,43.807546],[4.241854,43.807427],[4.241702,43.807764],[4.241767,43.80778],[4.241711,43.807914],[4.24165,43.807899],[4.241536,43.808162],[4.241598,43.808181],[4.241472,43.808411],[4.241396,43.808406],[4.241371,43.80852],[4.241435,43.80853]]]},"properties":{"cle":"osm:w159681868","nom":null,"source":"osm","file":"inventaire"}},{"type":"Feature","geometry":{"type":"Polygon","coordinates":[[[4.246819,43.806413],[4.2468,43.806276],[4.246468,43.806299],[4.246456,43.806207],[4.245872,43.806248],[4.245903,43.806478],[4.246819,43.806413]]]},"properties":{"cle":"osm:w1086190638","nom":null,"source":"osm","file":"inventaire"}},{"type":"Feature","geometry":{"type":"Polygon","coordinates":[[[4.246481,43.805911],[4.246216,43.805878],[4.246465,43.805632],[4.247093,43.805715],[4.247088,43.805761],[4.246539,43.805686],[4.246481,43.805911]]]},"properties":{"cle":"osm:w191440371","nom":null,"source":"osm","file":"inventaire"}},{"type":"Feature","geometry":{"type":"Polygon","coordinates":[[[4.250295,43.804504],[4.249873,43.80447],[4.250017,43.804291],[4.250387,43.804351],[4.250295,43.804504]]]},"properties":{"cle":"bdtopo:EQ_RESEA0000002488547102","nom":null,"source":"bdtopo","file":"inventaire"}},{"type":"Feature","geometry":{"type":"Polygon","coordinates":[[[4.533728,43.902681],[4.533817,43.902633],[4.534065,43.902666],[4.533974,43.902719],[4.534717,43.902811],[4.534814,43.902758],[4.534835,43.902687],[4.534836,43.902635],[4.53329,43.902456],[4.53332,43.902581],[4.533237,43.902628],[4.533728,43.902681]]]},"properties":{"cle":"osm:w216981443","nom":null,"source":"osm","file":"inventaire"}},{"type":"Feature","geometry":{"type":"Polygon","coordinates":[[[4.531077,43.901393],[4.53109,43.901334],[4.5311,43.901286],[4.52946,43.901107],[4.52945,43.901154],[4.529438,43.901214],[4.531077,43.901393]]]},"properties":{"cle":"osm:w252059128","nom":null,"source":"osm","file":"inventaire"}},{"type":"Feature","geometry":{"type":"Polygon","coordinates":[[[4.509586,43.915244],[4.509326,43.915191],[4.509239,43.915298],[4.509154,43.915444],[4.509496,43.915509],[4.509586,43.915244]]]},"properties":{"cle":"osm:w1092127551","nom":null,"source":"osm","file":"inventaire"}},{"type":"Feature","geometry":{"type":"Polygon","coordinates":[[[4.511159,43.914876],[4.510994,43.914826],[4.510871,43.914862],[4.510802,43.91494],[4.510803,43.91498],[4.510828,43.915011],[4.510876,43.915039],[4.511035,43.915087],[4.511159,43.914876]]]},"properties":{"cle":"osm:w286221757","nom":null,"source":"osm","file":"inventaire"}},{"type":"Feature","geometry":{"type":"Polygon","coordinates":[[[4.468819,43.821701],[4.468869,43.82147],[4.468721,43.821458],[4.468765,43.821238],[4.468808,43.821065],[4.468815,43.820969],[4.468317,43.820944],[4.468287,43.821296],[4.468108,43.821285],[4.468091,43.821516],[4.467908,43.821507],[4.467899,43.821659],[4.468819,43.821701]]]},"properties":{"cle":"osm:w680603017","nom":null,"source":"osm","file":"inventaire"}},{"type":"Feature","geometry":{"type":"Polygon","coordinates":[[[4.473978,43.809866],[4.473971,43.8097],[4.473913,43.809548],[4.473833,43.809336],[4.473992,43.809234],[4.473917,43.809203],[4.473615,43.809065],[4.473603,43.808912],[4.47349,43.808848],[4.473467,43.80981],[4.473467,43.809836],[4.473978,43.809866]]]},"properties":{"cle":"osm:w1090858424","nom":null,"source":"osm","file":"inventaire"}},{"type":"Feature","geometry":{"type":"Polygon","coordinates":[[[4.472936,43.821676],[4.473182,43.821613],[4.473221,43.821568],[4.473223,43.821526],[4.473034,43.820978],[4.47288,43.820897],[4.472683,43.820954],[4.472936,43.821676]]]},"properties":{"cle":"osm:w680603016","nom":null,"source":"osm","file":"inventaire"}},{"type":"Feature","geometry":{"type":"Polygon","coordinates":[[[4.471633,43.813962],[4.471332,43.813956],[4.471293,43.813988],[4.471257,43.813974],[4.470902,43.814299],[4.471616,43.814316],[4.471633,43.813962]]]},"properties":{"cle":"osm:w934215931","nom":null,"source":"osm","file":"inventaire"}},{"type":"Feature","geometry":{"type":"Polygon","coordinates":[[[4.472951,43.814412],[4.473461,43.814424],[4.47343,43.814311],[4.473288,43.814311],[4.4733,43.814081],[4.473439,43.81408],[4.473442,43.813974],[4.472948,43.813974],[4.472951,43.814412]]]},"properties":{"cle":"osm:w1413864292","nom":null,"source":"osm","file":"inventaire"}},{"type":"Feature","geometry":{"type":"Polygon","coordinates":[[[4.472857,43.820827],[4.472845,43.820716],[4.47285,43.820166],[4.472561,43.82017],[4.472562,43.820407],[4.472606,43.820862],[4.472857,43.820827]]]},"properties":{"cle":"osm:w680603015","nom":null,"source":"osm","file":"inventaire"}},{"type":"Feature","geometry":{"type":"Polygon","coordinates":[[[4.477099,43.820576],[4.477063,43.820411],[4.476263,43.820513],[4.476339,43.820743],[4.477099,43.820576]]]},"properties":{"cle":"osm:w931831514","nom":null,"source":"osm","file":"inventaire"}},{"type":"Feature","geometry":{"type":"Polygon","coordinates":[[[4.471434,43.813811],[4.471585,43.813838],[4.472056,43.813837],[4.472056,43.81369],[4.471562,43.813691],[4.471434,43.813811]]]},"properties":{"cle":"osm:w934215933","nom":null,"source":"osm","file":"inventaire"}},{"type":"Feature","geometry":{"type":"Polygon","coordinates":[[[4.466227,43.81657],[4.466292,43.816672],[4.466623,43.816649],[4.466886,43.81675],[4.467061,43.816742],[4.467083,43.816716],[4.466598,43.816552],[4.466551,43.816553],[4.466579,43.816585],[4.466561,43.816593],[4.466509,43.816557],[4.466343,43.816593],[4.466279,43.816545],[4.466227,43.81657]]]},"properties":{"cle":"osm:w956507656","nom":null,"source":"osm","file":"inventaire"}},{"type":"Feature","geometry":{"type":"Polygon","coordinates":[[[4.462139,43.815771],[4.462224,43.815633],[4.461957,43.815526],[4.461743,43.815636],[4.462102,43.815786],[4.462139,43.815771]]]},"properties":{"cle":"osm:w1090858415","nom":null,"source":"osm","file":"inventaire"}},{"type":"Feature","geometry":{"type":"Polygon","coordinates":[[[4.479404,43.82595],[4.479591,43.825983],[4.479627,43.825903],[4.479443,43.825759],[4.479239,43.825821],[4.479329,43.82596],[4.479404,43.82595]]]},"properties":{"cle":"osm:w1090858398","nom":null,"source":"osm","file":"inventaire"}},{"type":"Feature","geometry":{"type":"Polygon","coordinates":[[[4.473225,43.818795],[4.473051,43.818803],[4.473056,43.818895],[4.472999,43.8189],[4.473015,43.818965],[4.473066,43.81897],[4.473295,43.818988],[4.473288,43.818792],[4.473225,43.818795]]]},"properties":{"cle":"osm:w48316086","nom":"Place Saint-Genest","source":"osm","file":"inventaire"}},{"type":"Feature","geometry":{"type":"Polygon","coordinates":[[[4.442782,43.866451],[4.442932,43.86619],[4.44301,43.866196],[4.443159,43.866245],[4.443524,43.866338],[4.443606,43.866421],[4.443651,43.866461],[4.443395,43.866986],[4.443783,43.867126],[4.443721,43.867281],[4.443887,43.867321],[4.444134,43.866718],[4.444144,43.866566],[4.444054,43.866531],[4.44393,43.866425],[4.443747,43.866246],[4.443024,43.866046],[4.442622,43.865995],[4.442484,43.866297],[4.442666,43.866421],[4.442782,43.866451]]]},"properties":{"cle":"osm:w1090860703","nom":null,"source":"osm","file":"inventaire"}},{"type":"Feature","geometry":{"type":"Polygon","coordinates":[[[4.432317,43.859923],[4.432361,43.859887],[4.432394,43.859891],[4.432444,43.859898],[4.432686,43.859936],[4.432882,43.859243],[4.432098,43.859148],[4.432043,43.859381],[4.431934,43.859865],[4.432317,43.859923]]]},"properties":{"cle":"osm:w957240234","nom":null,"source":"osm","file":"inventaire"}},{"type":"Feature","geometry":{"type":"Polygon","coordinates":[[[4.460113,43.843929],[4.459655,43.843863],[4.459097,43.844809],[4.459651,43.844929],[4.460113,43.843929]]]},"properties":{"cle":"osm:w291923235","nom":null,"source":"osm","file":"inventaire"}},{"type":"Feature","geometry":{"type":"Polygon","coordinates":[[[4.43637,43.863933],[4.436427,43.863956],[4.436388,43.864017],[4.436471,43.864046],[4.436438,43.864102],[4.436641,43.864163],[4.436669,43.864122],[4.437215,43.864297],[4.437353,43.864344],[4.437184,43.864615],[4.437414,43.864696],[4.437485,43.864602],[4.437642,43.864363],[4.437462,43.8643],[4.437531,43.864189],[4.437494,43.864178],[4.437482,43.864172],[4.437472,43.864162],[4.437474,43.864146],[4.437503,43.864098],[4.436551,43.863769],[4.436533,43.863793],[4.436473,43.863773],[4.43637,43.863933]]]},"properties":{"cle":"osm:w774757679","nom":"Lidl","source":"osm","file":"inventaire"}},{"type":"Feature","geometry":{"type":"Polygon","coordinates":[[[4.441664,43.866053],[4.441732,43.865495],[4.441076,43.865316],[4.440356,43.865088],[4.440321,43.865269],[4.440529,43.865341],[4.440546,43.865316],[4.440612,43.865339],[4.440596,43.865364],[4.440865,43.865455],[4.44088,43.865435],[4.440947,43.865458],[4.440935,43.865479],[4.441479,43.865664],[4.441285,43.865965],[4.441664,43.866053]]]},"properties":{"cle":"osm:w1090860706","nom":null,"source":"osm","file":"inventaire"}},{"type":"Feature","geometry":{"type":"Polygon","coordinates":[[[4.438196,43.868268],[4.438279,43.868263],[4.438379,43.868278],[4.438464,43.868349],[4.438513,43.868388],[4.438678,43.868273],[4.438589,43.8682],[4.43858,43.868152],[4.438432,43.868034],[4.438479,43.867998],[4.438518,43.86796],[4.43843,43.867906],[4.438307,43.867857],[4.438163,43.867814],[4.438055,43.867799],[4.437987,43.867797],[4.437901,43.867799],[4.437833,43.867821],[4.437782,43.867852],[4.437719,43.867926],[4.437779,43.867945],[4.437833,43.868067],[4.437827,43.868141],[4.438161,43.868394],[4.438196,43.868268]]]},"properties":{"cle":"osm:w478709612","nom":null,"source":"osm","file":"inventaire"}},{"type":"Feature","geometry":{"type":"Polygon","coordinates":[[[4.443763,43.863746],[4.443785,43.863494],[4.443376,43.863462],[4.443248,43.863444],[4.44302,43.863419],[4.443007,43.863549],[4.442481,43.863513],[4.442464,43.863664],[4.443763,43.863746]]]},"properties":{"cle":"osm:w283565209","nom":null,"source":"osm","file":"inventaire"}},{"type":"Feature","geometry":{"type":"Polygon","coordinates":[[[4.450346,43.875486],[4.449691,43.875208],[4.449528,43.875147],[4.449457,43.875134],[4.448613,43.875132],[4.448611,43.875184],[4.449434,43.875182],[4.449529,43.875202],[4.449675,43.875253],[4.449734,43.875279],[4.449635,43.875391],[4.449575,43.875386],[4.449571,43.875429],[4.449581,43.875478],[4.449618,43.875526],[4.449659,43.875546],[4.449763,43.875592],[4.450131,43.875741],[4.450346,43.875486]]]},"properties":{"cle":"osm:w478681572","nom":null,"source":"osm","file":"inventaire"}},{"type":"Feature","geometry":{"type":"Polygon","coordinates":[[[4.419471,43.856773],[4.419641,43.857013],[4.420198,43.856822],[4.420238,43.856676],[4.420262,43.856569],[4.420266,43.856537],[4.420264,43.856507],[4.420262,43.856485],[4.420262,43.856464],[4.419427,43.856755],[4.419471,43.856773]]]},"properties":{"cle":"osm:w316919798","nom":null,"source":"osm","file":"inventaire"}},{"type":"Feature","geometry":{"type":"Polygon","coordinates":[[[4.430764,43.873348],[4.430945,43.873335],[4.431302,43.87333],[4.431464,43.873345],[4.431454,43.873265],[4.431238,43.873016],[4.430948,43.872998],[4.430801,43.873127],[4.430639,43.873357],[4.430764,43.873348]]]},"properties":{"cle":"osm:w429296669","nom":null,"source":"osm","file":"inventaire"}},{"type":"Feature","geometry":{"type":"Polygon","coordinates":[[[4.432887,43.852352],[4.432219,43.852128],[4.432222,43.852031],[4.433021,43.851981],[4.432973,43.852279],[4.432887,43.852352]]]},"properties":{"cle":"osm:w1095343559","nom":null,"source":"osm","file":"inventaire"}},{"type":"Feature","geometry":{"type":"Polygon","coordinates":[[[4.442683,43.879896],[4.442683,43.879778],[4.442277,43.879744],[4.442284,43.879508],[4.442159,43.879501],[4.442058,43.879496],[4.442058,43.879829],[4.442683,43.879896]]]},"properties":{"cle":"osm:w99389562","nom":null,"source":"osm","file":"inventaire"}},{"type":"Feature","geometry":{"type":"Polygon","coordinates":[[[4.43038,43.875223],[4.430522,43.875193],[4.430666,43.875105],[4.430096,43.874905],[4.42998,43.875073],[4.43038,43.875223]]]},"properties":{"cle":"osm:w184709725","nom":null,"source":"osm","file":"inventaire"}},{"type":"Feature","geometry":{"type":"Polygon","coordinates":[[[4.439558,43.862646],[4.43965,43.862156],[4.439445,43.862151],[4.439424,43.862196],[4.439357,43.862624],[4.439558,43.862646]]]},"properties":{"cle":"osm:w283565204","nom":null,"source":"osm","file":"inventaire"}},{"type":"Feature","geometry":{"type":"Polygon","coordinates":[[[4.450114,43.861246],[4.449907,43.861161],[4.4496,43.86107],[4.449584,43.861093],[4.449805,43.861247],[4.449751,43.861287],[4.449671,43.861354],[4.449643,43.861386],[4.44984,43.861486],[4.450114,43.861246]]]},"properties":{"cle":"osm:w1095409652","nom":null,"source":"osm","file":"inventaire"}},{"type":"Feature","geometry":{"type":"Polygon","coordinates":[[[4.438644,43.868768],[4.43875,43.868769],[4.438798,43.86874],[4.438802,43.868674],[4.43871,43.868602],[4.438642,43.86855],[4.43846,43.868408],[4.438459,43.868471],[4.438448,43.868533],[4.438352,43.86854],[4.438644,43.868768]]]},"properties":{"cle":"osm:w478709611","nom":null,"source":"osm","file":"inventaire"}},{"type":"Feature","geometry":{"type":"Polygon","coordinates":[[[4.447624,43.874768],[4.447379,43.874756],[4.447669,43.874987],[4.447655,43.875053],[4.447879,43.875257],[4.447902,43.875244],[4.447779,43.875132],[4.447824,43.875046],[4.447624,43.874768]]]},"properties":{"cle":"osm:w774162052","nom":null,"source":"osm","file":"inventaire"}},{"type":"Feature","geometry":{"type":"Polygon","coordinates":[[[4.427076,43.88039],[4.427164,43.880322],[4.426885,43.880172],[4.426924,43.88025],[4.426934,43.880348],[4.427014,43.880471],[4.427076,43.88039]]]},"properties":{"cle":"osm:w99373573","nom":null,"source":"osm","file":"inventaire"}},{"type":"Feature","geometry":{"type":"Polygon","coordinates":[[[4.448509,43.876389],[4.448434,43.876392],[4.448503,43.876429],[4.449196,43.876782],[4.449215,43.876751],[4.448509,43.876389]]]},"properties":{"cle":"osm:w774162055","nom":null,"source":"osm","file":"inventaire"}},{"type":"Feature","geometry":{"type":"Polygon","coordinates":[[[4.434017,43.858233],[4.433898,43.857773],[4.433879,43.857799],[4.433858,43.857899],[4.433916,43.858167],[4.433973,43.858231],[4.434017,43.858233]]]},"properties":{"cle":"osm:w957240235","nom":null,"source":"osm","file":"inventaire"}},{"type":"Feature","geometry":{"type":"Polygon","coordinates":[[[4.301351,43.783646],[4.30069,43.783322],[4.30025,43.783415],[4.300175,43.783375],[4.299705,43.783479],[4.29922,43.783545],[4.299222,43.783599],[4.299137,43.783609],[4.29917,43.783717],[4.299094,43.783842],[4.298962,43.783946],[4.298885,43.783993],[4.298888,43.784048],[4.299246,43.78431],[4.299494,43.784494],[4.299681,43.784608],[4.300201,43.784494],[4.29985,43.78431],[4.299818,43.784341],[4.299547,43.784182],[4.29948,43.784184],[4.299462,43.784071],[4.299516,43.784064],[4.300024,43.783609],[4.300416,43.783818],[4.300555,43.783667],[4.300585,43.78364],[4.3011,43.783882],[4.301351,43.783646]]]},"properties":{"cle":"osm:w181080533","nom":null,"source":"osm","file":"inventaire"}},{"type":"Feature","geometry":{"type":"Polygon","coordinates":[[[4.298022,43.784239],[4.298302,43.784024],[4.297447,43.783458],[4.297391,43.78349],[4.297644,43.783656],[4.297516,43.783771],[4.297263,43.783963],[4.297473,43.784125],[4.297436,43.784152],[4.297802,43.784408],[4.298022,43.784239]]]},"properties":{"cle":"osm:w1074208034","nom":null,"source":"osm","file":"inventaire"}},{"type":"Feature","geometry":{"type":"Polygon","coordinates":[[[4.298761,43.784939],[4.29868,43.784892],[4.29884,43.784764],[4.298395,43.784489],[4.298618,43.784305],[4.299147,43.784648],[4.299228,43.784578],[4.298507,43.784101],[4.29823,43.784355],[4.298337,43.784572],[4.29845,43.784652],[4.29829,43.784775],[4.298659,43.785024],[4.298761,43.784939]]]},"properties":{"cle":"osm:w183609171","nom":null,"source":"osm","file":"inventaire"}},{"type":"Feature","geometry":{"type":"Polygon","coordinates":[[[4.300421,43.785151],[4.300551,43.785041],[4.300277,43.784866],[4.300379,43.784785],[4.300355,43.784765],[4.300575,43.784593],[4.300557,43.784563],[4.300194,43.784597],[4.299789,43.78475],[4.300421,43.785151]]]},"properties":{"cle":"osm:w547862266","nom":null,"source":"osm","file":"inventaire"}},{"type":"Feature","geometry":{"type":"Polygon","coordinates":[[[4.307403,43.783176],[4.307342,43.783345],[4.307342,43.783417],[4.30735,43.783684],[4.307408,43.784214],[4.307489,43.78421],[4.307465,43.784021],[4.307422,43.783537],[4.307418,43.783397],[4.307417,43.783343],[4.30742,43.783335],[4.307487,43.78318],[4.307575,43.783047],[4.307519,43.783027],[4.307403,43.783176]]]},"properties":{"cle":"osm:w183204735","nom":null,"source":"osm","file":"inventaire"}},{"type":"Feature","geometry":{"type":"Polygon","coordinates":[[[4.299627,43.789172],[4.298349,43.787918],[4.298294,43.787917],[4.298743,43.788362],[4.298953,43.78857],[4.299168,43.788784],[4.299168,43.788804],[4.299199,43.78883],[4.29953,43.789122],[4.299627,43.789172]]]},"properties":{"cle":"osm:w216981682","nom":null,"source":"osm","file":"inventaire"}},{"type":"Feature","geometry":{"type":"Polygon","coordinates":[[[4.307063,43.790737],[4.3069,43.790681],[4.306791,43.790841],[4.306778,43.790896],[4.306778,43.790934],[4.306789,43.790992],[4.306835,43.791093],[4.307063,43.790737]]]},"properties":{"cle":"osm:w183607640","nom":null,"source":"osm","file":"inventaire"}},{"type":"Feature","geometry":{"type":"Polygon","coordinates":[[[4.308959,43.791055],[4.308736,43.791195],[4.308879,43.791357],[4.309094,43.791211],[4.308959,43.791055]]]},"properties":{"cle":"osm:w48650946","nom":"Place Henry Bonnaud","source":"osm","file":"inventaire"}},{"type":"Feature","geometry":{"type":"Polygon","coordinates":[[[4.309214,43.789874],[4.309,43.789704],[4.308816,43.789795],[4.309026,43.789981],[4.309214,43.789874]]]},"properties":{"cle":"osm:w185140846","nom":"Place du Castellas","source":"osm","file":"inventaire"}},{"type":"Feature","geometry":{"type":"Polygon","coordinates":[[[4.311816,43.787375],[4.311829,43.787391],[4.311819,43.787448],[4.311915,43.787451],[4.311923,43.787395],[4.311982,43.787395],[4.312011,43.787341],[4.312001,43.7873],[4.311893,43.787296],[4.311714,43.787201],[4.311593,43.787325],[4.311775,43.787416],[4.311816,43.787375]]]},"properties":{"cle":"osm:w183199051","nom":null,"source":"osm","file":"inventaire"}},{"type":"Feature","geometry":{"type":"Polygon","coordinates":[[[4.309336,43.790648],[4.309461,43.790565],[4.309147,43.790351],[4.309027,43.790433],[4.309045,43.790448],[4.309336,43.790648]]]},"properties":{"cle":"osm:w562687712","nom":null,"source":"osm","file":"inventaire"}},{"type":"Feature","geometry":{"type":"Polygon","coordinates":[[[4.296965,43.788214],[4.297261,43.788608],[4.29745,43.788908],[4.297555,43.789166],[4.297653,43.78942],[4.297694,43.789466],[4.297732,43.789479],[4.297693,43.789418],[4.297588,43.789159],[4.297474,43.788898],[4.29729,43.788597],[4.297041,43.78826],[4.296986,43.78817],[4.296965,43.788214]]]},"properties":{"cle":"osm:w435273405","nom":null,"source":"osm","file":"inventaire"}},{"type":"Feature","geometry":{"type":"Polygon","coordinates":[[[4.309471,43.787038],[4.309484,43.78695],[4.309502,43.786826],[4.309394,43.786843],[4.30923,43.786956],[4.3094,43.787082],[4.309471,43.787038]]]},"properties":{"cle":"osm:w770809732","nom":null,"source":"osm","file":"inventaire"}},{"type":"Feature","geometry":{"type":"Polygon","coordinates":[[[4.312247,43.795658],[4.312305,43.795629],[4.311966,43.795283],[4.311898,43.795318],[4.312247,43.795658]]]},"properties":{"cle":"osm:w563906280","nom":null,"source":"osm","file":"inventaire"}},{"type":"Feature","geometry":{"type":"Polygon","coordinates":[[[4.303617,43.788453],[4.303624,43.788399],[4.303633,43.788311],[4.303422,43.788299],[4.303406,43.788441],[4.303617,43.788453]]]},"properties":{"cle":"osm:w770698011","nom":null,"source":"osm","file":"inventaire"}},{"type":"Feature","geometry":{"type":"Polygon","coordinates":[[[4.308907,43.790907],[4.309006,43.79089],[4.308735,43.79069],[4.308717,43.790664],[4.30865,43.790702],[4.308907,43.790907]]]},"properties":{"cle":"osm:w770704021","nom":null,"source":"osm","file":"inventaire"}},{"type":"Feature","geometry":{"type":"Polygon","coordinates":[[[4.311714,43.787555],[4.311778,43.787493],[4.31139,43.787532],[4.311339,43.787602],[4.311714,43.787555]]]},"properties":{"cle":"osm:w183199042","nom":null,"source":"osm","file":"inventaire"}},{"type":"Feature","geometry":{"type":"Polygon","coordinates":[[[4.297555,43.787986],[4.2976,43.788049],[4.297854,43.788442],[4.297889,43.788496],[4.297941,43.788514],[4.297623,43.788035],[4.297564,43.787954],[4.297555,43.787986]]]},"properties":{"cle":"osm:w435273421","nom":null,"source":"osm","file":"inventaire"}},{"type":"Feature","geometry":{"type":"Polygon","coordinates":[[[4.200585,43.739742],[4.200596,43.739761],[4.200607,43.739773],[4.200628,43.739782],[4.200658,43.739787],[4.200742,43.739806],[4.200788,43.739821],[4.200811,43.73982],[4.200861,43.739817],[4.200957,43.73977],[4.200993,43.739673],[4.200741,43.739609],[4.200697,43.739632],[4.200691,43.739655],[4.200589,43.739654],[4.200585,43.739742]]]},"properties":{"cle":"osm:w686736195","nom":null,"source":"osm","file":"inventaire"}},{"type":"Feature","geometry":{"type":"Polygon","coordinates":[[[4.23337,43.788958],[4.233467,43.788915],[4.233384,43.788696],[4.233153,43.788818],[4.233218,43.78905],[4.233196,43.789053],[4.233243,43.78923],[4.233438,43.789231],[4.23337,43.788958]]]},"properties":{"cle":"osm:w470549014","nom":null,"source":"osm","file":"inventaire"}},{"type":"Feature","geometry":{"type":"Polygon","coordinates":[[[4.236472,43.787689,-1000.0],[4.23634,43.787806,-1000.0],[4.236948,43.788135,-1000.0],[4.237063,43.788046,-1000.0],[4.236472,43.787689,-1000.0]]]},"properties":{"cle":"bdtopo:EQ_RESEA0000002489359215","nom":null,"source":"bdtopo","file":"inventaire"}},{"type":"Feature","geometry":{"type":"Polygon","coordinates":[[[4.231201,43.791732],[4.231391,43.791567],[4.231299,43.791517],[4.231139,43.791648],[4.230988,43.791731],[4.2311,43.791861],[4.231228,43.791845],[4.231201,43.791732]]]},"properties":{"cle":"osm:w1442600303","nom":null,"source":"osm","file":"inventaire"}},{"type":"Feature","geometry":{"type":"Polygon","coordinates":[[[4.361852,43.812001],[4.361871,43.811962],[4.361904,43.811889],[4.362029,43.811916],[4.361995,43.81199],[4.362063,43.812006],[4.362089,43.811936],[4.362213,43.811958],[4.362182,43.812031],[4.362826,43.812162],[4.362857,43.812087],[4.362978,43.812119],[4.362957,43.812187],[4.36302,43.812199],[4.363046,43.812129],[4.36318,43.812158],[4.363154,43.812229],[4.363897,43.812422],[4.363969,43.812451],[4.363996,43.812496],[4.363986,43.812551],[4.36389,43.812782],[4.363824,43.812826],[4.363503,43.813649],[4.363966,43.813765],[4.36484,43.812917],[4.364859,43.812819],[4.364831,43.812529],[4.365183,43.81188],[4.365143,43.811865],[4.365067,43.811846],[4.364615,43.811726],[4.364497,43.811656],[4.364595,43.811484],[4.364207,43.81138],[4.364159,43.811488],[4.363807,43.811372],[4.363626,43.811324],[4.363495,43.811351],[4.363346,43.811301],[4.361602,43.810938],[4.361557,43.81096],[4.361178,43.810874],[4.360989,43.81087],[4.360895,43.810999],[4.360391,43.810931],[4.359676,43.810816],[4.358992,43.810699],[4.358907,43.810989],[4.358988,43.811005],[4.358986,43.811063],[4.359084,43.811078],[4.358982,43.811454],[4.358656,43.812759],[4.359919,43.812945],[4.359966,43.812778],[4.360053,43.81247],[4.360315,43.811809],[4.360362,43.811771],[4.360434,43.811737],[4.36052,43.811725],[4.361852,43.812001]]]},"properties":{"cle":"osm:w27390389","nom":null,"source":"osm","file":"inventaire"}},{"type":"Feature","geometry":{"type":"Polygon","coordinates":[[[4.36443,43.810569],[4.364448,43.810633],[4.364508,43.810673],[4.364489,43.810719],[4.364975,43.810836],[4.364997,43.810791],[4.365127,43.810843],[4.36536,43.810584],[4.365418,43.810508],[4.365308,43.81048],[4.365337,43.810421],[4.365287,43.810408],[4.36531,43.810362],[4.365469,43.810403],[4.365543,43.810298],[4.365663,43.810146],[4.365832,43.809942],[4.365453,43.809845],[4.365611,43.809488],[4.365672,43.809366],[4.366077,43.809469],[4.366119,43.809469],[4.36616,43.809441],[4.366514,43.808968],[4.366921,43.808416],[4.367312,43.807892],[4.367244,43.807869],[4.367273,43.807826],[4.366671,43.807686],[4.366569,43.807699],[4.366406,43.807944],[4.365816,43.807809],[4.365799,43.807849],[4.365754,43.807842],[4.365664,43.807868],[4.365628,43.807929],[4.365566,43.807916],[4.365034,43.809078],[4.365091,43.809096],[4.365063,43.809161],[4.365054,43.809224],[4.365094,43.809316],[4.365089,43.809415],[4.364999,43.809588],[4.364936,43.809658],[4.364814,43.809725],[4.364749,43.809715],[4.364371,43.810553],[4.36443,43.810569]]]},"properties":{"cle":"osm:w505013864","nom":null,"source":"osm","file":"inventaire"}},{"type":"Feature","geometry":{"type":"Polygon","coordinates":[[[4.391263,43.818943],[4.392207,43.818402],[4.392037,43.818262],[4.392759,43.817854],[4.393034,43.81809],[4.393795,43.817642],[4.393473,43.81734],[4.393511,43.817251],[4.393461,43.817229],[4.393421,43.817198],[4.393396,43.817163],[4.393383,43.817125],[4.393295,43.817248],[4.393232,43.817282],[4.39313,43.817312],[4.393056,43.817321],[4.392776,43.81728],[4.392483,43.817228],[4.392323,43.817215],[4.392208,43.817262],[4.392015,43.817327],[4.391864,43.817385],[4.391715,43.817476],[4.391604,43.817544],[4.391542,43.817582],[4.391428,43.817652],[4.391367,43.817689],[4.391205,43.817788],[4.391057,43.817879],[4.390919,43.817963],[4.390773,43.818052],[4.390604,43.818155],[4.390355,43.818273],[4.390323,43.818362],[4.39029,43.818574],[4.39028,43.818696],[4.390498,43.819019],[4.390576,43.819059],[4.390584,43.819063],[4.390813,43.819476],[4.391459,43.819119],[4.391263,43.818943]]]},"properties":{"cle":"osm:w30487231","nom":null,"source":"osm","file":"inventaire"}},{"type":"Feature","geometry":{"type":"Polygon","coordinates":[[[4.360804,43.817263],[4.361187,43.816869],[4.361326,43.816649],[4.36132,43.816471],[4.361372,43.816281],[4.361398,43.816201],[4.361406,43.816185],[4.361425,43.816173],[4.361435,43.816187],[4.361435,43.816202],[4.361415,43.816287],[4.36151,43.816301],[4.361694,43.816327],[4.361905,43.816124],[4.362017,43.816017],[4.362813,43.815254],[4.362746,43.815232],[4.362398,43.815118],[4.362137,43.815083],[4.362142,43.815043],[4.36186,43.814999],[4.36179,43.814988],[4.361367,43.814922],[4.361387,43.814832],[4.361214,43.814798],[4.361201,43.814793],[4.361197,43.814781],[4.361203,43.814752],[4.360773,43.814683],[4.360762,43.814678],[4.360755,43.814668],[4.360765,43.814625],[4.360701,43.814613],[4.360489,43.814574],[4.360275,43.815293],[4.361193,43.815432],[4.360669,43.817274],[4.360804,43.817263]]]},"properties":{"cle":"osm:w27390232","nom":"Stade des Costières","source":"osm","file":"inventaire"}},{"type":"Feature","geometry":{"type":"Polygon","coordinates":[[[4.320132,43.825017],[4.320271,43.825007],[4.320315,43.824585],[4.319845,43.824614],[4.319534,43.824637],[4.319423,43.824557],[4.319648,43.824412],[4.319185,43.823979],[4.319065,43.824016],[4.318837,43.824171],[4.318719,43.82426],[4.318539,43.82439],[4.318156,43.824713],[4.317988,43.824678],[4.317829,43.824934],[4.317855,43.825085],[4.317108,43.824855],[4.316929,43.825152],[4.317661,43.825362],[4.318064,43.825276],[4.318671,43.825468],[4.318996,43.825353],[4.319087,43.825283],[4.32016,43.825263],[4.320132,43.825017]]]},"properties":{"cle":"osm:w688901575","nom":"Parking Public","source":"osm","file":"inventaire"}},{"type":"Feature","geometry":{"type":"Polygon","coordinates":[[[4.367598,43.815449],[4.367571,43.815437],[4.367501,43.815397],[4.367129,43.815202],[4.367006,43.815345],[4.366939,43.815321],[4.366854,43.81535],[4.365536,43.814848],[4.365461,43.814806],[4.365506,43.81475],[4.366157,43.814127],[4.366198,43.814088],[4.366276,43.814062],[4.366287,43.814065],[4.366839,43.81419],[4.366817,43.814123],[4.366371,43.814023],[4.366227,43.814],[4.366166,43.81398],[4.366052,43.813951],[4.365688,43.813865],[4.365081,43.814486],[4.365027,43.814498],[4.364982,43.814492],[4.364674,43.814347],[4.364244,43.814812],[4.367166,43.815864],[4.367598,43.815449]]]},"properties":{"cle":"osm:w141253598","nom":null,"source":"osm","file":"inventaire"}},{"type":"Feature","geometry":{"type":"Polygon","coordinates":[[[4.342451,43.816716],[4.342515,43.816659],[4.342579,43.816695],[4.342635,43.816641],[4.342691,43.816679],[4.342563,43.816782],[4.343387,43.817272],[4.344336,43.817832],[4.344495,43.817937],[4.344525,43.817986],[4.344512,43.818059],[4.344267,43.818252],[4.344225,43.818319],[4.344244,43.81835],[4.344444,43.818468],[4.344884,43.81807],[4.344945,43.817966],[4.344932,43.81789],[4.344881,43.817817],[4.344756,43.817721],[4.344867,43.817628],[4.345035,43.817472],[4.344952,43.817397],[4.344869,43.817238],[4.34478,43.817095],[4.344747,43.817068],[4.344519,43.816987],[4.344453,43.816925],[4.344032,43.816791],[4.342958,43.816489],[4.342876,43.81658],[4.342635,43.816437],[4.342511,43.816374],[4.342263,43.816306],[4.342058,43.816482],[4.342451,43.816716]]]},"properties":{"cle":"osm:w505004871","nom":null,"source":"osm","file":"inventaire"}},{"type":"Feature","geometry":{"type":"Polygon","coordinates":[[[4.357849,43.81492],[4.358749,43.815059],[4.358766,43.815001],[4.359019,43.814124],[4.358723,43.814075],[4.358705,43.814067],[4.35869,43.814056],[4.358685,43.814043],[4.358722,43.81399],[4.358575,43.813949],[4.358122,43.813874],[4.358112,43.81387],[4.358115,43.81386],[4.358133,43.813828],[4.357953,43.81379],[4.357991,43.813694],[4.357723,43.813621],[4.357517,43.814256],[4.357731,43.81445],[4.357674,43.814579],[4.357544,43.814932],[4.357503,43.815046],[4.357497,43.815173],[4.357098,43.816343],[4.357074,43.816413],[4.357071,43.816488],[4.357108,43.816573],[4.357146,43.816666],[4.357332,43.816679],[4.357849,43.81492]]]},"properties":{"cle":"osm:w157100338","nom":null,"source":"osm","file":"inventaire"}},{"type":"Feature","geometry":{"type":"Polygon","coordinates":[[[4.363176,43.816466,32.8],[4.363361,43.815839,32.8],[4.363395,43.815844,31.1],[4.364422,43.816,32.8],[4.364493,43.815762,32.4],[4.363433,43.815382,33.0],[4.363396,43.815369,32.4],[4.362857,43.815868,32.8],[4.361766,43.816834,33.5],[4.361748,43.816874,33.6],[4.361728,43.817024,34.0],[4.361768,43.817057,34.0],[4.362941,43.817248,32.9],[4.363176,43.816466,32.8]]]},"properties":{"cle":"bdtopo:EQ_RESEA0000000312868256","nom":"Parc Relais Parnasse","source":"bdtopo","file":"inventaire"}},{"type":"Feature","geometry":{"type":"Polygon","coordinates":[[[4.403036,43.859537],[4.403311,43.859484],[4.403422,43.859153],[4.404118,43.859272],[4.404157,43.859117],[4.40408,43.859108],[4.403967,43.858606],[4.403408,43.858663],[4.403159,43.858501],[4.402936,43.857388],[4.403913,43.857272],[4.404003,43.856995],[4.403765,43.857006],[4.403701,43.856711],[4.403667,43.856627],[4.403285,43.856604],[4.402742,43.856542],[4.402651,43.856561],[4.402624,43.856626],[4.402803,43.857538],[4.40303,43.858554],[4.403101,43.858605],[4.403222,43.858666],[4.403233,43.858739],[4.403241,43.85878],[4.403113,43.858799],[4.403084,43.858854],[4.403118,43.859014],[4.403136,43.859123],[4.403118,43.859196],[4.403013,43.85928],[4.402891,43.859342],[4.403036,43.859537]]]},"properties":{"cle":"osm:w242017211","nom":null,"source":"osm","file":"inventaire"}},{"type":"Feature","geometry":{"type":"Polygon","coordinates":[[[4.350269,43.818451],[4.350659,43.818555],[4.352025,43.818874],[4.352103,43.818887],[4.352117,43.818849],[4.35213,43.818851],[4.352219,43.818865],[4.352224,43.818852],[4.352409,43.818295],[4.350436,43.817983],[4.349706,43.817821],[4.349417,43.817758],[4.349376,43.817821],[4.349284,43.817874],[4.349179,43.818107],[4.350269,43.818451]]]},"properties":{"cle":"osm:w51835287","nom":null,"source":"osm","file":"inventaire"}},{"type":"Feature","geometry":{"type":"Polygon","coordinates":[[[4.349498,43.813589],[4.349608,43.813547],[4.349802,43.813496],[4.349951,43.81352],[4.350013,43.813524],[4.350182,43.813618],[4.350259,43.813697],[4.350295,43.813735],[4.35073,43.813802],[4.35097,43.812975],[4.350168,43.812849],[4.349394,43.812724],[4.349156,43.813531],[4.349498,43.813589]]]},"properties":{"cle":"osm:w45428039","nom":null,"source":"osm","file":"inventaire"}},{"type":"Feature","geometry":{"type":"Polygon","coordinates":[[[4.368672,43.811968],[4.36885,43.811821],[4.367982,43.811626],[4.368167,43.811227],[4.367716,43.811131],[4.367767,43.811008],[4.368218,43.81111],[4.368427,43.810619],[4.368009,43.81052],[4.367177,43.811436],[4.367291,43.811633],[4.367269,43.811781],[4.368557,43.812072],[4.368596,43.812019],[4.368672,43.811968]]]},"properties":{"cle":"osm:w911886519","nom":null,"source":"osm","file":"inventaire"}},{"type":"Feature","geometry":{"type":"Polygon","coordinates":[[[4.404573,43.855044],[4.404641,43.855065],[4.404878,43.85509],[4.404906,43.855117],[4.405103,43.855142],[4.405145,43.85515],[4.405168,43.855176],[4.405351,43.855198],[4.405388,43.855225],[4.405842,43.855293],[4.406179,43.854594],[4.404804,43.854282],[4.404522,43.854949],[4.404573,43.855044]]]},"properties":{"cle":"osm:w209111841","nom":null,"source":"osm","file":"inventaire"}},{"type":"Feature","geometry":{"type":"Polygon","coordinates":[[[4.358384,43.809729],[4.358407,43.809667],[4.358456,43.809679],[4.358654,43.809106],[4.358592,43.809094],[4.358603,43.809042],[4.358134,43.809009],[4.358129,43.809028],[4.357324,43.808969],[4.357321,43.808992],[4.357278,43.808992],[4.357241,43.809007],[4.357224,43.809021],[4.357163,43.809019],[4.357155,43.809164],[4.357131,43.809164],[4.357124,43.80921],[4.357117,43.809255],[4.35718,43.809259],[4.357198,43.809272],[4.357198,43.809294],[4.357128,43.809288],[4.357093,43.809505],[4.357165,43.809509],[4.357166,43.809539],[4.357184,43.809571],[4.357241,43.809592],[4.357238,43.80964],[4.358384,43.809729]]]},"properties":{"cle":"osm:w227126822","nom":null,"source":"osm","file":"inventaire"}},{"type":"Feature","geometry":{"type":"Polygon","coordinates":[[[4.373045,43.807336],[4.373005,43.807227],[4.373531,43.807116],[4.373291,43.806484],[4.372709,43.806596],[4.37275,43.80671],[4.372305,43.806803],[4.372322,43.806849],[4.372254,43.806862],[4.372295,43.80698],[4.3722,43.807007],[4.372381,43.807472],[4.373045,43.807336]]]},"properties":{"cle":"osm:w187633446","nom":"Parking relais A54","source":"osm","file":"inventaire"}},{"type":"Feature","geometry":{"type":"Polygon","coordinates":[[[4.350312,43.814146],[4.350073,43.814069],[4.350092,43.813989],[4.349957,43.814036],[4.349908,43.814127],[4.34991,43.814142],[4.349917,43.814203],[4.349779,43.814245],[4.349041,43.815708],[4.350069,43.815965],[4.350124,43.815822],[4.349535,43.815669],[4.349618,43.815497],[4.34955,43.815383],[4.349584,43.815297],[4.349748,43.815241],[4.349832,43.815077],[4.34991,43.814916],[4.349818,43.814883],[4.349814,43.814778],[4.349851,43.814701],[4.349943,43.814626],[4.349969,43.814513],[4.349993,43.81449],[4.350042,43.814488],[4.350112,43.814448],[4.350227,43.814215],[4.350312,43.814146]]]},"properties":{"cle":"osm:w928168860","nom":null,"source":"osm","file":"inventaire"}},{"type":"Feature","geometry":{"type":"Polygon","coordinates":[[[4.367221,43.82352],[4.367335,43.823494],[4.367401,43.823404],[4.367196,43.823324],[4.367223,43.82329],[4.36728,43.82331],[4.367316,43.823265],[4.367035,43.823151],[4.366939,43.823095],[4.366873,43.823061],[4.366857,43.823031],[4.366116,43.82275],[4.365091,43.822365],[4.365063,43.822403],[4.364999,43.8224],[4.364863,43.82259],[4.367221,43.82352]]]},"properties":{"cle":"osm:w929889611","nom":null,"source":"osm","file":"inventaire"}},{"type":"Feature","geometry":{"type":"Polygon","coordinates":[[[4.346515,43.813897],[4.346736,43.813361],[4.346526,43.813187],[4.346103,43.813376],[4.34608,43.813453],[4.346047,43.813447],[4.346042,43.813463],[4.346008,43.813457],[4.346013,43.813442],[4.345982,43.813436],[4.345993,43.813401],[4.345878,43.813381],[4.345859,43.813357],[4.345826,43.81337],[4.345735,43.813262],[4.345764,43.813248],[4.3457,43.813174],[4.345805,43.813126],[4.345467,43.813086],[4.345345,43.813793],[4.346515,43.813897]]]},"properties":{"cle":"osm:w954232972","nom":null,"source":"osm","file":"inventaire"}},{"type":"Feature","geometry":{"type":"Polygon","coordinates":[[[4.354919,43.809503],[4.35492,43.809593],[4.355855,43.80958],[4.355854,43.809538],[4.355897,43.809538],[4.355894,43.80949],[4.35595,43.809486],[4.355946,43.80915],[4.356296,43.809142],[4.356291,43.808905],[4.35631,43.808887],[4.356359,43.808912],[4.356507,43.808811],[4.356531,43.808518],[4.356491,43.80848],[4.355952,43.808849],[4.355835,43.808852],[4.355336,43.808867],[4.355348,43.809498],[4.354919,43.809503]]]},"properties":{"cle":"osm:w505017804","nom":null,"source":"osm","file":"inventaire"}},{"type":"Feature","geometry":{"type":"Polygon","coordinates":[[[4.306781,43.844569],[4.306708,43.84454],[4.306741,43.844503],[4.306599,43.844446],[4.306574,43.844476],[4.306505,43.844448],[4.306544,43.844401],[4.306603,43.844425],[4.306879,43.844107],[4.306934,43.844086],[4.306987,43.844093],[4.307288,43.844228],[4.307329,43.844185],[4.307524,43.844275],[4.307666,43.844344],[4.307799,43.844468],[4.307905,43.844452],[4.308072,43.844254],[4.308058,43.844215],[4.308022,43.844196],[4.307988,43.844178],[4.307908,43.844138],[4.307866,43.844125],[4.30782,43.844105],[4.307705,43.844055],[4.307629,43.844031],[4.307613,43.844025],[4.307636,43.843999],[4.307522,43.843975],[4.30751,43.84397],[4.307341,43.843934],[4.30709,43.843932],[4.306893,43.84395],[4.306823,43.843966],[4.306154,43.844073],[4.306005,43.844248],[4.306039,43.844268],[4.306016,43.844348],[4.306101,43.844386],[4.306209,43.84443],[4.306155,43.844465],[4.306527,43.844642],[4.306729,43.844653],[4.306781,43.844569]]]},"properties":{"cle":"osm:w593800590","nom":null,"source":"osm","file":"inventaire"}},{"type":"Feature","geometry":{"type":"Polygon","coordinates":[[[4.340532,43.816951],[4.341006,43.817226],[4.341047,43.817192],[4.341241,43.817306],[4.34136,43.81729],[4.341496,43.81717],[4.34139,43.81709],[4.341593,43.816918],[4.341453,43.816833],[4.341576,43.81673],[4.341414,43.816641],[4.341269,43.816776],[4.340847,43.816533],[4.340996,43.816393],[4.34084,43.816301],[4.340658,43.816475],[4.340624,43.816454],[4.340598,43.816477],[4.340322,43.816716],[4.340168,43.81685],[4.34039,43.816981],[4.340532,43.816951]]]},"properties":{"cle":"osm:w505004872","nom":null,"source":"osm","file":"inventaire"}},{"type":"Feature","geometry":{"type":"Polygon","coordinates":[[[4.361469,43.809465],[4.361582,43.809129],[4.361052,43.809036],[4.361127,43.808814],[4.360485,43.808702],[4.360319,43.809197],[4.361268,43.809363],[4.36106,43.809981],[4.361299,43.810001],[4.361458,43.809492],[4.361469,43.809465]]]},"properties":{"cle":"osm:w156184421","nom":null,"source":"osm","file":"inventaire"}},{"type":"Feature","geometry":{"type":"Polygon","coordinates":[[[4.361993,43.809147],[4.361945,43.809301],[4.362006,43.809317],[4.361996,43.809354],[4.362092,43.809373],[4.362079,43.809408],[4.362059,43.809471],[4.361974,43.809551],[4.361891,43.809547],[4.361693,43.810101],[4.361727,43.810145],[4.361796,43.810193],[4.362244,43.81027],[4.362287,43.810277],[4.362618,43.809251],[4.361993,43.809147]]]},"properties":{"cle":"osm:w220953559","nom":null,"source":"osm","file":"inventaire"}},{"type":"Feature","geometry":{"type":"Polygon","coordinates":[[[4.266772,43.884517],[4.26689,43.884589],[4.26713,43.884387],[4.267346,43.884195],[4.267652,43.884324],[4.267725,43.884278],[4.26771,43.884045],[4.267766,43.883924],[4.267777,43.883809],[4.267715,43.883689],[4.267609,43.883534],[4.267545,43.883433],[4.267184,43.883421],[4.267278,43.883588],[4.267262,43.883646],[4.267203,43.883637],[4.267146,43.883707],[4.267157,43.883814],[4.26709,43.883865],[4.267109,43.883902],[4.267066,43.883958],[4.266971,43.883959],[4.266866,43.884088],[4.266851,43.884165],[4.266968,43.88416],[4.266979,43.884284],[4.266912,43.884316],[4.266819,43.884304],[4.266774,43.884393],[4.266531,43.884575],[4.26664,43.884641],[4.266772,43.884517]]]},"properties":{"cle":"osm:w823918351","nom":null,"source":"osm","file":"inventaire"}},{"type":"Feature","geometry":{"type":"Polygon","coordinates":[[[4.36416,43.817618],[4.364171,43.817641],[4.364198,43.817691],[4.365189,43.817891],[4.365199,43.817858],[4.365215,43.817806],[4.365233,43.817744],[4.365253,43.81768],[4.365271,43.817621],[4.36529,43.817555],[4.365309,43.817493],[4.365328,43.817431],[4.365344,43.81738],[4.36425,43.817203],[4.364238,43.817201],[4.364187,43.817202],[4.364147,43.817208],[4.364111,43.81722],[4.364094,43.817235],[4.364004,43.817519],[4.364001,43.817537],[4.364013,43.817555],[4.36403,43.817565],[4.364142,43.81758],[4.36416,43.817618]]]},"properties":{"cle":"osm:w1144474225","nom":"Parking exposants","source":"osm","file":"inventaire"}},{"type":"Feature","geometry":{"type":"Polygon","coordinates":[[[4.362754,43.808822],[4.363058,43.807898],[4.362876,43.807867],[4.362862,43.807907],[4.362718,43.807882],[4.362618,43.807907],[4.362495,43.807948],[4.362392,43.808007],[4.362321,43.808082],[4.362268,43.80819],[4.362247,43.808257],[4.362248,43.808272],[4.362251,43.808307],[4.362322,43.808319],[4.362306,43.808372],[4.362255,43.80854],[4.362212,43.808532],[4.36214,43.808716],[4.362754,43.808822]]]},"properties":{"cle":"osm:w220953557","nom":null,"source":"osm","file":"inventaire"}},{"type":"Feature","geometry":{"type":"Polygon","coordinates":[[[4.325642,43.825901],[4.325674,43.825888],[4.325729,43.825959],[4.325743,43.825976],[4.325958,43.825668],[4.326403,43.825104],[4.326508,43.825026],[4.326712,43.824718],[4.326883,43.824506],[4.326913,43.824465],[4.326752,43.824392],[4.326368,43.824827],[4.326439,43.824857],[4.326389,43.824912],[4.325919,43.824724],[4.325813,43.82484],[4.326255,43.825013],[4.325956,43.825333],[4.325764,43.825313],[4.325638,43.82545],[4.325485,43.825618],[4.325464,43.825646],[4.325498,43.825669],[4.325448,43.82572],[4.325642,43.825901]]]},"properties":{"cle":"osm:w182903483","nom":null,"source":"osm","file":"inventaire"}},{"type":"Feature","geometry":{"type":"Polygon","coordinates":[[[4.349468,43.814029],[4.349365,43.813999],[4.349275,43.81413],[4.3492,43.81415],[4.348984,43.814103],[4.348178,43.815289],[4.348398,43.815359],[4.348478,43.815385],[4.348527,43.815309],[4.348599,43.815311],[4.349468,43.814029]]]},"properties":{"cle":"osm:w928168858","nom":null,"source":"osm","file":"inventaire"}},{"type":"Feature","geometry":{"type":"Polygon","coordinates":[[[4.357976,43.808896],[4.358007,43.808536],[4.356646,43.808475],[4.356615,43.808835],[4.357976,43.808896]]]},"properties":{"cle":"osm:w965383133","nom":null,"source":"osm","file":"inventaire"}},{"type":"Feature","geometry":{"type":"Polygon","coordinates":[[[4.361215,43.808519],[4.361253,43.80847],[4.361768,43.808557],[4.361816,43.808426],[4.361756,43.808413],[4.361767,43.808368],[4.361639,43.808277],[4.361651,43.808233],[4.360705,43.808071],[4.360511,43.808576],[4.361181,43.8087],[4.361176,43.808657],[4.361215,43.808519]]]},"properties":{"cle":"osm:w156184424","nom":null,"source":"osm","file":"inventaire"}},{"type":"Feature","geometry":{"type":"Polygon","coordinates":[[[4.332778,43.826401],[4.332763,43.826425],[4.333149,43.826803],[4.333329,43.826929],[4.333405,43.826867],[4.333453,43.826828],[4.333341,43.826756],[4.333329,43.826749],[4.333302,43.826715],[4.333583,43.826249],[4.333821,43.82586],[4.333624,43.825799],[4.333476,43.826047],[4.333533,43.826065],[4.33353,43.826072],[4.333115,43.826193],[4.333101,43.826216],[4.333043,43.826197],[4.332983,43.826292],[4.332874,43.826256],[4.332844,43.826304],[4.33279,43.826287],[4.332728,43.826383],[4.332778,43.826401]]]},"properties":{"cle":"osm:w128987273","nom":"Parking Marcel Sant","source":"osm","file":"inventaire"}},{"type":"Feature","geometry":{"type":"Polygon","coordinates":[[[4.379058,43.850107],[4.378972,43.850097],[4.378183,43.850005],[4.37813,43.85026],[4.37825,43.850282],[4.37816,43.850552],[4.378881,43.850624],[4.379058,43.850107]]]},"properties":{"cle":"osm:w720037114","nom":null,"source":"osm","file":"inventaire"}},{"type":"Feature","geometry":{"type":"Polygon","coordinates":[[[4.365541,43.816687],[4.365562,43.816619],[4.365416,43.816597],[4.365482,43.816375],[4.365626,43.816397],[4.365654,43.81632],[4.3646,43.816069],[4.364593,43.816089],[4.364583,43.816119],[4.364557,43.8162],[4.364459,43.816502],[4.365541,43.816687]]]},"properties":{"cle":"osm:w1144474227","nom":"Parking Officiel","source":"osm","file":"inventaire"}},{"type":"Feature","geometry":{"type":"Polygon","coordinates":[[[4.357083,43.819542],[4.357397,43.818636],[4.357417,43.818597],[4.357612,43.817991],[4.357631,43.817932],[4.357559,43.817918],[4.357607,43.817779],[4.357668,43.817791],[4.357705,43.817661],[4.357641,43.817653],[4.357598,43.81755],[4.357533,43.817543],[4.357465,43.817782],[4.357524,43.817792],[4.357485,43.8179],[4.357414,43.817888],[4.356878,43.819507],[4.357083,43.819542]]]},"properties":{"cle":"osm:w954232985","nom":null,"source":"osm","file":"inventaire"}},{"type":"Feature","geometry":{"type":"Polygon","coordinates":[[[4.343089,43.814818],[4.34343,43.814548],[4.343458,43.814459],[4.343047,43.814122],[4.342288,43.814644],[4.342413,43.814703],[4.342573,43.814614],[4.342947,43.814838],[4.343089,43.814818]]]},"properties":{"cle":"osm:w970646640","nom":null,"source":"osm","file":"inventaire"}},{"type":"Feature","geometry":{"type":"Polygon","coordinates":[[[4.340715,43.817776],[4.340891,43.817613],[4.340857,43.817595],[4.340901,43.817542],[4.340804,43.817487],[4.340866,43.817438],[4.340815,43.8174],[4.340969,43.817282],[4.340546,43.817048],[4.340324,43.817238],[4.340292,43.817232],[4.339999,43.81753],[4.340538,43.817806],[4.340568,43.817769],[4.340617,43.817777],[4.340651,43.817745],[4.340715,43.817776]]]},"properties":{"cle":"osm:w156181168","nom":null,"source":"osm","file":"inventaire"}},{"type":"Feature","geometry":{"type":"Polygon","coordinates":[[[4.363807,43.809166],[4.364692,43.809346],[4.365033,43.808624],[4.364741,43.808548],[4.364631,43.808802],[4.364389,43.808749],[4.364212,43.809127],[4.363853,43.809038],[4.363807,43.809166]]]},"properties":{"cle":"osm:w183019093","nom":null,"source":"osm","file":"inventaire"}},{"type":"Feature","geometry":{"type":"Polygon","coordinates":[[[4.366294,43.824009],[4.366472,43.824],[4.366656,43.824071],[4.366533,43.824233],[4.367034,43.82444],[4.366744,43.8248],[4.366962,43.824881],[4.367415,43.82423],[4.366467,43.823875],[4.366363,43.823882],[4.366294,43.824009]]]},"properties":{"cle":"osm:w239319694","nom":null,"source":"osm","file":"inventaire"}},{"type":"Feature","geometry":{"type":"Polygon","coordinates":[[[4.356117,43.820482],[4.356181,43.820608],[4.356312,43.820598],[4.356097,43.820805],[4.356211,43.820867],[4.356086,43.821002],[4.356033,43.82108],[4.356099,43.821083],[4.356143,43.821016],[4.356505,43.820673],[4.356445,43.820645],[4.356383,43.820585],[4.356389,43.820526],[4.35646,43.82048],[4.356569,43.820493],[4.356693,43.820453],[4.356629,43.820267],[4.356594,43.820054],[4.356215,43.819995],[4.356146,43.819985],[4.356099,43.820005],[4.356076,43.820046],[4.35608,43.820152],[4.356021,43.820157],[4.356063,43.82037],[4.356117,43.820482]]]},"properties":{"cle":"osm:w155810210","nom":null,"source":"osm","file":"inventaire"}},{"type":"Feature","geometry":{"type":"Polygon","coordinates":[[[4.346974,43.817356],[4.346998,43.817327],[4.347082,43.817351],[4.347167,43.817321],[4.347222,43.817252],[4.347288,43.817266],[4.347443,43.817019],[4.347386,43.816991],[4.347176,43.816916],[4.347104,43.816891],[4.346885,43.817216],[4.346224,43.816983],[4.346443,43.816657],[4.346305,43.816622],[4.346118,43.816899],[4.345974,43.816845],[4.345941,43.816884],[4.34567,43.816781],[4.34542,43.816685],[4.345409,43.816791],[4.346071,43.81702],[4.346086,43.816995],[4.346159,43.817015],[4.346141,43.817058],[4.346974,43.817356]]]},"properties":{"cle":"osm:w928168873","nom":null,"source":"osm","file":"inventaire"}},{"type":"Feature","geometry":{"type":"Polygon","coordinates":[[[4.372256,43.837536],[4.372389,43.837482],[4.372455,43.837456],[4.372206,43.837147],[4.372821,43.836896],[4.372716,43.836661],[4.372679,43.836677],[4.371788,43.836932],[4.372256,43.837536]]]},"properties":{"cle":"osm:w46124855","nom":null,"source":"osm","file":"inventaire"}},{"type":"Feature","geometry":{"type":"Polygon","coordinates":[[[4.39271,43.844105],[4.392381,43.844355],[4.39304,43.844835],[4.393566,43.84485],[4.39271,43.844105]]]},"properties":{"cle":"osm:w155950820","nom":null,"source":"osm","file":"inventaire"}},{"type":"Feature","geometry":{"type":"Polygon","coordinates":[[[4.263282,43.858615],[4.26326,43.85803],[4.262694,43.858058],[4.262662,43.858643],[4.263282,43.858615]]]},"properties":{"cle":"osm:w1327069687","nom":null,"source":"osm","file":"inventaire"}},{"type":"Feature","geometry":{"type":"Polygon","coordinates":[[[4.37826,43.845468],[4.378262,43.845523],[4.378745,43.845578],[4.378834,43.84567],[4.378867,43.845666],[4.379134,43.845636],[4.378504,43.845315],[4.377472,43.845066],[4.377526,43.845135],[4.377709,43.845368],[4.377764,43.845503],[4.37826,43.845468]]]},"properties":{"cle":"osm:w39431853","nom":null,"source":"osm","file":"inventaire"}},{"type":"Feature","geometry":{"type":"Polygon","coordinates":[[[4.340697,43.841483],[4.340708,43.841351],[4.340683,43.841246],[4.340766,43.841144],[4.340706,43.841037],[4.340794,43.840885],[4.340927,43.840814],[4.34084,43.840293],[4.340452,43.840399],[4.340565,43.841159],[4.340533,43.841218],[4.340468,43.841337],[4.340392,43.841425],[4.340697,43.841483]]]},"properties":{"cle":"osm:w969910040","nom":null,"source":"osm","file":"inventaire"}},{"type":"Feature","geometry":{"type":"Polygon","coordinates":[[[4.390291,43.831083],[4.390724,43.830393],[4.390496,43.830321],[4.390401,43.830407],[4.390209,43.830475],[4.390128,43.83037],[4.389887,43.830459],[4.390063,43.830673],[4.390014,43.831025],[4.390291,43.831083]]]},"properties":{"cle":"osm:w655994749","nom":null,"source":"osm","file":"inventaire"}},{"type":"Feature","geometry":{"type":"Polygon","coordinates":[[[4.357783,43.817431],[4.357761,43.817616],[4.357882,43.817634],[4.359491,43.817873],[4.359583,43.817839],[4.359623,43.817818],[4.359816,43.817759],[4.357783,43.817431]]]},"properties":{"cle":"osm:w954232986","nom":null,"source":"osm","file":"inventaire"}},{"type":"Feature","geometry":{"type":"Polygon","coordinates":[[[4.358464,43.821107],[4.358334,43.821124],[4.358189,43.821131],[4.358047,43.821134],[4.357908,43.821129],[4.357887,43.821173],[4.357739,43.82115],[4.357753,43.821099],[4.35764,43.821077],[4.35748,43.821029],[4.357327,43.820976],[4.357204,43.821121],[4.357571,43.821234],[4.35769,43.821265],[4.357806,43.821278],[4.358243,43.821289],[4.358641,43.821236],[4.35878,43.821262],[4.358896,43.820949],[4.358832,43.820943],[4.358781,43.820891],[4.358568,43.820871],[4.358422,43.820911],[4.358464,43.821107]]]},"properties":{"cle":"osm:w1100619579","nom":null,"source":"osm","file":"inventaire"}},{"type":"Feature","geometry":{"type":"Polygon","coordinates":[[[4.341001,43.821087],[4.341052,43.821061],[4.341064,43.821036],[4.341032,43.820958],[4.34091,43.820889],[4.340725,43.820828],[4.34057,43.820784],[4.34051,43.820775],[4.34044,43.820777],[4.340375,43.820791],[4.340323,43.820811],[4.340284,43.820839],[4.340261,43.820873],[4.34025,43.820908],[4.340243,43.82097],[4.340237,43.821051],[4.34024,43.82109],[4.34025,43.821118],[4.340268,43.82115],[4.340294,43.821176],[4.340317,43.821194],[4.340354,43.821215],[4.340391,43.821229],[4.34081,43.821363],[4.340838,43.821298],[4.341001,43.821087]]]},"properties":{"cle":"osm:w567185815","nom":null,"source":"osm","file":"inventaire"}},{"type":"Feature","geometry":{"type":"Polygon","coordinates":[[[4.34801,43.813097],[4.34794,43.813326],[4.348175,43.813366],[4.348231,43.813188],[4.348255,43.81319],[4.348423,43.812665],[4.348332,43.812652],[4.348294,43.81278],[4.348167,43.812755],[4.348137,43.812872],[4.347394,43.812759],[4.347331,43.812992],[4.34801,43.813097]]]},"properties":{"cle":"osm:w547710290","nom":null,"source":"osm","file":"inventaire"}},{"type":"Feature","geometry":{"type":"Polygon","coordinates":[[[4.347565,43.816874],[4.347927,43.81632],[4.347983,43.816233],[4.348035,43.816144],[4.348042,43.816121],[4.348049,43.816102],[4.348034,43.816067],[4.348006,43.816048],[4.347896,43.816034],[4.347889,43.816044],[4.347649,43.816401],[4.347362,43.816314],[4.346922,43.816145],[4.346805,43.816306],[4.347411,43.816533],[4.347531,43.816578],[4.347367,43.816816],[4.347389,43.816822],[4.347424,43.816832],[4.347565,43.816874]]]},"properties":{"cle":"osm:w928168874","nom":null,"source":"osm","file":"inventaire"}},{"type":"Feature","geometry":{"type":"Polygon","coordinates":[[[4.348699,43.817332],[4.349254,43.817481],[4.349324,43.817436],[4.348345,43.817189],[4.348123,43.817754],[4.34886,43.818038],[4.348955,43.817904],[4.348475,43.817783],[4.348699,43.817332]]]},"properties":{"cle":"osm:w928168863","nom":null,"source":"osm","file":"inventaire"}},{"type":"Feature","geometry":{"type":"Polygon","coordinates":[[[4.365532,43.817389],[4.365489,43.817382],[4.365443,43.817372],[4.365435,43.817386],[4.365422,43.817391],[4.365408,43.817392],[4.365344,43.81738],[4.365328,43.817431],[4.365309,43.817493],[4.36529,43.817555],[4.365271,43.817621],[4.365253,43.81768],[4.365233,43.817744],[4.365215,43.817806],[4.365199,43.817858],[4.365189,43.817891],[4.365173,43.817938],[4.366038,43.818114],[4.366072,43.818112],[4.366104,43.818092],[4.366177,43.817963],[4.366214,43.81792],[4.366256,43.817879],[4.366089,43.817853],[4.365489,43.817765],[4.365487,43.817772],[4.365426,43.817764],[4.365438,43.81772],[4.365442,43.81772],[4.36551,43.817472],[4.365507,43.817472],[4.36552,43.817426],[4.365532,43.817389]]]},"properties":{"cle":"osm:w970646630","nom":null,"source":"osm","file":"inventaire"}},{"type":"Feature","geometry":{"type":"Polygon","coordinates":[[[4.360859,43.81013],[4.360928,43.809946],[4.360165,43.809805],[4.359286,43.809707],[4.35926,43.809788],[4.359337,43.809799],[4.359321,43.809845],[4.359316,43.809865],[4.359982,43.809971],[4.360859,43.81013]]]},"properties":{"cle":"osm:w156184412","nom":null,"source":"osm","file":"inventaire"}},{"type":"Feature","geometry":{"type":"Polygon","coordinates":[[[4.389792,43.842451],[4.38853,43.842158],[4.388415,43.842353],[4.389699,43.84267],[4.389792,43.842451]]]},"properties":{"cle":"osm:w155950824","nom":null,"source":"osm","file":"inventaire"}},{"type":"Feature","geometry":{"type":"Polygon","coordinates":[[[4.327744,43.827517],[4.327937,43.827161],[4.327382,43.827008],[4.327232,43.827032],[4.327089,43.827098],[4.326953,43.827262],[4.327009,43.827281],[4.327744,43.827517]]]},"properties":{"cle":"osm:w926719161","nom":null,"source":"osm","file":"inventaire"}},{"type":"Feature","geometry":{"type":"Polygon","coordinates":[[[4.294125,43.861602],[4.294128,43.861566],[4.294188,43.861568],[4.294205,43.861377],[4.294025,43.861281],[4.293388,43.861282],[4.29323,43.86133],[4.293219,43.861428],[4.293247,43.861579],[4.294125,43.861602]]]},"properties":{"cle":"osm:w281022482","nom":null,"source":"osm","file":"inventaire"}},{"type":"Feature","geometry":{"type":"Polygon","coordinates":[[[4.344798,43.822332],[4.344816,43.822306],[4.344837,43.822278],[4.344986,43.822274],[4.345015,43.822198],[4.344922,43.822123],[4.344311,43.82197],[4.343691,43.82177],[4.343583,43.821945],[4.344798,43.822332]]]},"properties":{"cle":"osm:w578901135","nom":null,"source":"osm","file":"inventaire"}},{"type":"Feature","geometry":{"type":"Polygon","coordinates":[[[4.357537,43.818456],[4.358088,43.818541],[4.358225,43.81808],[4.357672,43.818],[4.357537,43.818456]]]},"properties":{"cle":"osm:w242230487","nom":null,"source":"osm","file":"inventaire"}},{"type":"Feature","geometry":{"type":"Polygon","coordinates":[[[4.349752,43.78757],[4.350294,43.78723],[4.350304,43.787155],[4.350185,43.787109],[4.349944,43.787051],[4.34982,43.787053],[4.349748,43.787074],[4.3494,43.787393],[4.349752,43.78757]]]},"properties":{"cle":"osm:w505309543","nom":null,"source":"osm","file":"inventaire"}},{"type":"Feature","geometry":{"type":"Polygon","coordinates":[[[4.328655,43.831325],[4.328923,43.831063],[4.328567,43.830895],[4.328354,43.831119],[4.328115,43.83137],[4.328146,43.831449],[4.328441,43.831569],[4.328655,43.831325]]]},"properties":{"cle":"osm:w40801992","nom":"Place Pierre de Fermat","source":"osm","file":"inventaire"}},{"type":"Feature","geometry":{"type":"Polygon","coordinates":[[[4.350147,43.816004],[4.349041,43.815708],[4.34909,43.815853],[4.34909,43.815884],[4.349029,43.81587],[4.348896,43.816142],[4.348938,43.816165],[4.348943,43.816188],[4.349235,43.81626],[4.349406,43.815916],[4.350108,43.816103],[4.350147,43.816004]]]},"properties":{"cle":"osm:w928168861","nom":null,"source":"osm","file":"inventaire"}},{"type":"Feature","geometry":{"type":"Polygon","coordinates":[[[4.38604,43.832991],[4.386214,43.832796],[4.386744,43.833034],[4.386806,43.832972],[4.386859,43.832912],[4.386333,43.832671],[4.38649,43.832487],[4.386261,43.832394],[4.386054,43.83263],[4.385829,43.832896],[4.38604,43.832991]]]},"properties":{"cle":"osm:w45375673","nom":null,"source":"osm","file":"inventaire"}},{"type":"Feature","geometry":{"type":"Polygon","coordinates":[[[4.335354,43.824479],[4.335401,43.824399],[4.335436,43.824341],[4.335543,43.824376],[4.335972,43.823676],[4.335984,43.823656],[4.335942,43.823643],[4.335779,43.823593],[4.335746,43.823583],[4.335725,43.823619],[4.3357,43.823612],[4.335232,43.824387],[4.335205,43.824433],[4.335354,43.824479]]]},"properties":{"cle":"osm:w578901150","nom":null,"source":"osm","file":"inventaire"}},{"type":"Feature","geometry":{"type":"Polygon","coordinates":[[[4.308321,43.843983],[4.308262,43.843928],[4.308139,43.843851],[4.307979,43.8438],[4.307486,43.843726],[4.307158,43.843701],[4.306935,43.843716],[4.306856,43.843729],[4.306855,43.843758],[4.30677,43.843787],[4.306812,43.843895],[4.30695,43.843876],[4.307379,43.843868],[4.307734,43.84391],[4.3079,43.84393],[4.308108,43.844009],[4.308043,43.84408],[4.308171,43.844132],[4.308321,43.843983]]]},"properties":{"cle":"osm:w1312320162","nom":null,"source":"osm","file":"inventaire"}},{"type":"Feature","geometry":{"type":"Polygon","coordinates":[[[4.356621,43.810849],[4.356698,43.810841],[4.356753,43.810823],[4.356879,43.81084],[4.356928,43.810655],[4.356929,43.810462],[4.356886,43.81036],[4.356791,43.810338],[4.356461,43.810338],[4.356483,43.81041],[4.356406,43.810515],[4.356394,43.810666],[4.35646,43.810769],[4.356384,43.810838],[4.356621,43.810849]]]},"properties":{"cle":"osm:w1387344569","nom":null,"source":"osm","file":"inventaire"}},{"type":"Feature","geometry":{"type":"Polygon","coordinates":[[[4.396688,43.846792],[4.39687,43.846782],[4.396967,43.846765],[4.397055,43.846737],[4.397537,43.8466],[4.397519,43.846582],[4.39655,43.846498],[4.396511,43.846494],[4.396214,43.84647],[4.396177,43.846488],[4.396433,43.846703],[4.396437,43.846723],[4.396515,43.846762],[4.396598,43.846785],[4.396688,43.846792]]]},"properties":{"cle":"osm:w431606055","nom":null,"source":"osm","file":"inventaire"}},{"type":"Feature","geometry":{"type":"Polygon","coordinates":[[[4.383847,43.843211],[4.383691,43.843062],[4.383599,43.842881],[4.383132,43.842952],[4.382991,43.843284],[4.383126,43.84331],[4.383344,43.843359],[4.383427,43.843196],[4.383809,43.843283],[4.383847,43.843211]]]},"properties":{"cle":"osm:w40648175","nom":"Place de Bir Hakeim","source":"osm","file":"inventaire"}},{"type":"Feature","geometry":{"type":"Polygon","coordinates":[[[4.364357,43.810011],[4.364612,43.809464],[4.364416,43.809419],[4.36433,43.809622],[4.364132,43.809574],[4.364108,43.809618],[4.364014,43.809593],[4.363909,43.809822],[4.363772,43.809791],[4.363725,43.809873],[4.364131,43.809962],[4.364148,43.809966],[4.364259,43.809992],[4.364357,43.810011]]]},"properties":{"cle":"osm:w183019102","nom":null,"source":"osm","file":"inventaire"}},{"type":"Feature","geometry":{"type":"Polygon","coordinates":[[[4.354307,43.819207],[4.3545,43.81859],[4.354372,43.818524],[4.354175,43.818533],[4.354128,43.818565],[4.353972,43.819194],[4.354307,43.819207]]]},"properties":{"cle":"osm:w928168878","nom":null,"source":"osm","file":"inventaire"}},{"type":"Feature","geometry":{"type":"Polygon","coordinates":[[[4.349457,43.818707],[4.348752,43.818499],[4.348578,43.818772],[4.34926,43.818988],[4.349457,43.818707]]]},"properties":{"cle":"osm:w954232979","nom":null,"source":"osm","file":"inventaire"}},{"type":"Feature","geometry":{"type":"Polygon","coordinates":[[[4.358335,43.816947],[4.357224,43.816772],[4.357205,43.816851],[4.357275,43.816879],[4.357376,43.816925],[4.357465,43.816985],[4.357527,43.817039],[4.357546,43.817065],[4.35759,43.817071],[4.358037,43.81714],[4.358059,43.817143],[4.358086,43.817148],[4.358265,43.817175],[4.358335,43.816947]]]},"properties":{"cle":"osm:w157100339","nom":null,"source":"osm","file":"inventaire"}},{"type":"Feature","geometry":{"type":"Polygon","coordinates":[[[4.405212,43.87627],[4.405357,43.876228],[4.40548,43.876162],[4.405674,43.876006],[4.405787,43.875902],[4.405883,43.875769],[4.405924,43.875671],[4.405467,43.875621],[4.405359,43.875928],[4.405279,43.876089],[4.405238,43.876165],[4.4052,43.876184],[4.405157,43.876183],[4.405212,43.87627]]]},"properties":{"cle":"osm:w773642591","nom":null,"source":"osm","file":"inventaire"}},{"type":"Feature","geometry":{"type":"Polygon","coordinates":[[[4.401171,43.854804],[4.40145,43.855057],[4.401544,43.855038],[4.40173,43.854936],[4.401693,43.8549],[4.401956,43.854755],[4.401699,43.854496],[4.401423,43.854658],[4.401171,43.854804]]]},"properties":{"cle":"osm:w1170949776","nom":null,"source":"osm","file":"inventaire"}},{"type":"Feature","geometry":{"type":"Polygon","coordinates":[[[4.261601,43.860961],[4.261221,43.860476],[4.260979,43.860577],[4.261203,43.860882],[4.261245,43.861057],[4.261347,43.861185],[4.261515,43.861271],[4.261601,43.860961]]]},"properties":{"cle":"osm:w1327070307","nom":null,"source":"osm","file":"inventaire"}},{"type":"Feature","geometry":{"type":"Polygon","coordinates":[[[4.325342,43.83124],[4.325292,43.831218],[4.325502,43.830904],[4.325309,43.830823],[4.325092,43.830755],[4.324823,43.831189],[4.325293,43.831337],[4.325342,43.83124]]]},"properties":{"cle":"osm:w944317133","nom":null,"source":"osm","file":"inventaire"}},{"type":"Feature","geometry":{"type":"Polygon","coordinates":[[[4.343694,43.814782],[4.343609,43.814795],[4.343413,43.814739],[4.343242,43.814919],[4.343161,43.815003],[4.343267,43.815043],[4.343375,43.815084],[4.343567,43.814954],[4.343897,43.815123],[4.344057,43.815096],[4.34393,43.814673],[4.343694,43.814782]]]},"properties":{"cle":"osm:w296627600","nom":null,"source":"osm","file":"inventaire"}},{"type":"Feature","geometry":{"type":"Polygon","coordinates":[[[4.321388,43.819763],[4.321858,43.820055],[4.321989,43.820081],[4.322082,43.820053],[4.32213,43.819974],[4.322047,43.819894],[4.321749,43.819744],[4.321756,43.819728],[4.321738,43.81971],[4.321265,43.819498],[4.321109,43.819478],[4.321062,43.81956],[4.32117,43.819646],[4.321388,43.819763]]]},"properties":{"cle":"osm:w966730296","nom":null,"source":"osm","file":"inventaire"}},{"type":"Feature","geometry":{"type":"Polygon","coordinates":[[[4.342923,43.829233],[4.343045,43.829129],[4.342956,43.82887],[4.342875,43.828832],[4.342455,43.828809],[4.342506,43.829267],[4.342923,43.829233]]]},"properties":{"cle":"osm:w926215931","nom":null,"source":"osm","file":"inventaire"}},{"type":"Feature","geometry":{"type":"Polygon","coordinates":[[[4.364283,43.807874],[4.364217,43.807867],[4.364121,43.808156],[4.364272,43.808184],[4.364353,43.808203],[4.364426,43.808036],[4.364482,43.807917],[4.364771,43.807905],[4.364779,43.807887],[4.365113,43.807968],[4.36508,43.80804],[4.365232,43.808095],[4.36533,43.807884],[4.365249,43.807801],[4.364313,43.807819],[4.364283,43.807874]]]},"properties":{"cle":"osm:w156184403","nom":null,"source":"osm","file":"inventaire"}},{"type":"Feature","geometry":{"type":"Polygon","coordinates":[[[4.386379,43.848983],[4.38651,43.84874],[4.386444,43.848737],[4.386353,43.848734],[4.386225,43.848647],[4.385903,43.848735],[4.385895,43.848768],[4.385964,43.848942],[4.386031,43.849156],[4.386344,43.849156],[4.386379,43.848983]]]},"properties":{"cle":"osm:w40109387","nom":null,"source":"osm","file":"inventaire"}},{"type":"Feature","geometry":{"type":"Polygon","coordinates":[[[4.370159,43.845907],[4.37018,43.84592],[4.370243,43.845979],[4.371287,43.845527],[4.371174,43.845386],[4.371127,43.845406],[4.370095,43.845842],[4.370159,43.845907]]]},"properties":{"cle":"osm:w789698940","nom":null,"source":"osm","file":"inventaire"}},{"type":"Feature","geometry":{"type":"Polygon","coordinates":[[[4.354352,43.824204],[4.35432,43.82435],[4.354408,43.824593],[4.354518,43.824635],[4.354789,43.824267],[4.354604,43.824204],[4.354766,43.823948],[4.354533,43.82387],[4.354352,43.824204]]]},"properties":{"cle":"osm:w1470189187","nom":null,"source":"osm","file":"inventaire"}},{"type":"Feature","geometry":{"type":"Polygon","coordinates":[[[4.337964,43.829539],[4.33783,43.829307],[4.337159,43.82887],[4.336952,43.829042],[4.337663,43.829419],[4.337964,43.829539]]]},"properties":{"cle":"osm:w926212386","nom":null,"source":"osm","file":"inventaire"}},{"type":"Feature","geometry":{"type":"Polygon","coordinates":[[[4.36008,43.809533],[4.360171,43.809257],[4.359476,43.809138],[4.3594,43.809413],[4.36008,43.809533]]]},"properties":{"cle":"osm:w961131612","nom":null,"source":"osm","file":"inventaire"}},{"type":"Feature","geometry":{"type":"Polygon","coordinates":[[[4.373171,43.808483],[4.37244,43.808414],[4.372431,43.808456],[4.372363,43.808448],[4.372297,43.808814],[4.37236,43.808818],[4.372321,43.809003],[4.372658,43.809032],[4.372669,43.808984],[4.372497,43.808863],[4.372507,43.808819],[4.372575,43.808829],[4.372634,43.808538],[4.37316,43.808529],[4.373171,43.808483]]]},"properties":{"cle":"osm:w1359089842","nom":null,"source":"osm","file":"inventaire"}},{"type":"Feature","geometry":{"type":"Polygon","coordinates":[[[4.360353,43.807405],[4.360184,43.807936],[4.360526,43.808],[4.36071,43.807463],[4.360353,43.807405]]]},"properties":{"cle":"osm:w156184699","nom":null,"source":"osm","file":"inventaire"}},{"type":"Feature","geometry":{"type":"Polygon","coordinates":[[[4.402418,43.85643],[4.402438,43.855962],[4.40204,43.855958],[4.401967,43.856418],[4.402418,43.85643]]]},"properties":{"cle":"osm:w242017215","nom":null,"source":"osm","file":"inventaire"}},{"type":"Feature","geometry":{"type":"Polygon","coordinates":[[[4.351347,43.819543],[4.35152,43.819235],[4.351402,43.819259],[4.350935,43.819162],[4.350963,43.819112],[4.350685,43.819064],[4.350637,43.819192],[4.350967,43.819258],[4.350883,43.819472],[4.351347,43.819543]]]},"properties":{"cle":"osm:w928168875","nom":null,"source":"osm","file":"inventaire"}},{"type":"Feature","geometry":{"type":"Polygon","coordinates":[[[4.373087,43.807528],[4.373427,43.807519],[4.373684,43.807479],[4.373623,43.807389],[4.373598,43.807352],[4.373531,43.807116],[4.373005,43.807227],[4.373045,43.807336],[4.37309,43.807475],[4.373087,43.807528]]]},"properties":{"cle":"osm:w141252541","nom":null,"source":"osm","file":"inventaire"}},{"type":"Feature","geometry":{"type":"Polygon","coordinates":[[[4.360043,43.817454],[4.360075,43.817459],[4.360102,43.817463],[4.360148,43.817431],[4.360242,43.817384],[4.360325,43.817353],[4.360438,43.817332],[4.360459,43.817274],[4.359574,43.817131],[4.359509,43.817366],[4.360043,43.817454]]]},"properties":{"cle":"osm:w157100341","nom":null,"source":"osm","file":"inventaire"}},{"type":"Feature","geometry":{"type":"Polygon","coordinates":[[[4.379267,43.845748],[4.380405,43.846006],[4.380445,43.845991],[4.380414,43.84592],[4.380377,43.845852],[4.380299,43.845799],[4.380123,43.845751],[4.379713,43.845675],[4.379572,43.845667],[4.379235,43.845705],[4.379267,43.845748]]]},"properties":{"cle":"osm:w45828622","nom":null,"source":"osm","file":"inventaire"}},{"type":"Feature","geometry":{"type":"Polygon","coordinates":[[[4.347171,43.815388],[4.34668,43.816077],[4.346922,43.816145],[4.347318,43.815542],[4.347171,43.815388]]]},"properties":{"cle":"osm:w928168871","nom":null,"source":"osm","file":"inventaire"}},{"type":"Feature","geometry":{"type":"Polygon","coordinates":[[[4.34961,43.787859],[4.349663,43.787822],[4.349596,43.787785],[4.34983,43.787609],[4.349795,43.787592],[4.349752,43.78757],[4.3494,43.787393],[4.349364,43.787376],[4.349095,43.787642],[4.34961,43.787859]]]},"properties":{"cle":"osm:w505309544","nom":null,"source":"osm","file":"inventaire"}},{"type":"Feature","geometry":{"type":"Polygon","coordinates":[[[4.345292,43.813162],[4.345315,43.813033],[4.345231,43.812948],[4.345304,43.812644],[4.345228,43.812641],[4.345195,43.81278],[4.34496,43.812752],[4.344966,43.812845],[4.344789,43.81297],[4.344671,43.813103],[4.345292,43.813162]]]},"properties":{"cle":"osm:w954232971","nom":null,"source":"osm","file":"inventaire"}},{"type":"Feature","geometry":{"type":"Polygon","coordinates":[[[4.341088,43.830089],[4.341555,43.82956],[4.341711,43.829463],[4.341539,43.829408],[4.341309,43.829612],[4.340925,43.829494],[4.340893,43.82958],[4.341093,43.829653],[4.341123,43.829767],[4.34108,43.829858],[4.340984,43.830063],[4.341088,43.830089]]]},"properties":{"cle":"osm:w926215926","nom":null,"source":"osm","file":"inventaire"}},{"type":"Feature","geometry":{"type":"Polygon","coordinates":[[[4.370075,43.843661],[4.370155,43.843757],[4.370229,43.843803],[4.370502,43.843826],[4.370946,43.843867],[4.371029,43.843878],[4.371041,43.843788],[4.370307,43.843611],[4.369975,43.843409],[4.369959,43.843482],[4.370075,43.843661]]]},"properties":{"cle":"osm:w38921856","nom":"Parking de la Sernam","source":"osm","file":"inventaire"}},{"type":"Feature","geometry":{"type":"Polygon","coordinates":[[[4.359866,43.818784],[4.360086,43.818897],[4.360232,43.818839],[4.36037,43.818569],[4.360312,43.818472],[4.360089,43.818416],[4.359796,43.818681],[4.359866,43.818784]]]},"properties":{"cle":"osm:w954232988","nom":null,"source":"osm","file":"inventaire"}},{"type":"Feature","geometry":{"type":"Polygon","coordinates":[[[4.364039,43.81021],[4.364017,43.81026],[4.364096,43.810284],[4.364117,43.810253],[4.364259,43.809992],[4.364148,43.809966],[4.364131,43.809962],[4.363725,43.809873],[4.363703,43.809916],[4.363621,43.809889],[4.363552,43.810062],[4.363677,43.81009],[4.36363,43.810166],[4.363811,43.81021],[4.363839,43.810168],[4.364039,43.81021]]]},"properties":{"cle":"osm:w156184397","nom":null,"source":"osm","file":"inventaire"}},{"type":"Feature","geometry":{"type":"Polygon","coordinates":[[[4.362309,43.823967],[4.362789,43.824126],[4.362963,43.824186],[4.363001,43.824009],[4.362931,43.823963],[4.362829,43.823917],[4.362731,43.82388],[4.362606,43.823832],[4.362504,43.823804],[4.362384,43.823779],[4.362295,43.823766],[4.362136,43.823908],[4.362309,43.823967]]]},"properties":{"cle":"osm:w965969788","nom":null,"source":"osm","file":"inventaire"}},{"type":"Feature","geometry":{"type":"Polygon","coordinates":[[[4.326806,43.831238],[4.326976,43.831002],[4.326304,43.830853],[4.326212,43.831071],[4.326806,43.831238]]]},"properties":{"cle":"osm:w944317134","nom":null,"source":"osm","file":"inventaire"}},{"type":"Feature","geometry":{"type":"Polygon","coordinates":[[[4.326697,43.824084],[4.326568,43.824263],[4.326846,43.824376],[4.326897,43.824272],[4.326838,43.82399],[4.326803,43.823881],[4.326568,43.82377],[4.326492,43.823802],[4.32643,43.823855],[4.32635,43.823943],[4.326697,43.824084]]]},"properties":{"cle":"osm:w583550659","nom":null,"source":"osm","file":"inventaire"}},{"type":"Feature","geometry":{"type":"Polygon","coordinates":[[[4.389683,43.844587],[4.389522,43.844604],[4.389692,43.845121],[4.390012,43.84507],[4.38988,43.844702],[4.389683,43.844587]]]},"properties":{"cle":"osm:w155950817","nom":null,"source":"osm","file":"inventaire"}},{"type":"Feature","geometry":{"type":"Polygon","coordinates":[[[4.348204,43.818791],[4.348132,43.818764],[4.348106,43.8188],[4.348039,43.818776],[4.34807,43.81874],[4.347644,43.818586],[4.347508,43.818623],[4.347418,43.818849],[4.347571,43.818851],[4.347857,43.81889],[4.348067,43.818944],[4.348204,43.818791]]]},"properties":{"cle":"osm:w1019723641","nom":null,"source":"osm","file":"inventaire"}},{"type":"Feature","geometry":{"type":"Polygon","coordinates":[[[4.33014,43.816302],[4.330354,43.816022],[4.329882,43.815777],[4.329735,43.81593],[4.32999,43.816047],[4.329873,43.816172],[4.330018,43.816241],[4.33014,43.816302]]]},"properties":{"cle":"osm:w1227021613","nom":null,"source":"osm","file":"inventaire"}},{"type":"Feature","geometry":{"type":"Polygon","coordinates":[[[4.355593,43.840894],[4.355746,43.840634],[4.35544,43.840572],[4.355453,43.840512],[4.355274,43.840473],[4.355098,43.840745],[4.355593,43.840894]]]},"properties":{"cle":"osm:w718288020","nom":"Place de la Révolution","source":"osm","file":"inventaire"}},{"type":"Feature","geometry":{"type":"Polygon","coordinates":[[[4.388076,43.839872],[4.38811,43.839796],[4.388035,43.839753],[4.388078,43.839644],[4.38742,43.839531],[4.387344,43.839719],[4.388076,43.839872]]]},"properties":{"cle":"osm:w562903310","nom":null,"source":"osm","file":"inventaire"}},{"type":"Feature","geometry":{"type":"Polygon","coordinates":[[[4.329382,43.822694],[4.329411,43.822644],[4.329728,43.822736],[4.329814,43.822601],[4.329647,43.822551],[4.329685,43.822498],[4.329215,43.822371],[4.329071,43.822603],[4.329382,43.822694]]]},"properties":{"cle":"osm:w565760582","nom":null,"source":"osm","file":"inventaire"}},{"type":"Feature","geometry":{"type":"Polygon","coordinates":[[[4.318345,43.840659],[4.318386,43.840695],[4.318746,43.840572],[4.31888,43.840759],[4.318941,43.840739],[4.319031,43.840482],[4.31906,43.840407],[4.319056,43.84038],[4.319008,43.84032],[4.318945,43.840305],[4.318811,43.84035],[4.318658,43.840442],[4.318563,43.840501],[4.318345,43.840659]]]},"properties":{"cle":"osm:w789028286","nom":null,"source":"osm","file":"inventaire"}},{"type":"Feature","geometry":{"type":"Polygon","coordinates":[[[4.348524,43.81368],[4.34828,43.813793],[4.34847,43.813886],[4.348499,43.813874],[4.348543,43.813863],[4.348607,43.813861],[4.34861,43.813851],[4.348621,43.813838],[4.348636,43.813832],[4.348654,43.813826],[4.349072,43.813894],[4.349315,43.813928],[4.34936,43.813868],[4.349395,43.813799],[4.348524,43.81368]]]},"properties":{"cle":"osm:w928168859","nom":null,"source":"osm","file":"inventaire"}},{"type":"Feature","geometry":{"type":"Polygon","coordinates":[[[4.397646,43.857347],[4.397691,43.857069],[4.397786,43.856799],[4.397799,43.856751],[4.397438,43.856681],[4.397379,43.856804],[4.397587,43.856868],[4.397414,43.85729],[4.397646,43.857347]]]},"properties":{"cle":"osm:w977661704","nom":null,"source":"osm","file":"inventaire"}},{"type":"Feature","geometry":{"type":"Polygon","coordinates":[[[4.347104,43.816891],[4.347176,43.816916],[4.347204,43.816879],[4.347357,43.816862],[4.347389,43.816822],[4.347367,43.816816],[4.346535,43.816505],[4.346443,43.816657],[4.347104,43.816891]]]},"properties":{"cle":"osm:w928168872","nom":null,"source":"osm","file":"inventaire"}},{"type":"Feature","geometry":{"type":"Polygon","coordinates":[[[4.360972,43.830064],[4.361024,43.830041],[4.361076,43.830073],[4.361257,43.829976],[4.36114,43.829889],[4.361157,43.829865],[4.361083,43.829804],[4.361055,43.829653],[4.360876,43.829668],[4.360876,43.829719],[4.360778,43.829728],[4.360749,43.829846],[4.36069,43.829916],[4.360745,43.829994],[4.360972,43.830064]]]},"properties":{"cle":"osm:w903893595","nom":null,"source":"osm","file":"inventaire"}},{"type":"Feature","geometry":{"type":"Polygon","coordinates":[[[4.367446,43.823617],[4.368289,43.823921],[4.368332,43.823827],[4.368097,43.823721],[4.368125,43.82368],[4.367552,43.823462],[4.367446,43.823617]]]},"properties":{"cle":"osm:w929889612","nom":null,"source":"osm","file":"inventaire"}},{"type":"Feature","geometry":{"type":"Polygon","coordinates":[[[4.385604,43.828687],[4.385885,43.828741],[4.386155,43.828767],[4.386167,43.828641],[4.386019,43.82863],[4.386038,43.828567],[4.385503,43.828455],[4.38546,43.828533],[4.385412,43.828579],[4.385389,43.828627],[4.385604,43.828687]]]},"properties":{"cle":"osm:w571641203","nom":null,"source":"osm","file":"inventaire"}},{"type":"Feature","geometry":{"type":"Polygon","coordinates":[[[4.340499,43.818196],[4.340625,43.818061],[4.339932,43.817727],[4.339807,43.817863],[4.340499,43.818196]]]},"properties":{"cle":"osm:w505004876","nom":null,"source":"osm","file":"inventaire"}},{"type":"Feature","geometry":{"type":"Polygon","coordinates":[[[4.362087,43.807615],[4.361398,43.807495],[4.361454,43.807321],[4.36058,43.807192],[4.360565,43.807223],[4.360408,43.807207],[4.360357,43.807359],[4.36207,43.80766],[4.362087,43.807615]]]},"properties":{"cle":"osm:w961131616","nom":null,"source":"osm","file":"inventaire"}},{"type":"Feature","geometry":{"type":"Polygon","coordinates":[[[4.31849,43.839411],[4.318506,43.839324],[4.318222,43.839246],[4.318097,43.839211],[4.317712,43.839208],[4.317709,43.839397],[4.31849,43.839411]]]},"properties":{"cle":"osm:w777199298","nom":null,"source":"osm","file":"inventaire"}},{"type":"Feature","geometry":{"type":"Polygon","coordinates":[[[4.395597,43.850622],[4.396403,43.850925],[4.396461,43.850879],[4.396327,43.850768],[4.395443,43.850489],[4.395332,43.850582],[4.395483,43.850732],[4.395597,43.850622]]]},"properties":{"cle":"osm:w562985655","nom":null,"source":"osm","file":"inventaire"}},{"type":"Feature","geometry":{"type":"Polygon","coordinates":[[[4.373909,43.807776],[4.373077,43.807697],[4.37303,43.807693],[4.373021,43.807704],[4.373188,43.80778],[4.373143,43.807832],[4.373293,43.807867],[4.373948,43.807921],[4.373975,43.807847],[4.374,43.807776],[4.373909,43.807776]]]},"properties":{"cle":"osm:w141252535","nom":null,"source":"osm","file":"inventaire"}},{"type":"Feature","geometry":{"type":"Polygon","coordinates":[[[4.35608,43.817603],[4.355988,43.817879],[4.35598,43.817904],[4.355905,43.81813],[4.355983,43.818143],[4.356124,43.818168],[4.356299,43.817641],[4.35608,43.817603]]]},"properties":{"cle":"osm:w156001871","nom":null,"source":"osm","file":"inventaire"}},{"type":"Feature","geometry":{"type":"Polygon","coordinates":[[[4.364692,43.840232],[4.364725,43.840447],[4.365303,43.840407],[4.365308,43.840425],[4.365355,43.840423],[4.365372,43.840429],[4.365385,43.840376],[4.365126,43.840206],[4.364692,43.840232]]]},"properties":{"cle":"osm:w1213408433","nom":null,"source":"osm","file":"inventaire"}},{"type":"Feature","geometry":{"type":"Polygon","coordinates":[[[4.322911,43.854981],[4.323025,43.854846],[4.323057,43.854859],[4.322912,43.855038],[4.32308,43.855109],[4.32323,43.854939],[4.323169,43.854914],[4.323212,43.854859],[4.323207,43.854848],[4.323077,43.854787],[4.323155,43.854693],[4.322983,43.854616],[4.322744,43.854907],[4.322911,43.854981]]]},"properties":{"cle":"osm:w562081056","nom":null,"source":"osm","file":"inventaire"}},{"type":"Feature","geometry":{"type":"Polygon","coordinates":[[[4.355783,43.818518],[4.355592,43.819053],[4.35579,43.81909],[4.355982,43.818555],[4.355783,43.818518]]]},"properties":{"cle":"osm:w156001870","nom":null,"source":"osm","file":"inventaire"}},{"type":"Feature","geometry":{"type":"Polygon","coordinates":[[[4.339176,43.82458],[4.339296,43.824401],[4.338753,43.824234],[4.338658,43.824405],[4.339176,43.82458]]]},"properties":{"cle":"osm:w1006768304","nom":null,"source":"osm","file":"inventaire"}},{"type":"Feature","geometry":{"type":"Polygon","coordinates":[[[4.340158,43.824955],[4.340271,43.824782],[4.339875,43.824672],[4.339709,43.824943],[4.340017,43.82499],[4.340158,43.824955]]]},"properties":{"cle":"osm:w1006768305","nom":null,"source":"osm","file":"inventaire"}},{"type":"Feature","geometry":{"type":"Polygon","coordinates":[[[4.278074,43.888657,-1000.0],[4.278008,43.888612,-1000.0],[4.277493,43.888975,-1000.0],[4.277648,43.889047,-1000.0],[4.278178,43.888748,-1000.0],[4.278074,43.888657,-1000.0]]]},"properties":{"cle":"bdtopo:EQ_RESEA0000002000743950","nom":null,"source":"bdtopo","file":"inventaire"}},{"type":"Feature","geometry":{"type":"Polygon","coordinates":[[[4.371939,43.819795],[4.371889,43.819775],[4.371905,43.819754],[4.371954,43.819777],[4.371998,43.819721],[4.371781,43.819628],[4.371844,43.81954],[4.371892,43.819562],[4.371955,43.819494],[4.371905,43.819477],[4.371922,43.819457],[4.371965,43.819477],[4.372035,43.819396],[4.371863,43.819321],[4.371792,43.819407],[4.37185,43.819428],[4.371831,43.819449],[4.371779,43.819425],[4.371729,43.819491],[4.371772,43.819511],[4.371711,43.819593],[4.371659,43.819574],[4.371609,43.819632],[4.371657,43.81965],[4.371647,43.819671],[4.371592,43.81965],[4.371541,43.819714],[4.371605,43.819742],[4.371794,43.819825],[4.371882,43.819864],[4.371939,43.819795]]]},"properties":{"cle":"osm:w1076398774","nom":null,"source":"osm","file":"inventaire"}},{"type":"Feature","geometry":{"type":"Polygon","coordinates":[[[4.317013,43.841109],[4.317316,43.840991],[4.317279,43.840885],[4.317157,43.840936],[4.317067,43.840807],[4.316895,43.840847],[4.316753,43.841054],[4.316784,43.841071],[4.316819,43.841142],[4.317013,43.841109]]]},"properties":{"cle":"osm:w923860544","nom":null,"source":"osm","file":"inventaire"}},{"type":"Feature","geometry":{"type":"Polygon","coordinates":[[[4.372307,43.842272],[4.372857,43.842384],[4.372975,43.842229],[4.372383,43.842104],[4.372307,43.842272]]]},"properties":{"cle":"osm:w1560775426","nom":null,"source":"osm","file":"inventaire"}},{"type":"Feature","geometry":{"type":"Polygon","coordinates":[[[4.384555,43.844],[4.384595,43.84399],[4.384673,43.844022],[4.384886,43.843533],[4.384689,43.843493],[4.384489,43.843965],[4.384555,43.844]]]},"properties":{"cle":"osm:w1088250942","nom":null,"source":"osm","file":"inventaire"}},{"type":"Feature","geometry":{"type":"Polygon","coordinates":[[[4.339307,43.830469],[4.33935,43.83041],[4.339401,43.83034],[4.338795,43.83012],[4.33871,43.83025],[4.339307,43.830469]]]},"properties":{"cle":"osm:w943392225","nom":null,"source":"osm","file":"inventaire"}},{"type":"Feature","geometry":{"type":"Polygon","coordinates":[[[4.378037,43.846111],[4.37805,43.846133],[4.378061,43.846143],[4.378082,43.846151],[4.378103,43.846161],[4.378126,43.846169],[4.378158,43.846179],[4.378179,43.846188],[4.378195,43.846197],[4.378209,43.846207],[4.378235,43.846233],[4.378249,43.846247],[4.378262,43.846266],[4.378269,43.846281],[4.378269,43.846311],[4.378346,43.846336],[4.378247,43.845846],[4.378011,43.845872],[4.377987,43.845891],[4.378037,43.846111]]]},"properties":{"cle":"osm:w1279871880","nom":null,"source":"osm","file":"inventaire"}},{"type":"Feature","geometry":{"type":"Polygon","coordinates":[[[4.357444,43.826318],[4.357861,43.826188],[4.357971,43.826005],[4.357697,43.825984],[4.357614,43.826192],[4.357351,43.826131],[4.357349,43.82626],[4.357444,43.826318]]]},"properties":{"cle":"osm:w686692735","nom":null,"source":"osm","file":"inventaire"}},{"type":"Feature","geometry":{"type":"Polygon","coordinates":[[[4.363649,43.809257],[4.363272,43.810354],[4.363341,43.810364],[4.363735,43.809276],[4.363649,43.809257]]]},"properties":{"cle":"osm:w1197822001","nom":null,"source":"osm","file":"inventaire"}},{"type":"Feature","geometry":{"type":"Polygon","coordinates":[[[4.362957,43.810475],[4.363006,43.810329],[4.362372,43.810219],[4.362339,43.810345],[4.362957,43.810475]]]},"properties":{"cle":"osm:w922848511","nom":null,"source":"osm","file":"inventaire"}},{"type":"Feature","geometry":{"type":"Polygon","coordinates":[[[4.364183,43.844651],[4.36418,43.8447],[4.364747,43.84472],[4.364757,43.844567],[4.36419,43.844547],[4.364183,43.844651]]]},"properties":{"cle":"osm:w1099833007","nom":null,"source":"osm","file":"inventaire"}},{"type":"Feature","geometry":{"type":"Polygon","coordinates":[[[4.347939,43.81824],[4.348042,43.81831],[4.348005,43.818353],[4.348524,43.81852],[4.348611,43.818406],[4.347951,43.818187],[4.347939,43.81824]]]},"properties":{"cle":"osm:w220937886","nom":null,"source":"osm","file":"inventaire"}},{"type":"Feature","geometry":{"type":"Polygon","coordinates":[[[4.319801,43.820241],[4.319973,43.820148],[4.320024,43.820059],[4.319957,43.819954],[4.319863,43.819943],[4.319665,43.820115],[4.319584,43.820214],[4.319699,43.820328],[4.319801,43.820241]]]},"properties":{"cle":"osm:w921778988","nom":null,"source":"osm","file":"inventaire"}},{"type":"Feature","geometry":{"type":"Polygon","coordinates":[[[4.383744,43.836166],[4.383441,43.835644],[4.38347,43.836243],[4.383744,43.836166]]]},"properties":{"cle":"osm:w810359989","nom":null,"source":"osm","file":"inventaire"}},{"type":"Feature","geometry":{"type":"Polygon","coordinates":[[[4.365137,43.837301],[4.365258,43.837163],[4.365209,43.837088],[4.364743,43.8372],[4.364836,43.837372],[4.365137,43.837301]]]},"properties":{"cle":"osm:w771515352","nom":"Place de l'Écluse","source":"osm","file":"inventaire"}},{"type":"Feature","geometry":{"type":"Polygon","coordinates":[[[4.362661,43.832243],[4.362538,43.832145],[4.362075,43.832438],[4.362198,43.83254],[4.362661,43.832243]]]},"properties":{"cle":"osm:w41833868","nom":"Place du Guesclin","source":"osm","file":"inventaire"}},{"type":"Feature","geometry":{"type":"Polygon","coordinates":[[[4.338767,43.820726],[4.338456,43.820465],[4.338271,43.820563],[4.338563,43.820828],[4.338767,43.820726]]]},"properties":{"cle":"osm:w968163023","nom":null,"source":"osm","file":"inventaire"}},{"type":"Feature","geometry":{"type":"Polygon","coordinates":[[[4.369966,43.846044],[4.369869,43.845943],[4.369298,43.846192],[4.369354,43.84626],[4.369381,43.846293],[4.369966,43.846044]]]},"properties":{"cle":"osm:w812994324","nom":null,"source":"osm","file":"inventaire"}},{"type":"Feature","geometry":{"type":"Polygon","coordinates":[[[4.394309,43.845502],[4.394305,43.845589],[4.394298,43.84574],[4.394484,43.845879],[4.394687,43.845882],[4.394731,43.84585],[4.394342,43.84551],[4.394309,43.845502]]]},"properties":{"cle":"osm:w155950826","nom":null,"source":"osm","file":"inventaire"}},{"type":"Feature","geometry":{"type":"Polygon","coordinates":[[[4.345275,43.812287],[4.34522,43.812245],[4.344066,43.813076],[4.34412,43.813095],[4.345275,43.812287]]]},"properties":{"cle":"osm:w954232974","nom":null,"source":"osm","file":"inventaire"}},{"type":"Feature","geometry":{"type":"Polygon","coordinates":[[[4.37267,43.842509],[4.372806,43.842394],[4.372227,43.842271],[4.372176,43.842408],[4.37267,43.842509]]]},"properties":{"cle":"osm:w1560775427","nom":null,"source":"osm","file":"inventaire"}},{"type":"Feature","geometry":{"type":"Polygon","coordinates":[[[4.347827,43.818295],[4.347775,43.818277],[4.347729,43.818231],[4.347625,43.818203],[4.347614,43.81822],[4.347535,43.818195],[4.347512,43.81821],[4.347492,43.818256],[4.347566,43.818284],[4.347498,43.818386],[4.347485,43.818446],[4.347571,43.81857],[4.34762,43.818588],[4.347827,43.818295]]]},"properties":{"cle":"osm:w1019723640","nom":null,"source":"osm","file":"inventaire"}},{"type":"Feature","geometry":{"type":"Polygon","coordinates":[[[4.365578,43.840336],[4.365596,43.84031],[4.365622,43.840241],[4.365631,43.840182],[4.365628,43.840103],[4.365594,43.840064],[4.36553,43.84005],[4.365345,43.840059],[4.365211,43.840065],[4.365193,43.840073],[4.365189,43.84009],[4.365541,43.840349],[4.365578,43.840336]]]},"properties":{"cle":"osm:w39447664","nom":null,"source":"osm","file":"inventaire"}},{"type":"Feature","geometry":{"type":"Polygon","coordinates":[[[4.356396,43.808285],[4.356435,43.808307],[4.356494,43.808371],[4.356551,43.808353],[4.356556,43.808158],[4.356552,43.808117],[4.356134,43.808173],[4.356142,43.808213],[4.356076,43.80822],[4.356093,43.808326],[4.356396,43.808285]]]},"properties":{"cle":"osm:w505017789","nom":null,"source":"osm","file":"inventaire"}},{"type":"Feature","geometry":{"type":"Polygon","coordinates":[[[4.341668,43.82122],[4.341794,43.821147],[4.341828,43.82107],[4.341525,43.820936],[4.341463,43.820948],[4.341394,43.821115],[4.341497,43.821163],[4.341668,43.82122]]]},"properties":{"cle":"osm:w968162986","nom":null,"source":"osm","file":"inventaire"}},{"type":"Feature","geometry":{"type":"Polygon","coordinates":[[[4.345467,43.813086],[4.345476,43.813011],[4.345405,43.813],[4.345234,43.813784],[4.345345,43.813793],[4.345467,43.813086]]]},"properties":{"cle":"osm:w954232973","nom":null,"source":"osm","file":"inventaire"}},{"type":"Feature","geometry":{"type":"Polygon","coordinates":[[[4.31818,43.840162],[4.318385,43.840243],[4.318456,43.840251],[4.318569,43.840164],[4.318113,43.839954],[4.318022,43.840011],[4.31818,43.840162]]]},"properties":{"cle":"osm:w934085164","nom":null,"source":"osm","file":"inventaire"}},{"type":"Feature","geometry":{"type":"Polygon","coordinates":[[[4.35309,43.813969],[4.353018,43.813962],[4.352935,43.814041],[4.352917,43.814096],[4.353396,43.814155],[4.353438,43.814012],[4.35309,43.813969]]]},"properties":{"cle":"osm:w928168865","nom":null,"source":"osm","file":"inventaire"}},{"type":"Feature","geometry":{"type":"Polygon","coordinates":[[[4.343066,43.815356],[4.343071,43.81535],[4.343092,43.815321],[4.343197,43.815179],[4.343154,43.815155],[4.343167,43.815143],[4.34321,43.815167],[4.343253,43.815129],[4.343321,43.815116],[4.343364,43.815094],[4.343375,43.815084],[4.343267,43.815043],[4.343161,43.815003],[4.342891,43.815255],[4.343033,43.815325],[4.342992,43.815366],[4.343032,43.81539],[4.343066,43.815356]]]},"properties":{"cle":"osm:w1015980112","nom":null,"source":"osm","file":"inventaire"}},{"type":"Feature","geometry":{"type":"Polygon","coordinates":[[[4.345421,43.812708],[4.345609,43.812718],[4.345676,43.812647],[4.345799,43.812189],[4.345701,43.812189],[4.34563,43.812637],[4.345595,43.812672],[4.345365,43.812656],[4.34531,43.812959],[4.345375,43.812974],[4.345421,43.812708]]]},"properties":{"cle":"osm:w954232975","nom":null,"source":"osm","file":"inventaire"}},{"type":"Feature","geometry":{"type":"Polygon","coordinates":[[[4.338435,43.825386],[4.338548,43.825292],[4.338251,43.825236],[4.337809,43.825113],[4.337773,43.825175],[4.338435,43.825386]]]},"properties":{"cle":"osm:w926719693","nom":null,"source":"osm","file":"inventaire"}},{"type":"Feature","geometry":{"type":"Polygon","coordinates":[[[4.362228,43.831834],[4.362212,43.831821],[4.362175,43.831789],[4.361907,43.831565],[4.361835,43.831842],[4.361824,43.831883],[4.362228,43.831834]]]},"properties":{"cle":"osm:w41833799","nom":"Place du 8 Mai 1945","source":"osm","file":"inventaire"}},{"type":"Feature","geometry":{"type":"Polygon","coordinates":[[[4.327194,43.831798],[4.327151,43.831742],[4.326836,43.831588],[4.326779,43.831677],[4.326968,43.831811],[4.327036,43.831898],[4.327049,43.831912],[4.327081,43.831946],[4.327105,43.83194],[4.327194,43.831798]]]},"properties":{"cle":"osm:w1005957293","nom":null,"source":"osm","file":"inventaire"}},{"type":"Feature","geometry":{"type":"Polygon","coordinates":[[[4.370461,43.840823],[4.370471,43.840791],[4.370487,43.840745],[4.370506,43.840695],[4.37024,43.840632],[4.370231,43.840651],[4.370191,43.840761],[4.370163,43.840844],[4.370236,43.840863],[4.370435,43.840902],[4.370461,43.840823]]]},"properties":{"cle":"osm:w39784606","nom":null,"source":"osm","file":"inventaire"}},{"type":"Feature","geometry":{"type":"Polygon","coordinates":[[[4.38528,43.842716],[4.385542,43.842779],[4.385377,43.842537],[4.385357,43.842463],[4.385129,43.842492],[4.38528,43.842716]]]},"properties":{"cle":"osm:w507306551","nom":null,"source":"osm","file":"inventaire"}},{"type":"Feature","geometry":{"type":"Polygon","coordinates":[[[4.291398,43.861928],[4.291568,43.861905],[4.291579,43.861755],[4.291242,43.861772],[4.291242,43.861787],[4.29118,43.86179],[4.291178,43.861909],[4.291398,43.861928]]]},"properties":{"cle":"osm:w1019723582","nom":null,"source":"osm","file":"inventaire"}},{"type":"Feature","geometry":{"type":"Polygon","coordinates":[[[4.364926,43.808526],[4.364969,43.808442],[4.365022,43.808463],[4.365146,43.808214],[4.364973,43.808166],[4.364807,43.80852],[4.364926,43.808526]]]},"properties":{"cle":"osm:w156184435","nom":null,"source":"osm","file":"inventaire"}},{"type":"Feature","geometry":{"type":"Polygon","coordinates":[[[4.388117,43.838124],[4.388159,43.838114],[4.388172,43.838093],[4.388175,43.838066],[4.388147,43.838041],[4.388133,43.838032],[4.387553,43.83794],[4.387587,43.838038],[4.388117,43.838124]]]},"properties":{"cle":"osm:w1122447283","nom":null,"source":"osm","file":"inventaire"}},{"type":"Feature","geometry":{"type":"Polygon","coordinates":[[[4.317697,43.84082],[4.317714,43.840773],[4.318056,43.840639],[4.318001,43.84057],[4.317893,43.840607],[4.317738,43.840662],[4.31755,43.840728],[4.31752,43.840769],[4.317531,43.840823],[4.317617,43.840849],[4.317697,43.84082]]]},"properties":{"cle":"osm:w954232997","nom":null,"source":"osm","file":"inventaire"}},{"type":"Feature","geometry":{"type":"Polygon","coordinates":[[[4.359996,43.81924],[4.360121,43.819251],[4.360232,43.818922],[4.360033,43.819027],[4.359887,43.819164],[4.359996,43.81924]]]},"properties":{"cle":"osm:w958114371","nom":null,"source":"osm","file":"inventaire"}},{"type":"Feature","geometry":{"type":"Polygon","coordinates":[[[4.329085,43.837044],[4.329096,43.836973],[4.32908,43.836884],[4.328954,43.837003],[4.328928,43.83704],[4.328909,43.837363],[4.329016,43.837361],[4.32903,43.837335],[4.329032,43.837313],[4.329013,43.837257],[4.32903,43.837178],[4.329069,43.837079],[4.329085,43.837044]]]},"properties":{"cle":"osm:w40651616","nom":null,"source":"osm","file":"inventaire"}},{"type":"Feature","geometry":{"type":"Polygon","coordinates":[[[4.36385,43.808862],[4.364073,43.808213],[4.364003,43.808193],[4.363777,43.808849],[4.36385,43.808862]]]},"properties":{"cle":"osm:w996250405","nom":null,"source":"osm","file":"inventaire"}},{"type":"Feature","geometry":{"type":"Polygon","coordinates":[[[4.354527,43.820067],[4.354545,43.820016],[4.353666,43.819882],[4.353648,43.819941],[4.354527,43.820067]]]},"properties":{"cle":"osm:w958114367","nom":null,"source":"osm","file":"inventaire"}},{"type":"Feature","geometry":{"type":"Polygon","coordinates":[[[4.337424,43.823593],[4.337352,43.82357],[4.336996,43.824149],[4.337012,43.824155],[4.337068,43.824173],[4.337424,43.823593]]]},"properties":{"cle":"osm:w1203539024","nom":null,"source":"osm","file":"inventaire"}},{"type":"Feature","geometry":{"type":"Polygon","coordinates":[[[4.366314,43.820668],[4.366122,43.821341],[4.366202,43.821333],[4.366387,43.820658],[4.366314,43.820668]]]},"properties":{"cle":"osm:w929882645","nom":null,"source":"osm","file":"inventaire"}},{"type":"Feature","geometry":{"type":"Polygon","coordinates":[[[4.372439,43.84264],[4.372474,43.842558],[4.371924,43.842433],[4.371888,43.842515],[4.372439,43.84264]]]},"properties":{"cle":"osm:w1560775434","nom":null,"source":"osm","file":"inventaire"}},{"type":"Feature","geometry":{"type":"Polygon","coordinates":[[[4.323783,43.807794],[4.323803,43.807745],[4.323005,43.807155],[4.322987,43.807201],[4.323783,43.807794]]]},"properties":{"cle":"osm:w504720902","nom":null,"source":"osm","file":"inventaire"}},{"type":"Feature","geometry":{"type":"Polygon","coordinates":[[[4.342184,43.853091],[4.342026,43.852986],[4.341691,43.853204],[4.34188,43.853206],[4.342184,43.853091]]]},"properties":{"cle":"osm:w1099818204","nom":null,"source":"osm","file":"inventaire"}},{"type":"Feature","geometry":{"type":"Polygon","coordinates":[[[4.327848,43.813754],[4.327878,43.813725],[4.3275,43.813531],[4.327443,43.813701],[4.327848,43.813754]]]},"properties":{"cle":"osm:w1082670725","nom":null,"source":"osm","file":"inventaire"}},{"type":"Feature","geometry":{"type":"Polygon","coordinates":[[[4.360754,43.840123],[4.36085,43.840119],[4.361043,43.840115],[4.361042,43.840054],[4.36104,43.840027],[4.361039,43.839976],[4.360718,43.839991],[4.360719,43.84012],[4.360754,43.840123]]]},"properties":{"cle":"osm:w779441650","nom":null,"source":"osm","file":"inventaire"}},{"type":"Feature","geometry":{"type":"Polygon","coordinates":[[[4.349255,43.819304],[4.349506,43.818899],[4.34941,43.818875],[4.349187,43.819266],[4.349192,43.819322],[4.349255,43.819304]]]},"properties":{"cle":"osm:w954232981","nom":null,"source":"osm","file":"inventaire"}},{"type":"Feature","geometry":{"type":"Polygon","coordinates":[[[4.345563,43.812591],[4.345644,43.812235],[4.345569,43.812221],[4.34536,43.812291],[4.345406,43.812325],[4.345545,43.812287],[4.345507,43.812526],[4.345451,43.812534],[4.345425,43.812584],[4.345563,43.812591]]]},"properties":{"cle":"osm:w954232976","nom":null,"source":"osm","file":"inventaire"}},{"type":"Feature","geometry":{"type":"Polygon","coordinates":[[[4.337813,43.821333],[4.336671,43.820297],[4.33684,43.820224],[4.337851,43.821128],[4.338047,43.821018],[4.338173,43.821155],[4.337813,43.821333]]]},"properties":{"cle":"osm:w968163021","nom":null,"source":"osm","file":"inventaire"}},{"type":"Feature","geometry":{"type":"Polygon","coordinates":[[[4.337505,43.819987],[4.337393,43.819891],[4.33709,43.82005],[4.337145,43.820101],[4.337261,43.820052],[4.337296,43.820085],[4.337505,43.819987]]]},"properties":{"cle":"osm:w968163017","nom":null,"source":"osm","file":"inventaire"}},{"type":"Feature","geometry":{"type":"Polygon","coordinates":[[[4.334589,43.829384],[4.334505,43.829347],[4.334356,43.829352],[4.334256,43.82943],[4.334368,43.829533],[4.334389,43.829506],[4.334458,43.82953],[4.334589,43.829384]]]},"properties":{"cle":"osm:w1005957296","nom":null,"source":"osm","file":"inventaire"}},{"type":"Feature","geometry":{"type":"Polygon","coordinates":[[[4.328102,43.8084],[4.328364,43.807882],[4.328305,43.807873],[4.328041,43.808376],[4.328102,43.8084]]]},"properties":{"cle":"osm:w1044053948","nom":null,"source":"osm","file":"inventaire"}},{"type":"Feature","geometry":{"type":"Polygon","coordinates":[[[4.342894,43.835542],[4.342913,43.835585],[4.342959,43.835622],[4.343001,43.835633],[4.343064,43.835635],[4.343146,43.835608],[4.343178,43.83553],[4.343155,43.83547],[4.343036,43.835494],[4.342903,43.835498],[4.342894,43.835542]]]},"properties":{"cle":"osm:w44739402","nom":null,"source":"osm","file":"inventaire"}},{"type":"Feature","geometry":{"type":"Polygon","coordinates":[[[4.306791,43.845066],[4.306704,43.845159],[4.306723,43.845206],[4.306819,43.845246],[4.306866,43.845238],[4.306983,43.845108],[4.306986,43.845069],[4.306818,43.844992],[4.306772,43.844995],[4.306728,43.845044],[4.306768,43.845058],[4.306791,43.845034],[4.306927,43.845092],[4.306829,43.845193],[4.30677,43.84517],[4.306846,43.84509],[4.306791,43.845066]]]},"properties":{"cle":"osm:w1019723545","nom":null,"source":"osm","file":"inventaire"}},{"type":"Feature","geometry":{"type":"Polygon","coordinates":[[[4.309006,43.853185],[4.308986,43.853194],[4.30891,43.853194],[4.308839,43.853182],[4.308856,43.853267],[4.308951,43.853309],[4.308954,43.853379],[4.309062,43.853401],[4.309068,43.853259],[4.309051,43.853167],[4.309006,43.853185]]]},"properties":{"cle":"osm:w1282549777","nom":null,"source":"osm","file":"inventaire"}},{"type":"Feature","geometry":{"type":"Polygon","coordinates":[[[4.366666,43.84133],[4.366373,43.841132],[4.366327,43.841325],[4.366666,43.84133]]]},"properties":{"cle":"osm:w39444339","nom":null,"source":"osm","file":"inventaire"}},{"type":"Feature","geometry":{"type":"Polygon","coordinates":[[[4.30537,43.844421],[4.305284,43.844516],[4.305309,43.844552],[4.305473,43.844627],[4.305523,43.844612],[4.305635,43.844486],[4.305618,43.844451],[4.305524,43.84441],[4.30546,43.844404],[4.305485,43.844456],[4.305509,43.844455],[4.30557,43.844486],[4.305485,43.844577],[4.305357,43.844517],[4.305414,43.844448],[4.30537,43.844421]]]},"properties":{"cle":"osm:w1023048048","nom":null,"source":"osm","file":"inventaire"}},{"type":"Feature","geometry":{"type":"Polygon","coordinates":[[[4.344205,43.844004],[4.343848,43.843879],[4.343679,43.843701],[4.343505,43.843749],[4.343486,43.8439],[4.34369,43.844084],[4.344122,43.844109],[4.344205,43.844004]]]},"properties":{"cle":"osm:w935862686","nom":null,"source":"osm","file":"inventaire"}},{"type":"Feature","geometry":{"type":"Polygon","coordinates":[[[4.397074,43.856526],[4.397684,43.856692],[4.397712,43.85665],[4.397095,43.856489],[4.397074,43.856526]]]},"properties":{"cle":"osm:w977661701","nom":null,"source":"osm","file":"inventaire"}},{"type":"Feature","geometry":{"type":"Polygon","coordinates":[[[4.312728,43.840624],[4.313103,43.840628],[4.313111,43.840547],[4.312728,43.840558],[4.312728,43.840624]]]},"properties":{"cle":"osm:w934084743","nom":null,"source":"osm","file":"inventaire"}},{"type":"Feature","geometry":{"type":"Polygon","coordinates":[[[4.320237,43.839944],[4.319671,43.840062],[4.319515,43.840209],[4.319566,43.840217],[4.320218,43.839988],[4.320237,43.839944]]]},"properties":{"cle":"osm:w954232996","nom":null,"source":"osm","file":"inventaire"}},{"type":"Feature","geometry":{"type":"Polygon","coordinates":[[[4.353895,43.837424],[4.35455,43.837513],[4.354595,43.837482],[4.353927,43.837393],[4.353895,43.837424]]]},"properties":{"cle":"osm:w1531449170","nom":null,"source":"osm","file":"inventaire"}},{"type":"Feature","geometry":{"type":"Polygon","coordinates":[[[4.389112,43.828103],[4.389228,43.827978],[4.389086,43.827916],[4.388986,43.828027],[4.389112,43.828103]]]},"properties":{"cle":"osm:w657297649","nom":null,"source":"osm","file":"inventaire"}},{"type":"Feature","geometry":{"type":"Polygon","coordinates":[[[4.364165,43.807932],[4.364092,43.807916],[4.364003,43.808193],[4.364073,43.808213],[4.364165,43.807932]]]},"properties":{"cle":"osm:w1231759293","nom":null,"source":"osm","file":"inventaire"}},{"type":"Feature","geometry":{"type":"Polygon","coordinates":[[[4.424965,43.91202],[4.425028,43.911978],[4.424695,43.911567],[4.424537,43.911544],[4.424322,43.911613],[4.424164,43.91164],[4.423555,43.9117],[4.423553,43.911781],[4.423376,43.911758],[4.423349,43.911806],[4.423378,43.91216],[4.424965,43.91202]]]},"properties":{"cle":"osm:w632657582","nom":null,"source":"osm","file":"inventaire"}},{"type":"Feature","geometry":{"type":"Polygon","coordinates":[[[4.418987,43.910714],[4.418928,43.91032],[4.418306,43.910491],[4.418344,43.910765],[4.418987,43.910714]]]},"properties":{"cle":"osm:w1091297965","nom":null,"source":"osm","file":"inventaire"}},{"type":"Feature","geometry":{"type":"Polygon","coordinates":[[[4.426081,43.926545],[4.426119,43.926542],[4.426307,43.926524],[4.426377,43.926592],[4.426432,43.926704],[4.426463,43.926811],[4.426448,43.926941],[4.426506,43.926996],[4.426542,43.927031],[4.426604,43.926991],[4.42662,43.926862],[4.426541,43.926721],[4.426487,43.92662],[4.426424,43.926473],[4.426362,43.926355],[4.426268,43.926293],[4.426182,43.926355],[4.426206,43.926445],[4.426106,43.926486],[4.426073,43.9265],[4.426081,43.926545]]]},"properties":{"cle":"osm:w99540105","nom":null,"source":"osm","file":"inventaire"}},{"type":"Feature","geometry":{"type":"Polygon","coordinates":[[[4.416794,43.911515],[4.416806,43.911568],[4.416795,43.91161],[4.416738,43.911658],[4.416637,43.911694],[4.416729,43.911813],[4.416759,43.911798],[4.416981,43.912155],[4.417094,43.912131],[4.416997,43.911978],[4.416939,43.911997],[4.416913,43.911952],[4.416937,43.911942],[4.416812,43.91173],[4.417128,43.911625],[4.416891,43.911449],[4.416794,43.911515]]]},"properties":{"cle":"osm:w282478068","nom":null,"source":"osm","file":"inventaire"}},{"type":"Feature","geometry":{"type":"Polygon","coordinates":[[[4.420047,43.911942],[4.420031,43.911752],[4.420221,43.911684],[4.420111,43.911495],[4.419917,43.91156],[4.419948,43.911952],[4.420047,43.911942]]]},"properties":{"cle":"osm:w1091621052","nom":null,"source":"osm","file":"inventaire"}},{"type":"Feature","geometry":{"type":"Polygon","coordinates":[[[4.420558,43.900731],[4.420471,43.900732],[4.420503,43.90113],[4.420572,43.901128],[4.420558,43.900731]]]},"properties":{"cle":"osm:w1112416185","nom":null,"source":"osm","file":"inventaire"}},{"type":"Feature","geometry":{"type":"Polygon","coordinates":[[[4.416418,43.911894],[4.416315,43.911721],[4.416189,43.911854],[4.416265,43.911956],[4.416418,43.911894]]]},"properties":{"cle":"osm:w1091622816","nom":null,"source":"osm","file":"inventaire"}},{"type":"Feature","geometry":{"type":"Polygon","coordinates":[[[4.419684,43.91074],[4.419723,43.910355],[4.419658,43.910395],[4.419611,43.91076],[4.419684,43.91074]]]},"properties":{"cle":"osm:w561902394","nom":null,"source":"osm","file":"inventaire"}},{"type":"Feature","geometry":{"type":"Polygon","coordinates":[[[4.496605,43.825803],[4.49684,43.825822],[4.496731,43.825168],[4.497266,43.825135],[4.497155,43.825055],[4.497102,43.824999],[4.496232,43.825087],[4.496165,43.825136],[4.496149,43.825258],[4.496157,43.825374],[4.496203,43.825664],[4.496224,43.825736],[4.496605,43.825803]]]},"properties":{"cle":"osm:w238797474","nom":null,"source":"osm","file":"inventaire"}},{"type":"Feature","geometry":{"type":"Polygon","coordinates":[[[4.499505,43.832026],[4.499504,43.831987],[4.499543,43.831987],[4.499547,43.831952],[4.499591,43.831951],[4.499592,43.831827],[4.499741,43.831827],[4.499743,43.831982],[4.499813,43.831983],[4.499813,43.832023],[4.500277,43.832025],[4.500232,43.831747],[4.499205,43.831765],[4.499063,43.831771],[4.499053,43.832027],[4.499505,43.832026]]]},"properties":{"cle":"osm:w992499802","nom":null,"source":"osm","file":"inventaire"}},{"type":"Feature","geometry":{"type":"Polygon","coordinates":[[[4.49946,43.829347],[4.499583,43.829269],[4.499528,43.828777],[4.499159,43.828799],[4.499222,43.829355],[4.49946,43.829347]]]},"properties":{"cle":"osm:w565015501","nom":null,"source":"osm","file":"inventaire"}},{"type":"Feature","geometry":{"type":"Polygon","coordinates":[[[4.495204,43.826484],[4.49518,43.826288],[4.495073,43.826298],[4.494542,43.826351],[4.494339,43.826372],[4.494358,43.826576],[4.495204,43.826484]]]},"properties":{"cle":"osm:w928211326","nom":null,"source":"osm","file":"inventaire"}},{"type":"Feature","geometry":{"type":"Polygon","coordinates":[[[4.502632,43.828606],[4.502491,43.828409],[4.502976,43.828235],[4.503109,43.828433],[4.503218,43.828393],[4.503199,43.828361],[4.503129,43.828263],[4.502996,43.828069],[4.502375,43.82829],[4.502419,43.828678],[4.502632,43.828606]]]},"properties":{"cle":"osm:w880533754","nom":null,"source":"osm","file":"inventaire"}},{"type":"Feature","geometry":{"type":"Polygon","coordinates":[[[4.500756,43.827716],[4.500781,43.827975],[4.500833,43.82837],[4.500987,43.828361],[4.501022,43.828153],[4.501028,43.827956],[4.501024,43.827761],[4.501023,43.827629],[4.500749,43.827646],[4.500756,43.827716]]]},"properties":{"cle":"osm:w565015498","nom":null,"source":"osm","file":"inventaire"}},{"type":"Feature","geometry":{"type":"Polygon","coordinates":[[[4.502655,43.836361],[4.502933,43.8363],[4.502948,43.836293],[4.502979,43.836263],[4.502967,43.836253],[4.50291,43.83622],[4.502479,43.83596],[4.502415,43.835905],[4.502413,43.835923],[4.502346,43.835989],[4.502306,43.836029],[4.502307,43.836054],[4.502334,43.836103],[4.502306,43.836113],[4.502419,43.836324],[4.502441,43.83632],[4.50247,43.836348],[4.502498,43.836358],[4.502536,43.836363],[4.502536,43.836382],[4.502655,43.836361]]]},"properties":{"cle":"osm:w1044806202","nom":null,"source":"osm","file":"inventaire"}},{"type":"Feature","geometry":{"type":"Polygon","coordinates":[[[4.487642,43.830835],[4.487638,43.830971],[4.487645,43.831063],[4.487656,43.831222],[4.487976,43.831219],[4.48797,43.831016],[4.487964,43.830836],[4.487642,43.830835]]]},"properties":{"cle":"osm:w872726764","nom":null,"source":"osm","file":"inventaire"}},{"type":"Feature","geometry":{"type":"Polygon","coordinates":[[[4.499852,43.829556],[4.500399,43.829364],[4.500336,43.829274],[4.500255,43.829245],[4.500195,43.829242],[4.499943,43.829328],[4.499868,43.829457],[4.499575,43.82948],[4.499577,43.829522],[4.499618,43.829566],[4.499852,43.829556]]]},"properties":{"cle":"osm:w565015500","nom":null,"source":"osm","file":"inventaire"}},{"type":"Feature","geometry":{"type":"Polygon","coordinates":[[[4.497297,43.830708],[4.497292,43.830624],[4.497164,43.830626],[4.497169,43.830697],[4.497017,43.8307],[4.497019,43.830749],[4.496824,43.830772],[4.496842,43.830809],[4.496935,43.830791],[4.497178,43.830915],[4.497318,43.830861],[4.497297,43.830708]]]},"properties":{"cle":"osm:w872714888","nom":null,"source":"osm","file":"inventaire"}},{"type":"Feature","geometry":{"type":"Polygon","coordinates":[[[4.498979,43.829687],[4.499,43.829681],[4.499288,43.829617],[4.499227,43.829508],[4.499167,43.829481],[4.499111,43.829498],[4.499095,43.829475],[4.499024,43.829497],[4.498886,43.829521],[4.498979,43.829687]]]},"properties":{"cle":"osm:w928211325","nom":null,"source":"osm","file":"inventaire"}},{"type":"Feature","geometry":{"type":"Polygon","coordinates":[[[4.198288,43.835928],[4.198326,43.835806],[4.198228,43.835789],[4.198138,43.835817],[4.197998,43.835867],[4.197726,43.835975],[4.197721,43.836033],[4.197773,43.836267],[4.197854,43.836281],[4.198288,43.835928]]]},"properties":{"cle":"osm:w444323391","nom":null,"source":"osm","file":"inventaire"}},{"type":"Feature","geometry":{"type":"Polygon","coordinates":[[[4.176504,43.824346],[4.176418,43.824276],[4.175614,43.824795],[4.1757,43.824865],[4.176504,43.824346]]]},"properties":{"cle":"osm:w1364061644","nom":null,"source":"osm","file":"inventaire"}},{"type":"Feature","geometry":{"type":"Polygon","coordinates":[[[4.202453,43.826931],[4.202358,43.826834],[4.202224,43.826836],[4.202198,43.826601],[4.2019,43.826829],[4.202298,43.826957],[4.202448,43.827007],[4.202453,43.826931]]]},"properties":{"cle":"osm:w219473456","nom":null,"source":"osm","file":"inventaire"}},{"type":"Feature","geometry":{"type":"Polygon","coordinates":[[[4.202437,43.826481],[4.202208,43.826597],[4.202231,43.826827],[4.202338,43.826825],[4.202443,43.826822],[4.202437,43.826481]]]},"properties":{"cle":"osm:w160363510","nom":null,"source":"osm","file":"inventaire"}},{"type":"Feature","geometry":{"type":"Polygon","coordinates":[[[4.195708,43.824945],[4.195789,43.824798],[4.19588,43.82465],[4.195708,43.824583],[4.195524,43.824861],[4.195708,43.824945]]]},"properties":{"cle":"osm:w1328830563","nom":null,"source":"osm","file":"inventaire"}},{"type":"Feature","geometry":{"type":"Polygon","coordinates":[[[4.202729,43.826506,-1000.0],[4.202472,43.826484,-1000.0],[4.202493,43.826738,-1000.0],[4.202719,43.826736,-1000.0],[4.202729,43.826506,-1000.0]]]},"properties":{"cle":"bdtopo:EQ_RESEA0000002323657372","nom":null,"source":"bdtopo","file":"inventaire"}},{"type":"Feature","geometry":{"type":"Polygon","coordinates":[[[4.196853,43.823824],[4.196795,43.823749],[4.196399,43.823697],[4.196365,43.823785],[4.196933,43.823906],[4.196853,43.823824]]]},"properties":{"cle":"osm:w1331408717","nom":null,"source":"osm","file":"inventaire"}},{"type":"Feature","geometry":{"type":"Polygon","coordinates":[[[4.17834,43.824376],[4.178271,43.82434],[4.178377,43.824208],[4.178355,43.824194],[4.178318,43.82417],[4.178002,43.824383],[4.178207,43.824479],[4.17834,43.824376]]]},"properties":{"cle":"osm:w761045566","nom":null,"source":"osm","file":"inventaire"}},{"type":"Feature","geometry":{"type":"Polygon","coordinates":[[[4.190669,43.834746],[4.190951,43.83476],[4.191213,43.8348],[4.191196,43.83475],[4.190918,43.834677],[4.190651,43.834668],[4.190462,43.834752],[4.190669,43.834746]]]},"properties":{"cle":"osm:w1481154240","nom":null,"source":"osm","file":"inventaire"}},{"type":"Feature","geometry":{"type":"Polygon","coordinates":[[[4.233907,43.808361],[4.233898,43.808035],[4.233119,43.808042],[4.233115,43.807797],[4.232907,43.807797],[4.232384,43.807809],[4.232291,43.807884],[4.232402,43.807954],[4.232502,43.807952],[4.232497,43.808369],[4.233907,43.808361]]]},"properties":{"cle":"osm:w26320059","nom":null,"source":"osm","file":"inventaire"}},{"type":"Feature","geometry":{"type":"Polygon","coordinates":[[[4.230494,43.808394],[4.230745,43.807939],[4.230702,43.807927],[4.230727,43.807883],[4.230847,43.807732],[4.23042,43.807753],[4.230104,43.808305],[4.230494,43.808394]]]},"properties":{"cle":"osm:w1098073244","nom":null,"source":"osm","file":"inventaire"}},{"type":"Feature","geometry":{"type":"Polygon","coordinates":[[[4.221537,43.803799],[4.221583,43.803743],[4.221683,43.803627],[4.221669,43.803581],[4.221435,43.80354],[4.221063,43.803513],[4.221537,43.803799]]]},"properties":{"cle":"osm:w934305452","nom":null,"source":"osm","file":"inventaire"}},{"type":"Feature","geometry":{"type":"Polygon","coordinates":[[[4.231362,43.799475,-1000.0],[4.231033,43.79938,-1000.0],[4.230932,43.799469,-1000.0],[4.231013,43.799618,-1000.0],[4.231151,43.79954,-1000.0],[4.231386,43.79951,-1000.0],[4.231362,43.799475,-1000.0]]]},"properties":{"cle":"bdtopo:EQ_RESEA0000002489369235","nom":null,"source":"bdtopo","file":"inventaire"}},{"type":"Feature","geometry":{"type":"Polygon","coordinates":[[[4.234008,43.806198],[4.23411,43.80622],[4.234161,43.806093],[4.234072,43.806074],[4.234119,43.805959],[4.233999,43.805934],[4.233901,43.806176],[4.234008,43.806198]]]},"properties":{"cle":"osm:w247575220","nom":null,"source":"osm","file":"inventaire"}},{"type":"Feature","geometry":{"type":"Polygon","coordinates":[[[4.231164,43.804518],[4.231184,43.80447],[4.230761,43.804361],[4.230735,43.804421],[4.231164,43.804518]]]},"properties":{"cle":"osm:w934305438","nom":null,"source":"osm","file":"inventaire"}},{"type":"Feature","geometry":{"type":"Polygon","coordinates":[[[4.466915,43.876413],[4.467159,43.876435],[4.467013,43.87621],[4.466797,43.875878],[4.46646,43.875823],[4.466425,43.875817],[4.466401,43.876259],[4.46639,43.876368],[4.466915,43.876413]]]},"properties":{"cle":"osm:w359113224","nom":"Place du Marché","source":"osm","file":"inventaire"}},{"type":"Feature","geometry":{"type":"Polygon","coordinates":[[[4.467229,43.876808],[4.467216,43.876743],[4.466861,43.876703],[4.466585,43.876672],[4.466451,43.876649],[4.466366,43.876635],[4.466343,43.87672],[4.467229,43.876808]]]},"properties":{"cle":"osm:w1081136999","nom":null,"source":"osm","file":"inventaire"}},{"type":"Feature","geometry":{"type":"Polygon","coordinates":[[[4.476636,43.878218],[4.476639,43.87819],[4.475811,43.878081],[4.47579,43.878104],[4.476636,43.878218]]]},"properties":{"cle":"osm:w1044918866","nom":null,"source":"osm","file":"inventaire"}},{"type":"Feature","geometry":{"type":"Polygon","coordinates":[[[4.430051,43.67509],[4.430042,43.675122],[4.430652,43.675205],[4.430685,43.675196],[4.430618,43.67514],[4.430619,43.675035],[4.430619,43.675014],[4.430736,43.674896],[4.430748,43.674782],[4.43078,43.674765],[4.430807,43.674776],[4.430792,43.674795],[4.430953,43.674865],[4.430997,43.674884],[4.43105,43.674882],[4.431448,43.674413],[4.431351,43.674303],[4.430954,43.673957],[4.43076,43.673952],[4.430784,43.673828],[4.431329,43.67324],[4.430494,43.672933],[4.430528,43.673448],[4.430564,43.673797],[4.430625,43.67395],[4.430601,43.673972],[4.430539,43.673983],[4.430531,43.674077],[4.429962,43.674136],[4.429951,43.674436],[4.429957,43.674912],[4.429957,43.675088],[4.430051,43.67509]]]},"properties":{"cle":"osm:w50001962","nom":"Charles de Gaulle","source":"osm","file":"inventaire"}},{"type":"Feature","geometry":{"type":"Polygon","coordinates":[[[4.429068,43.687141],[4.429242,43.686377],[4.428684,43.686261],[4.428536,43.686573],[4.428786,43.686753],[4.428698,43.68706],[4.429068,43.687141]]]},"properties":{"cle":"osm:w772046158","nom":null,"source":"osm","file":"inventaire"}},{"type":"Feature","geometry":{"type":"Polygon","coordinates":[[[4.421687,43.672221],[4.421923,43.672132],[4.422068,43.672062],[4.421633,43.671542],[4.421826,43.67146],[4.421778,43.67141],[4.421183,43.671651],[4.421274,43.671782],[4.421424,43.672015],[4.421521,43.672213],[4.421521,43.672302],[4.421687,43.672221]]]},"properties":{"cle":"osm:w219554646","nom":null,"source":"osm","file":"inventaire"}},{"type":"Feature","geometry":{"type":"Polygon","coordinates":[[[4.420433,43.670472],[4.420551,43.670624],[4.420589,43.670719],[4.420686,43.670698],[4.42074,43.670754],[4.42129,43.670519],[4.421239,43.670461],[4.421133,43.670325],[4.421041,43.670205],[4.420987,43.670135],[4.420678,43.670262],[4.420369,43.670389],[4.420433,43.670472]]]},"properties":{"cle":"osm:w219554647","nom":null,"source":"osm","file":"inventaire"}},{"type":"Feature","geometry":{"type":"Polygon","coordinates":[[[4.421146,43.671084],[4.421318,43.671012],[4.421483,43.670945],[4.421705,43.670856],[4.421435,43.670537],[4.420851,43.670769],[4.420874,43.670798],[4.420826,43.670822],[4.42107,43.671112],[4.421146,43.671084]]]},"properties":{"cle":"osm:w219554645","nom":null,"source":"osm","file":"inventaire"}},{"type":"Feature","geometry":{"type":"Polygon","coordinates":[[[4.434985,43.685019],[4.43485,43.684564],[4.434464,43.684583],[4.434582,43.685045],[4.434985,43.685019]]]},"properties":{"cle":"osm:w772045750","nom":null,"source":"osm","file":"inventaire"}},{"type":"Feature","geometry":{"type":"Polygon","coordinates":[[[4.43389,43.676318],[4.433737,43.676352],[4.433741,43.67649],[4.433932,43.676911],[4.434162,43.676847],[4.43389,43.676318]]]},"properties":{"cle":"osm:w218624389","nom":"Place Jean Jaurès","source":"osm","file":"inventaire"}},{"type":"Feature","geometry":{"type":"Polygon","coordinates":[[[4.414594,43.676938],[4.414642,43.676934],[4.414648,43.676948],[4.414726,43.676939],[4.414722,43.676923],[4.414791,43.676914],[4.41468,43.676359],[4.414635,43.676366],[4.4146,43.676338],[4.414472,43.676349],[4.414594,43.676938]]]},"properties":{"cle":"osm:w561825773","nom":null,"source":"osm","file":"inventaire"}},{"type":"Feature","geometry":{"type":"Polygon","coordinates":[[[4.435958,43.675876],[4.435711,43.675998],[4.436186,43.67645],[4.436392,43.676355],[4.435958,43.675876]]]},"properties":{"cle":"osm:w218629241","nom":null,"source":"osm","file":"inventaire"}},{"type":"Feature","geometry":{"type":"Polygon","coordinates":[[[4.433452,43.680753],[4.433305,43.680569],[4.433139,43.68064],[4.433011,43.680744],[4.433121,43.680903],[4.433452,43.680753]]]},"properties":{"cle":"osm:w562015795","nom":null,"source":"osm","file":"inventaire"}},{"type":"Feature","geometry":{"type":"Polygon","coordinates":[[[4.433199,43.676585],[4.433189,43.676315],[4.432937,43.676294],[4.432953,43.676532],[4.433016,43.676586],[4.433199,43.676585]]]},"properties":{"cle":"osm:w753738285","nom":null,"source":"osm","file":"inventaire"}},{"type":"Feature","geometry":{"type":"Polygon","coordinates":[[[4.43386,43.681973],[4.43388,43.681827],[4.433561,43.681806],[4.433548,43.681879],[4.433406,43.681865],[4.433331,43.681859],[4.433321,43.681934],[4.43386,43.681973]]]},"properties":{"cle":"osm:w219564752","nom":null,"source":"osm","file":"inventaire"}},{"type":"Feature","geometry":{"type":"Polygon","coordinates":[[[4.428656,43.685808],[4.428811,43.685574],[4.428618,43.685518],[4.428482,43.685762],[4.428656,43.685808]]]},"properties":{"cle":"osm:w940724203","nom":null,"source":"osm","file":"inventaire"}},{"type":"Feature","geometry":{"type":"Polygon","coordinates":[[[4.429434,43.682829],[4.429776,43.682833],[4.429776,43.682799],[4.42981,43.682753],[4.429812,43.682722],[4.429459,43.682721],[4.429459,43.682741],[4.429425,43.682792],[4.429434,43.682829]]]},"properties":{"cle":"osm:w817986808","nom":null,"source":"osm","file":"inventaire"}},{"type":"Feature","geometry":{"type":"Polygon","coordinates":[[[4.410826,43.67325],[4.410851,43.67312],[4.410588,43.673103],[4.410571,43.673145],[4.410561,43.673228],[4.410826,43.67325]]]},"properties":{"cle":"osm:w604653885","nom":null,"source":"osm","file":"inventaire"}},{"type":"Feature","geometry":{"type":"Polygon","coordinates":[[[4.432301,43.678512],[4.432229,43.678616],[4.432338,43.678648],[4.432308,43.678717],[4.432372,43.678736],[4.432484,43.678552],[4.432413,43.678493],[4.432301,43.678512]]]},"properties":{"cle":"osm:w1033380380","nom":"Place Danton","source":"osm","file":"inventaire"}},{"type":"Feature","geometry":{"type":"Polygon","coordinates":[[[4.19218,43.629479],[4.192327,43.629236],[4.192269,43.629215],[4.192342,43.629101],[4.192405,43.629122],[4.192639,43.628774],[4.192681,43.628708],[4.19261,43.628683],[4.192539,43.628659],[4.192139,43.628523],[4.192114,43.628592],[4.191972,43.628977],[4.191945,43.629028],[4.191777,43.629347],[4.19218,43.629479]]]},"properties":{"cle":"osm:w161764836","nom":null,"source":"osm","file":"inventaire"}},{"type":"Feature","geometry":{"type":"Polygon","coordinates":[[[4.196225,43.637756],[4.196208,43.637496],[4.19475,43.637589],[4.194702,43.637629],[4.194686,43.63766],[4.195023,43.637828],[4.196225,43.637756]]]},"properties":{"cle":"osm:w1041553053","nom":null,"source":"osm","file":"inventaire"}},{"type":"Feature","geometry":{"type":"Polygon","coordinates":[[[4.259396,43.58158],[4.25953,43.581091],[4.258992,43.581005],[4.258897,43.581629],[4.259396,43.58158]]]},"properties":{"cle":"osm:w1308560222","nom":"Aire","source":"osm","file":"inventaire"}},{"type":"Feature","geometry":{"type":"Polygon","coordinates":[[[4.194793,43.634292],[4.194807,43.634347],[4.194817,43.634388],[4.194854,43.634471],[4.194906,43.634584],[4.194963,43.634629],[4.195073,43.634715],[4.195431,43.634582],[4.195576,43.63451],[4.195517,43.634459],[4.19551,43.634486],[4.195516,43.634491],[4.195508,43.634496],[4.1955,43.634492],[4.195476,43.634497],[4.195462,43.634498],[4.195443,43.634497],[4.195439,43.634501],[4.195428,43.634496],[4.19543,43.63449],[4.195407,43.63448],[4.195399,43.634482],[4.195391,43.634477],[4.19538,43.634486],[4.195354,43.63447],[4.195337,43.634463],[4.195319,43.634451],[4.195311,43.634456],[4.195302,43.634449],[4.195307,43.634443],[4.19526,43.634411],[4.195252,43.634414],[4.19524,43.634403],[4.195244,43.634399],[4.1952,43.634367],[4.195193,43.634371],[4.19518,43.634361],[4.195185,43.634358],[4.195155,43.634335],[4.195146,43.634338],[4.195136,43.634331],[4.195096,43.634287],[4.195012,43.634214],[4.19495,43.634117],[4.194734,43.634191],[4.194793,43.634292]]]},"properties":{"cle":"osm:w795636579","nom":null,"source":"osm","file":"inventaire"}},{"type":"Feature","geometry":{"type":"Polygon","coordinates":[[[4.19099,43.63003],[4.191068,43.629855],[4.190744,43.629764],[4.19071,43.629703],[4.190863,43.629387],[4.190714,43.629364],[4.190664,43.629471],[4.190583,43.629458],[4.190502,43.629675],[4.190502,43.629777],[4.190601,43.629895],[4.190721,43.629934],[4.19099,43.63003]]]},"properties":{"cle":"osm:w965186062","nom":null,"source":"osm","file":"inventaire"}},{"type":"Feature","geometry":{"type":"Polygon","coordinates":[[[4.193138,43.631281],[4.193065,43.631321],[4.193079,43.631335],[4.193307,43.631558],[4.19363,43.631874],[4.193735,43.631818],[4.193809,43.631778],[4.193543,43.631519],[4.193498,43.631543],[4.193443,43.631489],[4.193389,43.631437],[4.193432,43.631414],[4.19324,43.631226],[4.193138,43.631281]]]},"properties":{"cle":"osm:w404388761","nom":null,"source":"osm","file":"inventaire"}},{"type":"Feature","geometry":{"type":"Polygon","coordinates":[[[4.210191,43.589959],[4.210146,43.589957],[4.210096,43.589881],[4.210124,43.589832],[4.210183,43.589797],[4.210164,43.589717],[4.210013,43.589733],[4.209999,43.589695],[4.21015,43.589683],[4.210133,43.589558],[4.209952,43.589562],[4.209952,43.589529],[4.210158,43.589527],[4.210156,43.589479],[4.210265,43.589461],[4.210262,43.589433],[4.210258,43.589403],[4.210143,43.589433],[4.210015,43.589454],[4.20992,43.589427],[4.209839,43.589472],[4.209918,43.589671],[4.210014,43.589846],[4.210143,43.590083],[4.210191,43.589959]]]},"properties":{"cle":"osm:w287371850","nom":"Parking de la Tour Carbonnière","source":"osm","file":"inventaire"}},{"type":"Feature","geometry":{"type":"Polygon","coordinates":[[[4.193442,43.636822],[4.193488,43.636815],[4.193379,43.636433],[4.193369,43.636399],[4.193184,43.636427],[4.193303,43.636843],[4.193442,43.636822]]]},"properties":{"cle":"osm:w928879988","nom":null,"source":"osm","file":"inventaire"}},{"type":"Feature","geometry":{"type":"Polygon","coordinates":[[[4.554609,43.917556],[4.554282,43.917528],[4.553887,43.917627],[4.553945,43.917701],[4.553999,43.917771],[4.554853,43.917694],[4.554609,43.917556]]]},"properties":{"cle":"osm:w921032584","nom":null,"source":"osm","file":"inventaire"}},{"type":"Feature","geometry":{"type":"Polygon","coordinates":[[[4.549539,43.911696],[4.549364,43.911265],[4.54967,43.911204],[4.549753,43.911486],[4.549957,43.911441],[4.550003,43.911544],[4.549539,43.911696]]]},"properties":{"cle":"osm:w1395889999","nom":null,"source":"osm","file":"inventaire"}},{"type":"Feature","geometry":{"type":"Polygon","coordinates":[[[4.552169,43.911546],[4.552104,43.911456],[4.551943,43.91146],[4.55185,43.911423],[4.551778,43.911391],[4.551707,43.911304],[4.551637,43.911321],[4.551773,43.911567],[4.551826,43.911658],[4.552169,43.911546]]]},"properties":{"cle":"osm:w155340127","nom":"Place des Planets","source":"osm","file":"inventaire"}},{"type":"Feature","geometry":{"type":"Polygon","coordinates":[[[4.553019,43.91171],[4.552949,43.911615],[4.552957,43.91159],[4.552997,43.911572],[4.552973,43.911534],[4.552796,43.911592],[4.552885,43.911762],[4.553019,43.91171]]]},"properties":{"cle":"osm:w345660467","nom":null,"source":"osm","file":"inventaire"}},{"type":"Feature","geometry":{"type":"Polygon","coordinates":[[[4.2663,43.758393],[4.266206,43.75844],[4.265974,43.758519],[4.265878,43.758533],[4.265758,43.758551],[4.265613,43.758553],[4.265557,43.758767],[4.266208,43.758871],[4.266324,43.758654],[4.266422,43.758416],[4.266369,43.758359],[4.2663,43.758393]]]},"properties":{"cle":"osm:w499618754","nom":null,"source":"osm","file":"inventaire"}},{"type":"Feature","geometry":{"type":"Polygon","coordinates":[[[4.267788,43.758005],[4.267733,43.757979],[4.267772,43.757934],[4.267801,43.7579],[4.266784,43.75744],[4.266684,43.757592],[4.267737,43.758063],[4.267788,43.758005]]]},"properties":{"cle":"osm:w499618750","nom":null,"source":"osm","file":"inventaire"}},{"type":"Feature","geometry":{"type":"Polygon","coordinates":[[[4.258125,43.751544],[4.258227,43.751574],[4.258297,43.751379],[4.258375,43.751406],[4.258375,43.75125],[4.258441,43.751188],[4.258495,43.751178],[4.258569,43.751225],[4.258796,43.751012],[4.258665,43.750931],[4.258562,43.750872],[4.258315,43.751086],[4.258397,43.751141],[4.258358,43.751181],[4.258347,43.751188],[4.25801,43.751424],[4.257987,43.751441],[4.258125,43.751544]]]},"properties":{"cle":"osm:w907822809","nom":null,"source":"osm","file":"inventaire"}},{"type":"Feature","geometry":{"type":"Polygon","coordinates":[[[4.292616,43.57994],[4.292141,43.580035],[4.292129,43.580037],[4.292219,43.580182],[4.292608,43.581111],[4.292884,43.581783],[4.293095,43.582573],[4.29417,43.582117],[4.293769,43.581122],[4.293154,43.581173],[4.292616,43.57994]]]},"properties":{"cle":"osm:w890321606","nom":null,"source":"osm","file":"inventaire"}},{"type":"Feature","geometry":{"type":"Polygon","coordinates":[[[4.268423,43.708352],[4.26812,43.708052],[4.268062,43.708],[4.268266,43.707899],[4.268455,43.707807],[4.268576,43.707749],[4.268683,43.707692],[4.268702,43.707682],[4.269061,43.708038],[4.269328,43.707901],[4.26936,43.707676],[4.26913,43.707484],[4.268483,43.707323],[4.267507,43.707825],[4.267491,43.707901],[4.267807,43.708261],[4.267432,43.708477],[4.267816,43.708667],[4.268423,43.708352]]]},"properties":{"cle":"osm:w965183113","nom":null,"source":"osm","file":"inventaire"}},{"type":"Feature","geometry":{"type":"Polygon","coordinates":[[[4.268624,43.707072],[4.26902,43.706976],[4.268767,43.706396],[4.269282,43.70629],[4.269182,43.706021],[4.26911,43.705812],[4.269481,43.705738],[4.269938,43.70566],[4.268883,43.705465],[4.268759,43.705645],[4.268883,43.705959],[4.268451,43.706054],[4.268258,43.706348],[4.268319,43.706503],[4.26844,43.706813],[4.268519,43.707016],[4.268521,43.707022],[4.268624,43.707072]]]},"properties":{"cle":"osm:w517306469","nom":null,"source":"osm","file":"inventaire"}},{"type":"Feature","geometry":{"type":"Polygon","coordinates":[[[4.273886,43.68931],[4.273877,43.689127],[4.273532,43.688808],[4.273416,43.688828],[4.273392,43.688637],[4.27339,43.688609],[4.27299,43.68882],[4.272838,43.688859],[4.272843,43.688893],[4.27286,43.689017],[4.272873,43.68918],[4.272882,43.689314],[4.272956,43.689401],[4.273371,43.689362],[4.273782,43.689381],[4.273886,43.68931]]]},"properties":{"cle":"osm:w229412475","nom":null,"source":"osm","file":"inventaire"}},{"type":"Feature","geometry":{"type":"Polygon","coordinates":[[[4.269736,43.690882],[4.270196,43.690963],[4.270382,43.690977],[4.270413,43.69098],[4.270469,43.690849],[4.270606,43.690776],[4.270667,43.690585],[4.270695,43.690424],[4.270364,43.690362],[4.270289,43.690348],[4.270233,43.690528],[4.269875,43.690466],[4.269952,43.690224],[4.269847,43.690205],[4.269616,43.690863],[4.269736,43.690882]]]},"properties":{"cle":"osm:w219735869","nom":"Lidl","source":"osm","file":"inventaire"}},{"type":"Feature","geometry":{"type":"Polygon","coordinates":[[[4.271882,43.700573],[4.271722,43.700512],[4.271605,43.700467],[4.271067,43.701201],[4.271477,43.701249],[4.271936,43.700594],[4.271882,43.700573]]]},"properties":{"cle":"osm:w763332476","nom":null,"source":"osm","file":"inventaire"}},{"type":"Feature","geometry":{"type":"Polygon","coordinates":[[[4.271511,43.696442],[4.272505,43.696781],[4.272596,43.696633],[4.27169,43.696347],[4.271298,43.695799],[4.271114,43.695866],[4.271511,43.696442]]]},"properties":{"cle":"osm:w330672700","nom":null,"source":"osm","file":"inventaire"}},{"type":"Feature","geometry":{"type":"Polygon","coordinates":[[[4.27001,43.708247],[4.269599,43.708147],[4.269679,43.707975],[4.269758,43.707804],[4.269837,43.707634],[4.26978,43.70762],[4.26982,43.707533],[4.269993,43.707183],[4.269842,43.707159],[4.269349,43.708186],[4.269419,43.708208],[4.269403,43.708256],[4.269922,43.708392],[4.27001,43.708247]]]},"properties":{"cle":"osm:w965183118","nom":null,"source":"osm","file":"inventaire"}},{"type":"Feature","geometry":{"type":"Polygon","coordinates":[[[4.279575,43.697787],[4.279792,43.697309],[4.279436,43.697224],[4.27914,43.697876],[4.279318,43.697918],[4.279396,43.697745],[4.279575,43.697787]]]},"properties":{"cle":"osm:w1345151366","nom":null,"source":"osm","file":"inventaire"}},{"type":"Feature","geometry":{"type":"Polygon","coordinates":[[[4.272252,43.699619],[4.272121,43.699703],[4.271864,43.70022],[4.271893,43.700252],[4.271919,43.700282],[4.27208,43.700316],[4.272145,43.700277],[4.272497,43.699689],[4.27251,43.699668],[4.272252,43.699619]]]},"properties":{"cle":"osm:w763332477","nom":null,"source":"osm","file":"inventaire"}},{"type":"Feature","geometry":{"type":"Polygon","coordinates":[[[4.270429,43.693747],[4.272332,43.693127],[4.272307,43.693086],[4.272275,43.693036],[4.270372,43.693656],[4.270401,43.693703],[4.270429,43.693747]]]},"properties":{"cle":"osm:w763048211","nom":null,"source":"osm","file":"inventaire"}},{"type":"Feature","geometry":{"type":"Polygon","coordinates":[[[4.282593,43.702815],[4.282561,43.702638],[4.282497,43.702286],[4.282193,43.702323],[4.282403,43.703043],[4.282621,43.702967],[4.282593,43.702815]]]},"properties":{"cle":"osm:w331269351","nom":null,"source":"osm","file":"inventaire"}},{"type":"Feature","geometry":{"type":"Polygon","coordinates":[[[4.307233,43.572656],[4.307419,43.572429],[4.307456,43.572333],[4.3074,43.572232],[4.307322,43.572153],[4.30689,43.572534],[4.307048,43.572747],[4.307233,43.572656]]]},"properties":{"cle":"osm:w908523369","nom":null,"source":"osm","file":"inventaire"}},{"type":"Feature","geometry":{"type":"Polygon","coordinates":[[[4.338076,43.60544],[4.338072,43.60542],[4.337779,43.60545],[4.337516,43.6055],[4.33734,43.605575],[4.337467,43.605729],[4.337728,43.60567],[4.33811,43.605605],[4.338076,43.60544]]]},"properties":{"cle":"osm:w620863238","nom":null,"source":"osm","file":"inventaire"}},{"type":"Feature","geometry":{"type":"Polygon","coordinates":[[[4.275664,43.68967],[4.275704,43.689649],[4.275731,43.689616],[4.275739,43.689558],[4.275717,43.689478],[4.275567,43.689166],[4.275387,43.689247],[4.275508,43.689546],[4.275301,43.689676],[4.275348,43.689711],[4.275425,43.689768],[4.275664,43.68967]]]},"properties":{"cle":"osm:w219735644","nom":null,"source":"osm","file":"inventaire"}},{"type":"Feature","geometry":{"type":"Polygon","coordinates":[[[4.272987,43.695128],[4.272981,43.695116],[4.272904,43.694972],[4.272747,43.695016],[4.272546,43.695073],[4.272362,43.695124],[4.272176,43.695176],[4.272164,43.695179],[4.272234,43.695312],[4.272247,43.695335],[4.272987,43.695128]]]},"properties":{"cle":"osm:w330939726","nom":null,"source":"osm","file":"inventaire"}},{"type":"Feature","geometry":{"type":"Polygon","coordinates":[[[4.275444,43.692441],[4.275501,43.692404],[4.275425,43.69223],[4.275153,43.692247],[4.275131,43.692019],[4.274995,43.69203],[4.275035,43.692468],[4.275444,43.692441]]]},"properties":{"cle":"osm:w331963797","nom":"Place du Docteur Jacques Arnoux","source":"osm","file":"inventaire"}},{"type":"Feature","geometry":{"type":"Polygon","coordinates":[[[4.279104,43.69213],[4.279038,43.691988],[4.278338,43.692068],[4.278398,43.692251],[4.279104,43.69213]]]},"properties":{"cle":"osm:w331269369","nom":"Place du Jeu de Ballon","source":"osm","file":"inventaire"}},{"type":"Feature","geometry":{"type":"Polygon","coordinates":[[[4.281497,43.699706],[4.281523,43.699665],[4.281745,43.699574],[4.281025,43.6994],[4.281006,43.699418],[4.281034,43.699603],[4.281497,43.699706]]]},"properties":{"cle":"osm:w331269350","nom":null,"source":"osm","file":"inventaire"}},{"type":"Feature","geometry":{"type":"Polygon","coordinates":[[[4.27282,43.694805],[4.272853,43.694796],[4.273141,43.694717],[4.273006,43.694459],[4.272987,43.694423],[4.272666,43.694511],[4.272672,43.694523],[4.2728,43.694767],[4.27282,43.694805]]]},"properties":{"cle":"osm:w763048218","nom":null,"source":"osm","file":"inventaire"}},{"type":"Feature","geometry":{"type":"Polygon","coordinates":[[[4.26978,43.6872],[4.269652,43.686882],[4.269549,43.686621],[4.269405,43.686708],[4.269587,43.687224],[4.26978,43.6872]]]},"properties":{"cle":"osm:w330341282","nom":null,"source":"osm","file":"inventaire"}},{"type":"Feature","geometry":{"type":"Polygon","coordinates":[[[4.272024,43.695417],[4.272004,43.695379],[4.271954,43.695285],[4.271917,43.695295],[4.271719,43.695351],[4.271541,43.6954],[4.271342,43.695456],[4.271283,43.695472],[4.271353,43.695604],[4.272024,43.695417]]]},"properties":{"cle":"osm:w330939729","nom":null,"source":"osm","file":"inventaire"}},{"type":"Feature","geometry":{"type":"Polygon","coordinates":[[[4.270845,43.699953],[4.270873,43.699915],[4.270912,43.699855],[4.27025,43.699684],[4.270241,43.699709],[4.270226,43.699737],[4.270845,43.699953]]]},"properties":{"cle":"osm:w763332480","nom":null,"source":"osm","file":"inventaire"}},{"type":"Feature","geometry":{"type":"Polygon","coordinates":[[[4.275987,43.689971],[4.275993,43.689886],[4.276035,43.689888],[4.275989,43.689814],[4.275925,43.689837],[4.27587,43.689771],[4.275844,43.689778],[4.275812,43.689738],[4.27578,43.689751],[4.275724,43.689773],[4.275793,43.689986],[4.275987,43.689971]]]},"properties":{"cle":"osm:w774983020","nom":"Parking José Cardona","source":"osm","file":"inventaire"}},{"type":"Feature","geometry":{"type":"Polygon","coordinates":[[[4.27405,43.697039],[4.274222,43.696748],[4.274101,43.696711],[4.27392,43.697001],[4.27405,43.697039]]]},"properties":{"cle":"osm:w503989105","nom":null,"source":"osm","file":"inventaire"}},{"type":"Feature","geometry":{"type":"Polygon","coordinates":[[[4.280224,43.698375],[4.280263,43.698297],[4.27982,43.698179],[4.27978,43.698257],[4.280224,43.698375]]]},"properties":{"cle":"osm:w1345151364","nom":null,"source":"osm","file":"inventaire"}},{"type":"Feature","geometry":{"type":"Polygon","coordinates":[[[4.277966,43.69929],[4.277992,43.699237],[4.277959,43.699153],[4.277709,43.699091],[4.277659,43.699208],[4.277966,43.69929]]]},"properties":{"cle":"osm:w330902724","nom":null,"source":"osm","file":"inventaire"}},{"type":"Feature","geometry":{"type":"Polygon","coordinates":[[[4.280672,43.697761],[4.28073,43.697776],[4.280957,43.697329],[4.280898,43.697314],[4.280672,43.697761]]]},"properties":{"cle":"osm:w331269349","nom":null,"source":"osm","file":"inventaire"}},{"type":"Feature","geometry":{"type":"Polygon","coordinates":[[[4.272366,43.698386],[4.272599,43.697967],[4.272542,43.69795],[4.272309,43.698369],[4.272366,43.698386]]]},"properties":{"cle":"osm:w330672684","nom":null,"source":"osm","file":"inventaire"}},{"type":"Feature","geometry":{"type":"Polygon","coordinates":[[[4.272184,43.698469],[4.272403,43.698056],[4.272345,43.69804],[4.272126,43.698453],[4.272184,43.698469]]]},"properties":{"cle":"osm:w330672679","nom":null,"source":"osm","file":"inventaire"}},{"type":"Feature","geometry":{"type":"Polygon","coordinates":[[[4.266506,43.676354],[4.266574,43.676378],[4.266364,43.675909],[4.266295,43.675891],[4.266506,43.676354]]]},"properties":{"cle":"osm:w230047338","nom":null,"source":"osm","file":"inventaire"}},{"type":"Feature","geometry":{"type":"Polygon","coordinates":[[[4.272014,43.683126],[4.272265,43.683042],[4.272469,43.683011],[4.27246,43.682979],[4.27197,43.683042],[4.272014,43.683126]]]},"properties":{"cle":"osm:w1106285953","nom":null,"source":"osm","file":"inventaire"}},{"type":"Feature","geometry":{"type":"Polygon","coordinates":[[[4.272113,43.698421],[4.272346,43.698006],[4.272297,43.697991],[4.272064,43.698406],[4.272113,43.698421]]]},"properties":{"cle":"osm:w330672696","nom":null,"source":"osm","file":"inventaire"}},{"type":"Feature","geometry":{"type":"Polygon","coordinates":[[[4.26255,43.70726],[4.262533,43.707314],[4.262629,43.70733],[4.262649,43.707268],[4.262716,43.707279],[4.262738,43.707212],[4.262516,43.707175],[4.262492,43.70725],[4.26255,43.70726]]]},"properties":{"cle":"osm:w1194038014","nom":null,"source":"osm","file":"inventaire"}},{"type":"Feature","geometry":{"type":"Polygon","coordinates":[[[4.280601,43.697805],[4.28062,43.697764],[4.280136,43.697648],[4.280118,43.697688],[4.280601,43.697805]]]},"properties":{"cle":"osm:w331269348","nom":null,"source":"osm","file":"inventaire"}},{"type":"Feature","geometry":{"type":"Polygon","coordinates":[[[4.217029,43.737164],[4.216966,43.737421],[4.217172,43.737439],[4.217563,43.737494],[4.21759,43.737413],[4.21775,43.737324],[4.217805,43.737213],[4.218021,43.7371],[4.21807,43.737003],[4.21809,43.736912],[4.217345,43.736802],[4.217309,43.736932],[4.217284,43.736929],[4.216331,43.736798],[4.216248,43.73703],[4.217029,43.737164]]]},"properties":{"cle":"osm:w161879781","nom":null,"source":"osm","file":"inventaire"}},{"type":"Feature","geometry":{"type":"Polygon","coordinates":[[[4.255345,43.721213],[4.255392,43.721188],[4.255359,43.721152],[4.255012,43.721072],[4.254938,43.721029],[4.254814,43.720904],[4.254744,43.720837],[4.254383,43.720713],[4.254218,43.720671],[4.25416,43.720652],[4.253511,43.720518],[4.253429,43.720553],[4.253331,43.720597],[4.253262,43.720668],[4.25322,43.720727],[4.253152,43.720769],[4.253003,43.720768],[4.252931,43.720774],[4.252911,43.720797],[4.253468,43.720893],[4.255296,43.72124],[4.255345,43.721213]]]},"properties":{"cle":"osm:w620958060","nom":null,"source":"osm","file":"inventaire"}},{"type":"Feature","geometry":{"type":"Polygon","coordinates":[[[4.224165,43.744237],[4.224255,43.744145],[4.224397,43.744095],[4.224456,43.744095],[4.224504,43.743907],[4.223869,43.743846],[4.223796,43.743839],[4.22367,43.744219],[4.223783,43.744273],[4.22393,43.744353],[4.22399,43.744434],[4.224089,43.744505],[4.224165,43.744237]]]},"properties":{"cle":"osm:w170115855","nom":"Place Arthur Blatière","source":"osm","file":"inventaire"}},{"type":"Feature","geometry":{"type":"Polygon","coordinates":[[[4.224987,43.7416],[4.225019,43.74153],[4.224574,43.741255],[4.223833,43.741151],[4.223774,43.741375],[4.224987,43.7416]]]},"properties":{"cle":"osm:w169102480","nom":"Ombrage - Vergèze espace","source":"osm","file":"inventaire"}},{"type":"Feature","geometry":{"type":"Polygon","coordinates":[[[4.222814,43.742414],[4.222381,43.74236],[4.222314,43.742356],[4.222267,43.742367],[4.222259,43.742403],[4.222221,43.742475],[4.222338,43.742498],[4.222391,43.742698],[4.22244,43.742723],[4.222395,43.74249],[4.222411,43.742418],[4.223066,43.742499],[4.223238,43.742371],[4.223297,43.742387],[4.223399,43.742088],[4.222932,43.742015],[4.222814,43.742414]]]},"properties":{"cle":"osm:w169102476","nom":null,"source":"osm","file":"inventaire"}},{"type":"Feature","geometry":{"type":"Polygon","coordinates":[[[4.217722,43.744346],[4.21809,43.744388],[4.218104,43.74431],[4.218123,43.744222],[4.217751,43.744176],[4.217745,43.744214],[4.217644,43.744225],[4.217634,43.744185],[4.216994,43.74425],[4.217045,43.74431],[4.217069,43.744388],[4.217722,43.744346]]]},"properties":{"cle":"osm:w231764020","nom":null,"source":"osm","file":"inventaire"}},{"type":"Feature","geometry":{"type":"Polygon","coordinates":[[[4.218712,43.742817],[4.218773,43.743223],[4.21914,43.743207],[4.219116,43.743142],[4.219095,43.743084],[4.219065,43.742857],[4.219061,43.742824],[4.218712,43.742817]]]},"properties":{"cle":"osm:w50005347","nom":"Parking Maurin","source":"osm","file":"inventaire"}},{"type":"Feature","geometry":{"type":"Polygon","coordinates":[[[4.22343,43.747524],[4.222944,43.747329],[4.222833,43.74736],[4.222773,43.747456],[4.223316,43.747674],[4.22343,43.747524]]]},"properties":{"cle":"osm:w1144469258","nom":null,"source":"osm","file":"inventaire"}},{"type":"Feature","geometry":{"type":"Polygon","coordinates":[[[4.220619,43.742239],[4.220319,43.742288],[4.220247,43.743109],[4.220493,43.743133],[4.220619,43.742239]]]},"properties":{"cle":"osm:w329745426","nom":null,"source":"osm","file":"inventaire"}},{"type":"Feature","geometry":{"type":"Polygon","coordinates":[[[4.235235,43.733912],[4.235167,43.7339],[4.235086,43.733858],[4.235112,43.733775],[4.235058,43.733769],[4.234861,43.734117],[4.235038,43.734171],[4.235107,43.734192],[4.235235,43.733912]]]},"properties":{"cle":"osm:w318382690","nom":null,"source":"osm","file":"inventaire"}},{"type":"Feature","geometry":{"type":"Polygon","coordinates":[[[4.226836,43.740456],[4.226935,43.740389],[4.226858,43.740394],[4.226641,43.740409],[4.22655,43.74045],[4.226508,43.740519],[4.226546,43.74058],[4.226613,43.74062],[4.226836,43.740456]]]},"properties":{"cle":"osm:w680167281","nom":null,"source":"osm","file":"inventaire"}},{"type":"Feature","geometry":{"type":"Polygon","coordinates":[[[4.225209,43.748147],[4.224689,43.747932],[4.22459,43.747967],[4.225096,43.748183],[4.225209,43.748147]]]},"properties":{"cle":"osm:w1144469253","nom":null,"source":"osm","file":"inventaire"}},{"type":"Feature","geometry":{"type":"Polygon","coordinates":[[[4.22688,43.743538],[4.226827,43.743231],[4.226715,43.743199],[4.22677,43.743506],[4.22688,43.743538]]]},"properties":{"cle":"osm:w1144469217","nom":null,"source":"osm","file":"inventaire"}},{"type":"Feature","geometry":{"type":"Polygon","coordinates":[[[4.224832,43.74239],[4.224853,43.742338],[4.224355,43.74225],[4.224338,43.742299],[4.224832,43.74239]]]},"properties":{"cle":"osm:w682203633","nom":null,"source":"osm","file":"inventaire"}},{"type":"Feature","geometry":{"type":"Polygon","coordinates":[[[4.255547,43.739197],[4.255471,43.739373],[4.256241,43.739375],[4.256338,43.739243],[4.255547,43.739197]]]},"properties":{"cle":"osm:w796561506","nom":null,"source":"osm","file":"inventaire"}},{"type":"Feature","geometry":{"type":"Polygon","coordinates":[[[4.252509,43.746826],[4.252919,43.747151],[4.253061,43.747023],[4.252941,43.746943],[4.252986,43.746907],[4.252714,43.746691],[4.252509,43.746826]]]},"properties":{"cle":"osm:w1074208083","nom":null,"source":"osm","file":"inventaire"}},{"type":"Feature","geometry":{"type":"Polygon","coordinates":[[[4.261643,43.742141],[4.261854,43.742198],[4.262058,43.742254],[4.262094,43.742266],[4.262118,43.742223],[4.261613,43.741875],[4.261487,43.742098],[4.261643,43.742141]]]},"properties":{"cle":"osm:w284859308","nom":null,"source":"osm","file":"inventaire"}},{"type":"Feature","geometry":{"type":"Polygon","coordinates":[[[4.265015,43.725241],[4.265104,43.725121],[4.265029,43.724946],[4.264936,43.72498],[4.264759,43.724963],[4.264767,43.72527],[4.264872,43.725277],[4.265015,43.725241]]]},"properties":{"cle":"osm:w823919013","nom":null,"source":"osm","file":"inventaire"}},{"type":"Feature","geometry":{"type":"Polygon","coordinates":[[[4.259863,43.740266],[4.259897,43.740195],[4.259651,43.74011],[4.259599,43.740181],[4.259572,43.740214],[4.259833,43.740318],[4.259863,43.740266]]]},"properties":{"cle":"osm:w931752918","nom":null,"source":"osm","file":"inventaire"}},{"type":"Feature","geometry":{"type":"Polygon","coordinates":[[[4.260792,43.741293],[4.260834,43.741246],[4.260502,43.7411],[4.260467,43.741145],[4.260792,43.741293]]]},"properties":{"cle":"osm:w500258151","nom":null,"source":"osm","file":"inventaire"}},{"type":"Feature","geometry":{"type":"Polygon","coordinates":[[[4.429456,43.823427],[4.429767,43.822851],[4.42912,43.82267],[4.42881,43.823246],[4.429456,43.823427]]]},"properties":{"cle":"osm:w556364898","nom":null,"source":"osm","file":"inventaire"}},{"type":"Feature","geometry":{"type":"Polygon","coordinates":[[[4.431932,43.823055],[4.431996,43.822897],[4.431482,43.822812],[4.431383,43.823126],[4.431778,43.823404],[4.431932,43.823055]]]},"properties":{"cle":"osm:w502847292","nom":null,"source":"osm","file":"inventaire"}},{"type":"Feature","geometry":{"type":"Polygon","coordinates":[[[4.43067,43.826161],[4.431279,43.826333],[4.431426,43.826056],[4.430818,43.82589],[4.43067,43.826161]]]},"properties":{"cle":"osm:w47844954","nom":"Place de la Mairie","source":"osm","file":"inventaire"}},{"type":"Feature","geometry":{"type":"Polygon","coordinates":[[[4.434291,43.830035],[4.434266,43.829979],[4.433477,43.830091],[4.433507,43.830158],[4.434291,43.830035]]]},"properties":{"cle":"osm:w960652886","nom":null,"source":"osm","file":"inventaire"}},{"type":"Feature","geometry":{"type":"Polygon","coordinates":[[[4.439895,43.830915],[4.439525,43.830589],[4.439454,43.830602],[4.439793,43.830919],[4.439895,43.830915]]]},"properties":{"cle":"osm:w1216891320","nom":null,"source":"osm","file":"inventaire"}},{"type":"Feature","geometry":{"type":"Polygon","coordinates":[[[4.439389,43.830646],[4.439054,43.830338],[4.438996,43.830368],[4.439333,43.830673],[4.439389,43.830646]]]},"properties":{"cle":"osm:w1216891319","nom":null,"source":"osm","file":"inventaire"}},{"type":"Feature","geometry":{"type":"Polygon","coordinates":[[[4.43285,43.823809],[4.432827,43.823764],[4.432352,43.823911],[4.432351,43.823958],[4.43285,43.823809]]]},"properties":{"cle":"osm:w556364904","nom":null,"source":"osm","file":"inventaire"}},{"type":"Feature","geometry":{"type":"Polygon","coordinates":[[[4.433103,43.823341],[4.433482,43.822477],[4.433459,43.822473],[4.433079,43.823336],[4.433103,43.823341]]]},"properties":{"cle":"osm:w1011334693","nom":null,"source":"osm","file":"inventaire"}},{"type":"Feature","geometry":{"type":"Polygon","coordinates":[[[4.199355,43.569026],[4.199191,43.567949],[4.199344,43.56793],[4.199366,43.568083],[4.199438,43.568072],[4.199433,43.568013],[4.199642,43.567988],[4.199811,43.569201],[4.199698,43.569209],[4.19965,43.569009],[4.199355,43.569026]]]},"properties":{"cle":"osm_point:n13084116601","nom":"P8","source":"osm_point","file":"inventaire"}},{"type":"Feature","geometry":{"type":"Polygon","coordinates":[[[4.209449,43.684955],[4.209479,43.68486],[4.209637,43.684895],[4.209747,43.684792],[4.209808,43.68478],[4.209879,43.684872],[4.209736,43.685029],[4.209449,43.684955]]]},"properties":{"cle":"osm_point:n8094905946","nom":null,"source":"osm_point","file":"inventaire"}},{"type":"Feature","geometry":{"type":"Polygon","coordinates":[[[4.258786,43.619107],[4.258688,43.619023],[4.258752,43.618988],[4.258925,43.619117],[4.258786,43.619107]]]},"properties":{"cle":"osm_point:n7883538622","nom":null,"source":"osm_point","file":"inventaire"}},{"type":"Feature","geometry":{"type":"Polygon","coordinates":[[[4.260246,43.620144],[4.259954,43.619937],[4.260002,43.619872],[4.260319,43.620111],[4.260246,43.620144]]]},"properties":{"cle":"osm_point:n7883538623","nom":null,"source":"osm_point","file":"inventaire"}},{"type":"Feature","geometry":{"type":"Polygon","coordinates":[[[4.226866,43.687211],[4.227041,43.687165],[4.227338,43.687163],[4.227438,43.687203],[4.226866,43.687211]]]},"properties":{"cle":"osm_point:n9501480761","nom":null,"source":"osm_point","file":"inventaire"}},{"type":"Feature","geometry":{"type":"Polygon","coordinates":[[[4.213828,43.729058],[4.213729,43.729052],[4.213753,43.728858],[4.213884,43.728857],[4.213828,43.729058]]]},"properties":{"cle":"osm_point:n1798226843","nom":null,"source":"osm_point","file":"inventaire"}},{"type":"Feature","geometry":{"type":"Polygon","coordinates":[[[4.16675,43.714371],[4.166712,43.714285],[4.16756,43.71412],[4.167622,43.714246],[4.16675,43.714371]]]},"properties":{"cle":"osm_point:n8731919729","nom":null,"source":"osm_point","file":"inventaire"}},{"type":"Feature","geometry":{"type":"Polygon","coordinates":[[[4.347027,43.831233],[4.346388,43.831171],[4.34638,43.831221],[4.347005,43.831269],[4.347027,43.831233]]]},"properties":{"cle":"osm_point:n1681609605","nom":null,"source":"osm_point","file":"inventaire"}},{"type":"Feature","geometry":{"type":"Polygon","coordinates":[[[4.388215,43.840992],[4.388129,43.840984],[4.388309,43.840454],[4.388397,43.840461],[4.388215,43.840992]]]},"properties":{"cle":"osm_point:n1682860875","nom":null,"source":"osm_point","file":"inventaire"}},{"type":"Feature","geometry":{"type":"Polygon","coordinates":[[[4.394574,43.834534],[4.393823,43.834452],[4.393955,43.833895],[4.394448,43.833953],[4.394502,43.83403],[4.394574,43.834534]]]},"properties":{"cle":"osm_point:n560810182","nom":null,"source":"osm_point","file":"inventaire"}},{"type":"Feature","geometry":{"type":"Polygon","coordinates":[[[4.340919,43.824084],[4.339538,43.823634],[4.339702,43.823345],[4.340297,43.823539],[4.340426,43.823314],[4.341324,43.823568],[4.340919,43.824084]]]},"properties":{"cle":"osm_point:n6874226984","nom":null,"source":"osm_point","file":"inventaire"}},{"type":"Feature","geometry":{"type":"Polygon","coordinates":[[[4.428858,43.678662],[4.428821,43.67845],[4.429242,43.67846],[4.42925,43.678701],[4.428858,43.678662]]]},"properties":{"cle":"osm_point:n2401825271","nom":null,"source":"osm_point","file":"inventaire"}},{"type":"Feature","geometry":{"type":"Polygon","coordinates":[[[4.389435,43.661079],[4.389277,43.660921],[4.389234,43.660952],[4.389355,43.661084],[4.389435,43.661079]]]},"properties":{"cle":"osm_point:n5131488959","nom":null,"source":"osm_point","file":"inventaire"}},{"type":"Feature","geometry":{"type":"Polygon","coordinates":[[[4.429786,43.677808],[4.429577,43.67781],[4.429633,43.67719],[4.429859,43.677199],[4.429786,43.677808]]]},"properties":{"cle":"osm_point:n7042144880","nom":null,"source":"osm_point","file":"inventaire"}},{"type":"Feature","geometry":{"type":"Polygon","coordinates":[[[4.279816,43.693761],[4.279683,43.6937],[4.279966,43.693483],[4.280095,43.693544],[4.279816,43.693761]]]},"properties":{"cle":"osm_point:n13724093044","nom":null,"source":"osm_point","file":"inventaire"}},{"type":"Feature","geometry":{"type":"Polygon","coordinates":[[[4.430465,43.828131],[4.430395,43.827966],[4.430583,43.827928],[4.430685,43.828083],[4.430465,43.828131]]]},"properties":{"cle":"osm_point:n1890287031","nom":null,"source":"osm_point","file":"inventaire"}},{"type":"Feature","geometry":{"type":"Polygon","coordinates":[[[4.199355,43.569026],[4.199191,43.567949],[4.199344,43.56793],[4.199366,43.568083],[4.199438,43.568072],[4.199433,43.568013],[4.199642,43.567988],[4.199811,43.569201],[4.199698,43.569209],[4.19965,43.569009],[4.199355,43.569026]]]},"properties":{"cle":"osm_point:n13084116601","nom":"P8","source":"osm_point","file":"inventaire"}},{"type":"Feature","geometry":{"type":"Polygon","coordinates":[[[4.209449,43.684955],[4.209479,43.68486],[4.209637,43.684895],[4.209747,43.684792],[4.209808,43.68478],[4.209879,43.684872],[4.209736,43.685029],[4.209449,43.684955]]]},"properties":{"cle":"osm_point:n8094905946","nom":null,"source":"osm_point","file":"inventaire"}},{"type":"Feature","geometry":{"type":"Polygon","coordinates":[[[4.258786,43.619107],[4.258688,43.619023],[4.258752,43.618988],[4.258925,43.619117],[4.258786,43.619107]]]},"properties":{"cle":"osm_point:n7883538622","nom":null,"source":"osm_point","file":"inventaire"}},{"type":"Feature","geometry":{"type":"Polygon","coordinates":[[[4.260246,43.620144],[4.259954,43.619937],[4.260002,43.619872],[4.260319,43.620111],[4.260246,43.620144]]]},"properties":{"cle":"osm_point:n7883538623","nom":null,"source":"osm_point","file":"inventaire"}},{"type":"Feature","geometry":{"type":"Polygon","coordinates":[[[4.226866,43.687211],[4.227041,43.687165],[4.227338,43.687163],[4.227438,43.687203],[4.226866,43.687211]]]},"properties":{"cle":"osm_point:n9501480761","nom":null,"source":"osm_point","file":"inventaire"}},{"type":"Feature","geometry":{"type":"Polygon","coordinates":[[[4.213828,43.729058],[4.213729,43.729052],[4.213753,43.728858],[4.213884,43.728857],[4.213828,43.729058]]]},"properties":{"cle":"osm_point:n1798226843","nom":null,"source":"osm_point","file":"inventaire"}},{"type":"Feature","geometry":{"type":"Polygon","coordinates":[[[4.16675,43.714371],[4.166712,43.714285],[4.16756,43.71412],[4.167622,43.714246],[4.16675,43.714371]]]},"properties":{"cle":"osm_point:n8731919729","nom":null,"source":"osm_point","file":"inventaire"}},{"type":"Feature","geometry":{"type":"Polygon","coordinates":[[[4.347027,43.831233],[4.346388,43.831171],[4.34638,43.831221],[4.347005,43.831269],[4.347027,43.831233]]]},"properties":{"cle":"osm_point:n1681609605","nom":null,"source":"osm_point","file":"inventaire"}},{"type":"Feature","geometry":{"type":"Polygon","coordinates":[[[4.388215,43.840992],[4.388129,43.840984],[4.388309,43.840454],[4.388397,43.840461],[4.388215,43.840992]]]},"properties":{"cle":"osm_point:n1682860875","nom":null,"source":"osm_point","file":"inventaire"}},{"type":"Feature","geometry":{"type":"Polygon","coordinates":[[[4.394574,43.834534],[4.393823,43.834452],[4.393955,43.833895],[4.394448,43.833953],[4.394502,43.83403],[4.394574,43.834534]]]},"properties":{"cle":"osm_point:n560810182","nom":null,"source":"osm_point","file":"inventaire"}},{"type":"Feature","geometry":{"type":"Polygon","coordinates":[[[4.340919,43.824084],[4.339538,43.823634],[4.339702,43.823345],[4.340297,43.823539],[4.340426,43.823314],[4.341324,43.823568],[4.340919,43.824084]]]},"properties":{"cle":"osm_point:n6874226984","nom":null,"source":"osm_point","file":"inventaire"}},{"type":"Feature","geometry":{"type":"Polygon","coordinates":[[[4.428858,43.678662],[4.428821,43.67845],[4.429242,43.67846],[4.42925,43.678701],[4.428858,43.678662]]]},"properties":{"cle":"osm_point:n2401825271","nom":null,"source":"osm_point","file":"inventaire"}},{"type":"Feature","geometry":{"type":"Polygon","coordinates":[[[4.389435,43.661079],[4.389277,43.660921],[4.389234,43.660952],[4.389355,43.661084],[4.389435,43.661079]]]},"properties":{"cle":"osm_point:n5131488959","nom":null,"source":"osm_point","file":"inventaire"}},{"type":"Feature","geometry":{"type":"Polygon","coordinates":[[[4.429786,43.677808],[4.429577,43.67781],[4.429633,43.67719],[4.429859,43.677199],[4.429786,43.677808]]]},"properties":{"cle":"osm_point:n7042144880","nom":null,"source":"osm_point","file":"inventaire"}},{"type":"Feature","geometry":{"type":"Polygon","coordinates":[[[4.279816,43.693761],[4.279683,43.6937],[4.279966,43.693483],[4.280095,43.693544],[4.279816,43.693761]]]},"properties":{"cle":"osm_point:n13724093044","nom":null,"source":"osm_point","file":"inventaire"}},{"type":"Feature","geometry":{"type":"Polygon","coordinates":[[[4.430465,43.828131],[4.430395,43.827966],[4.430583,43.827928],[4.430685,43.828083],[4.430465,43.828131]]]},"properties":{"cle":"osm_point:n1890287031","nom":null,"source":"osm_point","file":"inventaire"}},{"type":"Feature","geometry":{"type":"Polygon","coordinates":[[[4.195281,43.565144],[4.194798,43.564724],[4.194793,43.56453],[4.194819,43.56444],[4.195345,43.564028],[4.196032,43.564312],[4.195908,43.564471],[4.196075,43.564545],[4.195281,43.565144]]]},"properties":{"cle":"manuel:20260929080543","nom":"Aire enherbée","source":"manuel","file":"inventaire"}},{"type":"Feature","geometry":{"type":"Polygon","coordinates":[[[4.190453,43.63041],[4.190445,43.629948],[4.19071,43.629952],[4.19071,43.630086],[4.190946,43.63042],[4.190453,43.63041]]]},"properties":{"cle":"manuel:20260930094131","nom":"","source":"manuel","file":"inventaire"}},{"type":"Feature","geometry":{"type":"Polygon","coordinates":[[[4.201118,43.568084],[4.200766,43.567423],[4.20084,43.567401],[4.201178,43.568067],[4.201118,43.568084]]]},"properties":{"cle":"vivier:30003:020","nom":"30003:020","source":"vivier","file":"vivier"}},{"type":"Feature","geometry":{"type":"Polygon","coordinates":[[[4.198894,43.568861],[4.198813,43.568624],[4.198354,43.5687],[4.198354,43.568655],[4.198891,43.568558],[4.198987,43.568841],[4.198894,43.568861]]]},"properties":{"cle":"vivier:30003:016","nom":"30003:016","source":"vivier","file":"vivier"}},{"type":"Feature","geometry":{"type":"Polygon","coordinates":[[[4.177211,43.739948],[4.177189,43.739818],[4.177294,43.73978],[4.177288,43.739741],[4.177852,43.739648],[4.177905,43.739842],[4.177211,43.739948]]]},"properties":{"cle":"vivier:30004:002","nom":"30004:002","source":"vivier","file":"vivier"}},{"type":"Feature","geometry":{"type":"Polygon","coordinates":[[[4.182296400000001,43.73472970000002],[4.1825612,43.734852700000005],[4.182728999999999,43.73463499999999],[4.182728700000001,43.73461130000001],[4.1827198237613334,43.73460009453707],[4.18268649259501,43.734579478329046],[4.182494900000001,43.7344839],[4.182296400000001,43.73472970000002]]]},"properties":{"cle":"vivier:30004:020","nom":"30004:020","source":"vivier","file":"vivier"}},{"type":"Feature","geometry":{"type":"Polygon","coordinates":[[[4.18171173773475,43.73610041729913],[4.181662452142236,43.736169906507506],[4.181681648046462,43.73619072693773],[4.181709338185877,43.736215648060025],[4.182104648927579,43.736365988089204],[4.182181142982739,43.73639226911695],[4.182234655264064,43.73639472842841],[4.1822592368953595,43.736388376014055],[4.182256,43.73638640000001],[4.18229297226392,43.7363545114243],[4.182291513921327,43.736354124873706],[4.182289328404766,43.73635336288238],[4.182287255874141,43.73635244988844],[4.182285316113293,43.73635139460708],[4.182017476436973,43.73619027080507],[4.181993121984037,43.73621067687712],[4.181991394954523,43.73621198472141],[4.1819894954211785,43.736213160120144],[4.181987442611734,43.736214191175485],[4.181985257305439,43.73621506745075],[4.1819829616227295,43.736215780075966],[4.181980578801308,43.73621632183769],[4.181978132960931,43.736216687252025],[4.1819756488592565,43.73621687262011],[4.181973151641237,43.73621687606559],[4.1819706665845935,43.736216697553594],[4.181968218843947,43.73621633889106],[4.181965833196189,43.73621580370853],[4.181963533789688,43.73621509742327],[4.181961343899836,43.736214227184576],[4.181959285693467,43.73621320180133],[4.1819178529159045,43.73619025289882],[4.181917531573943,43.73619005548335],[4.181917172878302,43.73618986240643],[4.181904405327792,43.7361822640365],[4.181713013177601,43.73609953795042],[4.18171173773475,43.73610041729913]]]},"properties":{"cle":"vivier:30004:024","nom":"30004:024","source":"vivier","file":"vivier"}},{"type":"Feature","geometry":{"type":"MultiPolygon","coordinates":[[[[4.210565099999999,43.683991799999994],[4.2105894,43.68405010000001],[4.210631499999999,43.684099700000004],[4.2106862,43.684140700000015],[4.2108185,43.684192599999996],[4.21111195219981,43.68428049214566],[4.211170167590548,43.684293747060906],[4.211170656367656,43.684293877789834],[4.211171154488013,43.68429398839691],[4.211329518545108,43.68433542155824],[4.211331669343161,43.68433606859057],[4.211446444296699,43.684375274890776],[4.211447567130074,43.684373574547905],[4.211457397006603,43.684361895541706],[4.211468806009648,43.684350998936054],[4.211481676847313,43.68434099675423],[4.211495877199414,43.68433199182429],[4.211511261077822,43.68432407672188],[4.211527670327304,43.68431733281865],[4.21154493625143,43.6843118294456],[4.2115628813468575,43.68430762318039],[4.211581321128127,43.6843047572657],[4.211600066024244,43.68430326116467],[4.211618923327533,43.68430315025806],[4.211637699174737,43.68430442568601],[4.2116562005399985,43.68430707433644],[4.211733200375112,43.68432107430322],[4.211734918572423,43.68432139302752],[4.211845918336624,43.68434239297782],[4.2118636031796965,43.684346431750825],[4.211880646082619,43.684351728195786],[4.211890041487401,43.68435549147665],[4.211930299999999,43.684269300000025],[4.2109095,43.6840286],[4.210752200000001,43.68391340000001],[4.210588500951216,43.683850505110826],[4.210578780393987,43.683849924620596],[4.2105539,43.68387280000002],[4.210565099999999,43.683991799999994]]],[[[4.2107529,43.6842504],[4.210687363000105,43.684321584768036],[4.21068900486964,43.6843223421552],[4.210690885598871,43.6843234067809],[4.210692616686467,43.6843245976081],[4.210694182117267,43.6843259036199],[4.210695567408681,43.68432731273372],[4.21069602092255,43.6843278829578],[4.2107496501391415,43.68427811481456],[4.210751258365729,43.68427676587543],[4.21075304270527,43.68427553910018],[4.210754985627927,43.68427444654095],[4.210757068045908,43.68427349893138],[4.210759269500981,43.68427270558097],[4.210761568365469,43.684272074283825],[4.2107639420547205,43.684271611241996],[4.210766367248986,43.684271321004516],[4.2107688201225235,43.68427120642275],[4.210771276577656,43.68427126862239],[4.210773712481527,43.68427150699233],[4.210776103903175,43.68427191919081],[4.2107784273486475,43.68427250116828],[4.210780659991801,43.68427324720721],[4.21078277989856,43.68427414997835],[4.210784766242395,43.6842752006126],[4.210790188601395,43.684278378850415],[4.210790567238806,43.68427826285203],[4.210792905457853,43.68427773665731],[4.210795303775205,43.684277380334024],[4.210797738818346,43.68427719735472],[4.210800186856857,43.68427718950257],[4.210802624033673,43.684277356854096],[4.21080502659758,43.6842776977784],[4.2108073711346785,43.684278208953046],[4.210809634796562,43.68427888539646],[4.210811795522984,43.68427972051641],[4.210813832256833,43.68428070617436],[4.210856478844008,43.684303629501976],[4.21085835026122,43.68430474198305],[4.21086006340814,43.68430598149803],[4.210861601981802,43.68430733625121],[4.2108629513405464,43.684308793350276],[4.210864098643347,43.684310338928896],[4.210865032972018,43.68431195827876],[4.210865745435119,43.684313635989554],[4.210866229252557,43.68431535609548],[4.210866479820119,43.68431710222739],[4.210866494753288,43.684318857768424],[4.210866316073151,43.68432027223904],[4.21087193724275,43.684323345814384],[4.210873802526619,43.68432447372234],[4.210875506883069,43.684325728597095],[4.210877033974434,43.68432709840968],[4.2108783691622715,43.684328570029294],[4.210879499647692,43.68433012934923],[4.210880414594043,43.68433176142217],[4.21088110523079,43.68433345060331],[4.210881564937591,43.68433518070047],[4.210881789307753,43.68433693512923],[4.210881776190482,43.68433869707197],[4.210881525711496,43.68434044963897],[4.210881040271822,43.684342176030434],[4.210880324524782,43.684343859697464],[4.210879385331383,43.684345484500724],[4.2108782316945605,43.68434703486511],[4.2108768746728655,43.68434849592909],[4.2108234083401275,43.68440038646179],[4.210821862406431,43.68440174305281],[4.21082014122921,43.684402983541915],[4.210818261277844,43.68440409605928],[4.210816240540976,43.68440506995956],[4.210814098354385,43.68440589592384],[4.2108118552159635,43.6844065660487],[4.210809532589584,43.68440707392196],[4.210807152699713,43.68440741468394],[4.210804738318761,43.684407585074],[4.210802312549168,43.684407583461685],[4.210799898602348,43.684407409862466],[4.21079751957659,43.684407065937464],[4.210795198236033,43.68440655497755],[4.21079295679284,43.684405881871974],[4.210790816694662,43.68440505306147],[4.2107887984194114,43.684404076476625],[4.210698489057181,43.684355585804695],[4.210696575463451,43.684354446831684],[4.210694827838525,43.68435317511021],[4.210693263588979,43.68435178330681],[4.21069214267001,43.68435055341632],[4.210659054840281,43.6843869578808],[4.2106589280819815,43.68438708334544],[4.210658814777271,43.68438721708514],[4.210567881937291,43.68448358343968],[4.210563291485491,43.68448850123604],[4.2105844264923595,43.68450857857325],[4.2105861284430075,43.684509461035425],[4.21058791317945,43.68451058739733],[4.210589541930598,43.68451183202779],[4.210590999879774,43.68451318360448],[4.2105922737640835,43.68451462983213],[4.210593351995048,43.68451615755455],[4.210594224764043,43.68451775287409],[4.210594310972475,43.68451796839327],[4.210629088970347,43.68455100592578],[4.210630139975662,43.68455020584687],[4.210631938431652,43.68454907640079],[4.210633877710961,43.68454807717904],[4.210635939975393,43.68454721737282],[4.210638106255493,43.684546504890925],[4.210640356625036,43.68454594628704],[4.210642670384314,43.68454554669938],[4.210645026250543,43.684545309803504],[4.210647402553616,43.684545237778494],[4.210649777435447,43.68454533128681],[4.210652129051026,43.68454558946836],[4.210654435769349,43.68454600994829],[4.210656676372392,43.684546588858886],[4.210658830250283,43.68454732087511],[4.210660877590878,43.68454819926362],[4.210662799561995,43.68454921594468],[4.210664322747036,43.6845501968721],[4.2106786908525144,43.68453944516466],[4.210722411942413,43.68450581885422],[4.2107707946294175,43.68446780128774],[4.210807034912791,43.68443705734756],[4.210807050618134,43.684437045310446],[4.2108070653616085,43.68443703156598],[4.210844832956335,43.68440511401695],[4.210846476976203,43.68440385315139],[4.210848280740074,43.68440271309663],[4.210850227466042,43.68440170445958],[4.210852299042115,43.684400836624384],[4.210854476194717,43.68440011766523],[4.2108567386680145,43.684399554271195],[4.210859065412365,43.684399151683984],[4.2108614347801625,43.68439891364918],[4.210863824727239,43.68439884238144],[4.210866213017965,43.68439893854381],[4.2108685774321195,43.68439920124163],[4.210870895971624,43.68439962803078],[4.210873147065203,43.68440021494053],[4.210879239756094,43.684402048738825],[4.2109841,43.6843117],[4.2107529,43.6842504]]],[[[4.210847599999999,43.68316529999999],[4.210847799999999,43.68306040000001],[4.2108312,43.68286199999998],[4.2107977,43.6827858],[4.2107754,43.6827638],[4.2107121,43.68275089999999],[4.210417405997294,43.68272721268028],[4.2104157703172636,43.682737103670064],[4.210400349494994,43.68285177293651],[4.2104273999999995,43.6828537],[4.2105039,43.68287249999998],[4.210565599999999,43.68291349999999],[4.210590099999999,43.68295020000001],[4.210594199999999,43.682974299999984],[4.2105711160704615,43.68371920184951],[4.210571519112958,43.68371903669037],[4.21057376316135,43.68371831898644],[4.210576093916903,43.68371776564185],[4.210578488586256,43.68371738206795],[4.210580923751008,43.683717172015854],[4.210583375596748,43.68371713753977],[4.210610669325447,43.683717733763494],[4.210613078433645,43.68371787188178],[4.21061545757741,43.68371817951818],[4.210617784162513,43.68371865375115],[4.210620036093852,43.683719290077],[4.210622191985302,43.68372008245269],[4.210624231362804,43.68372102335318],[4.210626134858802,43.68372210384291],[4.21062788439618,43.68372331366072],[4.210629463359932,43.68372464131722],[4.210630856754947,43.68372607420391],[4.210632051348427,43.68372759871297],[4.210633035795542,43.68372920036646],[4.210633800747178,43.68373086395376],[4.210634338938727,43.68373257367616],[4.210634645259072,43.68373431329675],[4.210634716799126,43.68373606629472],[4.210634028305675,43.683762171652326],[4.2106338686002225,43.683763895108385],[4.2106334819465525,43.68376559951379],[4.210632871906823,43.6837672691661],[4.210632044101219,43.68376888868311],[4.210631006156171,43.68377044314439],[4.210629767634091,43.68377191822897],[4.210628339945285,43.683773300347106],[4.210626736242822,43.68377457676553],[4.210624971301363,43.68377573572482],[4.210623061381041,43.683776766547645],[4.210621024077666,43.68377765973715],[4.210618878160605,43.68377840706459],[4.210616643399877,43.68377900164486],[4.210614340383998,43.683779438000236],[4.21061199033032,43.68377971211062],[4.21060961488954,43.68377982145066],[4.2105823401396885,43.68378012493572],[4.210579856489736,43.68378006219079],[4.210577393965318,43.683779819358314],[4.210574977297871,43.68377939887706],[4.2105726307582945,43.68377880497],[4.210570377913171,43.68377804360181],[4.210569306895574,43.68377758182255],[4.210568203757303,43.68381317875644],[4.210729756742357,43.68382282625172],[4.210776300000001,43.68380510000001],[4.210847599999999,43.68316529999999]]],[[[4.209631954984078,43.68266684175064],[4.2096343765206585,43.68266712859038],[4.2096367471446205,43.68266758769433],[4.209639043647755,43.68266821456794],[4.2096412435474875,43.68266900307414],[4.209643325306979,43.68266994549355],[4.2096452685459775,43.682671032599956],[4.209647054240322,43.682672253750674],[4.209648664908202,43.68267359699073],[4.209650084781302,43.68267504916995],[4.209651299959159,43.68267659607155],[4.209652298545267,43.682678222551566],[4.209653070763527,43.68267991268683],[4.209653609053963,43.682681649931084],[4.209653908146734,43.682683417276834],[4.20965396511372,43.68268519742188],[4.209653779397199,43.682686972938775],[4.209637196607969,43.68278254881093],[4.209636778536891,43.68278427513577],[4.209636131039222,43.68278596375692],[4.209635260257215,43.682787598655814],[4.209634174451245,43.68278916432354],[4.209632883921443,43.68279064590786],[4.209631400909987,43.682792029354225],[4.209629739484978,43.682793301538986],[4.209627915406982,43.68279445039402],[4.209625945979518,43.68279546502104],[4.209623849884925,43.68279633579511],[4.209623556027755,43.682796431662275],[4.21038184015277,43.68285045433694],[4.210397270002191,43.682735718220094],[4.210397285036953,43.682735644211384],[4.21039729228328,43.68273556958773],[4.210398920001851,43.682725726760275],[4.209376335147263,43.6826435255119],[4.209375913127422,43.682645885745],[4.209631954984078,43.68266684175064]]]]},"properties":{"cle":"vivier:30006:008","nom":"30006:008","source":"vivier","file":"vivier"}},{"type":"Feature","geometry":{"type":"Polygon","coordinates":[[[4.211227899999999,43.6853044],[4.210727900000001,43.686191900000004],[4.210730996109157,43.68622292560294],[4.210745494933016,43.68622512760242],[4.2107600446184685,43.686228254412136],[4.210861044419501,43.68625325435428],[4.210877734362386,43.686258049669064],[4.210893709576291,43.68626399018863],[4.210908821262578,43.686271020581025],[4.210922928665638,43.68627907536282],[4.210929864531957,43.68628388980305],[4.211066300000001,43.68610680000001],[4.211121030207427,43.68602267387385],[4.211227423184521,43.685828276181795],[4.211429736754372,43.68538023116685],[4.21144498058602,43.685345843503775],[4.211438893970828,43.68534443282022],[4.21138307530765,43.68532929555073],[4.211357297983288,43.68532307343541],[4.211341297753742,43.685318607084234],[4.211325932170771,43.685313090611196],[4.211311331775271,43.685306570882496],[4.211297620607231,43.68529910328771],[4.211289250974507,43.68529360145238],[4.211266999999999,43.685294900000024],[4.211227899999999,43.6853044]]]},"properties":{"cle":"vivier:30006:014","nom":"30006:014","source":"vivier","file":"vivier"}},{"type":"Feature","geometry":{"type":"Polygon","coordinates":[[[4.207874113828196,43.68438783770281],[4.207800834015311,43.68437356241039],[4.2077445796133,43.68436311516522],[4.207669541354479,43.68473451466591],[4.2076834656027,43.6847362609676],[4.207740666525163,43.68474551405925],[4.207770658279297,43.68474770857603],[4.207788817424578,43.68474969862005],[4.207788963571208,43.684749725550105],[4.207874113828196,43.68438783770281]]]},"properties":{"cle":"vivier:30006:036","nom":"30006:036","source":"vivier","file":"vivier"}},{"type":"Feature","geometry":{"type":"Polygon","coordinates":[[[4.146678373217583,43.75226450910985],[4.146853107959032,43.75224537671079],[4.146942123770714,43.75214971462375],[4.1469355300068855,43.75198230560352],[4.1466981545090675,43.752030136799945],[4.146665185689926,43.75217363015987],[4.146678373217583,43.75226450910985]]]},"properties":{"cle":"vivier:30019:002","nom":"30019:002","source":"vivier","file":"vivier"}},{"type":"Feature","geometry":{"type":"Polygon","coordinates":[[[4.312723000000001,43.755190500000005],[4.312743199999999,43.7551795],[4.312807800000001,43.75524209999999],[4.312755999999999,43.755270100000004],[4.3126456,43.75516319999999],[4.3126121,43.755155899999984],[4.3125672999999995,43.755185499999996],[4.3124912,43.755278600000004],[4.3124899,43.755376399999996],[4.3125507999999995,43.755391499999995],[4.312541399999999,43.75541379999999],[4.3125807,43.755421600000005],[4.3125896,43.75540020000001],[4.312628200000001,43.75540989999999],[4.3128962,43.755237799999996],[4.3127086,43.755139500000006],[4.312697899999999,43.755165700000006],[4.312723000000001,43.755190500000005]]]},"properties":{"cle":"vivier:30020:009","nom":"30020:009","source":"vivier","file":"vivier"}},{"type":"Feature","geometry":{"type":"Polygon","coordinates":[[[4.313588,43.755851],[4.313535,43.755773],[4.313861,43.755639],[4.313896,43.755718],[4.313588,43.755851]]]},"properties":{"cle":"vivier:30020:003","nom":"30020:003","source":"vivier","file":"vivier"}},{"type":"Feature","geometry":{"type":"Polygon","coordinates":[[[4.327296,43.724151],[4.326701,43.724052],[4.327001,43.723509],[4.326907,43.723375],[4.326237,43.723177],[4.326398,43.722869],[4.326934,43.723367],[4.327186,43.723805],[4.327374,43.724069],[4.327366,43.724123],[4.327296,43.724151]]]},"properties":{"cle":"vivier:30033:001","nom":"30033:001","source":"vivier","file":"vivier"}},{"type":"Feature","geometry":{"type":"Polygon","coordinates":[[[4.32257,43.719618],[4.322184,43.719708],[4.321953,43.719706],[4.321916,43.719254],[4.322173,43.719262],[4.322208,43.719465],[4.322442,43.719452],[4.322584,43.719521],[4.32257,43.719618]]]},"properties":{"cle":"vivier:30033:008","nom":"30033:008","source":"vivier","file":"vivier"}},{"type":"Feature","geometry":{"type":"Polygon","coordinates":[[[4.327958822250366,43.722393264956125],[4.328044652938843,43.72246304820083],[4.328205585479736,43.72247855557752],[4.328291416168214,43.72244366397434],[4.3283236026763925,43.72230797421331],[4.328184127807616,43.722265328796375],[4.328007102012634,43.7222459445059],[4.327958822250366,43.722393264956125]]]},"properties":{"cle":"vivier:30033:012","nom":"30033:012","source":"vivier","file":"vivier"}},{"type":"Feature","geometry":{"type":"Polygon","coordinates":[[[4.3245550990104675,43.718617094848625],[4.324748218059541,43.71864811158889],[4.324796497821808,43.71857444680451],[4.324796497821808,43.71847751931865],[4.32473748922348,43.71840773143172],[4.324635565280913,43.71840385432449],[4.324608743190766,43.71844262538533],[4.324549734592438,43.71845037959449],[4.3245550990104675,43.718617094848625]]]},"properties":{"cle":"vivier:30033:017","nom":"30033:017","source":"vivier","file":"vivier"}},{"type":"Feature","geometry":{"type":"Polygon","coordinates":[[[4.289259,43.766926],[4.2889,43.766801],[4.288766,43.766984],[4.289133,43.767092],[4.289259,43.766926]]]},"properties":{"cle":"vivier:30036:004","nom":"30036:004","source":"vivier","file":"vivier"}},{"type":"Feature","geometry":{"type":"Polygon","coordinates":[[[4.496469,43.881237],[4.496436,43.881328],[4.495432,43.88118],[4.495402,43.881089],[4.496469,43.881237]]]},"properties":{"cle":"vivier:30039:003","nom":"30039:003","source":"vivier","file":"vivier"}},{"type":"Feature","geometry":{"type":"Polygon","coordinates":[[[4.490403,43.882027],[4.490279,43.881995],[4.49033,43.881876],[4.490114,43.881781],[4.490156,43.881663],[4.490316,43.881695],[4.490295,43.881739],[4.490482,43.881787],[4.490452,43.881856],[4.490477,43.881865],[4.490403,43.882027]]]},"properties":{"cle":"vivier:30039:007","nom":"30039:007","source":"vivier","file":"vivier"}},{"type":"Feature","geometry":{"type":"Polygon","coordinates":[[[4.235879,43.770984],[4.235527,43.770752],[4.235052,43.771093],[4.235514,43.77112],[4.235879,43.770984]]]},"properties":{"cle":"vivier:30043:005","nom":"30043:005","source":"vivier","file":"vivier"}},{"type":"Feature","geometry":{"type":"Polygon","coordinates":[[[4.438774,43.7909],[4.43768,43.790446],[4.437905,43.790171],[4.439155,43.790714],[4.438951,43.790745],[4.438892,43.790828],[4.438774,43.7909]]]},"properties":{"cle":"vivier:30047:003","nom":"30047:003","source":"vivier","file":"vivier"}},{"type":"Feature","geometry":{"type":"Polygon","coordinates":[[[4.3817782,43.7927124],[4.3821197,43.79268160000001],[4.3822459,43.79267770000001],[4.382282399999999,43.792656599999994],[4.3823052,43.79261540000001],[4.3823032,43.792602999999986],[4.382285,43.792574],[4.3822092,43.792529599999995],[4.3816279,43.79229180000001],[4.3815865,43.79228839999999],[4.381481800000001,43.7923146],[4.381061000000001,43.79264450000001],[4.381045299999999,43.79267320000001],[4.3810465999999995,43.7926976],[4.381079499999999,43.7927222],[4.3811148,43.79273160000001],[4.3813833,43.79276070000001],[4.3817782,43.7927124]],[[4.381205779949198,43.792713454363415],[4.3812033756993864,43.792713833576265],[4.381200931458683,43.7927140386603],[4.3811984712004755,43.792714067604045],[4.381196019055246,43.792713920123596],[4.381193599073908,43.79271359766549],[4.381191234991904,43.7927131033924],[4.381188949996413,43.79271244215225],[4.381186766498917,43.79271162043052],[4.381184705915395,43.79271064628676],[4.381182788456267,43.79270952927549],[4.381134829016325,43.79267863644191],[4.381134077273485,43.7926781007423],[4.381133320517574,43.79267757876907],[4.3811193969364295,43.7926669550082],[4.381117793683615,43.79266560360383],[4.381116382767653,43.79266414398078],[4.3811151780187005,43.79266259044663],[4.381114191246011,43.79266095822957],[4.381113432122177,43.79265926332901],[4.3811129080883084,43.79265752235881],[4.381112624281103,43.792655752384434],[4.381112583482492,43.79265397075563],[4.3811127860923715,43.79265219493638],[4.381113230124682,43.792650442333745],[4.381113911226884,43.792648730127205],[4.381114822722614,43.79264707510023],[4.381115955677135,43.79264549347581],[4.381117298984917,43.792644000757456],[4.3811188394784955,43.79264261157719],[4.381146864058054,43.79261975606313],[4.381147004706644,43.79261965229176],[4.381147141296569,43.79261953371593],[4.381177438860448,43.792595637763554],[4.381176190877604,43.79259419076246],[4.381175129459106,43.79259264925268],[4.381174276351313,43.792591041296085],[4.381173639369686,43.79258938162343],[4.381173224349716,43.79258768543928],[4.3811730350934575,43.79258596828272],[4.381173073334701,43.79258424588494],[4.3811733387230944,43.79258253402514],[4.381173828827342,43.79258084838596],[4.38117453915749,43.79257920440988],[4.381175463206057,43.79257761715766],[4.381176592507647,43.79257610117041],[4.38117791671651,43.79257467033633],[4.3811794237013135,43.79257333776359],[4.381231833414063,43.7925312728823],[4.3812335555215745,43.792530020275755],[4.381235438968214,43.792528896097714],[4.381237465581932,43.792527911194576],[4.381239615809358,43.792527075068946],[4.381241868904472,43.79252639578805],[4.381244203128754,43.79252587990573],[4.38124659596093,43.79252553239942],[4.38124902431426,43.79252535662194],[4.3812514647592895,43.792525354269245],[4.381253893749893,43.79252552536402],[4.38125628785047,43.79252586825553],[4.381258623962044,43.792526379635426],[4.3812608795451276,43.792527054569774],[4.381263032837198,43.792527886546615],[4.381265063062667,43.792528867538785],[4.3812669506333135,43.792529988081405],[4.381388145601695,43.79260945358405],[4.381389914995292,43.792610737028106],[4.381391497065556,43.79261214296545],[4.381392875743108,43.79261365711574],[4.381394037024458,43.792615264099474],[4.381394969114244,43.79261694759424],[4.381395662545043,43.792618690500454],[4.38139611027353,43.792620475115136],[4.381396307752021,43.7926222833116],[4.381396252974671,43.79262409672368],[4.381395946497836,43.792625896932215],[4.3813953914344355,43.792627665652155],[4.381394593422329,43.79262938491828],[4.381393560567052,43.79263103726768],[4.381392712778908,43.792632095074275],[4.381405638419179,43.79264113619888],[4.3814072842936875,43.792642404455485],[4.381408753336016,43.792643781955626],[4.381410031804527,43.792645255813945],[4.381411107740232,43.792646812243795],[4.38141197107866,43.79264843668608],[4.381412613744003,43.79265011394557],[4.381413029724661,43.792651828332914],[4.3814132151294665,43.79265356381151],[4.381413168224101,43.792655304147424],[4.381412889447297,43.79265703306132],[4.381412381406759,43.79265873438069],[4.381411648854746,43.79266039219112],[4.381410698643641,43.79266199098521],[4.381409539661841,43.79266351580763],[4.381408182750619,43.792664952394944],[4.3814066406027035,43.792666287309096],[4.381354209163903,43.792707452537336],[4.381352478643145,43.792708684636715],[4.381350590459297,43.79270978858005],[4.381348562621891,43.79271075383792],[4.3813464144724845,43.79271157120369],[4.38134416650017,43.79271223288126],[4.381341840146162,43.792712732559565],[4.381339457599277,43.79271306547266],[4.381337041584309,43.7927132284452],[4.381334615145263,43.79271321992275],[4.38133220142558,43.792713039986594],[4.381329823447374,43.792712690353],[4.38132750389186,43.792712174356744],[4.381325264883015,43.79271149691942],[4.381323127776555,43.79271066450245],[4.381321112956246,43.792709685045445],[4.381319239639484,43.79270856789049],[4.3813163739847525,43.79270668154357],[4.381305037062301,43.792715927427736],[4.381303278520541,43.79271722345973],[4.381301348518887,43.792718384424695],[4.381299266734459,43.79271939848611],[4.38129705439186,43.79272025530524],[4.3812947340468,43.79272094614646],[4.3812923293561115,43.792721463966366],[4.3812898648365675,43.792721803485605],[4.381287365614925,43.79272196124263],[4.381284857171739,43.792721935629004],[4.381282365081588,43.792721726905945],[4.381248720312169,43.79271765319541],[4.381246445047408,43.7927172976309],[4.381244225701659,43.792716789389914],[4.381242081753368,43.792716132933144],[4.381240032019254,43.79271533402207],[4.38123809448914,43.79271439966848],[4.381236286168069,43.79271333807287],[4.3812223091970175,43.792704315039394],[4.381218101101375,43.79270784426348],[4.3812164024862765,43.792709133822825],[4.381214536112156,43.79271029534906],[4.38121252028461,43.792711317449786],[4.381210374775088,43.792712190100175],[4.381208120626972,43.79271290474114],[4.381205779949198,43.792713454363415]]]},"properties":{"cle":"vivier:30060:006","nom":"30060:006","source":"vivier","file":"vivier"}},{"type":"Feature","geometry":{"type":"Polygon","coordinates":[[[4.379684411076769,43.79356525487396],[4.379684998703283,43.793564945646835],[4.379687074363804,43.793564062005885],[4.379689258347284,43.79356332803838],[4.379691530146477,43.79356275063619],[4.379693868429568,43.79356233522099],[4.379696251240467,43.79356208569346],[4.379698656204974,43.79356200439665],[4.379701060740879,43.793562092093886],[4.37970344226999,43.79356234796174],[4.379705778430147,43.79356276959764],[4.379708047285196,43.79356335304247],[4.3797102275309605,43.79356409281784],[4.3799171490688265,43.79364337484443],[4.379919289145402,43.793644297069285],[4.379921291035124,43.793645369835396],[4.379923134629337,43.79364658236702],[4.3799248014094285,43.79364792248447],[4.379926274632854,43.793649376726464],[4.37992753950131,43.793650930485406],[4.379928583309381,43.793652568154016],[4.379929395572165,43.79365427328219],[4.3799299681305905,43.79365602874221],[4.379930295233378,43.79365781690074],[4.379930373594811,43.79365961979601],[4.379930226410538,43.793661167181035],[4.3799421,43.79366580000001],[4.380071,43.79351330000002],[4.380066300000001,43.79350350000001],[4.379990600113832,43.79347979369072],[4.379989900371471,43.793480837264305],[4.379988623594128,43.79348234428004],[4.379987148831321,43.793483753268625],[4.379985490317743,43.79348505063022],[4.379983664061696,43.793486223842415],[4.379981687690561,43.79348726158116],[4.379979580280673,43.79348815382994],[4.379977362173177,43.79348889197662],[4.379975054777697,43.79348946889646],[4.379972680365689,43.79348987902087],[4.379970261855464,43.7934901183913],[4.37996782259098,43.79349018469726],[4.379965386116525,43.79349007729878],[4.379962975949448,43.793489797232425],[4.3799606153531805,43.79348934720154],[4.379958327112682,43.79348873154988],[4.379871949567162,43.79346192459789],[4.379869723461345,43.7934611363644],[4.379867616811402,43.79346019143488],[4.379865650569687,43.79345909920745],[4.379863844292077,43.79345787054523],[4.379862215943471,43.793456517668226],[4.379860781719118,43.79345505403193],[4.3798595558835345,43.79345349419342],[4.37985855062864,43.79345185366652],[4.379857775952496,43.79345014876764],[4.379857239559867,43.793448396453414],[4.379856946785592,43.79344661415198],[4.379856900541529,43.7934448195898],[4.379857101287586,43.793443030615265],[4.37985754702716,43.793441265021166],[4.3798582333269875,43.79343954036778],[4.3798587977060075,43.79343851804574],[4.379780867747439,43.793414113159194],[4.379780360245664,43.793414907610256],[4.379779245104235,43.79341645226405],[4.379777928906373,43.79341791152891],[4.379776423998663,43.793419271716154],[4.379774744497893,43.79342052006656],[4.379772906158618,43.79342164486996],[4.379770926225391,43.7934226355751],[4.379768823270987,43.79342348288868],[4.379766617022179,43.793424178862495],[4.379764328174709,43.793424716967905],[4.379761978199132,43.793425092157236],[4.379759589139416,43.79342530091103],[4.379757183406158,43.79342534127104],[4.37975478356637,43.79342521285869],[4.379752412131772,43.79342491687856],[4.3797500913476295,43.79342445610705],[4.379747842984085,43.79342383486648],[4.3795950920789615,43.793375367470254],[4.379594476530583,43.793375144841455],[4.3795899591575465,43.79338190389485],[4.379591519375571,43.793382513859505],[4.379593527408789,43.79338349275556],[4.379595394422779,43.79338460853941],[4.379597102699134,43.79338585062198],[4.379598636025909,43.79338720721565],[4.379599979851464,43.793388665445995],[4.379601121422568,43.79339021147411],[4.379602049905428,43.793391830627826],[4.379602756488506,43.793393507540976],[4.379603234466143,43.79339522629924],[4.379603479302199,43.79339697059123],[4.379603488673098,43.79339872386321],[4.379603262489891,43.793400469476204],[4.3796028028990825,43.79340219086392],[4.379602114262285,43.79340387168998],[4.379601203114804,43.79340549600293],[4.379580847132042,43.79343725421821],[4.379579680897058,43.793438857129075],[4.379578298079097,43.79344036697544],[4.379576712693601,43.79344176845439],[4.379574940809126,43.79344304736132],[4.37957300038448,43.79344419073394],[4.379570911086703,43.79344518698369],[4.379568694091733,43.79344602601313],[4.379566371869777,43.79344669931834],[4.379563967957567,43.79344720007507],[4.379561506719799,43.793447523207924],[4.3795590131022,43.793447665441825],[4.379556512378672,43.79344762533514],[4.379554029895144,43.7934474032944],[4.379551590812673,43.79344700157009],[4.379549219852426,43.79344642423382],[4.37954726553351,43.79344578351923],[4.3795123,43.793498099999994],[4.379684411076769,43.79356525487396]]]},"properties":{"cle":"vivier:30060:013","nom":"30060:013","source":"vivier","file":"vivier"}},{"type":"Feature","geometry":{"type":"Polygon","coordinates":[[[4.263425208628177,43.82900895179799],[4.2636520229279995,43.829109101611586],[4.263859475031495,43.82915917645537],[4.263873305171729,43.82896889182548],[4.263845644891262,43.828848711746694],[4.263541381806136,43.828824675701874],[4.263452868908644,43.82891280781881],[4.263425208628177,43.82900895179799]]]},"properties":{"cle":"vivier:30075:008","nom":"30075:008","source":"vivier","file":"vivier"}},{"type":"Feature","geometry":{"type":"Polygon","coordinates":[[[4.222508,43.827824],[4.223097,43.827923],[4.223177,43.827669],[4.222559,43.827554],[4.222508,43.827824]]]},"properties":{"cle":"vivier:30082:006","nom":"30082:006","source":"vivier","file":"vivier"}},{"type":"Feature","geometry":{"type":"Polygon","coordinates":[[[4.42717,43.775702],[4.427188,43.775619],[4.427698,43.775704],[4.427646,43.775833],[4.427217,43.775743],[4.42717,43.775702]]]},"properties":{"cle":"vivier:30125:018","nom":"30125:018","source":"vivier","file":"vivier"}},{"type":"Feature","geometry":{"type":"Polygon","coordinates":[[[4.344277,43.730159],[4.344133,43.730151],[4.344135,43.73007],[4.343907,43.730054],[4.343787,43.730793],[4.3442,43.73082],[4.344277,43.730159]]]},"properties":{"cle":"vivier:30128:005","nom":"30128:005","source":"vivier","file":"vivier"}},{"type":"Feature","geometry":{"type":"Polygon","coordinates":[[[4.341045,43.72776],[4.340536,43.727707],[4.340619,43.727254],[4.341053,43.727299],[4.340993,43.727524],[4.341098,43.727551],[4.341112,43.727604],[4.341162,43.72761],[4.341143,43.727709],[4.341061,43.727705],[4.341045,43.72776]]]},"properties":{"cle":"vivier:30128:013","nom":"30128:013","source":"vivier","file":"vivier"}},{"type":"Feature","geometry":{"type":"Polygon","coordinates":[[[4.247538,43.805938],[4.247239,43.805888],[4.247283,43.805722],[4.247608,43.805761],[4.247538,43.805938]]]},"properties":{"cle":"vivier:30138:014","nom":"30138:014","source":"vivier","file":"vivier"}},{"type":"Feature","geometry":{"type":"Polygon","coordinates":[[[4.510794,43.912839],[4.510708,43.912617],[4.511181,43.91258],[4.511266,43.912857],[4.510794,43.912839]]]},"properties":{"cle":"vivier:30145:001","nom":"30145:001","source":"vivier","file":"vivier"}},{"type":"Feature","geometry":{"type":"Polygon","coordinates":[[[4.457896,43.820679],[4.457896,43.820508],[4.459189,43.820443],[4.459186,43.820613],[4.457896,43.820679]]]},"properties":{"cle":"vivier:30155-30211:010","nom":"30155-30211:010","source":"vivier","file":"vivier"}},{"type":"Feature","geometry":{"type":"Polygon","coordinates":[[[4.472165,43.81685],[4.472181,43.816718],[4.472645,43.816748],[4.472575,43.816872],[4.472165,43.81685]]]},"properties":{"cle":"vivier:30155-30211:012","nom":"30155-30211:012","source":"vivier","file":"vivier"}},{"type":"Feature","geometry":{"type":"Polygon","coordinates":[[[4.444235,43.858166],[4.443439,43.858147],[4.443457,43.857382],[4.443688,43.857381],[4.443659,43.858098],[4.444184,43.858108],[4.444211,43.857615],[4.444734,43.857628],[4.444705,43.858154],[4.444632,43.858154],[4.444664,43.857684],[4.444292,43.857684],[4.444265,43.858152],[4.444235,43.858166]]]},"properties":{"cle":"vivier:30156:033","nom":"30156:033","source":"vivier","file":"vivier"}},{"type":"Feature","geometry":{"type":"MultiPolygon","coordinates":[[[[4.437889200000001,43.85222150000001],[4.437396450262387,43.85183332019954],[4.437289507282637,43.85175563498274],[4.4371049,43.85166200000001],[4.437045799999999,43.85165240000002],[4.4370012999999995,43.851658],[4.436949200000001,43.8516785],[4.436886999999999,43.85173480000001],[4.437680758578782,43.85219246364013],[4.437680953051775,43.85219230598688],[4.437683838837931,43.85218941330409],[4.4376853648892265,43.852188032037326],[4.437687070894587,43.852186765816725],[4.43768894038331,43.852185626867076],[4.437690955306341,43.8521846261844],[4.43769309621052,43.85218377342984],[4.437695342426411,43.85218307683633],[4.4376976722678405,43.85218254312915],[4.437700063241269,43.85218217746103],[4.43770249226296,43.85218198336227],[4.4377049358818415,43.852181962706865],[4.437707370505908,43.85218211569416],[4.43770977263,43.852182440847216],[4.437712119062724,43.85218293502677],[4.437714387150364,43.85218359346178],[4.4377165549955855,43.85218440979533],[4.437718601668842,43.85218537614615],[4.43772050741045,43.852186483184525],[4.437752112050391,43.85220676811172],[4.4377539015637355,43.852208038921574],[4.437755505179808,43.8522094336547],[4.437756906602051,43.85221093813733],[4.437758091588676,43.852212537080334],[4.437759048097389,43.85221421423466],[4.437759766407771,43.85221595255645],[4.437760239220061,43.85221773438018],[4.437760461729338,43.85221954159836],[4.4377604316743575,43.8522213558453],[4.437760149360526,43.85222315868398],[4.4377596176567975,43.85222493179326],[4.4377588419665255,43.852226657154105],[4.437757830172546,43.85222831723278],[4.437756592557078,43.8522298951589],[4.43775514169722,43.852231374897016],[4.437751035893263,43.85223514435399],[4.437887999999999,43.85231370000002],[4.437889200000001,43.85222150000001]]],[[[4.4368377618458545,43.851659330535135],[4.436848906906852,43.85164645780125],[4.4368227,43.8516308],[4.436915,43.851543500000005],[4.4367915,43.85147540000001],[4.436774773009015,43.851470362347804],[4.436656423148513,43.8514526811129],[4.436636267923718,43.85145167187674],[4.4365068999999995,43.8514693],[4.4368377618458545,43.851659330535135]]]]},"properties":{"cle":"vivier:30156:025","nom":"30156:025","source":"vivier","file":"vivier"}},{"type":"Feature","geometry":{"type":"Polygon","coordinates":[[[4.446975742466748,43.8629048312876],[4.447122865822166,43.86291243835556],[4.447368071414529,43.862772975289126],[4.44734004791826,43.86273240415399],[4.4470107718370855,43.86273240415399],[4.446975742466748,43.8629048312876]]]},"properties":{"cle":"vivier:30156:020","nom":"30156:020","source":"vivier","file":"vivier"}},{"type":"Feature","geometry":{"type":"Polygon","coordinates":[[[4.45715,43.866708],[4.457206,43.866713],[4.457345,43.866269],[4.457198,43.866244],[4.457161,43.866409],[4.457188,43.866499],[4.45715,43.866708]]]},"properties":{"cle":"vivier:30156:053","nom":"30156:053","source":"vivier","file":"vivier"}},{"type":"Feature","geometry":{"type":"Polygon","coordinates":[[[4.302955,43.786758],[4.302067,43.786223],[4.302188,43.786117],[4.302835,43.786477],[4.302939,43.786497],[4.30299,43.786473],[4.303175,43.786621],[4.302955,43.786758]]]},"properties":{"cle":"vivier:30169:017","nom":"30169:017","source":"vivier","file":"vivier"}},{"type":"Feature","geometry":{"type":"Polygon","coordinates":[[[4.200885,43.742177],[4.200708,43.742183],[4.200708,43.741932],[4.20085,43.741928],[4.200885,43.742177]]]},"properties":{"cle":"vivier:30185:004","nom":"30185:004","source":"vivier","file":"vivier"}},{"type":"Feature","geometry":{"type":"Polygon","coordinates":[[[4.3274713307619095,43.83043588559912],[4.327795710414648,43.83056139863243],[4.327908866107464,43.830348572028946],[4.328180439770222,43.82996657365767],[4.328210614621638,43.82958457284146],[4.328097458928823,43.82938811432684],[4.328022021800279,43.8294263146442],[4.327848516404629,43.829802859321525],[4.327727816998959,43.82991200226218],[4.327463787049056,43.830321286512095],[4.3274713307619095,43.83043588559912]]]},"properties":{"cle":"vivier:30189:141","nom":"30189:141","source":"vivier","file":"vivier"}},{"type":"Feature","geometry":{"type":"Polygon","coordinates":[[[4.334662,43.825573],[4.334774,43.825395],[4.334383,43.82529],[4.334208,43.825252],[4.334042,43.825314],[4.333935,43.825437],[4.334066,43.82548],[4.333908,43.825724],[4.334506,43.825881],[4.334662,43.825573]]]},"properties":{"cle":"vivier:30189:112","nom":"30189:112","source":"vivier","file":"vivier"}},{"type":"Feature","geometry":{"type":"Polygon","coordinates":[[[4.333597,43.824623],[4.333372,43.824576],[4.333887,43.823918],[4.333441,43.823786],[4.333511,43.823647],[4.333779,43.823701],[4.333972,43.823527],[4.334246,43.823655],[4.333597,43.824623]]]},"properties":{"cle":"vivier:30189:170","nom":"30189:170","source":"vivier","file":"vivier"}},{"type":"Feature","geometry":{"type":"Polygon","coordinates":[[[4.328686,43.830471],[4.328436,43.83006],[4.328385,43.829764],[4.328595,43.829683],[4.328766,43.829716],[4.328798,43.830349],[4.329182,43.830472],[4.329265,43.830333],[4.329367,43.830337],[4.329134,43.829878],[4.329163,43.829865],[4.329254,43.829981],[4.329431,43.830362],[4.329337,43.830517],[4.329198,43.830501],[4.328989,43.830432],[4.32886,43.830625],[4.328833,43.830621],[4.328817,43.830511],[4.328718,43.830521],[4.328686,43.830471]]]},"properties":{"cle":"vivier:30189:226","nom":"30189:226","source":"vivier","file":"vivier"}},{"type":"Feature","geometry":{"type":"Polygon","coordinates":[[[4.331014,43.82189],[4.330389,43.821685],[4.331561,43.821102],[4.331014,43.82189]]]},"properties":{"cle":"vivier:30189:172","nom":"30189:172","source":"vivier","file":"vivier"}},{"type":"Feature","geometry":{"type":"Polygon","coordinates":[[[4.331062,43.831213],[4.33081,43.831161],[4.33089,43.830968],[4.330697,43.830908],[4.330432,43.830799],[4.33059,43.830524],[4.330652,43.83053],[4.330518,43.830788],[4.330695,43.830853],[4.330882,43.830526],[4.331188,43.830604],[4.331156,43.830673],[4.331215,43.830697],[4.331175,43.830766],[4.33133,43.830797],[4.331312,43.830851],[4.331161,43.830813],[4.331097,43.83082],[4.330901,43.831136],[4.331078,43.831173],[4.331202,43.830981],[4.331285,43.830997],[4.331132,43.831221],[4.331062,43.831213]]]},"properties":{"cle":"vivier:30189:253","nom":"30189:253","source":"vivier","file":"vivier"}},{"type":"Feature","geometry":{"type":"Polygon","coordinates":[[[4.328474,43.828466],[4.327948,43.828286],[4.327691,43.828706],[4.328055,43.828804],[4.328173,43.828578],[4.328385,43.828634],[4.328474,43.828466]]]},"properties":{"cle":"vivier:30189:144","nom":"30189:144","source":"vivier","file":"vivier"}},{"type":"Feature","geometry":{"type":"Polygon","coordinates":[[[4.331572,43.821817],[4.331199,43.821751],[4.331695,43.821056],[4.331808,43.8211],[4.33169,43.821306],[4.331765,43.821319],[4.331607,43.821552],[4.331727,43.821586],[4.331572,43.821817]]]},"properties":{"cle":"vivier:30189:475","nom":"30189:475","source":"vivier","file":"vivier"}},{"type":"Feature","geometry":{"type":"Polygon","coordinates":[[[4.390886127948762,43.84400457899321],[4.391368925571442,43.84439147481912],[4.391610324382782,43.844265733950905],[4.391435980796814,43.844110975595484],[4.391328692436217,43.84405294110867],[4.391315281391144,43.84392719952693],[4.391060471534728,43.84387883730953],[4.390886127948762,43.84395621683852],[4.390886127948762,43.84400457899321]]]},"properties":{"cle":"vivier:30189:312","nom":"30189:312","source":"vivier","file":"vivier"}},{"type":"Feature","geometry":{"type":"Polygon","coordinates":[[[4.387614,43.844766],[4.387313,43.844675],[4.38756,43.844131],[4.387769,43.844174],[4.387641,43.844487],[4.387791,43.844526],[4.387614,43.844766]]]},"properties":{"cle":"vivier:30189:249","nom":"30189:249","source":"vivier","file":"vivier"}},{"type":"Feature","geometry":{"type":"Polygon","coordinates":[[[4.319786699999999,43.804390500000004],[4.319696977464659,43.80444130562407],[4.319757852855475,43.80450331974872],[4.31975832580729,43.80450381138352],[4.320234764565151,43.80500924890294],[4.32023548195063,43.80501003494094],[4.320558578256955,43.805375827542825],[4.320551461754075,43.8053218244447],[4.320550619975187,43.80530849718033],[4.320551598869955,43.80529517482948],[4.320554388874681,43.80528198753296],[4.320558962733689,43.8052690641121],[4.32056527576562,43.80525653081062],[4.320573266299961,43.80524451006109],[4.320582856279511,43.805233119289156],[4.32059395202292,43.80522246976639],[4.320606445139855,43.805212665523406],[4.320620213589832,43.80520380233351],[4.320635122874383,43.80519596677728],[4.32063663179541,43.80519525344801],[4.319786699999999,43.804390500000004]]]},"properties":{"cle":"vivier:30189:324","nom":"30189:324","source":"vivier","file":"vivier"}},{"type":"Feature","geometry":{"type":"Polygon","coordinates":[[[4.338196814060211,43.82168998699302],[4.338304102420806,43.82179642338555],[4.338934421539307,43.821457761477895],[4.338921010494231,43.82135132448159],[4.338800311088563,43.82134164838158],[4.338196814060211,43.82168998699302]]]},"properties":{"cle":"vivier:30189:378","nom":"30189:378","source":"vivier","file":"vivier"}},{"type":"Feature","geometry":{"type":"Polygon","coordinates":[[[4.355974,43.813801],[4.355291,43.813708],[4.355344,43.813502],[4.355612,43.813533],[4.355586,43.813646],[4.356025,43.81371],[4.355974,43.813801]]]},"properties":{"cle":"vivier:30189:509","nom":"30189:509","source":"vivier","file":"vivier"}},{"type":"Feature","geometry":{"type":"Polygon","coordinates":[[[4.377853,43.846588],[4.37733,43.846735],[4.377328,43.846874],[4.377802,43.846822],[4.377877,43.846735],[4.377853,43.846588]]]},"properties":{"cle":"vivier:30189:314","nom":"30189:314","source":"vivier","file":"vivier"}},{"type":"Feature","geometry":{"type":"Polygon","coordinates":[[[4.337942,43.820821],[4.338248,43.820653],[4.338037,43.82046],[4.337729,43.820615],[4.337942,43.820821]]]},"properties":{"cle":"vivier:30189:433","nom":"30189:433","source":"vivier","file":"vivier"}},{"type":"Feature","geometry":{"type":"Polygon","coordinates":[[[4.340815,43.825255],[4.340326,43.825023],[4.340391,43.824893],[4.340624,43.824952],[4.34097,43.825238],[4.340815,43.825255]]]},"properties":{"cle":"vivier:30189:168","nom":"30189:168","source":"vivier","file":"vivier"}},{"type":"Feature","geometry":{"type":"Polygon","coordinates":[[[4.353319,43.814474],[4.352697,43.814399],[4.352697,43.81453],[4.353316,43.814625],[4.353319,43.814474]]]},"properties":{"cle":"vivier:30189:387","nom":"30189:387","source":"vivier","file":"vivier"}},{"type":"Feature","geometry":{"type":"Polygon","coordinates":[[[4.397878646850586,43.851401592517476],[4.398307800292969,43.851575674360184],[4.398374855518342,43.85136290759453],[4.397985935211182,43.85125652392706],[4.397878646850586,43.851401592517476]]]},"properties":{"cle":"vivier:30189:417","nom":"30189:417","source":"vivier","file":"vivier"}},{"type":"Feature","geometry":{"type":"Polygon","coordinates":[[[4.339369,43.841525],[4.339203,43.841475],[4.339246,43.841405],[4.340284,43.841889],[4.340227,43.841943],[4.339659,43.841686],[4.339369,43.841525]]]},"properties":{"cle":"vivier:30189:307","nom":"30189:307","source":"vivier","file":"vivier"}},{"type":"Feature","geometry":{"type":"Polygon","coordinates":[[[4.358056,43.842673],[4.358311,43.842119],[4.35826,43.842092],[4.358021,43.842642],[4.358056,43.842673]]]},"properties":{"cle":"vivier:30189:381","nom":"30189:381","source":"vivier","file":"vivier"}},{"type":"Feature","geometry":{"type":"Polygon","coordinates":[[[4.415206,43.900825],[4.414862,43.900798],[4.414659,43.900814],[4.414854,43.900533],[4.415302,43.900543],[4.415206,43.900825]]]},"properties":{"cle":"vivier:30206:006","nom":"30206:006","source":"vivier","file":"vivier"}},{"type":"Feature","geometry":{"type":"Polygon","coordinates":[[[4.41844,43.911429],[4.417561,43.91167],[4.417539,43.91162],[4.418424,43.91138],[4.41844,43.911429]]]},"properties":{"cle":"vivier:30206:008","nom":"30206:008","source":"vivier","file":"vivier"}},{"type":"Feature","geometry":{"type":"Polygon","coordinates":[[[4.428088700000001,43.82747930000001],[4.4280016,43.82745439999999],[4.4280149,43.82778570000001],[4.428225340597752,43.82776957430782],[4.4282252216681,43.827768315498076],[4.428223962679877,43.82771792944246],[4.428224044963993,43.82771610514394],[4.428224382053193,43.82771429626051],[4.428224970480465,43.82771252139669],[4.428225804193761,43.827710798807075],[4.428226874618249,43.82770914620867],[4.428228170744506,43.82770758059858],[4.4282296792417535,43.8277061180792],[4.42823138459496,43.827704773692716],[4.428233269264421,43.82770356126619],[4.428235313866151,43.82770249326956],[4.428237497371256,43.827701580687226],[4.428239797322214,43.827700832905194],[4.428242190063846,43.82770025761445],[4.428244650986618,43.82769986073189],[4.42824819842703,43.82769942395732],[4.428243299999999,43.827490600000004],[4.428088700000001,43.82747930000001]]]},"properties":{"cle":"vivier:30356:011","nom":"30356:011","source":"vivier","file":"vivier"}},{"type":"Feature","geometry":{"type":"Polygon","coordinates":[[[4.431979999999999,43.826374],[4.432000000000001,43.82634579999999],[4.431874602413515,43.82608102110554],[4.431838537751387,43.82614076218732],[4.431837460030484,43.82614233384593],[4.431836176037576,43.826143822057375],[4.4318346979769,43.82614521267629],[4.431833039897294,43.82614649248499],[4.4318312175586625,43.82614764931895],[4.431829248282186,43.82614867218257],[4.431827150785678,43.826149551353616],[4.431824945005679,43.82615027847565],[4.431822651907956,43.82615084663739],[4.431820293288227,43.82615125043855],[4.431817891564993,43.82615148604098],[4.431815469566455,43.82615155120533],[4.431813050313527,43.82615144531222],[4.431810656801025,43.82615116936813],[4.431808311779107,43.82615072599592],[4.431806037537025,43.82615011940978],[4.431759055652146,43.8261356685272],[4.431738840211915,43.82617139110028],[4.431737769943221,43.82617303930195],[4.431736475074951,43.82617460075686],[4.431734968866362,43.826176059475905],[4.43173326674081,43.82617740052201],[4.4317313861278205,43.82617861016305],[4.431729346284607,43.826179676012444],[4.431727168098885,43.82618058715606],[4.4317248738749795,43.82618133426389],[4.4317224871054375,43.826181909685644],[4.431720032230461,43.826182307529095],[4.431717534387646,43.82618252372039],[4.4317150191545736,43.82618255604571],[4.431712512286901,43.826182404174084],[4.431710039454623,43.82618206966066],[4.4317098011366856,43.82618201893258],[4.431709993496398,43.82618294240897],[4.431710121600943,43.826184665075004],[4.431710021300524,43.82618638870693],[4.431709693516663,43.826188097468226],[4.431709141260967,43.8261897756591],[4.431708369607453,43.82619140786062],[4.4316286948373795,43.826336787593256],[4.431700359025446,43.82630816274012],[4.431702572799275,43.82630737945793],[4.431735880340141,43.82629704168929],[4.431738165444337,43.826296426614626],[4.4317405227758,43.82629597653893],[4.431742929664045,43.82629569579058],[4.431745362961997,43.826295587069524],[4.431747799268603,43.826295651421354],[4.431750215153875,43.82629588822716],[4.4317525873842145,43.82629629520962],[4.431754893145852,43.82629686845474],[4.4317571102642495,43.82629760244967],[4.431759217417349,43.82629849013551],[4.431761194340624,43.82629952297541],[4.431763022021971,43.82630069103653],[4.431764682884545,43.826301983085614],[4.431766160955791,43.82630338669699],[4.431767442021065,43.826304888372114],[4.431768513760326,43.82630647366936],[4.4318295169684285,43.82640917797771],[4.431830365309127,43.826410823081446],[4.431830988170716,43.826412520207015],[4.431831379623917,43.82641425319886],[4.431831535942317,43.82641600555994],[4.431831480272625,43.82641722221734],[4.4319621,43.8263819],[4.431979999999999,43.826374]]]},"properties":{"cle":"vivier:30356:014","nom":"30356:014","source":"vivier","file":"vivier"}},{"type":"Feature","geometry":{"type":"Polygon","coordinates":[[[4.434805,43.680519],[4.434606,43.680215],[4.434086,43.680403],[4.434225,43.680704],[4.434805,43.680519]]]},"properties":{"cle":"vivier:30258:023","nom":"30258:023","source":"vivier","file":"vivier"}},{"type":"Feature","geometry":{"type":"Polygon","coordinates":[[[4.436384,43.683557],[4.436406,43.6834],[4.436653,43.683419],[4.436629,43.683679],[4.436806,43.683755],[4.436891,43.68295],[4.435478,43.682845],[4.435475,43.682804],[4.436969,43.682899],[4.436835,43.683813],[4.436789,43.683815],[4.436384,43.683557]]]},"properties":{"cle":"vivier:30258:021","nom":"30258:021","source":"vivier","file":"vivier"}},{"type":"Feature","geometry":{"type":"Polygon","coordinates":[[[4.432173,43.682242],[4.432612,43.68227],[4.432651,43.682052],[4.432244,43.682012],[4.432173,43.682242]]]},"properties":{"cle":"vivier:30258:050","nom":"30258:050","source":"vivier","file":"vivier"}},{"type":"Feature","geometry":{"type":"Polygon","coordinates":[[[4.451708,43.67126],[4.451493,43.670983],[4.451598,43.670905],[4.452006,43.671085],[4.451882,43.671215],[4.451708,43.67126]]]},"properties":{"cle":"vivier:30258:049","nom":"30258:049","source":"vivier","file":"vivier"}},{"type":"Feature","geometry":{"type":"Polygon","coordinates":[[[4.435597686097027,43.68197657294405],[4.4359165616333485,43.68198475618712],[4.435936314985157,43.68196429807734],[4.4365712441504,43.68198066456573],[4.436605107039213,43.68192338183688],[4.436373710632324,43.68190292370616],[4.436006862670183,43.68189474045193],[4.435865767300128,43.681837457641016],[4.435606151819228,43.68184154927219],[4.435597686097027,43.68197657294405]]]},"properties":{"cle":"vivier:30258:055","nom":"30258:055","source":"vivier","file":"vivier"}},{"type":"Feature","geometry":{"type":"Polygon","coordinates":[[[4.418636,43.675132],[4.41858,43.674942],[4.418845,43.674891],[4.418918,43.675051],[4.419032,43.674996],[4.418938,43.674687],[4.418989,43.674673],[4.419088,43.675073],[4.418636,43.675132]]]},"properties":{"cle":"vivier:30258:034","nom":"30258:034","source":"vivier","file":"vivier"}},{"type":"Feature","geometry":{"type":"Polygon","coordinates":[[[4.430526,43.670624],[4.430484,43.670433],[4.430264,43.670416],[4.430186,43.670616],[4.430526,43.670624]]]},"properties":{"cle":"vivier:30258:004","nom":"30258:004","source":"vivier","file":"vivier"}},{"type":"Feature","geometry":{"type":"Polygon","coordinates":[[[4.549802,43.908785],[4.549654,43.908891],[4.549448,43.90877],[4.549308,43.90917],[4.549438,43.909558],[4.549702,43.909501],[4.549609,43.909188],[4.549575,43.908922],[4.549655,43.908911],[4.549827,43.908792],[4.549732,43.908279],[4.549684,43.908251],[4.549512,43.908367],[4.54948,43.908514],[4.549802,43.908785]]]},"properties":{"cle":"vivier:30317:011","nom":"30317:011","source":"vivier","file":"vivier"}},{"type":"Feature","geometry":{"type":"Polygon","coordinates":[[[4.2602355,43.751571899999995],[4.2602582,43.7516],[4.260300199999999,43.75162720000001],[4.260316700000001,43.751613900000024],[4.260349100000001,43.75163450000001],[4.260333500000001,43.7516473],[4.260533799999999,43.7517745],[4.260709000000001,43.7515042],[4.2604155,43.751399899999996],[4.2603411,43.7513548],[4.260235300000001,43.7515208],[4.2602355,43.751571899999995]]]},"properties":{"cle":"vivier:30333:009","nom":"30333:009","source":"vivier","file":"vivier"}},{"type":"Feature","geometry":{"type":"Polygon","coordinates":[[[4.279783499999999,43.70018480000002],[4.279783600000001,43.700165],[4.279760600000001,43.70013300000001],[4.279702100000001,43.7001055],[4.2787806999999995,43.6998922],[4.278744599999999,43.6999032],[4.2787116,43.69993029999999],[4.2787004,43.699950599999994],[4.278699500000001,43.69998269999999],[4.2788161,43.700112700000005],[4.279723999999999,43.70032290000001],[4.279783499999999,43.70018480000002]]]},"properties":{"cle":"vivier:30341:019","nom":"30341:019","source":"vivier","file":"vivier"}},{"type":"Feature","geometry":{"type":"Polygon","coordinates":[[[4.280111,43.697566],[4.280586,43.697684],[4.280806,43.69724],[4.280315,43.697108],[4.280084,43.697523],[4.280148,43.697521],[4.280355,43.697176],[4.280712,43.697263],[4.280532,43.697606],[4.280199,43.697546],[4.280111,43.697566]]]},"properties":{"cle":"vivier:30341:023","nom":"30341:023","source":"vivier","file":"vivier"}},{"type":"Feature","geometry":{"type":"Polygon","coordinates":[[[4.270364,43.695449],[4.270891,43.69532],[4.270812,43.695152],[4.270289,43.695263],[4.270364,43.695449]]]},"properties":{"cle":"vivier:30341:009","nom":"30341:009","source":"vivier","file":"vivier"}},{"type":"Feature","geometry":{"type":"Polygon","coordinates":[[[4.264008,43.698218],[4.264527,43.698143],[4.264506,43.698062],[4.264008,43.698137],[4.264008,43.698218]]]},"properties":{"cle":"vivier:30341:049","nom":"30341:049","source":"vivier","file":"vivier"}},{"type":"Feature","geometry":{"type":"Polygon","coordinates":[[[4.224139,43.740793],[4.222926,43.740626],[4.222945,43.740502],[4.224173,43.740688],[4.224139,43.740793]]]},"properties":{"cle":"vivier:30344:024","nom":"30344:024","source":"vivier","file":"vivier"}},{"type":"Feature","geometry":{"type":"Polygon","coordinates":[[[4.223881,43.744389],[4.223964,43.744537],[4.224216,43.744676],[4.224396,43.744735],[4.224586,43.744749],[4.224765,43.744729],[4.224764,43.744682],[4.224576,43.744703],[4.224372,43.744678],[4.224247,43.744638],[4.224085,43.744544],[4.22401,43.74446],[4.223959,43.744365],[4.223881,43.744389]]]},"properties":{"cle":"vivier:30344:015","nom":"30344:015","source":"vivier","file":"vivier"}}]}