{"type": "FeatureCollection", "features": [{"type": "Feature", "properties": {"zone": "manduel", "libelle": "Manduel", "tissu": "Bourg de plaine", "note": "Relev\u00e9 \u00e0 la main par le d\u00e9monstrateur (D24) : sert de corrig\u00e9 au protocole.", "maille": "3268_25211", "surf_zone_m2": 11417, "aires_connues": 0}, "geometry": {"type": "MultiPolygon", "coordinates": [[[[4.457195374466944, 43.8144152038595], [4.457168896536716, 43.81441005283507], [4.457120516385283, 43.81440426343665], [4.457071583910326, 43.81440195382476], [4.457022575262503, 43.81440314647369], [4.456973967333642, 43.814407829778055], [4.4567708116801645, 43.814434845454315], [4.456723418730514, 43.81444290269679], [4.456677341408946, 43.814454278090004], [4.456633021621303, 43.81446886253816], [4.456593378468073, 43.81448547127297], [4.4565515029959695, 43.814474068836994], [4.456505737068745, 43.814465101387086], [4.4564589995069355, 43.814459331912545], [4.456411715468709, 43.81445681289652], [4.456364315083091, 43.81445756725379], [4.456122250960823, 43.81446980066417], [4.45607343910193, 43.814474031955776], [4.456025443101124, 43.81448173375548], [4.455978732362061, 43.81449283073933], [4.455933763719148, 43.814507214378295], [4.455890976969894, 43.81452474399962], [4.45585079057382, 43.81454524816252], [4.455813597560012, 43.81456852633478], [4.45577976168333, 43.81459435085391], [4.455749613866848, 43.8146224691536], [4.455723448965334, 43.81465260623376], [4.455701522881418, 43.81468446734992], [4.45568405006265, 43.814717740895766], [4.455671201403943, 43.814752101450736], [4.455663102575917, 43.81478721296241], [4.455659832795508, 43.814822732033306], [4.455661424050876, 43.81485831127924], [4.455667837453482, 43.814914928423114], [4.455674058109451, 43.814949357825995], [4.4556848310747315, 43.81498319302949], [4.455700056111267, 43.81501611918574], [4.45571959155233, 43.81504782990531], [4.455743255620525, 43.81507803010833], [4.455770828119063, 43.81510643877034], [4.455802052480613, 43.8151327915375], [4.4558366381546115, 43.815156843186436], [4.455874263310892, 43.815178369906384], [4.455914577834404, 43.815197171381826], [4.455957206583224, 43.81521307265665], [4.456001752879481, 43.81522592576231], [4.45604780220074, 43.81523561109471], [4.4560949260374905, 43.81524203852729], [4.456142685880802, 43.81524514824979], [4.456190637303079, 43.81524491132474], [4.45642780326908, 43.81523544335961], [4.456475197236013, 43.81523189531123], [4.456521904383373, 43.81522507795689], [4.456567495608121, 43.81521505392839], [4.456611552059876, 43.81520191531752], [4.456653668989104, 43.81518578283003], [4.456693459465755, 43.815166804676494], [4.456709063722043, 43.815157698540986], [4.456713816038339, 43.81515900704225], [4.456760811521358, 43.815168255114514], [4.456808831200085, 43.81517412895999], [4.4568574141888595, 43.81517657220232], [4.456906094195153, 43.81517556139162], [4.456954403995226, 43.815171106229485], [4.457157585110214, 43.81514498993665], [4.4572050745572485, 43.81513713033547], [4.457213721830888, 43.81513503629001], [4.457195374466944, 43.8144152038595]]], [[[4.457242805297738, 43.81627604779715], [4.457232449224166, 43.81586976026522], [4.457194488656536, 43.815877160021735], [4.457149016107401, 43.81588958301025], [4.4571054362113465, 43.81590516194033], [4.457064165526318, 43.81592374790164], [4.457025598538856, 43.81594516324117], [4.45699010389351, 43.815969203261176], [4.456958020869189, 43.81599563817575], [4.4569296561361496, 43.81602421530711], [4.456905280824617, 43.81605466150064], [4.45688512793304, 43.816086685735904], [4.456869390100793, 43.81611998190817], [4.456858217766587, 43.816154231754325], [4.456851717730234, 43.816189107894864], [4.456849952131464, 43.81622427696323], [4.456850941618359, 43.81628128419884], [4.457242805297738, 43.81627604779715]]], [[[4.454136380968047, 43.81631751967977], [4.454556230495143, 43.81631191971271], [4.45455603267439, 43.816311638252046], [4.454529670922744, 43.8162818046441], [4.45449938775484, 43.81625399136161], [4.4544654763572105, 43.81622846767381], [4.454428265041121, 43.8162054806832], [4.454388114064025, 43.816185252933444], [4.454345412141813, 43.81616798025511], [4.454308873867592, 43.81615644954921], [4.454286003905385, 43.816147414269565], [4.454241442573565, 43.81613369525537], [4.454195249348984, 43.81612318056671], [4.454147862507533, 43.81611596996547], [4.454131220741126, 43.81611464290298], [4.454136380968047, 43.81631751967977]]]]}}, {"type": "Feature", "properties": {"zone": "manduel", "libelle": "Manduel", "tissu": "Bourg de plaine", "note": "Relev\u00e9 \u00e0 la main par le d\u00e9monstrateur (D24) : sert de corrig\u00e9 au protocole.", "maille": "3268_25213", "surf_zone_m2": 12803, "aires_connues": 0}, "geometry": {"type": "Polygon", "coordinates": [[[4.456174977788048, 43.82079054399094], [4.456137602196848, 43.820777743069904], [4.456090942671771, 43.82076571005223], [4.456042861022474, 43.8207570983758], [4.455993834500578, 43.82075199351873], [4.455944349735842, 43.82075044615102], [4.45588278574691, 43.820750743642705], [4.45592143533601, 43.82073387178508], [4.455959842147441, 43.82071321805674], [4.455995329227291, 43.82068998704326], [4.456027567949661, 43.820664393876555], [4.456056259771388, 43.82063667556304], [4.456081138996652, 43.8206070887888], [4.456101975237345, 43.820575907542406], [4.456118575546417, 43.82054342057755], [4.45612982397722, 43.820512567972465], [4.456157296371923, 43.82049084032689], [4.456186863127575, 43.82046220328185], [4.456212360230943, 43.82043158372427], [4.456233536125071, 43.82039928375792], [4.45625018188873, 43.82036562206554], [4.456262133297453, 43.82033093076455], [4.456269272443538, 43.82029555213022], [4.456271528899045, 43.82025983521856], [4.456268880410299, 43.82022413242246], [4.456262832540131, 43.82018191098043], [4.456255224960246, 43.82014629226695], [4.456242735986924, 43.82011140294858], [4.456225490839946, 43.82007759281592], [4.456203662422326, 43.820045200839296], [4.45617746958654, 43.82001455177048], [4.45614717494013, 43.8199859528868], [4.456113082212695, 43.819959690910764], [4.456101129928024, 43.81995215909556], [4.45609971832303, 43.819947658309374], [4.456084180747091, 43.8199139450012], [4.456064127176198, 43.81988150544968], [4.456039753115097, 43.81985065589978], [4.456011296186795, 43.81982169709542], [4.45597903381585, 43.81979491134777], [4.455943280523685, 43.81977055978304], [4.455904384862331, 43.819748879796975], [4.455862726016467, 43.819730082740705], [4.4558187101069215, 43.81971435186041], [4.455772766231607, 43.81970184051101], [4.455725342282543, 43.81969267066124], [4.455676900579699, 43.819686931704645], [4.455627913364214, 43.819684679588285], [4.455436431740051, 43.81968273528149], [4.45538916634932, 43.81968388413844], [4.455342265580652, 43.8196882796223], [4.455296153845481, 43.81969588195772], [4.455251248415562, 43.81970662235023], [4.455207955647227, 43.81972040360852], [4.455166667304365, 43.81973710102408], [4.455127757013436, 43.81975656349953], [4.455091576882563, 43.819778614915855], [4.4550584543153, 43.81980305572611], [4.455053543918785, 43.81980744543903], [4.455026845091552, 43.81981203899967], [4.454981174303293, 43.819823382425064], [4.454937238652742, 43.819837880154346], [4.454895452559015, 43.81985539543956], [4.454856210166799, 43.81987576306988], [4.454819881628735, 43.81989879092989], [4.45478680961404, 43.819924261811565], [4.4547573060763055, 43.81995193546306], [4.45473164931097, 43.819981550854656], [4.454710081330196, 43.820012828640934], [4.454692805579948, 43.82004547379551], [4.454679985020786, 43.820079178393854], [4.454671740590491, 43.82011362451768], [4.454668150063036, 43.82014848725362], [4.454663068899511, 43.82029076241423], [4.454664176140143, 43.82032581398124], [4.45466998785446, 43.8203606212835], [4.454680448913798, 43.82039485409552], [4.454695460079547, 43.82042818764143], [4.454714878944349, 43.82046030567642], [4.454738521282888, 43.82049090348705], [4.454766162799448, 43.82051969078213], [4.454797541255697, 43.82054639444704], [4.454810884302413, 43.820555732397516], [4.454824204097951, 43.82057701493228], [4.454849469582244, 43.82060847970215], [4.454878994361972, 43.82063793631326], [4.454912476588483, 43.82066508360743], [4.454949573951575, 43.82068964403606], [4.4549899071791295, 43.82071136649776], [4.455033063914698, 43.82073002890578], [4.455078602933407, 43.820745440458566], [4.455126058653088, 43.82075744359069], [4.4551749458944885, 43.82076591558384], [4.455224764841896, 43.82077076982147], [4.455547030185844, 43.82079022595615], [4.455519699645139, 43.82079929247446], [4.456174977788048, 43.82079054399094]]]}}, {"type": "Feature", "properties": {"zone": "manduel", "libelle": "Manduel", "tissu": "Bourg de plaine", "note": "Relev\u00e9 \u00e0 la main par le d\u00e9monstrateur (D24) : sert de corrig\u00e9 au protocole.", "maille": "3268_25214", "surf_zone_m2": 34961, "aires_connues": 0}, "geometry": {"type": "MultiPolygon", "coordinates": [[[[4.457414831061617, 43.823024100722236], [4.4573982159597385, 43.822372408550244], [4.457383989309932, 43.82236513672222], [4.457341912831582, 43.822347802574086], [4.457297707338396, 43.8223335134998], [4.457251791968533, 43.82232240498193], [4.457204602071582, 43.822314582346365], [4.457156585080962, 43.822310119763635], [4.4571081962717765, 43.822309059545915], [4.457046061271192, 43.822309889777195], [4.45699738308009, 43.822312273768986], [4.456949262021131, 43.82231810078302], [4.456902161518065, 43.82232731470307], [4.4568565351668505, 43.82233982679566], [4.456812822367572, 43.82235551656477], [4.456779870851426, 43.82237042129715], [4.456742179755899, 43.82237874072377], [4.456698174562428, 43.822391901073004], [4.456656109849749, 43.82240804872395], [4.456616371392933, 43.8224270355874], [4.456579323634109, 43.8224486875358], [4.456545306340245, 43.822472805999965], [4.456514631487167, 43.82249916979014], [4.456487580398413, 43.82252753712438], [4.4564644011651335, 43.822557647845954], [4.456445306370708, 43.82258922580899], [4.456430471140979, 43.82262198141112], [4.456420031537937, 43.82265561424928], [4.456414083311649, 43.82268981587467], [4.45641268102185, 43.82272427262149], [4.456413735507466, 43.82276566076831], [4.456417123658506, 43.82280149269169], [4.456425426852743, 43.82283690179405], [4.456438562435761, 43.822871535555784], [4.456456399643095, 43.82290504917569], [4.456478760901747, 43.82293710900361], [4.4565054235977515, 43.822967395862335], [4.456519875208528, 43.82298067702076], [4.456526900834241, 43.822990875087335], [4.456551961401043, 43.823019949606675], [4.456568302668969, 43.823035411006806], [4.457414831061617, 43.823024100722236]]], [[[4.454308040188303, 43.82306557767494], [4.455227895218091, 43.823053306455705], [4.455251224705566, 43.82302845827535], [4.455264366269339, 43.82301102169147], [4.455270289205581, 43.82300740473989], [4.455304516381312, 43.82298191587783], [4.455335103991267, 43.82295410692056], [4.455361753697261, 43.82292424910962], [4.455378869832568, 43.82290014715482], [4.455425793155867, 43.82288958354235], [4.455471487973714, 43.82287554332987], [4.4555150212267085, 43.822858273987954], [4.455555958934172, 43.82283794767473], [4.455593892991633, 43.82281476702304], [4.455628445239298, 43.822788963120345], [4.4556592712319105, 43.82276079320489], [4.455686063672465, 43.822730538101226], [4.455708555475515, 43.822698499420525], [4.455726522429545, 43.82266499655388], [4.455739785431881, 43.82263036348805], [4.455748212273859, 43.822594945476034], [4.455751718958478, 43.82255909559521], [4.455753035800183, 43.82251317555661], [4.455751645469777, 43.82247778668989], [4.455751335923679, 43.82247602910971], [4.455765322303216, 43.82247639475045], [4.455812800930975, 43.822474343079726], [4.455859791490802, 43.82246901589396], [4.455905863895905, 43.822460461950946], [4.455950596463479, 43.82244875954173], [4.455993579774401, 43.82243401577405], [4.456034420420658, 43.82241636559195], [4.45607274460617, 43.82239597054064], [4.456108201568107, 43.82237301728785], [4.456117470172331, 43.82236574914243], [4.456144099513734, 43.822357910356644], [4.456186178503106, 43.82234198344932], [4.45622596703744, 43.822323222800705], [4.456263102189157, 43.82230179953565], [4.456297245234524, 43.822277909065775], [4.456328084743333, 43.822251769306945], [4.456355339419572, 43.82222361869149], [4.456378760667164, 43.822193713993315], [4.456398134857403, 43.82216232798557], [4.456413285277371, 43.82212974695268], [4.4564240737416, 43.82209626807874], [4.45643040185227, 43.82206219673691], [4.456432211896462, 43.82202784370392], [4.4564299667611, 43.82199956128533], [4.456432758441406, 43.82199867455128], [4.456475700208795, 43.82198117832486], [4.456640363994737, 43.82190607500893], [4.456679839761768, 43.82188607203116], [4.456716455702682, 43.82186339621818], [4.456749867890066, 43.821838260562444], [4.456779762490361, 43.821810901161236], [4.4568058587116175, 43.82178157499896], [4.45682791144085, 43.821750557533214], [4.456845713546205, 43.82171814010735], [4.456859097822307, 43.82168462721384], [4.4568679385605705, 43.82165033363419], [4.4568721527296775, 43.82161558148218], [4.456871700755173, 43.821580697178256], [4.4568665868908734, 43.82154600838355], [4.456856859178584, 43.82151184092219], [4.456842608996551, 43.821478515720926], [4.456823970200858, 43.8214463457948], [4.456801117867893, 43.8214156333071], [4.456753671263626, 43.82135866409664], [4.456726921725807, 43.82132979646184], [4.456696450977474, 43.82130293166438], [4.456662543208423, 43.82127832025808], [4.456625514662516, 43.821256191780265], [4.456585710688199, 43.821236752611064], [4.456543502517647, 43.82122018404871], [4.45649928380454, 43.821206640618726], [4.4564534669527935, 43.82119624863286], [4.456444779710709, 43.821194927897494], [4.4564442499094, 43.82113750954638], [4.456444748069793, 43.82111660753976], [4.45644313457939, 43.82108076417502], [4.456436603080017, 43.821045214947176], [4.456425218412441, 43.82101031271798], [4.45640909358946, 43.82097640392634], [4.456388388673801, 43.82094382514977], [4.45636330918905, 43.820912899763464], [4.4563341040793825, 43.820883934730674], [4.456301063238347, 43.8208572175558], [4.4562645146312745, 43.82083301343086], [4.456224821039842, 43.820811562603154], [4.456182376461118, 43.82079307799093], [4.456174977788048, 43.82079054399094], [4.455519699645139, 43.82079929247446], [4.455514681918777, 43.82080095703279], [4.455471871821785, 43.8208190949876], [4.455431771003225, 43.820840231308345], [4.455394778628806, 43.82086415560477], [4.455361262924202, 43.820890629734876], [4.4553315575097345, 43.82091939017531], [4.455305958079438, 43.82095015064442], [4.455284719457575, 43.82098260495175], [4.455268053061927, 43.82101643004572], [4.455256124799061, 43.82105128922931], [4.4552490534126115, 43.82108683551152], [4.4552469093009455, 43.82112271506116], [4.455247613517734, 43.82119920968749], [4.4552503219404604, 43.82123440868161], [4.455257772932333, 43.82126924703859], [4.455269895032792, 43.82130339059251], [4.455286571975955, 43.82133651184139], [4.455307643805512, 43.82136829308842], [4.455332908408762, 43.82139842948957], [4.455362112890183, 43.82142662177887], [4.4553354481534555, 43.82143846141025], [4.455297110055296, 43.821459422456606], [4.455261745174937, 43.821482964792175], [4.455229683735761, 43.82150886859051], [4.455201225116475, 43.82153689197478], [4.455176635055598, 43.82156677327603], [4.455156143169974, 43.8215982334766], [4.455139940810579, 43.82163097881525], [4.455128179275529, 43.82166470353025], [4.455120968397086, 43.82169909271422], [4.455118375515808, 43.821733825254704], [4.4551177910727375, 43.82180853700924], [4.455119881890564, 43.82184361603348], [4.455121055098606, 43.82184961291306], [4.455113883163081, 43.821865190673854], [4.455103048394906, 43.821899734326095], [4.455096955543897, 43.82193488176423], [4.455082352146316, 43.82207441050368], [4.455063869582097, 43.822072920228], [4.454925724282953, 43.82206666302728], [4.4548764942745045, 43.82206620164694], [4.454827442632428, 43.82206926798651], [4.454779050396817, 43.82207583197497], [4.454778107395589, 43.82207603146275], [4.454753929525159, 43.82207606984401], [4.454705574856639, 43.82207958186696], [4.454657924777144, 43.82208649520497], [4.454611434572684, 43.82209674380274], [4.454566548447536, 43.82211022973727], [4.454523695280158, 43.82212682415343], [4.454483284525521, 43.822146368495154], [4.454445702302975, 43.82216867602031], [4.454411307707018, 43.82219353358486], [4.454380429376241, 43.82222070367926], [4.4543533623531895, 43.822249926697886], [4.4543317824958795, 43.82227901320015], [4.4543301128104975, 43.822279538445365], [4.454288467437381, 43.82229623658409], [4.454308040188303, 43.82306557767494]]]]}}, {"type": "Feature", "properties": {"zone": "manduel", "libelle": "Manduel", "tissu": "Bourg de plaine", "note": "Relev\u00e9 \u00e0 la main par le d\u00e9monstrateur (D24) : sert de corrig\u00e9 au protocole.", "maille": "3269_25209", "surf_zone_m2": 14832, "aires_connues": 0}, "geometry": {"type": "Polygon", "coordinates": [[[4.460208727595609, 43.81073375747175], [4.460207281445999, 43.81073135239065], [4.460184641546922, 43.81070179874765], [4.46018107411521, 43.81069253045472], [4.460166602978117, 43.8106612227767], [4.460149100182501, 43.8106286906872], [4.4601273274836135, 43.810597539588024], [4.460101489726581, 43.81056806254977], [4.4600718299996425, 43.81054053689291], [4.460038627347019, 43.810515221578896], [4.460002194143554, 43.81049235477399], [4.45996287315583, 43.81047215160853], [4.459921034317441, 43.81045480215323], [4.459877071248707, 43.81044046963102], [4.459831397553617, 43.81042928888155], [4.459784442928807, 43.81042136509262], [4.459736649121175, 43.810416772810804], [4.459688465772166, 43.81041555523993], [4.459640346187802, 43.81041772383484], [4.459592743074244, 43.810423258193545], [4.459546104278997, 43.810432106249166], [4.459500868577819, 43.81044418475974], [4.459424411357929, 43.81046770929315], [4.459380259417177, 43.81048319903319], [4.459350152759851, 43.81049656240182], [4.459327182260527, 43.81046677877963], [4.459299683659845, 43.8104380706248], [4.459268471257042, 43.81041142830624], [4.4592338391174495, 43.810387102828216], [4.45919611352339, 43.81036532336712], [4.4591556499001594, 43.81034629511243], [4.459112829467494, 43.81033019733369], [4.45906805564809, 43.81031718169153], [4.459021750266986, 43.810307370809106], [4.4589743495776295, 43.81030085711672], [4.458926300152019, 43.810297701981206], [4.4588780546737015, 43.81029793512768], [4.458709197811392, 43.81030469467385], [4.458661014730595, 43.81030833565668], [4.458613549923644, 43.81031535600877], [4.45856725424702, 43.81032568904562], [4.458522567452532, 43.81033923661636], [4.458479914010427, 43.81035587003599], [4.458439699077607, 43.81037543130772], [4.458402304649259, 43.81039773462354], [4.458368085930433, 43.81042256812925], [4.458337367962044, 43.81044969593655], [4.458310442533334, 43.81047886036378], [4.458287565410126, 43.81050978438332], [4.458268953905186, 43.81054217425308], [4.458254784813827, 43.81057572230655], [4.458245192734297, 43.810610109875256], [4.45824026878897, 43.81064501031564], [4.458240059758487, 43.81068009211186], [4.458244311615675, 43.81074933848386], [4.458248950270324, 43.81078492674691], [4.458258440433503, 43.81082000634514], [4.45827268852101, 43.81085423131971], [4.458291554024806, 43.81088726413956], [4.458314850898406, 43.810918779030224], [4.458342349391435, 43.81094846518669], [4.458373778315238, 43.81097602983878], [4.458408827717234, 43.81100120113853], [4.458447151937608, 43.81102373084132], [4.458488373018248, 43.81104339675423], [4.45853208443027, 43.81106000492747], [4.458577855083367, 43.811073391567206], [4.458625233577465, 43.811083424651045], [4.458673752654727, 43.81109000523013], [4.4587460216859975, 43.81109713870704], [4.458793449523859, 43.81110015372274], [4.458841058134715, 43.811099868992244], [4.4588884107371705, 43.81109628712776], [4.458935072898696, 43.81108944099086], [4.4589806165215045, 43.811079393390905], [4.459024623770304, 43.81106623650874], [4.459066690905886, 43.8110500910511], [4.459106431989319, 43.811031105142874], [4.459108964103294, 43.81102962538314], [4.459122887003649, 43.811025378218766], [4.459150159905989, 43.81107246752896], [4.4591709179570795, 43.811103939498736], [4.459195784674834, 43.81113380890945], [4.459224526601902, 43.81116179532917], [4.459256351892026, 43.81118721900016], [4.459258658653614, 43.81120611021817], [4.459268092725814, 43.81124179279328], [4.459282445763601, 43.81127660495991], [4.459301571559536, 43.81131019208191], [4.459325275284514, 43.811342212002195], [4.45935331547223, 43.81137233852847], [4.4593854064787894, 43.81140026475617], [4.459421221392447, 43.811425706195216], [4.459460395363802, 43.81144840366813], [4.459502529322564, 43.81146812595052], [4.459547194042988, 43.81148467212676], [4.459593934516587, 43.811497873636796], [4.459642274587587, 43.81150759599339], [4.459691721803821, 43.81151374015229], [4.459741772433729, 43.81151624352134], [4.459791916598271, 43.81151508059801], [4.459888713968402, 43.81150928431373], [4.459935752342965, 43.81150482263845], [4.459981989123002, 43.81149713401097], [4.460027003144586, 43.81148628846592], [4.460070384382337, 43.811472384793916], [4.460111737684432, 43.811455549641444], [4.460150686372142, 43.811435936357334], [4.460186875671017, 43.811413723595834], [4.460219975942532, 43.811389113689145], [4.460225341522317, 43.81138427670259], [4.460208727595609, 43.81073375747175]]]}}, {"type": "Feature", "properties": {"zone": "manduel", "libelle": "Manduel", "tissu": "Bourg de plaine", "note": "Relev\u00e9 \u00e0 la main par le d\u00e9monstrateur (D24) : sert de corrig\u00e9 au protocole.", "maille": "3269_25211", "surf_zone_m2": 19061, "aires_connues": 0}, "geometry": {"type": "MultiPolygon", "coordinates": [[[[4.460291770056567, 43.81398514441357], [4.460036590008161, 43.8139885617664], [4.460011357791445, 43.81401774016054], [4.459989786574325, 43.81404910360785], [4.459972528531082, 43.814081837129805], [4.459946201897792, 43.814140141555114], [4.459943601793612, 43.81410837100641], [4.459935701472896, 43.8140727808288], [4.459922924994543, 43.81403794128843], [4.459905400496685, 43.814004201774836], [4.459895989277623, 43.81399044442594], [4.458788864174876, 43.81400526261681], [4.458778611815818, 43.81402995540176], [4.4587782877223905, 43.81403114002405], [4.458739680218948, 43.81404068326372], [4.458695019781008, 43.814055426338584], [4.45865258488635, 43.81407328681462], [4.458612789243853, 43.814094090566435], [4.458576020832983, 43.814117634773844], [4.45854263812134, 43.8141436898991], [4.458512966569884, 43.81417200192458], [4.4584872954598564, 43.814202294829265], [4.458465875072387, 43.81423427327952], [4.45844891424825, 43.81426762550836], [4.458436578351578, 43.814302026354916], [4.458428987657408, 43.814337140434326], [4.458416280709084, 43.81442371464338], [4.4584135148947, 43.81445867501533], [4.4584154534358, 43.81449366456104], [4.458422077994577, 43.8145283521386], [4.458433325884378, 43.81456240946334], [4.458449090662661, 43.81459551421468], [4.458469223138077, 43.81462735308674], [4.458493532782166, 43.81465762475344], [4.458521789532306, 43.81468604272041], [4.458553725968868, 43.814712338036465], [4.458589039845983, 43.81473626183912], [4.458627396951953, 43.81475758770988], [4.458668434272264, 43.81477611381721], [4.458711763425238, 43.814791664826835], [4.458756974337836, 43.814804093561186], [4.458803639126785, 43.81481328239233], [4.458851316148321, 43.814819144355425], [4.459075546800849, 43.81483864510124], [4.459124450990241, 43.814841135007725], [4.459173456056295, 43.814840124616694], [4.4592220853529145, 43.81483562375568], [4.459269865889112, 43.81482767620215], [4.459316332929795, 43.81481635925777], [4.459361034516229, 43.814801782996355], [4.459403535862181, 43.81478408919329], [4.459443423583019, 43.81476344994638], [4.459480309716568, 43.814740066002], [4.459513835496667, 43.81471416480234], [4.459543674842665, 43.81468599827313], [4.459569537530954, 43.814655840373305], [4.459591172017682, 43.81462398443009], [4.4596083678851794, 43.81459074028615], [4.459620957888327, 43.81455643128556], [4.459628819580975, 43.81452139112912], [4.459629443872914, 43.814517361839215], [4.459663582258209, 43.814505406453165], [4.459704800473456, 43.81448720464824], [4.459743385877205, 43.814466193357475], [4.4597789745152685, 43.81444257077024], [4.459811230701701, 43.814416559706686], [4.459839850185135, 43.81438840551603], [4.459864563018556, 43.81435837376204], [4.459881228874901, 43.81433275412384], [4.459880933385267, 43.81433593351375], [4.459882531840411, 43.814371724934986], [4.459884564970988, 43.814382825756205], [4.459886373319376, 43.814417032157316], [4.459890916909468, 43.814440734700106], [4.459886408991733, 43.81447422401564], [4.459886709660795, 43.81451129603442], [4.459892274544407, 43.814548149041855], [4.459903044623729, 43.81458439212345], [4.459915054520927, 43.81461663292429], [4.45993025941277, 43.81465063691888], [4.459950046471189, 43.81468338137295], [4.459974220609944, 43.814714543436814], [4.460002543486505, 43.81474381586216], [4.460034735851813, 43.814770910031385], [4.46003897475468, 43.81477383310914], [4.460045244574941, 43.81479367105631], [4.460038961769362, 43.814804650337045], [4.4600245368892235, 43.814839402073346], [4.460015017277627, 43.814875028877985], [4.4600127518059685, 43.81489315220666], [4.4600067065924085, 43.81492017046967], [4.460003619843407, 43.81495449383043], [4.460004628995749, 43.814978394891774], [4.459998156031459, 43.8149906796682], [4.459985349289646, 43.81502462245284], [4.45997718042798, 43.8150593084936], [4.45997485651891, 43.81508293034329], [4.459961414287893, 43.81511726665865], [4.459952732274337, 43.81515241264886], [4.459948901375725, 43.815188008556234], [4.45994995929144, 43.8152237041703], [4.459951638385654, 43.81524078254269], [4.459957486088321, 43.81527585228974], [4.45996805277658, 43.8153103381257], [4.4599832366954475, 43.8153439079317], [4.460002891622611, 43.815376238410224], [4.46002662501197, 43.81540675682413], [4.4600193677180435, 43.8154201454479], [4.460006080762184, 43.81545413442501], [4.459997458625343, 43.81548890277453], [4.459993584351689, 43.815524115659365], [4.459994423340051, 43.81555664539032], [4.459993926612181, 43.8155602225122], [4.459993686208826, 43.81559445125134], [4.459997936881537, 43.81562854176761], [4.460006640201123, 43.81566218579385], [4.460019717474524, 43.81569507909978], [4.460037050456109, 43.81572692424311], [4.460058482416693, 43.81575743325915], [4.460083819560553, 43.815786330264935], [4.4601425398040995, 43.81584674702387], [4.460143893121081, 43.81584800121565], [4.46014512826113, 43.815849384987516], [4.460170645854196, 43.815875144586485], [4.460200668218684, 43.81590253714365], [4.460234219842323, 43.81592769089681], [4.460247045612499, 43.81593560231305], [4.460263627150354, 43.815952349063764], [4.460267249383146, 43.81596303650405], [4.4602834731759105, 43.81599636588577], [4.46030413227967, 43.81602838269481], [4.460329027576384, 43.81605877833315], [4.46034514261028, 43.81607466465806], [4.460291770056567, 43.81398514441357]]], [[[4.457242805297738, 43.81627604779715], [4.458030407381527, 43.8162655189544], [4.458030415524641, 43.81626461598902], [4.458028274361664, 43.81622881021934], [4.458021226508474, 43.816193336103076], [4.4580093418415325, 43.81615854530538], [4.457992738185478, 43.816124782716905], [4.457971580144783, 43.816092383034736], [4.4579460774716795, 43.816061667444544], [4.457916482986603, 43.81603294043665], [4.457883090071714, 43.81600648678774], [4.4578462297624215, 43.815982568737795], [4.4578413549047, 43.81597998929408], [4.457839009097318, 43.81597790150201], [4.457805724685869, 43.81595345903552], [4.457769376277414, 43.81593142343998], [4.457730294424211, 43.81591199510484], [4.457688834535072, 43.81589535070923], [4.45764537364337, 43.815881641615285], [4.457600306978432, 43.815870992491746], [4.457554044371524, 43.81586350018033], [4.457507006529059, 43.815859232815065], [4.457459621206943, 43.81585822920276], [4.457337850354126, 43.81585985680865], [4.457289359187218, 43.81586222554587], [4.457241419210921, 43.81586801171913], [4.457232449224166, 43.81586976026522], [4.457242805297738, 43.81627604779715]]], [[[4.457213721830888, 43.81513503629001], [4.45725127357382, 43.815125942656145], [4.457295738493223, 43.815111534338484], [4.457338042302853, 43.815094043751316], [4.45737777874512, 43.815073638863566], [4.457414566219013, 43.81505051563112], [4.457448051444808, 43.815024896114934], [4.45747791285674, 43.81499702634833], [4.457503863691059, 43.814967173974225], [4.457525654739794, 43.81493562567473], [4.457543076743823, 43.814902684417994], [4.457555962402216, 43.81486866654861], [4.457561198012133, 43.81484653672039], [4.457452983329001, 43.814538079318915], [4.457422158852883, 43.81451243566065], [4.457386476828494, 43.814488079457696], [4.45734765446699, 43.814466387445584], [4.457306069544625, 43.814447570704964], [4.457262126718337, 43.814431812337624], [4.457216253588206, 43.814419265684776], [4.457195374466944, 43.8144152038595], [4.457213721830888, 43.81513503629001]]]]}}, {"type": "Feature", "properties": {"zone": "manduel", "libelle": "Manduel", "tissu": "Bourg de plaine", "note": "Relev\u00e9 \u00e0 la main par le d\u00e9monstrateur (D24) : sert de corrig\u00e9 au protocole.", "maille": "3269_25212", "surf_zone_m2": 32565, "aires_connues": 0}, "geometry": {"type": "MultiPolygon", "coordinates": [[[[4.460406684696706, 43.818483833573914], [4.460361634795763, 43.816720298674724], [4.460338005229945, 43.81672221005628], [4.460316501497613, 43.81672429441235], [4.460253290906399, 43.81673144127627], [4.460206217205416, 43.816738466390554], [4.460160300435285, 43.816748750323924], [4.460115969808268, 43.81676219694633], [4.460080572691961, 43.816775980817546], [4.460045164406867, 43.8167808743359], [4.459998681123458, 43.816790775595756], [4.459976806102797, 43.81679716843258], [4.4599425096020004, 43.816798848858106], [4.459940099337365, 43.81679905603749], [4.459901564193373, 43.816790712340094], [4.459852667950256, 43.816783890249724], [4.459803074453212, 43.816780644419936], [4.4597532813056695, 43.81678100741819], [4.459703788114171, 43.8167849756023], [4.459643062537983, 43.81679208884376], [4.4595939532690165, 43.81679970217802], [4.459546155477251, 43.81681086452207], [4.459501364603343, 43.8168250787227], [4.459468373570861, 43.81682828350314], [4.459420586480827, 43.81683466058574], [4.459373887504788, 43.81684438540421], [4.459337999988873, 43.81685469893021], [4.459323442046978, 43.81684803476397], [4.459279434356138, 43.81683206036894], [4.459233460477168, 43.816819315940705], [4.459185971236138, 43.816809926452464], [4.459137432318133, 43.816803983978495], [4.459088319700906, 43.8168015467912], [4.459039114987647, 43.816802638789916], [4.458990300684601, 43.81680724926637], [4.458944462995354, 43.81681326286303], [4.4588978199755465, 43.81682107856453], [4.45885863667236, 43.81683059916708], [4.458720904887423, 43.816846731563466], [4.458673963184585, 43.81685392829707], [4.4586281983381255, 43.8168643684168], [4.4585840367025105, 43.81687795466065], [4.458541889697184, 43.81689456045666], [4.458502149973857, 43.816914031102094], [4.458465187758599, 43.816936185204504], [4.458431347402798, 43.81696081637163], [4.458400944175115, 43.81698769513397], [4.458374261324334, 43.8170165710827], [4.458351547440454, 43.81704717520226], [4.458333014138623, 43.81707922237655], [4.458318834087475, 43.81711241404513], [4.458309139400274, 43.81714644098455], [4.458304020403851, 43.81718098618916], [4.458303524796783, 43.817215727824355], [4.458307657204726, 43.817250342225016], [4.458311002573436, 43.81726824212319], [4.45830232063438, 43.81730022712656], [4.458297649048666, 43.81733492680558], [4.458297635508734, 43.817369790967156], [4.458302280150094, 43.81740449254439], [4.458312240625282, 43.81745386185568], [4.45832148706104, 43.81748803763413], [4.458335251322286, 43.81752140647234], [4.458353404578032, 43.817553656025126], [4.45837577691383, 43.817584484423755], [4.458402158921976, 43.81761360310153], [4.458432303661474, 43.81764073949504], [4.458461945310716, 43.81766268963161], [4.4584675184341505, 43.817680902336406], [4.458483336486581, 43.817715531676086], [4.458503913259904, 43.8177488241431], [4.458526825631535, 43.81777765472992], [4.45852349311293, 43.81778040463694], [4.4584951540589906, 43.817809000937345], [4.458470807511081, 43.81783946454434], [4.458450686249918, 43.81787150419943], [4.458434982659819, 43.81790481357524], [4.458423846889091, 43.817939074204126], [4.458417385414212, 43.81797395852311], [4.458415660021511, 43.81800913300547], [4.458418687216121, 43.8180442613496], [4.458424644638647, 43.81808288365851], [4.458425435090432, 43.81808771231554], [4.45843708879818, 43.81815500971388], [4.4584443720141325, 43.81819716426359], [4.458452742155857, 43.818231785822036], [4.4584657357454835, 43.81826565124952], [4.458483228902486, 43.818298437652835], [4.458505054843986, 43.81832983242631], [4.458531005474714, 43.818359536232386], [4.458555699359422, 43.81838249300391], [4.458563347154465, 43.81841941370449], [4.4585727627101415, 43.818453531929784], [4.458586683506054, 43.818486832579026], [4.458598739838147, 43.81850803263038], [4.460406684696706, 43.818483833573914]]], [[[4.457242805297738, 43.81627604779715], [4.457254268507499, 43.816725763674484], [4.457261353405971, 43.816726953501274], [4.457309911483879, 43.81673152733014], [4.457358855443475, 43.81673261976022], [4.457541514507364, 43.81673017826386], [4.457589416547022, 43.81672785903779], [4.457636786229412, 43.81672220477186], [4.457683181742056, 43.816713268202925], [4.457728170358966, 43.816701132681565], [4.457771332476833, 43.81668591139466], [4.457812265528803, 43.8166677463096], [4.4578505877393, 43.816646806850166], [4.457885941684888, 43.81662328831618], [4.457917997627948, 43.81659741006194], [4.457946456592089, 43.816569413450246], [4.457971053150576, 43.81653955960105], [4.457991557901808, 43.81650812695616], [4.458007779608744, 43.816475408681924], [4.458019566982307, 43.8164417099351], [4.4580268100921865, 43.81640734501645], [4.458029441391847, 43.816372634439446], [4.458030407381527, 43.8162655189544], [4.457242805297738, 43.81627604779715]]]]}}, {"type": "Feature", "properties": {"zone": "manduel", "libelle": "Manduel", "tissu": "Bourg de plaine", "note": "Relev\u00e9 \u00e0 la main par le d\u00e9monstrateur (D24) : sert de corrig\u00e9 au protocole.", "maille": "3269_25213", "surf_zone_m2": 32228, "aires_connues": 0}, "geometry": {"type": "Polygon", "coordinates": [[[4.460464148798497, 43.82073318285641], [4.460406684696706, 43.818483833573914], [4.458598739838147, 43.81850803263038], [4.458604979490782, 43.81851900453096], [4.458627479735599, 43.818549747209026], [4.458653974031193, 43.818578773389625], [4.458684214851422, 43.81860581188559], [4.458717919665769, 43.818630610080085], [4.458754773578879, 43.81865293628673], [4.458769506256739, 43.81866023437964], [4.458749384703377, 43.81868095961556], [4.458725032934163, 43.818712272507945], [4.458705114527388, 43.81874518745956], [4.458689828012791, 43.81877937641511], [4.458679325756049, 43.818814498621016], [4.458673712439868, 43.818850204021594], [4.458673044020296, 43.818886136747835], [4.458677327168657, 43.81892193866434], [4.458689283957602, 43.81898504136657], [4.458684496889866, 43.81899981710005], [4.458678058529056, 43.8190349505346], [4.458676423118963, 43.81907037211305], [4.4586796065227325, 43.81910573844632], [4.458687013484327, 43.81915244180211], [4.458695090445497, 43.8191877629406], [4.458707973417732, 43.81922232841518], [4.458725534962176, 43.81925579627979], [4.4587468199362075, 43.8192867008699], [4.458749220715354, 43.81929618891454], [4.458752386665712, 43.8193210744852], [4.45876096747266, 43.819365061998745], [4.45877005069683, 43.81939945027279], [4.458783705027749, 43.819433036940424], [4.458801801294085, 43.81946550424889], [4.45882416829996, 43.819496545034774], [4.458842107850223, 43.81951644950469], [4.458828878313416, 43.81953400040613], [4.458819118897636, 43.819550678458505], [4.458798805360709, 43.819576925132594], [4.458778947447841, 43.819609944654275], [4.458763745892224, 43.81964423566513], [4.45875335287288, 43.81967945490558], [4.458747872435106, 43.819715249823574], [4.458747359448598, 43.819751262103665], [4.458751819057841, 43.81978713125396], [4.458758973613862, 43.819823937482624], [4.458768104408706, 43.819858540799004], [4.458781863232033, 43.81989233212543], [4.4588001183005606, 43.81992498778558], [4.458822694762078, 43.81995619498076], [4.45884937637006, 43.81998565478616], [4.458877964384552, 43.82001133920673], [4.458884719970929, 43.82002844174249], [4.458902424090616, 43.82006094359929], [4.4589243967385155, 43.82009204960671], [4.458950430912763, 43.82012146670882], [4.458951926155644, 43.820122841764736], [4.4589593922993505, 43.82015350215027], [4.458972611951942, 43.820187669898424], [4.458990413524803, 43.82022072924952], [4.459001624806979, 43.82023669509415], [4.459003964698379, 43.82025015480182], [4.459012444858774, 43.82028500608221], [4.459024707171054, 43.82031674780351], [4.459023316926938, 43.82032572952107], [4.45902271124168, 43.82036146908698], [4.459027003830274, 43.82039707595575], [4.459044235095231, 43.820487750220856], [4.4590534713289385, 43.82052313673129], [4.459067544897665, 43.82055767791622], [4.459086314939783, 43.8205910280335], [4.4591095935831175, 43.820622853262414], [4.459137147825179, 43.82065283504521], [4.459168701865199, 43.82068067327577], [4.4592039398646115, 43.820706089303705], [4.459242509108375, 43.82072882872358], [4.459284023535466, 43.82074866392158], [4.459284832483961, 43.82074897124303], [4.460464148798497, 43.82073318285641]]]}}, {"type": "Feature", "properties": {"zone": "manduel", "libelle": "Manduel", "tissu": "Bourg de plaine", "note": "Relev\u00e9 \u00e0 la main par le d\u00e9monstrateur (D24) : sert de corrig\u00e9 au protocole.", "maille": "3269_25214", "surf_zone_m2": 13728, "aires_connues": 0}, "geometry": {"type": "MultiPolygon", "coordinates": [[[[4.460464148798497, 43.82073318285641], [4.459284832483961, 43.82074897124303], [4.459328067603249, 43.820765396353885], [4.459374200446991, 43.820778858534254], [4.459421960292917, 43.82078891571044], [4.459470869080601, 43.820795467213166], [4.459508127621582, 43.82079770735849], [4.45953624753854, 43.82080949749304], [4.459579989175102, 43.82082395133975], [4.459625454684019, 43.82083527814696], [4.459672218790723, 43.82084337196586], [4.459719844073153, 43.82084815708837], [4.459767885053531, 43.820849588755316], [4.459815892365498, 43.82084765357516], [4.459859316794277, 43.82084437209125], [4.459907945759492, 43.820838924491134], [4.459955592711427, 43.820830022844845], [4.459979861664523, 43.8208235779299], [4.460023468544013, 43.8208188644795], [4.460071251254463, 43.82081195151175], [4.460117869756288, 43.82080168489022], [4.460122835477459, 43.82080019299999], [4.460234862285455, 43.82079002979959], [4.460282877151377, 43.82078392979457], [4.460329836055726, 43.82077445432519], [4.460354443941192, 43.820767546023205], [4.460453799252192, 43.82075802068363], [4.460464746457205, 43.82075657643], [4.460464148798497, 43.82073318285641]]], [[[4.457414831061617, 43.823024100722236], [4.458941231514352, 43.82300369019613], [4.458915361653482, 43.82297705343884], [4.458883538162566, 43.82295030014731], [4.458848247690065, 43.82292593282159], [4.458835602887447, 43.82291877508356], [4.458821288398789, 43.82288542330484], [4.458802503800803, 43.822853134678695], [4.458779472598999, 43.82282232119861], [4.458752412992005, 43.82279327478384], [4.45872158134142, 43.8227662706125], [4.458687269742976, 43.82274156451454], [4.458649803259202, 43.82271939054839], [4.458609536839834, 43.82269995878341], [4.458566851959146, 43.822683453310106], [4.458522153002056, 43.82267003049596], [4.458475863433212, 43.82265981750429], [4.458428421785403, 43.8226529110895], [4.458230211641541, 43.82263126046391], [4.458181634586307, 43.822627709679594], [4.4581328107331855, 43.8226276257401], [4.458084210934937, 43.82263100945495], [4.4580363038836825, 43.8226378281919], [4.457989551591127, 43.82264801619172], [4.457944404933184, 43.82266147520227], [4.457901299301988, 43.82267807542595], [4.457860650407162, 43.82269765677149], [4.45782285026687, 43.82272003039768], [4.457788263427296, 43.82274498053453], [4.457757223446991, 43.82277226656404], [4.457730029680001, 43.82280162534046], [4.45772655607809, 43.822806312184355], [4.457696384252592, 43.82279232678468], [4.457652870916873, 43.822776276081456], [4.457616479696281, 43.82276596769665], [4.4576174282711145, 43.822731687261964], [4.457614304277259, 43.82265792502535], [4.4576104663740965, 43.82262298474309], [4.457601953083209, 43.82258848036153], [4.4575888451333014, 43.82255473904029], [4.457571266817596, 43.82252208070334], [4.457549384815042, 43.8224908150055], [4.457523406609673, 43.822461238396656], [4.4574935785231125, 43.82243363131087], [4.457460183378874, 43.822408255507526], [4.457423537820646, 43.822385351589574], [4.4573982159597385, 43.822372408550244], [4.457414831061617, 43.823024100722236]]], [[[4.458927913112468, 43.82135992893504], [4.458914338595157, 43.82132665618691], [4.458896403020737, 43.82129448418068], [4.458874273012753, 43.821263711785], [4.458848154158881, 43.82123462486603], [4.458818289100898, 43.821207493631945], [4.458784955280448, 43.821182570122836], [4.458748462361621, 43.82116008586947], [4.4587091493542195, 43.82114024974249], [4.458667381464484, 43.82112324601217], [4.458623546702523, 43.82110923263673], [4.458578052277934, 43.82109833979498], [4.458531320817138, 43.821090668677186], [4.458416581708786, 43.821076002428676], [4.458367819759607, 43.821071555597285], [4.458318689671692, 43.82107061640236], [4.458269671571286, 43.82107319402226], [4.458221244490294, 43.821079263267066], [4.458173881685173, 43.821088764824786], [4.458128046012257, 43.821101605840994], [4.458084185404694, 43.82111766082613], [4.458042728495162, 43.82113677288183], [4.458004080427176, 43.821158755234116], [4.4579686188958725, 43.821183393058625], [4.457936690456981, 43.82121044557985], [4.457908607140038, 43.82123964842401], [4.4578846433989545, 43.82127071620271], [4.457865033429725, 43.82130334530168], [4.457849968881513, 43.8213372168479], [4.45783959698347, 43.82137199982577], [4.457838458733398, 43.82137700515953], [4.457824004732047, 43.82140162766701], [4.457809665795891, 43.821434471060016], [4.457799728296736, 43.821468156405025], [4.457753917852202, 43.82167037958925], [4.457748465311129, 43.821704679011596], [4.4577475764651835, 43.82173919888114], [4.457751259499956, 43.82177362161673], [4.45775948053984, 43.82180763053027], [4.457772163959398, 43.82184091274019], [4.457789193078818, 43.82187316205011], [4.457810411237106, 43.82190408176571], [4.457835623233132, 43.8219333874245], [4.457864597121294, 43.821960809412964], [4.457897066345266, 43.821986095447045], [4.457932732190239, 43.82200901289327], [4.457971266531036, 43.82202935090909], [4.458012314850917, 43.822046922382675], [4.458055499503186, 43.82206156565462], [4.458100423185681, 43.822073146005], [4.458146672596124, 43.82208155689321], [4.458193822234724, 43.82208672093798], [4.45823492297225, 43.82208977152409], [4.458283217903458, 43.82209164391053], [4.458331535592123, 43.82209010987116], [4.458379418777687, 43.8220851839236], [4.4584264143117975, 43.82207691268517], [4.4584720774469675, 43.82206537443179], [4.4585159760457085, 43.82205067835716], [4.458557694670293, 43.822032963539286], [4.4585968385144445, 43.822012397624256], [4.45863303713972, 43.821989175239636], [4.458665947981239, 43.821963516152465], [4.458695259589567, 43.82193566318945], [4.458720694578077, 43.82190587993877], [4.4587420122479005, 43.821874448255606], [4.458759010865618, 43.821841665594626], [4.458770936600823, 43.82180944430285], [4.458774488281428, 43.82180400621413], [4.458791075573004, 43.82177029753473], [4.458796545850471, 43.82175430725619], [4.458800919734147, 43.82175112174353], [4.458831659888526, 43.821723858618675], [4.4588585758486365, 43.82169455228174], [4.458881410310667, 43.82166348289412], [4.458899944990008, 43.82163094747099], [4.458914002707787, 43.82159725704201], [4.458923449084404, 43.821562733677716], [4.458936707958782, 43.821497752808995], [4.458941418413734, 43.82146322684902], [4.458941516214657, 43.82142853292313], [4.458937000461379, 43.82139399333027], [4.458927913112468, 43.82135992893504]]]]}}, {"type": "Feature", "properties": {"zone": "manduel", "libelle": "Manduel", "tissu": "Bourg de plaine", "note": "Relev\u00e9 \u00e0 la main par le d\u00e9monstrateur (D24) : sert de corrig\u00e9 au protocole.", "maille": "3269_25215", "surf_zone_m2": 14464, "aires_connues": 0}, "geometry": {"type": "Polygon", "coordinates": [[[4.457414831061617, 43.823024100722236], [4.457430913889006, 43.82365490165408], [4.457466063893191, 43.82365094466465], [4.457512887210028, 43.82364223320524], [4.45755832052671, 43.823630270397366], [4.457601934251322, 43.823615169354944], [4.457643315997919, 43.82359707286528], [4.457682074485957, 43.82357615203884], [4.4577178432401166, 43.82355260469125], [4.457750284055527, 43.82352665347279], [4.4577790901956265, 43.82349854376308], [4.457803989292409, 43.82346854135067], [4.4578233538415235, 43.8234390499979], [4.457838490763983, 43.82344993258936], [4.45787656342649, 43.82347236564558], [4.457917506005831, 43.82349197110927], [4.457960919384641, 43.82350855786068], [4.458006380358315, 43.823521964207025], [4.4580534457606475, 43.82353205945911], [4.458063286848066, 43.82353342419058], [4.458085789900113, 43.82354660750173], [4.458126497393938, 43.82356601140345], [4.458169633421805, 43.823582436354236], [4.458214783450953, 43.82359572451116], [4.4582615135931976, 43.82360574817568], [4.458309374774735, 43.823612411020754], [4.458357907051925, 43.82361564901668], [4.458499738740398, 43.82362005252869], [4.458549082928198, 43.823619809927635], [4.458598150854786, 43.82361602707096], [4.458646459152728, 43.823608741223595], [4.458693531938101, 43.823598024158315], [4.458738905498655, 43.82358398144881], [4.458782132862049, 43.82356675142952], [4.45880910336817, 43.82355331929895], [4.458801181762535, 43.82357355756081], [4.458792483614176, 43.823608881053275], [4.45877837169741, 43.823689174234076], [4.45877463016999, 43.82372353681656], [4.458775445472123, 43.82375800095362], [4.458780810135903, 43.82379225061754], [4.458790674976687, 43.82382597174667], [4.458804949543832, 43.82385885512538], [4.458823502949825, 43.82389059921944], [4.458846165070237, 43.82392091294115], [4.4588727281035165, 43.82394951831857], [4.458902948476318, 43.82397615304465], [4.458936549076888, 43.824000572882504], [4.458973221796063, 43.82402255390517], [4.4590126303525395, 43.82404189454908], [4.459054413376561, 43.82405841746248], [4.45909818772369, 43.82407197113173], [4.459143551988315, 43.82408243127081], [4.459190090184647, 43.82408970196105], [4.459257427729749, 43.82409780141431], [4.459305734907012, 43.824101866191874], [4.459354359500753, 43.82410249452955], [4.459402836260591, 43.824099680415245], [4.45945070135073, 43.824093450775045], [4.459497496788288, 43.8240838652155], [4.459542774825597, 43.8240710154532], [4.459586102234559, 43.824055024437364], [4.459594048461186, 43.82405134266781], [4.459602227420892, 43.82404943657147], [4.459647811435786, 43.82403503381903], [4.459691179792421, 43.82401740578057], [4.459731898492076, 43.82399672886562], [4.459769560053233, 43.82397320999454], [4.4598037875894505, 43.82394708452782], [4.45983423858097, 43.823918613910514], [4.459860608302351, 43.823888083055905], [4.4598826328718095, 43.82385579749414], [4.459900091891759, 43.82382208031461], [4.4599128106541395, 43.823787268932676], [4.459920661888456, 43.823751711712916], [4.459927038244294, 43.82370932401002], [4.459929939116411, 43.8236737244174], [4.459927960367942, 43.82363809171392], [4.4599211214295575, 43.82360277563763], [4.459909489434819, 43.82356812281824], [4.459893178560931, 43.82353447337488], [4.459872348907753, 43.82350215757784], [4.459847204926136, 43.82347149260715], [4.459817993410984, 43.82344277943937], [4.459785001078769, 43.8234162998937], [4.459775650307772, 43.82341014648102], [4.459753447094819, 43.82339248638283], [4.459717871033466, 43.82336916632418], [4.459679355258215, 43.82334843828471], [4.4596382586372245, 43.82333049539486], [4.459594964084174, 43.82331550483464], [4.45954987499061, 43.82330360627606], [4.459503411467546, 43.82329491058191], [4.459456006431318, 43.82328949877273], [4.459387496001554, 43.82328411530312], [4.459338218296727, 43.823282027668135], [4.4592888975405405, 43.82328348818984], [4.459240019906953, 43.82328848247129], [4.459192067202136, 43.823296961281955], [4.459145512115373, 43.82330884104287], [4.459140716056608, 43.82331046806659], [4.459116461964414, 43.82331585093365], [4.459070761486808, 43.82332972967806], [4.459027196434092, 43.82334683350932], [4.458997662857419, 43.82336135579529], [4.459005839628784, 43.82334022860489], [4.459014378116289, 43.82330504122341], [4.45901805680502, 43.82326941434487], [4.459020200392014, 43.82320728226305], [4.4590190257308695, 43.82317198513681], [4.459013080505043, 43.823136941130215], [4.459002421922938, 43.82310248740568], [4.458987152540233, 43.823068955445876], [4.458967419272869, 43.823036667864486], [4.458943411983281, 43.82300593530234], [4.458941231514352, 43.82300369019613], [4.457414831061617, 43.823024100722236]]]}}, {"type": "Feature", "properties": {"zone": "manduel", "libelle": "Manduel", "tissu": "Bourg de plaine", "note": "Relev\u00e9 \u00e0 la main par le d\u00e9monstrateur (D24) : sert de corrig\u00e9 au protocole.", "maille": "3269_25216", "surf_zone_m2": 17347, "aires_connues": 0}, "geometry": {"type": "MultiPolygon", "coordinates": [[[[4.459108054148349, 43.82750171047055], [4.459132661740095, 43.827474903657844], [4.459155007785292, 43.82744466368995], [4.459173277214183, 43.827413021386825], [4.459187304192615, 43.827380263982086], [4.4591969613980575, 43.82734668883115], [4.459202161175124, 43.827312600712006], [4.459202856330992, 43.82727830905853], [4.459199040563504, 43.8272441251516], [4.459190748518083, 43.82721035929341], [4.459178055472954, 43.82717731799087], [4.459161076655533, 43.82714530117316], [4.459139966196204, 43.82711459946935], [4.459114915728992, 43.82708549157021], [4.459086152651836, 43.82705824169852], [4.459053938062267, 43.82703309721072], [4.458979234793398, 43.826980093540456], [4.458943700983343, 43.82695718890859], [4.458905305949043, 43.8269368479418], [4.458864401251244, 43.82691925688878], [4.4588213614289245, 43.82690457681888], [4.45877658056999, 43.82689294214744], [4.45874091715585, 43.82688638150517], [4.458735888785991, 43.82688458528541], [4.458688904843013, 43.82687188085607], [4.458640392061276, 43.82686266782127], [4.45859084406025, 43.82685703992381], [4.458540764992211, 43.82685505442768], [4.458376646728653, 43.8268545490899], [4.458327992546546, 43.826856126132434], [4.458279784893229, 43.82686114176241], [4.458232486307922, 43.82686954785624], [4.458186550608071, 43.826881263759844], [4.458142418535308, 43.826896177062345], [4.458100513526853, 43.82691414467461], [4.458061237652879, 43.82693499420209], [4.458024967758859, 43.82695852559874], [4.4580072052794195, 43.826972549284115], [4.45798269766205, 43.82698784845935], [4.457948717057486, 43.82701373334949], [4.457918446339137, 43.827041928402984], [4.457892183431586, 43.827072156129375], [4.457870186816521, 43.827104119032555], [4.457852672988615, 43.8271375025385], [4.457839814324588, 43.827171978091386], [4.457831737386418, 43.82720720638689], [4.457828521675414, 43.82724284071162], [4.457826812647768, 43.82732206807347], [4.457828461765594, 43.82735751441462], [4.457834921179214, 43.82739267120958], [4.457846128189425, 43.82742719715612], [4.457861974006839, 43.827460757075656], [4.457882304807712, 43.827493025167236], [4.457902225342254, 43.82751783681253], [4.459108054148349, 43.82750171047055]]], [[[4.458904589837864, 43.82574471283553], [4.458868212864629, 43.82576773346806], [4.4588350938925965, 43.82579320160898], [4.458805545667703, 43.82582087676352], [4.458779847218642, 43.82585049759591], [4.458758241221893, 43.825881784396806], [4.458740931709964, 43.82591444172476], [4.458728082144507, 43.825948161195846], [4.4587198138724835, 43.82598262439573], [4.458716204980005, 43.826017505886426], [4.458717289554653, 43.82605247627935], [4.458720647643693, 43.82608663329332], [4.45872653736421, 43.82612187961296], [4.458737194424633, 43.82615653443666], [4.458752515159239, 43.826190260634505], [4.458772350532324, 43.82622273010983], [4.4587965075877625, 43.826253626991104], [4.458824751325891, 43.82628265070492], [4.458856806989446, 43.82630951890004], [4.4588923627363375, 43.826333970194426], [4.458931072673254, 43.82635576671803], [4.458972560220599, 43.82637469642697], [4.459016421776003, 43.82639057516655], [4.459062230640798, 43.82640324846274], [4.459064830530219, 43.82640376198177], [4.459069570274653, 43.826410733589306], [4.45909488789448, 43.82644035025274], [4.459124040711889, 43.826468056802476], [4.459156755784938, 43.82649359383203], [4.459192726818341, 43.82651672224696], [4.459231617031141, 43.82653722550359], [4.459273062309874, 43.826554911636485], [4.459316674617677, 43.82656961505589], [4.4593620456274685, 43.82658119809813], [4.459408750545109, 43.82658955231462], [4.459456352086811, 43.826594599487265], [4.459681780020624, 43.8266104835228], [4.459729559664955, 43.82661217619911], [4.459777342853819, 43.826610536803685], [4.459824687261744, 43.82660558051227], [4.459871154625244, 43.826597353204924], [4.45991631480002, 43.826585931041244], [4.459959749742962, 43.826571419755346], [4.460001057382128, 43.826553953676964], [4.460039855338803, 43.82653369448799], [4.460075784467255, 43.82651082972573], [4.460108512179342, 43.82648557104671], [4.460137735523245, 43.82645815226743], [4.460163183987801, 43.826428827199734], [4.460184622006464, 43.826397867301424], [4.460201851137778, 43.82636555916305], [4.460214711902093, 43.826332201855216], [4.460223085257615, 43.82629810415991], [4.460238300662122, 43.82621239556011], [4.460238810275014, 43.82620942741732], [4.460254969603881, 43.826112005514915], [4.460258421237378, 43.82607612312703], [4.460256909188013, 43.826040170493535], [4.460250448563256, 43.82600450660949], [4.460239103882938, 43.82596948758605], [4.460222988434644, 43.825935463094616], [4.460202263142182, 43.825902772875395], [4.460177134958419, 43.82587174334503], [4.460147854798581, 43.825842684337466], [4.460114715034616, 43.82581588601018], [4.460078046575682, 43.82579161594716], [4.460038215563903, 43.82577011648705], [4.459995619718382, 43.82575160230352], [4.459950684364008, 43.82573625826187], [4.459903858184647, 43.82572423757315], [4.459855608743174, 43.82571566026447], [4.459806417813044, 43.825710611980625], [4.45970649720491, 43.82570402302572], [4.459691671645419, 43.825697348478], [4.459647578044728, 43.82568163391189], [4.459601556933445, 43.82566914775565], [4.459554057972728, 43.82566001200812], [4.4595055452626235, 43.82565431593213], [4.459456492807705, 43.825652115182436], [4.459407379885952, 43.82565343126196], [4.459170309002062, 43.825668304229204], [4.459122433797258, 43.82567301361285], [4.459075415990943, 43.825681064938095], [4.4590296995687995, 43.82569238217698], [4.4589857162283035, 43.8257068584618], [4.458943881302437, 43.825724357094096], [4.458904589837864, 43.82574471283553]]]]}}, {"type": "Feature", "properties": {"zone": "manduel", "libelle": "Manduel", "tissu": "Bourg de plaine", "note": "Relev\u00e9 \u00e0 la main par le d\u00e9monstrateur (D24) : sert de corrig\u00e9 au protocole.", "maille": "3269_25217", "surf_zone_m2": 28428, "aires_connues": 0}, "geometry": {"type": "MultiPolygon", "coordinates": [[[[4.459936091291292, 43.82974076014529], [4.459948084347176, 43.82971287451354], [4.459957946230052, 43.82967832970056], [4.459963090132576, 43.82964325197098], [4.459963466664716, 43.82960797818877], [4.459959072219308, 43.82957284710009], [4.459910380290906, 43.829321484072054], [4.459901155123625, 43.8292865283336], [4.459887207055463, 43.829252402900714], [4.459868672430907, 43.829219441334324], [4.459845732425123, 43.829187965818456], [4.459818611272788, 43.829158284011164], [4.459790373940657, 43.829133175651215], [4.459779726118123, 43.829064168861706], [4.459772112420766, 43.82902989984199], [4.459759974937991, 43.82899632100614], [4.459743426531059, 43.82896374456765], [4.45972262107295, 43.82893247341923], [4.459697752017423, 43.828902798316626], [4.459669050600084, 43.82887499517529], [4.459662510438534, 43.82886979159932], [4.459662406542316, 43.82886959869513], [4.459639831006986, 43.8288375619541], [4.459612952226196, 43.828807315992286], [4.459582038524895, 43.82877916274094], [4.45954739850541, 43.82875338324036], [4.4595093779666986, 43.82873023483437], [4.45946835645236, 43.82870994860163], [4.4594247434618435, 43.828692727049], [4.459378974362705, 43.82867874208999], [4.459331506044692, 43.82866813332887], [4.459282812359038, 43.828661006667055], [4.459233379388483, 43.828657433246086], [4.459183700595231, 43.82865744873742], [4.459134271895265, 43.82866105298637], [4.458844026109862, 43.82869288717018], [4.458859502609328, 43.82848909171345], [4.458859789267597, 43.8284538004419], [4.458855300803286, 43.828418658469964], [4.458846080371033, 43.82838400360401], [4.458832216611676, 43.8283501689674], [4.458813842799877, 43.82831747979841], [4.458791135562709, 43.82828625032377], [4.458764313181565, 43.82825678073838], [4.458733633493706, 43.828229354319575], [4.458699391413635, 43.82820423470429], [4.458661916098118, 43.828181663354954], [4.4586215677821155, 43.828161857238484], [4.458578734316042, 43.82814500674078], [4.4585338274376145, 43.8281312738368], [4.458487278814164, 43.828120790533546], [4.458439535893405, 43.82811365760136], [4.458391057602558, 43.828109943605185], [4.458242010706125, 43.828103852368606], [4.458243338760585, 43.82802663440957], [4.4582416179291915, 43.82799189833448], [4.458235277370251, 43.827957444360116], [4.4582243762127085, 43.82792359374234], [4.458209016108989, 43.827890662110626], [4.458189340286894, 43.82785895652508], [4.458165532213862, 43.82782877261345], [4.458137813886062, 43.827800391814705], [4.458106443758307, 43.827774078754864], [4.458071714334037, 43.82775007877978], [4.45803394943792, 43.827728615667525], [4.457993501196447, 43.827709889541985], [4.4579507467546975, 43.82769407500695], [4.457906084759887, 43.8276813195182], [4.45790373737484, 43.82768083239879], [4.4579036641176675, 43.82768078494456], [4.457864896991785, 43.82766018545923], [4.457823562443893, 43.82764239355453], [4.457780047119268, 43.827627575655754], [4.457734758061139, 43.82761587036921], [4.457688118903335, 43.8276073871858], [4.4576405659078056, 43.82760220545697], [4.457592543884043, 43.82760037365242], [4.457531510291231, 43.82760018522404], [4.457553654927074, 43.82846860237825], [4.457635376876399, 43.8284681863857], [4.457715276980809, 43.828469135636404], [4.457702438843944, 43.82863880818409], [4.457671735010421, 43.828657141380894], [4.457637216864541, 43.82868226907695], [4.457606278985906, 43.82870973220355], [4.45757922124085, 43.82873926457837], [4.457561185464704, 43.82876391169474], [4.457570990387644, 43.82914840632285], [4.457573452505414, 43.82915359883753], [4.457593920261144, 43.82918594600797], [4.457618699178574, 43.82921667235749], [4.457647547174687, 43.82924547768989], [4.457680182410349, 43.829272080576814], [4.457716286043754, 43.82929622110749], [4.457755505345419, 43.829317663428014], [4.457797457144359, 43.82933619804591], [4.457841731571705, 43.82935164387683], [4.457887896065256, 43.829363850014005], [4.4579354995957825, 43.82937269720251], [4.457984077073805, 43.82937809900463], [4.45803315389377, 43.829380002644285], [4.458198522258332, 43.829380491882254], [4.458247966028145, 43.829378854705325], [4.458296939987919, 43.82937366697571], [4.458344958853635, 43.829364980098816], [4.458391546805848, 43.82935288015308], [4.458436242204826, 43.829337487037236], [4.4584511751972125, 43.82933095340761], [4.45846102949933, 43.82934148842017], [4.458465951684853, 43.829345768002575], [4.458473309617059, 43.829359177207984], [4.458471399785935, 43.829363583825454], [4.458461377953943, 43.82939848596907], [4.458456173997447, 43.82943393458367], [4.458455838964333, 43.8294695819995], [4.458460376149598, 43.82950507859632], [4.45850321795862, 43.82972231844372], [4.458512474346418, 43.82975699544387], [4.458513623272838, 43.82975979241614], [4.459936091291292, 43.82974076014529]]], [[[4.457902225342254, 43.82751783681253], [4.4579069232269655, 43.827523688170444], [4.457935590273995, 43.827552448406664], [4.4579680276525995, 43.827579026669014], [4.4580039204625725, 43.82760316493303], [4.4580429202567, 43.82762462886166], [4.458084648423509, 43.82764321008036], [4.4581286998629, 43.82765872820009], [4.45817464691902, 43.827671032568695], [4.458222043532135, 43.82768000373347], [4.45827042956924, 43.827685554600905], [4.458319335291321, 43.827687631282274], [4.458368583706698, 43.82768796293578], [4.458377207273718, 43.82769035100557], [4.458423723761365, 43.827699608696264], [4.458471260574494, 43.827705559218884], [4.458519370196325, 43.827708146554464], [4.458603950627661, 43.827709715519816], [4.458651874673499, 43.82770893103255], [4.458699471638528, 43.827704809115495], [4.458746299103855, 43.82769738808234], [4.458791921803561, 43.82768673691247], [4.458835915670765, 43.82767295460962], [4.458877871779542, 43.8276561692817], [4.4589174001460785, 43.82763653694995], [4.458954133353721, 43.827614240098576], [4.45904336597938, 43.82755454296646], [4.45907658632865, 43.82753009379184], [4.459106441919217, 43.827503466786204], [4.459108054148349, 43.82750171047055], [4.457902225342254, 43.82751783681253]]]]}}, {"type": "Feature", "properties": {"zone": "manduel", "libelle": "Manduel", "tissu": "Bourg de plaine", "note": "Relev\u00e9 \u00e0 la main par le d\u00e9monstrateur (D24) : sert de corrig\u00e9 au protocole.", "maille": "3270_25208", "surf_zone_m2": 12592, "aires_connues": 0}, "geometry": {"type": "MultiPolygon", "coordinates": [[[[4.46190018748997, 43.80946337373844], [4.46189796568562, 43.80946049115524], [4.46187070586438, 43.80943197312805], [4.461839782520356, 43.80940548744842], [4.46180548276583, 43.809381280022286], [4.461768125060096, 43.80935957560272], [4.461728056252713, 43.80934057570353], [4.461685648363197, 43.80932445672833], [4.461641295127105, 43.8093113683328], [4.461595408340529, 43.80930143203525], [4.461548414036954, 43.80929474008849], [4.461500748531965, 43.80929135462341], [4.461391277958036, 43.8092874217972], [4.4613416403552915, 43.80928743558194], [4.461292252160431, 43.80929103457358], [4.461243605905082, 43.809298182880624], [4.461196186722169, 43.809308809215466], [4.461150467508109, 43.80932280760533], [4.461106904206989, 43.809340038448966], [4.461065931263769, 43.80936032990877], [4.461027957291826, 43.809383479624465], [4.460993360998057, 43.80940925673098], [4.460962487406156, 43.809437404160775], [4.460935644415728, 43.80946764120733], [4.460929488784106, 43.80947638539341], [4.46190018748997, 43.80946337373844]]], [[[4.460166927609558, 43.809097012372526], [4.460183649107687, 43.80908858092137], [4.4602210345907904, 43.809065441434775], [4.460255079434204, 43.80903973970095], [4.46028545034794, 43.80901172733669], [4.460311850010614, 43.80898167857924], [4.460334019980073, 43.808949887601365], [4.460351743223323, 43.808916665631415], [4.460364846241017, 43.8088823379063], [4.460367939697737, 43.808869342277184], [4.4603781508027325, 43.80887450250539], [4.460421487525015, 43.80889203084813], [4.460467022316098, 43.80890634151984], [4.460514301047586, 43.80891729179652], [4.460562852197401, 43.808924772468195], [4.460612191552623, 43.80892870892809], [4.460866010619682, 43.80893970883878], [4.460913537298883, 43.80894011979433], [4.460960900883408, 43.80893724139537], [4.461007668269327, 43.80893109996274], [4.461053411804803, 43.80892175165518], [4.461097713200845, 43.80890928195582], [4.461140167356416, 43.808893804890566], [4.461144429733117, 43.80889186091153], [4.461178947184792, 43.80888418472738], [4.461223016479309, 43.80887091673028], [4.4612651254401685, 43.80885464903083], [4.461304885833548, 43.808835531613845], [4.461341931079962, 43.80881374073778], [4.461375919634092, 43.80878947730956], [4.461406538133789, 43.80876296503223], [4.461433504289155, 43.80873444834234], [4.461456569485095, 43.80870419015625], [4.461475521073345, 43.808672469445945], [4.46149018433287, 43.808639578667076], [4.46150042408049, 43.80860582106237], [4.46150614591699, 43.80857150786593], [4.461527913109444, 43.80835340601978], [4.461529040251587, 43.80831815446473], [4.461525399331796, 43.8082829921833], [4.461517025297263, 43.808248256594496], [4.461503998514023, 43.80821428102219], [4.46148644399546, 43.80818139149643], [4.461464530202363, 43.808149903625036], [4.461438467426134, 43.80812011956498], [4.461408505770602, 43.80809232512307], [4.461374932751881, 43.80806678701335], [4.461338070539255, 43.80804375029791], [4.461298272863609, 43.808023436035256], [4.461255921623052, 43.80800603915926], [4.461211423218314, 43.80799172660866], [4.461165204653066, 43.80798063572517], [4.461117709436601, 43.807972872935665], [4.46106939332814, 43.80796851273092], [4.4609670466899045, 43.8079629452813], [4.460944474516161, 43.8079498539152], [4.460903127293936, 43.80793040534674], [4.460859322912523, 43.80791401899553], [4.460813492374328, 43.80790085609027], [4.460766086616509, 43.807891046143304], [4.460717572074298, 43.80788468567657], [4.460668426091869, 43.80788183727189], [4.460617442320809, 43.80788072025513], [4.46056879291687, 43.807881379970354], [4.460520465696237, 43.80788548140567], [4.460472923796279, 43.80789298525555], [4.460426622828771, 43.807903819607915], [4.460382006513821, 43.80791788063325], [4.4603395024277335, 43.80793503357952], [4.460299517905549, 43.807955114063596], [4.4602624361375, 43.80797792964638], [4.4602286124968105, 43.80800326167708], [4.460198371134022, 43.80803086738838], [4.46017200187047, 43.80806048222305], [4.460149757420687, 43.80809182236911], [4.46014163718357, 43.808106680733005], [4.460166927609558, 43.809097012372526]]]]}}, {"type": "Feature", "properties": {"zone": "manduel", "libelle": "Manduel", "tissu": "Bourg de plaine", "note": "Relev\u00e9 \u00e0 la main par le d\u00e9monstrateur (D24) : sert de corrig\u00e9 au protocole.", "maille": "3270_25209", "surf_zone_m2": 20861, "aires_connues": 0}, "geometry": {"type": "MultiPolygon", "coordinates": [[[[4.460225341522317, 43.81138427670259], [4.46024968568671, 43.81136233080441], [4.460275734288378, 43.811333618901635], [4.460297884482062, 43.811303239511545], [4.460315934513044, 43.81127146935316], [4.460329719974916, 43.81123859781322], [4.4603391153068985, 43.81120492431017], [4.460344034937291, 43.81117075556679], [4.460344434062645, 43.811136402816274], [4.460342088529604, 43.81109323218057], [4.460337815480623, 43.811058224308105], [4.460328848472236, 43.811023685053954], [4.460315272991904, 43.81098994366757], [4.460297218457269, 43.81095732179202], [4.4602748569821875, 43.81092613039797], [4.460261035117005, 43.8109107367976], [4.460260257505001, 43.8108777478452], [4.460254159020211, 43.8108410556715], [4.460251375390638, 43.81082939240038], [4.46024103038762, 43.810795741147906], [4.460226287324409, 43.81076296091407], [4.460208727595609, 43.81073375747175], [4.460225341522317, 43.81138427670259]]], [[[4.460929488784106, 43.80947638539341], [4.460913099731583, 43.809499666324484], [4.460895078193797, 43.809533160133554], [4.460881759535199, 43.8095677886084], [4.460873276588654, 43.80960320640647], [4.460869713962023, 43.80963906031279], [4.460867020121805, 43.80972820057227], [4.460868470535458, 43.809764657730405], [4.460875007940096, 43.809800821452676], [4.4608865652278284, 43.80983632045766], [4.460902720127675, 43.809870154392605], [4.460888691777587, 43.80987363527708], [4.460844183899449, 43.809888362367374], [4.460801891313738, 43.80990618732291], [4.46076222390968, 43.809926937389655], [4.460725566135224, 43.809950411464165], [4.460692273271132, 43.80997638204239], [4.460662667987702, 43.81000459742459], [4.460637037217447, 43.81003478415459], [4.460615629374119, 43.810066649669935], [4.460598651944944, 43.81009988513728], [4.460586269479485, 43.81013416844545], [4.460578601994584, 43.810169167327224], [4.460571169067491, 43.810218769228484], [4.460568304198127, 43.810253254892494], [4.460570017856221, 43.81028778061077], [4.460576294263979, 43.81032202833583], [4.460587075611779, 43.81035568258048], [4.460602262590413, 43.81038843332403], [4.46062171530564, 43.810419978868254], [4.460645254566632, 43.81045002861663], [4.460672663536462, 43.81047830575142], [4.460690142758762, 43.810493090852496], [4.460692003035114, 43.810496226044954], [4.4607163241146885, 43.810527958266285], [4.460744934017054, 43.81055775567888], [4.460777541909041, 43.810585315371114], [4.460813816313694, 43.81061035717896], [4.460853388479872, 43.810632626534094], [4.460895856130839, 43.81065189705192], [4.460940787553735, 43.81066797283308], [4.460987725988374, 43.8106806904549], [4.461036194270698, 43.8106899206329], [4.461085699683743, 43.81069556953517], [4.4611654002033, 43.81070170177092], [4.461212781739456, 43.81070369719981], [4.461260210087295, 43.8107024110052], [4.461306879358237, 43.81069789108422], [4.461352200636969, 43.81069654432281], [4.461400938611776, 43.810691567906645], [4.461448757991868, 43.81068312525678], [4.461495189886582, 43.81067129915731], [4.461539779010927, 43.810656205568684], [4.461582088150049, 43.81063799249042], [4.461621702446487, 43.81061683850989], [4.461658233468128, 43.81059295105116], [4.461691323017005, 43.81056656434092], [4.461720646641563, 43.81053793711175], [4.461745916817965, 43.81050735006502], [4.4617668857692445, 43.81047510311842], [4.461783347894654, 43.81044151246505], [4.461795141785422, 43.81040690747295], [4.461797061109234, 43.81039724790978], [4.461809963741131, 43.81039386142697], [4.461855339993003, 43.810378025018416], [4.461898269978292, 43.81035894423158], [4.461938312831581, 43.81033681501603], [4.4619750573381145, 43.81031186462693], [4.4620081261568085, 43.81028434929099], [4.462037179695292, 43.81025455157516], [4.462061919597232, 43.81022277748463], [4.4620820918061215, 43.81018935332031], [4.46209748917404, 43.8101546223277], [4.462107953588661, 43.81011894117201], [4.4621133775966255, 43.810082676275314], [4.462134038642622, 43.80982138687615], [4.46213440725033, 43.80978559218504], [4.462129864734243, 43.809749947973756], [4.462120456025577, 43.80971480673707], [4.4621062741781525, 43.809680515995], [4.462087459447814, 43.809647414856144], [4.462064197905104, 43.80961583066432], [4.462036719594901, 43.8095860757614], [4.4620052962612435, 43.809558444398526], [4.461970238659839, 43.80953320982646], [4.461934089541274, 43.80951191523894], [4.461921308884585, 43.809490776754494], [4.46190018748997, 43.80946337373844], [4.460929488784106, 43.80947638539341]]], [[[4.462844116045463, 43.81065705174775], [4.462796310110343, 43.81065370701496], [4.4627482815785156, 43.81065371904833], [4.462700478850811, 43.810657087735535], [4.462653348220046, 43.81066378162606], [4.462435598376613, 43.81070270435282], [4.462388758112204, 43.81071287103324], [4.462343523926542, 43.81072632136323], [4.46230033357931, 43.810742925175994], [4.4622596050517425, 43.81076252178638], [4.462221732501687, 43.81078492154602], [4.462187082449169, 43.81080990767847], [4.462155990229371, 43.810837238377026], [4.462128756747323, 43.81086664914478], [4.462105645565761, 43.8108978553542], [4.462086880354294, 43.81093055500155], [4.462072642724585, 43.81096443162955], [4.462063070472518, 43.8109991573899], [4.462058256244359, 43.811034396215945], [4.46205824663982, 43.81106980707513], [4.462063041760751, 43.811105047269336], [4.462072981377576, 43.8111535163076], [4.462082785472629, 43.81118896497389], [4.462097450452321, 43.81122352267556], [4.4621168283918795, 43.81125684081069], [4.462140723823446, 43.81128858328086], [4.462168895707595, 43.811318429881766], [4.4622010598646025, 43.811346079533266], [4.462236891840962, 43.81137125331668], [4.462276030182239, 43.811393697288594], [4.462318080079249, 43.81141318504256], [4.462362617350761, 43.811429519993105], [4.462409192722585, 43.81144253735901], [4.462457336359835, 43.81145210582551], [4.4625065626066585, 43.81145812886913], [4.462556374885606, 43.811460545731414], [4.462606270707204, 43.81145933203187], [4.46265574673918, 43.811454500013866], [4.462704303884193, 43.81144609842123], [4.462921872203876, 43.81139997726318], [4.462967434229972, 43.81138855429566], [4.463011253606731, 43.81137398842457], [4.463052918038532, 43.81135641670047], [4.463092035506666, 43.8113360044559], [4.463128237957937, 43.8113129437497], [4.46316118476773, 43.81128745155984], [4.463190565944926, 43.81125976774177], [4.463216105048554, 43.811230152771515], [4.463237561788695, 43.8111988852949], [4.463254734287193, 43.81116625950549], [4.463267460976906, 43.811132582376715], [4.4632756221216265, 43.81109817077332], [4.4632791409423875, 43.81106334847009], [4.4632779843395625, 43.811028443105386], [4.463272163203979, 43.810993783098546], [4.463262406811576, 43.81095251204835], [4.463252025018659, 43.81091855376503], [4.4632371659513375, 43.810885479586936], [4.463217968345287, 43.81085359830298], [4.463194611441049, 43.81082320756442], [4.463167313310364, 43.81079459110588], [4.463136328820032, 43.81076801609659], [4.463101947252275, 43.81074373064593], [4.463064489603858, 43.81072196148722], [4.463024305589179, 43.810702911861014], [4.462981770375282, 43.810686759617624], [4.462937281079319, 43.81067365555678], [4.462891253061116, 43.81066372201988], [4.462844116045463, 43.81065705174775]]]]}}, {"type": "Feature", "properties": {"zone": "manduel", "libelle": "Manduel", "tissu": "Bourg de plaine", "note": "Relev\u00e9 \u00e0 la main par le d\u00e9monstrateur (D24) : sert de corrig\u00e9 au protocole.", "maille": "3270_25210", "surf_zone_m2": 47980, "aires_connues": 0}, "geometry": {"type": "Polygon", "coordinates": [[[4.460291770056567, 43.81398514441357], [4.463398063193349, 43.81394349724963], [4.463361278479988, 43.81250635570675], [4.463314109924447, 43.81251259577126], [4.463299587325472, 43.812515618886515], [4.4632837321945695, 43.812493374807396], [4.46325786488152, 43.812464315676735], [4.46322826702679, 43.812437187644264], [4.463195211681498, 43.812412240971284], [4.463159003791586, 43.81238970579534], [4.463119977384593, 43.81236979000723], [4.463078492488193, 43.81235267733321], [4.463034931808928, 43.812338525640186], [4.46298969720179, 43.81232746547955], [4.462946609889087, 43.812318574811776], [4.462937909936986, 43.81230364028359], [4.462914365510634, 43.81227230723006], [4.462886654052784, 43.812242815551436], [4.462855047712159, 43.812215454872884], [4.462819856886156, 43.81219049389156], [4.462781427172458, 43.812168177737874], [4.462740135975047, 43.812148725568356], [4.462696388797912, 43.81213232841339], [4.46265061526287, 43.812119147301445], [4.462603264890595, 43.812109311677666], [4.462554802686269, 43.81210291813278], [4.462505704573233, 43.812100029454534], [4.462456452719409, 43.81210067401115], [4.462407530802455, 43.812104845472795], [4.462359419260058, 43.81211250287366], [4.462312590572069, 43.8121235710143], [4.462268160544421, 43.812135867471895], [4.462266657837313, 43.81213634460476], [4.462265168683649, 43.812136703518156], [4.462134545341443, 43.81217355583173], [4.462123394588146, 43.81217382025726], [4.462075500657757, 43.81217835252878], [4.462028440275965, 43.8121862294855], [4.46198265778368, 43.81219737675383], [4.461825944181303, 43.812241780069684], [4.461825474129123, 43.81224193268702], [4.461824506784232, 43.81224110416138], [4.461766179527385, 43.81219598394395], [4.461730906718348, 43.81217126587947], [4.461692439387786, 43.812149187491904], [4.461651152625706, 43.812129964062684], [4.461607449012498, 43.81211378303498], [4.461561754693557, 43.81210080218604], [4.461514515224163, 43.812091148088804], [4.461466191225178, 43.812084914877964], [4.461417253891848, 43.81208216333188], [4.46136818039956, 43.81208292028013], [4.4613194492512696, 43.81208717834198], [4.461271535612015, 43.81209489599815], [4.461224906675956, 43.812105997995786], [4.461180017111115, 43.812120376082134], [4.46113730462622, 43.81213789006006], [4.461097185702886, 43.812158369154986], [4.461095877480353, 43.812159188051226], [4.461070061109982, 43.81215168709399], [4.461024103052163, 43.812141930158475], [4.460977061658888, 43.81213542126877], [4.460929373606795, 43.81213222084562], [4.460881481574994, 43.81213235859789], [4.4608338301359955, 43.81213583324691], [4.460786861629058, 43.812142612538175], [4.460741012054265, 43.81215263354084], [4.46069670702543, 43.812165803231835], [4.460654357819389, 43.812181999359396], [4.460614357558348, 43.81220107157774], [4.460577077560703, 43.81222284284268], [4.4605428638942355, 43.81224711105502], [4.46051203416362, 43.812273650936525], [4.460484874562123, 43.81230221612104], [4.460461637214821, 43.8123325414414], [4.460442537838014, 43.812364345390854], [4.460409357078967, 43.812427792881564], [4.46039408035266, 43.81246210128139], [4.4603836189400745, 43.812497344108664], [4.460378077767773, 43.81253316791278], [4.4603775124175895, 43.81256921341592], [4.460381928568831, 43.81260511911606], [4.460391281940944, 43.81264052491259], [4.460405478737232, 43.812675075717806], [4.460424376585202, 43.812708425018045], [4.460447785964114, 43.812740238349164], [4.460475472105417, 43.81277019665077], [4.460507009618147, 43.81279786983895], [4.460503158207636, 43.812801176439265], [4.460475341013566, 43.812830507361156], [4.4604516587021985, 43.81286168373299], [4.460432342687602, 43.812894400920946], [4.460417581720438, 43.812928339234865], [4.460407134704316, 43.81295728056849], [4.460397332325214, 43.81299093313231], [4.460392009983108, 43.813025109531345], [4.4603916620237, 43.81304018525142], [4.460391242067084, 43.81304046631442], [4.460358417849876, 43.81306728692405], [4.460329439247097, 43.813096338133825], [4.460304593505841, 43.8131273319831], [4.46028412690877, 43.81315996125497], [4.460271388675892, 43.813187179596056], [4.460291770056567, 43.81398514441357]]]}}, {"type": "Feature", "properties": {"zone": "manduel", "libelle": "Manduel", "tissu": "Bourg de plaine", "note": "Relev\u00e9 \u00e0 la main par le d\u00e9monstrateur (D24) : sert de corrig\u00e9 au protocole.", "maille": "3270_25211", "surf_zone_m2": 62323, "aires_connues": 1}, "geometry": {"type": "Polygon", "coordinates": [[[4.463455640413953, 43.81619283856417], [4.463398063193349, 43.81394349724963], [4.460291770056567, 43.81398514441357], [4.46034514261028, 43.81607466465806], [4.460357919115837, 43.816087259828116], [4.460390528428246, 43.81611355265635], [4.460426541208211, 43.81613740338992], [4.460465610344112, 43.816158582139124], [4.460507359263806, 43.816176884768495], [4.460634168679565, 43.816226488739794], [4.460645838710257, 43.81623051444072], [4.463455640413953, 43.81619283856417]]]}}, {"type": "Feature", "properties": {"zone": "manduel", "libelle": "Manduel", "tissu": "Bourg de plaine", "note": "Relev\u00e9 \u00e0 la main par le d\u00e9monstrateur (D24) : sert de corrig\u00e9 au protocole.", "maille": "3270_25212", "surf_zone_m2": 59931, "aires_connues": 0}, "geometry": {"type": "Polygon", "coordinates": [[[4.463513222164953, 43.81844218301571], [4.463455640413953, 43.81619283856417], [4.460645838710257, 43.81623051444072], [4.460679664400142, 43.81624218296121], [4.460687282069329, 43.816244153856246], [4.46067124875794, 43.816273170692384], [4.460657686649119, 43.81630696775331], [4.4606487475476735, 43.81634156229459], [4.460644516919614, 43.816376623593364], [4.4606450352183815, 43.81641181646399], [4.460655846865465, 43.81654307832651], [4.46066093843332, 43.81657728174357], [4.460670516034695, 43.816610977009496], [4.460684492196466, 43.81664385635469], [4.460702739268859, 43.816675619461606], [4.460725090591137, 43.81670597620781], [4.4607513420136495, 43.81673464931597], [4.460755379765344, 43.816738257241134], [4.4607269231357884, 43.81673577921964], [4.460678062299532, 43.81673502419899], [4.460629335194583, 43.81673774680614], [4.460620158847347, 43.816738589738364], [4.460582170636136, 43.8167293275821], [4.460535263908213, 43.81672145027507], [4.460487524717245, 43.81671689593517], [4.46043940095774, 43.81671570729172], [4.460391344132068, 43.816717895496694], [4.460361634795763, 43.816720298674724], [4.460406684696706, 43.818483833573914], [4.461571052225861, 43.818468232820045], [4.461565236257007, 43.81844560968459], [4.461556042399272, 43.81842266536081], [4.4615644452057355, 43.81839928676519], [4.4615721254217595, 43.81836335369344], [4.46157475985552, 43.818327042926], [4.461572321635105, 43.81829072497459], [4.461564835649452, 43.81825477042356], [4.461552525023101, 43.81821083312797], [4.461540507251199, 43.81817663878647], [4.461523923643211, 43.818143460670015], [4.461502933550539, 43.81811161757052], [4.4614777386633415, 43.81808141545181], [4.461448581072361, 43.81805314450994], [4.461415740942634, 43.81802707638484], [4.461379533821412, 43.81800346155041], [4.461365178219759, 43.817995800111454], [4.461369167097041, 43.81796845044934], [4.46136948377622, 43.81793291566738], [4.461364959953076, 43.817897531436905], [4.461346455825829, 43.817803603478104], [4.461352723090051, 43.817782507904624], [4.461358267946276, 43.817746945620996], [4.461358908351135, 43.817711160422924], [4.461354637983386, 43.81767550604868], [4.461338830490341, 43.817592013562056], [4.4613297643879495, 43.81755706222345], [4.461315979461618, 43.81752292922513], [4.461297610270038, 43.81748994772861], [4.461274836116616, 43.81745843965544], [4.461265624924843, 43.81744828185385], [4.4612693427674746, 43.81742383622265], [4.461269797571458, 43.81738764817268], [4.461265231733084, 43.8173516099508], [4.461245236743599, 43.81725017266], [4.4612361735491755, 43.81721605815212], [4.461222610830406, 43.81718273514283], [4.461204674923868, 43.81715051401655], [4.4612008081954215, 43.817145131983025], [4.461199849947595, 43.817135851790624], [4.461185239421513, 43.81705054318216], [4.461183249225423, 43.817042274948655], [4.461214185245802, 43.81705253323246], [4.461261364025539, 43.81706420072252], [4.461271664949797, 43.817065937608476], [4.461275139666522, 43.81707315864416], [4.461276942633247, 43.81707637405946], [4.461299077961658, 43.81712236615627], [4.461317437624304, 43.81715521312034], [4.461340168640072, 43.81718659381215], [4.461346486199192, 43.817193552533276], [4.4613515734501235, 43.81720291773503], [4.461357523244017, 43.81721131847921], [4.461348164590605, 43.81723869417118], [4.461341165448932, 43.817273270879504], [4.461340111155353, 43.81728902698932], [4.461338010965919, 43.817292788917214], [4.46132422412382, 43.817326772837376], [4.461315116709937, 43.81736157335216], [4.461310776915912, 43.8173968535037], [4.4613112467709595, 43.817432271689306], [4.461316521734571, 43.817467484969164], [4.461326550740134, 43.8175021523868], [4.461341236689054, 43.81753593827045], [4.461360864587199, 43.81757437722099], [4.461379564284265, 43.81760620614552], [4.4614023968106205, 43.817636588517395], [4.4614053588040905, 43.81763976094377], [4.461419530665512, 43.81766799800703], [4.461438114770469, 43.81770009907018], [4.46146089400567, 43.817730750358606], [4.461487655375701, 43.81775966526095], [4.46150016105839, 43.81777070063917], [4.461489848957063, 43.8177888863034], [4.461476069136758, 43.81782185655899], [4.461466704912277, 43.81785562958462], [4.4614618420485765, 43.81788989608869], [4.461461525087698, 43.817924342259815], [4.461465756940555, 43.81795865264065], [4.461474498859982, 43.817992513016755], [4.461487670795279, 43.818025613294346], [4.46150515212504, 43.81805765034006], [4.461526782761547, 43.818088330757085], [4.461600003706693, 43.818180954201296], [4.46162687066701, 43.81821130628899], [4.461657795967598, 43.818239560221684], [4.461692469402644, 43.818265432584106], [4.461730543167387, 43.81828866385021], [4.461771635346893, 43.81830902098651], [4.461798955032227, 43.818319823478305], [4.461800336806987, 43.818328279124074], [4.461810632143992, 43.81836242871743], [4.461816506005714, 43.81837819469782], [4.461808788214263, 43.81838299727301], [4.461774877785557, 43.81840872646718], [4.461744639449419, 43.81843675307352], [4.461718850837037, 43.81846625165369], [4.463513222164953, 43.81844218301571]]]}}, {"type": "Feature", "properties": {"zone": "manduel", "libelle": "Manduel", "tissu": "Bourg de plaine", "note": "Relev\u00e9 \u00e0 la main par le d\u00e9monstrateur (D24) : sert de corrig\u00e9 au protocole.", "maille": "3270_25213", "surf_zone_m2": 61839, "aires_connues": 0}, "geometry": {"type": "Polygon", "coordinates": [[[4.463570808446885, 43.820691530600975], [4.463513222164953, 43.81844218301571], [4.461718850837037, 43.81846625165369], [4.461718368397493, 43.81846680349698], [4.461696321094104, 43.81849858438555], [4.461678712772473, 43.818531785493946], [4.461665715333381, 43.81856608271211], [4.461657455666798, 43.8186011412291], [4.461654014412869, 43.81863661880153], [4.461655425174363, 43.818672169094484], [4.461661674188296, 43.818707445062486], [4.461667944492088, 43.818727153601024], [4.461668212936939, 43.818733567677], [4.46167441545854, 43.81876845052231], [4.461680027758911, 43.818786141286836], [4.461674501387985, 43.81878127749693], [4.461639462062803, 43.81875603343053], [4.4616011337274, 43.81873343360401], [4.461563847014547, 43.81871559229547], [4.46157493164344, 43.81869048764532], [4.4615851929528825, 43.81865574816458], [4.461590674942828, 43.818620445489735], [4.461591324226173, 43.81858492347785], [4.46158713448773, 43.81854952812172], [4.4615741796934785, 43.81848039813289], [4.461571052225861, 43.818468232820045], [4.460406684696706, 43.818483833573914], [4.460464148798497, 43.82073318285641], [4.460624679981218, 43.82073103271902], [4.460630005784319, 43.820730528887054], [4.460678292655494, 43.8207241922927], [4.46072548144395, 43.82071443970086], [4.460771112354176, 43.820701366138465], [4.4608023560512695, 43.82068971671955], [4.4608157594684625, 43.82068828959414], [4.460851684485216, 43.82069101737821], [4.460900850354582, 43.82069121494669], [4.460949802737092, 43.820687895290305], [4.461009312620278, 43.82068169769348], [4.461023485176785, 43.82067970635441], [4.461025797651013, 43.82067975668701], [4.461073739747048, 43.82067744025605], [4.461099097102975, 43.82067531994537], [4.46111449739287, 43.820674628237036], [4.461163552077522, 43.82067064719869], [4.4612118196937445, 43.820663163577926], [4.461258824390488, 43.82065225115285], [4.461283177731124, 43.820644595473624], [4.461302022879897, 43.82064213773836], [4.461307227801336, 43.8206410690955], [4.461353309806169, 43.82064097078897], [4.461361523116386, 43.82064037427146], [4.461361994192863, 43.82072115417473], [4.463570808446885, 43.820691530600975]], [[4.462203858529338, 43.820021943168655], [4.4622032978595465, 43.82002117782358], [4.462203517301434, 43.820015485228815], [4.4622000111078925, 43.81998050338007], [4.46221178178964, 43.820008004189184], [4.462228755368914, 43.82004164242371], [4.462250261493415, 43.82007389295124], [4.462261969312175, 43.82008773952778], [4.462262274518937, 43.82008857105134], [4.462300543848285, 43.82017536254112], [4.462317614258841, 43.82020839533648], [4.462339067560211, 43.82024005997939], [4.462347822302464, 43.82025030477961], [4.462345932908876, 43.820253011946704], [4.462339468085843, 43.82026507727455], [4.462335604561186, 43.820264631232895], [4.462287523892693, 43.820262498488724], [4.4622645720008975, 43.82026228707311], [4.462264642381072, 43.8202267199348], [4.462259811025213, 43.820191126722946], [4.462245612394666, 43.82012201340659], [4.46223619902983, 43.82008772871816], [4.46222223718366, 43.820054266786094], [4.462203858529338, 43.820021943168655]], [[4.4619712330010435, 43.81948566731781], [4.461954066424396, 43.819397692789856], [4.461945075936182, 43.81936358819591], [4.461941350671317, 43.819354384944866], [4.461941479992422, 43.819354499203556], [4.461942934975611, 43.81935554961523], [4.461950016030412, 43.81936556566739], [4.461975631131967, 43.81939457727916], [4.461997753577692, 43.819415025274395], [4.461997427702346, 43.819416666454096], [4.46199523894079, 43.81945178107065], [4.461997790774042, 43.81948688283713], [4.4620050588769775, 43.8195216370297], [4.462016973950706, 43.819555712238156], [4.462029905297113, 43.819586325315754], [4.462041529045997, 43.819614254942906], [4.462057842224103, 43.819647469423934], [4.462060481695739, 43.81965153265458], [4.462063723697495, 43.819669124763806], [4.462063679885992, 43.819669083824145], [4.462030392058457, 43.81964356087018], [4.462020155411437, 43.81963710645252], [4.462012081978898, 43.81959055086147], [4.462003908271169, 43.8195566336737], [4.461991296561221, 43.81952343706082], [4.461974362237785, 43.81949126472965], [4.461971392970026, 43.81948692329847], [4.4619712330010435, 43.81948566731781]], [[4.461802493409183, 43.81918589800638], [4.461802375770098, 43.8191858252758], [4.461808811953821, 43.81916381930724], [4.461814004421668, 43.8191765717862], [4.461827538351719, 43.81920469056279], [4.461802493409183, 43.81918589800638]]]}}, {"type": "Feature", "properties": {"zone": "manduel", "libelle": "Manduel", "tissu": "Bourg de plaine", "note": "Relev\u00e9 \u00e0 la main par le d\u00e9monstrateur (D24) : sert de corrig\u00e9 au protocole.", "maille": "3270_25214", "surf_zone_m2": 39356, "aires_connues": 0}, "geometry": {"type": "MultiPolygon", "coordinates": [[[[4.463570808446885, 43.820691530600975], [4.461361994192863, 43.82072115417473], [4.461362168890215, 43.820751111111896], [4.461364794290291, 43.820786566506946], [4.461367447853243, 43.82079908874308], [4.461345841863612, 43.82082018937447], [4.461320662643856, 43.820850651363614], [4.461299750158371, 43.8208827610105], [4.461283307823795, 43.820916205994635], [4.461271495577877, 43.82095066100639], [4.461264428323547, 43.82098579091146], [4.461262174810952, 43.82102125401024], [4.461262450088951, 43.821080653525634], [4.461264944515603, 43.82111547899506], [4.461272081550215, 43.82114996627461], [4.461283794216299, 43.82118379168312], [4.46129997259216, 43.8212166377508], [4.46132046484228, 43.82124819619896], [4.4613450786421325, 43.8212781708334], [4.461373582983031, 43.82130628032452], [4.4614057103401175, 43.821332260847704], [4.461441159183113, 43.8213558685597], [4.461479596806297, 43.82137688188717], [4.4615206624511465, 43.82139510360656], [4.461563970692312, 43.82141036269512], [4.461609115055183, 43.82142251593622], [4.461655671831037, 43.82143144926355], [4.4617032040540066, 43.82143707883184], [4.461751265602499, 43.82143935180377], [4.461820708108468, 43.821440194907446], [4.461829701258007, 43.82144708601107], [4.461866624934198, 43.82147031220988], [4.461906522176358, 43.82149079897868], [4.461949006799321, 43.82150834801424], [4.461993667571986, 43.82152278944913], [4.462040072197972, 43.82153398349619], [4.462087771500226, 43.82154182180148], [4.462136303769069, 43.82154622849329], [4.462202280982504, 43.82154984407553], [4.462250537136897, 43.82155078676442], [4.462298692076603, 43.821548336439164], [4.462346291774839, 43.821542516202555], [4.462392887440192, 43.82153338093051], [4.462438039748245, 43.82152101675455], [4.462481322983933, 43.8215055402497], [4.462522329055544, 43.82148709733537], [4.462547121864877, 43.821473366125545], [4.4625733169613975, 43.82151324084392], [4.46258109739103, 43.82152371741397], [4.462568663318819, 43.821554244052344], [4.462559527899839, 43.82158884657057], [4.462555107967736, 43.82162392993644], [4.46254993081975, 43.821713104240516], [4.4625502835552044, 43.8217485234931], [4.462555442495832, 43.82178374616852], [4.462565357697707, 43.82181843121444], [4.462579933162768, 43.82185224278349], [4.462599027768032, 43.82188485348548], [4.462622456631761, 43.82191594755732], [4.462649992903382, 43.82194522392067], [4.462681369959843, 43.82197239909725], [4.462716283987117, 43.82199720995388], [4.462754396921892, 43.82201941625033], [4.462795339724957, 43.82203880296572], [4.462838715954585, 43.82205518238068], [4.4628841056053, 43.82206839589495], [4.462931069174884, 43.82207831556337], [4.462979151920202, 43.82208484533461], [4.463027888260651, 43.82208792198145], [4.463079405146487, 43.8220893307089], [4.463097298054737, 43.8221180067326], [4.463121783044176, 43.822148756712096], [4.463150331835071, 43.822177611252016], [4.463182666844606, 43.82220428979056], [4.463218473674068, 43.8222285329236], [4.46325740416577, 43.822250104926844], [4.463299079788275, 43.82226879604807], [4.463343095317039, 43.822284424546694], [4.46338902277463, 43.822296838461], [4.463436415592263, 43.822305917085764], [4.463484812952138, 43.82231157214598], [4.463533744268374, 43.82231374865533], [4.463582733762927, 43.82231242545074], [4.463612260737813, 43.82231056920438], [4.463570808446885, 43.820691530600975]]], [[[4.463628399260285, 43.82294088131662], [4.463625109971952, 43.82281241476075], [4.463598727948412, 43.82279017816687], [4.46356321050536, 43.82276562469871], [4.463524520703685, 43.82274372791042], [4.463483036017021, 43.822724701433984], [4.4634391611855255, 43.8227087308976], [4.463393324267213, 43.82269597211454], [4.463345972461813, 43.822686549563215], [4.463297567747949, 43.82268055517272], [4.463248582376162, 43.822678047426], [4.463060795558448, 43.822675166736786], [4.463012891678235, 43.82267610435241], [4.46296533500484, 43.82268037678083], [4.462918567369191, 43.82268794432861], [4.462873023271967, 43.82269873668859], [4.462829125847034, 43.82271265359306], [4.462787282930456, 43.822729565745306], [4.462747883271563, 43.82274931602073], [4.462711292921351, 43.822771720926696], [4.4626778518316685, 43.82279657230696], [4.462647870696863, 43.82282363927574], [4.462621628067163, 43.822852670362586], [4.462599367760673, 43.82288339584866], [4.462581296597975, 43.82291553027253], [4.46256758248043, 43.82294877508221], [4.462565857760785, 43.82295513722967], [4.463628399260285, 43.82294088131662]]], [[[4.460464148798497, 43.82073318285641], [4.460464746457205, 43.82075657643], [4.460501309321747, 43.82075175272], [4.460547755304301, 43.82074217677497], [4.460568101108071, 43.82073638518063], [4.460624679981218, 43.82073103271902], [4.460464148798497, 43.82073318285641]]], [[[4.460565200384615, 43.822306323755484], [4.460565124677359, 43.82234169303753], [4.460569843635234, 43.82237689695549], [4.460579311705671, 43.82241159561691], [4.460593437483192, 43.82244545400694], [4.460612084591606, 43.82247814522288], [4.460635073000421, 43.82250935363056], [4.460662180762796, 43.82253877791182], [4.460693146158235, 43.822566133973815], [4.460727670219341, 43.82259115769205], [4.460765419618277, 43.82261360746067], [4.4608060298850125, 43.82263326652511], [4.460849108926342, 43.822649945075156], [4.46089424081164, 43.822663482077616], [4.460940989788845, 43.822673746831136], [4.460988904491859, 43.82268064022824], [4.46103752229875, 43.822684095712326], [4.461166924811863, 43.822688662250094], [4.461215322775083, 43.82268866254963], [4.461263491452585, 43.822685255726455], [4.461310974365468, 43.82267847406595], [4.461357321533965, 43.82266838183575], [4.461402093741971, 43.822655074676646], [4.4614448666995505, 43.82263867869621], [4.461485235063953, 43.82261934927359], [4.461522816281028, 43.822597269587], [4.461532476537347, 43.82259036318312], [4.461534322645185, 43.82259304572205], [4.461560398397361, 43.822623098784504], [4.461590435119603, 43.8226511465643], [4.461624140811698, 43.822676916391224], [4.461661187803748, 43.82270015774021], [4.461701215941592, 43.82272064466676], [4.461743836088099, 43.82273817800382], [4.461788633906298, 43.82275258729784], [4.461835173887522, 43.8227637324662], [4.461883003585456, 43.822771505158954], [4.46194785454177, 43.82277963626321], [4.461996506702199, 43.8227839607672], [4.4620455105761465, 43.82278479551497], [4.462094389807166, 43.822782132392135], [4.462142669250505, 43.822775997286364], [4.462189879592152, 43.82276644983577], [4.462235561911171, 43.822753582849145], [4.462279272141, 43.82273752140366], [4.462320585386297, 43.822718421629105], [4.462359100053389, 43.82269646918994], [4.462394441754157, 43.8226718774805], [4.462426266945388, 43.82264488555055], [4.462454266268254, 43.82261575578142], [4.462478167555394, 43.82258477133533], [4.462497738476445, 43.82255223340282], [4.462512788796239, 43.82251845827487], [4.462523172223772, 43.82248377426828], [4.462555596422023, 43.82234203161643], [4.4625612456236485, 43.82230640174091], [4.462561969802063, 43.822270541702736], [4.462557761777709, 43.82223480747844], [4.462548663332039, 43.82219955379498], [4.462534764792392, 43.82216513060839], [4.46251620413498, 43.82213187962991], [4.46249316561493, 43.82210013093389], [4.462465877936937, 43.82207019968138], [4.462434611984748, 43.82204238299158], [4.462399678132005, 43.82201695699264], [4.462361423161142, 43.82199417408066], [4.462320226820929, 43.821974260414265], [4.462276498056853, 43.82195741366988], [4.46223067095171, 43.82194380107931], [4.462183200416758, 43.82193355777003], [4.462134557676148, 43.8219267854237], [4.462072239065483, 43.821920420593095], [4.4620248547149215, 43.82191724627313], [4.461977268259935, 43.82191736652206], [4.461929915666563, 43.821920780238194], [4.461883230758433, 43.82192745614665], [4.461837641242471, 43.82193733308569], [4.461793564790653, 43.82195032056715], [4.461791437491134, 43.82195112684246], [4.461786872357053, 43.821933874542125], [4.461773001762358, 43.82189993209152], [4.461754593806765, 43.821867140117874], [4.461731826502422, 43.82183581571879], [4.461704920015253, 43.82180626179989], [4.4616741345357385, 43.82177876414586], [4.461618283039351, 43.82173361026599], [4.461583705957595, 43.82170829519325], [4.46154584398148, 43.821685577091586], [4.461505067517183, 43.82166567821129], [4.46146177548193, 43.82164879322219], [4.461416391401467, 43.82163508730915], [4.4613693592668575, 43.82162469455617], [4.461321139191128, 43.82161771663485], [4.46127220290821, 43.821614221809625], [4.461223029158249, 43.82161424427007], [4.4611740990043804, 43.821617783796505], [4.461125891126797, 43.821624805762], [4.461078877140103, 43.82163524147121], [4.461077324336309, 43.82163571208184], [4.461038982562567, 43.821640805386316], [4.460991955394076, 43.82165059325561], [4.460958276055939, 43.821660287040665], [4.4609339527120975, 43.82166544380166], [4.460888374395597, 43.82167876866787], [4.46084483615844, 43.8216952870853], [4.4608037635856475, 43.82171483758766], [4.460765558161717, 43.8217372290702], [4.4607305933462085, 43.82176224265746], [4.460699210923216, 43.8217896338428], [4.460698503700846, 43.821790392712536], [4.460688998398726, 43.821797057012034], [4.460657299649654, 43.82182415137155], [4.460629442103548, 43.82185337513922], [4.460605696845292, 43.821884443941805], [4.460586294944692, 43.821917055451735], [4.4605714252077515, 43.82195089232897], [4.460561232339163, 43.82198562530886], [4.460555815533901, 43.822020916406245], [4.460550083508666, 43.82208849685136], [4.460549486058182, 43.822123818807704], [4.460553673312701, 43.82215901307904], [4.460562604955379, 43.82219374072469], [4.460571529298133, 43.82221601974785], [4.460565200384615, 43.822306323755484]]]]}}, {"type": "Feature", "properties": {"zone": "manduel", "libelle": "Manduel", "tissu": "Bourg de plaine", "note": "Relev\u00e9 \u00e0 la main par le d\u00e9monstrateur (D24) : sert de corrig\u00e9 au protocole.", "maille": "3271_25208", "surf_zone_m2": 12546, "aires_connues": 0}, "geometry": {"type": "MultiPolygon", "coordinates": [[[[4.466357400612377, 43.80817226450554], [4.46634584897436, 43.808140744553135], [4.466328973788643, 43.80810794862886], [4.466307780376154, 43.80807649457943], [4.466282469103479, 43.80804667976707], [4.466253279265803, 43.808018786056394], [4.4662204868244935, 43.80799307714983], [4.466184401798077, 43.8079697960947], [4.466145365331323, 43.80794916298557], [4.466103746470116, 43.80793137288355], [4.466059938672617, 43.80791659397245], [4.4660143560896906, 43.80790496596877], [4.465967429649751, 43.80789659880097], [4.465919602985044, 43.80789157157028], [4.4658713282378635, 43.807889931802904], [4.465823061786329, 43.80789169500084], [4.465592324253495, 43.80790829770463], [4.465543999858195, 43.8079135225573], [4.465496617296583, 43.80792215820528], [4.465450634432282, 43.80793412120138], [4.465406495604218, 43.807949295945804], [4.465364627333084, 43.807967535803165], [4.465325434199982, 43.807988664519385], [4.465289294936985, 43.808012477924734], [4.465256558767449, 43.80803874590666], [4.46522754203139, 43.808067214633354], [4.465202525128568, 43.808097609006445], [4.465181749808798, 43.808129635319176], [4.465165416835694, 43.80816298409456], [4.465153684046408, 43.80819733307582], [4.465146664826145, 43.80823235034032], [4.4651444270121745, 43.808267697506984], [4.465146992237985, 43.80830303300624], [4.465160663765361, 43.8084000538336], [4.465167917940954, 43.80843471638759], [4.465179793963669, 43.80846870347751], [4.465196179183934, 43.808501692696794], [4.4652169181765355, 43.80853337110429], [4.465241814214737, 43.80856343819287], [4.465270631136249, 43.80859160874021], [4.465303095583325, 43.808617615514514], [4.4653388995957775, 43.80864121180968], [4.465377703532278, 43.80866217378559], [4.465419139292265, 43.8086803025917], [4.46546281380787, 43.80869542625343], [4.465508312772764, 43.808707401303685], [4.4655552045725, 43.80871611414383], [4.465603044379113, 43.8087214821214], [4.465651378371086, 43.80872345431423], [4.465699748038657, 43.808722012013554], [4.465751859736626, 43.808718611288846], [4.465801041832456, 43.80871359738905], [4.465849287417039, 43.80870505393263], [4.465862010848353, 43.80870179676191], [4.465872185111731, 43.80870131524389], [4.465920088579328, 43.8086973509579], [4.465967236275157, 43.80869004410372], [4.466013184546852, 43.808679463437855], [4.466057501029063, 43.80866570852275], [4.46609976871213, 43.808648908790076], [4.466139589866233, 43.808629222322544], [4.466176589784075, 43.80860683436645], [4.466210420306864, 43.80858195558838], [4.466240517779826, 43.808555039482634], [4.466241574550865, 43.80855430794704], [4.466273023359414, 43.80852786215113], [4.466300787742496, 43.8084993350165], [4.4663246066874365, 43.80846899473237], [4.466344256274488, 43.80843712653331], [4.4663595517817525, 43.8084040300176], [4.466363060922013, 43.808392975865715], [4.466357400612377, 43.80817226450554]]], [[[4.466388966656136, 43.80940309179672], [4.466371677473585, 43.808728956184055], [4.466354143670305, 43.80872657042092], [4.466305824674758, 43.808723479828686], [4.466257319785268, 43.80872381475865], [4.466007781500267, 43.80873437085854], [4.4659593028101625, 43.80873815650838], [4.465911569563108, 43.808745363798565], [4.465865041106568, 43.808755923371905], [4.465820165194681, 43.808769733611385], [4.465777373679633, 43.808786661618115], [4.4657370783560015, 43.808806544490096], [4.465699666998087, 43.808829190889796], [4.465665499628335, 43.80885438288545], [4.465634905052753, 43.80888187804794], [4.465608177696687, 43.80891141178394], [4.46558557477137, 43.80894269988187], [4.465567313798551, 43.808975441246936], [4.465553570517001, 43.809009320798616], [4.465544477191068, 43.809044012502575], [4.4655401213375665, 43.80907918250838], [4.465540327052885, 43.80909633244151], [4.465515601892146, 43.80911192181123], [4.465482199676506, 43.80913755157879], [4.465452418426574, 43.8091654239614], [4.465426543621207, 43.8091952717836], [4.465404823294533, 43.80922680893354], [4.46538746565821, 43.80925973310548], [4.465374637105344, 43.809293728697625], [4.465366460615234, 43.80932846983721], [4.465363014574232, 43.80936362350424], [4.465364332024026, 43.80939885272364], [4.465366224882503, 43.80941684294672], [4.466388966656136, 43.80940309179672]]]]}}, {"type": "Feature", "properties": {"zone": "manduel", "libelle": "Manduel", "tissu": "Bourg de plaine", "note": "Relev\u00e9 \u00e0 la main par le d\u00e9monstrateur (D24) : sert de corrig\u00e9 au protocole.", "maille": "3271_25210", "surf_zone_m2": 48117, "aires_connues": 0}, "geometry": {"type": "Polygon", "coordinates": [[[4.463398063193349, 43.81394349724963], [4.4665043518002685, 43.81390176160039], [4.466453334271761, 43.81191276099945], [4.466450554292714, 43.811913255817444], [4.466403338680765, 43.81192348163799], [4.466357753413791, 43.811937042867186], [4.466334190988335, 43.8119461215553], [4.466297946788942, 43.811952032003155], [4.466178003802403, 43.8119761461211], [4.466132124197128, 43.81198713535799], [4.466087934945621, 43.81200129873571], [4.466050872237051, 43.81201645071223], [4.466045086735818, 43.81201520778215], [4.465995669745819, 43.81200843030292], [4.46594555994469, 43.812005303705455], [4.4658952703454, 43.812005859999104], [4.465845315801543, 43.81201009348871], [4.465796207736689, 43.81201796083277], [4.465675021925899, 43.8120420911023], [4.465628962725955, 43.81205303752867], [4.465584594967825, 43.812067180761424], [4.4655423406160475, 43.81208438629028], [4.465502601536446, 43.81210449048066], [4.465465755674255, 43.81212730212975], [4.465465067783839, 43.81212782010517], [4.465446024849647, 43.81211972328061], [4.465402739998914, 43.812105162803675], [4.465357726319571, 43.81209367552383], [4.465311398786479, 43.81208536734044], [4.465264184486055, 43.81208031484523], [4.465216518679226, 43.812078564616264], [4.4651688407890395, 43.812080132788594], [4.465119210943715, 43.81208349984953], [4.465070300554949, 43.81208860457661], [4.465022331767841, 43.81209720074282], [4.464975778646795, 43.81210920339439], [4.464931101266275, 43.812124493912066], [4.46488874116421, 43.81214292118321], [4.464849116978528, 43.812164303095365], [4.464841896202265, 43.81216907621748], [4.464836945097221, 43.81216935387694], [4.464789538863013, 43.812175393868735], [4.464743161618661, 43.812184725873756], [4.4647073372128006, 43.812193307543744], [4.464662910425051, 43.81220568845036], [4.46462139485622, 43.81222070226546], [4.464597660961339, 43.81222257545618], [4.464550054324779, 43.81222979555507], [4.46447831320268, 43.81224335981807], [4.464432971818522, 43.81225363175075], [4.464389191687986, 43.81226699126783], [4.464347372723581, 43.81228331633636], [4.464307896924369, 43.81230245783437], [4.464271124886688, 43.81232424091289], [4.464268433008824, 43.81232617414789], [4.4642390247230015, 43.81233134564536], [4.464153731310542, 43.812349591916345], [4.4641074072691564, 43.81236133115635], [4.464066152304679, 43.81237522820512], [4.464062120869533, 43.81237569345188], [4.464016244977059, 43.81238429686365], [4.463980330762673, 43.81239237300386], [4.4638986824362314, 43.81241008126686], [4.463852527637028, 43.812421914315784], [4.463808204324399, 43.812436978069655], [4.463806805675173, 43.81243758154214], [4.463796793159213, 43.812439530344065], [4.46364481990745, 43.812474872206366], [4.4636422733269, 43.81247556693544], [4.463603972655854, 43.81247565404185], [4.463556345448222, 43.81247909591762], [4.463509396165179, 43.812485838900336], [4.463463560102363, 43.812495820471725], [4.463433402137081, 43.81250355258283], [4.463411746162695, 43.81250327424002], [4.463362608474247, 43.81250617975766], [4.463361278479988, 43.81250635570675], [4.463398063193349, 43.81394349724963]]]}}, {"type": "Feature", "properties": {"zone": "manduel", "libelle": "Manduel", "tissu": "Bourg de plaine", "note": "Relev\u00e9 \u00e0 la main par le d\u00e9monstrateur (D24) : sert de corrig\u00e9 au protocole.", "maille": "3271_25211", "surf_zone_m2": 62500, "aires_connues": 0}, "geometry": {"type": "Polygon", "coordinates": [[[4.463398063193349, 43.81394349724963], [4.463455640413953, 43.81619283856417], [4.466562051181267, 43.816151101214246], [4.4665043518002685, 43.81390176160039], [4.463398063193349, 43.81394349724963]]]}}, {"type": "Feature", "properties": {"zone": "manduel", "libelle": "Manduel", "tissu": "Bourg de plaine", "note": "Relev\u00e9 \u00e0 la main par le d\u00e9monstrateur (D24) : sert de corrig\u00e9 au protocole.", "maille": "3271_25212", "surf_zone_m2": 62297, "aires_connues": 1}, "geometry": {"type": "Polygon", "coordinates": [[[4.466619755102268, 43.81840044396501], [4.466562051181267, 43.816151101214246], [4.463455640413953, 43.81619283856417], [4.463513222164953, 43.81844218301571], [4.465705385269897, 43.818412738538576], [4.465689842845741, 43.81839645258795], [4.465668444784699, 43.81837816204498], [4.4656365543658865, 43.818317027695905], [4.465616874311722, 43.818284307676706], [4.465601913329242, 43.81826493762496], [4.465601840878235, 43.81826477418083], [4.46557223271912, 43.818207820357266], [4.465572834074683, 43.818198975168066], [4.465570465017038, 43.81816379042581], [4.465568807424348, 43.81815566308623], [4.465588218067664, 43.818151652709254], [4.465608730795414, 43.81814662142384], [4.465623502993262, 43.81817207110215], [4.46564705748721, 43.818203495984044], [4.46567480145477, 43.81823307382512], [4.465699485926738, 43.81825446746815], [4.465701830614852, 43.81825698017644], [4.465724572734183, 43.81827685023895], [4.465726573532937, 43.81829045090947], [4.465736441905215, 43.81832497325091], [4.465750926939148, 43.81835863104145], [4.46577780230128, 43.81841176510232], [4.466619755102268, 43.81840044396501]]]}}, {"type": "Feature", "properties": {"zone": "manduel", "libelle": "Manduel", "tissu": "Bourg de plaine", "note": "Relev\u00e9 \u00e0 la main par le d\u00e9monstrateur (D24) : sert de corrig\u00e9 au protocole.", "maille": "3271_25213", "surf_zone_m2": 62343, "aires_connues": 0}, "geometry": {"type": "Polygon", "coordinates": [[[4.463513222164953, 43.81844218301571], [4.463570808446885, 43.820691530600975], [4.466677463563808, 43.82064978984941], [4.466619755102268, 43.81840044396501], [4.46577780230128, 43.81841176510232], [4.465813778994559, 43.81848289283046], [4.465832826454949, 43.81851549030004], [4.465856203355183, 43.818546575663866], [4.4658788206099915, 43.81857066811016], [4.465878942723525, 43.81857798966908], [4.465884393572119, 43.818613383162], [4.46589464799294, 43.81864821342978], [4.465909605619778, 43.81868213953811], [4.465918682015456, 43.818699679332745], [4.465874249142442, 43.81870837339308], [4.465852141509154, 43.81866576080907], [4.465838100648608, 43.8186423217257], [4.4658259741485935, 43.81861480983002], [4.465760590554723, 43.81848878196896], [4.465741223713108, 43.81845637668265], [4.4657175652594985, 43.81842550119284], [4.465705385269897, 43.818412738538576], [4.463513222164953, 43.81844218301571]]]}}, {"type": "Feature", "properties": {"zone": "manduel", "libelle": "Manduel", "tissu": "Bourg de plaine", "note": "Relev\u00e9 \u00e0 la main par le d\u00e9monstrateur (D24) : sert de corrig\u00e9 au protocole.", "maille": "3271_25214", "surf_zone_m2": 50072, "aires_connues": 0}, "geometry": {"type": "MultiPolygon", "coordinates": [[[[4.466735176566421, 43.82289913886415], [4.466677463563808, 43.82064978984941], [4.463570808446885, 43.820691530600975], [4.463612260737813, 43.82231056920438], [4.463691952972277, 43.82230555922227], [4.463740063415097, 43.82230081149309], [4.463787304734945, 43.82229268849952], [4.46383322632063, 43.82228126772284], [4.463873416013214, 43.822267972766205], [4.463884430243345, 43.822267488761405], [4.463931634946041, 43.82226376964088], [4.4639781342985305, 43.82225680697141], [4.4640235041329435, 43.82224666426667], [4.464067330585467, 43.822233434048684], [4.4641092138717795, 43.822217237003755], [4.464148771934058, 43.82219822088156], [4.4641856439261955, 43.8221765591472], [4.464206443257553, 43.82216174459022], [4.464222722248956, 43.82216237141466], [4.464271852175622, 43.82216073993247], [4.464368644067359, 43.822154039892325], [4.464415911183948, 43.822149099676196], [4.464426559607647, 43.82214721737799], [4.464462506443234, 43.822166889732685], [4.464504834948467, 43.82218557362343], [4.464544350514451, 43.8221993138898], [4.464563649063869, 43.82222314622395], [4.464591865581425, 43.822251340550984], [4.464623712404571, 43.82227742920288], [4.464658891569211, 43.822301168085914], [4.464697073931566, 43.82232233509129], [4.464737902247741, 43.822340732173245], [4.464780994516242, 43.82235618720226], [4.464825947552204, 43.822368555575466], [4.464872340759859, 43.82237772156988], [4.464919740067942, 43.822383599424995], [4.464926187413047, 43.8223839401594], [4.464935720956313, 43.82239097808241], [4.464972730177904, 43.822413452336754], [4.4650125770508575, 43.82243322019534], [4.465054885433353, 43.82245009505442], [4.4650992559464076, 43.822463917619245], [4.465145269744028, 43.82247455740796], [4.465192492467171, 43.822481913983296], [4.465240478344189, 43.82248591790076], [4.465288774399024, 43.82248653136422], [4.465388167449448, 43.822484295722994], [4.465437441952722, 43.82248140698828], [4.465486076608422, 43.82247498948129], [4.4655095821238895, 43.82247010037268], [4.46551716753981, 43.82247642802985], [4.465552241645126, 43.82250050285672], [4.46559037870194, 43.82252199818487], [4.4656312183026685, 43.822540710874485], [4.465674374498392, 43.82255646408272], [4.4657194394463176, 43.82256910893489], [4.4657659872641835, 43.82257852593161], [4.46581357805521, 43.822584626078], [4.465861762065517, 43.822587351724934], [4.4659100839347285, 43.82258667711383], [4.46595808699956, 43.82258260862007], [4.466142742105909, 43.822560325011494], [4.466153481889764, 43.82255862886512], [4.466152621377422, 43.822578454338455], [4.466153359835766, 43.822607246024305], [4.466156580815043, 43.822642009343426], [4.466164428733195, 43.82267638435444], [4.4661768300719045, 43.822710049000285], [4.4661936686516395, 43.82274268787875], [4.4662147867198625, 43.822773995197444], [4.466239986428749, 43.82280367763874], [4.466269031688619, 43.82283145710803], [4.46630165037968, 43.82285707333921], [4.4663375369014195, 43.822880286333266], [4.466376355035709, 43.82290087860689], [4.466383320484246, 43.82290387082596], [4.466735176566421, 43.82289913886415]]], [[[4.463628399260285, 43.82294088131662], [4.463716095875627, 43.8229397042454], [4.463702676509482, 43.8229098296707], [4.463682955578504, 43.822877267786644], [4.4636588939912345, 43.82284627335301], [4.463630726508463, 43.822817148763114], [4.463625109971952, 43.82281241476075], [4.463628399260285, 43.82294088131662]]]]}}, {"type": "Feature", "properties": {"zone": "manduel", "libelle": "Manduel", "tissu": "Bourg de plaine", "note": "Relev\u00e9 \u00e0 la main par le d\u00e9monstrateur (D24) : sert de corrig\u00e9 au protocole.", "maille": "3272_25206", "surf_zone_m2": 29702, "aires_connues": 0}, "geometry": {"type": "MultiPolygon", "coordinates": [[[[4.46933722086559, 43.80322136086541], [4.4692508225836285, 43.80321642948812], [4.469194481188706, 43.803212854889814], [4.469146143122868, 43.80321149961417], [4.469097852104566, 43.80321355423197], [4.469050065618697, 43.803218999278805], [4.469003236370736, 43.80322778317104], [4.468957807998263, 43.803239822694536], [4.468914210868368, 43.80325500379283], [4.468872858000746, 43.803273182647615], [4.4688341411550825, 43.8032941870412], [4.468798427119796, 43.803317817987875], [4.468788983337564, 43.80332541249393], [4.468788147511739, 43.80332389376723], [4.468782846444541, 43.803305078582724], [4.468767889182432, 43.80327035318193], [4.46874816918091, 43.803236898434456], [4.468723887837804, 43.80320505599536], [4.468695293132254, 43.80317515105357], [4.468662677092014, 43.803147489010875], [4.46862637281097, 43.80312235236321], [4.468586751047345, 43.80309999781581], [4.468544216437333, 43.803080653661716], [4.468499203362841, 43.803064517450466], [4.4684911432452985, 43.803062330101554], [4.468490703471875, 43.80306178521533], [4.468462382248416, 43.80303342935051], [4.468430392838669, 43.80300719943639], [4.468395037638868, 43.80298334342061], [4.468356650860315, 43.80296208681028], [4.4683155953701155, 43.80294363054062], [4.468272259261089, 43.802928149075406], [4.468227052183272, 43.80291578875803], [4.468180401471713, 43.80290666642817], [4.468132748107119, 43.802900868317366], [4.468069230385405, 43.80289542344848], [4.468021242591697, 43.802893007612504], [4.46797315710404, 43.80289396307757], [4.467925424381305, 43.802898280893004], [4.467878491577892, 43.80290592061003], [4.46783279835507, 43.802916810660754], [4.467788772762492, 43.80293084902854], [4.467746827228462, 43.80294790420354], [4.467707354696499, 43.802967816414736], [4.467670724944384, 43.80299039912645], [4.467637281120171, 43.80301544078585], [4.4676073365276165, 43.80304270680455], [4.467581171691116, 43.80307194175615], [4.467559031727668, 43.80310287176904], [4.467541124050476, 43.803135207091835], [4.467527616425711, 43.803168644807776], [4.467518635400634, 43.80320287167231], [4.467514265117835, 43.8032375670476], [4.467511669699239, 43.803281703938076], [4.467512014856008, 43.80331737503269], [4.467517233294907, 43.803352846219944], [4.467527273773937, 43.80338776913255], [4.467541627917783, 43.80342085623367], [4.467540172471674, 43.803422327048786], [4.4675155223317216, 43.80345333558709], [4.467495244609193, 43.80348596337276], [4.467479539675488, 43.80351988801138], [4.467468562719254, 43.803554774293765], [4.467462422212683, 43.80359027750813], [4.467459434212709, 43.80361911901063], [4.467458161455275, 43.80365397452915], [4.467461551065753, 43.80368875570627], [4.4674695712470065, 43.80372313618116], [4.46748214675172, 43.803756793352356], [4.467499159588173, 43.80378941140472], [4.4675204501271075, 43.803820684272914], [4.467545818599331, 43.80385031851342], [4.4675750269700005, 43.80387803605801], [4.46760780117203, 43.80390357682304], [4.467609280735862, 43.80390452635288], [4.467610302014267, 43.80393931296015], [4.467616102880875, 43.803974350891295], [4.467626613077664, 43.804008809057684], [4.467641731595833, 43.80404235626978], [4.467661313133699, 43.80407467009287], [4.467685169492951, 43.80410543994632], [4.467713071387257, 43.8041343700886], [4.467744750645833, 43.80416118246004], [4.467779902790804, 43.80418561935526], [4.4678181899635705, 43.80420744590036], [4.467859244172102, 43.80422645231039], [4.46790267082789, 43.80424245590579], [4.467948052538614, 43.80425530286838], [4.467982991226401, 43.80426242971685], [4.4679740618660695, 43.80426557164473], [4.467932924937624, 43.80428381090922], [4.46789442287029, 43.80430485221983], [4.467858918285597, 43.80432849740635], [4.467826745575511, 43.80435452377461], [4.46779820775308, 43.80438268620376], [4.467773573598524, 43.80441271945475], [4.467753075127689, 43.804444340668354], [4.467736905406695, 43.80447725202909], [4.46772521673338, 43.80451114357003], [4.467712543746624, 43.80455731521145], [4.467701001603938, 43.80459538716202], [4.467701048713194, 43.80459539465323], [4.467698670647953, 43.80460202678465], [4.467697843331509, 43.80460583889227], [4.467696630443405, 43.80460953311264], [4.467687592599723, 43.804644756375076], [4.467680998111538, 43.80468016022255], [4.467679281765809, 43.804715863125146], [4.46768246047776, 43.8047515134073], [4.4676905029459375, 43.80478675991108], [4.467703329960181, 43.804821255455145], [4.467720815181503, 43.80485466025453], [4.467741437925202, 43.804884682220106], [4.469379395189633, 43.8048626172625], [4.46936754584703, 43.80440149747871], [4.469342882812128, 43.80439374944148], [4.469297479798167, 43.80438309944922], [4.469242996467195, 43.804372383032415], [4.469287227775468, 43.80436760891502], [4.469334721415234, 43.804358953281934], [4.469366241724802, 43.80435074682807], [4.46933722086559, 43.80322136086541]], [[4.468919124367629, 43.8043715400954], [4.468886748921844, 43.804380714080494], [4.468881512593984, 43.804373753746404], [4.468861871332635, 43.80435272898898], [4.468865808134878, 43.80435314921814], [4.468974188025074, 43.80436090637093], [4.4689660688506505, 43.80436195572734], [4.468919124367629, 43.8043715400954]]], [[[4.466273599665586, 43.804904434580344], [4.46710129239556, 43.80489329894205], [4.467095827049819, 43.804875072126535], [4.467081300213518, 43.80484220124516], [4.467062493327209, 43.80481048907298], [4.46703957929898, 43.80478022715581], [4.46701276879498, 43.80475169370608], [4.46698230830247, 43.80472515104522], [4.466948477863614, 43.80470084319193], [4.466911588500849, 43.804678993619135], [4.4668719793574665, 43.804659803199314], [4.466830014579744, 43.8046434483581], [4.466786079969254, 43.804630079452295], [4.466740579436135, 43.80461981938764], [4.466693931285928, 43.804612762489015], [4.466646564374106, 43.80460897363328], [4.466598914163633, 43.804608487652835], [4.466355490099594, 43.804614462306525], [4.466306832943255, 43.804617394391364], [4.466266376912865, 43.80462276513217], [4.466273599665586, 43.804904434580344]]]]}}, {"type": "Feature", "properties": {"zone": "manduel", "libelle": "Manduel", "tissu": "Bourg de plaine", "note": "Relev\u00e9 \u00e0 la main par le d\u00e9monstrateur (D24) : sert de corrig\u00e9 au protocole.", "maille": "3272_25207", "surf_zone_m2": 31757, "aires_connues": 0}, "geometry": {"type": "MultiPolygon", "coordinates": [[[[4.469379395189633, 43.8048626172625], [4.467741437925202, 43.804884682220106], [4.467742786386231, 43.80488664526762], [4.467769027162147, 43.804916895437316], [4.467799279039947, 43.80494511279449], [4.467833244039023, 43.80497101939313], [4.467870587602508, 43.804994360048184], [4.46791094189265, 43.805014904849365], [4.467953909414102, 43.8050324514259], [4.46799906692939, 43.80504682693999], [4.468045969628019, 43.80505788978941], [4.4681059244865935, 43.805069682978875], [4.468151856186749, 43.805076950388994], [4.468147233157481, 43.805105479469326], [4.468146299831271, 43.805140579568054], [4.468150092180388, 43.80517557857398], [4.4681585741396255, 43.8052101435673], [4.468171665034602, 43.80524394575604], [4.468189240348855, 43.80527666360362], [4.468211132907984, 43.80530798588748], [4.468237134469627, 43.80533761465963], [4.4682669977041005, 43.805365268080806], [4.468300438546939, 43.805390683101606], [4.468337138900895, 43.80541361796474], [4.46837674966175, 43.80543385450483], [4.46841889403913, 43.80545120022378], [4.468463171140733, 43.80546549012197], [4.468509159785899, 43.805476588267936], [4.468696549358745, 43.80551456575207], [4.468734145893006, 43.80552077485233], [4.468752007072958, 43.80552939390226], [4.46879485279575, 43.8055459454314], [4.468839724274206, 43.80555938985871], [4.468886193170278, 43.805569598844734], [4.468992323092339, 43.80558886976758], [4.4690403721038106, 43.805595791673085], [4.469089128645209, 43.80559925408466], [4.4691381190029364, 43.80559922336181], [4.469186867191532, 43.80559569980303], [4.469234899578553, 43.805588717642905], [4.469281749486609, 43.80557834471944], [4.469326961727771, 43.80556468181488], [4.469370097026343, 43.80554786167657], [4.469396671233654, 43.80553490524324], [4.469379395189633, 43.8048626172625]]], [[[4.469400774221129, 43.80569456851726], [4.469389893783151, 43.80569319427416], [4.469340224427038, 43.80569058449378], [4.469127623262633, 43.80568714943206], [4.469080197595845, 43.80568802326136], [4.469033103005271, 43.805692167790426], [4.469001089339029, 43.805697265076546], [4.468965060989117, 43.80567891549557], [4.468921801746479, 43.80566126887132], [4.468876327356571, 43.805646836003795], [4.4688290915971525, 43.80563576091448], [4.468780565821263, 43.805628154118445], [4.468611030659755, 43.80560793707684], [4.468563715648264, 43.80560396989396], [4.468516093555079, 43.805603301034054], [4.468468601734992, 43.80560593663988], [4.468421676346449, 43.805611852506395], [4.468375748346157, 43.80562099430311], [4.4683312395314445, 43.80563327807302], [4.468288558666723, 43.80564859100358], [4.468248097729599, 43.80566679246276], [4.468210228311124, 43.805687715290475], [4.4681752982032155, 43.80571116733368], [4.468143628204618, 43.80573693321109], [4.468115509174686, 43.80576477629097], [4.468091199362088, 43.80579444086445], [4.468070922032954, 43.80582565449374], [4.468054863420246, 43.80585813051411], [4.468043171013193, 43.8058915706666], [4.468029510311413, 43.805940356859175], [4.468022218308542, 43.80597496427366], [4.468019602775005, 43.8060099210231], [4.468021688459407, 43.80604489645553], [4.468028455642042, 43.806079559741654], [4.468029770858205, 43.80608349028448], [4.468022432993266, 43.80612679601512], [4.468008274448637, 43.80614308417111], [4.467986633406919, 43.80617435185494], [4.467969284686757, 43.806206993020204], [4.467956392092173, 43.80624069948806], [4.467948077355734, 43.80627515302107], [4.467928602356186, 43.80638792045874], [4.4679249142617214, 43.80642362072176], [4.467926141086402, 43.80645940973613], [4.467932270704004, 43.80649493348672], [4.4679432424909615, 43.80652984058159], [4.467958947925699, 43.806563785728], [4.467979231661761, 43.806596433147945], [4.467993430420293, 43.80661429674969], [4.467976566978676, 43.80662735238988], [4.467955386456594, 43.80664735480709], [4.4679449734186125, 43.806647577213496], [4.467896279233084, 43.806652126907764], [4.467848442434967, 43.80666013369587], [4.467801929807681, 43.80667151944908], [4.467757195214318, 43.80668617306724], [4.467714675169128, 43.806703951562874], [4.467674784578238, 43.80672468145634], [4.467637912691183, 43.806748160468516], [4.467604419302711, 43.80677415949453], [4.467574631241956, 43.80680242483925], [4.467548839183215, 43.80683268069265], [4.46752729480945, 43.80686463182116], [4.4675102083562175, 43.80689796644828], [4.467497746559964, 43.80693235929689], [4.467490031030753, 43.806967474763226], [4.467483662147596, 43.807009862463644], [4.467480772122597, 43.80704507105352], [4.46748265403433, 43.80708031545647], [4.467489289822611, 43.80711525727727], [4.467496824716368, 43.80713807875433], [4.468962412289149, 43.807118340990904], [4.46897395629913, 43.80708652784206], [4.468981669824551, 43.807051648068295], [4.468997138977543, 43.806949953326395], [4.469002814065597, 43.80694985224636], [4.469050762675684, 43.80694560108972], [4.469097914975157, 43.80693799906144], [4.4691438255579286, 43.80692711797127], [4.469188060747963, 43.80691306060336], [4.469230202696012, 43.80689595974526], [4.469269853326812, 43.80687597693363], [4.469306638099466, 43.80685330092811], [4.46934020954544, 43.806828145928336], [4.46937025055079, 43.80680074955042], [4.469396477351591, 43.806771370582325], [4.469418642214289, 43.80674028653933], [4.469427245849602, 43.806724661962846], [4.469400774221129, 43.80569456851726]]], [[[4.466273599665586, 43.804904434580344], [4.466293197197292, 43.80566867599874], [4.466313423945623, 43.805668874056025], [4.466381729335133, 43.80566705527082], [4.466429362636383, 43.805664120744886], [4.4664763863107675, 43.80565788553286], [4.466522365318127, 43.80564840731998], [4.466566874283587, 43.80563577379412], [4.46660950143311, 43.80562010183457], [4.466649852403188, 43.80560153643055], [4.466687553889415, 43.80558024933997], [4.466722257100184, 43.8055564375001], [4.466753640983562, 43.80553032120567], [4.466781415197467, 43.80550214207073], [4.466805322795676, 43.805472160793194], [4.4668129221121555, 43.805460080739536], [4.466843871978063, 43.8054507945949], [4.4668875760607545, 43.80543380601231], [4.466928724378728, 43.80541374717001], [4.466966907105597, 43.80539081785031], [4.467001743953001, 43.80536524642466], [4.46703288795822, 43.80533728757899], [4.467060028939793, 43.805307219777085], [4.467082896586735, 43.80527534248695], [4.4671012631505995, 43.80524197319809], [4.467114945713558, 43.805207444259445], [4.46712380800993, 43.80517209956899], [4.467127761783029, 43.80513629114874], [4.467126767663819, 43.80510037563864], [4.467111546907677, 43.80494307334619], [4.46710594027592, 43.80490879951816], [4.46710129239556, 43.80489329894205], [4.466273599665586, 43.804904434580344]]]]}}, {"type": "Feature", "properties": {"zone": "manduel", "libelle": "Manduel", "tissu": "Bourg de plaine", "note": "Relev\u00e9 \u00e0 la main par le d\u00e9monstrateur (D24) : sert de corrig\u00e9 au protocole.", "maille": "3272_25208", "surf_zone_m2": 28956, "aires_connues": 0}, "geometry": {"type": "MultiPolygon", "coordinates": [[[[4.469465282625905, 43.808204727489795], [4.46942467136558, 43.808201025832524], [4.469377327023359, 43.80820000127269], [4.46933006298184, 43.808202244955204], [4.469283308441705, 43.80820773650543], [4.469237487977153, 43.808216426055075], [4.469193017680591, 43.808228234695115], [4.469149857668096, 43.808241416915514], [4.469106119434267, 43.80825663748781], [4.469064639072908, 43.80827487422025], [4.469025811948526, 43.808295953293], [4.468990008137968, 43.808319673794806], [4.468957568903148, 43.808345809637814], [4.4689288034383425, 43.80837411171249], [4.468903985923096, 43.80840431026176], [4.468883352908773, 43.808436117452125], [4.468867101063731, 43.808469230117076], [4.468855385298574, 43.80850333264655], [4.468848317289359, 43.808538099995076], [4.468848007871103, 43.80854271597445], [4.468810276479516, 43.808538658820275], [4.4687625749769975, 43.808536886163644], [4.46871485877262, 43.80853843748487], [4.468667568494969, 43.8085432984585], [4.468621140839694, 43.808551424196544], [4.468576004537116, 43.80856273966308], [4.4685325763933745, 43.80857714036695], [4.468491257441663, 43.80859449332675], [4.468452429239072, 43.80861463829871], [4.468416450343239, 43.808637389256376], [4.468383653001335, 43.80866253610838], [4.468383373167591, 43.80866277245168], [4.468361775099119, 43.80867322044607], [4.468323273419868, 43.80869620181286], [4.468321027080384, 43.80869784284125], [4.468319539063564, 43.808698128597456], [4.4682742693170505, 43.80871033527741], [4.468230849537791, 43.80872566665564], [4.468189689825348, 43.80874397792804], [4.468151178934089, 43.80876509614538], [4.468115680601516, 43.80878882184676], [4.468083530112802, 43.808814930943406], [4.468055031134017, 43.808843176835026], [4.468030452843918, 43.80887329273902], [4.468010027391438, 43.80890499420998], [4.467993947702854, 43.808937981826325], [4.46798236565936, 43.80897194401821], [4.467975390662294, 43.809006560010296], [4.467972264038168, 43.809030003232145], [4.467969965969676, 43.80906609085018], [4.467972674450162, 43.80910216353576], [4.467980362207517, 43.80913785794198], [4.467992951814877, 43.80917281453155], [4.468010316470141, 43.80920668119826], [4.468032281272875, 43.80923911681374], [4.468049843636343, 43.80925956858771], [4.468048080485846, 43.80926128659551], [4.468023018115, 43.80929148045775], [4.468002151455161, 43.80932330389902], [4.467985680385828, 43.809356452096985], [4.467976862758064, 43.80938172291088], [4.469433674725231, 43.80936209771762], [4.469460587296896, 43.80933768080129], [4.469486583181224, 43.80930881188741], [4.469493415160725, 43.809299356364505], [4.469465282625905, 43.808204727489795]]], [[[4.466388966656136, 43.80940309179672], [4.467726874799316, 43.80938508862301], [4.467726867669059, 43.80938503417255], [4.467717400988016, 43.809350064444544], [4.467703206012371, 43.809315943950374], [4.467684421873298, 43.809283007099936], [4.467661232678802, 43.809251576701776], [4.4676338657090335, 43.80922196079944], [4.467602589188537, 43.809194449652466], [4.467567709657291, 43.809169312891676], [4.467529568966248, 43.809146796876675], [4.4674885409269, 43.80912712228151], [4.467445027647656, 43.80911048193185], [4.467399455592955, 43.80909703891544], [4.4673522714037235, 43.809086924983596], [4.4673039375201515, 43.80908023926018], [4.467254927649649, 43.809077047270094], [4.467212639550762, 43.80907581629282], [4.4671639901249565, 43.809076125793936], [4.46711561551973, 43.80907987808588], [4.467067979180848, 43.8090870372204], [4.467021537481619, 43.80909753461053], [4.466976735350902, 43.80911126968755], [4.46693400201073, 43.809128110864506], [4.466931338992472, 43.80912941977376], [4.466931230992473, 43.809129446814005], [4.466887215330745, 43.80914407876516], [4.466845374962652, 43.80916174342267], [4.4668378095572505, 43.80916569870151], [4.466822179187518, 43.80916333091568], [4.466800988947401, 43.809160915880184], [4.466791033365945, 43.809160133942555], [4.466790826867077, 43.809151619055925], [4.466782237437012, 43.809059030189125], [4.466776628205526, 43.809024137595024], [4.466766349188711, 43.80898980711054], [4.466751498291157, 43.80895636569562], [4.466732216958911, 43.808924131842225], [4.466708688832072, 43.808893412541124], [4.466681137995592, 43.80886450035819], [4.466649826844936, 43.80883767064811], [4.466615053586921, 43.80881317893212], [4.466577149399557, 43.808791258464446], [4.466536475277946, 43.80877211801102], [4.466493418596262, 43.80875593986136], [4.466448389418543, 43.808742878092396], [4.466401816593478, 43.80873305710134], [4.466371677473585, 43.808728956184055], [4.466388966656136, 43.80940309179672]]], [[[4.466363060922013, 43.808392975865715], [4.466370349421553, 43.80837001633054], [4.466376547691942, 43.808335405239376], [4.466378088330641, 43.80830052212696], [4.4663749568624675, 43.8082656949329], [4.466366048822977, 43.80820911207611], [4.466358246389774, 43.808174572303535], [4.466357400612377, 43.80817226450554], [4.466363060922013, 43.808392975865715]]], [[[4.467496824716368, 43.80713807875433], [4.467500615783159, 43.807149561025234], [4.467516523178945, 43.80718289733547], [4.467536859283897, 43.807214946131324], [4.467561428849026, 43.80724539969755], [4.467589995976868, 43.80727396563493], [4.467622286386254, 43.807300369667864], [4.467657990045685, 43.80732435827787], [4.467696764150028, 43.80734570113783], [4.467738236411937, 43.80736419332364], [4.467766278932967, 43.8073741002568], [4.467773673451388, 43.807395077103365], [4.46778086315001, 43.80740943251554], [4.467752345328478, 43.80743799707098], [4.467727252878483, 43.80746934917254], [4.46771727232394, 43.80748533758528], [4.467712649714528, 43.807489443389684], [4.467685954487436, 43.80751850355303], [4.46767136130654, 43.80753831592445], [4.467658793270525, 43.807545133455655], [4.467621819719869, 43.80756978119841], [4.467588471779075, 43.80759700672623], [4.46755909034337, 43.80762653173406], [4.467533975762903, 43.80765805441057], [4.467513384772354, 43.807691252523306], [4.467497527866292, 43.807725786712496], [4.467486567147175, 43.80776130396002], [4.467481183300967, 43.807793989054076], [4.467480678169636, 43.80779482732979], [4.467465544502006, 43.80782876592543], [4.467455122653736, 43.807863622498175], [4.467449514942897, 43.80789905486744], [4.467445653786711, 43.807942308876775], [4.467444947496107, 43.80797862677584], [4.467449298701215, 43.808014811328775], [4.46745866310767, 43.80805049410512], [4.4674729453763495, 43.8080853117828], [4.46749200009374, 43.808118909847494], [4.467515633252218, 43.80815094620236], [4.467543604225135, 43.80818109465137], [4.467575628216667, 43.80820904822076], [4.467611379161444, 43.80823452228477], [4.467650493044459, 43.80825725746375], [4.4676925716074685, 43.808277022265415], [4.467737186404124, 43.80829361544196], [4.467783883162558, 43.80830686803933], [4.467832186410992, 43.808316645117586], [4.467881604319259, 43.80832284712504], [4.467961325359816, 43.80832987411606], [4.4680105464926605, 43.80833242558274], [4.4680598744000095, 43.80833142987794], [4.468108822859018, 43.80832689681637], [4.468156909387247, 43.80831887108017], [4.468203659998744, 43.80830743177869], [4.46821885111196, 43.808302450705554], [4.468231202015396, 43.80830183960494], [4.4682807706315355, 43.80829569846401], [4.468329228655808, 43.80828596144899], [4.468376080036563, 43.80827272823527], [4.468420845169814, 43.808256134287866], [4.468463065809036, 43.808236349474626], [4.468502309756257, 43.808213576327205], [4.468538175286436, 43.80818804796784], [4.468570295259839, 43.808160025722636], [4.468598340880286, 43.808129796446515], [4.468622025060823, 43.808097669586544], [4.4686411053623525, 43.808063974014225], [4.468654647462263, 43.80803086165164], [4.468661690436329, 43.80802732404251], [4.46869928063045, 43.80800412273037], [4.468733505621914, 43.80797833420445], [4.4687640274666585, 43.80795021310922], [4.468790544788035, 43.80792003712141], [4.4688127957525765, 43.807888104207855], [4.468830560655247, 43.80785472968332], [4.468843664088632, 43.80782024309686], [4.468851976674679, 43.80778498497769], [4.468873495927591, 43.807655088905626], [4.468876931741564, 43.80761954487049], [4.4688754983362475, 43.807583928974914], [4.468869209765948, 43.807548590201975], [4.468862171182778, 43.807526541412834], [4.468879047091482, 43.807505843509404], [4.468900076151978, 43.807472843656335], [4.468916402967142, 43.807438476279486], [4.468927861094896, 43.80740309175179], [4.468934333729792, 43.80736705081528], [4.468935754893498, 43.80733072090335], [4.468932110107041, 43.80729447239472], [4.468925596500963, 43.80726758944146], [4.468927220157008, 43.80724739591744], [4.4689251966402255, 43.80721172488007], [4.468922013743087, 43.807195401093395], [4.468923773837843, 43.80718476771969], [4.468944597723723, 43.80715381187022], [4.468961559137603, 43.80712069211678], [4.468962412289149, 43.807118340990904], [4.467496824716368, 43.80713807875433]]]]}}, {"type": "Feature", "properties": {"zone": "manduel", "libelle": "Manduel", "tissu": "Bourg de plaine", "note": "Relev\u00e9 \u00e0 la main par le d\u00e9monstrateur (D24) : sert de corrig\u00e9 au protocole.", "maille": "3272_25209", "surf_zone_m2": 42445, "aires_connues": 0}, "geometry": {"type": "MultiPolygon", "coordinates": [[[[4.469552818875935, 43.81161060269668], [4.469507705056642, 43.809855356358945], [4.469506035836395, 43.80985514895739], [4.469457544352443, 43.809852613697316], [4.46940894281079, 43.80985352119858], [4.469360696175478, 43.80985786277928], [4.469288843565308, 43.80986693152533], [4.469240922605117, 43.809874764332015], [4.469194303391393, 43.80988598454355], [4.469171854961256, 43.80989323917407], [4.469132618030094, 43.809879052910254], [4.469087132537675, 43.80986646396939], [4.469040164358067, 43.80985715845887], [4.468992164245769, 43.809851225683644], [4.46894359285819, 43.80984872258055], [4.468928117806215, 43.809849024791205], [4.468885296448454, 43.80983322347167], [4.4688524301554695, 43.80982390555665], [4.468865623934441, 43.8098168030876], [4.469059037414643, 43.80970169163527], [4.46909577810018, 43.8096774999951], [4.469129002256226, 43.809650774306725], [4.469158378289546, 43.809621781309794], [4.469183613014978, 43.80959081037266], [4.46920445458145, 43.809558170604355], [4.469220694985422, 43.809524187769235], [4.469232172146605, 43.80948920103569], [4.469237111249855, 43.80946252629014], [4.469237614494561, 43.80946240452807], [4.469281104051484, 43.8094484068075], [4.469322545648152, 43.80943146120024], [4.469361559361382, 43.809411723059064], [4.469397787527223, 43.80938937333776], [4.469430898019946, 43.809364616932065], [4.469433674725231, 43.80936209771762], [4.467976862758064, 43.80938172291088], [4.467973762683995, 43.80939060753944], [4.467966512512601, 43.80942544306573], [4.4679639993267095, 43.80946062500026], [4.467966247207905, 43.809495816348736], [4.467973234633296, 43.809530680026015], [4.467984894681334, 43.80956488208497], [4.468001115672517, 43.80959809491532], [4.468021742238819, 43.80963000038161], [4.468046576811657, 43.809660292870795], [4.468075381514096, 43.809688682219466], [4.46809827647067, 43.80970907492822], [4.468101283763821, 43.80971149660429], [4.4681040694479615, 43.80971413954171], [4.468170154062227, 43.80977085243635], [4.46820311406847, 43.809796494850936], [4.468239360074255, 43.80981969556472], [4.468278548759896, 43.809840234819625], [4.468320308931283, 43.80985791806677], [4.46832714719398, 43.80986019972656], [4.468300512779613, 43.80987104094239], [4.468260320685198, 43.809891418932196], [4.468223098599299, 43.8099145671457], [4.468205543012286, 43.80992787673295], [4.468203138449472, 43.80992816332979], [4.4681555571022535, 43.80993741382701], [4.468109473990644, 43.80995002991369], [4.468065341825163, 43.809965887652524], [4.4680235941516875, 43.8099848312609], [4.468020631455854, 43.809986492628035], [4.467985413541793, 43.809999521808955], [4.467944229228749, 43.81001867262835], [4.467905845356317, 43.810040663762805], [4.467870634082656, 43.81006528199514], [4.4678389368069595, 43.81009228863662], [4.4678110608593435, 43.810121421841075], [4.467787276521002, 43.81015239914354], [4.467767814403506, 43.81018492019883], [4.4677528632126675, 43.810218669693555], [4.467748829706252, 43.810232245207914], [4.467745325540371, 43.81023789442885], [4.46773836610529, 43.81025303379218], [4.467720417029092, 43.81027720642609], [4.467701880703987, 43.810309236920524], [4.467687693177714, 43.81034241195138], [4.467677986528192, 43.81037642269572], [4.46767285112186, 43.81041095255041], [4.4676723347721685, 43.810445680079354], [4.467676442294184, 43.81048028200576], [4.467687975442963, 43.81054222978383], [4.467696793548433, 43.81057676849164], [4.467710218124466, 43.81061052039179], [4.467713285943993, 43.81061611407984], [4.467701314923759, 43.81062605692511], [4.467673085602145, 43.81065474239125], [4.467648863095744, 43.81068528858032], [4.46762887936674, 43.81071740298104], [4.4676133257876405, 43.8107507780643], [4.467602351308443, 43.81078509422811], [4.467596061030012, 43.810820022858], [4.467594515197306, 43.810855229473844], [4.467597728622159, 43.8108903769329], [4.467606615203141, 43.81094606005101], [4.467614641672174, 43.810981094336924], [4.467627396365839, 43.81101538535668], [4.467644755140541, 43.81104859932739], [4.46766654903655, 43.81108041294945], [4.467692565922351, 43.81111051655342], [4.467722552559278, 43.811138617114466], [4.467756217066329, 43.81116444110477], [4.4677932317611875, 43.81118773715592], [4.467833236349784, 43.81120827850601], [4.46783542984341, 43.81120918394597], [4.467837341448368, 43.81122485404672], [4.467854607019065, 43.81131642613194], [4.467861339264503, 43.81134249769646], [4.467860235537093, 43.8113450656392], [4.467850425024366, 43.81137931391284], [4.467845251022473, 43.81141409001878], [4.467844762394098, 43.811449065592406], [4.467848963761574, 43.81148391038513], [4.467865151782057, 43.81156976696418], [4.467849891742637, 43.81157282045486], [4.467804979622525, 43.81158349581649], [4.467761670871191, 43.81159721223325], [4.467720357137769, 43.81161384566546], [4.467681412031035, 43.81163324569437], [4.46767709132694, 43.81163586872631], [4.469552818875935, 43.81161060269668]]], [[[4.466388966656136, 43.80940309179672], [4.46640853813723, 43.81016619940145], [4.46646918933411, 43.810152362504574], [4.466503517737711, 43.81014318975422], [4.466503797641335, 43.810143491770916], [4.4665357006385715, 43.810171384140375], [4.466571312701707, 43.810196813654365], [4.466610273294788, 43.81021952286141], [4.466774051769659, 43.81030552387997], [4.466815487724366, 43.81032508089556], [4.466859402484158, 43.81034155897753], [4.466905361236291, 43.81035479497077], [4.466952908928731, 43.81036465782112], [4.467001574775958, 43.810371049873005], [4.467050876920602, 43.810373907836436], [4.467100327204741, 43.81037320341368], [4.4671494360035835, 43.81036894357949], [4.467197717073694, 43.81036117051202], [4.467244692367731, 43.81034996117516], [4.467289896767993, 43.81033542655653], [4.467332882691927, 43.81031771056838], [4.467373224523963, 43.81029698862264], [4.4674105228297805, 43.810273465894056], [4.46744440831131, 43.81024737528857], [4.4674745454632525, 43.81021897513709], [4.467496331955093, 43.810196180798215], [4.467521797463352, 43.81016656668821], [4.467543184590372, 43.81013530643683], [4.4675602924440385, 43.81010269368586], [4.467572960330249, 43.81006903478117], [4.467581069262148, 43.81003464589504], [4.467584543077535, 43.80999985005619], [4.467583349153985, 43.80996497411539], [4.467578301195651, 43.80993509551857], [4.467595537863509, 43.809922800622225], [4.4676264112661075, 43.8098960430979], [4.467653564740998, 43.809867247867686], [4.467676743489903, 43.80983668514169], [4.467695730013845, 43.80980464171556], [4.467710346153917, 43.80977141827904], [4.467720454762875, 43.80973732659431], [4.467740554920991, 43.80964885173528], [4.467746061458221, 43.809614208116066], [4.46774691299765, 43.809579341200234], [4.46774310155549, 43.80954457823784], [4.467734662913128, 43.80951024550257], [4.467728452256107, 43.809494186258696], [4.4677312922360475, 43.8094561454304], [4.467731513265053, 43.80942051040069], [4.467726874799316, 43.80938508862301], [4.466388966656136, 43.80940309179672]]]]}}, {"type": "Feature", "properties": {"zone": "manduel", "libelle": "Manduel", "tissu": "Bourg de plaine", "note": "Relev\u00e9 \u00e0 la main par le d\u00e9monstrateur (D24) : sert de corrig\u00e9 au protocole.", "maille": "3272_25210", "surf_zone_m2": 60964, "aires_connues": 0}, "geometry": {"type": "Polygon", "coordinates": [[[4.4665043518002685, 43.81390176160039], [4.4696106358677214, 43.81385993746605], [4.469552818875935, 43.81161060269668], [4.46767709132694, 43.81163586872631], [4.467645187740904, 43.81165523688227], [4.467638255710423, 43.811660331759896], [4.467604458181631, 43.81166211276977], [4.467557646127554, 43.81166786902061], [4.467446239882616, 43.81168556932516], [4.467398167938305, 43.811695058386015], [4.467351649329432, 43.811707984815875], [4.467307151458547, 43.81172421873497], [4.467265121425638, 43.81174359703097], [4.46722598153597, 43.811765924997964], [4.467201039434532, 43.811783352306975], [4.4671928960324, 43.8117850025793], [4.467190830573984, 43.81178502659674], [4.467141448087702, 43.811789197770324], [4.4670497593731655, 43.81180033202497], [4.467003211683877, 43.81180766045477], [4.466957846418074, 43.81181818173386], [4.466947116081812, 43.81182152039287], [4.466939028203563, 43.81182131336353], [4.466889686561132, 43.81182360957761], [4.46684090402268, 43.81182944411527], [4.466746822573048, 43.81184421048291], [4.466699646563538, 43.81185339350097], [4.466653943103527, 43.81186588546687], [4.466610153602564, 43.81188156573209], [4.4665929636994175, 43.81188932750197], [4.4665544833850825, 43.81189475706886], [4.466453334271761, 43.81191276099945], [4.4665043518002685, 43.81390176160039]]]}}, {"type": "Feature", "properties": {"zone": "manduel", "libelle": "Manduel", "tissu": "Bourg de plaine", "note": "Relev\u00e9 \u00e0 la main par le d\u00e9monstrateur (D24) : sert de corrig\u00e9 au protocole.", "maille": "3272_25211", "surf_zone_m2": 62500, "aires_connues": 0}, "geometry": {"type": "Polygon", "coordinates": [[[4.4665043518002685, 43.81390176160039], [4.466562051181267, 43.816151101214246], [4.46966845740858, 43.81610927537559], [4.4696106358677214, 43.81385993746605], [4.4665043518002685, 43.81390176160039]]]}}, {"type": "Feature", "properties": {"zone": "manduel", "libelle": "Manduel", "tissu": "Bourg de plaine", "note": "Relev\u00e9 \u00e0 la main par le d\u00e9monstrateur (D24) : sert de corrig\u00e9 au protocole.", "maille": "3272_25212", "surf_zone_m2": 62500, "aires_connues": 1}, "geometry": {"type": "Polygon", "coordinates": [[[4.466562051181267, 43.816151101214246], [4.466619755102268, 43.81840044396501], [4.469726283499045, 43.81835861642198], [4.46966845740858, 43.81610927537559], [4.466562051181267, 43.816151101214246]]]}}, {"type": "Feature", "properties": {"zone": "manduel", "libelle": "Manduel", "tissu": "Bourg de plaine", "note": "Relev\u00e9 \u00e0 la main par le d\u00e9monstrateur (D24) : sert de corrig\u00e9 au protocole.", "maille": "3272_25213", "surf_zone_m2": 62005, "aires_connues": 0}, "geometry": {"type": "Polygon", "coordinates": [[[4.469726283499045, 43.81835861642198], [4.466619755102268, 43.81840044396501], [4.466677463563808, 43.82064978984941], [4.469290991463429, 43.82061460612542], [4.469299137902328, 43.82052515896588], [4.469299385271298, 43.820514191535615], [4.469313560549246, 43.82051654906765], [4.469361902088673, 43.82052104348426], [4.46941061913999, 43.82052208901443], [4.469459243473208, 43.82051967560935], [4.469507307749532, 43.820513826464754], [4.469538496164863, 43.82050770798015], [4.469543946895267, 43.820507234864515], [4.469592040820456, 43.82049950475479], [4.469638841932356, 43.82048836613977], [4.469683890650625, 43.820473928399394], [4.4697267446041105, 43.82045633331047], [4.469766982975045, 43.82043575365451], [4.469779484826363, 43.8204279081488], [4.469726283499045, 43.81835861642198]]]}}, {"type": "Feature", "properties": {"zone": "manduel", "libelle": "Manduel", "tissu": "Bourg de plaine", "note": "Relev\u00e9 \u00e0 la main par le d\u00e9monstrateur (D24) : sert de corrig\u00e9 au protocole.", "maille": "3272_25214", "surf_zone_m2": 34849, "aires_connues": 1}, "geometry": {"type": "Polygon", "coordinates": [[[4.466677463563808, 43.82064978984941], [4.466735176566421, 43.82289913886415], [4.466871429299431, 43.82289730615438], [4.4672173695979005, 43.82279479925095], [4.467219390065179, 43.822792661608084], [4.467242620191393, 43.822762107424296], [4.4672616570700185, 43.82273006893338], [4.467276321983632, 43.8226968469235], [4.46728647726106, 43.82266275329356], [4.467292027569608, 43.82262810812488], [4.467292920809791, 43.82259323667632], [4.467289148604129, 43.82255846633035], [4.4672818727414025, 43.822517161899135], [4.467273587908121, 43.8224831934324], [4.467260850382792, 43.8224499550829], [4.467243777140921, 43.82241775207618], [4.467222524971874, 43.82238688012976], [4.467197289038869, 43.82235762273768], [4.467168301086607, 43.82233024856724], [4.467135827313035, 43.82230500899194], [4.467100165924775, 43.822282135783226], [4.467061644398684, 43.82226183898229], [4.467020616474666, 43.822244304971335], [4.466977458907388, 43.82222969476214], [4.466953897339666, 43.822223631420584], [4.466958719962867, 43.82220023870559], [4.466961142694115, 43.82216472761137], [4.466958714976845, 43.8221292166965], [4.466948007368459, 43.82205105636001], [4.466940910311897, 43.8220164634443], [4.466929210214879, 43.82198253244537], [4.466913017528015, 43.82194958365326], [4.4668924851087874, 43.821917928086], [4.4668678067784, 43.82188786455378], [4.466839215491997, 43.82185967683846], [4.466819064269925, 43.821843394363015], [4.466813507091943, 43.82182567219127], [4.466798004927856, 43.82179201265732], [4.4667830013644725, 43.821767718234085], [4.4668132680910215, 43.82176548148858], [4.4668616832429295, 43.821760148113626], [4.46690913876803, 43.82175139182307], [4.466955174194082, 43.82173929758145], [4.466999342829165, 43.82172398274224], [4.467041216096216, 43.82170559590901], [4.467080387691768, 43.8216843154935], [4.467116477528495, 43.82166034798438], [4.467149135423335, 43.821633925943416], [4.467178044495358, 43.82160530574893], [4.467187673234538, 43.821593486184305], [4.4671860717969425, 43.821612393204056], [4.467185451521134, 43.82164717644896], [4.467189471394516, 43.821681840620855], [4.467198093883052, 43.82171606198397], [4.4672112384675895, 43.821749520937395], [4.467228782395551, 43.821781904999995], [4.4672505618270675, 43.82181291172877], [4.467276373364892, 43.821842251543444], [4.467305975953766, 43.82186965043109], [4.467339093131558, 43.82189485250526], [4.467375415611117, 43.821917622395866], [4.467414604168739, 43.82193774744744], [4.467456292812304, 43.82195503970541], [4.46750009219943, 43.8219693376713], [4.467542469357057, 43.82197974091625], [4.467543288632241, 43.82202988591151], [4.467546239911623, 43.82206502070785], [4.467553916794166, 43.822099778810795], [4.467566245877453, 43.8221338278425], [4.4675831092713905, 43.82216684220517], [4.467604345725239, 43.822198506194546], [4.467629752169345, 43.822228517018935], [4.467659085656789, 43.82225658769483], [4.467692065686437, 43.82228244979129], [4.467728376885167, 43.822305855996945], [4.467767672023607, 43.8223265824851], [4.467809575336587, 43.82234443105412], [4.467853686116524, 43.82235923102299], [4.467899582545371, 43.82237084086346], [4.467946825728501, 43.82237914955358], [4.467994963891925, 43.82238407763945], [4.4680435367027185, 43.82238557799496], [4.468548187793284, 43.822383283314736], [4.468597074265233, 43.82238131529213], [4.468645456291889, 43.82237587525583], [4.468692864618878, 43.82236701596849], [4.468738839436209, 43.82235482335584], [4.468782934838156, 43.822339415673376], [4.468824723148264, 43.82232094235915], [4.46886379906749, 43.822299582584456], [4.468899783605269, 43.82227554351596], [4.468932327755341, 43.82224905830623], [4.468961115880708, 43.82222038383239], [4.468985868774894, 43.82218979820459], [4.46900634636978, 43.82215759806854], [4.4690223500638115, 43.822124095728306], [4.4690337246479555, 43.82208961611726], [4.469040359810772, 43.822054493646505], [4.469042191207984, 43.822019068961495], [4.469040011838222, 43.82188589081727], [4.469037059650079, 43.821850756065295], [4.469029381899274, 43.82181599807218], [4.469017052013139, 43.821781949212614], [4.469000187904681, 43.82174893507961], [4.468978950844749, 43.821717271370936], [4.468953543919607, 43.82168726087044], [4.468924210088708, 43.82165919055269], [4.468891229861223, 43.82163332883889], [4.468854918613562, 43.821609923030216], [4.468835089608756, 43.821599464266484], [4.468873838963371, 43.821581056493265], [4.468912016842692, 43.82155873025399], [4.4689469685051595, 43.8215337875051], [4.468978353378383, 43.82150647129441], [4.469005865646876, 43.82147704779698], [4.469029237231862, 43.82144580372121], [4.469048240403354, 43.821413043515115], [4.469062689998974, 43.82137908639961], [4.4690724452279476, 43.8213442632579], [4.469077411042694, 43.82130891341122], [4.4690838206455465, 43.82121972207868], [4.469083975177984, 43.82118460530749], [4.46907940288155, 43.82114964474928], [4.4690701472823555, 43.821115173146225], [4.469056296480128, 43.82108151858631], [4.469037982309416, 43.82104900138049], [4.4690153790845475, 43.82101793101432], [4.468997262776592, 43.820998014655885], [4.469036983694031, 43.820983165561834], [4.469077838685573, 43.82096401469084], [4.469115911601586, 43.82094206320389], [4.469150837557742, 43.82091752148241], [4.46918228183118, 43.82089062473205], [4.469209943068419, 43.82086163072855], [4.469233556173419, 43.820830817347066], [4.469252894848071, 43.820798479899], [4.469267773760818, 43.82076492830162], [4.4692780503225995, 43.82073048410793], [4.469283626053121, 43.82069547742479], [4.469290991463429, 43.82061460612542], [4.466677463563808, 43.82064978984941]], [[4.467249328760301, 43.82131735879476], [4.467249235277523, 43.82131630393566], [4.467243294650077, 43.82127858177022], [4.467235364735894, 43.82124361949643], [4.467222726018911, 43.82120939103994], [4.467205500956125, 43.821176228019006], [4.467183856437988, 43.82114445172883], [4.467158002171236, 43.82111437002903], [4.467128188646949, 43.82108627436093], [4.467094704713546, 43.82106043692406], [4.467057874778199, 43.82103710803921], [4.467018055663819, 43.8210165137232], [4.466975633152055, 43.820998853499425], [4.46693101824578, 43.82098429846473], [4.4668846431872975, 43.82097298963198], [4.466836957270827, 43.820965036563955], [4.466788422489813, 43.82096051631191], [4.466739509061261, 43.82095947266909], [4.466717277243663, 43.82096058524999], [4.466745566185529, 43.82095266139833], [4.466788889466837, 43.820936855676536], [4.466829878821272, 43.82091806795778], [4.466868143946588, 43.82089647714072], [4.466903320482096, 43.8208722888152], [4.466916089423009, 43.82086160996085], [4.466926823537673, 43.820865845373696], [4.466971055149623, 43.820879470261055], [4.467016897350127, 43.82088993862132], [4.4670639215819286, 43.82089715259047], [4.467111688236892, 43.82090104472828], [4.467159750765913, 43.82090157864883], [4.467207659853735, 43.82089874936079], [4.467254967619637, 43.82089258331392], [4.4673080593434875, 43.82088372566668], [4.467306695659943, 43.82088841439139], [4.467301370761739, 43.82092348615568], [4.467260908163152, 43.821407446364894], [4.467259624933534, 43.82140946501876], [4.467259922067727, 43.82140411425421], [4.4672570657188535, 43.821368717266786], [4.467249559095021, 43.821318415471744], [4.467249328760301, 43.82131735879476]]]}}, {"type": "Feature", "properties": {"zone": "manduel", "libelle": "Manduel", "tissu": "Bourg de plaine", "note": "Relev\u00e9 \u00e0 la main par le d\u00e9monstrateur (D24) : sert de corrig\u00e9 au protocole.", "maille": "3273_25204", "surf_zone_m2": 10734, "aires_connues": 0}, "geometry": {"type": "MultiPolygon", "coordinates": [[[[4.47231143709763, 43.79807275954255], [4.4721672224118185, 43.798074707352775], [4.47216030743729, 43.79813423922959], [4.472159460680913, 43.79818610386257], [4.472164854826851, 43.79825083374409], [4.4721702769885106, 43.7982863925274], [4.472180545608704, 43.798321385835926], [4.472186147490958, 43.79833410255183], [4.472185428873708, 43.79833660373373], [4.472180225775478, 43.79837134901331], [4.472179699274242, 43.79840629600196], [4.472183854341954, 43.79844111524917], [4.472193939307511, 43.79849498132994], [4.472202929237744, 43.79852993258971], [4.472216635619253, 43.798564071003945], [4.472234924745974, 43.798597063530934], [4.472242385816977, 43.798607428134574], [4.472234979201106, 43.798633456316246], [4.472229857204243, 43.79866970005701], [4.472229819714388, 43.79870613316765], [4.472231803107143, 43.798734907603844], [4.472236704355242, 43.798770457102584], [4.472246446850765, 43.79880547958504], [4.472260934627672, 43.79883963003931], [4.472280024972738, 43.79887257204337], [4.472303529831145, 43.798903981079256], [4.472331217658774, 43.79893354773001], [4.472333653229847, 43.79893566226137], [4.47231143709763, 43.79807275954255]]], [[[4.471886456847958, 43.80032859504944], [4.471878716252207, 43.80029901542508], [4.4718653964447395, 43.800265871660564], [4.471859543982023, 43.80025523377611], [4.471863406790808, 43.80023698079105], [4.471871374828587, 43.80020754956536], [4.471876024068805, 43.80017293435752], [4.471876039361657, 43.80013815574532], [4.4718714205728025, 43.8001035384009], [4.471862210828747, 43.80006940549034], [4.4718484961139175, 43.800036075656706], [4.471830404467682, 43.80000386004555], [4.471808104788785, 43.799973059400195], [4.47179538523783, 43.79995898632637], [4.47179275034965, 43.79995430670904], [4.471769983036, 43.79992304896231], [4.4717430934482065, 43.79989355895802], [4.4717123407965, 43.79986612096704], [4.471678021528119, 43.799840999479315], [4.471640466469583, 43.79981843665438], [4.471600037637641, 43.79979864998717], [4.471557124749598, 43.79978183021156], [4.471512141466707, 43.799768139461825], [4.471465521406797, 43.79975770970998], [4.471417713964565, 43.79975064149344], [4.471141431543424, 43.79971993688398], [4.471044539968864, 43.799707596008155], [4.470996608465165, 43.79970321793655], [4.470948316534849, 43.79970223141039], [4.470900120533957, 43.7997046457523], [4.470852475912052, 43.79971043814688], [4.4708058329084865, 43.799719553856356], [4.47076063229789, 43.79973190673777], [4.470717301225085, 43.79974738005704], [4.470676249168744, 43.79976582759197], [4.470637864071975, 43.79978707501399], [4.470602508676352, 43.799810921535496], [4.4705705170940515, 43.79983714180715], [4.4705421916504635, 43.799865488047466], [4.470517800027155, 43.799895692383984], [4.470498668939041, 43.7999257472492], [4.470480044422305, 43.799925477645736], [4.470431460732389, 43.799928232012995], [4.470383483064422, 43.799934419551256], [4.47036389937349, 43.799938411081854], [4.470333068520882, 43.79993461560359], [4.47028442387976, 43.79993040121815], [4.470235442705218, 43.79992967634914], [4.470217579127947, 43.79993069008199], [4.470204429392358, 43.799929081373726], [4.470155810805435, 43.799924904946856], [4.470106860780105, 43.79992421370395], [4.470058054383748, 43.799927014353656], [4.470009865289879, 43.79993327971524], [4.469962761181339, 43.799942948982434], [4.46991719921159, 43.79995592831355], [4.4698736215681905, 43.79997209174216], [4.469832451181467, 43.79999128239946], [4.469794087620041, 43.80001331403685], [4.469758903213021, 43.80003797283315], [4.469727239436507, 43.80006501946995], [4.4696994035994555, 43.800094191453866], [4.469675665861102, 43.80012520566421], [4.469656256608837, 43.80015776110064], [4.469641364222044, 43.80019154180418], [4.469631133243577, 43.80022621992382], [4.469611062443978, 43.80031559433358], [4.469605631183579, 43.80035038739716], [4.46960544176688, 43.80035937074229], [4.471886456847958, 43.80032859504944]]]]}}, {"type": "Feature", "properties": {"zone": "manduel", "libelle": "Manduel", "tissu": "Bourg de plaine", "note": "Relev\u00e9 \u00e0 la main par le d\u00e9monstrateur (D24) : sert de corrig\u00e9 au protocole.", "maille": "3273_25205", "surf_zone_m2": 9594, "aires_connues": 0}, "geometry": {"type": "Polygon", "coordinates": [[[4.46960544176688, 43.80035937074229], [4.469604892972315, 43.800385398056854], [4.469608854804177, 43.80042029502131], [4.469617479198456, 43.800454748074294], [4.4696306845541, 43.80048843119954], [4.469648345921555, 43.80052102566579], [4.469670296184846, 43.800552223042736], [4.469696327642683, 43.80058172811979], [4.469726193973664, 43.800609261699584], [4.469759612566979, 43.80063456324], [4.469796267196556, 43.80065739331971], [4.469835811013377, 43.80067753590381], [4.4698778698276, 43.80069480038831], [4.469922045649492, 43.800709023403634], [4.469967920455595, 43.800720070360846], [4.470015060144535, 43.80072783672521], [4.470142229940376, 43.80074412250587], [4.470190782105109, 43.80074856794192], [4.470239702532265, 43.800749533158125], [4.470266552439148, 43.800748144655635], [4.470286050627364, 43.80075434238373], [4.470332607864401, 43.80076532970053], [4.470380431978539, 43.80077294525544], [4.4705661718164755, 43.800795640810904], [4.470614408441645, 43.80079979107458], [4.470662974063364, 43.80080051074244], [4.470665325967394, 43.8008003787601], [4.470680365029526, 43.800814772410504], [4.470713720269704, 43.800840878651876], [4.4707504701011285, 43.80086447306133], [4.4707902556713375, 43.80088532524301], [4.470832688483032, 43.80090323157822], [4.470877354187742, 43.80091801721386], [4.470923816631996, 43.80092953776998], [4.470971622116463, 43.80093768074965], [4.471057660126924, 43.80094912026505], [4.471105666312774, 43.80095376522537], [4.471154068786656, 43.80095500364691], [4.471192849006155, 43.800953254831136], [4.471263026461167, 43.80096218516559], [4.471312206488823, 43.80096662620905], [4.471361752686658, 43.800967497370266], [4.471411172313625, 43.80096478998544], [4.471459973887505, 43.800958530979756], [4.471507672073012, 43.80094878259958], [4.471553792508743, 43.800935641793316], [4.471597876524976, 43.80091923924736], [4.471639485705349, 43.80089973808609], [4.471678206247089, 43.800877332249726], [4.471713653076381, 43.80085224456537], [4.471745473677974, 43.800824724530926], [4.471773351600914, 43.8007950458337], [4.471797009605557, 43.80076350362845], [4.471816212420542, 43.8007304116021], [4.471830769082351, 43.800696098853884], [4.4718405348341586, 43.80066090662245], [4.4718869419099185, 43.800436170255686], [4.47189172331994, 43.80040182511482], [4.47189194050745, 43.80036730617615], [4.471887591483282, 43.80033293090005], [4.471886456847958, 43.80032859504944], [4.46960544176688, 43.80035937074229]]]}}, {"type": "Feature", "properties": {"zone": "manduel", "libelle": "Manduel", "tissu": "Bourg de plaine", "note": "Relev\u00e9 \u00e0 la main par le d\u00e9monstrateur (D24) : sert de corrig\u00e9 au protocole.", "maille": "3273_25206", "surf_zone_m2": 13787, "aires_connues": 0}, "geometry": {"type": "Polygon", "coordinates": [[[4.469379395189633, 43.8048626172625], [4.470606729654571, 43.80484606767523], [4.470615868972222, 43.8047882206734], [4.470619027058583, 43.80475307223518], [4.470618419813879, 43.804739714356295], [4.470622940773257, 43.80471635169767], [4.470632200970349, 43.804641523350114], [4.470634153058516, 43.80460529549957], [4.470631063302127, 43.80456910919737], [4.4706229630562175, 43.80453333155291], [4.470609934506791, 43.80449832552912], [4.470592109836674, 43.80446444626013], [4.470569669884188, 43.80443203744855], [4.470542842308261, 43.80440142787884], [4.470511899278588, 43.80437292808164], [4.470477154714314, 43.804346827183814], [4.470438961099238, 43.80432338997524], [4.4703977059058415, 43.80430285422279], [4.470353807664455, 43.804285428258254], [4.470307711717397, 43.80427128886491], [4.470259885701207, 43.804260579484264], [4.470210814802715, 43.80425340876093], [4.470160996837169, 43.80424984944047], [4.470144358345749, 43.80424927118787], [4.470166129149373, 43.80423794866889], [4.470202507329013, 43.80421483235603], [4.470235608733409, 43.80418926319438], [4.4702651195069105, 43.80416148362526], [4.470290759840655, 43.80413175704814], [4.47031228662554, 43.8041003653232], [4.470329495757159, 43.80406760609863], [4.470333769609754, 43.80405625149061], [4.4703355644247775, 43.80405445598742], [4.470360383566733, 43.80402359090745], [4.4703808568827, 43.80399109632479], [4.470396782791488, 43.803957292194646], [4.470408004488456, 43.803922511366], [4.470414411489175, 43.80388709630409], [4.470415940716978, 43.80385139571846], [4.470415130945924, 43.80381990521399], [4.470411912620185, 43.80378516855713], [4.470404075856852, 43.80375081955518], [4.47039169397509, 43.803717179534274], [4.470374882811953, 43.803684563187694], [4.470353799638483, 43.803653275631945], [4.470328641688228, 43.803623609552574], [4.470299644311985, 43.80359584246626], [4.470267078775991, 43.80357023412481], [4.470231249724215, 43.80354702408534], [4.470192492328441, 43.80352642946939], [4.47015116915286, 43.80350864293195], [4.470107666762453, 43.80349383085929], [4.470062392106911, 43.80348213181257], [4.470015768713917, 43.80347365523177], [4.469968232727382, 43.80346848041187], [4.469849096632313, 43.803459752162674], [4.4698439389759645, 43.80345239918147], [4.46981781650434, 43.80342273996852], [4.469787821258269, 43.80339506924062], [4.469754239751127, 43.80336965130242], [4.469717392750175, 43.80334672893996], [4.469677632212618, 43.80332652110194], [4.469639116648976, 43.80331076648037], [4.469619749133601, 43.80329851936343], [4.469579976610743, 43.80327797955082], [4.46953761219687, 43.803260366683276], [4.469493065134685, 43.80324585090103], [4.4694467657502255, 43.803234572426476], [4.469399161296061, 43.80322664020947], [4.469350711631037, 43.8032221308751], [4.46933722086559, 43.80322136086541], [4.469366241724802, 43.80435074682807], [4.469380808231494, 43.80434695436894], [4.469408465699365, 43.80433743413393], [4.4694099710689255, 43.80433747399907], [4.469458383052855, 43.804335329782774], [4.469506275920757, 43.80432977817872], [4.469553193553579, 43.80432087205897], [4.469598689120662, 43.80430869624313], [4.469626194643728, 43.804299034346755], [4.469656495610682, 43.804302482773046], [4.469682366163647, 43.80430451096715], [4.469644892806965, 43.80432509040083], [4.469609186927343, 43.8043490223266], [4.469576882750054, 43.80437536784836], [4.469548289802253, 43.804403874536774], [4.4695236820532, 43.80443426925494], [4.46950371451697, 43.804465602910774], [4.469467777379734, 43.80444379334808], [4.469428425980981, 43.804424236946225], [4.469386666108437, 43.80440750421584], [4.46936754584703, 43.80440149747871], [4.469379395189633, 43.8048626172625]]]}}, {"type": "Feature", "properties": {"zone": "manduel", "libelle": "Manduel", "tissu": "Bourg de plaine", "note": "Relev\u00e9 \u00e0 la main par le d\u00e9monstrateur (D24) : sert de corrig\u00e9 au protocole.", "maille": "3273_25207", "surf_zone_m2": 14283, "aires_connues": 0}, "geometry": {"type": "MultiPolygon", "coordinates": [[[[4.472488491402743, 43.804949062894984], [4.472471706337846, 43.80498264648446], [4.472459543545304, 43.80501754003694], [4.472452252548055, 43.8050531387844], [4.472449906235928, 43.80508908688234], [4.472450123551102, 43.80514578658854], [4.472452695438026, 43.80518137232127], [4.472460113079716, 43.80521659950638], [4.472472303788672, 43.805251122900934], [4.472489148098534, 43.805284604158885], [4.472497454110489, 43.805297106685494], [4.472488491402743, 43.804949062894984]]], [[[4.469427245849602, 43.806724661962846], [4.469436535775641, 43.806707791042356], [4.469449227146796, 43.80667609385376], [4.469553358655193, 43.806681425649124], [4.469600675226464, 43.80668221230841], [4.469647880588659, 43.80667973601789], [4.469694546694529, 43.806674019232034], [4.469740250386959, 43.806665113789336], [4.469784577236237, 43.80665310044229], [4.469827125298218, 43.80663808812512], [4.46986750875919, 43.806620212965846], [4.469905361434474, 43.80659963705192], [4.469940340088964, 43.8065765469604], [4.469972127549523, 43.80655115206594], [4.470000435581021, 43.806523682642265], [4.470025007499895, 43.806494387774], [4.470045620501575, 43.80646353309788], [4.470062087680652, 43.80643139839415], [4.470070880773133, 43.8064074700739], [4.470071198829381, 43.80640695267059], [4.470087301758981, 43.806371023351204], [4.470098116832255, 43.806334069719895], [4.470103524953122, 43.806296498747116], [4.470103466572738, 43.806258724201214], [4.4700979423448315, 43.806221162091674], [4.470087013118046, 43.80618422608759], [4.470085678243937, 43.80618064391988], [4.470074332489176, 43.80615426650448], [4.470071709007793, 43.806148901629044], [4.470054404110496, 43.80611811212693], [4.47005171028827, 43.8061143550862], [4.470052416779178, 43.806105609634244], [4.470050456485954, 43.806070195166775], [4.47004369658702, 43.806035091997394], [4.470032202630596, 43.806000640462955], [4.47001608606263, 43.80596717458184], [4.469995503145995, 43.805935018815696], [4.469970653445186, 43.80590448492358], [4.4699417778912585, 43.805875868939566], [4.46990915644573, 43.80584944830268], [4.469873105386169, 43.805825479167076], [4.469833974239721, 43.805804193918775], [4.4697921423943505, 43.80578579892267], [4.469748015420631, 43.805770472521814], [4.469702021139757, 43.80575836330855], [4.469654605475887, 43.805749588683895], [4.469606228132995, 43.80574423371933], [4.469586252519089, 43.8057427468848], [4.469577606896771, 43.80573870153004], [4.46953328327034, 43.805722259087034], [4.469486910191002, 43.805709111469035], [4.469438953211062, 43.80569939066827], [4.469400774221129, 43.80569456851726], [4.469427245849602, 43.806724661962846]]], [[[4.469379395189633, 43.8048626172625], [4.469396671233654, 43.80553490524324], [4.4694107362869975, 43.80552804772704], [4.469427120168119, 43.80551823206229], [4.469465904763862, 43.805538703038636], [4.4695086637053185, 43.805556848727456], [4.469553705320241, 43.805571820218574], [4.469559367835243, 43.80557322731106], [4.4695714666557675, 43.80558796247357], [4.469600291787005, 43.805616332949285], [4.469632807679116, 43.805642527214864], [4.469668702972685, 43.80566629444029], [4.46970763394666, 43.805687407036], [4.469749227809744, 43.80570566283227], [4.469793086270187, 43.80572088701536], [4.469838789349854, 43.80573293380147], [4.469885899405982, 43.80574168783284], [4.470069286170851, 43.80576891645621], [4.470117699899395, 43.80577432010493], [4.470166612971665, 43.8057762460139], [4.4702155502543865, 43.80577467547514], [4.470264036379097, 43.805769623744624], [4.470311600360052, 43.805761139893995], [4.4703577801695475, 43.805749306333986], [4.470402127226202, 43.80573423801372], [4.470444210752589, 43.80571608130418], [4.470483621959873, 43.80569501257616], [4.470519978018814, 43.80567123648713], [4.4705529257785335, 43.80564498399294], [4.470582145196932, 43.80561651010447], [4.470607352449437, 43.80558609141028], [4.4706283026858715, 43.80555402338977], [4.470644792408681, 43.805520617543046], [4.4706566614494125, 43.80548619836487], [4.470679379074354, 43.80540308805941], [4.470686490901227, 43.805368147756894], [4.47068884051475, 43.805332870886346], [4.470686405303779, 43.80529759706156], [4.47067920872108, 43.80526266586638], [4.470667320057223, 43.805228413585496], [4.470650853773186, 43.80519516996703], [4.470629968398128, 43.80516325504808], [4.470604865002957, 43.80513297607379], [4.470575785264389, 43.80510462453953], [4.470543009138142, 43.80507847338483], [4.470506852163684, 43.805054774365836], [4.470499427453721, 43.805050792254], [4.470518016549922, 43.805033237246136], [4.470543775061034, 43.80500321495195], [4.470565343643864, 43.80497150773913], [4.470582514328159, 43.804938421347956], [4.470595121551787, 43.80490427481706], [4.47060304375692, 43.80486939740694], [4.470606729654571, 43.80484606767523], [4.469379395189633, 43.8048626172625]]]]}}, {"type": "Feature", "properties": {"zone": "manduel", "libelle": "Manduel", "tissu": "Bourg de plaine", "note": "Relev\u00e9 \u00e0 la main par le d\u00e9monstrateur (D24) : sert de corrig\u00e9 au protocole.", "maille": "3273_25208", "surf_zone_m2": 16736, "aires_connues": 0}, "geometry": {"type": "MultiPolygon", "coordinates": [[[[4.472544804170465, 43.807135755886065], [4.472504702698859, 43.80712549397353], [4.472457912397707, 43.80711710670721], [4.472410220305999, 43.807112041251976], [4.472356682757369, 43.8071082640929], [4.472307762465148, 43.80710656844947], [4.47225884923694, 43.807108367803046], [4.4722104179927165, 43.80711364468292], [4.4721629389729145, 43.80712234785357], [4.472116873172917, 43.80713439281219], [4.472072667867257, 43.807149662608865], [4.472030752267041, 43.80716800898229], [4.471991533352662, 43.80718925379913], [4.471955391922352, 43.80721319078353], [4.471922678894875, 43.80723958751975], [4.471893711902262, 43.80726818770891], [4.47187476651847, 43.80729137667953], [4.47183622985014, 43.80731232403073], [4.471800156847863, 43.80733629320882], [4.4717675147920755, 43.8073627161243], [4.4717492757269754, 43.80738078216227], [4.471718941326765, 43.80739019963784], [4.471676059681641, 43.80740730759249], [4.471635710090176, 43.807427387753876], [4.47159828403205, 43.807450245301844], [4.471564144623706, 43.80747565846944], [4.471533623095365, 43.80750338069447], [4.4715070155773065, 43.8075331430115], [4.471484580226681, 43.80756465666137], [4.471466534722632, 43.807597615892654], [4.4714530541541295, 43.80763170092809], [4.471444269320949, 43.807666581067046], [4.471440265464321, 43.80770191789395], [4.471438683712704, 43.807737040926725], [4.471439569257935, 43.807773242642924], [4.471445472254759, 43.807809196786486], [4.471456332985347, 43.807844539569196], [4.471472041568416, 43.80787891338793], [4.471492439070679, 43.807911970443044], [4.471517319114633, 43.8079433762575], [4.471546429966459, 43.80797281306122], [4.471579477082881, 43.8079999830065], [4.471616126091274, 43.80802461118172], [4.471656006172818, 43.808046448393156], [4.471698713814511, 43.80806527368641], [4.47174381689205, 43.80808089658221], [4.471790859042299, 43.80809315900391], [4.47183936428103, 43.80810193687684], [4.471888841819293, 43.80810714138399], [4.472032017450676, 43.80811690886682], [4.472079681125815, 43.80811849458], [4.47212733513632, 43.80811676321635], [4.472174540331747, 43.80811173073108], [4.4722182140369355, 43.80810391718699], [4.472331310844072, 43.808111856385054], [4.472358345151843, 43.80811277831132], [4.4723931293838355, 43.80813693459945], [4.47243190220769, 43.80815896413122], [4.472473496839625, 43.80817810475646], [4.472517504372867, 43.80819416830691], [4.472563492178674, 43.80820699686453], [4.4725724387355035, 43.80820877944707], [4.472544804170465, 43.807135755886065]]], [[[4.472601041661231, 43.80931936186712], [4.472578314558525, 43.80843692690035], [4.472553958026743, 43.808442968779836], [4.472510400381518, 43.808457294206754], [4.472468946141267, 43.808474585767364], [4.472429979312006, 43.80849468328443], [4.472393860859144, 43.8085174005881], [4.472360925363795, 43.808542527240405], [4.472331477923435, 43.8085698304844], [4.472305791325624, 43.808599057400286], [4.472284103520971, 43.808629937248185], [4.472266615418758, 43.80866218397598], [4.472258258614718, 43.808683393617635], [4.472540976840748, 43.809148498697326], [4.47222460994107, 43.80916257244437], [4.47222452209505, 43.80916954314328], [4.472226408282459, 43.80920432789792], [4.472229205999263, 43.809219133746936], [4.472228929380979, 43.80922147390767], [4.4722236309037395, 43.80932445893164], [4.472601041661231, 43.80931936186712]]], [[[4.469493415160725, 43.809299356364505], [4.4695086473570225, 43.80927827485119], [4.46952657755399, 43.809246349645704], [4.469536889794515, 43.80922137010373], [4.469555523337879, 43.809221846363556], [4.469605427405115, 43.809219480225465], [4.469615591706828, 43.80921824670393], [4.46962210193095, 43.80922030665576], [4.4696687258741985, 43.80923124496094], [4.469716610679652, 43.809238804950674], [4.469770219433629, 43.809245282606824], [4.469820268082141, 43.80924945557413], [4.469870642953118, 43.809249938214805], [4.469920826530381, 43.8092467255705], [4.469970303263083, 43.80923985064573], [4.4700185648624045, 43.80922938406867], [4.47006511552363, 43.8092154333656], [4.4701094770199425, 43.80919814185612], [4.470151193615576, 43.80917768718089], [4.470189836747851, 43.8091542794763], [4.47022500943001, 43.809128159215845], [4.470256350329558, 43.80909959473941], [4.470283537480272, 43.80906887949643], [4.470306291589697, 43.80903632903127], [4.4703243789081855, 43.80900227774126], [4.470337613629994, 43.8089670754414], [4.470349065923324, 43.80892911915739], [4.4703510948852125, 43.80892042333809], [4.470353580881765, 43.80891222941801], [4.470373495118011, 43.80882684588652], [4.470378708613001, 43.80880822511361], [4.470386195491092, 43.80877221444928], [4.470388619759735, 43.8087358402461], [4.470385956615418, 43.808699474805735], [4.470378233325869, 43.808663490339455], [4.47036552895059, 43.80862825515841], [4.470347973531266, 43.808594129903874], [4.470325746760409, 43.808561463856144], [4.470299076141856, 43.80853059135952], [4.470268234661946, 43.808501828400374], [4.47023353799525, 43.80847546937307], [4.470195341273446, 43.808451784066854], [4.470154035450425, 43.80843101490466], [4.470110043300797, 43.808413374461935], [4.470063815092815, 43.80839904329103], [4.470015823979947, 43.80838816807334], [4.469989762431077, 43.80838430194308], [4.469973719068827, 43.80837847242], [4.469928441459397, 43.808365852587485], [4.469881680659271, 43.80835648956254], [4.469833882163238, 43.80835047254747], [4.469786114532886, 43.80834618608576], [4.469756351029721, 43.80831969178759], [4.469723097746476, 43.80829526473279], [4.469686784835043, 43.80827324083959], [4.469647742054574, 43.8082538201058], [4.469606323952911, 43.80823717888988], [4.469562906647008, 43.80822346830953], [4.46951788440753, 43.80821281286946], [4.46947166607866, 43.8082053093308], [4.469465282625905, 43.808204727489795], [4.469493415160725, 43.809299356364505]]]]}}, {"type": "Feature", "properties": {"zone": "manduel", "libelle": "Manduel", "tissu": "Bourg de plaine", "note": "Relev\u00e9 \u00e0 la main par le d\u00e9monstrateur (D24) : sert de corrig\u00e9 au protocole.", "maille": "3273_25209", "surf_zone_m2": 50927, "aires_connues": 0}, "geometry": {"type": "Polygon", "coordinates": [[[4.469552818875935, 43.81161060269668], [4.472658976244598, 43.81156869178528], [4.472601041661231, 43.80931936186712], [4.4722236309037395, 43.80932445893164], [4.4722223029616455, 43.809350269714514], [4.472222889600292, 43.80938569594543], [4.472223695827376, 43.80939096023903], [4.47222124826573, 43.80941321611131], [4.47221588739196, 43.80954289488777], [4.472216791089416, 43.80957788426537], [4.472217721544667, 43.80958366885256], [4.472216004111223, 43.80960076110431], [4.472213902265344, 43.80966368110002], [4.472213231093034, 43.80968327067443], [4.472180056402503, 43.80968807220722], [4.472133229203145, 43.80969840584643], [4.472088032731377, 43.80971202508025], [4.472044905366284, 43.809728797810585], [4.472005357293131, 43.80974803036526], [4.472000137015467, 43.80974792570085], [4.4719724298853025, 43.80973869859102], [4.471925136838092, 43.809726952388516], [4.471876453590005, 43.809718706173285], [4.47182687269601, 43.80971404337667], [4.471776895792537, 43.80971301117456], [4.471727028522426, 43.80971562001036], [4.471667508055324, 43.80972092368113], [4.471628295203883, 43.80972586787874], [4.471620720315924, 43.80972298123103], [4.4715767553266765, 43.80970993898277], [4.471531271705909, 43.80969999607259], [4.471484685003138, 43.80969324334113], [4.471437420845343, 43.80968974248285], [4.471389911048535, 43.80968952548234], [4.471342589672811, 43.809692594322165], [4.471134325823754, 43.809713405622716], [4.471085627744348, 43.80972007820392], [4.471038089339338, 43.80973022964112], [4.4709921832456185, 43.809743759006835], [4.4709483658721885, 43.809760531789415], [4.470907072862612, 43.809780381230446], [4.470868714763904, 43.809803109982575], [4.470833672944856, 43.80982849207133], [4.470802295804397, 43.80985627514199], [4.47077489530768, 43.80988618296823], [4.470751743884337, 43.80991791819838], [4.470733071719733, 43.80995116531175], [4.4707258006148995, 43.80996903697352], [4.470708349715737, 43.80996809348376], [4.47065979715576, 43.80996891022856], [4.470611586409041, 43.809973154348626], [4.470597573869308, 43.80997489458269], [4.470576068995332, 43.80997178875883], [4.470527390938615, 43.80996830868939], [4.470478476251031, 43.809968310277014], [4.470449101764545, 43.8099704122325], [4.470444027585645, 43.80996802356085], [4.470401644983673, 43.80995203569054], [4.470357338166628, 43.809939069100736], [4.470311516668536, 43.809929243642976], [4.470264604023038, 43.80992265013499], [4.470217033848813, 43.80991934952122], [4.470169245841808, 43.809919372309494], [4.470121681711301, 43.8099227182892], [4.470086128916937, 43.80992647595013], [4.470042960821141, 43.80991804166158], [4.469994817422219, 43.809912225835376], [4.469946118481571, 43.80990985739375], [4.4698973335609145, 43.80991095917352], [4.46984893305095, 43.80991552055119], [4.469772133865781, 43.8099255563483], [4.4697708563899035, 43.80992577040928], [4.469769574079395, 43.80992589586254], [4.46975471120984, 43.80992789631555], [4.469750675352487, 43.80992858822123], [4.469730889067241, 43.80991748670733], [4.469689731550895, 43.80989874553358], [4.469646242669373, 43.809883005784215], [4.4696008384771915, 43.8098704180394], [4.469553953351452, 43.80986110272437], [4.469507705056642, 43.809855356358945], [4.469552818875935, 43.81161060269668]]]}}, {"type": "Feature", "properties": {"zone": "manduel", "libelle": "Manduel", "tissu": "Bourg de plaine", "note": "Relev\u00e9 \u00e0 la main par le d\u00e9monstrateur (D24) : sert de corrig\u00e9 au protocole.", "maille": "3273_25210", "surf_zone_m2": 62500, "aires_connues": 1}, "geometry": {"type": "Polygon", "coordinates": [[[4.469552818875935, 43.81161060269668], [4.4696106358677214, 43.81385993746605], [4.472716915386103, 43.81381802484682], [4.472658976244598, 43.81156869178528], [4.469552818875935, 43.81161060269668]]]}}, {"type": "Feature", "properties": {"zone": "manduel", "libelle": "Manduel", "tissu": "Bourg de plaine", "note": "Relev\u00e9 \u00e0 la main par le d\u00e9monstrateur (D24) : sert de corrig\u00e9 au protocole.", "maille": "3273_25211", "surf_zone_m2": 62475, "aires_connues": 2}, "geometry": {"type": "Polygon", "coordinates": [[[4.472716915386103, 43.81381802484682], [4.4696106358677214, 43.81385993746605], [4.46966845740858, 43.81610927537559], [4.472774859086284, 43.81606736104844], [4.472768508092046, 43.8158208281259], [4.47275899407234, 43.815819377734385], [4.472710294706223, 43.815815521788814], [4.4726468317305725, 43.81581277874762], [4.472597687227751, 43.81581241688702], [4.472594538461314, 43.81581261974348], [4.472559140928021, 43.81579741994296], [4.47269678493683, 43.81579986562315], [4.472709042157012, 43.81579965196362], [4.472744756149852, 43.81580470202149], [4.472768134284673, 43.81580631760454], [4.472716915386103, 43.81381802484682]]]}}, {"type": "Feature", "properties": {"zone": "manduel", "libelle": "Manduel", "tissu": "Bourg de plaine", "note": "Relev\u00e9 \u00e0 la main par le d\u00e9monstrateur (D24) : sert de corrig\u00e9 au protocole.", "maille": "3273_25212", "surf_zone_m2": 62494, "aires_connues": 0}, "geometry": {"type": "Polygon", "coordinates": [[[4.46966845740858, 43.81610927537559], [4.469726283499045, 43.81835861642198], [4.472832807345677, 43.818316700386866], [4.472774859086284, 43.81606736104844], [4.46966845740858, 43.81610927537559]], [[4.471021473527761, 43.81623584740847], [4.470983161992942, 43.81623574520434], [4.470983024454601, 43.816234655210586], [4.47097349218201, 43.81619910432449], [4.470972849532429, 43.816197558586744], [4.470974016853534, 43.816198745359955], [4.471006304948147, 43.81622552657791], [4.471021473527761, 43.81623584740847]]]}}, {"type": "Feature", "properties": {"zone": "manduel", "libelle": "Manduel", "tissu": "Bourg de plaine", "note": "Relev\u00e9 \u00e0 la main par le d\u00e9monstrateur (D24) : sert de corrig\u00e9 au protocole.", "maille": "3273_25213", "surf_zone_m2": 54144, "aires_connues": 1}, "geometry": {"type": "Polygon", "coordinates": [[[4.472890760164821, 43.82056604285877], [4.472832807345677, 43.818316700386866], [4.469726283499045, 43.81835861642198], [4.469779484826363, 43.8204279081488], [4.469804210631535, 43.82041239152081], [4.469838062007756, 43.82038647632198], [4.46986820469375, 43.820358262541], [4.4698943426995825, 43.82032802723206], [4.469911106827448, 43.820303536278864], [4.469914662289314, 43.82030367850694], [4.469963899988025, 43.820302109426066], [4.47001268115068, 43.82029701812965], [4.4700605263463595, 43.820288454656016], [4.470106965343518, 43.82027650316871], [4.47015154173175, 43.820261281129355], [4.4701938174076785, 43.82024293814306], [4.470233376880871, 43.82022165448806], [4.470269831357449, 43.82019763934379], [4.470302822561268, 43.820171128734934], [4.470332026255107, 43.82014238321164], [4.47035715542722, 43.82011168528876], [4.4703779631120035, 43.820079336669], [4.470392226893211, 43.82005394293385], [4.470400000058994, 43.82003790996088], [4.470486438992378, 43.820037717241284], [4.47053564054882, 43.82003583976838], [4.470584343803929, 43.82003044525721], [4.470632070389633, 43.82002158669321], [4.470678351531332, 43.82000935108613], [4.47072273265248, 43.81999385861532], [4.470764777839669, 43.8199752614492], [4.470804074124352, 43.81995374225068], [4.4708402355391605, 43.819929512382835], [4.470872906908928, 43.81990280983283], [4.4709017673392335, 43.819873896874356], [4.470926533368141, 43.81984305749134], [4.470946961750245, 43.81981059458865], [4.470953088338242, 43.81979757516255], [4.470976196573838, 43.819804498496744], [4.4710234401456335, 43.81981481936008], [4.471071864148517, 43.81982169812219], [4.471120991460004, 43.81982506700639], [4.471199370519546, 43.81982760975728], [4.471247142028302, 43.81982749596639], [4.471267382954409, 43.81982603410098], [4.471271571819857, 43.819836513473184], [4.471272458336305, 43.81985488922025], [4.471279204484338, 43.81989073020819], [4.4712908846385595, 43.819925899997095], [4.471311014042108, 43.819975417821844], [4.471327633584182, 43.82002222935814], [4.471345075969064, 43.82006175307475], [4.471354597717174, 43.82007700177195], [4.471374416366468, 43.820111415738985], [4.471397202949031, 43.82014130386646], [4.47144964104937, 43.82021823108968], [4.471506269981969, 43.82030173721931], [4.47152970548731, 43.820332420949995], [4.471557152942455, 43.82036130819456], [4.471588351915844, 43.82038812485391], [4.471619069615893, 43.82040983421808], [4.47161907114651, 43.82041049504178], [4.471624059896534, 43.820446093338155], [4.471633905234513, 43.82048115715011], [4.471648509886389, 43.820515340008185], [4.471662920316994, 43.82054394714166], [4.471682028826538, 43.820576744184464], [4.471686206893316, 43.8205823063178], [4.472890760164821, 43.82056604285877]]]}}, {"type": "Feature", "properties": {"zone": "manduel", "libelle": "Manduel", "tissu": "Bourg de plaine", "note": "Relev\u00e9 \u00e0 la main par le d\u00e9monstrateur (D24) : sert de corrig\u00e9 au protocole.", "maille": "3274_25204", "surf_zone_m2": 37016, "aires_connues": 0}, "geometry": {"type": "Polygon", "coordinates": [[[4.474185230162609, 43.800297531443704], [4.474179869805145, 43.80026679985048], [4.474172344124809, 43.80023594716584], [4.474185594931582, 43.80023869714137], [4.474232939204342, 43.800245013242666], [4.474280905092669, 43.80024798188889], [4.47432904250612, 43.80024757522357], [4.474376899744645, 43.8002437970627], [4.474474779581381, 43.800232572715004], [4.474523887658482, 43.80022508309971], [4.47457170245838, 43.80021404447007], [4.474617736394612, 43.8001995693916], [4.474661520041871, 43.800181805472725], [4.4747026069231115, 43.80016093385929], [4.4747405780625895, 43.80013716738739], [4.474775046258382, 43.80011074841283], [4.474805660030835, 43.800081946339645], [4.47483210720666, 43.80005105487273], [4.474854118102137, 43.800018389022775], [4.474871468272971, 43.79998428189392], [4.474883980802757, 43.799949081286805], [4.474890234419396, 43.7999193058155], [4.474895173120314, 43.7999045880365], [4.474901936001342, 43.799870494052854], [4.474904168741494, 43.79983608797728], [4.474901850904476, 43.799801684854856], [4.474895003722082, 43.79976759970297], [4.474881258991321, 43.799716483426934], [4.474880301400349, 43.799713678203], [4.474879643947722, 43.799710727776365], [4.474866015267554, 43.79966411012715], [4.474853284123332, 43.799629271334354], [4.474835807071271, 43.799595529215324], [4.474813759308442, 43.7995632219988], [4.474787361847368, 43.799532673529654], [4.474758803848546, 43.79950598836034], [4.474760330371341, 43.799501263813895], [4.474766761819055, 43.799465651254195], [4.474768261376145, 43.79942975174946], [4.4747648141223495, 43.79939392271379], [4.474756454387563, 43.79935852085895], [4.47474326540968, 43.79932389864309], [4.474725378505537, 43.799290400761606], [4.474702971763213, 43.799258360715584], [4.474676268268715, 43.79922809749147], [4.474645533884733, 43.799199912385404], [4.474611074603561, 43.79917408600365], [4.47457323350057, 43.799150875469024], [4.474532387318553, 43.79913051186114], [4.474488942716947, 43.799113197915894], [4.474427495423177, 43.799091528106054], [4.474384593463137, 43.7990782831105], [4.474352805894526, 43.799064153394546], [4.47429379669313, 43.79904065045726], [4.474249175278837, 43.79902492587389], [4.474217010403846, 43.7990163444248], [4.474220593679916, 43.79898338497787], [4.474219688686136, 43.798948379377684], [4.474214092619419, 43.79891360305458], [4.474207093091081, 43.79888309639944], [4.474196519925209, 43.798847967495504], [4.474181161136408, 43.79881377782186], [4.474161169967847, 43.798780868489054], [4.474158269393962, 43.7987771512648], [4.474167808941813, 43.798769349910415], [4.474196651561572, 43.79874043801368], [4.4742214018447415, 43.798709600405616], [4.474241816749369, 43.79867713991281], [4.474257695808157, 43.79864337529814], [4.4742688830968, 43.798608638130375], [4.4742752687648775, 43.798573269528184], [4.474276790114256, 43.79853761681017], [4.474275560784785, 43.79848993139254], [4.474272224509634, 43.798454477196], [4.474264077912316, 43.79841943406012], [4.474251200403721, 43.79838514353852], [4.474233717504745, 43.798351939848764], [4.474211799622582, 43.798320146614856], [4.4741856603895425, 43.79829007371302], [4.474155554580644, 43.798262014251634], [4.474121775630245, 43.79823624171444], [4.474084652771936, 43.79821300729514], [4.474062891229318, 43.79820190005362], [4.474054797805318, 43.79818756994231], [4.4740325684855895, 43.798156972401664], [4.474006388731847, 43.79812806081836], [4.473976500097759, 43.798101101945456], [4.4739431783558645, 43.798076344518904], [4.473906730953079, 43.79805401696269], [4.473901265740565, 43.79805127414943], [4.47231143709763, 43.79807275954255], [4.472333653229847, 43.79893566226137], [4.472362815702979, 43.798960980727934], [4.472398012689379, 43.79898600982396], [4.472436461888185, 43.79900838845014], [4.472477784529885, 43.79902789614867], [4.472479533468859, 43.79902855294857], [4.472479758670866, 43.799042567845646], [4.472485216825398, 43.79907806664557], [4.472497856072432, 43.79913459833673], [4.472507986677311, 43.79916909875375], [4.472522730600689, 43.79920271537139], [4.472541946275554, 43.79923512539408], [4.472558100705927, 43.7992563587678], [4.472564749060461, 43.79928726638448], [4.472574773420467, 43.79932231120306], [4.472589553000074, 43.799356461784086], [4.472608941699711, 43.79938938052172], [4.4726327478540515, 43.79942074198735], [4.472660736126512, 43.79945023614669], [4.472692629835545, 43.79947757142492], [4.472728113689701, 43.79950247758908], [4.4727668369044675, 43.79952470841984], [4.472808416670036, 43.79954404414561], [4.472852441935755, 43.799560293615244], [4.472898477473805, 43.799573296187866], [4.472946068181985, 43.7995829233211], [4.472994743582975, 43.79958907984179], [4.473044022475683, 43.799591704887], [4.473093417692612, 43.7995907725057], [4.47314244091622, 43.799586291915354], [4.4731895055065936, 43.79958025562809], [4.4731949642633095, 43.799579355027234], [4.473190221623944, 43.79958439615937], [4.473167076032129, 43.7996149981851], [4.473148130031197, 43.79964707961382], [4.473133561661724, 43.799680338980075], [4.4731235078289675, 43.79971446374899], [4.473118063016102, 43.799749133252995], [4.473117278396076, 43.799784021705065], [4.473121161350436, 43.79981880126011], [4.473129675399637, 43.79985314509574], [4.473131354576547, 43.79985843098273], [4.473149806899766, 43.79994165398274], [4.473159967283292, 43.799976417402355], [4.47317026079503, 43.799999904595936], [4.473145796810088, 43.80002267018629], [4.473119805269569, 43.800052470195226], [4.47309796245736, 43.80008396859055], [4.473080477834529, 43.80011686332943], [4.473067519071719, 43.80015083897877], [4.473059210441061, 43.80018556973978], [4.473055631624218, 43.8002207225722], [4.473056816947979, 43.80025596038781], [4.473062755054761, 43.80029094528275], [4.473067935896283, 43.80031263563649], [4.474185230162609, 43.800297531443704]]]}}, {"type": "Feature", "properties": {"zone": "manduel", "libelle": "Manduel", "tissu": "Bourg de plaine", "note": "Relev\u00e9 \u00e0 la main par le d\u00e9monstrateur (D24) : sert de corrig\u00e9 au protocole.", "maille": "3274_25205", "surf_zone_m2": 26249, "aires_connues": 0}, "geometry": {"type": "Polygon", "coordinates": [[[4.475495970687896, 43.80109705488961], [4.475489379333993, 43.80109763950353], [4.475442622415329, 43.80110515043933], [4.475397080789725, 43.80111588621249], [4.475353177388098, 43.8011297471235], [4.475316321599874, 43.8011445901202], [4.475285244542598, 43.8011358672246], [4.475239517253984, 43.801126554704474], [4.475199580068116, 43.80111989485141], [4.475152824411005, 43.80111378577998], [4.475105476992717, 43.801110938256784], [4.475057970512841, 43.801111378304775], [4.475010739124522, 43.80111510190246], [4.474964214467034, 43.80112207502057], [4.474918821721321, 43.80113223393302], [4.4749046404408785, 43.80113652003803], [4.474883091511263, 43.80113747565276], [4.474833818826189, 43.801143295170085], [4.474785600846283, 43.801152665691596], [4.474738924127777, 43.80116549266181], [4.474694259675254, 43.80118164664696], [4.474652058189049, 43.801200964641104], [4.474612745517495, 43.80122325171083], [4.474576718359873, 43.80124828296228], [4.474544340263445, 43.80127580581027], [4.4745416466102315, 43.80127862601938], [4.474522971522018, 43.80126334044371], [4.474487799153496, 43.80123962436793], [4.474449628758895, 43.80121847950701], [4.4744088172180385, 43.80120010355613], [4.474365746103175, 43.80118466832225], [4.474320818111527, 43.80117231811777], [4.474274453300368, 43.8011631684114], [4.474227085159865, 43.80115730474859], [4.474114017748697, 43.801147354345076], [4.47411994960908, 43.80109989125139], [4.474121945875806, 43.80106366339001], [4.474118900184106, 43.80102747385808], [4.474110843444299, 43.800991689825246], [4.4740978574071395, 43.80095667434641], [4.47408007383404, 43.80092278267824], [4.474057673159908, 43.80089035867492], [4.474030882662214, 43.80085973129954], [4.473999974154858, 43.80083121128676], [4.473965261230243, 43.800805087990106], [4.473927096077558, 43.800781626446586], [4.473885865909537, 43.80076106468774], [4.473841989033947, 43.80074361132478], [4.473795910609694, 43.80072944343222], [4.473788385277268, 43.80072775324453], [4.473787962905975, 43.800716391504174], [4.473787970472555, 43.80071639039182], [4.473834536256813, 43.80070601960216], [4.473879476347953, 43.80069239642264], [4.473922358890961, 43.80067565176667], [4.473962771804041, 43.80065594654367], [4.474000326738669, 43.80063347011273], [4.474034662811525, 43.80060843846288], [4.474065450072446, 43.80058109213742], [4.474092392675055, 43.80055169392222], [4.474115231719613, 43.800520526320604], [4.474123298951325, 43.80050630652469], [4.474145161051108, 43.80047472162552], [4.474162669040213, 43.80044166668444], [4.474175608967206, 43.80040752589217], [4.474183855657991, 43.80037262953079], [4.474187329341899, 43.800337315191186], [4.474185996423077, 43.80030192450718], [4.474185230162609, 43.800297531443704], [4.473067935896283, 43.80031263563649], [4.473081968174849, 43.80037138374867], [4.473062435589567, 43.80037163089449], [4.473013683836608, 43.80037575509025], [4.472965731531515, 43.80038334229268], [4.472919046409038, 43.800394318495016], [4.472874083844292, 43.80040857663373], [4.47283128241117, 43.800425977632564], [4.472791059604569, 43.80044635175921], [4.472753807768198, 43.80046950028077], [4.472719890267643, 43.80049519740208], [4.4726896379460275, 43.80052319246818], [4.4726633458968434, 43.80055321240901], [4.472641270585424, 43.80058496440302], [4.472623627347147, 43.80061813873331], [4.4726105882867735, 43.80065241180855], [4.472602280599416, 43.80068744931935], [4.472598785329538, 43.80072290949916], [4.472596773183727, 43.80078953960321], [4.472598076739826, 43.80082462473], [4.472604091816612, 43.8008594511197], [4.47261476123386, 43.800893687658], [4.47262998355943, 43.800927008838066], [4.472649614073322, 43.80095909785533], [4.472673466143354, 43.80098964961962], [4.472701312999355, 43.80101837365586], [4.472732889889022, 43.801044996865905], [4.472767896594952, 43.80106926612518], [4.4728060002889265, 43.80109095068936], [4.472846838696296, 43.80110984438829], [4.472890023540417, 43.80112576758635], [4.472935144234328, 43.80113856889037], [4.472981771784637, 43.80114812658919], [4.473018032986114, 43.801152858324386], [4.473018205719515, 43.80115474854714], [4.473026406039237, 43.80119019987848], [4.473039447301026, 43.801224882074735], [4.4730571994617465, 43.80125844927346], [4.473079485498746, 43.80129056673069], [4.473106083174906, 43.80132091415929], [4.473136727254624, 43.80134918892293], [4.473171112148673, 43.80137510905424], [4.473208894961523, 43.80139841606688], [4.473249698910787, 43.801418877533266], [4.4732794622852134, 43.801430813459376], [4.473279013941514, 43.80143162912408], [4.473265494922703, 43.80146560131598], [4.473256642617232, 43.80150037021019], [4.473240280591636, 43.80158879526661], [4.473236191428804, 43.80162379897259], [4.473236832703452, 43.801658924679636], [4.4732421983165604, 43.80169383783952], [4.473252237172839, 43.80172820592774], [4.4732668536670435, 43.80176170161069], [4.473285908594255, 43.80179400586313], [4.473309220475436, 43.80182481100706], [4.473336567285668, 43.80185382364192], [4.473367688568606, 43.8018807674394], [4.473402287917029, 43.80190538577517], [4.47344003579585, 43.801927444173295], [4.47348057268072, 43.80194673253958], [4.473523512482319, 43.80196306716263], [4.473568446223724, 43.80197629246378], [4.473614945935813, 43.80198628247883], [4.473662568733616, 43.801992942058035], [4.473839502109865, 43.80201125097269], [4.47388941324836, 43.80201456664436], [4.473939531671391, 43.80201422447517], [4.47398934764126, 43.80201022794522], [4.47403835449659, 43.80200261770186], [4.474086053805688, 43.801991471146366], [4.474131960436196, 43.80197690164661], [4.4741756074894266, 43.80195905738394], [4.474176410625047, 43.80195864668027], [4.47419154835316, 43.801958402594146], [4.474240879598756, 43.80195401067637], [4.474289358459206, 43.801946071982655], [4.474336500063855, 43.80193466591352], [4.474381832917611, 43.80191990654908], [4.47442490361689, 43.80190194150802], [4.474465281384612, 43.801880950471045], [4.474502562378795, 43.80185714338373], [4.474536373731717, 43.80183075835659], [4.474560233081747, 43.801807936350514], [4.474590908193332, 43.8018300826005], [4.474628977492481, 43.80185260184972], [4.474669931947572, 43.80187228731538], [4.474713370957242, 43.801888946440116], [4.474758869615784, 43.801902416269144], [4.4748059828695705, 43.80191256504433], [4.474854249870616, 43.80191929349313], [4.4749937997991704, 43.801933606103], [4.475043051948145, 43.80193685745816], [4.475092506405348, 43.80193654730243], [4.475141673430262, 43.80193267870724], [4.475190066128928, 43.80192528998278], [4.475237205275858, 43.80191445429855], [4.47527844907582, 43.801901581985035], [4.475298975693571, 43.801911006042516], [4.475343513185573, 43.80192717650982], [4.475390062224456, 43.8019400361629], [4.475438155032756, 43.801949455772956], [4.475487308318596, 43.80195534068075], [4.47551818276393, 43.80195789373356], [4.475495970687896, 43.80109705488961]]]}}, {"type": "Feature", "properties": {"zone": "manduel", "libelle": "Manduel", "tissu": "Bourg de plaine", "note": "Relev\u00e9 \u00e0 la main par le d\u00e9monstrateur (D24) : sert de corrig\u00e9 au protocole.", "maille": "3274_25206", "surf_zone_m2": 26624, "aires_connues": 0}, "geometry": {"type": "Polygon", "coordinates": [[[4.474814057507124, 43.80478923041778], [4.474794475280477, 43.8047692552339], [4.474809313534853, 43.804753323750006], [4.474833019370267, 43.804721330140666], [4.47485215418314, 43.80468776967469], [4.474866523282191, 43.80465298383471], [4.4748759804688385, 43.80461732657108], [4.474880429524444, 43.804581160700316], [4.474882101902453, 43.80454963659997], [4.47488149957864, 43.804513353410016], [4.474875856483873, 43.804477298494454], [4.474865229972659, 43.804441838242894], [4.474849822823529, 43.80440754397596], [4.474852184622133, 43.80437975822273], [4.474853706933444, 43.804294233637926], [4.4748518573604255, 43.80425822500821], [4.474845046126955, 43.804222530731586], [4.474833341498798, 43.80418750850668], [4.47481686077873, 43.804153509296626], [4.474795769130683, 43.80412087381219], [4.47477027792432, 43.804089929097444], [4.474740642616617, 43.80406098525253], [4.4747071601916915, 43.80403433232617], [4.474670166184559, 43.80401023740924], [4.474630031318638, 43.80398894195823], [4.47458715779069, 43.80397065937586], [4.4745419752404425, 43.803955572872454], [4.474540820098133, 43.80395528458951], [4.474551077840734, 43.80395205624872], [4.4745934214226715, 43.80393500466761], [4.474633271416851, 43.80391504815488], [4.474670249138494, 43.80389237635389], [4.474704003198743, 43.80386720471075], [4.474734212843835, 43.80383977242672], [4.474760591003123, 43.80381034018517], [4.47478106024206, 43.80378486210538], [4.474804615010063, 43.803751702690185], [4.47482330654205, 43.80371695626129], [4.4748304825350065, 43.80369802038458], [4.474845410392132, 43.803679840150245], [4.4748568700801385, 43.803662125241544], [4.47486752473805, 43.80365489982443], [4.474899772256822, 43.803628260140805], [4.474928247675766, 43.80359945355763], [4.474952675150325, 43.80356875913357], [4.474972818050828, 43.8035364742149], [4.474988481254606, 43.803502911555015], [4.474999513035959, 43.80346839628454], [4.475005806535679, 43.80343326276174], [4.4750073007959115, 43.80339785133334], [4.4750068430225065, 43.80338010466369], [4.475010264972886, 43.80336372894773], [4.475014468225461, 43.80333397070683], [4.475017031809234, 43.80329438674012], [4.47501357200607, 43.80325483855809], [4.4750120976413825, 43.803245858092964], [4.4750040592094456, 43.80321132429717], [4.474991425205596, 43.803177519707965], [4.474974315230637, 43.803144764317665], [4.474952891253887, 43.80311336818637], [4.474927356079747, 43.803083628507004], [4.474897951427757, 43.803055826792225], [4.474864955644332, 43.8030302262097], [4.474828681067854, 43.80300706909109], [4.474789471072066, 43.802986574638275], [4.474747696815726, 43.80296893684851], [4.474733373149749, 43.80296417322375], [4.4747274016086385, 43.80295372073554], [4.474705089228808, 43.80292328436821], [4.474678860529476, 43.80289453278012], [4.474648955907441, 43.80286772948496], [4.4746156494489, 43.80284312013968], [4.474579246417301, 43.802820930292924], [4.474540080455512, 43.802801363318004], [4.47449851052794, 43.802784598549], [4.474454917630626, 43.80277078963722], [4.474409701299461, 43.80276006314309], [4.474363275948535, 43.80275251737617], [4.474316067072142, 43.80274822149429], [4.474268507345287, 43.802747214869676], [4.474222543357952, 43.802747836471355], [4.474173300561729, 43.80275027782738], [4.4741246349533474, 43.80275624471344], [4.474077026516725, 43.80276567827882], [4.474030944809579, 43.802778485481305], [4.473986844332454, 43.80279454000481], [4.473945160046216, 43.80281368350509], [4.473906303082217, 43.80283572717148], [4.473870656687422, 43.802860453588956], [4.473855889012952, 43.80287295718304], [4.473810837317212, 43.80288195256205], [4.473765101686104, 43.80289471112556], [4.473721323496925, 43.8029106702074], [4.473679928478406, 43.80292967461142], [4.473641319184935, 43.80295153952669], [4.473605871081947, 43.802976052324524], [4.473573928894686, 43.80300297462629], [4.473545803255833, 43.803032044621375], [4.473521767684614, 43.80306297961305], [4.473502055926767, 43.803095478767666], [4.473486859681224, 43.80312922603994], [4.473476326735646, 43.803163893246456], [4.473470559528941, 43.80319914325704], [4.4734637182902866, 43.80327123901222], [4.473462749412592, 43.80330614692777], [4.47346645476949, 43.80334095860994], [4.473474799506798, 43.80337534652542], [4.473487705119362, 43.80340898712735], [4.47349596912708, 43.80342450823981], [4.473493391126218, 43.80344301803566], [4.473490882667496, 43.80347844094184], [4.473493200039591, 43.803513870675786], [4.4735003207499, 43.80354896321724], [4.473507955527677, 43.80357112684176], [4.473502317671501, 43.80358451382808], [4.473492785580069, 43.80361874768707], [4.473487878924915, 43.803653489430445], [4.47348764390093, 43.80368841203341], [4.4734898135764345, 43.80372438436093], [4.4734943136867225, 43.80375947142132], [4.4735035292517615, 43.80379407167001], [4.473517371960836, 43.803827853508764], [4.473535709157457, 43.80386049318209], [4.473558365110424, 43.8038916778801], [4.473569440860212, 43.803903860178735], [4.473588322213594, 43.80392737359388], [4.473615869202793, 43.803955205676225], [4.473646943358456, 43.80398101593681], [4.473681263441502, 43.80400457077397], [4.473718518833686, 43.80402565699892], [4.473757311763057, 43.80404359339079], [4.473729712069059, 43.804062401613216], [4.473697637685346, 43.80408901327932], [4.473669319265159, 43.80411777370393], [4.473668196418262, 43.80411918974671], [4.473581471079794, 43.80411631325655], [4.4735313589094385, 43.804116482768826], [4.473481525036338, 43.80412030617783], [4.473432476087572, 43.80412774461358], [4.4733847107108815, 43.80413872245464], [4.473338714505504, 43.804153128096736], [4.473294955085649, 43.80417081508745], [4.473253877326764, 43.804191603614925], [4.473215898842901, 43.804215282335754], [4.473181405741178, 43.804241610523654], [4.473150748696477, 43.80427032051644], [4.473124239386282, 43.80430112043728], [4.473102147321913, 43.80433369716175], [4.473098236695387, 43.804341321637374], [4.473082850295551, 43.804347573472796], [4.473042787943062, 43.80436783651289], [4.473005666636968, 43.80439085083286], [4.472971845206444, 43.804416393969646], [4.472941650584387, 43.80444421901563], [4.472915374647128, 43.80447405700512], [4.472893271392944, 43.80450561951431], [4.472875554486667, 43.80453860144906], [4.472862395194091, 43.804572683994024], [4.4728539207262035, 43.80460753769435], [4.4728502130092105, 43.8046428256403], [4.472846771767276, 43.80473590027484], [4.472812772604575, 43.80474149150522], [4.472765655789485, 43.80475292502632], [4.472720350854329, 43.804767708808086], [4.472677310661586, 43.80478569507426], [4.4726369654368545, 43.804806704036956], [4.4726178659814115, 43.80481891928132], [4.474814057507124, 43.80478923041778]]]}}, {"type": "Feature", "properties": {"zone": "manduel", "libelle": "Manduel", "tissu": "Bourg de plaine", "note": "Relev\u00e9 \u00e0 la main par le d\u00e9monstrateur (D24) : sert de corrig\u00e9 au protocole.", "maille": "3274_25207", "surf_zone_m2": 28644, "aires_connues": 0}, "geometry": {"type": "Polygon", "coordinates": [[[4.472497454110489, 43.805297106685494], [4.472510480934591, 43.805316715146944], [4.472536093231317, 43.805347141160624], [4.472565733981084, 43.805375584008615], [4.472599112693986, 43.805401764935205], [4.472635902244668, 43.80542542735241], [4.472675742078271, 43.80544633935474], [4.472718241744067, 43.80546429599213], [4.472762984722171, 43.80547912127867], [4.472780254746887, 43.805483406024265], [4.472770936973798, 43.80549325806919], [4.472746963325493, 43.80552504860205], [4.472727522752041, 43.80555842315425], [4.472712812129349, 43.80559304375355], [4.47270298043566, 43.805628559808795], [4.47269812724258, 43.805664611660184], [4.47269830170638, 43.8057008342214], [4.472703502069835, 43.8057368606766], [4.472730327557817, 43.805861604181935], [4.472739949533458, 43.80589552407667], [4.4727540275241155, 43.805928617407346], [4.472772431247612, 43.80596057789988], [4.4727949903869275, 43.80599110976396], [4.472818861154178, 43.80601706529072], [4.472813705207578, 43.80604765958616], [4.472810168988001, 43.806083201628084], [4.472811502517655, 43.80611882272886], [4.472815039058695, 43.806139019189885], [4.472793820480337, 43.80616033080005], [4.472769315157318, 43.806190859485724], [4.472749058155885, 43.80622298021095], [4.472733244436727, 43.80625638384598], [4.472722026199233, 43.80629074891371], [4.472715511416455, 43.806325744683654], [4.472713762795663, 43.80636103435472], [4.472716797174512, 43.80639627829673], [4.472724585358669, 43.80643113731888], [4.4727370524024295, 43.8064652759343], [4.472766099029973, 43.806531486705545], [4.472782593676154, 43.80656367732394], [4.472803248413894, 43.806594583302974], [4.472827875310396, 43.80662392342622], [4.4728562502888245, 43.806651430724656], [4.472888115167043, 43.806676854905966], [4.47292318000674, 43.806699964632045], [4.472961125751548, 43.80672054962406], [4.473001607130175, 43.80673842257585], [4.473044255798118, 43.806753420858435], [4.473088683689366, 43.80676540799978], [4.473134486547608, 43.80677427492665], [4.4731812476047885, 43.80677994095722], [4.473228541373541, 43.806782354535216], [4.473275937518985, 43.80678149369897], [4.4733230047746435, 43.806777366281416], [4.473369314866838, 43.806770009838736], [4.473448740788099, 43.80675448365994], [4.473464043469846, 43.80675322748992], [4.473512848683867, 43.80674556884905], [4.473547472372048, 43.80673880056706], [4.473594349882092, 43.806727804643685], [4.473639493591951, 43.80671350117409], [4.473682459796874, 43.806696030743566], [4.4737228261953295, 43.806675565064566], [4.473760196039816, 43.80665230528889], [4.473794202036454, 43.806626480030445], [4.473824509955008, 43.8065983431183], [4.473841632272195, 43.80657870890066], [4.473861350029867, 43.806562348111775], [4.4738896954856875, 43.80653355090684], [4.473914002128583, 43.80650287825271], [4.473934035336111, 43.806470626228965], [4.473949601737806, 43.806437106160054], [4.473960551081533, 43.806402641610184], [4.4739667776835494, 43.80636756525987], [4.473967595093101, 43.80634755156737], [4.4739684502771295, 43.80634190007532], [4.473975379667799, 43.80631926490918], [4.473981234866085, 43.80628363044564], [4.473982161628661, 43.80624775084487], [4.473978150753485, 43.80621198272211], [4.473969242114644, 43.8061766815838], [4.473955524265673, 43.80614219829434], [4.473942993916217, 43.80611949416052], [4.473964647840223, 43.80610473820504], [4.473996723230254, 43.80607812642662], [4.474025042456541, 43.8060493658815], [4.474049332792327, 43.80601873355257], [4.474069360312854, 43.805986524448755], [4.474084932148005, 43.805953048763854], [4.474095898339525, 43.805918628889], [4.474102153284933, 43.80588359630785], [4.474103636754226, 43.80584828840415], [4.474102639363194, 43.80580960005522], [4.4740997338650335, 43.80577911366055], [4.474133828503756, 43.80576443194742], [4.474171359655307, 43.80574436121972], [4.474189398306808, 43.80574426499008], [4.474238040074491, 43.80574052311685], [4.474285938380819, 43.80573333654659], [4.4743326292767565, 43.805722774889446], [4.474377660509028, 43.80570894044703], [4.474420595900932, 43.80569196722155], [4.47446101957735, 43.805672019617724], [4.474498539993092, 43.805649290850276], [4.4745327937254995, 43.80562400107233], [4.474563448994616, 43.80559639524287], [4.474590208876776, 43.805566740754024], [4.474612814180525, 43.805535324840896], [4.474631045957, 43.80550245179939], [4.474644727620451, 43.805468440038595], [4.47465372665841, 43.80543361899672], [4.474657955914902, 43.80539832595008], [4.474662118095745, 43.805317637201526], [4.474672907856092, 43.805313011777436], [4.4747123578867365, 43.80529205136898], [4.474748771085549, 43.8052683833224], [4.474781794571407, 43.80524223700794], [4.474811108314638, 43.805213865812725], [4.474836428238394, 43.80518354468517], [4.474857508971534, 43.8051515674701], [4.474874146226367, 43.805118244061205], [4.474886178778176, 43.80508389739764], [4.474893490027387, 43.805048860334374], [4.474896636803871, 43.80502631670125], [4.474899150975301, 43.804991911210436], [4.474897111711737, 43.80495748924092], [4.474890537704453, 43.80492336615606], [4.474879489190381, 43.80488985458026], [4.474864067399951, 43.804857261534984], [4.474844413629375, 43.80482588562592], [4.474820707945906, 43.80479601430724], [4.474814057507124, 43.80478923041778], [4.4726178659814115, 43.80481891928132], [4.472599718468499, 43.804830525693646], [4.472565942076495, 43.80485692192626], [4.472535973890765, 43.80488562888123], [4.472510113476186, 43.804916359606885], [4.472488619338048, 43.80494880692162], [4.472488491402743, 43.804949062894984], [4.472497454110489, 43.805297106685494]]]}}, {"type": "Feature", "properties": {"zone": "manduel", "libelle": "Manduel", "tissu": "Bourg de plaine", "note": "Relev\u00e9 \u00e0 la main par le d\u00e9monstrateur (D24) : sert de corrig\u00e9 au protocole.", "maille": "3274_25208", "surf_zone_m2": 29267, "aires_connues": 1}, "geometry": {"type": "MultiPolygon", "coordinates": [[[[4.472601041661231, 43.80931936186712], [4.475707072332181, 43.809277364185974], [4.475691247041409, 43.80866420482419], [4.475668674259987, 43.80865375481058], [4.475625069990969, 43.8086377009612], [4.475579497917784, 43.80862482872962], [4.475532399405129, 43.80861526278277], [4.475484230600407, 43.80860909576628], [4.4754157130343355, 43.808602822684364], [4.475368178227278, 43.808600139893365], [4.4753205071691395, 43.80860076775509], [4.475273138499296, 43.80860470049233], [4.475226508074897, 43.80861190191854], [4.475181044960587, 43.808622305770655], [4.475137167480737, 43.80863581631892], [4.475095279370441, 43.80865230924755], [4.47506444441403, 43.80866738874744], [4.475025761355432, 43.80868363744627], [4.474986738346839, 43.8087039090481], [4.474980012113022, 43.80870817196538], [4.474944948199778, 43.808688535065514], [4.474903757963487, 43.808669817301606], [4.474860239236236, 43.80865410394092], [4.4748148085511525, 43.80864154538086], [4.4747679007403605, 43.80863226182319], [4.474719964773249, 43.808626342123574], [4.474666402449194, 43.80862166636454], [4.474616256967191, 43.80861914287449], [4.474598635765923, 43.80861954875389], [4.474586826931221, 43.808617068268916], [4.474537977796766, 43.80861054573238], [4.4744806651088, 43.80860502056187], [4.4744314585619565, 43.80860206849395], [4.474382090361691, 43.80860266646608], [4.47433304765828, 43.808606808577665], [4.474284814390274, 43.80861445395563], [4.474237866509405, 43.808625527157744], [4.474231356524019, 43.80862759998564], [4.474226867020344, 43.80860713706006], [4.474214389328253, 43.8085726902688], [4.47419727252319, 43.80853930496865], [4.4741660863880615, 43.808486624051504], [4.47414496498048, 43.80845524158139], [4.474119744913252, 43.808425488503396], [4.474090663432073, 43.808397644697976], [4.474057994104914, 43.808371972085055], [4.474022044248512, 43.8083487121603], [4.473983152037457, 43.80832808372357], [4.473941683323063, 43.80831028082082], [4.473898028191956, 43.808295470918786], [4.473852597296725, 43.80828379332978], [4.47385093983049, 43.80828349444931], [4.473829122933784, 43.8082716208956], [4.473788489739493, 43.80825363537475], [4.473745666321781, 43.80823854849951], [4.473701045779867, 43.80822649875976], [4.473655037708822, 43.808217596766], [4.473608064439842, 43.80821192423394], [4.473560557163667, 43.80820953323446], [4.473512951972667, 43.80821044571569], [4.473465685857973, 43.808214653301576], [4.47341919269834, 43.8082221173686], [4.4733738992775915, 43.80823276940054], [4.473330221367157, 43.80824651161717], [4.47324894231132, 43.808275511353514], [4.4732067050624025, 43.80829247568501], [4.473166940757129, 43.80831232866812], [4.473130024857163, 43.80833488284893], [4.4730963059304045, 43.808359925268284], [4.473066102359774, 43.80838721947251], [4.473039699336957, 43.80841650774587], [4.473019757112485, 43.808444169357024], [4.472979741386892, 43.80843375558016], [4.4729332320974855, 43.80842521216736], [4.472885802014992, 43.80841995620914], [4.4728378931329384, 43.80841803668495], [4.4727409400859965, 43.80841754633745], [4.472693141650019, 43.80841897181831], [4.472645753827905, 43.80842371842471], [4.472599215587394, 43.80843174218735], [4.472578314558525, 43.80843692690035], [4.472601041661231, 43.80931936186712]]], [[[4.4725724387355035, 43.80820877944707], [4.472599797222966, 43.80821423056267], [4.47261799845832, 43.8082207719891], [4.4726642371491385, 43.808233420995], [4.472711981993593, 43.808242681613805], [4.472760760834542, 43.80824846226548], [4.472874096430795, 43.80825773170511], [4.472924104189808, 43.808259981201914], [4.472974170591761, 43.8082585732212], [4.473023786874661, 43.80825352207056], [4.473072448850766, 43.80824487907847], [4.473119662030284, 43.80823273207285], [4.473164946646518, 43.80821720448842], [4.473207842531319, 43.80819845411235], [4.473247913791375, 43.80817667148078], [4.473284753237736, 43.80815207794252], [4.473317986523596, 43.808124923409736], [4.473347275948273, 43.80809548381827], [4.4733723238887215, 43.808064058323495], [4.473392875823725, 43.808030966260375], [4.473408722920033, 43.807996543898426], [4.473419704154174, 43.80796114102448], [4.473439887612274, 43.80787626413518], [4.473445901190379, 43.80784013856293], [4.4734468478556355, 43.80780375789326], [4.473442717943907, 43.80776749389293], [4.473433553667436, 43.80773171713569], [4.4734194486830825, 43.80769679321556], [4.473400547134914, 43.80766307901093], [4.4733770421808785, 43.807630919037855], [4.473349174018695, 43.80760064192942], [4.473317227431092, 43.80757255707787], [4.473281528875526, 43.80754695147297], [4.473242443148099, 43.807524086769504], [4.4732003696557925, 43.80750419661362], [4.473155738335085, 43.80748748425543], [4.473109005258685, 43.80747412047215], [4.473094463886556, 43.80747114989612], [4.473076604789464, 43.807455278692416], [4.473042336602775, 43.807430276020476], [4.473004857763901, 43.80740781897913], [4.472964527251443, 43.80738812266341], [4.472921731356289, 43.80737137572575], [4.472876879981767, 43.80735773856912], [4.47283040271769, 43.807347341810726], [4.472828412029757, 43.80734704704747], [4.472818562287222, 43.80732797929662], [4.472797379195732, 43.8072966223837], [4.4727721016015725, 43.807266898935936], [4.472742967247884, 43.80723908850361], [4.472710250149627, 43.80721345264468], [4.472674258016349, 43.8071902324648], [4.472635329358111, 43.80716964634978], [4.472593830301784, 43.807151887911914], [4.472550151147677, 43.807137124168946], [4.472544804170465, 43.807135755886065], [4.4725724387355035, 43.80820877944707]]]]}}, {"type": "Feature", "properties": {"zone": "manduel", "libelle": "Manduel", "tissu": "Bourg de plaine", "note": "Relev\u00e9 \u00e0 la main par le d\u00e9monstrateur (D24) : sert de corrig\u00e9 au protocole.", "maille": "3274_25209", "surf_zone_m2": 62500, "aires_connues": 1}, "geometry": {"type": "Polygon", "coordinates": [[[4.472601041661231, 43.80931936186712], [4.472658976244598, 43.81156869178528], [4.475765129055126, 43.81152669239279], [4.475707072332181, 43.809277364185974], [4.472601041661231, 43.80931936186712]]]}}, {"type": "Feature", "properties": {"zone": "manduel", "libelle": "Manduel", "tissu": "Bourg de plaine", "note": "Relev\u00e9 \u00e0 la main par le d\u00e9monstrateur (D24) : sert de corrig\u00e9 au protocole.", "maille": "3274_25210", "surf_zone_m2": 62500, "aires_connues": 0}, "geometry": {"type": "Polygon", "coordinates": [[[4.472658976244598, 43.81156869178528], [4.472716915386103, 43.81381802484682], [4.475823190345811, 43.81377602374288], [4.475765129055126, 43.81152669239279], [4.472658976244598, 43.81156869178528]]]}}, {"type": "Feature", "properties": {"zone": "manduel", "libelle": "Manduel", "tissu": "Bourg de plaine", "note": "Relev\u00e9 \u00e0 la main par le d\u00e9monstrateur (D24) : sert de corrig\u00e9 au protocole.", "maille": "3274_25211", "surf_zone_m2": 62472, "aires_connues": 1}, "geometry": {"type": "Polygon", "coordinates": [[[4.472774859086284, 43.81606736104844], [4.475881256204776, 43.816025358233], [4.475823190345811, 43.81377602374288], [4.472716915386103, 43.81381802484682], [4.472768134284673, 43.81580631760454], [4.472793086407425, 43.815808041954874], [4.472882252478279, 43.81581103325677], [4.472889916238535, 43.815815611249725], [4.472905798266955, 43.81582335682914], [4.472905056138894, 43.81583141243067], [4.472889356780133, 43.81584845107472], [4.47285364536127, 43.815837375255825], [4.472806932814299, 43.815826685881746], [4.472768508092046, 43.8158208281259], [4.472774859086284, 43.81606736104844]]]}}, {"type": "Feature", "properties": {"zone": "manduel", "libelle": "Manduel", "tissu": "Bourg de plaine", "note": "Relev\u00e9 \u00e0 la main par le d\u00e9monstrateur (D24) : sert de corrig\u00e9 au protocole.", "maille": "3274_25212", "surf_zone_m2": 62500, "aires_connues": 0}, "geometry": {"type": "Polygon", "coordinates": [[[4.472774859086284, 43.81606736104844], [4.472832807345677, 43.818316700386866], [4.475939326632558, 43.818274695859834], [4.475881256204776, 43.816025358233], [4.472774859086284, 43.81606736104844]]]}}, {"type": "Feature", "properties": {"zone": "manduel", "libelle": "Manduel", "tissu": "Bourg de plaine", "note": "Relev\u00e9 \u00e0 la main par le d\u00e9monstrateur (D24) : sert de corrig\u00e9 au protocole.", "maille": "3274_25213", "surf_zone_m2": 60025, "aires_connues": 1}, "geometry": {"type": "Polygon", "coordinates": [[[4.475939326632558, 43.818274695859834], [4.472832807345677, 43.818316700386866], [4.472890760164821, 43.82056604285877], [4.475997401629698, 43.82052403662007], [4.475983064258222, 43.81996874265516], [4.475948109797239, 43.819960285896165], [4.475900226709526, 43.81995239961125], [4.475851502671897, 43.81994797216328], [4.475802413067812, 43.819947046749355], [4.475753436847228, 43.81994963239838], [4.475705051853923, 43.81995570388306], [4.475629948835262, 43.819967921617184], [4.475615718186222, 43.819949297441774], [4.475587815095062, 43.81992002913508], [4.475556059273511, 43.81989289733437], [4.4755207607108, 43.81986816688617], [4.475482263977222, 43.81984607919596], [4.475440944860582, 43.819826849871724], [4.475397206697982, 43.81981066661941], [4.4753517067554744, 43.819797752779614], [4.4753511208962795, 43.819795238925316], [4.475332225115092, 43.81973291030014], [4.475310587312444, 43.819660718411235], [4.475297590545633, 43.819625883839954], [4.475290429165651, 43.81961227884826], [4.475288872838345, 43.81959932931715], [4.475279707823245, 43.819564131724896], [4.475265373086635, 43.819520994721515], [4.47530189993539, 43.819513216729696], [4.47531301398133, 43.81951036620927], [4.47532173770565, 43.81950778236197], [4.4753306835439375, 43.819505947755886], [4.475333923418074, 43.8195051574871], [4.475337187043881, 43.81950457930661], [4.475344391987906, 43.81950302464828], [4.475374827969209, 43.819509212745864], [4.475421899493895, 43.819515327311336], [4.475469564656961, 43.819518138757275], [4.4755173823698495, 43.81951762106675], [4.475564910132244, 43.81951377903054], [4.475611708127148, 43.819506648202356], [4.475857343829354, 43.81946018396018], [4.47590371778508, 43.81945222452175], [4.475950811779751, 43.81944488877104], [4.475969471025712, 43.81944225979982], [4.475939326632558, 43.818274695859834]]]}}, {"type": "Feature", "properties": {"zone": "manduel", "libelle": "Manduel", "tissu": "Bourg de plaine", "note": "Relev\u00e9 \u00e0 la main par le d\u00e9monstrateur (D24) : sert de corrig\u00e9 au protocole.", "maille": "3274_25214", "surf_zone_m2": 60659, "aires_connues": 1}, "geometry": {"type": "Polygon", "coordinates": [[[4.476055481196735, 43.82277338051045], [4.475997401629698, 43.82052403662007], [4.472890760164821, 43.82056604285877], [4.472947722859871, 43.82277678588808], [4.472954301708242, 43.8227800400426], [4.472996311430989, 43.82279677008592], [4.473040351631931, 43.82281049253156], [4.473055260207037, 43.82281394931599], [4.473395031826428, 43.82280935909188], [4.473433936583757, 43.82280011336961], [4.473478916136819, 43.822787646247015], [4.473522018447312, 43.822772086506895], [4.473562839010091, 43.82275358017446], [4.47360099473481, 43.822732300928024], [4.473608080392702, 43.822727490316666], [4.4737815778365855, 43.82268328962042], [4.4737902049265195, 43.82268074310735], [4.473811488683606, 43.82267821377478], [4.47385888107523, 43.82266903417054], [4.474035589946994, 43.82262794346199], [4.4740381142253955, 43.82262725593882], [4.474040686890036, 43.822626736253405], [4.474198824595531, 43.8225885964642], [4.4742314072884986, 43.82257943146196], [4.474238964496663, 43.822580737910386], [4.474286751957132, 43.82258551882272], [4.474334954435577, 43.82258692392069], [4.47438311807923, 43.822584939974554], [4.474430789401001, 43.822579585664236], [4.474477519549538, 43.822570911403545], [4.474541791847758, 43.82255654155794], [4.474587853637342, 43.82254441239296], [4.474632042004721, 43.822529058348145], [4.474650037507498, 43.82252114029218], [4.474651289122401, 43.822532418437916], [4.474667256688032, 43.82262130768174], [4.474675869729136, 43.822655927803446], [4.474689109006391, 43.82268977391604], [4.4747068480871945, 43.82272252277479], [4.474728917563103, 43.82275386161367], [4.474755106667516, 43.822783491132434], [4.474763127415378, 43.82279086576543], [4.476055481196735, 43.82277338051045]]]}}, {"type": "Feature", "properties": {"zone": "manduel", "libelle": "Manduel", "tissu": "Bourg de plaine", "note": "Relev\u00e9 \u00e0 la main par le d\u00e9monstrateur (D24) : sert de corrig\u00e9 au protocole.", "maille": "3274_25216", "surf_zone_m2": 33937, "aires_connues": 0}, "geometry": {"type": "MultiPolygon", "coordinates": [[[[4.476113565334207, 43.825022727527625], [4.475350913799138, 43.82503304789881], [4.475352696355983, 43.82504074551478], [4.475364975012352, 43.82507394480421], [4.475371404870857, 43.82508642020704], [4.475363581615584, 43.825091513109946], [4.475329984345968, 43.825118262221984], [4.4753002628450735, 43.825147316456835], [4.475274716961698, 43.8251783827036], [4.475253604420577, 43.825211147552885], [4.475237138222144, 43.82524528045849], [4.475225484493427, 43.825280437072], [4.475218760811771, 43.82531626271679], [4.47521703501832, 43.825352395965915], [4.475220324533232, 43.825388472288594], [4.47534466473536, 43.82615993675788], [4.4753530235184655, 43.82619587764807], [4.475366359595094, 43.82623102235355], [4.47538453625082, 43.82626501056549], [4.475397408187066, 43.82628332446303], [4.47539500291246, 43.82628566115501], [4.475369134304513, 43.82631697309108], [4.475347776747184, 43.82635002002144], [4.475331149670155, 43.82638446243106], [4.475319423904441, 43.826419946467546], [4.475312719926984, 43.82645610757634], [4.475311106622556, 43.82649257424611], [4.475311803298985, 43.82651956645915], [4.475315219783094, 43.826555496666344], [4.475323578564531, 43.826590999863406], [4.47533574058632, 43.82662294824143], [4.475332641697514, 43.8266355173965], [4.475328793316008, 43.826669680317764], [4.475329450700625, 43.82670395335577], [4.475334804680924, 43.82676688475683], [4.475340174391718, 43.826801921923504], [4.4753502522900455, 43.82683641080832], [4.475364941726446, 43.82687002062575], [4.475384101821181, 43.826902429020926], [4.475407548815145, 43.82693332516137], [4.475435057832071, 43.82696241271827], [4.475466365035143, 43.82698941270875], [4.475501170157356, 43.82701406617167], [4.475539139381315, 43.82703613665147], [4.475579908540904, 43.82705541246612], [4.47562308661409, 43.82707170873763], [4.47566825947336, 43.82708486916509], [4.475714993857833, 43.82709476752414], [4.47576284152892, 43.827101308877445], [4.4758113435696725, 43.82710443048544], [4.475860034786597, 43.82710410240812], [4.475908448171668, 43.8271003277921], [4.475956119381753, 43.82709314284061], [4.476002591192478, 43.82708261646609], [4.4760474178837875, 43.82706884962923], [4.476165340031061, 43.82702759067668], [4.476113565334207, 43.825022727527625]]], [[[4.473006679484516, 43.82506473718984], [4.473016027597906, 43.825427496322845], [4.473022852438234, 43.825425767439846], [4.47306708674173, 43.82541089688114], [4.473109095833609, 43.825392960242404], [4.473148475496932, 43.82537213011338], [4.473184846816784, 43.825348606925324], [4.473217859826301, 43.82532261702229], [4.473247196874115, 43.825294410483174], [4.473272575680759, 43.82526425871526], [4.473293752054685, 43.82523245184263], [4.473310522241719, 43.82519929591454], [4.473322724885388, 43.8251651099604], [4.47333024257923, 43.825130222919995], [4.473338700411674, 43.825072505236484], [4.473339660166285, 43.82506023903902], [4.473006679484516, 43.82506473718984]]], [[[4.474901978519584, 43.82573302024151], [4.47489352396342, 43.82569845752418], [4.474880459914368, 43.825664655288], [4.474862910602125, 43.82563193494705], [4.474841042904454, 43.825600607627436], [4.474815064760144, 43.825570971209004], [4.474785223191595, 43.82554330749303], [4.474751801955799, 43.82551787952264], [4.474715118846105, 43.825494929081884], [4.474675522670399, 43.82547467439663], [4.474671306720724, 43.825472936661136], [4.474649818834865, 43.82546049469191], [4.474609688686302, 43.82544153494314], [4.474567223881959, 43.825425460154264], [4.474522818873625, 43.82541241964184], [4.4744768861344575, 43.8254025345373], [4.474429852327733, 43.825395896661874], [4.474382154343824, 43.82539256767378], [4.474307495798808, 43.825389976798625], [4.474259627037372, 43.82538998581974], [4.474211981330184, 43.825393327553655], [4.474165000321773, 43.82539997102468], [4.474119119495691, 43.82540985465225], [4.47407476413807, 43.8254228868216], [4.474061220750989, 43.825428014406754], [4.474052656106028, 43.82542992558572], [4.474041735652774, 43.82543323287812], [4.474020659664326, 43.825424895862504], [4.473976109099049, 43.825411159102025], [4.4739299241219825, 43.825400625029985], [4.473882542803994, 43.825393393563246], [4.473834414562766, 43.825389533293084], [4.473726131879876, 43.82538469627563], [4.473677287869081, 43.82538425493254], [4.473628619770103, 43.825387285760705], [4.4735805973465705, 43.8253937595054], [4.4735336841301505, 43.825403613679555], [4.473488332946587, 43.82541675316679], [4.4734449815450645, 43.82543305113957], [4.473404048373038, 43.8254523502832], [4.473365928537343, 43.825474464314354], [4.473330989990538, 43.825499179779], [4.4732995699792815, 43.82552625811263], [4.473271971789051, 43.8255554379429], [4.473248461816589, 43.82558643761253], [4.473229266998379, 43.8256189578977], [4.473214572619927, 43.825652684896454], [4.473204520527055, 43.82568729305832], [4.473199207756436, 43.8257224483269], [4.473192572180356, 43.825802642746815], [4.473192026139168, 43.82583754888715], [4.473196152934641, 43.82587232917676], [4.473201962063827, 43.82589509094597], [4.473200475496857, 43.82591229793284], [4.473199825079346, 43.82594766621446], [4.473203972529124, 43.82598290995397], [4.47320575945896, 43.82598988867521], [4.473202586212222, 43.826008435523775], [4.473198969963965, 43.82604370541617], [4.473200151958131, 43.82607906199148], [4.473206120793087, 43.8261141639316], [4.47321681885675, 43.82614867237599], [4.4732321428824084, 43.82618225419285], [4.473251944945313, 43.82621458519504], [4.473276033890414, 43.82624535326987], [4.473304177177444, 43.826274261392044], [4.473336103125612, 43.82630103049131], [4.473371503536176, 43.8263254021464], [4.473410036667617, 43.82634714108004], [4.473451330534684, 43.82636603743021], [4.4734949864994835, 43.82638190877631], [4.473540583119902, 43.82639460190018], [4.473587680218244, 43.82640399426535], [4.473635823130782, 43.826409995200095], [4.473815548366444, 43.82642586323115], [4.473807535154624, 43.826445931768085], [4.473798659518615, 43.82648054051372], [4.4737944954565085, 43.82651561139667], [4.473792019823229, 43.82656424778404], [4.4737926306021905, 43.82659972155529], [4.473798061751184, 43.8266349795122], [4.473808260523436, 43.826669679175616], [4.473823127861267, 43.826703483488735], [4.473842519357984, 43.82673606409113], [4.473866246660282, 43.826767104508484], [4.473894079297584, 43.82679630322658], [4.473925746920533, 43.826823376620325], [4.473960941926906, 43.82684806170879], [4.473999322449458, 43.82687011870981], [4.474040515676661, 43.8268893333693], [4.474084121474087, 43.82690551904245], [4.474116907000272, 43.826914866477296], [4.474630889005905, 43.82675536186861], [4.4746868050903865, 43.82683621536111], [4.474716718390454, 43.826813436973985], [4.474746905616474, 43.82678534976897], [4.47477311429669, 43.82675524177551], [4.474795088253095, 43.82672340729317], [4.4748126127023395, 43.826690157497076], [4.474825516354982, 43.82665581739619], [4.474833673089516, 43.82662072265632], [4.47483700318487, 43.826585216319], [4.47483823514329, 43.826536596714355], [4.474836767140729, 43.82650157886669], [4.474830604016141, 43.82646683019228], [4.474819804159149, 43.82643267985327], [4.47480446988106, 43.82639945134329], [4.474784746445406, 43.82636745942333], [4.474776682365189, 43.82635719560643], [4.4747773896976275, 43.82635669004516], [4.4748085241833255, 43.82632959276714], [4.474835848806128, 43.82630042089169], [4.474859101577493, 43.82626945412536], [4.474878059551796, 43.82623698938404], [4.474892540963802, 43.82620333794594], [4.474902406971204, 43.82616882246701], [4.474907562985582, 43.82613377388716], [4.474913185579054, 43.82606259355696], [4.474913572005918, 43.82602716893526], [4.474909146839388, 43.825991888370766], [4.4748999529491345, 43.825957093580406], [4.474887355618185, 43.82592624665422], [4.474892001948923, 43.825911178005356], [4.4748979400124, 43.825875205295716], [4.474904782147329, 43.82580310842955], [4.474905743182776, 43.82576801479418], [4.474901978519584, 43.82573302024151]]]]}}, {"type": "Feature", "properties": {"zone": "manduel", "libelle": "Manduel", "tissu": "Bourg de plaine", "note": "Relev\u00e9 \u00e0 la main par le d\u00e9monstrateur (D24) : sert de corrig\u00e9 au protocole.", "maille": "3275_25209", "surf_zone_m2": 59768, "aires_connues": 0}, "geometry": {"type": "Polygon", "coordinates": [[[4.4788712772979125, 43.8114846045194], [4.4788164767964345, 43.80936589784523], [4.478802314788784, 43.809384104593256], [4.478780558669456, 43.80941558101982], [4.478763151827974, 43.809448445790196], [4.47875911681059, 43.809459068921804], [4.478749841764245, 43.809469398845934], [4.478705242729419, 43.809524822443365], [4.478691744664532, 43.809507003702066], [4.478664233940361, 43.80947787263285], [4.478632916190172, 43.80945083255958], [4.478598092472424, 43.809426143414754], [4.478560097546646, 43.80940404253129], [4.478519296655417, 43.80938474236135], [4.47847608201337, 43.80936842843406], [4.47843086903697, 43.80935525757217], [4.4783840923513205, 43.80934535638463], [4.478336201612369, 43.8093388200496], [4.478287657184648, 43.809335711399534], [4.478238925716123, 43.80933606031722], [4.478209940852815, 43.80933729868212], [4.478204166525461, 43.809335695274086], [4.478157541612119, 43.8093263937082], [4.478109889171745, 43.80932041748373], [4.47809991307036, 43.809319880854815], [4.478093843733194, 43.80931103058092], [4.47806804339704, 43.80928115461434], [4.478038332966264, 43.80925324865728], [4.478028806652464, 43.80924591341192], [4.475944526275971, 43.809274149848555], [4.475936175537141, 43.809283444019826], [4.475913638784999, 43.80931492386694], [4.475895488340426, 43.80934785676238], [4.4758888544051745, 43.80936448865581], [4.475884212153245, 43.80936072815841], [4.475847796993654, 43.8093365572196], [4.475808248771007, 43.809315123165604], [4.475792352851899, 43.80930817498056], [4.47579477022218, 43.80930538953951], [4.475815092827344, 43.80927590201155], [4.475707072332181, 43.809277364185974], [4.475765129055126, 43.81152669239279], [4.47692981482813, 43.81151092143945], [4.476930019668242, 43.81149436702354], [4.4769229687122, 43.81136575589543], [4.476918758101054, 43.811331168215666], [4.4769178356371, 43.811327587329096], [4.476917761656033, 43.811315882171336], [4.476908202603121, 43.81118640498632], [4.476907283552724, 43.81117999880443], [4.476930717872309, 43.81117215712051], [4.476973747591738, 43.811153755575056], [4.47697641240103, 43.81115233666778], [4.476976649123979, 43.81115243318769], [4.477021578848487, 43.81116673065818], [4.477068236546906, 43.81117774998271], [4.4771161673947475, 43.81118538374345], [4.477164904156028, 43.811189557525346], [4.477213971738164, 43.81119023064181], [4.477262891823506, 43.81118739653119], [4.477311187532309, 43.811181082820816], [4.477322844222347, 43.811178679457534], [4.477328898361407, 43.811207147713375], [4.477341569253107, 43.81124246194667], [4.477359111870721, 43.81127666585482], [4.477381345974255, 43.81130940799625], [4.47740804311808, 43.81134035194816], [4.477438928997922, 43.81136917976357], [4.477473686269124, 43.81139559523813], [4.4775119578072005, 43.811419326953704], [4.477553350377216, 43.811440131067464], [4.47759743867426, 43.81145779381728], [4.477643769693536, 43.811472133718375], [4.4776918673851, 43.811483003428116], [4.477741237545482, 43.811490291260014], [4.477792341145654, 43.81149589892961], [4.477830151096191, 43.811498721498744], [4.477920959872205, 43.811497490588074], [4.47793399825259, 43.81149665832175], [4.47798056896715, 43.8114904084973], [4.478018625040284, 43.811482526769275], [4.478049613864448, 43.81148730604438], [4.478098744249022, 43.81149124816984], [4.478148172388712, 43.81149163711554], [4.478197409466739, 43.81148846903495], [4.478245968555927, 43.8114817752587], [4.478293369434403, 43.81147162198448], [4.478320088714194, 43.81146373451077], [4.478336299520466, 43.81149185970499], [4.4788712772979125, 43.8114846045194]], [[4.475799706907237, 43.81001340029845], [4.475774690128594, 43.81002785744128], [4.475779611878125, 43.81001944670373], [4.475789112039223, 43.80999732162503], [4.475802605449491, 43.809991533991685], [4.47584154856925, 43.80997089112409], [4.475877543667591, 43.80994761058977], [4.475910251412572, 43.80992191186091], [4.475939363464264, 43.8098940372063], [4.475964605381485, 43.80986424940741], [4.47598573920892, 43.809832829281], [4.475997691391626, 43.80980956191428], [4.476004620448845, 43.80982234265388], [4.4760125246026945, 43.80983361573837], [4.476020914352993, 43.809875798474685], [4.476029774080505, 43.80990912267539], [4.476034441266723, 43.80992309348848], [4.476033770016423, 43.80994426478609], [4.476034125676395, 43.80994770500347], [4.476024115106623, 43.80994867909885], [4.4759761476785345, 43.80995509549741], [4.475929279674711, 43.809964885771215], [4.475883962452173, 43.80997795563639], [4.475840632434128, 43.80999417922524], [4.475799706907237, 43.81001340029845]]]}}, {"type": "Feature", "properties": {"zone": "manduel", "libelle": "Manduel", "tissu": "Bourg de plaine", "note": "Relev\u00e9 \u00e0 la main par le d\u00e9monstrateur (D24) : sert de corrig\u00e9 au protocole.", "maille": "3275_25210", "surf_zone_m2": 24531, "aires_connues": 0}, "geometry": {"type": "MultiPolygon", "coordinates": [[[[4.4788712772979125, 43.8114846045194], [4.478336299520466, 43.81149185970499], [4.478337751337395, 43.81149437855625], [4.478360270758657, 43.8115248458084], [4.4783867209231545, 43.811553608875364], [4.478416858051077, 43.81158040265399], [4.4784504043794895, 43.81160498019121], [4.4784870507223316, 43.811627114960395], [4.478526459320089, 43.81164660294912], [4.478568266952869, 43.8116632645397], [4.478612088288196, 43.811676946164845], [4.47865751943267, 43.81168752172293], [4.478704141654733, 43.8116948937405], [4.478751525244234, 43.811698994270664], [4.478862290634338, 43.81170469228339], [4.478876975852778, 43.81170491420306], [4.4788712772979125, 43.8114846045194]]], [[[4.475765129055126, 43.81152669239279], [4.475823190345811, 43.81377602374288], [4.477146403670439, 43.81375810518797], [4.47716000587716, 43.81372914179494], [4.477171177129624, 43.81369437220068], [4.477177537374451, 43.81365897232381], [4.477179024064604, 43.8136232903388], [4.477175622586925, 43.813587677194114], [4.4771673664054905, 43.81355248316043], [4.4771572365929355, 43.81352571679586], [4.477165365394028, 43.8135052535889], [4.47717407843098, 43.8134714491959], [4.477178296982676, 43.81343719699342], [4.477177982555248, 43.81340280959513], [4.477172302346966, 43.81332728255329], [4.477167102844149, 43.81329139939234], [4.477156968738449, 43.81325607341373], [4.477147738017976, 43.81323484890002], [4.477145915834351, 43.813217296638], [4.477140062503058, 43.81318317413331], [4.47713141181106, 43.81314751499475], [4.477117858101289, 43.81311266550911], [4.47710084889132, 43.81308138787002], [4.4770917127463195, 43.81305003252225], [4.477076912170136, 43.81301618161361], [4.477057578012379, 43.812983551322986], [4.477033898408306, 43.812952459153735], [4.477006103774716, 43.812923207642186], [4.476974464567704, 43.81289608141413], [4.4769392886508985, 43.81287134441527], [4.476900918299765, 43.81284923734315], [4.476859726871137, 43.812829975305114], [4.476816115170379, 43.81281374572546], [4.476770507551551, 43.81280070652168], [4.4767608861089725, 43.812798723069676], [4.476772163948987, 43.81275515953455], [4.476778899758856, 43.812719228692856], [4.476778989729966, 43.81271732152751], [4.476779337250038, 43.81271642687191], [4.4767879665226795, 43.8126808201742], [4.476791620183289, 43.8126447662667], [4.476790261388743, 43.81260862880602], [4.476775523326992, 43.81247112123078], [4.4767693282779835, 43.81243592241056], [4.476765518081986, 43.81242388852782], [4.476782754291702, 43.81240549723626], [4.476805774931278, 43.81237494947223], [4.476824614336452, 43.81234293468417], [4.476839096422799, 43.812309752113876], [4.476849085834434, 43.81227571191767], [4.476854489208921, 43.812241132267644], [4.476854504386141, 43.81224044359188], [4.476865752565384, 43.8122268577707], [4.4768863113600235, 43.81219553613763], [4.47690261234726, 43.81216292720264], [4.47691450422371, 43.81212933365201], [4.476921876613349, 43.81209506731093], [4.47692466109179, 43.812060446249006], [4.476922831821117, 43.812025791827914], [4.4769191247589175, 43.81199479799642], [4.476932229337908, 43.81197153773716], [4.476946126759795, 43.81193773100223], [4.476955388188051, 43.81190310159196], [4.47695992469816, 43.81186798203581], [4.4769596927370126, 43.8118327095692], [4.476952073236975, 43.8117302074679], [4.4769470260790865, 43.81169488947716], [4.476937198436182, 43.81166010339842], [4.476922685941096, 43.81162618770463], [4.476911233446957, 43.811606526223805], [4.476914691156239, 43.811598454725974], [4.476924460910314, 43.81156417419292], [4.4769295865677465, 43.81152936858352], [4.47692981482813, 43.81151092143945], [4.475765129055126, 43.81152669239279]]], [[[4.477830151096191, 43.811498721498744], [4.477839455139019, 43.81149941605735], [4.4778868175171604, 43.81149966995651], [4.477920959872205, 43.811497490588074], [4.477830151096191, 43.811498721498744]]]]}}, {"type": "Feature", "properties": {"zone": "manduel", "libelle": "Manduel", "tissu": "Bourg de plaine", "note": "Relev\u00e9 \u00e0 la main par le d\u00e9monstrateur (D24) : sert de corrig\u00e9 au protocole.", "maille": "3275_25211", "surf_zone_m2": 21733, "aires_connues": 0}, "geometry": {"type": "Polygon", "coordinates": [[[4.475823190345811, 43.81377602374288], [4.475881256204776, 43.816025358233], [4.47700365443892, 43.81601016006817], [4.477000486426047, 43.8159829489952], [4.476991231967479, 43.81594718605435], [4.476977038761483, 43.81591228232359], [4.476958051837921, 43.81587859443635], [4.4769344652061465, 43.81584646660241], [4.4769065198724, 43.81581622709097], [4.476891936648318, 43.81580345491829], [4.476885071490098, 43.815784578511284], [4.4768682578827095, 43.81575172410914], [4.476826660108187, 43.815681183674236], [4.47680528460053, 43.815649364283765], [4.476804695750774, 43.815648670506505], [4.476861269765336, 43.8156396775135], [4.476891726221063, 43.81563410023984], [4.476902999407696, 43.81563175907827], [4.477005387760349, 43.81561892912782], [4.477051926274844, 43.815611417092704], [4.4770972567770535, 43.81560071104536], [4.477140962219284, 43.81558690948338], [4.477182640505455, 43.81557013938352], [4.477221908190603, 43.815550555033454], [4.477258404008723, 43.81552833661229], [4.477291792196543, 43.815503688532765], [4.47732176558259, 43.8154768375605], [4.477348048413174, 43.81544803072774], [4.477370398889249, 43.81541753306042], [4.477388611390855, 43.815385625139946], [4.477402518368658, 43.81535260052164], [4.47741199188518, 43.815318763034014], [4.477416944791586, 43.8152844239835], [4.477417331529158, 43.81524989929026], [4.477413148548157, 43.815215506581886], [4.477404507513042, 43.815169721184155], [4.477395319137139, 43.81513433532914], [4.4773812946557285, 43.81509979119953], [4.477362574401576, 43.81506643443194], [4.477339345690823, 43.8150345987821], [4.477311840948491, 43.81500460278539], [4.477280335382689, 43.81497674656984], [4.477245144230828, 43.81495130885322], [4.477206619605359, 43.81492854415446], [4.477165146970648, 43.81490868024709], [4.477121141286202, 43.814891915880374], [4.47707504285485, 43.81487841879086], [4.477027312917417, 43.81486832402402], [4.47700032284364, 43.81486468471939], [4.4769936802920505, 43.814860819640174], [4.476953380509591, 43.81484170277202], [4.47691071438161, 43.814825500532365], [4.476866082660345, 43.81481236510399], [4.47681990455932, 43.81480241986394], [4.476772613815963, 43.81479575822473], [4.476724654617839, 43.814792442757046], [4.476676477430746, 43.814792504602025], [4.476628534767869, 43.81479594317876], [4.476581276939708, 43.81480272618979], [4.47644642193043, 43.814827053566034], [4.476400168504096, 43.8148371492004], [4.476355486787572, 43.81485044817899], [4.476312798761973, 43.8148668249046], [4.476280614247499, 43.81488224155516], [4.476263656986946, 43.81486128603015], [4.476236381854696, 43.8148340872517], [4.476235897741465, 43.814821451762185], [4.4762297553051535, 43.81478635506031], [4.476218884695086, 43.8147518644807], [4.476203390923398, 43.81471831318199], [4.476196939709022, 43.81470788129308], [4.476220264760236, 43.814702188244524], [4.476264742400866, 43.81468767857373], [4.476307041796015, 43.81467008192425], [4.476346755574939, 43.81464956776432], [4.476383501269359, 43.814626333659604], [4.476416924996961, 43.814600603370565], [4.476417876595182, 43.81459970932914], [4.476420364107298, 43.814598436926595], [4.476456735884026, 43.81457572271516], [4.476489910580615, 43.81455057275406], [4.476519578493454, 43.8145232218351], [4.476545462658294, 43.81449392529722], [4.476567321435786, 43.81446295664254], [4.4765849507671875, 43.81443060498298], [4.476593597789984, 43.81440876244875], [4.476600080583699, 43.81440414313724], [4.476631127543525, 43.81437723414801], [4.476658411488044, 43.81434826541237], [4.476681673513815, 43.8143175118275], [4.476700692884245, 43.81428526522731], [4.4767152891240585, 43.81425183161307], [4.4767253237316575, 43.814217528249515], [4.476730701493153, 43.81418268065423], [4.476731371385568, 43.81414761950856], [4.476727327060705, 43.81411267751966], [4.476719998659627, 43.81408369114083], [4.476750587578887, 43.81407192728527], [4.476792573390706, 43.81405381037242], [4.4768318992854725, 43.81403279536864], [4.476868185091427, 43.81400908543222], [4.476898846829556, 43.81398468680911], [4.476932889793865, 43.813962999745364], [4.476965563108047, 43.81393776228957], [4.476994739906408, 43.81391037021422], [4.476995712841544, 43.81390924861067], [4.4770012382993585, 43.81390622142623], [4.4770374128748145, 43.81388196878409], [4.477070092043897, 43.81385524074742], [4.4770989543934965, 43.81382630020184], [4.4771237160523905, 43.81379543179369], [4.477144133483131, 43.81376293913059], [4.477146403670439, 43.81375810518797], [4.475823190345811, 43.81377602374288]]]}}, {"type": "Feature", "properties": {"zone": "manduel", "libelle": "Manduel", "tissu": "Bourg de plaine", "note": "Relev\u00e9 \u00e0 la main par le d\u00e9monstrateur (D24) : sert de corrig\u00e9 au protocole.", "maille": "3275_25212", "surf_zone_m2": 43767, "aires_connues": 0}, "geometry": {"type": "Polygon", "coordinates": [[[4.475881256204776, 43.816025358233], [4.475939326632558, 43.818274695859834], [4.479045841350081, 43.81823260284111], [4.479030390866885, 43.817635407615455], [4.478892105988891, 43.81763987495811], [4.4788516589647545, 43.81764261276693], [4.47881863353775, 43.817629260498336], [4.478775129582329, 43.817615433020784], [4.4787300013183655, 43.81760467576132], [4.478683660935499, 43.817597086973656], [4.478636531693914, 43.817592735971516], [4.478589044058607, 43.81759166249575], [4.4785416317678495, 43.817593876351104], [4.4785019386552385, 43.81759711472103], [4.478454604191529, 43.81760266154918], [4.478408227947343, 43.81761148461629], [4.478363241384802, 43.81762350183695], [4.478351911822237, 43.817627463814674], [4.478323322304094, 43.817627678883525], [4.4782735502309245, 43.81762986412302], [4.478224330856776, 43.81763564864322], [4.478176159362869, 43.81764497424788], [4.478132323236999, 43.81765697950858], [4.4780885386084925, 43.81765461091883], [4.478021343461834, 43.81765334426214], [4.478024210756202, 43.81765154008017], [4.478057269617346, 43.8176262878299], [4.478086806808875, 43.81759884240037], [4.478112546343354, 43.81756946023918], [4.478134247719413, 43.817538415890056], [4.478151708168814, 43.81750599942769], [4.478164764550892, 43.81747251374699], [4.478173294876669, 43.81743827173304], [4.478177219448431, 43.81740359333732], [4.478176501604111, 43.817368802588206], [4.4781711480595385, 43.81733422456331], [4.478161208845378, 43.81730018235192], [4.478150210267531, 43.81727488966422], [4.478159140570478, 43.817247169962066], [4.478165531353199, 43.817211736346906], [4.478167038558954, 43.81717601851655], [4.478164181690114, 43.817145985794085], [4.478166533655566, 43.8171113188804], [4.478163940332944, 43.81707507927093], [4.478156321056032, 43.817039212881305], [4.478143753270204, 43.81700408422777], [4.478126364712766, 43.81697005032817], [4.478104332114395, 43.816937457073536], [4.478069596167094, 43.81689202540344], [4.478044085512544, 43.81686219085164], [4.478014684244393, 43.81683429663728], [4.477981671769807, 43.81680860784035], [4.4779453618121625, 43.81678536858227], [4.477906099429648, 43.81676479970618], [4.477864257736166, 43.81674709667826], [4.477820234355674, 43.816732427730344], [4.477774447643662, 43.81672093226129], [4.477727332711675, 43.81671271951233], [4.4777181665284065, 43.81671179288044], [4.477679711922558, 43.81670460839754], [4.477630548252841, 43.816699140206765], [4.477580876019659, 43.81669725685448], [4.477531192509728, 43.8166989771956], [4.477481995122651, 43.8167042840072], [4.477433776391553, 43.8167131241609], [4.47739630343419, 43.81672296978408], [4.477395176708824, 43.81671313909391], [4.4773955101351985, 43.81671205249424], [4.47740137955709, 43.816676755992965], [4.477402411782926, 43.81664121240375], [4.477398596752651, 43.81660576844374], [4.477389971689631, 43.8165707698575], [4.4773766207372, 43.81653655804453], [4.477358674137542, 43.816503466728975], [4.477350893222098, 43.81649097146142], [4.4773288866955845, 43.816459777750886], [4.477302797192224, 43.81643028053665], [4.477272871772643, 43.81640275914242], [4.4772393938204615, 43.81637747418155], [4.477202680358683, 43.81635466508912], [4.4771945546234315, 43.81635053726545], [4.477194379449427, 43.81634926336636], [4.477185055367049, 43.81631521016066], [4.477171244259583, 43.81628196572286], [4.4771530746001, 43.816249839279315], [4.477116818303663, 43.81619362734761], [4.477094108291393, 43.816162488172104], [4.477067304926252, 43.81613310481481], [4.477036664738072, 43.81610575849139], [4.477002480976051, 43.81608071092147], [4.476999980240596, 43.816079205867965], [4.477003852256566, 43.81605558580787], [4.477004707569022, 43.81601920573285], [4.47700365443892, 43.81601016006817], [4.475881256204776, 43.816025358233]]]}}, {"type": "Feature", "properties": {"zone": "manduel", "libelle": "Manduel", "tissu": "Bourg de plaine", "note": "Relev\u00e9 \u00e0 la main par le d\u00e9monstrateur (D24) : sert de corrig\u00e9 au protocole.", "maille": "3275_25213", "surf_zone_m2": 61325, "aires_connues": 1}, "geometry": {"type": "Polygon", "coordinates": [[[4.479045841350081, 43.81823260284111], [4.475939326632558, 43.818274695859834], [4.475969471025712, 43.81944225979982], [4.4760194098533095, 43.819435223714024], [4.476020419546458, 43.819435340184825], [4.476069190423408, 43.81943744977005], [4.4761180117646076, 43.81943608286247], [4.4761664120183395, 43.81943125266466], [4.4761850278950375, 43.81942871449689], [4.476183327299623, 43.81946032480949], [4.476183806291895, 43.81949544676476], [4.476189010573793, 43.81953036771565], [4.476198890602139, 43.8195647551677], [4.476213352313922, 43.81959828170545], [4.476215294432636, 43.81960160454281], [4.476206697105672, 43.819616863851806], [4.476192785552066, 43.81965072185104], [4.476183524419164, 43.819685404114], [4.476179002904936, 43.81972057663281], [4.476172906572838, 43.81982146487289], [4.476173012776333, 43.81983692324085], [4.476163440935022, 43.81987026370105], [4.476158252649448, 43.819904642082506], [4.476149694205488, 43.820006463713504], [4.476149090926003, 43.82004113834868], [4.476149129988317, 43.82004147515302], [4.476122106934436, 43.82002439233906], [4.476082109815051, 43.82000376442859], [4.476039497168962, 43.819986094206214], [4.47599468475598, 43.81997155407438], [4.475983064258222, 43.81996874265516], [4.475997401629698, 43.82052403662007], [4.477947967214533, 43.82049761692508], [4.477958971398541, 43.820494860967216], [4.477979633925514, 43.82048803539835], [4.477981815768818, 43.820489125272935], [4.4780012283606085, 43.820496895032775], [4.478760141982148, 43.8204866060215], [4.478765939370198, 43.820486180801446], [4.478812686739752, 43.82047942960349], [4.478858326191667, 43.82046946777773], [4.478902438128699, 43.820456386910784], [4.478944616997938, 43.82044030726496], [4.4789844750195185, 43.82042137667245], [4.479021645751875, 43.820399769176184], [4.4790557874607755, 43.82037568342963], [4.479086586261158, 43.82034934087034], [4.479100238965984, 43.82033509305605], [4.479045841350081, 43.81823260284111]]]}}, {"type": "Feature", "properties": {"zone": "manduel", "libelle": "Manduel", "tissu": "Bourg de plaine", "note": "Relev\u00e9 \u00e0 la main par le d\u00e9monstrateur (D24) : sert de corrig\u00e9 au protocole.", "maille": "3275_25214", "surf_zone_m2": 52366, "aires_connues": 1}, "geometry": {"type": "MultiPolygon", "coordinates": [[[[4.475997401629698, 43.82052403662007], [4.476055481196735, 43.82277338051045], [4.479162240278778, 43.82273128406112], [4.479117624064963, 43.82100700224856], [4.479051518197933, 43.82096251924125], [4.4790143309642065, 43.82093984535318], [4.478974262850797, 43.82091990971152], [4.478931697021655, 43.82090290295559], [4.478887040524589, 43.82088898771642], [4.478840720398898, 43.820878297061576], [4.478793179591858, 43.82087093322275], [4.478744872723142, 43.82086696661819], [4.478696261737651, 43.820866435179404], [4.478647811488298, 43.82086934398836], [4.478599985291018, 43.82087566522896], [4.478553240494433, 43.82088533845304], [4.478508024106618, 43.82089827115831], [4.478464768520666, 43.82091433967297], [4.478452536705148, 43.820920039717954], [4.478406291437418, 43.82091893163201], [4.478358889775108, 43.82092107902107], [4.478311987423286, 43.82092649159388], [4.478266012428893, 43.82093511995354], [4.478221384375958, 43.82094688535467], [4.4781785105565195, 43.820961680422286], [4.478137782253699, 43.820979370131404], [4.478099571170844, 43.820999793039476], [4.478064226039302, 43.821022762759576], [4.478032069435824, 43.821048069661416], [4.478003394838588, 43.821075482784394], [4.477982334099559, 43.82110020834462], [4.477961601895371, 43.821096237876766], [4.477912669272676, 43.82109056169924], [4.4778631992701685, 43.82108844089786], [4.477813683424207, 43.82108989654497], [4.477764613726627, 43.821094914177216], [4.477716477736563, 43.82110344393919], [4.477669753736293, 43.82111540107878], [4.477625343281418, 43.8211286035997], [4.477582114436654, 43.821143247856924], [4.477541024194676, 43.82116082586225], [4.47750245123396, 43.8211811756218], [4.4774667510354815, 43.82120410959768], [4.477434252606761, 43.821229416436374], [4.477405255449795, 43.82125686291634], [4.477380026800874, 43.82128619609731], [4.477358799167673, 43.82131714565119], [4.4773417681863705, 43.821349426353265], [4.477329090818494, 43.821382740710774], [4.477320883904166, 43.82141678170441], [4.47731722308505, 43.821451235617715], [4.477318142106967, 43.82148578492831], [4.477322776043057, 43.82151475656501], [4.477292996022052, 43.82150548226232], [4.477262741995473, 43.821498510883075], [4.47726159336344, 43.82149126362263], [4.477251541640821, 43.821457265474926], [4.477237006563261, 43.8214241280621], [4.477218123744864, 43.821392160542864], [4.477161237369858, 43.82130742620122], [4.4771384131267125, 43.82127719934743], [4.477133303665308, 43.82127174592049], [4.477119754341727, 43.82125058483701], [4.477112019329916, 43.82123988898951], [4.477087548627614, 43.8212097172946], [4.47705914771347, 43.821181408318324], [4.477042081510891, 43.82116747402064], [4.477042321238474, 43.82113541410734], [4.477037790350647, 43.821100197455976], [4.477028507860475, 43.82106547276277], [4.4770145633971845, 43.82103157528793], [4.4769960915998155, 43.82099883230451], [4.476816127212208, 43.82071983438874], [4.476815254000612, 43.820699247570914], [4.476809200988346, 43.82066490348486], [4.476799680406698, 43.8206345264542], [4.476860769818436, 43.820632894341244], [4.476908561230823, 43.82062994102196], [4.476955737124267, 43.820623666807705], [4.477001858356999, 43.82061413010271], [4.477018942875723, 43.820609265301925], [4.477024975587297, 43.8206103770207], [4.477072377963088, 43.82061565961768], [4.477120262795722, 43.82061761045073], [4.477212119964394, 43.820618139414194], [4.477249277044345, 43.82061850367685], [4.477298459291363, 43.820617221940964], [4.47734722552422, 43.82061242565892], [4.477395097849117, 43.82060416183286], [4.477441607132763, 43.820592511445724], [4.477486297599966, 43.820577588667646], [4.4775038853761915, 43.820570107811484], [4.477579846706733, 43.82056421594114], [4.477626572195794, 43.820558954072496], [4.477672395840867, 43.82055050170581], [4.477716903058914, 43.820538935312875], [4.4777596911777335, 43.820524359539135], [4.477763653840954, 43.82052265948504], [4.477773333775657, 43.82052232459306], [4.477821727545626, 43.82051896859589], [4.477868462605193, 43.82051409670616], [4.477914348527393, 43.82050603659451], [4.477947967214533, 43.82049761692508], [4.475997401629698, 43.82052403662007]]], [[[4.4780012283606085, 43.820496895032775], [4.478024844649568, 43.82050634728677], [4.478070012564136, 43.82052040777864], [4.478116877753786, 43.82053116923129], [4.478164981858874, 43.82053852639327], [4.478213854401997, 43.82054240730851], [4.478324613604223, 43.82054720616248], [4.4783727877433135, 43.82054760016784], [4.4784207883505465, 43.82054461614257], [4.478468164646129, 43.820538282110086], [4.478514471713586, 43.820528657554135], [4.4785592746782426, 43.82051583286013], [4.47860215279139, 43.82049992846633], [4.478626834479622, 43.820488464443585], [4.478670846248051, 43.820489833126565], [4.47871851386674, 43.82048965930264], [4.478760141982148, 43.8204866060215], [4.4780012283606085, 43.820496895032775]]]]}}, {"type": "Feature", "properties": {"zone": "manduel", "libelle": "Manduel", "tissu": "Bourg de plaine", "note": "Relev\u00e9 \u00e0 la main par le d\u00e9monstrateur (D24) : sert de corrig\u00e9 au protocole.", "maille": "3275_25215", "surf_zone_m2": 58317, "aires_connues": 0}, "geometry": {"type": "Polygon", "coordinates": [[[4.476113565334207, 43.825022727527625], [4.479220446612923, 43.824980629362884], [4.479162240278778, 43.82273128406112], [4.476055481196735, 43.82277338051045], [4.476080167655134, 43.82372940134566], [4.476083304545742, 43.82373062240975], [4.476123339697934, 43.82374307067518], [4.476129599794558, 43.82374478604411], [4.476135859892305, 43.82374650141288], [4.476186851879742, 43.823758244916306], [4.4761920971257805, 43.82375901588343], [4.476194561320573, 43.823759595743944], [4.476240707825402, 43.823767036106986], [4.476287621816913, 43.82377126939836], [4.4763030453185415, 43.82377159183785], [4.476318599892045, 43.82377266807695], [4.476369461809804, 43.82377240768955], [4.4764200208140466, 43.82376838631032], [4.476428696657494, 43.82376736879601], [4.476440085566963, 43.8237659345211], [4.476441835745258, 43.8237656989017], [4.476444805617475, 43.823765350590655], [4.476488559142085, 43.823758745663206], [4.476531316582948, 43.82374932256983], [4.476538726455179, 43.823747422134446], [4.476544347202526, 43.82374564665696], [4.476554920167126, 43.82374495856935], [4.476563596004615, 43.82374394104431], [4.4765666108295745, 43.823743485930585], [4.476574073620284, 43.82375372659811], [4.4765986223023555, 43.82378378351763], [4.476627078012394, 43.82381197689006], [4.476636091595211, 43.823819296878305], [4.47662988658207, 43.82382527343095], [4.476604721061941, 43.82385517424105], [4.476583687174188, 43.823886703810864], [4.47656698395199, 43.82391956380238], [4.476554769451909, 43.82395344328832], [4.476547159258065, 43.823988021694255], [4.4765442253881655, 43.82402297183174], [4.476545995611761, 43.824057962994374], [4.476560317765765, 43.82417927629744], [4.476566936736056, 43.82421460703013], [4.476578350950167, 43.82424929036358], [4.476580127427405, 43.82425300893255], [4.476578230738947, 43.82427190419047], [4.476579374663574, 43.82430658825358], [4.476591118502613, 43.824424336269146], [4.47659239054953, 43.824431819682765], [4.476587208753871, 43.824453678917926], [4.476583747862391, 43.82448989242855], [4.476585342327179, 43.82452617416211], [4.476596598141252, 43.82462502767182], [4.476603146450343, 43.824660674240576], [4.476614574716602, 43.824695669891064], [4.4766289188226684, 43.82472578161865], [4.476625247956524, 43.82474199035521], [4.476622154543742, 43.8247781238797], [4.476621678797182, 43.824807832100475], [4.476621953085582, 43.824813223947125], [4.476621732315355, 43.82481873611468], [4.4766231965933, 43.82487541968584], [4.476626380684955, 43.82490991119647], [4.4766288653052255, 43.82492086227394], [4.476602031053071, 43.824922748215634], [4.476515247641295, 43.82493202373369], [4.476500366789169, 43.824934151005955], [4.476466273477446, 43.824936353754914], [4.476465309281384, 43.82491411401625], [4.476458609333609, 43.82487786452143], [4.476439258701629, 43.82480252197914], [4.476428301352909, 43.82476891750534], [4.4764129472545875, 43.82473622771086], [4.476393337688415, 43.82470475337721], [4.476369653090225, 43.82467478410186], [4.476342111389503, 43.82464659563358], [4.476310966004048, 43.82462044733556], [4.476276503508129, 43.82459657979884], [4.476239040995634, 43.82457521262893], [4.476198923162459, 43.82455654242512], [4.476156519134983, 43.82454074097175], [4.476112219073805, 43.8245279536577], [4.476100725984043, 43.82452553008684], [4.476113565334207, 43.825022727527625]]]}}, {"type": "Feature", "properties": {"zone": "manduel", "libelle": "Manduel", "tissu": "Bourg de plaine", "note": "Relev\u00e9 \u00e0 la main par le d\u00e9monstrateur (D24) : sert de corrig\u00e9 au protocole.", "maille": "3275_25216", "surf_zone_m2": 46664, "aires_connues": 1}, "geometry": {"type": "MultiPolygon", "coordinates": [[[[4.479220446612923, 43.824980629362884], [4.476113565334207, 43.825022727527625], [4.476165340031061, 43.82702759067668], [4.476218679617143, 43.82700892800213], [4.476262850231214, 43.826991423025554], [4.476304348612907, 43.826970773325286], [4.476342749107028, 43.82694719071006], [4.476377657835518, 43.82692091707197], [4.476408716737558, 43.82689222190512], [4.4764356072422045, 43.826861399541365], [4.476458053535899, 43.82682876613104], [4.476475825391337, 43.826794656400146], [4.476488740528683, 43.82675942021691], [4.47649666648493, 43.82672341900307], [4.476498410800152, 43.8267011853954], [4.4765109740240225, 43.82668570469274], [4.476531854276738, 43.82665279006177], [4.476548059880299, 43.82661852290907], [4.476559426762425, 43.82658325018772], [4.476565839843333, 43.8265473290314], [4.476567234200551, 43.82651112313843], [4.476563595725888, 43.82647499908936], [4.476560017866713, 43.826460215847405], [4.476609239043177, 43.82645696277256], [4.476625132469329, 43.82645532842985], [4.476645470430294, 43.82645472418926], [4.476733591896318, 43.826449030690526], [4.476746065091591, 43.82644776558597], [4.476748736753837, 43.826447771048244], [4.476798004489066, 43.82644430847295], [4.476867483427157, 43.82643688248953], [4.476899984465081, 43.82643562259388], [4.4769893254111475, 43.826429012318016], [4.477038277257432, 43.82642359570943], [4.477086242043994, 43.82641468058777], [4.477132743960912, 43.82640235539105], [4.477177321710705, 43.826386742385175], [4.477205202539633, 43.82637436060271], [4.477227290404082, 43.82637058643623], [4.477273868764939, 43.82635900315019], [4.4773186357132575, 43.82634414052363], [4.477341657189721, 43.8263343960822], [4.477347524240527, 43.82633360827876], [4.477393131795601, 43.82632415516417], [4.477399130551122, 43.82632244923708], [4.477406360764769, 43.82633537197981], [4.477419661744499, 43.826356996101936], [4.477427803423547, 43.826370583188805], [4.477447126041383, 43.82639927343567], [4.4774698833151625, 43.82642661163743], [4.477480931365571, 43.82643755699644], [4.477481542901532, 43.82643874119588], [4.477503658129194, 43.826471191668425], [4.477530161822899, 43.82650187070059], [4.477560786152888, 43.82653046826124], [4.477595221646398, 43.82655669535337], [4.477633120314944, 43.82658028693474], [4.477674099170911, 43.82660100459635], [4.477717744097909, 43.82661863897188], [4.477763614035763, 43.826633011853524], [4.477811245437874, 43.82664397799313], [4.477894954245738, 43.82665994467859], [4.477941314509287, 43.82666709582437], [4.477988404722851, 43.82667101832002], [4.478035796885446, 43.82667167651418], [4.478083060251527, 43.826669064424514], [4.478129765246246, 43.8266632057922], [4.4781754873700494, 43.82665415386618], [4.478192456070018, 43.826649497455726], [4.478222661502744, 43.82664572999102], [4.478356352715411, 43.82662414021471], [4.478358576811746, 43.82664632358483], [4.478366608976015, 43.82668046422921], [4.478379135848241, 43.82671388803024], [4.478396041477831, 43.8267462855915], [4.478405136622097, 43.82676146323655], [4.478426408172701, 43.82679272237887], [4.478451755079639, 43.826822345964736], [4.478480939804064, 43.82685005636909], [4.478513688838863, 43.82687559389633], [4.478549695271797, 43.826898719214235], [4.478588621661754, 43.82691921559699], [4.478630103201176, 43.82693689095639], [4.478673751134994, 43.826951579642206], [4.478719156404083, 43.826963143994575], [4.478765893479014, 43.82697147563435], [4.478813524348232, 43.82697649647873], [4.478861602623222, 43.82697815947315], [4.4789096777222195, 43.82697644903227], [4.478957299093229, 43.82697138118612], [4.479004020436756, 43.82696300342971], [4.479049403888684, 43.82695139427805], [4.4790876511315645, 43.82694007488655], [4.479131756172045, 43.82692515794759], [4.479173634853325, 43.826907189968146], [4.479211775737998, 43.82688693272287], [4.479237245764386, 43.82689143291728], [4.479269984061268, 43.82689483434799], [4.479220446612923, 43.824980629362884]]], [[[4.479270805698882, 43.826926582657144], [4.479270468740802, 43.82692930769542], [4.479271004935559, 43.82696530959161], [4.479271970476702, 43.826971589941266], [4.479270805698882, 43.826926582657144]]]]}}, {"type": "Feature", "properties": {"zone": "manduel", "libelle": "Manduel", "tissu": "Bourg de plaine", "note": "Relev\u00e9 \u00e0 la main par le d\u00e9monstrateur (D24) : sert de corrig\u00e9 au protocole.", "maille": "3276_25209", "surf_zone_m2": 55751, "aires_connues": 0}, "geometry": {"type": "Polygon", "coordinates": [[[4.4788712772979125, 43.8114846045194], [4.481962604421723, 43.81144262955993], [4.4819414780884586, 43.811425069644024], [4.481905850376452, 43.81140076355609], [4.48186709420484, 43.81137911283654], [4.481825585391067, 43.81136032742986], [4.481781726443384, 43.81134458949561], [4.481735942657867, 43.811332051642374], [4.481688677994512, 43.81132283544785], [4.481640390772402, 43.81131703028004], [4.48153553794211, 43.8113082396465], [4.481537942529094, 43.81128193377457], [4.481536293140638, 43.81124616184055], [4.481529746134147, 43.81121068536707], [4.481518366249695, 43.811175855114314], [4.481512411375805, 43.81116333909934], [4.481533380241998, 43.81113913554167], [4.481555011798646, 43.81110773902502], [4.48157231939055, 43.81107496653705], [4.481585138571665, 43.81104112947604], [4.4815933475447185, 43.811006549355135], [4.481606275110482, 43.810929869668115], [4.481609812684902, 43.81089435130754], [4.481608486577468, 43.81085875363404], [4.481602309776185, 43.810823425051495], [4.481599014068337, 43.81081299321966], [4.481610629169983, 43.81073844106085], [4.481612646440106, 43.81071584148566], [4.481619705126064, 43.81068917375364], [4.481634473871695, 43.81061390688439], [4.481641262634182, 43.81060804803113], [4.481668533888497, 43.8105792480455], [4.481691823082328, 43.81054866991984], [4.48171091102871, 43.81051660144979], [4.481725618082975, 43.81048334445732], [4.481735805833301, 43.81044921195004], [4.481741388444131, 43.81042483481193], [4.481746912720477, 43.810390661423], [4.481747906209102, 43.81035626219563], [4.481744359840936, 43.81032195142582], [4.481736306026201, 43.81028804260075], [4.481729740654755, 43.81027058930162], [4.481732254805762, 43.81024161795909], [4.481731099310658, 43.810217449671285], [4.481735519237653, 43.810198427447396], [4.481752669989989, 43.810092888885215], [4.481754723550421, 43.81007088702254], [4.481765320000726, 43.810043141154104], [4.481773608144103, 43.810008757579965], [4.48179197787464, 43.809902302408545], [4.4817956685218165, 43.80986637390698], [4.481794381149428, 43.809830358199605], [4.481788128663636, 43.8097946160889], [4.481776973710443, 43.809759505635796], [4.481761028047763, 43.80972537857264], [4.481740451425494, 43.80969257677962], [4.481715449984859, 43.809661428860046], [4.481686274193054, 43.80963224684836], [4.4816532163339, 43.80960532308445], [4.4816166075796495, 43.80958092728506], [4.48157681467328, 43.80955930384196], [4.4815342362545305, 43.80954066937387], [4.481489298866453, 43.80952521055634], [4.481442452682516, 43.80951308225192], [4.481406170166399, 43.80950656277035], [4.481404370107523, 43.80949560515017], [4.48139357220423, 43.809460408025316], [4.4813779662430395, 43.809426169746416], [4.481323104226806, 43.809323409858465], [4.4813034349480505, 43.8092913168818], [4.481279541562784, 43.809260764381285], [4.4812516514241985, 43.809232043065236], [4.481220029913605, 43.809205426217744], [4.481216030031728, 43.809202657943175], [4.480366410839845, 43.80921419768144], [4.480342403658616, 43.809226234068674], [4.4803057183084665, 43.809248714524195], [4.480272202198515, 43.80927365548046], [4.480242168629755, 43.80930082379841], [4.480215898350816, 43.809329965518096], [4.480193636933523, 43.809360808232356], [4.480188130443466, 43.80937065137289], [4.480162908461736, 43.809367003538625], [4.480116689765266, 43.809363523504125], [4.480089390988897, 43.809363324223774], [4.480083070055087, 43.80935747676952], [4.480049193428799, 43.809331811962984], [4.480011990279811, 43.809308688828395], [4.479971822549149, 43.80928833232302], [4.479935350171175, 43.80927172654727], [4.4799336318079535, 43.80927102760237], [4.479931986683801, 43.80927020867443], [4.479843573787163, 43.809230663179136], [4.479823935325518, 43.80922156225288], [4.478937310490721, 43.809233593132866], [4.478929573479873, 43.80924088207838], [4.478903749863285, 43.809270906889886], [4.47888867021066, 43.80929052663087], [4.478881776451779, 43.80929581652086], [4.47885214416343, 43.809323518975326], [4.478826371833352, 43.809353176728315], [4.4788164767964345, 43.80936589784523], [4.4788712772979125, 43.8114846045194]]]}}, {"type": "Feature", "properties": {"zone": "manduel", "libelle": "Manduel", "tissu": "Bourg de plaine", "note": "Relev\u00e9 \u00e0 la main par le d\u00e9monstrateur (D24) : sert de corrig\u00e9 au protocole.", "maille": "3276_25210", "surf_zone_m2": 21690, "aires_connues": 0}, "geometry": {"type": "Polygon", "coordinates": [[[4.481977773068088, 43.81145601227372], [4.481973631858438, 43.811451795406896], [4.481962604421723, 43.81144262955993], [4.4788712772979125, 43.8114846045194], [4.478876975852778, 43.81170491420306], [4.478912018694938, 43.811705443754526], [4.478913172533765, 43.81170537740567], [4.478932236271368, 43.81171143669197], [4.478978339881268, 43.811722351705946], [4.4790256930786585, 43.81172996076524], [4.479073844953364, 43.8117341914142], [4.479111961166545, 43.81173618020215], [4.479193659472973, 43.81174115243754], [4.479196289793224, 43.81174121872879], [4.4791988789614825, 43.81174145006068], [4.479360678621127, 43.81175005536075], [4.479408635812944, 43.811750925071095], [4.479456485437109, 43.81174844301137], [4.479503781810334, 43.811742632300096], [4.4795500844027405, 43.81173354705972], [4.479553047653006, 43.81173273653618], [4.479555684140733, 43.81174731428654], [4.479566929263858, 43.811782147937414], [4.479582893476767, 43.81181600129047], [4.479603419114312, 43.811848539987], [4.479628303458654, 43.811879442652206], [4.479630116141208, 43.811881253093816], [4.479630685310234, 43.811888076141074], [4.479638071989566, 43.81192208406442], [4.479649911246543, 43.81195542545694], [4.479666094795407, 43.81198779534555], [4.4796864746125555, 43.81201889764301], [4.479710864290281, 43.81204844785621], [4.479739040741637, 43.81207617568855], [4.479770746240863, 43.812101827512414], [4.479805690780696, 43.81212516868913], [4.47984355472501, 43.81214598571543], [4.479883991732537, 43.81216408817634], [4.479890357395971, 43.81216636068421], [4.479877453862683, 43.812245684423495], [4.479874137553455, 43.81228068678789], [4.47987554269231, 43.81231575668033], [4.479881655938686, 43.81235056092714], [4.479892419223475, 43.812384768877806], [4.4799077303003605, 43.81241805554609], [4.479927443716903, 43.81245010469776], [4.479951372196113, 43.812480611854774], [4.479979288415403, 43.81250928718815], [4.480010927166057, 43.81253585827136], [4.480045987872671, 43.81256007266876], [4.480084137448654, 43.81258170033379], [4.480125013460648, 43.81260053579463], [4.480168227571833, 43.812616400106364], [4.480213369231365, 43.812629142551174], [4.480260009574907, 43.812638642070134], [4.480307705499218, 43.812644808413594], [4.480417346879601, 43.81265502037715], [4.4804658415306555, 43.812657799208615], [4.480514479052586, 43.812657132152225], [4.48056279361868, 43.812653025596724], [4.480610322495508, 43.81264551887271], [4.480656610475015, 43.812634683876006], [4.480701214234498, 43.812620624378965], [4.480743706582733, 43.812603475036504], [4.48078368055155, 43.812583400096486], [4.480820753293694, 43.81256059182646], [4.480854569749583, 43.812535268672164], [4.480884806047906, 43.81250767316526], [4.480911172607421, 43.81247806960046], [4.4809334169103, 43.812446741504075], [4.480951325920447, 43.81241398891851], [4.480964728123613, 43.81238012552858], [4.480968768053759, 43.8123641585756], [4.480974335303184, 43.81235573323116], [4.480991004832625, 43.812322446136584], [4.4809993183968935, 43.812298817801754], [4.481046431924785, 43.81230436709809], [4.481198386887379, 43.812316703619906], [4.48124691318179, 43.81231891040796], [4.481295505059518, 43.81231767349371], [4.481307068253543, 43.81231655328007], [4.481330265956371, 43.812319779477704], [4.481416253226419, 43.81232851170647], [4.481464641283232, 43.812331689275915], [4.481513226585613, 43.81233143078027], [4.4815615449417825, 43.81232773868925], [4.481609134710554, 43.81232064827772], [4.481655541212163, 43.812310227288606], [4.481700321072585, 43.812296575285686], [4.481743046459787, 43.812279822702294], [4.481783309171465, 43.81226012959504], [4.481820724535182, 43.8122376841145], [4.481854935083642, 43.81221270070759], [4.481885613969994, 43.81218541806862], [4.48191246809051, 43.812156096858565], [4.4819155895036396, 43.81215183684742], [4.48193561001019, 43.81212977668972], [4.481958712922565, 43.81209771176104], [4.481977255767878, 43.81206412985266], [4.481991051354615, 43.812029369991585], [4.48199248627462, 43.81202363826442], [4.481977773068088, 43.81145601227372]]]}}, {"type": "Feature", "properties": {"zone": "manduel", "libelle": "Manduel", "tissu": "Bourg de plaine", "note": "Relev\u00e9 \u00e0 la main par le d\u00e9monstrateur (D24) : sert de corrig\u00e9 au protocole.", "maille": "3276_25212", "surf_zone_m2": 24955, "aires_connues": 0}, "geometry": {"type": "Polygon", "coordinates": [[[4.479045841350081, 43.81823260284111], [4.482152351488641, 43.81819042133088], [4.482124528044693, 43.81711722895033], [4.482096744142574, 43.81712151432433], [4.482093803684568, 43.81712219521638], [4.482086673767381, 43.817122156142304], [4.4820369683791625, 43.817125509105054], [4.481977464478764, 43.81713171816208], [4.481929048702833, 43.817138560676504], [4.481881807838448, 43.817148843931434], [4.4818573554724574, 43.817156148812934], [4.4818153739271755, 43.81715889858018], [4.481768695009313, 43.81716525150466], [4.481726898637, 43.81717245204655], [4.481707071564983, 43.81716966223182], [4.481657749256018, 43.81716635821745], [4.48160821769224, 43.817166624651634], [4.481558968618223, 43.817170458889166], [4.4815228684208614, 43.81717459549661], [4.4814968506436665, 43.81715922685928], [4.481455724721123, 43.81713950239414], [4.481412101540771, 43.81712282633094], [4.481366410640551, 43.817109362870546], [4.481319101917173, 43.81709924458084], [4.4812706411963905, 43.81709257109142], [4.4812215056464675, 43.81708940811268], [4.4811721790799925, 43.81708978678881], [4.481123147190293, 43.81709370339124], [4.481074892769327, 43.81710111935515], [4.4810278909541434, 43.81711196165943], [4.481016595391398, 43.8171150220319], [4.480975150978478, 43.81710581881487], [4.480927184245651, 43.8170988108327], [4.480878498373342, 43.81709525144502], [4.4808295650818115, 43.81709517513895], [4.4807808584884405, 43.817098582653806], [4.480732850514245, 43.81710544097401], [4.480673463008671, 43.81711614798943], [4.480627381130427, 43.817126194326704], [4.480582856762586, 43.81713942000377], [4.480579615997378, 43.81714066004313], [4.480548351487079, 43.81714914239015], [4.480473136545174, 43.81717266490878], [4.480429343569132, 43.81718824948657], [4.480387871657738, 43.81720686778496], [4.4803491203871, 43.817228340420414], [4.4803134631216945, 43.81725246050828], [4.480281243417107, 43.817278995655855], [4.480252771709902, 43.817307690201446], [4.480228322326548, 43.8173382676775], [4.480208130840178, 43.817370433474274], [4.4801951419184585, 43.81739803390017], [4.480188512512852, 43.81740030332942], [4.480147675336639, 43.81741791928428], [4.480109348474187, 43.81743827889114], [4.4800738823528965, 43.817461196001155], [4.480041601245384, 43.81748646108184], [4.480012800304636, 43.817513843132765], [4.479987742865354, 43.81754309179752], [4.479968228922985, 43.81757164139065], [4.479937175455173, 43.81757706796504], [4.479891823761565, 43.81758844050876], [4.479848197978615, 43.817602926678866], [4.479820596175927, 43.817614544458095], [4.479707504496051, 43.817606129521266], [4.479659433233308, 43.8176042493099], [4.479611336206019, 43.817605744680854], [4.4795636644567445, 43.817610601610845], [4.479516865040119, 43.817618774552784], [4.479505891606607, 43.817621527624915], [4.479489957659584, 43.81762174382401], [4.479441284397696, 43.81762413782628], [4.479393169573784, 43.817629974725925], [4.479346076551552, 43.81763919831149], [4.479300458854918, 43.81765171975646], [4.479277637461093, 43.81765991750784], [4.479255948151734, 43.81766367734621], [4.479253775383253, 43.81766422394252], [4.479223045546414, 43.817655194614716], [4.479177533467137, 43.81764536347377], [4.4791309334258775, 43.81763872197161], [4.479083670756104, 43.81763533072729], [4.479036176838967, 43.81763522069371], [4.479030390866885, 43.817635407615455], [4.479045841350081, 43.81823260284111]]]}}, {"type": "Feature", "properties": {"zone": "manduel", "libelle": "Manduel", "tissu": "Bourg de plaine", "note": "Relev\u00e9 \u00e0 la main par le d\u00e9monstrateur (D24) : sert de corrig\u00e9 au protocole.", "maille": "3276_25213", "surf_zone_m2": 61878, "aires_connues": 0}, "geometry": {"type": "Polygon", "coordinates": [[[4.482152351488641, 43.81819042133088], [4.479045841350081, 43.81823260284111], [4.479100238965984, 43.82033509305605], [4.479113759002861, 43.82032098368405], [4.479130784155256, 43.82029897875085], [4.47916650015654, 43.82030496126105], [4.4792154339756, 43.82030952341278], [4.479290487059477, 43.82031379350894], [4.479292935323303, 43.820318212148145], [4.479315161450628, 43.820349227089054], [4.479341436079076, 43.82037853560552], [4.47937151163249, 43.82040586152734], [4.479405104717904, 43.82043094736566], [4.47944189879585, 43.820453556739324], [4.479481547162987, 43.82047347660234], [4.479489545280546, 43.82047671211744], [4.481847377437591, 43.82044469618815], [4.481886433740349, 43.8204257304612], [4.481900586033565, 43.82041732404956], [4.481989397899283, 43.820389268117154], [4.482033969040468, 43.82037321925298], [4.482070550980134, 43.820356551872344], [4.482188804344612, 43.820322490214004], [4.482207470482443, 43.820316327567014], [4.482152351488641, 43.81819042133088]]]}}, {"type": "Feature", "properties": {"zone": "manduel", "libelle": "Manduel", "tissu": "Bourg de plaine", "note": "Relev\u00e9 \u00e0 la main par le d\u00e9monstrateur (D24) : sert de corrig\u00e9 au protocole.", "maille": "3276_25214", "surf_zone_m2": 23048, "aires_connues": 0}, "geometry": {"type": "MultiPolygon", "coordinates": [[[[4.479162240278778, 43.82273128406112], [4.480761545687421, 43.82270957901379], [4.480753560491406, 43.8226777756929], [4.480732650674398, 43.82261280677945], [4.4807129439598254, 43.82254782748566], [4.480700039126217, 43.8225134816472], [4.480682512315312, 43.82248022649958], [4.480672792049941, 43.82246614447979], [4.480645959853342, 43.822379642779744], [4.480632919418625, 43.82234554017316], [4.480615317308607, 43.82231252936847], [4.480604678740638, 43.82229724412904], [4.480606010092208, 43.82228295230271], [4.4806044585554465, 43.82224738004483], [4.48059806279548, 43.82221209259351], [4.480586885344658, 43.822177434910614], [4.48054298697859, 43.82206642432518], [4.480527744810761, 43.82203384929312], [4.480520131018911, 43.822021578604016], [4.480517754082923, 43.82201539170852], [4.480516877927722, 43.82201347620835], [4.480516258236532, 43.82201157959293], [4.48049366451944, 43.82195518299196], [4.480477930825779, 43.821922035466386], [4.480457819058587, 43.82189015300868], [4.480433519915051, 43.8218598379128], [4.480432536531134, 43.82185884742349], [4.48039078139309, 43.821752889793785], [4.480375436948884, 43.821720039827994], [4.480365790189107, 43.82170450389188], [4.480365532836442, 43.821691748930434], [4.480360116756948, 43.821656902774954], [4.480350043447778, 43.82162260352533], [4.480321943454103, 43.82154558044016], [4.480321830205429, 43.82154532187901], [4.4803213533816315, 43.82152663871506], [4.480315448568534, 43.8214908094274], [4.480304619037394, 43.82145558818952], [4.480275276514018, 43.82137858196961], [4.480260309349028, 43.82134559790163], [4.480241022971836, 43.82131381126346], [4.48021759680883, 43.82128351776312], [4.48019024879744, 43.82125499921764], [4.480159233358501, 43.821228520931484], [4.480124839029285, 43.82120432922837], [4.480087385779183, 43.821182649160036], [4.4800472220330505, 43.821163682412546], [4.480004721429893, 43.821147605430234], [4.4799602793470275, 43.82113456777433], [4.479914309222083, 43.821124690731615], [4.479867238707017, 43.821118066186294], [4.479819505689945, 43.82111475576518], [4.479771554221761, 43.82111479026443], [4.47972383038546, 43.82111816936312], [4.4796767781465325, 43.82112486162615], [4.479595111396811, 43.82113947054318], [4.479549656689455, 43.821149289354096], [4.479547661533399, 43.82114987537359], [4.479529559043716, 43.82115136425533], [4.479480796989813, 43.821159019140524], [4.479436270492814, 43.821167723716506], [4.479429210582862, 43.82116937515931], [4.479422318020237, 43.82117061012877], [4.479386926746298, 43.8211783379034], [4.479345678128476, 43.82118285472103], [4.479299782759717, 43.82119117359131], [4.47927901035077, 43.821195709274214], [4.479278267873967, 43.82119546249668], [4.479269224742063, 43.82119322223619], [4.479257092379536, 43.82116146485187], [4.479239041094406, 43.821127792437125], [4.479216419894268, 43.821095599379326], [4.479189456560036, 43.82106520983109], [4.479158422592415, 43.82103692978485], [4.479123630477969, 43.82101104399208], [4.479117624064963, 43.82100700224856], [4.479162240278778, 43.82273128406112]]], [[[4.479489545280546, 43.82047671211744], [4.4795236762190855, 43.82049051925153], [4.479567888987476, 43.8205045240953], [4.479613768855837, 43.82051535916694], [4.479660883502055, 43.82052292236824], [4.479708788968143, 43.820527142431544], [4.479757033843864, 43.82052797959144], [4.479805163520559, 43.82052542595943], [4.479852724475141, 43.82051950559823], [4.479899268543862, 43.820510274295074], [4.480026864673743, 43.8204800762262], [4.480025683886033, 43.82049473558959], [4.480027724889444, 43.82053051722802], [4.480034666418116, 43.82056597493769], [4.480046439772011, 43.82060075774894], [4.480062928423866, 43.82063452137173], [4.4800720463334525, 43.82065059855604], [4.480093003687526, 43.82068289529225], [4.480118274605192, 43.820713530929694], [4.480147610743776, 43.820742204397206], [4.48018072380845, 43.820768633906354], [4.480217288385316, 43.82079255972084], [4.480256945139345, 43.820813746709135], [4.4802993043457215, 43.82083198665527], [4.480343949719938, 43.820847100305336], [4.480390442508947, 43.82085893912906], [4.480438325803185, 43.82086738677965], [4.4804871290270745, 43.82087236023727], [4.480536372563873, 43.820873810624846], [4.480585572469387, 43.8208717236886], [4.48063424522824, 43.820866119938074], [4.480681912505911, 43.82085705444452], [4.48072810584986, 43.82084461629971], [4.480761401337074, 43.82083426359678], [4.480806623158972, 43.82081819140234], [4.480849366370769, 43.82079888818828], [4.480889192094, 43.820776552157355], [4.480921099203124, 43.820754575611325], [4.481009250857602, 43.82072277802391], [4.481051037410086, 43.82070583912696], [4.481090379076235, 43.820686067746266], [4.481092736558928, 43.82068462090299], [4.48125520098021, 43.820654836506854], [4.481301780749382, 43.82064451458288], [4.481346741725553, 43.820630941595184], [4.481389652243034, 43.82061424785712], [4.481391767436708, 43.82061322005955], [4.481430028336094, 43.82059950688247], [4.48146902822854, 43.82058179037865], [4.481522410358236, 43.82056909924736], [4.481569132662165, 43.82055607008393], [4.4816138080239005, 43.82053970438492], [4.481655983318239, 43.82052016814218], [4.481695230778551, 43.8204976595052], [4.481707790019069, 43.820488830405075], [4.481760484864721, 43.82047489966721], [4.481804585525445, 43.82046146637257], [4.481846698497826, 43.82044502588083], [4.481847377437591, 43.82044469618815], [4.479489545280546, 43.82047671211744]]]]}}, {"type": "Feature", "properties": {"zone": "manduel", "libelle": "Manduel", "tissu": "Bourg de plaine", "note": "Relev\u00e9 \u00e0 la main par le d\u00e9monstrateur (D24) : sert de corrig\u00e9 au protocole.", "maille": "3276_25215", "surf_zone_m2": 44916, "aires_connues": 0}, "geometry": {"type": "Polygon", "coordinates": [[[4.479162240278778, 43.82273128406112], [4.479220446612923, 43.824980629362884], [4.482327323311055, 43.824938442695824], [4.482314830017266, 43.82445667405581], [4.482312212567607, 43.82445589606462], [4.482266216701923, 43.824445853489905], [4.4822190968122015, 43.82443907181755], [4.48217129284929, 43.82443561436687], [4.482123251150753, 43.82443551341944], [4.4820300923868865, 43.824438579608056], [4.481982338927506, 43.82444182805085], [4.481935240016246, 43.82444839279775], [4.481923084650364, 43.824450987354254], [4.481897435213238, 43.82445225639511], [4.4818864952090625, 43.82444675251821], [4.481845158675941, 43.82442993812924], [4.48180179785047, 43.82441605097544], [4.481756807072859, 43.824405217351426], [4.481710595505891, 43.82439753578192], [4.4816635834140435, 43.8243930761258], [4.481616198341632, 43.82439187894063], [4.481568871224802, 43.824393955114054], [4.481522032472654, 43.824399285764635], [4.481417803873293, 43.82441486699343], [4.48141426739312, 43.824414461327216], [4.481427995882022, 43.82440613989758], [4.48146159958686, 43.82438141718221], [4.481491760585644, 43.824354467603264], [4.481518198823076, 43.82432554140149], [4.481540668812736, 43.82429490717122], [4.4815589619164005, 43.82426284936626], [4.481572908281156, 43.824229665658436], [4.481582378416332, 43.824195664173615], [4.48158728439562, 43.82416116063049], [4.481587580673217, 43.82412647540901], [4.481585335167079, 43.82408780356967], [4.481580750737923, 43.824051883888174], [4.481571223711173, 43.82401647677677], [4.48155684977311, 43.82398193781895], [4.4815377732854556, 43.823948613878954], [4.481514185835276, 43.82391683961828], [4.4814863243106515, 43.82388693413499], [4.481454468521462, 43.823859197759134], [4.481418938389185, 43.82383390903675], [4.481380090733929, 43.8238113219327], [4.481338315690999, 43.823791663280154], [4.481294032792927, 43.82377513050285], [4.481247686756375, 43.8237618896325], [4.481199743016184, 43.82375207364145], [4.481150683051382, 43.82374578110741], [4.481135968019359, 43.823744979693494], [4.481135970178789, 43.82373371132891], [4.481132098502756, 43.8236776927604], [4.481129917803386, 43.82363965266334], [4.481125647263504, 43.82360521120669], [4.4811168317607954, 43.82357122536154], [4.481103552659363, 43.82353800877485], [4.481085932516178, 43.823505867993674], [4.481064133949783, 43.823475099636205], [4.481038358139287, 43.82344598765446], [4.481008842967554, 43.82341880071383], [4.4809758608257, 43.823393789713734], [4.480939716099192, 43.823371185472155], [4.480900742358717, 43.82335119659572], [4.4808714545199555, 43.82333904909625], [4.480866749267955, 43.82328006926379], [4.480861400147755, 43.82324426335009], [4.4808511359096945, 43.82320902365444], [4.480841864110945, 43.82318791712405], [4.48084260041143, 43.82318574944114], [4.480849598994927, 43.823149991415086], [4.480851613325245, 43.8231139056218], [4.480848623134608, 43.823077855318], [4.480840658533041, 43.823042203402416], [4.480813403657055, 43.82294986796674], [4.480801281513513, 43.822916647100335], [4.4807929847020755, 43.82290038204545], [4.480792798992504, 43.82289623598751], [4.480786411685583, 43.822861107197355], [4.480767009419004, 43.82278396604346], [4.4807655432958935, 43.82277941603613], [4.480766269998883, 43.822747773275225], [4.4807622912277, 43.82271254833881], [4.480761545687421, 43.82270957901379], [4.479162240278778, 43.82273128406112]]]}}, {"type": "Feature", "properties": {"zone": "manduel", "libelle": "Manduel", "tissu": "Bourg de plaine", "note": "Relev\u00e9 \u00e0 la main par le d\u00e9monstrateur (D24) : sert de corrig\u00e9 au protocole.", "maille": "3276_25216", "surf_zone_m2": 49966, "aires_connues": 1}, "geometry": {"type": "Polygon", "coordinates": [[[4.482327323311055, 43.824938442695824], [4.479220446612923, 43.824980629362884], [4.479269984061268, 43.82689483434799], [4.479274671240653, 43.826895321333865], [4.479270805698882, 43.826926582657144], [4.479271970476702, 43.826971589941266], [4.479276506222129, 43.8270010926194], [4.479286917572072, 43.82703629878707], [4.479314995584356, 43.82711242266274], [4.4793294224574725, 43.827145173650514], [4.479348098907602, 43.827176778973865], [4.479370854606601, 43.82720695038238], [4.479390972177744, 43.82722845426653], [4.480401912736438, 43.82721473588854], [4.480412860316418, 43.82720560682955], [4.480440966195446, 43.82717693869694], [4.4804650752161574, 43.82714642241832], [4.480473434201696, 43.82713293797203], [4.480536059558363, 43.82712559120003], [4.480538777434649, 43.82712526676068], [4.480663950406131, 43.82711006652085], [4.480710508144554, 43.827102736987435], [4.480725482027638, 43.82709926464412], [4.480725416301204, 43.82711521382299], [4.480727534603943, 43.827149496820155], [4.4807341527838656, 43.827183477978146], [4.480742976321515, 43.827210105569165], [4.482385656431526, 43.82718778940198], [4.482367263184525, 43.82647855776323], [4.482339388344699, 43.826493215360124], [4.48230299986406, 43.82651660614564], [4.48226994399374, 43.82654246016008], [4.482240537373928, 43.82657052975317], [4.48221506169063, 43.826600546051715], [4.4821937609773235, 43.826632221534965], [4.482184439499713, 43.826650417116554], [4.482138696710432, 43.82664853859179], [4.482090110773239, 43.82664998775353], [4.482049523465955, 43.82665409910087], [4.48204099199675, 43.82664967084517], [4.481998424984585, 43.82663189736057], [4.481953642534961, 43.82661725264302], [4.481907082060139, 43.826605879734174], [4.481837089505423, 43.82659152985277], [4.481788549238851, 43.82658345506572], [4.481739136659823, 43.826578936526886], [4.481689347576223, 43.82657801957542], [4.4816396815735855, 43.82658071341207], [4.481590637002509, 43.82658699100677], [4.481542705978481, 43.82659678936993], [4.481496369444216, 43.826610010184424], [4.4814520923441, 43.82662652079199], [4.481410318959111, 43.826646155524315], [4.481371468449005, 43.82666871736533], [4.481335930646544, 43.826693979927796], [4.4813103154655085, 43.826716252439766], [4.481279468128208, 43.82671508246294], [4.481224762109253, 43.82671492544958], [4.4811759880310635, 43.826716520931946], [4.48112766524727, 43.82672157194041], [4.481080259709133, 43.82673002977084], [4.481077247514979, 43.82673080083536], [4.481074758864031, 43.826708684419565], [4.4810663626112195, 43.8266747304446], [4.481041987527687, 43.82659765666812], [4.481028332652648, 43.82656269545223], [4.481009879375496, 43.82652890885041], [4.480986815698084, 43.82649664106502], [4.48095937658977, 43.82646622082481], [4.480927841593429, 43.82643795803611], [4.4808925319774024, 43.82641214062573], [4.480853807462478, 43.826389031607846], [4.480812062557174, 43.82636886640462], [4.480767722538724, 43.826351850448034], [4.480721239120662, 43.82633815708707], [4.480673085851159, 43.82632792582188], [4.480623753288987, 43.82632126088264], [4.480573744006206, 43.82631823016791], [4.480523567468537, 43.826318864552846], [4.4804737348455, 43.82632315757465], [4.480285368131897, 43.82634641584617], [4.4802376060466935, 43.82635408074305], [4.4801911156081635, 43.82636510670475], [4.480146346900015, 43.826379386986844], [4.4801318604756295, 43.826385300857055], [4.48014719465888, 43.82637179630183], [4.480174191910286, 43.826342635315626], [4.480197137165622, 43.826311709104345], [4.480215812191006, 43.82627931181848], [4.480230039369198, 43.826245751599885], [4.480239683388749, 43.826211347650904], [4.4802446525307085, 43.82617642719832], [4.480244657344577, 43.82617574305648], [4.480272410444354, 43.826157272959556], [4.480279961070487, 43.82615819649581], [4.480329555693236, 43.82616061832493], [4.480379236483288, 43.826159442892916], [4.480428506873212, 43.82615468194844], [4.480476874397818, 43.82614638307789], [4.4805238556166955, 43.82613462922986], [4.4806275030291, 43.8261044202955], [4.480673444779903, 43.82608901840667], [4.4807169848506225, 43.82607031389066], [4.480757671777244, 43.826048500694554], [4.480795083681337, 43.82602380499908], [4.480828832644578, 43.825996482873194], [4.480858568731033, 43.82596681761886], [4.480861970785006, 43.825962574132205], [4.480891248554148, 43.82595091279163], [4.480932363722628, 43.82593039793703], [4.480942818260856, 43.825923972019886], [4.480960714900804, 43.825921503651536], [4.481056011990641, 43.82590490853461], [4.481104093580645, 43.825894654135084], [4.481150504696731, 43.825880946942576], [4.481194773632282, 43.8258639262728], [4.481198462482568, 43.8258621417934], [4.481222505652523, 43.8258643954591], [4.481272047529569, 43.825865436914604], [4.481321486474157, 43.82586290220352], [4.481370331201046, 43.82585681651375], [4.481485465739071, 43.82583815143939], [4.48153246523481, 43.8258287583884], [4.481573173960244, 43.825817413667934], [4.481581899607241, 43.825818457326676], [4.481631216521917, 43.825820756059194], [4.481680605027747, 43.825819498937854], [4.481729577182402, 43.825814698382594], [4.481777649157196, 43.825806401821374], [4.481824346017414, 43.82579469122153], [4.481944031474903, 43.825759762821775], [4.481988237561703, 43.82574500155333], [4.482030237775577, 43.82572718116248], [4.482069629462647, 43.82570647249341], [4.48210603497815, 43.825683074080125], [4.48213910530697, 43.82565721024285], [4.482168523409626, 43.8256291289375], [4.482194007261658, 43.82559909937842], [4.482196589608236, 43.82559525834674], [4.482212713506888, 43.82558841197737], [4.482253334566178, 43.82556689239207], [4.482290742104082, 43.825542509596644], [4.482324552726736, 43.82551551349594], [4.482341847782188, 43.825498527934435], [4.482327323311055, 43.824938442695824]]]}}, {"type": "Feature", "properties": {"zone": "manduel", "libelle": "Manduel", "tissu": "Bourg de plaine", "note": "Relev\u00e9 \u00e0 la main par le d\u00e9monstrateur (D24) : sert de corrig\u00e9 au protocole.", "maille": "3277_25209", "surf_zone_m2": 9770, "aires_connues": 0}, "geometry": {"type": "Polygon", "coordinates": [[[4.4824011844617, 43.809937655920464], [4.482398477517687, 43.81002499726601], [4.482399782823959, 43.81006036286405], [4.482405875875282, 43.8100954648544], [4.4824166978216615, 43.81012996415264], [4.4824321441316, 43.81016352749569], [4.48245206560156, 43.810195830661215], [4.482476269796989, 43.81022656159969], [4.482504522911001, 43.810255423448815], [4.482536552022765, 43.81028213740131], [4.482572047733794, 43.81030644539834], [4.482610667156674, 43.810328112622464], [4.48265203722736, 43.81034692976608], [4.4826957583090365, 43.810362715053465], [4.482741408052749, 43.810375315996794], [4.482788545477468, 43.81038461086938], [4.482836715230219, 43.81039050988142], [4.482885451985045, 43.8103929560477], [4.483141579979606, 43.81039667247884], [4.483191224738177, 43.81039559544843], [4.48324047323234, 43.81039093597361], [4.48328883374215, 43.81038274057677], [4.483335823414199, 43.81037109108463], [4.483380973082907, 43.81035610381116], [4.483423831955089, 43.810337928396216], [4.483463972111043, 43.810316746311344], [4.483500992777207, 43.8102927690478], [4.483534524327716, 43.8102662360049], [4.483564231974877, 43.8102374120995], [4.483589819111767, 43.81020658512103], [4.483611030273522, 43.810174062857875], [4.483627653687812, 43.81014017002424], [4.483639523388982, 43.81010524501801], [4.483646520874828, 43.810069636541925], [4.483648576289416, 43.81003370012213], [4.483647530706789, 43.80994550973758], [4.483644798804768, 43.80991078697183], [4.483637452293023, 43.80987641721224], [4.483629510947886, 43.80985391647627], [4.483638323247438, 43.80983061452071], [4.48364664459439, 43.80979462066284], [4.4836498903724795, 43.80975820161832], [4.483648027226893, 43.80972173175152], [4.483641074319254, 43.80968558594846], [4.4836291031302595, 43.809650135763334], [4.483612236724521, 43.80961574559905], [4.483590648485183, 43.80958276896173], [4.483564560331351, 43.80955154482668], [4.48353424043666, 43.80952239415433], [4.48350000047243, 43.80949561659095], [4.4834621924037865, 43.8094714873887], [4.48337513536241, 43.80942136924993], [4.48333428249507, 43.80940019893587], [4.483290687563065, 43.80938212291648], [4.483244795852981, 43.80936732582247], [4.483197076109794, 43.80935595879294], [4.483148015749245, 43.80934813793202], [4.483098115879545, 43.80934394312268], [4.483047886183261, 43.809343417211174], [4.482997839711656, 43.8093465655692], [4.482948487644615, 43.80935335603908], [4.48290033406971, 43.80936371926235], [4.482853870833643, 43.809377549387925], [4.482809572518728, 43.80939470515341], [4.482767891595636, 43.80941501132773], [4.482729253801949, 43.80943826050104], [4.482694053793698, 43.809464215202965], [4.4826626511143, 43.8094926103282], [4.48265241307088, 43.80950289256946], [4.48262720136041, 43.809515253861164], [4.482587112925033, 43.80953712542695], [4.48255027471803, 43.80956181327202], [4.482517062369752, 43.80958906566345], [4.482487814540404, 43.809618604718196], [4.48246282946676, 43.80965012923643], [4.482442361920975, 43.80968331777264], [4.4824266206125305, 43.809717831913346], [4.482415766059817, 43.8097533197276], [4.4824099089530405, 43.80978941935547], [4.482409109025189, 43.80982576269781], [4.482413374442569, 43.80986197916971], [4.48241405918583, 43.80986461279971], [4.482412817944925, 43.80986790127141], [4.482404645356089, 43.8099025725472], [4.4824011844617, 43.809937655920464]]]}}, {"type": "Feature", "properties": {"zone": "manduel", "libelle": "Manduel", "tissu": "Bourg de plaine", "note": "Relev\u00e9 \u00e0 la main par le d\u00e9monstrateur (D24) : sert de corrig\u00e9 au protocole.", "maille": "3277_25211", "surf_zone_m2": 29776, "aires_connues": 0}, "geometry": {"type": "MultiPolygon", "coordinates": [[[[4.485154670658916, 43.81413772678634], [4.485150069726978, 43.81413831160913], [4.485103885512255, 43.81414757477593], [4.485059147729294, 43.8141600152537], [4.485016272175214, 43.81417551741987], [4.484975657340335, 43.814193937196244], [4.484937680704711, 43.81421510338789], [4.484902695229866, 43.81423881927443], [4.484871026078372, 43.81426486443801], [4.48484296759174, 43.81429299681195], [4.484824701638346, 43.81431562106622], [4.484794700184009, 43.81432127296628], [4.484748787065616, 43.814333521683686], [4.484704759335054, 43.81434897959972], [4.484663043563524, 43.81436749694807], [4.484624043923539, 43.81438889432047], [4.484588138273146, 43.81441296440487], [4.484555674495012, 43.81443947399392], [4.484526967125877, 43.81446816624431], [4.4845022943090225, 43.814498763165204], [4.484481895099289, 43.81453096831147], [4.484465967146742, 43.81456446965582], [4.484454664781461, 43.81459894261184], [4.484450287799187, 43.81462234328105], [4.484448986382943, 43.814624614051105], [4.4844347989927105, 43.81465839250328], [4.48442524976611, 43.81469301491145], [4.484420430580383, 43.81472814818919], [4.484420387807541, 43.814763454334674], [4.4844251218679005, 43.814798593682276], [4.484432245602941, 43.814833598646], [4.4844417774492795, 43.81486842590687], [4.484456001206104, 43.81490240377963], [4.484474778497428, 43.81493520169039], [4.484497926644645, 43.814966500544735], [4.484525220443564, 43.814995995832184], [4.48455639435524, 43.8150234005889], [4.484591145089274, 43.81504844818971], [4.4846291345544795, 43.81507089494226], [4.484651371224743, 43.815081576923696], [4.484685340095042, 43.8151023134824], [4.484724698838114, 43.81512198747088], [4.484766486421973, 43.8151388315933], [4.484810316046263, 43.81515268993374], [4.484855782007744, 43.815163434213744], [4.484902463455773, 43.81517096497985], [4.484949928288059, 43.815175212524146], [4.484997737150581, 43.81517613752954], [4.485003706062135, 43.815175836510676], [4.485026636470735, 43.81519087701881], [4.485067022268447, 43.81521242676667], [4.485110201974862, 43.81523091930377], [4.485155735823647, 43.815246166290514], [4.48518364636594, 43.815253138096615], [4.485154670658916, 43.81413772678634]]], [[[4.48520042010892, 43.81589881885889], [4.485200329787124, 43.81589534209147], [4.485198888797967, 43.81589883971712], [4.48520042010892, 43.81589881885889]]], [[[4.482080509118162, 43.81541927143796], [4.482096974657866, 43.81543869300544], [4.482127164398062, 43.8154673982341], [4.482161171192428, 43.815493770726384], [4.48219865334975, 43.81551754549456], [4.482239234257341, 43.81553848365209], [4.482282506165202, 43.81555637481424], [4.48232803428312, 43.81557103921199], [4.482375361149521, 43.81558232949845], [4.482424011228188, 43.815590132229545], [4.482473495686627, 43.81559436900386], [4.4825233173080825, 43.81559499725051], [4.482572975487818, 43.81559201065691], [4.482621971263436, 43.815585439232194], [4.482669812328717, 43.81557534900567], [4.482716017980523, 43.81556184136334], [4.4828614248660585, 43.815513061356306], [4.48290465951761, 43.81549664424623], [4.482945461788566, 43.81547723551863], [4.482983438161569, 43.815455022362265], [4.4830182223750406, 43.815430219013194], [4.48304947895562, 43.81540306468838], [4.4830769064536184, 43.81537382127856], [4.483100240350257, 43.815342770822255], [4.483119255608673, 43.81531021278558], [4.483133768844082, 43.815276461174], [4.483143640092177, 43.81524184150376], [4.483148774158719, 43.81520668766249], [4.483149121537323, 43.81517133868896], [4.483144678886577, 43.81513613550318], [4.483135489061936, 43.815101417618585], [4.483121640702062, 43.815067519867384], [4.483103267373649, 43.815034769171625], [4.483080546282956, 43.81500348139015], [4.483047166787234, 43.81496253312125], [4.48301989278449, 43.814932590526766], [4.482988638790042, 43.81490476214775], [4.4829537151537115, 43.81487932431288], [4.482915468662534, 43.81485652961292], [4.482874279097213, 43.81483660439277], [4.482830555461019, 43.81481974650396], [4.482784731918582, 43.814806123340176], [4.4827372634849, 43.81479587017514], [4.482688621507358, 43.81478908881951], [4.4826392889856255, 43.81478584660993], [4.482589755775874, 43.81478617574048], [4.482540513726925, 43.81479007294301], [4.482492051796637, 43.814797499519564], [4.482444851196963, 43.814808381726664], [4.482399380615929, 43.814822611507445], [4.482257749339261, 43.81487313966777], [4.482213974854955, 43.814890795052044], [4.48217287727137, 43.814911551735705], [4.482134874148326, 43.81493519882834], [4.482100351606907, 43.814961496072286], [4.482069660406426, 43.814990176283686], [4.482069393412567, 43.81499048575612], [4.482080509118162, 43.81541927143796]]], [[[4.482548163877857, 43.8136847895019], [4.482532745481847, 43.81369275991278], [4.48249605450578, 43.8137159702817], [4.482462677456149, 43.81374167005281], [4.4824329349520875, 43.81376961235844], [4.482407112701131, 43.813799528789126], [4.482385553602309, 43.81383099354501], [4.482354030424899, 43.81384348329238], [4.48231256722465, 43.813864107775366], [4.482274194838965, 43.8138876610915], [4.482239306217781, 43.81391390204718], [4.482208258637575, 43.813942561926154], [4.482181370042674, 43.81397334724111], [4.482158915789253, 43.814005942739044], [4.482141125825399, 43.814040014629406], [4.482128182336079, 43.81407521400222], [4.4821202178771955, 43.814111180400914], [4.482117314017801, 43.81414754551358], [4.482119500504419, 43.814183936944524], [4.482125706781489, 43.81423155518441], [4.482132904563124, 43.81426739251298], [4.482145038785932, 43.814302524761054], [4.482161986636888, 43.814336596321716], [4.482183576578834, 43.8143692623237], [4.482209590086445, 43.814400192122136], [4.482239763857907, 43.814429072645446], [4.482273792479836, 43.81445561156436], [4.482311331518543, 43.81447954025096], [4.482352001006337, 43.8145006164979], [4.482395389287556, 43.814518626970056], [4.4824410571854445, 43.81453338936412], [4.482488542447639, 43.81454475425393], [4.482537364425308, 43.81455260660303], [4.482587028938533, 43.81455686692924], [4.482637033278704, 43.81455749210907], [4.482723986625634, 43.81455540963719], [4.4827741445010085, 43.81455236206995], [4.482823619629859, 43.81454565718212], [4.4828719047444014, 43.81453536371893], [4.482918504778726, 43.81452158721916], [4.482955613442501, 43.81450729205394], [4.482953087288184, 43.81451563218276], [4.4829473550020955, 43.81455078915184], [4.482946419627503, 43.814586183830514], [4.482950290220635, 43.81462147386655], [4.4829589293522485, 43.8146563179192], [4.482984637810918, 43.81473697272124], [4.482997894215998, 43.81477088817815], [4.483015667983023, 43.81480370218702], [4.483037788690062, 43.81483510009996], [4.483064044232134, 43.81486478084731], [4.48309418285484, 43.814892459824485], [4.483127915568231, 43.814917871621304], [4.483155997305611, 43.81493525108693], [4.483159666162832, 43.814940679258605], [4.483185221971735, 43.81497065604956], [4.483214702147693, 43.814998680348], [4.483247824321804, 43.815024483724386], [4.483284271239166, 43.81504781902189], [4.483323693797631, 43.81506846272375], [4.483365714391675, 43.81508621709442], [4.483409930529328, 43.815100912073554], [4.483455918687549, 43.81511240690513], [4.483503238369093, 43.81512059148566], [4.483551436322009, 43.81512538741898], [4.483600050881338, 43.81512674876708], [4.483648498611838, 43.81512466754987], [4.483674647992526, 43.81512971389258], [4.483722305355723, 43.815135398229586], [4.483770499602948, 43.81513770668666], [4.483818775747819, 43.81513661747043], [4.483866678030743, 43.81513214086383], [4.483913754221831, 43.81512431912907], [4.4839595598905015, 43.815113226108686], [4.484003662601397, 43.81509896652823], [4.484039369154306, 43.81508587984256], [4.484080398240442, 43.81506902599621], [4.4841190364170505, 43.81504943197681], [4.48415493576084, 43.81502727422309], [4.484187773012024, 43.815002752259275], [4.484217252485188, 43.814976086898355], [4.484243108731799, 43.814947518253625], [4.4842651089303995, 43.814917303576514], [4.484283054982948, 43.814885714939926], [4.484296785298454, 43.814853036788435], [4.484306176247823, 43.8148195633767], [4.484311143276855, 43.81478559611996], [4.48431164166735, 43.81475144087969], [4.484307666939499, 43.81471740520956], [4.484299254891931, 43.81468379558601], [4.484286481279086, 43.814650914648524], [4.484268581659335, 43.814612021595735], [4.484216024914741, 43.8144881245098], [4.48419940598026, 43.8144548650939], [4.4841783595361475, 43.81442294728606], [4.484153088795166, 43.814392679255846], [4.484123837754966, 43.814364353243555], [4.484090888842091, 43.81433824273871], [4.48405456018499, 43.81431459983962], [4.484015202542417, 43.81429365281939], [4.483973195916808, 43.8142756039221], [4.483928945885415, 43.81426062741016], [4.4838828796845265, 43.81424886788189], [4.483835442084658, 43.81424043887561], [4.483787091096475, 43.81423542177331], [4.483738293548916, 43.81423386501507], [4.48370753470211, 43.814235074999914], [4.483686019895976, 43.814228242213275], [4.483639743760272, 43.81421730995254], [4.483592212916577, 43.814209707474], [4.48356035911877, 43.814206939421005], [4.483562376717665, 43.81420305053264], [4.483575026744964, 43.814168691442205], [4.483582933351031, 43.81413359620252], [4.483586019384051, 43.81409810730814], [4.483584254736446, 43.81406257109472], [4.483584143934468, 43.814061633390715], [4.483586165149639, 43.814052266374], [4.483588957920998, 43.81401740236438], [4.483588365324401, 43.81400643781807], [4.483621778191607, 43.813981891219555], [4.4836519198817735, 43.813955007776116], [4.483678354696378, 43.81392615144264], [4.483700837994364, 43.81389558927658], [4.483719161705884, 43.81386360412185], [4.4837331562577365, 43.81383049199134], [4.483742692142494, 43.81379655932713], [4.483747681116778, 43.81376212016448], [4.483748077017646, 43.813727493225606], [4.483744830237858, 43.81366851145146], [4.482548163877857, 43.8136847895019]]]]}}, {"type": "Feature", "properties": {"zone": "manduel", "libelle": "Manduel", "tissu": "Bourg de plaine", "note": "Relev\u00e9 \u00e0 la main par le d\u00e9monstrateur (D24) : sert de corrig\u00e9 au protocole.", "maille": "3277_25212", "surf_zone_m2": 27998, "aires_connues": 0}, "geometry": {"type": "MultiPolygon", "coordinates": [[[[4.48520042010892, 43.81589881885889], [4.485198888797967, 43.81589883971712], [4.485197374212925, 43.815902515977136], [4.48518813771473, 43.81593673559146], [4.4851847365463176, 43.81596228072424], [4.485166485252226, 43.81598871745733], [4.4851488289814885, 43.81602230821747], [4.485135886929523, 43.81605700650096], [4.485127788135799, 43.816092466369916], [4.485124613353577, 43.81612833429281], [4.48512639424446, 43.81616425266919], [4.485133113062362, 43.81619986339495], [4.485140236055102, 43.81622134222724], [4.485140540399162, 43.81622705938593], [4.4851473547100476, 43.816262554505], [4.485159009518979, 43.81629738308533], [4.485175389314947, 43.816331199914174], [4.48519633175319, 43.8163636698064], [4.4852130244215935, 43.816383994058974], [4.48520042010892, 43.81589881885889]]], [[[4.482152351488641, 43.81819042133088], [4.485258857038631, 43.81814815132935], [4.4852281957420574, 43.816967969832355], [4.48518687906748, 43.81696991632946], [4.485138167850978, 43.81697576545968], [4.485090498255843, 43.81698508471556], [4.485044340560241, 43.81699778215937], [4.485000150127705, 43.8170137325263], [4.484958362914999, 43.81703277846019], [4.484919391171396, 43.817054732065785], [4.4848836193717565, 43.817079376762365], [4.484851400423584, 43.81710646942021], [4.484823052185413, 43.81713574275916], [4.484798854330915, 43.817166907985275], [4.4847790455896375, 43.81719965763985], [4.484763821391631, 43.81723366863251], [4.484755375788437, 43.817256314400616], [4.484729526816091, 43.817317950377976], [4.484717620517631, 43.81735235409798], [4.484710447947192, 43.81738743924243], [4.484708078749311, 43.81742286518287], [4.484710535934602, 43.817458287981594], [4.484710578514801, 43.81745849371032], [4.484705518956131, 43.81746009621217], [4.484704734114232, 43.81746022226265], [4.484658360461961, 43.81747121839475], [4.484613699071569, 43.81748545356372], [4.484571180255885, 43.81750279061414], [4.484531213685119, 43.81752306250395], [4.484494184439801, 43.81754607391371], [4.484460449300596, 43.817571603128535], [4.4844303333107245, 43.81759940417415], [4.484404126644106, 43.81762920918678], [4.484382081809415, 43.817660730993886], [4.484364411216976, 43.817693665881116], [4.484355042721091, 43.81771795461157], [4.484348923405293, 43.81769919124611], [4.484333212548532, 43.81766593408773], [4.484331005797147, 43.817662424769175], [4.484329223460237, 43.81765294419587], [4.484317662402985, 43.81761800385803], [4.484301348393596, 43.817584072097496], [4.484280443976639, 43.817551486975916], [4.4842551574298515, 43.81752057313784], [4.484225740688814, 43.817491638576264], [4.484192486836738, 43.81746497156436], [4.484155727184343, 43.8174408377834], [4.48411582796896, 43.817419477676005], [4.4840731867057215, 43.8174011040506], [4.48402822822721, 43.817385899961494], [4.483981400451008, 43.817374016885104], [4.483979559671843, 43.817373694622056], [4.483936676829789, 43.817363052702795], [4.483888069948481, 43.81735482215483], [4.483838568170394, 43.81735016275322], [4.483788670617608, 43.817349121478266], [4.483738880402546, 43.81735170882903], [4.483678779953449, 43.81735703881458], [4.483678791773175, 43.81733627310045], [4.483674742126028, 43.817276024772625], [4.483669984476757, 43.817240878558025], [4.483660493414532, 43.8172062390565], [4.483646360300638, 43.81717243967804], [4.483627721176091, 43.81713980574564], [4.483604755451953, 43.81710865136426], [4.483577684182218, 43.81707927639749], [4.483546767935946, 43.817051963581406], [4.4835123042891105, 43.81702697580339], [4.483474624960309, 43.81700455357179], [4.4834340926179115, 43.81698491270127], [4.483391097389389, 43.81696824223555], [4.483346053106388, 43.816954702628], [4.483299393321722, 43.81694442419733], [4.483251567136591, 43.81693750587341], [4.483203034878183, 43.816934014245014], [4.483154263669256, 43.816933982919046], [4.483112039442018, 43.81693545730223], [4.483064389130847, 43.81693879213059], [4.48302231703029, 43.816944735977614], [4.482986170032545, 43.81694742102333], [4.4829373711805625, 43.816954675008134], [4.48288981999684, 43.81696542901059], [4.482844258154419, 43.81697949349467], [4.482835195743403, 43.81698156081289], [4.482807686891438, 43.816990029456925], [4.482777987680076, 43.816989724829675], [4.482776898989039, 43.816989572410236], [4.482729573609985, 43.81698629595253], [4.48268203240376, 43.81698630784967], [4.482639808125704, 43.81698778205005], [4.482591226459783, 43.816991215459964], [4.482543344014372, 43.8169980822281], [4.482496622437971, 43.81700831615004], [4.482451512187416, 43.81702181855765], [4.482408448185121, 43.81703845927035], [4.482367845626006, 43.817058077850156], [4.482330095974623, 43.817080485148395], [4.482295563190987, 43.81710546512923], [4.482293661653844, 43.817107141355805], [4.482253981693188, 43.81710749055285], [4.482194384526931, 43.817110100793464], [4.482145171356263, 43.81711404493215], [4.482124528044693, 43.81711722895033], [4.482152351488641, 43.81819042133088]], [[4.484359043792041, 43.81792297678888], [4.484362832809657, 43.817939003215535], [4.484367566952007, 43.817954414913125], [4.484348858797461, 43.81794989544869], [4.484351099346037, 43.81794541088329], [4.484359043792041, 43.81792297678888]]]]}}, {"type": "Feature", "properties": {"zone": "manduel", "libelle": "Manduel", "tissu": "Bourg de plaine", "note": "Relev\u00e9 \u00e0 la main par le d\u00e9monstrateur (D24) : sert de corrig\u00e9 au protocole.", "maille": "3277_25213", "surf_zone_m2": 57242, "aires_connues": 0}, "geometry": {"type": "Polygon", "coordinates": [[[4.485317298566518, 43.820397486933], [4.485258857038631, 43.81814815132935], [4.482152351488641, 43.81819042133088], [4.482207470482443, 43.820316327567014], [4.482233287964827, 43.82030780388796], [4.482275564158914, 43.820290025010834], [4.482315224072789, 43.820269325523654], [4.4823518841558, 43.82024590561263], [4.482361271909751, 43.820238601381455], [4.482387788664778, 43.820231023871905], [4.482388180460586, 43.82023089529475], [4.4824170387446, 43.820226290637066], [4.482462436813196, 43.82021565534537], [4.482642649837738, 43.820166402454504], [4.48268668545648, 43.82015257404535], [4.482728673993334, 43.820135735302436], [4.482768224039052, 43.82011604319421], [4.482804966916736, 43.820093681287716], [4.482838560118645, 43.82006885803712], [4.482868690499007, 43.820041804840635], [4.482895077193067, 43.820012773883285], [4.4829174742351565, 43.819982035786005], [4.482923657632674, 43.819971109132915], [4.482960003940043, 43.81996761013494], [4.483007362555884, 43.819959579127314], [4.483053410573651, 43.819948235648056], [4.4830977071918126, 43.81993368828462], [4.483139828375286, 43.819916076294085], [4.483233171846766, 43.819872504187266], [4.483273143079089, 43.819851749641], [4.483305052791257, 43.819831440261694], [4.483325982799806, 43.81982638123814], [4.483352601944992, 43.81982169482615], [4.483399318672254, 43.81980979890589], [4.483415074448787, 43.81980445844313], [4.48342771738969, 43.81983314713098], [4.483444683143187, 43.819866018045914], [4.483455070439671, 43.81988138451989], [4.483458848548397, 43.81990170046777], [4.483469811582612, 43.819935535875935], [4.483503072385689, 43.82001968833013], [4.483518328567106, 43.820052301649895], [4.48353781880507, 43.82008371028626], [4.483561364756169, 43.82011362682672], [4.48358875096322, 43.82014177751203], [4.483619726826679, 43.820167904741545], [4.483654008897708, 43.82019176943043], [4.4836650636550495, 43.82019811135311], [4.483665061987373, 43.82019813998944], [4.483667895743319, 43.82023387823212], [4.48367561807861, 43.82026923595848], [4.483688152628707, 43.820303863482316], [4.483705334554173, 43.82034323202696], [4.483722190284016, 43.82037616622841], [4.483743398827168, 43.820407754232505], [4.483747404495399, 43.82041248359644], [4.4837514565815315, 43.82041880433344], [4.485317298566518, 43.820397486933]], [[4.483730317560498, 43.819059711257424], [4.4837317689299425, 43.81906020353415], [4.483777971013128, 43.81907201765946], [4.483788865610319, 43.819073955433524], [4.483832527904161, 43.81908587049736], [4.483872548707932, 43.819095226466374], [4.483890588584394, 43.81909917201723], [4.483956821258687, 43.819112671512], [4.483969757930817, 43.81911517261114], [4.4840247136088625, 43.81912522532565], [4.484071703733879, 43.819132094809454], [4.484113230042819, 43.81913519540784], [4.484140120191415, 43.819138947339816], [4.484173850862186, 43.8191424169185], [4.484223820595468, 43.81914829506142], [4.4842276221260615, 43.81914863442186], [4.484122857233355, 43.81917086236252], [4.484077782361107, 43.81918215213145], [4.484034409124451, 43.8191965175167], [4.483993136749155, 43.81921382629371], [4.483954345124788, 43.81923391914565], [4.483947872081945, 43.819238004560724], [4.483906717387635, 43.8192438751467], [4.483852275404289, 43.81925361653172], [4.483804588056526, 43.819264009697804], [4.483783278799388, 43.819270398749914], [4.483786421836475, 43.819237765539434], [4.48378490536863, 43.81920176137137], [4.483778426713451, 43.81916604721704], [4.483767050757177, 43.81913098071672], [4.4837508914269115, 43.81909691302444], [4.483730317560498, 43.819059711257424]], [[4.48485727746849, 43.81824506347677], [4.484893367737245, 43.81826063559374], [4.484874832474268, 43.818274335238605], [4.484859538621851, 43.81826225468459], [4.4848227159520855, 43.818238420256684], [4.484820029615549, 43.81823700186544], [4.484842649276818, 43.81823814685626], [4.48484434239466, 43.818238111502154], [4.48485727746849, 43.81824506347677]]]}}, {"type": "Feature", "properties": {"zone": "manduel", "libelle": "Manduel", "tissu": "Bourg de plaine", "note": "Relev\u00e9 \u00e0 la main par le d\u00e9monstrateur (D24) : sert de corrig\u00e9 au protocole.", "maille": "3277_25214", "surf_zone_m2": 20361, "aires_connues": 0}, "geometry": {"type": "MultiPolygon", "coordinates": [[[[4.485317298566518, 43.820397486933], [4.4837514565815315, 43.82041880433344], [4.483762520293608, 43.820436062303926], [4.4837873303423, 43.820466521631474], [4.483816148456922, 43.82049507137987], [4.483816377088014, 43.8204952565761], [4.483817313771866, 43.82049796234306], [4.48383181735063, 43.8205324377838], [4.483851009553236, 43.8205656903532], [4.483856324893872, 43.82057280255697], [4.4838262999819145, 43.82058738730909], [4.4837895464381425, 43.82060919618757], [4.4837558365469405, 43.82063344611517], [4.483725478290293, 43.82065991554158], [4.483698749030359, 43.820688362638414], [4.483675892975373, 43.82071852750874], [4.483657118948384, 43.82075013456127], [4.483642598479232, 43.82078289502828], [4.4836324642372185, 43.820816509603695], [4.483626808818745, 43.82085067117755], [4.483625683901071, 43.820885067641896], [4.483629099769884, 43.8209193847421], [4.483635467199631, 43.820946639962074], [4.483629551852192, 43.82096359210638], [4.483622345510118, 43.82099783780337], [4.483619719051233, 43.82103242646569], [4.483621696808431, 43.82106703775528], [4.483628260473277, 43.82110135112394], [4.483648978751897, 43.821181173987355], [4.48365996926267, 43.8212146256663], [4.483675318047159, 43.821247165441044], [4.483694885052482, 43.8212784963807], [4.483718491732962, 43.82130833258477], [4.483745922679195, 43.82133640179196], [4.483776927583516, 43.82136244786485], [4.4838112235239995, 43.82138623312714], [4.4838484975460995, 43.82140754053269], [4.483888409518409, 43.821426175646124], [4.483930595236471, 43.82144196841719], [4.483974669746296, 43.82145477473264], [4.484020230857288, 43.82146447773138], [4.484066862812491, 43.82147098887079], [4.484114140082667, 43.82147424873493], [4.484161631249566, 43.82147422757652], [4.484208902942966, 43.821470925588706], [4.484255523795508, 43.82146437290306], [4.484301068379274, 43.821454629314694], [4.484368994883201, 43.82143750373626], [4.484389130407161, 43.82143163115668], [4.484418943960789, 43.82142903825159], [4.48446673165605, 43.82142137221549], [4.484549593504074, 43.82140494325905], [4.484596312263496, 43.82139385541888], [4.484641289983406, 43.82137948076875], [4.484684086795778, 43.82136195988871], [4.48472428416232, 43.821341464128075], [4.4847614889677665, 43.82131819392936], [4.484795337364491, 43.821292376868044], [4.484825498330823, 43.82126426542678], [4.484851676908271, 43.82123413452614], [4.484862335211361, 43.82121865937829], [4.4848777093377565, 43.82121547526833], [4.484954651982888, 43.821196588841964], [4.485187299740609, 43.821143114666526], [4.485206538104795, 43.82113792194908], [4.485235019313125, 43.82113220362968], [4.485335761799852, 43.82110807574924], [4.485317298566518, 43.820397486933]]], [[[4.482950814318728, 43.82165303760405], [4.483000127680211, 43.821645515430305], [4.483048135878612, 43.82163441726367], [4.483201200742982, 43.821592733103], [4.483246643155587, 43.821578448359716], [4.483289896381007, 43.821560960022815], [4.483330530926952, 43.82154044174757], [4.48336814330524, 43.82151709727556], [4.483402360038402, 43.8214911584116], [4.48343284136822, 43.82146288272184], [4.48345928462938, 43.82143255097606], [4.483481427254726, 43.82140046435968], [4.48349904938229, 43.821366941482815], [4.4835119760382165, 43.82133231521677], [4.48352007887391, 43.82129692938839], [4.483523277440165, 43.82126113536612], [4.483521539985659, 43.821225288570886], [4.483514883771852, 43.82118974494694], [4.4835033749012325, 43.821154857427516], [4.48348712766059, 43.82112097243038], [4.4834532306355435, 43.82106022994505], [4.483433176371433, 43.821028749534264], [4.483409032519697, 43.82099881192836], [4.48338102303537, 43.82097069481661], [4.4833494077284355, 43.82094465900172], [4.483314479853813, 43.82092094598079], [4.483276563391164, 43.82089977570533], [4.4832360100397946, 43.820881344541306], [4.483193195956468, 43.82086582344768], [4.483148518266423, 43.820853356390835], [4.4831023913799575, 43.82084405900922], [4.483055243148704, 43.82083801754089], [4.483007510897289, 43.82083528802357], [4.482959637367117, 43.82083589577492], [4.482912066609959, 43.820839835157734], [4.482865239869362, 43.82084706963222], [4.4828195914881235, 43.82085753209491], [4.482664042990135, 43.82089924949323], [4.48262032468414, 43.820912727776154], [4.4825785832201, 43.820929166409336], [4.482539199903908, 43.82094841522762], [4.482502534501044, 43.82097029839496], [4.482468921950212, 43.82099461601052], [4.482438669303717, 43.821021145934765], [4.482412052922515, 43.82104964581855], [4.482389315951607, 43.821079855316825], [4.4823706660987614, 43.82111149846697], [4.482356273736958, 43.8211442862094], [4.4823462703477945, 43.82117791902827], [4.482340747320165, 43.82121208968738], [4.482339755115143, 43.82124648603679], [4.482343302804729, 43.821280793864254], [4.482351357988675, 43.82131469976566], [4.482363847090174, 43.821347894007864], [4.482380656027705, 43.82138007335831], [4.482417037450227, 43.821440782402455], [4.482439414439168, 43.821473476276516], [4.482466247896035, 43.82150436195805], [4.482497262099901, 43.82153312208025], [4.4825321383690335, 43.821559461117104], [4.482570518335396, 43.82158310842027], [4.482612007627002, 43.821603821000025], [4.482656179920336, 43.82162138602245], [4.4827025813211305, 43.821635622996375], [4.482750735028556, 43.82164638562829], [4.482800146234813, 43.82165356332549], [4.482850307209827, 43.8216570823327], [4.482900702518764, 43.82165690648991], [4.482950814318728, 43.82165303760405]]]]}}, {"type": "Feature", "properties": {"zone": "manduel", "libelle": "Manduel", "tissu": "Bourg de plaine", "note": "Relev\u00e9 \u00e0 la main par le d\u00e9monstrateur (D24) : sert de corrig\u00e9 au protocole.", "maille": "3277_25216", "surf_zone_m2": 26044, "aires_connues": 0}, "geometry": {"type": "MultiPolygon", "coordinates": [[[[4.485472333209467, 43.8263637190149], [4.4854691448005894, 43.82636164166973], [4.485429924302846, 43.82634073034964], [4.485388065768661, 43.82632269772674], [4.485343970925288, 43.82630771686368], [4.485298062961216, 43.82629593153473], [4.485250782464898, 43.82628745484584], [4.485202583196531, 43.82628236814931], [4.485153927733444, 43.826280720263036], [4.485120601330884, 43.82628195805924], [4.485112917868179, 43.826280698122375], [4.485064818012925, 43.826276315389364], [4.485016357242877, 43.82627534484257], [4.484967996275051, 43.82627779570899], [4.4849201948777, 43.8262836446882], [4.484876861249949, 43.826290535114815], [4.484828736617744, 43.8263000422145], [4.4847821700423385, 43.82631299264256], [4.484737630263071, 43.826329256040346], [4.484695565618636, 43.82634866870084], [4.484656399534267, 43.82637103521637], [4.48462052625963, 43.8263961304456], [4.484595430980434, 43.82641760543575], [4.484585797496201, 43.82641783124889], [4.484536975356288, 43.82642250459004], [4.484468832679562, 43.826431532680374], [4.4844227722087115, 43.82643929035261], [4.484377938095826, 43.82645018102496], [4.484334735929399, 43.82646410617603], [4.484300956069329, 43.826477914991706], [4.484298063285501, 43.826471360073725], [4.484278906309061, 43.82643915886365], [4.484255513041766, 43.82640845968386], [4.4842281054264275, 43.82637955378297], [4.484196943489553, 43.826352715395984], [4.484162322874282, 43.82632819914268], [4.4841245720354905, 43.826306237612094], [4.484084049123654, 43.826287039156014], [4.4840411385870524, 43.826270785912335], [4.483996247524531, 43.82625763207735], [4.483949801823435, 43.8262477024427], [4.483902242119338, 43.826241091211756], [4.483901875705666, 43.82624106666821], [4.48389947449138, 43.826239950214415], [4.483854884693375, 43.82622354214384], [4.4838082434183155, 43.82621046058109], [4.483760022701224, 43.82620083791822], [4.4837107105610325, 43.82619477154146], [4.483660806061825, 43.826192322845536], [4.483610814262317, 43.82619351661249], [4.483591755890083, 43.826195371256325], [4.4835917483959395, 43.826195320646505], [4.483557841872069, 43.82619795222197], [4.4835336888732495, 43.82617625969934], [4.483499100651036, 43.82615082702763], [4.4834612035682895, 43.82612799922531], [4.483420370208766, 43.82610800072073], [4.483377002022508, 43.82609102812611], [4.483331525379121, 43.82607724830476], [4.4832843873761234, 43.82606679673067], [4.4832360514435345, 43.826059776156654], [4.483186992787981, 43.8260562556042], [4.483137693721006, 43.826056269684955], [4.483088638917591, 43.8260598182605], [4.4830130164560895, 43.82606804710679], [4.482965948979507, 43.826074865027984], [4.482920008936809, 43.826084937054695], [4.482875624497221, 43.82609816931405], [4.482833209332263, 43.826114438479316], [4.482793158760421, 43.82613359291917], [4.482755846062824, 43.826155454110825], [4.4827216190042645, 43.82617981830394], [4.482690796591981, 43.826206458419406], [4.482686500567559, 43.82621099786576], [4.482653106089489, 43.82622334928668], [4.482611898859197, 43.826242507049145], [4.4825734947218505, 43.82626450673332], [4.482538266252468, 43.8262891349129], [4.482506555219125, 43.82631615266138], [4.482478669267304, 43.82634529786985], [4.4824548789352265, 43.826376287789714], [4.482435415029105, 43.82640882177563], [4.482420466383801, 43.82644258420215], [4.482416314565108, 43.82645657243563], [4.482378760874371, 43.8264725118587], [4.482367263184525, 43.82647855776323], [4.482385656431526, 43.82718778940198], [4.4854926507446615, 43.82714551251012], [4.485492505768581, 43.82713993408517], [4.485490395889013, 43.82713980303053], [4.485489440372157, 43.82713981107448], [4.485442747574224, 43.82713245952609], [4.485409192567575, 43.82712962966905], [4.485449803064864, 43.82711421824563], [4.485490238322933, 43.82709503573694], [4.4854913225128366, 43.82709440444247], [4.485472333209467, 43.8263637190149]]], [[[4.482327323311055, 43.824938442695824], [4.482341847782188, 43.825498527934435], [4.482354419907316, 43.82548618077877], [4.482380037537569, 43.825454812081965], [4.482401143065028, 43.82542172890899], [4.482417520183745, 43.825387270334694], [4.482429001050967, 43.82535178953002], [4.482435468007058, 43.82531565014217], [4.482436854781047, 43.825279222567524], [4.48243314716946, 43.825242880155436], [4.4824243831815025, 43.82520699538166], [4.48240812365013, 43.825155715377214], [4.482428824807442, 43.825146619428025], [4.482466759194185, 43.82512614173673], [4.482501832903564, 43.825103145932275], [4.482533728247806, 43.82507784030665], [4.482562156329341, 43.82505045407353], [4.482586859657508, 43.82502123529196], [4.482607614480757, 43.824990448619474], [4.482624232813183, 43.82495837291474], [4.4826332139400575, 43.824934284376546], [4.482327323311055, 43.824938442695824]]]]}}, {"type": "Feature", "properties": {"zone": "manduel", "libelle": "Manduel", "tissu": "Bourg de plaine", "note": "Relev\u00e9 \u00e0 la main par le d\u00e9monstrateur (D24) : sert de corrig\u00e9 au protocole.", "maille": "3277_25217", "surf_zone_m2": 19606, "aires_connues": 0}, "geometry": {"type": "Polygon", "coordinates": [[[4.4854926507446615, 43.82714551251012], [4.482385656431526, 43.82718778940198], [4.482394692170653, 43.827536195292154], [4.482418755108768, 43.82753654018266], [4.482467744132252, 43.82753372959449], [4.482471834283705, 43.827533197004904], [4.482472154576985, 43.82753323667813], [4.4825204348787375, 43.827535759749324], [4.482568825270469, 43.827534872032885], [4.482616867098939, 43.82753058194277], [4.482713525893305, 43.82751846716248], [4.482760918371478, 43.82751078446888], [4.482807049431284, 43.827499791082765], [4.482851478936944, 43.82748559189213], [4.482893782988061, 43.827468322371544], [4.4829335579642065, 43.8274481472894], [4.482970424375973, 43.82742525913588], [4.4830040304857315, 43.82739987628628], [4.483034055663544, 43.8273722409174], [4.483038002929025, 43.82736777056136], [4.483031791518067, 43.827388754118545], [4.483026293983131, 43.82742379492938], [4.483025559165523, 43.82745905703117], [4.483029594127264, 43.82749420195664], [4.483036835312607, 43.82753370598588], [4.4830454608889765, 43.82756796078889], [4.483058617709899, 43.82760145199405], [4.483076182674868, 43.82763386622421], [4.483097991435605, 43.827664900178895], [4.48312383993363, 43.82769426347239], [4.483153486309441, 43.827721681350994], [4.483186653165436, 43.82774689726394], [4.483223030161449, 43.82776967526401], [4.483262276918556, 43.82778980221551], [4.483304026204043, 43.827807089788585], [4.483347887367677, 43.82782137622154], [4.483393449997168, 43.82783252783458], [4.48344028775858, 43.82784044028074], [4.483487962385775, 43.82784503952218], [4.483536027781521, 43.82784628252327], [4.483584034191915, 43.82784415765307], [4.483638624527203, 43.82783981478617], [4.483688080265186, 43.82783404246739], [4.4837364826906425, 43.82782469676876], [4.483783340480139, 43.82781187255678], [4.483802732314713, 43.82780487807282], [4.483813596707736, 43.827837896043235], [4.483829972103248, 43.827872029525984], [4.4838509919519005, 43.827904802493094], [4.483876444450475, 43.827935884700686], [4.483906073128001, 43.827964962941614], [4.4839395794299355, 43.82799174420167], [4.483953295313718, 43.82800070925935], [4.483954749934215, 43.82800173886145], [4.483959613850582, 43.82800591084222], [4.483993574305895, 43.82802995279483], [4.4840305487100025, 43.82805153902178], [4.484070199629391, 43.828070472522136], [4.48411216520294, 43.828086580504284], [4.484156062444419, 43.82809971596279], [4.48420149073782, 43.82810975902005], [4.484248035493627, 43.82811661802055], [4.484295271932643, 43.8281202303672], [4.484342768962842, 43.82812056309276], [4.484390093113836, 43.82811761316069], [4.484615795263546, 43.828095639705246], [4.4846633169364365, 43.82808929789258], [4.484688534973324, 43.82808405769874], [4.484708575542272, 43.82808533714614], [4.484756742719754, 43.82808502479874], [4.484804642111616, 43.828081339663896], [4.484859185833744, 43.828075196706884], [4.484907842880713, 43.82806789751911], [4.484955250567726, 43.82805711880682], [4.4850009353973475, 43.828042968225645], [4.485044441080601, 43.82802558710868], [4.485059173954367, 43.82801822354061], [4.485074209966456, 43.82801654962929], [4.485120250662413, 43.82800810472785], [4.48516496828305, 43.827996518064076], [4.48517223444925, 43.82799404633738], [4.485196016637838, 43.82799775887551], [4.485244563622578, 43.82800178512559], [4.4852934220728855, 43.82800234208351], [4.4853421200909915, 43.82799942436987], [4.485462415970619, 43.827987885278255], [4.485509462357417, 43.82798169327639], [4.485511072718615, 43.827981363025316], [4.485513953098944, 43.82796517806155], [4.4854926507446615, 43.82714551251012]], [[4.484059826497625, 43.8273605352953], [4.484057746013046, 43.82735310154869], [4.4840436173652485, 43.82731968454842], [4.484038915789885, 43.82731150096599], [4.484062205181581, 43.827298608986574], [4.484069290321624, 43.82729383696267], [4.484083297927212, 43.82730609798403], [4.484115754394329, 43.82733185794944], [4.484128039678146, 43.827339888188284], [4.484091605048606, 43.827349517590456], [4.484059826497625, 43.8273605352953]]]}}, {"type": "Feature", "properties": {"zone": "manduel", "libelle": "Manduel", "tissu": "Bourg de plaine", "note": "Relev\u00e9 \u00e0 la main par le d\u00e9monstrateur (D24) : sert de corrig\u00e9 au protocole.", "maille": "3278_25207", "surf_zone_m2": 20712, "aires_connues": 0}, "geometry": {"type": "Polygon", "coordinates": [[[4.487851926571486, 43.806862182507324], [4.487853933202661, 43.80686053216018], [4.487882341879511, 43.806831963317485], [4.487906760957926, 43.80680152126029], [4.48792695684518, 43.80676949720534], [4.487942736349707, 43.80673619750266], [4.487953948528987, 43.806701940704876], [4.487970874606908, 43.80663600632041], [4.4879721029382695, 43.806629468120924], [4.487975330505643, 43.80661910094818], [4.48798766176238, 43.80656763001446], [4.487993652382907, 43.80653236965271], [4.487994814365116, 43.80649685335487], [4.4879911363991045, 43.80646142708567], [4.487982654320852, 43.80642643593224], [4.487969450762799, 43.80639222074249], [4.487951654348601, 43.806359114805154], [4.487929438439898, 43.806327440603205], [4.487903019447345, 43.80629750667254], [4.487872654722344, 43.80626960459681], [4.487838640050041, 43.80624400616708], [4.487801306767994, 43.80622096073452], [4.487761018538596, 43.80620069278153], [4.487718167806702, 43.806183399735296], [4.487717330477999, 43.80618313642352], [4.487716475645985, 43.806181741908965], [4.487692766911116, 43.80615138392577], [4.487665112653111, 43.80612283018443], [4.487633772503741, 43.80609634875554], [4.487599040697764, 43.80607218825383], [4.487561243310476, 43.80605057550428], [4.487520735196407, 43.80603171341261], [4.487477896657884, 43.80601577906059], [4.48743312987474, 43.80600292204345], [4.48738685512867, 43.805993263065666], [4.48733950685771, 43.80598689280778], [4.487138905674823, 43.80596712829938], [4.487093561032057, 43.805964184569], [4.487081658521647, 43.80596380861755], [4.487003296131136, 43.80595489213328], [4.48695378183464, 43.80595108656754], [4.486903990248384, 43.80595088799883], [4.486854421085675, 43.80595429842001], [4.486810623155132, 43.805960561291954], [4.486793784952191, 43.80594926592952], [4.486755587357107, 43.80592821322845], [4.4867147637646045, 43.80590992723615], [4.486671694937066, 43.805894578505246], [4.486626782577048, 43.80588231019254], [4.486580445580753, 43.80587323672386], [4.486533116131178, 43.80586744272686], [4.486485235667352, 43.80586498224174], [4.48612467815374, 43.80585909739579], [4.486076045948906, 43.80586002831171], [4.486027772371263, 43.80586439805312], [4.4859803199105865, 43.80587216475532], [4.485934143190297, 43.805883254008684], [4.485889684612115, 43.805897559571555], [4.485847370117788, 43.80591494438799], [4.485807605108453, 43.80593524190081], [4.485770770560754, 43.805958257647205], [4.485737219376909, 43.805983771121745], [4.485707273003675, 43.80601153788889], [4.485681218352626, 43.806041291924686], [4.4856593050512386, 43.80607274816535], [4.485641743051123, 43.80610560523842], [4.48562870061632, 43.80613954834989], [4.485620885490873, 43.80617184399084], [4.485620091730903, 43.80617201543551], [4.485574591986002, 43.80618551456867], [4.485531156586805, 43.80620220349554], [4.485490210621017, 43.80622191888808], [4.4854521548143795, 43.80624446779912], [4.485417361608977, 43.80626962955076], [4.485386171518313, 43.80629715789378], [4.485358889794767, 43.80632678341764], [4.485335783442095, 43.80635821618692], [4.485317078602181, 43.80639114857879], [4.485302958341644, 43.8064252582935], [4.485293560859948, 43.80646021150856], [4.485288978136581, 43.80649566614578], [4.485275060218748, 43.8067253673697], [4.485275295486557, 43.806760422373856], [4.485280238075829, 43.806795294565106], [4.485289841116973, 43.80682965319711], [4.485304013537783, 43.806863172393804], [4.4853226209269215, 43.8068955342401], [4.48532345453663, 43.80689666065715], [4.487851926571486, 43.806862182507324]]]}}, {"type": "Feature", "properties": {"zone": "manduel", "libelle": "Manduel", "tissu": "Bourg de plaine", "note": "Relev\u00e9 \u00e0 la main par le d\u00e9monstrateur (D24) : sert de corrig\u00e9 au protocole.", "maille": "3278_25208", "surf_zone_m2": 35100, "aires_connues": 0}, "geometry": {"type": "MultiPolygon", "coordinates": [[[[4.48813114924795, 43.80910848869065], [4.488117272048938, 43.80857529841784], [4.48806311822187, 43.80857570232426], [4.488014616678679, 43.80857778387041], [4.487966627480562, 43.80858328478116], [4.487919609167767, 43.80859215249497], [4.487874011004177, 43.80860430228027], [4.4878302686847755, 43.80861961804499], [4.487788800172724, 43.808637953445846], [4.487750001705832, 43.80865913328646], [4.487714244010556, 43.808682955191415], [4.487681868759714, 43.80870919153986], [4.487653185307741, 43.80873759164029], [4.487632557749787, 43.80876287163297], [4.487619243835101, 43.80876912569574], [4.48758100481854, 43.80879124204627], [4.487545954287324, 43.80881597436596], [4.487514432010927, 43.80884308291024], [4.487486743558695, 43.80887230490001], [4.487463157337684, 43.80890335706886], [4.487443901990667, 43.808935938408894], [4.487429164179569, 43.80896973308844], [4.487419086775768, 43.80900441351358], [4.487413767474859, 43.80903964350364], [4.487413257849318, 43.80907508155003], [4.487415574117859, 43.80911825366277], [4.48813114924795, 43.80910848869065]]], [[[4.4850086505413245, 43.808516074801226], [4.485010127439766, 43.808516788451364], [4.485053187298637, 43.80853342802586], [4.485098293042296, 43.80854692903381], [4.485145009755862, 43.80855716129647], [4.485192886990409, 43.8085640261527], [4.485241463106487, 43.80856745741046], [4.485401068871691, 43.808573022904014], [4.485429589776157, 43.80859263644867], [4.4854670245842865, 43.808613846057504], [4.48549061295485, 43.80862475270218], [4.485501488077007, 43.808633606131075], [4.485536650010115, 43.80865720015908], [4.485574786836437, 43.80867823155162], [4.485615543849324, 43.80869650469602], [4.485658541970693, 43.80871184963399], [4.485703381276908, 43.80872412364222], [4.4857496447185845, 43.80873321256009], [4.4857969019997475, 43.808739031851474], [4.4858447135801995, 43.80874152739103], [4.486020031813626, 43.80874453816848], [4.486068269576461, 43.80874366988141], [4.4861161637721505, 43.80873941839314], [4.486163263024131, 43.80873182377163], [4.486209123448159, 43.808720957592094], [4.486253312835902, 43.80870692226233], [4.486295414728445, 43.80868985005758], [4.4863199775944596, 43.808677482214115], [4.486452710880872, 43.80868230643124], [4.486502181722518, 43.808682319288025], [4.486551409291424, 43.80867877070672], [4.4865999059225485, 43.808671695840836], [4.486647191192174, 43.80866116477641], [4.486692796677389, 43.80864728183778], [4.48673627059667, 43.80863018455395], [4.486777182285545, 43.80861004229624], [4.486815126463023, 43.80858705460017], [4.486849727246517, 43.808561449188886], [4.48688064187544, 43.80853347971708], [4.486907564106655, 43.80850342325804], [4.4869302272480756, 43.80847157755896], [4.48694840680042, 43.80843825809113], [4.486961922680919, 43.80840379492474], [4.48697064100698, 43.808368529459194], [4.486974475422137, 43.80833281104086], [4.486979662321555, 43.80819773327382], [4.486978665940891, 43.808162850323924], [4.4869730108163735, 43.80812820110443], [4.486962750088535, 43.80809411115848], [4.486955884436265, 43.80807867364192], [4.486972330951276, 43.80782353541831], [4.486984432297016, 43.80782443373935], [4.487033075223572, 43.80782458314755], [4.487081505365804, 43.807821288396696], [4.487129258859809, 43.807814581043914], [4.487175878322991, 43.80780452533227], [4.487220917235086, 43.807791217575385], [4.487263944215143, 43.80777478523488], [4.48730454715345, 43.80775538569953], [4.487342337158834, 43.80773320477764], [4.487376952283529, 43.80770845491733], [4.487408060989914, 43.807681373171654], [4.487435365325924, 43.807652218928006], [4.4874586037787205, 43.8076212714236], [4.487477553779297, 43.80758882707087], [4.48749203383402, 43.807555196618445], [4.487505935790691, 43.80751630493774], [4.487515867653582, 43.80748153033837], [4.487521019840005, 43.8074462162434], [4.487521342215372, 43.80741070634599], [4.487516831651149, 43.80737534624426], [4.487510131370935, 43.807350225471176], [4.4875240686350555, 43.80733467422703], [4.487545973081081, 43.80730422460733], [4.487563771938404, 43.807272402115004], [4.487577303276113, 43.80723949627809], [4.487586443990805, 43.80720580648064], [4.4875952593105435, 43.8071624839708], [4.487599989877194, 43.80712738824343], [4.487599956024441, 43.80709212570979], [4.487598939301296, 43.807084689653216], [4.487599628706799, 43.80708393215972], [4.487622766031905, 43.80705193090049], [4.48764135799546, 43.80701841134822], [4.48765521736757, 43.80698371107543], [4.4876593416551165, 43.806967405442364], [4.487662738381025, 43.80696648064669], [4.487706353255697, 43.806950931730974], [4.487747662071913, 43.80693237151292], [4.487786269658632, 43.80691097754572], [4.487821806686833, 43.80688695449084], [4.487851926571486, 43.806862182507324], [4.48532345453663, 43.80689666065715], [4.485345486808467, 43.806926431797415], [4.485372394315477, 43.80695557201479], [4.485403088246686, 43.80698267850855], [4.485411169853072, 43.806988544407155], [4.485409978628886, 43.806995550826706], [4.485388209546486, 43.80721005833477], [4.4853870275641095, 43.80724543088971], [4.485390646695835, 43.80728071659244], [4.485399031980418, 43.807315574492755], [4.485412102403023, 43.80734966777353], [4.485429731677711, 43.80738266700516], [4.485451749467389, 43.807414253328886], [4.485477943029445, 43.807444121537735], [4.485508059271185, 43.80747198302577], [4.4855418071952045, 43.80749756857693], [4.485574134369773, 43.80751768925734], [4.485572183073898, 43.80751935195499], [4.485543914333976, 43.80754900196261], [4.485519880263153, 43.80758055010612], [4.485500321682618, 43.80761368028287], [4.485485434571603, 43.807648060538234], [4.485475368103434, 43.80768334639148], [4.4854702231505525, 43.80771918428736], [4.485467071314591, 43.8077617882831], [4.485296432810211, 43.80775562120282], [4.485247630432429, 43.80775559462146], [4.485199059692166, 43.80775903413137], [4.4851511888304865, 43.8077659065743], [4.485104479341724, 43.80777614569727], [4.485059381524732, 43.80778965279109], [4.485016330142023, 43.807806297641996], [4.484990540173112, 43.8078187651394], [4.4850086505413245, 43.808516074801226]]]]}}, {"type": "Feature", "properties": {"zone": "manduel", "libelle": "Manduel", "tissu": "Bourg de plaine", "note": "Relev\u00e9 \u00e0 la main par le d\u00e9monstrateur (D24) : sert de corrig\u00e9 au protocole.", "maille": "3278_25210", "surf_zone_m2": 29856, "aires_connues": 0}, "geometry": {"type": "MultiPolygon", "coordinates": [[[[4.488248244405809, 43.813607134484236], [4.4882192158199565, 43.81249195825986], [4.48819190601147, 43.81248601774579], [4.488143297337256, 43.8124791696796], [4.488093988943459, 43.812475857873366], [4.488044470184563, 43.81247611519465], [4.487995232502673, 43.8124799390897], [4.487946764550546, 43.812487291608825], [4.487899547342285, 43.81249809978295], [4.48785404947982, 43.812512256347844], [4.487810722502558, 43.81252962080851], [4.487769996406294, 43.8125500208334], [4.48773227537591, 43.812573253964736], [4.487697933774132, 43.81259908962761], [4.487667312426222, 43.81262727141816], [4.4876407152374185, 43.812657519648184], [4.4876184061767335, 43.81268953412081], [4.487600606657022, 43.81272299710961], [4.487584148301495, 43.812759223643546], [4.4875770973459135, 43.81277767420564], [4.487571157880993, 43.812777530990004], [4.48752348102436, 43.81277970386313], [4.4874763123655175, 43.812785180779414], [4.487430087538774, 43.81279391115589], [4.487385233462003, 43.81280581436174], [4.48731124612548, 43.81282842485263], [4.487266333241724, 43.812844116151766], [4.487223817407981, 43.81286298706259], [4.487198859392205, 43.81287673322198], [4.487162223930974, 43.81288051692598], [4.487159869758836, 43.812879972454404], [4.487113350933435, 43.812872674301175], [4.487066081431119, 43.81286863148449], [4.487018494657383, 43.81286788107215], [4.4869710269265655, 43.81287042994457], [4.486935065029051, 43.81287362053887], [4.486886689856027, 43.81287968112721], [4.486839376187646, 43.81288916764061], [4.486793585528481, 43.81290198754644], [4.4867497645282555, 43.812918015797585], [4.486708340625343, 43.812937096052174], [4.486669717877606, 43.81295904219853], [4.486634273021248, 43.81298364017038], [4.486602351796076, 43.81301065003478], [4.48657426557308, 43.81303980833242], [4.4865502883171535, 43.81307083064734], [4.486530653914649, 43.81310341438106], [4.48651555389178, 43.81313724170416], [4.486505135546184, 43.813171982656336], [4.486499500509848, 43.81320729836489], [4.486498703757444, 43.81324284435015], [4.486502753069741, 43.813278273885594], [4.486509994854295, 43.81331777733336], [4.486518791524223, 43.81335256208191], [4.4865322593149575, 43.813386553916345], [4.486550268246925, 43.813419424755864], [4.486572644509756, 43.813450857338694], [4.486599172139598, 43.81348054828421], [4.486629595103332, 43.81350821102129], [4.486663619769603, 43.81353357855423], [4.486700917742768, 43.813556406039865], [4.486704370001953, 43.81355812886235], [4.486686443115244, 43.81355700806269], [4.4866381091806975, 43.81355739841802], [4.486590056112409, 43.81356118628407], [4.486542738274369, 43.81356833584483], [4.486496603079016, 43.81357877949797], [4.486452086756956, 43.813592418493904], [4.486335081043673, 43.81363323169874], [4.488248244405809, 43.813607134484236]]], [[[4.4859149703876975, 43.81138883541538], [4.4859039891557835, 43.81147231278072], [4.4859017510752475, 43.81150748073606], [4.4859042678151955, 43.811542638812305], [4.485911515309897, 43.81157745069678], [4.48592342424019, 43.81161158338773], [4.485939880696268, 43.81164471037983], [4.4859607272670035, 43.81167651478738], [4.485985764545445, 43.81170669237578], [4.4860147530360805, 43.811734954471746], [4.486047415445619, 43.81176103072481], [4.4860834393354185, 43.81178467169353], [4.486122480110139, 43.811805651231744], [4.486163388529229, 43.81182343146878], [4.486149365660329, 43.81184503461608], [4.48613334701248, 43.811877440136634], [4.486129915055422, 43.81188725120932], [4.48612502838249, 43.81189075538499], [4.486093098071155, 43.811918814026356], [4.486065239375793, 43.81194906207725], [4.486052481164497, 43.81196650281021], [4.486037828922319, 43.811982376504034], [4.4860143403984845, 43.812014382016976], [4.485995415595137, 43.81204793578556], [4.48598124639375, 43.812082697617605], [4.4859719764609265, 43.81211831507204], [4.485967699791484, 43.81215442703215], [4.485966080071468, 43.812187750913075], [4.485966696347189, 43.812222348773375], [4.4859718970853875, 43.81225674394359], [4.4859816342393, 43.81229061861133], [4.485995817845139, 43.81232365977309], [4.486006661147606, 43.81234235953006], [4.486007063314292, 43.812357832700876], [4.486010525997158, 43.81239400595038], [4.486018996753252, 43.81242974339693], [4.486032389634698, 43.81246468239409], [4.486050568745603, 43.81249846839702], [4.486073349620726, 43.8125307585603], [4.486077768646305, 43.81253571714913], [4.486078404341008, 43.81253709142225], [4.486098065077117, 43.81256895439029], [4.486121894483685, 43.81259928887615], [4.486149668567958, 43.81262780973202], [4.4861811262556, 43.81265424885802], [4.486215971844701, 43.81267835772246], [4.4862538777853285, 43.812699909698104], [4.486294487758527, 43.812718702192676], [4.486337420025801, 43.81273455855328], [4.486382271017594, 43.81274732972708], [4.486428619127054, 43.81275689566251], [4.486476028673375, 43.8127631664378], [4.486524053997487, 43.81276608310634], [4.486570072691978, 43.81276725577511], [4.486619554970393, 43.81276673173797], [4.486668720066472, 43.81276264739813], [4.486717080674342, 43.81275504323804], [4.486764157462358, 43.81274399462731], [4.4868094838243024, 43.81272961107561], [4.486852610504416, 43.81271203514721], [4.486893110050421, 43.81269144104778], [4.4869305810503715, 43.81266803289778], [4.48696465211136, 43.81264204270911], [4.48699498554059, 43.812613728085395], [4.4870212806924, 43.81258336966867], [4.487028059346354, 43.81257347691287], [4.487067821718789, 43.812565758239316], [4.487113197232761, 43.81255341025242], [4.487156696099122, 43.81253792053054], [4.48719790465697, 43.81251943637684], [4.48723643102669, 43.812498133570664], [4.4872719088367035, 43.81247421469567], [4.4873040007075975, 43.8124479072134], [4.487332401460479, 43.81241946129995], [4.487356841019058, 43.81238914746692], [4.487377086977846, 43.8123572539887], [4.48739294681208, 43.8123240841611], [4.487404269708336, 43.81228995341697], [4.487410947998436, 43.81225518632661], [4.487416083629028, 43.81221371400393], [4.487418036721889, 43.81217738688031], [4.487414919727011, 43.81214110237404], [4.487406764448856, 43.81210523060484], [4.487393654084465, 43.812070137481584], [4.487375722374442, 43.81203618096988], [4.487371438082056, 43.81203001680578], [4.487376044529615, 43.81202785575883], [4.487413737263883, 43.81200615207924], [4.487448352892563, 43.81198190901587], [4.487479566527593, 43.81195535410711], [4.487507085212238, 43.81192673658936], [4.487530650670614, 43.811896325057646], [4.487550041731635, 43.811864404944544], [4.487565076404675, 43.81183127584123], [4.487575613587439, 43.81179724868546], [4.487581554390032, 43.811762642843185], [4.48758652598482, 43.81171487241886], [4.487587785958861, 43.811679107539206], [4.487584136965643, 43.811643428740936], [4.487575615061409, 43.81160818848233], [4.487562304439783, 43.81157373488876], [4.487544336599727, 43.811540408313775], [4.4875218890461825, 43.811508537977026], [4.487495183536298, 43.8114784387119], [4.48746448388856, 43.81145040785575], [4.487430093376457, 43.81142472231251], [4.487392351732472, 43.811401635817504], [4.487351631791966, 43.81138137643101], [4.487322164036573, 43.811369648032624], [4.4859149703876975, 43.81138883541538]]]]}}, {"type": "Feature", "properties": {"zone": "manduel", "libelle": "Manduel", "tissu": "Bourg de plaine", "note": "Relev\u00e9 \u00e0 la main par le d\u00e9monstrateur (D24) : sert de corrig\u00e9 au protocole.", "maille": "3278_25211", "surf_zone_m2": 47194, "aires_connues": 0}, "geometry": {"type": "Polygon", "coordinates": [[[4.488248244405809, 43.813607134484236], [4.486335081043673, 43.81363323169874], [4.486317823565388, 43.81363925132948], [4.486275406876054, 43.813655930287354], [4.4862354239840805, 43.813675509498914], [4.4861982518554395, 43.8136978043692], [4.486164240957081, 43.813722604699485], [4.486133711952709, 43.81374967666899], [4.4861069526794655, 43.81377876503925], [4.486084215434072, 43.8138095955605], [4.4860657145939795, 43.81384187755715], [4.48605289316603, 43.81387229693441], [4.486002066808222, 43.813878670363245], [4.485953150208992, 43.813886670093595], [4.485889797620687, 43.81389469310353], [4.485842238134149, 43.81390247389976], [4.4857959601038075, 43.81391359119778], [4.485751408766005, 43.8139279380394], [4.485709012745647, 43.813945376395374], [4.485669179932604, 43.81396573849319], [4.485632293557552, 43.81398882843114], [4.485598708505011, 43.81401442406293], [4.485568747899023, 43.81404227913494], [4.4855426999943475, 43.81407212565521], [4.485520815403057, 43.81410367647178], [4.485509797528973, 43.81412440984328], [4.485490112567155, 43.814121169660424], [4.48544020137473, 43.81411672698708], [4.485389925714465, 43.81411595851089], [4.48533980008313, 43.81411887209601], [4.485230720329274, 43.814129254911755], [4.48519727113383, 43.814132311845725], [4.485154670658916, 43.81413772678634], [4.48518364636594, 43.815253138096615], [4.485203160071222, 43.81525801244201], [4.4852519917199825, 43.81526633710939], [4.485301733437685, 43.815271055508916], [4.485351878622841, 43.8152721195853], [4.4854019165645616, 43.8152695185013], [4.485569331970645, 43.815254636940104], [4.485616689195608, 43.81524873283599], [4.485663037863198, 43.81523954525555], [4.485684315392093, 43.81523367698588], [4.485666751442554, 43.81524927053724], [4.485640220079022, 43.81527809316663], [4.485616117467059, 43.81530722318587], [4.485593167113658, 43.81533832063835], [4.485574528549174, 43.815370894803586], [4.485560380619028, 43.815404633130996], [4.485555850354477, 43.81542108541283], [4.485535394158961, 43.81543962266314], [4.485508813098882, 43.8154692616702], [4.485447407119856, 43.81554570250163], [4.485424777830197, 43.815577387632324], [4.48540659065823, 43.81561053901638], [4.485393024220196, 43.81564483108845], [4.485389322461164, 43.815659573495516], [4.485369457517155, 43.8156743070359], [4.4853394230350965, 43.815701371493475], [4.4853131292173565, 43.81573040532246], [4.485251699321636, 43.815805946323906], [4.485229304821671, 43.81583681310805], [4.485211139636854, 43.815869103984284], [4.485200329787124, 43.81589534209147], [4.48520042010892, 43.81589881885889], [4.487993556104334, 43.81586073730243], [4.487982794597867, 43.815829501338776], [4.487966008762244, 43.81579562661411], [4.487944635343997, 43.815763134931835], [4.487922739267492, 43.81573373204063], [4.487897715187449, 43.815703724855645], [4.487868778965506, 43.8156756224419], [4.487836205020843, 43.8156496913056], [4.48780030226934, 43.81562617736151], [4.487761411193948, 43.81560530360093], [4.487719900615742, 43.81558726797711], [4.487704690924711, 43.815582042411684], [4.487697104652374, 43.815554545392956], [4.487683392566613, 43.815521608087266], [4.487671577535301, 43.81549746791284], [4.487648749973198, 43.81545833219421], [4.487607396639165, 43.81539769293243], [4.48760046288052, 43.81538790510189], [4.487561805424254, 43.815335329504485], [4.48753710796926, 43.81530534302096], [4.487513792060356, 43.81528241889514], [4.487504728847761, 43.81526140283059], [4.487486226831107, 43.81522959145581], [4.487446116370781, 43.81516893519049], [4.487422786428501, 43.81513770894883], [4.487395321816696, 43.815108298784956], [4.487395174478115, 43.8151081703698], [4.487394832860493, 43.81510758177327], [4.487301672126251, 43.814966644571804], [4.487278341322027, 43.81493540654036], [4.487250873053911, 43.8149059853031], [4.487219534702347, 43.814878667244244], [4.487184631317619, 43.81485371827548], [4.487146502650409, 43.81483138124757], [4.487105519844653, 43.814811873586684], [4.4870620818248925, 43.81479538517797], [4.487016611413257, 43.81478207651743], [4.48696955121391, 43.81477207714971], [4.486921359304963, 43.81476548440719], [4.486872504779828, 43.81476236246262], [4.48682346318136, 43.81476274170457], [4.486774711873264, 43.814766618441524], [4.486738817470618, 43.81477210622188], [4.486718025075003, 43.814766054131056], [4.486670512735616, 43.81475606278543], [4.486621864143453, 43.81474954086228], [4.486572561195343, 43.81474655296553], [4.486570973431283, 43.814746571444516], [4.486553022409824, 43.81474383290575], [4.4865039293772355, 43.814739969199856], [4.48645454918116, 43.81473965163615], [4.486405369124552, 43.81474288334846], [4.486356874535417, 43.81474963244501], [4.486309543977682, 43.81475983232311], [4.486263844528784, 43.81477338232639], [4.486220227170578, 43.81479014873808], [4.486179122339053, 43.81480996610041], [4.486140935676739, 43.81483263884747], [4.486106044029742, 43.81485794323494], [4.486074791728872, 43.81488562954806], [4.486047487191591, 43.81491542456574], [4.486039872890825, 43.81492470292735], [4.4860012258689315, 43.81494351879804], [4.48600363299346, 43.814931422879326], [4.486005862343114, 43.81489666405548], [4.486003446441607, 43.81486191176928], [4.485997307024546, 43.8148169929261], [4.485993807257313, 43.81480002567399], [4.4860121588851944, 43.814799412096704], [4.486061669859641, 43.814794108500124], [4.486212743725962, 43.81477224825451], [4.486258968604923, 43.81476387311351], [4.486303873700445, 43.81475233162031], [4.486347046401864, 43.81473772982422], [4.486388090017489, 43.814720201894254], [4.486426627419738, 43.81469990888605], [4.486462304510472, 43.81467703726204], [4.486494793474668, 43.81465179717805], [4.486523795792545, 43.81462442055222], [4.486549044982436, 43.81459515893383], [4.48657030904926, 43.814564281192055], [4.486587392616026, 43.814532071045186], [4.486600138718856, 43.81449882445379], [4.486606325030547, 43.814473473801314], [4.486614138814043, 43.814462442195946], [4.486629971054723, 43.814467532781265], [4.486676875906162, 43.814478731261794], [4.486725083882092, 43.8144865040916], [4.486774119101853, 43.814490774541774], [4.48682349751826, 43.81449150045691], [4.486872731696096, 43.81448867467114], [4.4869213356240705, 43.81448232507906], [4.486968829512697, 43.81447251436016], [4.487014744530754, 43.814459339360184], [4.487151540924192, 43.81441427121026], [4.48719568795126, 43.814397750688414], [4.4872373364666265, 43.81437812094636], [4.487276070246715, 43.81435557815963], [4.487311502198498, 43.81433034761591], [4.487332495358871, 43.814312069692], [4.487340331098865, 43.81431963049079], [4.4873737572395545, 43.81434596872865], [4.487410628471919, 43.8143697745302], [4.487450580670973, 43.81439081279644], [4.487494992761616, 43.81441183893666], [4.4875085368223955, 43.81443068731725], [4.487534314776074, 43.81445948165348], [4.487563762160275, 43.81448636766749], [4.48759661135336, 43.814511101011064], [4.487632563815863, 43.81453345689979], [4.487671292803672, 43.81455323215604], [4.487676805532053, 43.81455551139118], [4.487690904459296, 43.81458101108196], [4.487712999403789, 43.81461192624661], [4.487751539442537, 43.814660003111015], [4.48777837694728, 43.81468995447752], [4.487809180121942, 43.81471783329746], [4.487843645915605, 43.81474336528547], [4.487881435241382, 43.81476629924508], [4.487922176312452, 43.81478640954022], [4.4879654682999055, 43.814803498315285], [4.488010885276375, 43.81481739744175], [4.488057980406657, 43.81482797017247], [4.4881062903440965, 43.81483511248711], [4.488138478179227, 43.81483750224427], [4.488146851436111, 43.814852888663744], [4.488168691481062, 43.81488386550473], [4.488194558238731, 43.81491317145443], [4.488219260932773, 43.81493596594119], [4.488224252390152, 43.81496733842791], [4.488234647612576, 43.81500206490868], [4.488249720523045, 43.81503588004339], [4.4882693242500284, 43.8150684543166], [4.488286876869154, 43.81509119165443], [4.488248244405809, 43.813607134484236]], [[4.48719029846708, 43.81370080634226], [4.48720938919919, 43.81369946016925], [4.487395320055372, 43.81367982294621], [4.487443899696219, 43.81367288747572], [4.4874461302548845, 43.81367239788744], [4.4874797640795085, 43.813675367815144], [4.487478692131753, 43.81369531045172], [4.487481489470993, 43.81373014769776], [4.487482830154065, 43.81373635825431], [4.487476250867624, 43.813739822011314], [4.487439832292752, 43.8137632665542], [4.487406758674862, 43.81378918051765], [4.487377347841383, 43.81381731488022], [4.487342166080799, 43.81385463953165], [4.487316938508847, 43.81381742683295], [4.487293766176313, 43.81378704319662], [4.48726666035985, 43.813758416923136], [4.487235873091497, 43.81373181417576], [4.487201690631759, 43.81370748230292], [4.48719029846708, 43.81370080634226]]]}}, {"type": "Feature", "properties": {"zone": "manduel", "libelle": "Manduel", "tissu": "Bourg de plaine", "note": "Relev\u00e9 \u00e0 la main par le d\u00e9monstrateur (D24) : sert de corrig\u00e9 au protocole.", "maille": "3278_25212", "surf_zone_m2": 59886, "aires_connues": 0}, "geometry": {"type": "Polygon", "coordinates": [[[4.485258857038631, 43.81814815132935], [4.488365357990445, 43.818105792836725], [4.488318797448795, 43.81631735626888], [4.488311711610667, 43.816308430156006], [4.488296306654916, 43.81629111529244], [4.488282688859448, 43.81626870861632], [4.488258397318187, 43.816237555888826], [4.488232773223873, 43.81620820393067], [4.488204834339075, 43.81617941841232], [4.488201923874304, 43.81617696844373], [4.488199487739757, 43.81617377216712], [4.48815461641938, 43.81612128154973], [4.488127270935453, 43.8160925118553], [4.488113251841469, 43.81608045654658], [4.488111147602509, 43.81607688836761], [4.488087797608212, 43.81604603812104], [4.488003387335463, 43.815946399243714], [4.488004187426385, 43.81593598879086], [4.488001979831002, 43.81590003497009], [4.487994825044268, 43.81586442047979], [4.487993556104334, 43.81586073730243], [4.48520042010892, 43.81589881885889], [4.4852130244215935, 43.816383994058974], [4.485221629264035, 43.81639447092689], [4.485251031110022, 43.816423297980485], [4.485284245870981, 43.81644986523817], [4.485320944332397, 43.81647390936926], [4.485360762748455, 43.81649519205163], [4.485403306447417, 43.816513502333954], [4.485454089319005, 43.81653294978708], [4.485459515061399, 43.81654873595644], [4.485475553436448, 43.81658150894514], [4.485495883843607, 43.81661300857239], [4.485520316596323, 43.816642940929825], [4.485551026667972, 43.816676724481006], [4.485579462555362, 43.816704925779575], [4.485611538348942, 43.816730999359656], [4.48564695221043, 43.81675469986078], [4.4856815866036746, 43.81677372544764], [4.4857510125100735, 43.81684989095655], [4.485779780990892, 43.816878319885696], [4.485809098726691, 43.816902026326694], [4.485811232253211, 43.81691095909621], [4.485814401169178, 43.81691915136602], [4.485806127658025, 43.81692271374233], [4.485766063069402, 43.81694416707679], [4.485729165826516, 43.81696841687364], [4.485717376330635, 43.816977889213575], [4.485712477415972, 43.81698004892213], [4.485672643581162, 43.81700185721898], [4.48563603244962, 43.81702644927189], [4.48560301347744, 43.81705357691664], [4.48560253548035, 43.81705405977523], [4.485570741250311, 43.81703745687902], [4.485528775715042, 43.8170197714413], [4.485484627584943, 43.817005134805704], [4.485438718039973, 43.81699368660738], [4.485382474831819, 43.816981852080055], [4.485334434030592, 43.81697359248737], [4.4852854986155, 43.816968824457454], [4.485236151351781, 43.81696759502856], [4.4852281957420574, 43.816967969832355], [4.485258857038631, 43.81814815132935]]]}}, {"type": "Feature", "properties": {"zone": "manduel", "libelle": "Manduel", "tissu": "Bourg de plaine", "note": "Relev\u00e9 \u00e0 la main par le d\u00e9monstrateur (D24) : sert de corrig\u00e9 au protocole.", "maille": "3278_25213", "surf_zone_m2": 62483, "aires_connues": 0}, "geometry": {"type": "Polygon", "coordinates": [[[4.488423921694165, 43.8203551267143], [4.488365357990445, 43.818105792836725], [4.485258857038631, 43.81814815132935], [4.485317298566518, 43.820397486933], [4.48736867569099, 43.82036952540484], [4.487387714993741, 43.82036216722654], [4.487469644732219, 43.82033277553892], [4.48746978991292, 43.82033271693107], [4.487472608889684, 43.820356664229536], [4.487475549693351, 43.82036806758838], [4.488423921694165, 43.8203551267143]]]}}, {"type": "Feature", "properties": {"zone": "manduel", "libelle": "Manduel", "tissu": "Bourg de plaine", "note": "Relev\u00e9 \u00e0 la main par le d\u00e9monstrateur (D24) : sert de corrig\u00e9 au protocole.", "maille": "3278_25214", "surf_zone_m2": 16762, "aires_connues": 0}, "geometry": {"type": "MultiPolygon", "coordinates": [[[[4.488423921694165, 43.8203551267143], [4.487475549693351, 43.82036806758838], [4.487481691250309, 43.82039188228083], [4.487495563868208, 43.82042627218554], [4.487514089324709, 43.82045949326479], [4.487618814250811, 43.82062329913957], [4.487645797122901, 43.82066575784388], [4.487668373944471, 43.82069712575365], [4.487695093869006, 43.82072673783514], [4.487725698885814, 43.820754308143634], [4.487759893467121, 43.820779570450114], [4.487797347421698, 43.820802280812124], [4.487837672000893, 43.82082220654717], [4.487841401167075, 43.82082881415738], [4.487856945349815, 43.820852903527964], [4.487857364367275, 43.82085347836868], [4.487857697977519, 43.82085406450357], [4.487903017690012, 43.820923650355944], [4.487925786811924, 43.820954605197564], [4.487952608418987, 43.820983808793784], [4.487983227901746, 43.82101098391703], [4.488017354596565, 43.8210358725954], [4.488054664544795, 43.82105823856188], [4.488094803568039, 43.82107786949706], [4.488113516749949, 43.82108521184305], [4.488116647421686, 43.82109812479096], [4.488129573343369, 43.82113181630949], [4.488146953284753, 43.821164440789985], [4.48822226036306, 43.821287620555104], [4.488223224159458, 43.82128900977705], [4.488223996283932, 43.821290427533214], [4.488312198909457, 43.82143143234635], [4.4883346363326595, 43.82146304784424], [4.488361271041732, 43.82149290694806], [4.488391843321296, 43.82152071849408], [4.488426055058447, 43.82154621128441], [4.488455401556519, 43.82156414371746], [4.488423921694165, 43.8203551267143]]], [[[4.488380155270695, 43.82260586051485], [4.488276599480386, 43.822425719469415], [4.48825560062595, 43.82239372632827], [4.488230360373913, 43.82236338239555], [4.488201123146566, 43.822334981508824], [4.4881681720699556, 43.822308798689484], [4.488131826232068, 43.82228508747989], [4.488092437592873, 43.822264077488065], [4.4880503875760915, 43.822245972164524], [4.488006083375714, 43.82223094683227], [4.487959954013045, 43.82221914698894], [4.4879124461824125, 43.8222106868982], [4.48786401992581, 43.82220564848317], [4.4878151441783025, 43.82220408053321], [4.487766292227348, 43.82220599823157], [4.487717937129982, 43.82221138300822], [4.487670547132237, 43.82222018271979], [4.487624581135138, 43.82223231215449], [4.48660213630077, 43.82254417359759], [4.486558412270302, 43.822559368357005], [4.486516941128709, 43.82257757534318], [4.486478117530958, 43.8225986212928], [4.486442310938303, 43.82262230592572], [4.486429680058641, 43.822632464684055], [4.488380155270695, 43.82260586051485]]], [[[4.485317298566518, 43.820397486933], [4.485335761799852, 43.82110807574924], [4.485517929795571, 43.82106444612794], [4.485562695280927, 43.82105195952291], [4.485587980943667, 43.821042791691426], [4.485606584799792, 43.82103816758018], [4.4858385452152785, 43.82097110335611], [4.485882630602501, 43.82095651513417], [4.485924544334724, 43.820938887843646], [4.485942186946227, 43.820929695708614], [4.485960860208695, 43.820921444953804], [4.486000142027863, 43.8208999581422], [4.486036296056479, 43.82087576364206], [4.486047245742794, 43.82086682708651], [4.486052597801351, 43.8208659629333], [4.486098652243533, 43.8208550257027], [4.486143016842541, 43.82084089339041], [4.486246464549991, 43.82080348133684], [4.486289183007073, 43.82078607632616], [4.486295310516993, 43.8207829676133], [4.486323702201504, 43.820773352363204], [4.486416078642937, 43.82073787847863], [4.486438884872248, 43.820732304964594], [4.486483179491662, 43.82071785638757], [4.486579217613219, 43.82068234512856], [4.486584727485344, 43.82068005261453], [4.486592352257374, 43.820678024453386], [4.4866515777486775, 43.82065901474166], [4.486745130357472, 43.82062353722106], [4.4867864839886265, 43.82060596487245], [4.486823429296057, 43.82058657531138], [4.486909890874146, 43.820553786679994], [4.486922200089853, 43.8205489575558], [4.486956643322364, 43.82053498708034], [4.4869821862799455, 43.820523421803344], [4.487066198169605, 43.82049347481212], [4.487093316676135, 43.82048257560589], [4.487114344964919, 43.82047632203196], [4.487145579605764, 43.82046610852657], [4.487250268629299, 43.82042867858235], [4.487293033657412, 43.82041144307647], [4.48733325072267, 43.82039124641457], [4.487368244790571, 43.82036969193619], [4.48736867569099, 43.82036952540484], [4.485317298566518, 43.820397486933]]]]}}, {"type": "Feature", "properties": {"zone": "manduel", "libelle": "Manduel", "tissu": "Bourg de plaine", "note": "Relev\u00e9 \u00e0 la main par le d\u00e9monstrateur (D24) : sert de corrig\u00e9 au protocole.", "maille": "3278_25215", "surf_zone_m2": 22415, "aires_connues": 0}, "geometry": {"type": "Polygon", "coordinates": [[[4.48848385055848, 43.82265671415273], [4.4884214382840755, 43.822677634213065], [4.488419437975848, 43.82267419464354], [4.488380155270695, 43.82260586051485], [4.486429680058641, 43.822632464684055], [4.486409862102411, 43.82264840385107], [4.486381079822647, 43.82267666671184], [4.486356238007348, 43.82270682554848], [4.486335573067091, 43.82273859335806], [4.486319281664739, 43.822771667825634], [4.486307518843693, 43.82280573420099], [4.486300396552176, 43.822840468293926], [4.486297982577585, 43.82287553955937], [4.486300299901079, 43.82291061424291], [4.486307326478554, 43.82294535855695], [4.486318995450095, 43.822979441857285], [4.48633519577593, 43.823012539789595], [4.486474551362212, 43.8232584354581], [4.486573770593828, 43.82344096091507], [4.486574713092948, 43.82344247022155], [4.486575480832175, 43.82344406473408], [4.486764543835732, 43.82378260825741], [4.48678511201228, 43.82381478083139], [4.486809951689238, 43.82384533250703], [4.486838821926093, 43.823873966930144], [4.486871442684286, 43.82390040634365], [4.486907497543486, 43.823924394281924], [4.486946636770826, 43.82394569805866], [4.486988480713345, 43.823964111024], [4.4870326234807125, 43.82397945456924], [4.487078636882525, 43.823991579859374], [4.487126074581972, 43.82400036927696], [4.487174476425561, 43.824005737563], [4.487223372906916, 43.82400763264417], [4.48727228972132, 43.824006036137796], [4.487320752366801, 43.824000963530295], [4.487368290747167, 43.82399246402692], [4.487414443732246, 43.823980620074394], [4.488347609268363, 43.823702979621345], [4.488350145043764, 43.82370357381394], [4.48839814116571, 43.82371113219037], [4.4884469331906445, 43.82371522479552], [4.488496044881622, 43.8237158116833], [4.4885114050964106, 43.82371489401454], [4.48848385055848, 43.82265671415273]]]}}, {"type": "Feature", "properties": {"zone": "manduel", "libelle": "Manduel", "tissu": "Bourg de plaine", "note": "Relev\u00e9 \u00e0 la main par le d\u00e9monstrateur (D24) : sert de corrig\u00e9 au protocole.", "maille": "3279_25208", "surf_zone_m2": 23895, "aires_connues": 0}, "geometry": {"type": "MultiPolygon", "coordinates": [[[[4.491237156986878, 43.80906604862513], [4.491210160035419, 43.80803092205124], [4.490822376149155, 43.80801848286139], [4.490774150298306, 43.80801863180181], [4.490726171378662, 43.808022164692915], [4.4906788910659365, 43.80802904827594], [4.490632754459493, 43.80803921774855], [4.490607792539114, 43.808046701877515], [4.490605639147658, 43.80804681156689], [4.490558428310229, 43.80805256003688], [4.490539270266401, 43.80805629442147], [4.490524932120115, 43.80805550430243], [4.490475791424939, 43.808056322466655], [4.490427002603784, 43.808060651644844], [4.490380575698274, 43.80806820026221], [4.490245491905434, 43.80806562247561], [4.490197972552491, 43.80806636199541], [4.490150768001736, 43.80807038517796], [4.4901043099047255, 43.80807765523415], [4.490059023087623, 43.80808810568463], [4.490015321666654, 43.8081016409676], [4.489973605261496, 43.808118137312555], [4.489934255341186, 43.80813744387216], [4.489897631735949, 43.80815938410145], [4.4898925235399965, 43.80816309371547], [4.489524304370292, 43.808143271593], [4.4894749121286806, 43.80814239582359], [4.489425643842936, 43.8081450755437], [4.48937698631446, 43.80815128427606], [4.48932942031033, 43.80816096067458], [4.489283415813271, 43.80817400913037], [4.489249346656802, 43.80818662700821], [4.489183616009272, 43.808184164987594], [4.489135078866587, 43.80818406550286], [4.489086759745877, 43.80818739489098], [4.489039119409472, 43.808194121403545], [4.488992612147294, 43.80820418089782], [4.4889476814450715, 43.808217477448295], [4.4889047557555255, 43.8082338842614], [4.488864244412889, 43.8082532448846], [4.488826533729681, 43.80827537469805], [4.488791983312976, 43.80830006267519], [4.4887609226352385, 43.80832707339486], [4.488733647892501, 43.808356149286176], [4.488710419179771, 43.80838701308467], [4.488691458010641, 43.808419370476024], [4.488676945204766, 43.80845291290271], [4.488667019163329, 43.80848732050616], [4.4886617745489845, 43.80852226517702], [4.488654224788253, 43.80861417309486], [4.488653722677241, 43.80864952922015], [4.488658012907858, 43.80868475044708], [4.488667054092715, 43.8087194969281], [4.48868075900235, 43.80875343339583], [4.488698995406591, 43.80878623239807], [4.488721587350134, 43.80881757745744], [4.4887483168500895, 43.80884716612509], [4.48877892599908, 43.80887471289915], [4.488813119453637, 43.808899951979654], [4.48885056728387, 43.80892263983328], [4.488890908156932, 43.808942557543396], [4.488933752823554, 43.80895951292241], [4.488955208669895, 43.808966116288], [4.488954988147355, 43.809000289637844], [4.488959571127496, 43.809035567061954], [4.488968921337349, 43.80907034725537], [4.488979893376306, 43.80909690035825], [4.491237156986878, 43.80906604862513]]], [[[4.48813114924795, 43.80910848869065], [4.4888320720316095, 43.8090989191132], [4.488797227945154, 43.80907493864208], [4.488758667059056, 43.80905319500769], [4.4887173439946055, 43.809034298845425], [4.488707036180373, 43.80903055520355], [4.4887096983434, 43.80899808884645], [4.488710637013022, 43.808938672888544], [4.488708742120869, 43.8089028862274], [4.488701946117843, 43.80886741305022], [4.4886903162852905, 43.80883260449907], [4.488673967753155, 43.80879880513637], [4.488653062359997, 43.80876634953418], [4.488627807050705, 43.808735558962425], [4.48859845182774, 43.80870673820873], [4.48856528727624, 43.80868017256162], [4.488528641687447, 43.80865612498653], [4.488488877808981, 43.8086348335229], [4.488446389254098, 43.80861650892812], [4.488401596605472, 43.808601332591174], [4.488354943252108, 43.808589454737444], [4.488306891000532, 43.808580992941636], [4.488257915503728, 43.80857603096408], [4.488208501553059, 43.80857461792159], [4.488117272048938, 43.80857529841784], [4.48813114924795, 43.80910848869065]]]]}}, {"type": "Feature", "properties": {"zone": "manduel", "libelle": "Manduel", "tissu": "Bourg de plaine", "note": "Relev\u00e9 \u00e0 la main par le d\u00e9monstrateur (D24) : sert de corrig\u00e9 au protocole.", "maille": "3279_25209", "surf_zone_m2": 41860, "aires_connues": 0}, "geometry": {"type": "Polygon", "coordinates": [[[4.491237156986878, 43.80906604862513], [4.488979893376306, 43.80909690035825], [4.488982948181545, 43.80910429319641], [4.489001515747257, 43.80913707594669], [4.48902444412092, 43.809168377838674], [4.489051511131347, 43.809197895553865], [4.489082454502368, 43.80922534306227], [4.489095072203463, 43.80923452175292], [4.4890914008746, 43.80923712153213], [4.48906023852395, 43.809263960590364], [4.489032830131584, 43.809292868113246], [4.489009435809598, 43.809323569767834], [4.488990277577581, 43.809355774194415], [4.488975537255429, 43.80938917577141], [4.488967804617175, 43.80941520944707], [4.488969839553037, 43.809356818377715], [4.488968669218032, 43.8093214364286], [4.48896270646489, 43.809286308740056], [4.488952008947368, 43.80925177490952], [4.488936680092155, 43.809218168792675], [4.488916868098675, 43.809185815275974], [4.488892764506089, 43.80915502713576], [4.488864602341354, 43.80912610201473], [4.488832653866248, 43.8090993195444], [4.4888320720316095, 43.8090989191132], [4.48813114924795, 43.80910848869065], [4.488150273265247, 43.80984325641391], [4.488177857278947, 43.809852023323934], [4.488223216168302, 43.809862816768025], [4.488269795819373, 43.80987040884414], [4.4883171664524175, 43.80987472950185], [4.488364890989075, 43.809875738875355], [4.488469254318391, 43.8098743141012], [4.488518066502465, 43.80987190364423], [4.488566314982776, 43.80986602968717], [4.488613532292062, 43.809856749141346], [4.48865926095437, 43.809844151923706], [4.48870305791764, 43.80982836008549], [4.4887444988465, 43.80980952662973], [4.488783182233685, 43.80978783402869], [4.488818733290209, 43.80976349245596], [4.4888508075766325, 43.809736737749894], [4.488879094340198, 43.809707829128705], [4.488903319525533, 43.80967704667878], [4.488923248429747, 43.80964468864094], [4.488938687976186, 43.80961106852082], [4.488948924077053, 43.80957831819105], [4.488945337630122, 43.80961780045614], [4.488945179493492, 43.80962503036856], [4.48893261767862, 43.80964076364671], [4.488912271462001, 43.80967332855891], [4.488896485318805, 43.809707194209274], [4.488885414911772, 43.809742026675806], [4.488879169406213, 43.80977748250285], [4.488789233335725, 43.81061935576833], [4.48878784772924, 43.81065416457055], [4.488791113376792, 43.810688907440436], [4.488798999722728, 43.81072325921007], [4.488811432964707, 43.810756898371324], [4.488828296744137, 43.810789510085], [4.488849433234931, 43.81082078912758], [4.488874644620402, 43.81085044274792], [4.488903694944494, 43.81087819340728], [4.488936312320005, 43.81090378137702], [4.488972191473167, 43.81092696716955], [4.4890109966007525, 43.810947533779895], [4.489052364512994, 43.81096528871683], [4.489095908032851, 43.810980065804486], [4.489141219619852, 43.810991726737896], [4.48918787518459, 43.81100016237733], [4.489235438058109, 43.81100529376997], [4.489465806009656, 43.81102194793614], [4.489513070367004, 43.8110237250346], [4.489560353871125, 43.81102223884561], [4.489607227849649, 43.811017502842944], [4.489636729235588, 43.81101241317262], [4.489906935562132, 43.8110320903914], [4.489956656720367, 43.81103389669297], [4.490006378007457, 43.8110320922524], [4.490055600659042, 43.81102669517038], [4.490103830912963, 43.81101775958618], [4.490150584962539, 43.81100537513448], [4.490195393809989, 43.81098966604617], [4.4902378079712335, 43.81097078990215], [4.490277401984907, 43.81094893605246], [4.4903137786803455, 43.81092432371678], [4.490346573161701, 43.81089719978538], [4.490375456468255, 43.81086783634231], [4.490400138874169, 43.8108365279361], [4.490420372794609, 43.81080358862484], [4.490435955269087, 43.81076934882595], [4.490446729997102, 43.81073415200147], [4.490452588905695, 43.81069835121279], [4.490468024978738, 43.810533885626086], [4.490480890190555, 43.81053347330675], [4.490529119653495, 43.81052846996024], [4.490576440998324, 43.81052007129891], [4.490622399561395, 43.81050835801723], [4.490666553773399, 43.81049344265662], [4.490708479402138, 43.810475468523975], [4.490747773628707, 43.810454608314735], [4.490784058917874, 43.810431062453596], [4.490816986645479, 43.81040505716864], [4.490846240447992, 43.81037684231778], [4.490871539262058, 43.81034668898788], [4.490883994207503, 43.810327917472506], [4.490896777093935, 43.81034662601385], [4.490923414440186, 43.81037736989776], [4.490954191628981, 43.81040601495529], [4.490988795758029, 43.81043226995522], [4.4910268750155, 43.81045586796537], [4.491068042256802, 43.81047656906658], [4.491111878940649, 43.810494162792146], [4.491157939384417, 43.810508470267656], [4.491205755295492, 43.81051934602961], [4.49125484053257, 43.81052667950461], [4.491275292840958, 43.81052820418606], [4.491237156986878, 43.80906604862513]]]}}, {"type": "Feature", "properties": {"zone": "manduel", "libelle": "Manduel", "tissu": "Bourg de plaine", "note": "Relev\u00e9 \u00e0 la main par le d\u00e9monstrateur (D24) : sert de corrig\u00e9 au protocole.", "maille": "3279_25210", "surf_zone_m2": 35350, "aires_connues": 0}, "geometry": {"type": "Polygon", "coordinates": [[[4.491314478564024, 43.81203053596123], [4.491313925217268, 43.812029781315054], [4.491287288444492, 43.81200067021031], [4.491286882576465, 43.81200030841643], [4.491279624321535, 43.81197988941702], [4.4912622528871635, 43.81194575191509], [4.491240211593515, 43.81191305858829], [4.491213725610972, 43.81188214341486], [4.491183065513315, 43.81185332220779], [4.491148544513476, 43.81182688938869], [4.491110515263795, 43.8118031149804], [4.49106936625345, 43.811782241848505], [4.491025517839869, 43.81176448322062], [4.4906165112598595, 43.81161796747308], [4.490570396360291, 43.81160350045819], [4.490522499903063, 43.81159247936405], [4.490473311486587, 43.81158501684819], [4.49042333391496, 43.81158118919239], [4.490373078058566, 43.811581035522856], [4.4903230576322555, 43.81158455741041], [4.490273783944449, 43.811591718854345], [4.490225760670835, 43.81160244665052], [4.490179478706078, 43.81161663113947], [4.490135411146113, 43.81163412732737], [4.490094008452365, 43.81165475636805], [4.490055693847246, 43.8116783073911], [4.490020858988052, 43.811704539657256], [4.489989859963427, 43.811733185019115], [4.489963013653347, 43.811763950662105], [4.48996257166963, 43.81176459279369], [4.489955813633607, 43.81176936163244], [4.4899265812844344, 43.811794474013425], [4.489912362040429, 43.811801858143795], [4.489874677706462, 43.81182595248809], [4.489840546743817, 43.8118526799275], [4.489837830190693, 43.81185529391405], [4.489824159603244, 43.81186216055173], [4.489787596293038, 43.81188459289647], [4.489767485930135, 43.81189956726953], [4.4897480185532315, 43.811908163371015], [4.489708445356957, 43.81192983217137], [4.489672052140092, 43.81195424969707], [4.489639201450047, 43.811981172704904], [4.4896150373260895, 43.81200548639982], [4.48959679122985, 43.81201642544172], [4.489561582429364, 43.81204228429757], [4.4895301507687675, 43.81207058050191], [4.489502816161633, 43.81210102605944], [4.489479856823551, 43.812133311098485], [4.489461506440294, 43.81216710702478], [4.489443853831097, 43.812205150259025], [4.489430912668569, 43.81223818077148], [4.489422376195524, 43.81227195388174], [4.48942224894908, 43.812273027583394], [4.489412665836056, 43.81229246279407], [4.489400820480516, 43.812326851040545], [4.489393702633432, 43.812361916150934], [4.48939138130899, 43.81239731817924], [4.489393879020692, 43.8124327139125], [4.489401171562766, 43.81246776019814], [4.489411502625081, 43.812497297893884], [4.489294052546068, 43.81256752251909], [4.489293446052715, 43.8125679240672], [4.489292752388727, 43.81256830258796], [4.489280515093747, 43.812575670140156], [4.489244310141399, 43.812599757324385], [4.48921156822911, 43.8126263166323], [4.489182609667586, 43.81265508824121], [4.489157717757274, 43.81268579068556], [4.48913713601676, 43.812718123610495], [4.489121065800294, 43.812751770709966], [4.489109664327734, 43.81278640282104], [4.489107897855385, 43.812795814768116], [4.489081618687173, 43.812781473991855], [4.489039465234203, 43.812762905668365], [4.488994977400933, 43.81274745494127], [4.488948593492079, 43.8127352740341], [4.488900770491902, 43.81272648295543], [4.488851979562096, 43.81272116831657], [4.488802701400047, 43.81271938247826], [4.488753421503179, 43.812721143034885], [4.488745662790128, 43.812721984097955], [4.48874073964696, 43.81271513302164], [4.488713544868489, 43.812685056902644], [4.488682342858085, 43.812657095088106], [4.488647444842398, 43.81263152647996], [4.488609198912072, 43.81260860610899], [4.488567986549697, 43.812588562591145], [4.488524218824782, 43.81257159584747], [4.488478332293683, 43.812557875109974], [4.4882393325554935, 43.812496334109305], [4.4882192158199565, 43.81249195825986], [4.488248244405809, 43.813607134484236], [4.489487951394969, 43.81359020586657], [4.489505415898096, 43.81357618049189], [4.489534511011833, 43.81354758813512], [4.489559573271237, 43.81351705867671], [4.4895803586877445, 43.813484889338206], [4.489596664911332, 43.81345139330582], [4.4896083332002545, 43.81341689668125], [4.48961524996621, 43.81338173530687], [4.48961734787986, 43.81334625149606], [4.489614606525973, 43.81331079070068], [4.489607402018487, 43.81327732140077], [4.48964210826798, 43.813280477497656], [4.4896911093358245, 43.813281410073365], [4.4897399989976625, 43.81327884332263], [4.48978830183859, 43.813272802205226], [4.489835548150412, 43.81326334546644], [4.4898812784994355, 43.81325056506592], [4.489925048194334, 43.81323458528331], [4.489966431610614, 43.81321556150968], [4.490005026329606, 43.81319367873639], [4.490017367685104, 43.8131859410711], [4.490053650084246, 43.8131637580262], [4.4900646827084625, 43.81318099255562], [4.49008941576965, 43.8132114088137], [4.490118143903019, 43.813239924666355], [4.490150590863997, 43.81326626590443], [4.490186444646399, 43.81329017922956], [4.490225360482615, 43.813311434689986], [4.4902669641588835, 43.81332982789183], [4.490310855613803, 43.81334518196475], [4.4903566127854395, 43.81335734926264], [4.490403795670044, 43.81336621278372], [4.490451950553353, 43.81337168729551], [4.4905802325804975, 43.81338163427108], [4.490628909970315, 43.81338366715694], [4.490677628225936, 43.81338223691777], [4.490725918607705, 43.813377357314565], [4.490773316492958, 43.81336907529615], [4.490819365846606, 43.81335747054748], [4.490863623609061, 43.81334265472284], [4.4909056639593, 43.81332477037163], [4.490945082412006, 43.8133039895667], [4.490981499709405, 43.81328051224861], [4.491014565470292, 43.81325456430203], [4.49104396156119, 43.81322639538207], [4.491064146247172, 43.81320250175278], [4.491069485898349, 43.81319823329416], [4.491098453595291, 43.81316995255824], [4.4911234669153135, 43.81313975765581], [4.491144286515255, 43.81310793751851], [4.4911607131822215, 43.81307479662916], [4.491172589739592, 43.8130406521082], [4.491179802550755, 43.81300583067899], [4.491188170171589, 43.81294541286203], [4.491190650570797, 43.81291011453189], [4.491188338483786, 43.812874810211625], [4.49118125621074, 43.81283984027817], [4.491169472041994, 43.812805541883904], [4.491153099599301, 43.81277224570616], [4.491132296740089, 43.812740272759136], [4.491107264035241, 43.81270993129894], [4.491078242835146, 43.812681513851814], [4.491045512942602, 43.812655294393856], [4.491009389915086, 43.81263152570977], [4.490995053609884, 43.81262380676802], [4.4910065376338135, 43.812616471236744], [4.491021569883658, 43.81261029625585], [4.491062298656183, 43.8125893975433], [4.491099927539543, 43.81256564617805], [4.491103661810416, 43.81256276320667], [4.491121418992985, 43.81255587399357], [4.491162362485956, 43.812535975745085], [4.491200382037691, 43.81251323788323], [4.491235103521121, 43.81248788415967], [4.49126618526509, 43.812460164067105], [4.491293321416518, 43.81243035038403], [4.491316244950023, 43.8123987364904], [4.491323775742142, 43.81238696679997], [4.491314478564024, 43.81203053596123]]]}}, {"type": "Feature", "properties": {"zone": "manduel", "libelle": "Manduel", "tissu": "Bourg de plaine", "note": "Relev\u00e9 \u00e0 la main par le d\u00e9monstrateur (D24) : sert de corrig\u00e9 au protocole.", "maille": "3279_25211", "surf_zone_m2": 19863, "aires_connues": 0}, "geometry": {"type": "Polygon", "coordinates": [[[4.488248244405809, 43.813607134484236], [4.488286876869154, 43.81509119165443], [4.488293267770024, 43.815099470304], [4.488321317768762, 43.81512862576568], [4.488353200914566, 43.815155636591406], [4.488388606521726, 43.81518023956938], [4.488427189577936, 43.81520219495111], [4.4884685741063075, 43.815221288787875], [4.488512356829175, 43.815237335015645], [4.488558111098003, 43.81525017726833], [4.4886053910511, 43.81525969040162], [4.488653735958601, 43.815265781712455], [4.488702674712364, 43.815268391842636], [4.488751730417057, 43.815267495357105], [4.489018594793309, 43.81525305068017], [4.489067076377148, 43.8152486831724], [4.489114731741511, 43.81524089069456], [4.4891611005767125, 43.81522974851542], [4.489205735000513, 43.8152153642589], [4.489248203884474, 43.815197876864566], [4.489288097018434, 43.815177455245475], [4.489325029072905, 43.81515429665652], [4.489358643321061, 43.8151286247891], [4.489388615084404, 43.81510068761031], [4.489414654868802, 43.81507075496769], [4.489436511160627, 43.815039115982714], [4.489453972855962, 43.815006076257994], [4.489466871299443, 43.81497195492542], [4.489475081913046, 43.814937081563585], [4.4894785253990825, 43.81490179301429], [4.489477168505811, 43.814866430129015], [4.489468939970678, 43.81478913814513], [4.489462819514313, 43.814754139438726], [4.489451997173918, 43.81471974265516], [4.489436576909764, 43.81468627818605], [4.489416706845883, 43.8146540674673], [4.489392577847016, 43.81462341989156], [4.489364421685065, 43.81459462983664], [4.4893357149848585, 43.81457065187231], [4.489349507891417, 43.8145794924117], [4.4893878510575345, 43.81459969850447], [4.489428678777025, 43.81461716693394], [4.4894716194815, 43.814631738720955], [4.489516282371466, 43.81464328124842], [4.489562260973094, 43.81465168946827], [4.48960913683768, 43.81465688685765], [4.489729943011084, 43.81466603696196], [4.489780176027136, 43.81466798846028], [4.489830424203496, 43.81466625363871], [4.4898801729389195, 43.81466085026397], [4.489928912747322, 43.814651833673054], [4.489976144475801, 43.8146392962066], [4.4900213844168055, 43.8146233662632], [4.490064169262096, 43.81460420698423], [4.4901040608477185, 43.81458201458315], [4.490140650641429, 43.81455701633586], [4.490173563926566, 43.81452946825304], [4.490202463639547, 43.81449965245822], [4.490227053821691, 43.81446787429839], [4.490247082649985, 43.814434459216805], [4.490262345015797, 43.81439974941998], [4.490272684625131, 43.81436410037306], [4.490291555903547, 43.81427743754729], [4.490296762179134, 43.814242542711234], [4.4902972505456935, 43.81420744659839], [4.490293016368783, 43.81417248288235], [4.490284099913036, 43.81413798397731], [4.4902705859590295, 43.81410427787769], [4.490252602996931, 43.81407168503985], [4.490230322004611, 43.81404051533535], [4.4902039548218395, 43.81401106510506], [4.490173752136062, 43.81398361434175], [4.490140001098858, 43.81395842402819], [4.490103022595807, 43.81393573365606], [4.49006316819568, 43.813915758949065], [4.490020816807979, 43.81389868981212], [4.489976371080608, 43.813884688525945], [4.489930253571897, 43.81387388820425], [4.4898829027333855, 43.81386639152836], [4.489763200062808, 43.81385182623974], [4.489714422702441, 43.81384767256474], [4.489665317374157, 43.813847024649306], [4.489616363424876, 43.81384988881811], [4.489568038723901, 43.813856237112276], [4.489520814998399, 43.81386600756227], [4.489475153228832, 43.81387910479281], [4.489431499149264, 43.81389540095376], [4.489390278896442, 43.813914736968194], [4.489351894850158, 43.81393692408504], [4.489316721705433, 43.81396174572165], [4.489285102814905, 43.813988959577756], [4.489257346837101, 43.81401830000074], [4.48923372472332, 43.81404948057869], [4.489214467072534, 43.814082196936155], [4.489199761880135, 43.814116129705404], [4.489189752702528, 43.81415094764374], [4.489169777894544, 43.81424302562564], [4.489164661763105, 43.81427716432562], [4.489164061339531, 43.81431150070006], [4.489167982096267, 43.81434572226094], [4.489176388359335, 43.81437951756456], [4.4891892036327175, 43.81441257904589], [4.48920631129424, 43.814444605817805], [4.489227555656689, 43.814475306409335], [4.489252743384457, 43.814504401418446], [4.4892816452528805, 43.81453162605483], [4.489297738005362, 43.81454411432394], [4.489297145765312, 43.814543707932195], [4.489258672216876, 43.81452206519871], [4.48921745771699, 43.81450325352019], [4.489173898141451, 43.814487453586395], [4.4891300679902075, 43.81447527723629], [4.489125193777693, 43.814468283042004], [4.489099053237763, 43.81443845830074], [4.489069001500475, 43.814410632516285], [4.489035327982619, 43.81438507366284], [4.488998356978992, 43.814362027882915], [4.488958444539255, 43.814341717116655], [4.488915975039031, 43.81432433696471], [4.488871357478265, 43.81431005480463], [4.488825021542512, 43.81429900817898], [4.488777413465058, 43.81429130347084], [4.48872899172972, 43.81428701487931], [4.488680222655708, 43.8142861837051], [4.4886580655723645, 43.814287383525816], [4.488635293994175, 43.814259490709674], [4.488593072791122, 43.81421326452207], [4.488564878019712, 43.814185399903636], [4.488557809478832, 43.814179661266984], [4.488555958864295, 43.81416553336325], [4.488548736726367, 43.814138831570304], [4.48855885783, 43.81413922810626], [4.488608287939739, 43.81413759730914], [4.488657249253547, 43.81413241605912], [4.48870525662999, 43.8141237356955], [4.488751834380411, 43.81411164222924], [4.488796520982595, 43.814096255490476], [4.4888388736540525, 43.8140777279412], [4.488878472739549, 43.81405624316452], [4.488914925869423, 43.81403201404536], [4.488947871847473, 43.814005280661135], [4.488976984229909, 43.813976307902685], [4.489001974559872, 43.81394538284955], [4.489022595225481, 43.813912811925285], [4.489038641913131, 43.8138789178611], [4.489049955631684, 43.81384403649806], [4.489074553572298, 43.813746647561636], [4.489108929264656, 43.81374516564597], [4.489156466336596, 43.81373974068003], [4.489203056195668, 43.8137310125125], [4.489248262177125, 43.8137190629485], [4.489291660587364, 43.8137040039858], [4.489332844675179, 43.813685976765036], [4.489371428444181, 43.813665150246784], [4.4894362966211725, 43.813626462016146], [4.489472571181947, 43.81360255738384], [4.489487951394969, 43.81359020586657], [4.488248244405809, 43.813607134484236]]]}}, {"type": "Feature", "properties": {"zone": "manduel", "libelle": "Manduel", "tissu": "Bourg de plaine", "note": "Relev\u00e9 \u00e0 la main par le d\u00e9monstrateur (D24) : sert de corrig\u00e9 au protocole.", "maille": "3279_25212", "surf_zone_m2": 20573, "aires_connues": 0}, "geometry": {"type": "MultiPolygon", "coordinates": [[[[4.490260066499728, 43.81807991418525], [4.490268440657623, 43.818070412379626], [4.490290865404207, 43.81803828396108], [4.490308746039957, 43.81800469440077], [4.490321903739237, 43.81796997964594], [4.490330206913815, 43.817934486896796], [4.490333572528604, 43.817898571133966], [4.490331966931785, 43.817862591568186], [4.490325406191009, 43.817826908047635], [4.490313955932321, 43.81779187745889], [4.490297730683444, 43.817757850157584], [4.490276892728, 43.81772516646444], [4.490258839741624, 43.817700211718964], [4.490234161108082, 43.8176698192979], [4.4902054946326615, 43.8176413207764], [4.490173115327486, 43.81761498954948], [4.490137333821705, 43.81759107822031], [4.490098493381484, 43.81756981617693], [4.490056966616925, 43.81755140739179], [4.490013151907559, 43.817536028465064], [4.489967469580672, 43.817523826930625], [4.489920357879143, 43.81751491984075], [4.489872268757461, 43.81750939264321], [4.489823663546214, 43.81750729836171], [4.48977500852669, 43.817508657087174], [4.489726770457968, 43.81751345578503], [4.489679412099443, 43.817521648420275], [4.489633387771712, 43.81753315639901], [4.4895891389983795, 43.81754786932248], [4.489547090270605, 43.81756564604596], [4.489517619810581, 43.81757954941685], [4.489478269334774, 43.817600164390036], [4.489441884951231, 43.81762346144177], [4.489412384635481, 43.81764643724291], [4.489388292796045, 43.81761623163305], [4.489256599073516, 43.81746836511865], [4.489254483240657, 43.817456637352], [4.489243471352288, 43.817422267173626], [4.48922786523418, 43.81738884272924], [4.4892078148353285, 43.81735668515551], [4.48918351280374, 43.81732610341663], [4.4890477682622345, 43.81717314824555], [4.4890456745127025, 43.817171026092566], [4.489043848001865, 43.8171688002126], [4.4890259363366996, 43.81714924366515], [4.489009038500836, 43.81713261292553], [4.489006551789979, 43.817119456130946], [4.488995273303961, 43.81708518439984], [4.488979421812466, 43.817051875184504], [4.488959149176516, 43.81701984757848], [4.4889346496096225, 43.81698940839738], [4.488847600451584, 43.81689249135338], [4.488819080014981, 43.81686390615749], [4.488786833551307, 43.81683747888925], [4.488751170560099, 43.816813463191814], [4.488712433330678, 43.816792089562206], [4.488670993656902, 43.816773563139336], [4.488666016970269, 43.816771799585695], [4.488664100557099, 43.81676764985174], [4.4886442421677755, 43.81673550120987], [4.488620140120542, 43.816704911604845], [4.488563780334687, 43.816640877296976], [4.488535562813223, 43.81661204487882], [4.48850357688466, 43.81658535485393], [4.488468130828773, 43.81656106445595], [4.488429566272115, 43.816539407790984], [4.488420178456225, 43.816535132352875], [4.488420160785679, 43.816534453637516], [4.48841670870002, 43.816498354968274], [4.488408268797685, 43.81646268965828], [4.488394926377315, 43.816427818123216], [4.488376816279278, 43.81639409275661], [4.488354121522719, 43.81636185436877], [4.488318797448795, 43.81631735626888], [4.488365357990445, 43.818105792836725], [4.489279401255068, 43.81809331259786], [4.489280087274699, 43.81809295557725], [4.489316691210752, 43.81806964954504], [4.4893471773630464, 43.818046022019956], [4.489370608672624, 43.818075540944456], [4.489385079304827, 43.81809186918781], [4.490260066499728, 43.81807991418525]]], [[[4.489573914148308, 43.8162247185228], [4.489525618489061, 43.81622861822671], [4.489478079415442, 43.816235913741714], [4.489431751202076, 43.81624653535329], [4.489407064108531, 43.81625317293658], [4.489363205799157, 43.81626673183082], [4.4893213435415324, 43.816283271351296], [4.489281862579126, 43.81630263929155], [4.489266755094634, 43.816311694048565], [4.489226983568759, 43.81632994941962], [4.489187767815667, 43.81635222925018], [4.489151830552998, 43.81637724077013], [4.489119533103051, 43.81640473251063], [4.489091200194382, 43.816434428065946], [4.4890671166968215, 43.8164660288725], [4.489047524757205, 43.81649921721047], [4.489032621364546, 43.816533659398175], [4.489022556369205, 43.8165690091468], [4.48901743097594, 43.8166049110421], [4.489017296726023, 43.816641004117706], [4.489022154978662, 43.816676925484394], [4.489031956896949, 43.81671231397861], [4.489041357918573, 43.816739187157616], [4.489055765198879, 43.81677320791901], [4.489074741144863, 43.81680603240722], [4.489098100316021, 43.81683733983489], [4.489125614434375, 43.81686682424008], [4.489157014615178, 43.81689419747645], [4.489191993994522, 43.81691919202936], [4.4892302107281745, 43.81694156363033], [4.489271291332335, 43.816961093644416], [4.489314834333658, 43.81697759120686], [4.489360414192901, 43.81699089508865], [4.48940758546379, 43.81700087527216], [4.489455887146506, 43.817007434221885], [4.489504847193215, 43.81701050783776], [4.489553987121589, 43.817010066081565], [4.489602826691228, 43.81700611327056], [4.489706921662216, 43.816993890521005], [4.489755935563432, 43.81698628137798], [4.489803641954492, 43.81697513672435], [4.489849555747284, 43.81696056988146], [4.4898932100821805, 43.816942728968165], [4.489934161075348, 43.816921795394585], [4.489971992332376, 43.816897982017444], [4.490006319182319, 43.816871530975625], [4.490036792589104, 43.81684271122785], [4.490063102700507, 43.816811815817864], [4.490084981998652, 43.81677915889453], [4.4901022080199615, 43.81674507251748], [4.49011460561694, 43.816709903280525], [4.490122048738775, 43.81667400878753], [4.490123799497651, 43.816647703757134], [4.49011078384013, 43.81656207217319], [4.489635914804756, 43.81622507466387], [4.489622504889178, 43.81622425189474], [4.489573914148308, 43.8162247185228]]]]}}, {"type": "Feature", "properties": {"zone": "manduel", "libelle": "Manduel", "tissu": "Bourg de plaine", "note": "Relev\u00e9 \u00e0 la main par le d\u00e9monstrateur (D24) : sert de corrig\u00e9 au protocole.", "maille": "3279_25213", "surf_zone_m2": 45452, "aires_connues": 0}, "geometry": {"type": "MultiPolygon", "coordinates": [[[[4.488365357990445, 43.818105792836725], [4.488423921694165, 43.8203551267143], [4.491530540213485, 43.820312678001116], [4.491518283932311, 43.81984292948874], [4.491496631915323, 43.819820036610146], [4.491465270807253, 43.81979300007181], [4.491430402386272, 43.81976831816435], [4.49141174661655, 43.81975748484431], [4.491403179494688, 43.81974847913606], [4.4913716077967525, 43.81972142700043], [4.491336517247026, 43.81969675229713], [4.491298247561661, 43.81967469390197], [4.4912571692327194, 43.819655465362054], [4.491218750758156, 43.8196411431983], [4.4912228072145695, 43.819609763232314], [4.491222601718347, 43.81957465846657], [4.491217674438476, 43.81953973514023], [4.4912080722480505, 43.81950532541717], [4.4911938864839005, 43.81947175657558], [4.491175252077576, 43.81943934789537], [4.491152346271701, 43.81940840762128], [4.49103940461999, 43.81927224378282], [4.491011922094412, 43.819242556496356], [4.490980509160713, 43.81921498882168], [4.490945475491718, 43.81918981251963], [4.490907166451929, 43.8191672757767], [4.4908659596929015, 43.81914760075846], [4.4908222614303925, 43.819130981419555], [4.4907765024400055, 43.819117581591904], [4.490729133810768, 43.819107533369596], [4.490695790422531, 43.81910299865467], [4.490626355040647, 43.81898810033596], [4.490604512421241, 43.81895632210527], [4.490578453317718, 43.818926256081234], [4.490548431143167, 43.8188981946349], [4.490514737847516, 43.81887241064383], [4.490497345133812, 43.818861489566494], [4.490495996764762, 43.81885699118222], [4.490481594068189, 43.818824325147524], [4.490462963888086, 43.81879279964124], [4.490407349996596, 43.818709854828356], [4.490383245653315, 43.818678083827045], [4.490354850404451, 43.81864822929694], [4.490322452219932, 43.81862059400035], [4.490286379663048, 43.81859545819328], [4.490246998558325, 43.81857307678352], [4.4902047082815635, 43.81855367674557], [4.490159937709728, 43.81853745481904], [4.49011314087171, 43.818524575513464], [4.490064792344088, 43.81851516944023], [4.490015382438563, 43.818509331987926], [4.489965412229863, 43.818507122355115], [4.4899153884745315, 43.81850856295007], [4.489865818472109, 43.818513639163484], [4.489817204920802, 43.81852229951661], [4.489770040819817, 43.81853445618334], [4.48958749452476, 43.81858915314918], [4.4895426996486245, 43.81860451116365], [4.4895054272590045, 43.81862076071665], [4.489477555223338, 43.818628628282596], [4.489355521275913, 43.81866809740356], [4.489311723329023, 43.81868418661452], [4.489270331601646, 43.81870332639426], [4.489231750059516, 43.81872532994793], [4.489196355243564, 43.81874998253144], [4.489174062776667, 43.818768915575056], [4.489160772576269, 43.81877514078099], [4.4891230059035365, 43.818796861349135], [4.48908832385813, 43.818821129559396], [4.4890570528818845, 43.81884771699226], [4.489030590981595, 43.81887522605476], [4.4890075848930655, 43.81887943605585], [4.488962002869405, 43.81889129759484], [4.48891823138753, 43.81890631464423], [4.488876685957257, 43.818924344652196], [4.488837760958268, 43.81894521646577], [4.48863577484112, 43.819064981081944], [4.488599633138554, 43.81908864557176], [4.488566864657307, 43.81911475828075], [4.488557922199157, 43.81912346384385], [4.488557489473219, 43.81912262572579], [4.488535997727482, 43.81909089624949], [4.488510312449663, 43.819060845630894], [4.488464463168332, 43.81901266206676], [4.488956823524464, 43.81879292846578], [4.488996864457877, 43.81877304172925], [4.489034035013691, 43.81875042152447], [4.4890679806001, 43.81872528364128], [4.4890983773917394, 43.81869786788692], [4.4891249354188325, 43.81866843579853], [4.489147401333299, 43.818637268147896], [4.489165560825442, 43.81860466226305], [4.489179240668186, 43.81857092919163], [4.489188310369337, 43.818536390733705], [4.489192683416148, 43.8185013763717], [4.4891923181002955, 43.81846622012745], [4.489187217915435, 43.81843125737557], [4.48917743152355, 43.81839682164424], [4.489163052290393, 43.81836324143349], [4.489144217394542, 43.81833083708152], [4.489121106518477, 43.81829991770886], [4.489042664913438, 43.81820621494192], [4.489240507107583, 43.818113554004604], [4.489279401255068, 43.81809331259786], [4.488365357990445, 43.818105792836725]]], [[[4.489385079304827, 43.81809186918781], [4.489391099706509, 43.81809866243189], [4.489419084839886, 43.81812710346955], [4.4894507444950165, 43.818153447128395], [4.489485780695184, 43.818177445461075], [4.4895238636822805, 43.81819887259419], [4.489564635020468, 43.81821752685433], [4.4896077109698265, 43.81823323266635], [4.489652686098224, 43.81824584220598], [4.489699137097391, 43.818255236791146], [4.489746626767302, 43.81826132799921], [4.489794708131339, 43.818264058499146], [4.489842928643497, 43.818263402591214], [4.489890834448019, 43.81825936644891], [4.489937974651372, 43.81825198806077], [4.489983905566332, 43.81824133687285], [4.490028194888211, 43.81822751313507], [4.490070425763942, 43.81821064695757], [4.490097458116699, 43.81819857685869], [4.49013841769731, 43.818178173365325], [4.49017635785711, 43.81815490961483], [4.4902108991373675, 43.818129018282264], [4.490241696074981, 43.818100758322394], [4.490260066499728, 43.81807991418525], [4.489385079304827, 43.81809186918781]]]]}}, {"type": "Feature", "properties": {"zone": "manduel", "libelle": "Manduel", "tissu": "Bourg de plaine", "note": "Relev\u00e9 \u00e0 la main par le d\u00e9monstrateur (D24) : sert de corrig\u00e9 au protocole.", "maille": "3279_25214", "surf_zone_m2": 59851, "aires_connues": 0}, "geometry": {"type": "Polygon", "coordinates": [[[4.491589230710425, 43.82256201327875], [4.491530540213485, 43.820312678001116], [4.488423921694165, 43.8203551267143], [4.488455401556519, 43.82156414371746], [4.488463572649622, 43.82156913673165], [4.488504030253598, 43.821589271282946], [4.488547033358933, 43.821606418600105], [4.488592162631026, 43.82162041147417], [4.488598786969986, 43.821621925797864], [4.48869072466235, 43.821775101170665], [4.4887189147684845, 43.8218226155903], [4.488740537448457, 43.821854598107834], [4.488766418799225, 43.82188487732266], [4.488796305549096, 43.82191315691834], [4.488829905227747, 43.82193916014662], [4.488866889028246, 43.82196263253566], [4.488880087367018, 43.82196946556317], [4.488891647795014, 43.82198607962214], [4.488916843051764, 43.8220150574532], [4.488945727301733, 43.822042170829945], [4.488978039171387, 43.82206717439863], [4.489013486268921, 43.822089841897224], [4.4890204831154605, 43.82209352237306], [4.489104216384689, 43.822238134822896], [4.489093599882639, 43.822237898618866], [4.4890450966214654, 43.822240258501886], [4.488997143542854, 43.822246036758365], [4.488950199113625, 43.82225517814395], [4.488904712157691, 43.822267595260314], [4.488799903684386, 43.82230052815971], [4.488756590632055, 43.82231598901985], [4.4887155536175865, 43.82233441938003], [4.488677179812342, 43.822355645356765], [4.488641831262442, 43.82237946669075], [4.488609841473033, 43.82240565863617], [4.488581512261758, 43.822433974081], [4.488557110911139, 43.82246414587831], [4.488536867646719, 43.82249588936668], [4.488520973464785, 43.82252890505573], [4.488509578330145, 43.822562881451745], [4.488502789760988, 43.822597497996405], [4.48850238386729, 43.82260419217411], [4.491589230710425, 43.82256201327875]]]}}, {"type": "Feature", "properties": {"zone": "manduel", "libelle": "Manduel", "tissu": "Bourg de plaine", "note": "Relev\u00e9 \u00e0 la main par le d\u00e9monstrateur (D24) : sert de corrig\u00e9 au protocole.", "maille": "3279_25215", "surf_zone_m2": 24949, "aires_connues": 0}, "geometry": {"type": "Polygon", "coordinates": [[[4.491589230710425, 43.82256201327875], [4.48850238386729, 43.82260419217411], [4.488500671814197, 43.82263242809114], [4.488502012762322, 43.82265062632787], [4.48848385055848, 43.82265671415273], [4.4885114050964106, 43.82371489401454], [4.488544996881405, 43.82371288712534], [4.488593311391523, 43.823706479666924], [4.488640516836095, 43.82369665184845], [4.488686152464923, 43.82368349959482], [4.489245729723371, 43.82349854815626], [4.489288875874928, 43.82348239907656], [4.489329639646004, 43.82346327893097], [4.4893676319843205, 43.82344137020483], [4.489377915378618, 43.82343414605062], [4.489377826228863, 43.82343452432001], [4.48937438370225, 43.82347003124717], [4.489375801587384, 43.82350561073919], [4.489380316656003, 43.823531056057384], [4.489533858001109, 43.823484470357194], [4.489542133130882, 43.82348194991761], [4.489592075858031, 43.823728783131244], [4.489936801690548, 43.823647568981684], [4.490200870607856, 43.823525718549284], [4.490224000000001, 43.823515], [4.490999, 43.823277999999995], [4.491606245517946, 43.82321407964172], [4.491589230710425, 43.82256201327875]]]}}, {"type": "Feature", "properties": {"zone": "manduel", "libelle": "Manduel", "tissu": "Bourg de plaine", "note": "Relev\u00e9 \u00e0 la main par le d\u00e9monstrateur (D24) : sert de corrig\u00e9 au protocole.", "maille": "3280_25214", "surf_zone_m2": 29680, "aires_connues": 0}, "geometry": {"type": "Polygon", "coordinates": [[[4.491530540213485, 43.820312678001116], [4.491589230710425, 43.82256201327875], [4.493811918946913, 43.822531588165695], [4.493808165015343, 43.82251775196614], [4.493793599724666, 43.82248302619153], [4.493774278956942, 43.82244953878227], [4.493750399116115, 43.822417630138105], [4.493732437174941, 43.82239627483123], [4.493704682370561, 43.8223666921588], [4.49367301020086, 43.82233924948751], [4.49363773329424, 43.82231421769265], [4.493613320084887, 43.82230004254578], [4.493609039945348, 43.82229217712256], [4.493561038764068, 43.82221542974981], [4.493537994037497, 43.822183051755964], [4.493510547942501, 43.82215252570804], [4.493478981515404, 43.82212416417211], [4.493443617980526, 43.82209825755062], [4.493404819440466, 43.82207507110899], [4.493362983168373, 43.82205484225967], [4.493318537540172, 43.8220377781312], [4.493271937648383, 43.822024053447514], [4.493223660642466, 43.82201380873909], [4.493174200843349, 43.82200714890391], [4.493124064682213, 43.82200414213362], [4.493073765515285, 43.822004819215216], [4.493023818367747, 43.82200917321592], [4.492974734660579, 43.822017159554115], [4.492927016974279, 43.82202869645577], [4.492884243687372, 43.82204081174431], [4.49289180538659, 43.82202878742246], [4.492907772998174, 43.821994738941484], [4.49291896910548, 43.821959706911876], [4.492925281992809, 43.821924040913885], [4.4929266486739365, 43.821888096853385], [4.492923055520284, 43.82185223341032], [4.4929145383965485, 43.82181680845943], [4.492901182302445, 43.82178217549918], [4.49288312052416, 43.82174868012423], [4.4928757013993925, 43.82173672181885], [4.492883353435027, 43.82173600838919], [4.4929316882423755, 43.821727891436474], [4.492978664834302, 43.82171632656261], [4.493028019404968, 43.82170214999407], [4.493072862126558, 43.82168736756214], [4.4931154636274835, 43.82166944391788], [4.493155405464161, 43.821648555113285], [4.493192295318312, 43.821624906324914], [4.493225770850505, 43.82159872983856], [4.493255503259153, 43.82157028276741], [4.493281200510026, 43.82153984452671], [4.493302610204567, 43.82150771408896], [4.493319522058834, 43.821474207047366], [4.493331769968712, 43.82143965251594], [4.493339233641157, 43.8214043898967], [4.493341839775407, 43.82136876554602], [4.493339562782622, 43.82133312937263], [4.493332425036871, 43.82129783140066], [4.493320496655007, 43.82126321833176], [4.493303894807625, 43.82122963013964], [4.493289567389458, 43.82120462478898], [4.493269118076368, 43.821173289113624], [4.49324460139069, 43.821143522581984], [4.493216244612243, 43.82111560113456], [4.493184310617997, 43.82108978360721], [4.493149095445046, 43.82106630933181], [4.493110925546228, 43.82104539591772], [4.493095637342829, 43.82103858678875], [4.493086362271449, 43.82102084959364], [4.493067089755911, 43.820988789749954], [4.493043612141783, 43.820958234994905], [4.493016150955638, 43.82092947362392], [4.492984965309385, 43.82090277701067], [4.492950349455318, 43.82087839704681], [4.492912630009651, 43.82085656376524], [4.492872162870762, 43.82083748316987], [4.492829329861197, 43.82082133529188], [4.492784535125121, 43.82080827249133], [4.492738201315234, 43.82079841801948], [4.4926907656050625, 43.82079186485605], [4.492642675564316, 43.82078867483195], [4.49259438493615, 43.82078887804595], [4.492546349356211, 43.82079247258068], [4.492499022053835, 43.82079942452067], [4.492452849575923, 43.82080966827248], [4.492410409710627, 43.82082246145287], [4.49241994119539, 43.82079023867659], [4.492425425802436, 43.82075547961318], [4.492426224091413, 43.820720499221274], [4.492422328529971, 43.82068562793863], [4.492413775925491, 43.82065119517181], [4.492400647077093, 43.82061752618436], [4.492383066012048, 43.820584939024286], [4.492361198813913, 43.820553741519774], [4.492345770255651, 43.82053415146291], [4.4923198836865215, 43.82050469994122], [4.492290178603359, 43.82047720253337], [4.492256934405426, 43.8204519178687], [4.492220463778218, 43.820429083764104], [4.492181109752413, 43.82040891498723], [4.492139242477481, 43.820391601236615], [4.492095255740268, 43.82037730535749], [4.492049563261323, 43.82036616181028], [4.492002594803769, 43.82035827540594], [4.491954792131341, 43.82035372032027], [4.491906604853572, 43.82035253939621], [4.491858486197205, 43.82035474374095], [4.491850798282011, 43.820355643225035], [4.491851437398256, 43.820350341100585], [4.491850892282975, 43.8203150012112], [4.491849877235108, 43.82030830957322], [4.491530540213485, 43.820312678001116]], [[4.491859855720634, 43.82130128668279], [4.491864581820196, 43.82133658021648], [4.491874081051912, 43.8213713658323], [4.4918879209978355, 43.821404491595544], [4.491862416651418, 43.82139133751771], [4.491820636273863, 43.82137393791631], [4.491780813614975, 43.821360889031965], [4.4917792913043515, 43.82135690180836], [4.491761892963043, 43.82132415356986], [4.491710684485894, 43.821240221956074], [4.491732787820066, 43.821233425777756], [4.4917770685892515, 43.82121789541794], [4.491819012239795, 43.82119927199269], [4.491858207944301, 43.821177737914965], [4.491893403858824, 43.82115408733191], [4.491888898764506, 43.821161887196915], [4.4918745409388485, 43.82119578814634], [4.49186485956745, 43.82123054742148], [4.4918599486064865, 43.82126582771997], [4.491859855720634, 43.82130128668279]]]}}, {"type": "Feature", "properties": {"zone": "manduel", "libelle": "Manduel", "tissu": "Bourg de plaine", "note": "Relev\u00e9 \u00e0 la main par le d\u00e9monstrateur (D24) : sert de corrig\u00e9 au protocole.", "maille": "3280_25215", "surf_zone_m2": 9779, "aires_connues": 0}, "geometry": {"type": "Polygon", "coordinates": [[[4.491589230710425, 43.82256201327875], [4.491606245517946, 43.82321407964172], [4.491683, 43.82320600000001], [4.491831171619737, 43.82318344152979], [4.4925498603323035, 43.823073602099086], [4.49316499399343, 43.822969775089554], [4.493580443777381, 43.822913517116554], [4.493608465981662, 43.822900955494276], [4.493648210489974, 43.822878840950345], [4.493684677337643, 43.82285394126524], [4.493717495835568, 43.822826509549905], [4.493746332382355, 43.8227968246536], [4.493770893855346, 43.822765188329086], [4.493790930590102, 43.82273192216535], [4.493806238918067, 43.82269736431836], [4.493816663236604, 43.82266186607354], [4.493822097590402, 43.82262578827499], [4.493822486748154, 43.82258949765732], [4.493817826763621, 43.822553363117734], [4.493811918946913, 43.822531588165695], [4.491589230710425, 43.82256201327875]]]}}, {"type": "Feature", "properties": {"zone": "caveirac", "libelle": "Caveirac", "tissu": "Village de garrigue", "note": "Couverture au niveau de la m\u00e9diane du territoire : taux transposable.", "maille": "3203_25215", "surf_zone_m2": 21171, "aires_connues": 0}, "geometry": {"type": "MultiPolygon", "coordinates": [[[[4.255465913927701, 43.8256014166436], [4.255407020612973, 43.82565648621784], [4.255379033002423, 43.82568549791062], [4.25535511532167, 43.825716358977274], [4.255335498730404, 43.82574877116047], [4.255320372821359, 43.82578242121154], [4.255309883787732, 43.825816983917804], [4.255304133010011, 43.82585212524556], [4.25530317607586, 43.82588750556836], [4.255307022242554, 43.82592278294932], [4.255315634347158, 43.825957616445756], [4.255328929165378, 43.82599166940434], [4.255346778215541, 43.826024612714775], [4.255369009000049, 43.82605612799054], [4.255395406672243, 43.82608591064605], [4.255425716112609, 43.82611367284053], [4.25545964439427, 43.826139146259976], [4.255477972327541, 43.826150441889894], [4.255465913927701, 43.8256014166436]]], [[[4.255513884339045, 43.82778547317739], [4.255499504763586, 43.82713079919152], [4.255494103300643, 43.82713476758561], [4.255462376556749, 43.82716042357211], [4.255434181285915, 43.82718815696516], [4.255414294196195, 43.82721224155292], [4.255400912570969, 43.827218462211995], [4.25536333598605, 43.82723988402546], [4.255328776281538, 43.82726382054925], [4.255297553247484, 43.827290050295204], [4.255269955800411, 43.82731833055544], [4.255246239309839, 43.82734839964787], [4.255231113267131, 43.82737275089094], [4.255201440798279, 43.82735873413888], [4.255157800393252, 43.8273423189762], [4.25512136201988, 43.82733177552085], [4.2550974210717145, 43.82730494393288], [4.255066700400727, 43.82727702836021], [4.255032312084699, 43.8272514525785], [4.254994594225507, 43.827228468042286], [4.254906507456614, 43.82717998101235], [4.254903222726852, 43.827178352422436], [4.254900096911397, 43.8271765109418], [4.254868650089597, 43.827159772559426], [4.254827967384329, 43.82714026947271], [4.254784840084818, 43.82712374715777], [4.254771108114785, 43.82711967760575], [4.254749021962501, 43.82708988951196], [4.254722083861182, 43.827060765375435], [4.2546913609074934, 43.827033676062364], [4.254657144409428, 43.82700887842269], [4.254619758798108, 43.82698660757738], [4.254554340338367, 43.82695135967162], [4.254513490721872, 43.82693154388959], [4.254470137292653, 43.826914746155744], [4.2544635954643955, 43.82691278570679], [4.254454950197778, 43.826901787170414], [4.254452949796505, 43.82689974270933], [4.254270584799489, 43.82684666841549], [4.2539588054734505, 43.82657138022858], [4.253475131895552, 43.82653276567342], [4.253091020763733, 43.826744029128264], [4.253078767874723, 43.82677286601865], [4.253069163359917, 43.82680678332605], [4.253066292960942, 43.82682631709413], [4.253050017203347, 43.8268554298112], [4.253036322369993, 43.82688897615373], [4.2530271898884555, 43.82692332645283], [4.253022706013304, 43.82695815630758], [4.253022913098417, 43.82699313678751], [4.253023617062068, 43.82699814046094], [4.253003004626271, 43.82701812166011], [4.252977927413311, 43.82704813710598], [4.252957004823634, 43.82707977716919], [4.252940435564411, 43.8271127413667], [4.252928377000458, 43.82714671663978], [4.252920943659488, 43.82718138032695], [4.25291820614416, 43.827216403228306], [4.252920190461242, 43.82725145273186], [4.252926877774309, 43.827286195972356], [4.252938204582303, 43.82732030299251], [4.252954063322286, 43.82735344987663], [4.25297430339067, 43.82738532182686], [4.252998732573246, 43.82741561615298], [4.253021881804259, 43.827438800206295], [4.253018244617837, 43.827453066373856], [4.253014144255684, 43.827488764379105], [4.25301432298461, 43.82749656265864], [4.253038075012387, 43.8275379530627], [4.253051915697635, 43.82763789500194], [4.253066572608216, 43.827661990725176], [4.253083262518379, 43.82768609927456], [4.253106873268769, 43.82771644444242], [4.253134424380322, 43.82774499563511], [4.253165657930068, 43.82777148556128], [4.2532002815194945, 43.82779566622644], [4.253203369081691, 43.82779743941065], [4.253203631027161, 43.82779800102718], [4.2532123098162815, 43.827811944496304], [4.255513884339045, 43.82778547317739]]]]}}, {"type": "Feature", "properties": {"zone": "caveirac", "libelle": "Caveirac", "tissu": "Village de garrigue", "note": "Couverture au niveau de la m\u00e9diane du territoire : taux transposable.", "maille": "3203_25216", "surf_zone_m2": 58934, "aires_connues": 0}, "geometry": {"type": "Polygon", "coordinates": [[[4.252455987026106, 43.83007066284998], [4.255563295090031, 43.83003493590171], [4.255513884339045, 43.82778547317739], [4.2532123098162815, 43.827811944496304], [4.253223583861644, 43.827830057530974], [4.253258226530803, 43.827879160087264], [4.253258454828112, 43.82787944822842], [4.253276595665881, 43.82793116520804], [4.253278257516679, 43.82793508567132], [4.2532709125280945, 43.82794599976769], [4.2532519691115995, 43.82795232459345], [4.25321009912169, 43.827970074400305], [4.253170818179366, 43.82799069412674], [4.253134500343671, 43.82801398741975], [4.2531014914584375, 43.82803973246691], [4.253072105858962, 43.82806768410835], [4.253046623378635, 43.828097576171324], [4.253025286684096, 43.82812912400478], [4.253008298964215, 43.82816202718979], [4.252995821994993, 43.82819597240044], [4.252987974598762, 43.82823063638733], [4.252984831512378, 43.82826568905575], [4.2529854293625835, 43.82827888007895], [4.252983737687417, 43.828283549591816], [4.252976100150233, 43.828317787785394], [4.252975825666449, 43.82832090193615], [4.252931772545688, 43.82832368920738], [4.252881989544788, 43.828328684903994], [4.252833157482182, 43.82833729337877], [4.25278577528048, 43.828349426678194], [4.25274032704971, 43.82836496083509], [4.252697277141335, 43.82838373713533], [4.252657065404096, 43.82840556373929], [4.252620102690133, 43.828430217641774], [4.252607599320254, 43.828440430562374], [4.25258838446383, 43.82845104703692], [4.2525530012576205, 43.828474867778844], [4.252520978824992, 43.82850106233944], [4.252492619566522, 43.8285293833571], [4.25247723852806, 43.82854838594088], [4.252458387369992, 43.828555601139726], [4.252423158401416, 43.82857242596095], [4.252455987026106, 43.83007066284998]]]}}, {"type": "Feature", "properties": {"zone": "caveirac", "libelle": "Caveirac", "tissu": "Village de garrigue", "note": "Couverture au niveau de la m\u00e9diane du territoire : taux transposable.", "maille": "3203_25217", "surf_zone_m2": 32902, "aires_connues": 0}, "geometry": {"type": "Polygon", "coordinates": [[[4.255563295090031, 43.83003493590171], [4.252455987026106, 43.83007066284998], [4.252469515075668, 43.830688035225926], [4.252522159732149, 43.83066308106256], [4.252560669500492, 43.83064285753338], [4.252596333107746, 43.83062006225732], [4.252628824066465, 43.83059490391929], [4.252657844935134, 43.83056761283718], [4.252683130041103, 43.830538438853154], [4.2527044479126435, 43.83050764904643], [4.252721603397851, 43.830475525288165], [4.252734439451006, 43.8304423616609], [4.252739608999861, 43.83042149672014], [4.252748697923255, 43.83039690961845], [4.25275667800703, 43.83036152577483], [4.252759756260642, 43.83032574276438], [4.252759426243468, 43.8303193657867], [4.252768191245891, 43.830321640383374], [4.252815765486383, 43.830330270556445], [4.252856198311196, 43.83033460013924], [4.25285642130001, 43.83033416808074], [4.25285953056794, 43.83033495695955], [4.252864282756526, 43.830335465826934], [4.252913271021227, 43.83033717564889], [4.252956073521414, 43.83033713962334], [4.252969470559597, 43.8303574975502], [4.25299521423174, 43.83038826820392], [4.2530250720426235, 43.830417024987725], [4.253043698932822, 43.830431659164084], [4.253044013467168, 43.830432031784554], [4.253043996290526, 43.83045305124503], [4.253048909736922, 43.83048878529596], [4.253050599727785, 43.830494851236956], [4.253050003456204, 43.830495084998056], [4.253008184931546, 43.83051571379339], [4.252999949332611, 43.83052073505484], [4.2530416392897505, 43.830608478559405], [4.252840454880075, 43.83087386939053], [4.25285801726487, 43.83103905757196], [4.252870205811781, 43.83105762304195], [4.2528958541745405, 43.83108835650815], [4.25291394911835, 43.831105831257716], [4.252916773159118, 43.83111478962099], [4.252932352306335, 43.83114847334653], [4.25293714896816, 43.83115621130486], [4.252933535116319, 43.831158077439376], [4.252896603527402, 43.831181445635124], [4.252863032032584, 43.83120733422709], [4.25283314731408, 43.831235491298656], [4.252807240180118, 43.83126564285879], [4.252785562735006, 43.83129749550796], [4.252768325925784, 43.83133073929317], [4.25275569748928, 43.831365050723846], [4.252747800319637, 43.831400095919825], [4.2527447112721175, 43.831435533859995], [4.252746460414916, 43.831471019700906], [4.252753030736209, 43.83150620813228], [4.252764358309359, 43.83154075673733], [4.252780332914635, 43.83157432932469], [4.252797161900927, 43.8316047364862], [4.252817075197959, 43.83163623478727], [4.252841078724837, 43.83166620159463], [4.252868950191489, 43.83169435938602], [4.252900431485784, 43.83172044739205], [4.252935231063786, 43.83174422401128], [4.252973026649672, 43.8317654690477], [4.25300717534489, 43.83178110447661], [4.253027567985986, 43.83179206385219], [4.253069500097799, 43.831810269311845], [4.2531136994715135, 43.83182540547702], [4.253159738726256, 43.831837325989696], [4.253207172689631, 43.831845915585156], [4.253255542702469, 43.83185109120685], [4.253304381054029, 43.831852802809344], [4.253353215504746, 43.831851033842405], [4.253401573852773, 43.83184580141098], [4.253448988500166, 43.83183715610975], [4.253495000974543, 43.83182518153398], [4.2535975155626735, 43.83179430286287], [4.253641055991295, 43.831779357192], [4.253682393540631, 43.83176143080276], [4.253721139996975, 43.83174069204852], [4.253756931481649, 43.83171733569439], [4.253789431868354, 43.831691581087945], [4.253818335939835, 43.83166367009941], [4.2538433722542175, 43.8316338648498], [4.25386430569408, 43.831602445249395], [4.253880939674355, 43.83156970636881], [4.253893117988288, 43.83153595566787], [4.253893295124216, 43.83153515370765], [4.253922955962673, 43.8315280125405], [4.253968626326864, 43.83151317731583], [4.254012004812682, 43.83149509320262], [4.254052651800497, 43.83147394347561], [4.2540901553545165, 43.8314499424779], [4.254124135397623, 43.83142333344873], [4.254154247563282, 43.83139438605816], [4.254162474840615, 43.83138455600964], [4.254175040120017, 43.83137539843335], [4.254205262580506, 43.83134867568842], [4.2542318082223645, 43.83131997922412], [4.254254432682768, 43.8312895732087], [4.254272927696736, 43.83125773754738], [4.254287123014149, 43.83122476530567], [4.254296887966775, 43.831190960011355], [4.2543021326708885, 43.8311566328604], [4.254302787030217, 43.83112321442473], [4.254319445508988, 43.83113047331428], [4.254355092209019, 43.83114274407338], [4.255026820507508, 43.83101410532104], [4.255055199668619, 43.83098606896585], [4.255080410601229, 43.83095509548101], [4.2551012279061124, 43.83092245598818], [4.255105936346256, 43.83091258968137], [4.2551088197423015, 43.830910462309134], [4.25513556707153, 43.83090903256253], [4.255183256029298, 43.83090306833825], [4.255229918180129, 43.83089377627891], [4.25527511149667, 43.830881244407735], [4.255318407866495, 43.8308655914384], [4.2553593971477595, 43.83084696565057], [4.255397691054575, 43.83082554348495], [4.255432926835295, 43.83080152787201], [4.2554647707088655, 43.830775146309406], [4.255492921026672, 43.83074664870686], [4.255517186847422, 43.83071936896686], [4.255541861797884, 43.830688340496785], [4.255562156770772, 43.83065569102253], [4.255563841184458, 43.83065205218161], [4.255576747944279, 43.83064735739531], [4.255563295090031, 43.83003493590171]]]}}, {"type": "Feature", "properties": {"zone": "caveirac", "libelle": "Caveirac", "tissu": "Village de garrigue", "note": "Couverture au niveau de la m\u00e9diane du territoire : taux transposable.", "maille": "3204_25212", "surf_zone_m2": 10629, "aires_connues": 0}, "geometry": {"type": "Polygon", "coordinates": [[[4.258431159092554, 43.81912371801587], [4.258393902754389, 43.81917365409134], [4.258393571587068, 43.81917415367036], [4.258387734086458, 43.81917936702926], [4.258377546177817, 43.81919055686998], [4.25837685282405, 43.81919061081381], [4.25832913534094, 43.81919779885035], [4.258282619276932, 43.819208335552446], [4.258237751727158, 43.819222119645495], [4.258194963942693, 43.81923901864212], [4.258154667185715, 43.819258870115625], [4.258117248776716, 43.81928148326097], [4.258095182369325, 43.819297724585844], [4.258087599493103, 43.819299064174494], [4.25804189935486, 43.81931064812082], [4.2579979723170425, 43.81932539609498], [4.2579562350704325, 43.81934316819872], [4.257936806439508, 43.81935340450476], [4.2576467172280035, 43.81961399673726], [4.257576084771064, 43.819636943250984], [4.257558935819802, 43.81965203440181], [4.257531942088361, 43.819681162740864], [4.257508992227188, 43.81971205516237], [4.25749030418592, 43.819744418297105], [4.257476055442852, 43.81977794480871], [4.257468962782535, 43.819803144552836], [4.257464047076942, 43.819806005525535], [4.257428530500716, 43.81983130998789], [4.257396690710946, 43.819859061562006], [4.257368847563756, 43.81988898146607], [4.257345280767828, 43.819920769135706], [4.2572995818325445, 43.81999059665649], [4.257280563094017, 43.82002386163955], [4.2572662288830285, 43.82005833582276], [4.257256722603908, 43.82009367433532], [4.257252139364208, 43.82012952365929], [4.257252525022918, 43.82016552516594], [4.257257875731339, 43.82020131870347], [4.257268137971207, 43.82023654619985], [4.257283209089718, 43.82027085524498], [4.257302938326104, 43.82030390261612], [4.257327128319502, 43.82033535771152], [4.257355537083066, 43.82036490585783], [4.25738788042455, 43.82039225145813], [4.257423834789182, 43.820417120949124], [4.257463040496388, 43.82043926553798], [4.2575051053379696, 43.82045846369132], [4.2575496085017726, 43.82047452335158], [4.257664769580662, 43.82051099559591], [4.257711228161856, 43.82052374722773], [4.2577592126496855, 43.820533077595975], [4.257808243773748, 43.82053889350842], [4.2578578318092175, 43.820541136875484], [4.257907481468503, 43.820539785290265], [4.257956696848469, 43.820534852252486], [4.257999856595182, 43.820527286293384], [4.258035770424581, 43.82053011542415], [4.25804303254357, 43.82053016725261], [4.258071306678478, 43.82053366592308], [4.258119498026643, 43.82053618398682], [4.258167799378672, 43.82053530301664], [4.2582157545002035, 43.820531031333864], [4.258262910427402, 43.82052340928701], [4.25830882174571, 43.82051250887078], [4.258353054797251, 43.82049843304589], [4.258395191777173, 43.8204813147666], [4.258434834680194, 43.82046131572472], [4.25846025838624, 43.820445628533875], [4.258431159092554, 43.81912371801587]]]}}, {"type": "Feature", "properties": {"zone": "caveirac", "libelle": "Caveirac", "tissu": "Village de garrigue", "note": "Couverture au niveau de la m\u00e9diane du territoire : taux transposable.", "maille": "3204_25213", "surf_zone_m2": 18623, "aires_connues": 0}, "geometry": {"type": "Polygon", "coordinates": [[[4.25814570958393, 43.82325508806616], [4.258148051448307, 43.823235398731825], [4.258147470118136, 43.82320019110395], [4.258142140548739, 43.82316519303491], [4.258132113743171, 43.823130739393314], [4.2581174856481505, 43.82309715983798], [4.258098396235722, 43.82306477566371], [4.258075028163704, 43.82303389672713], [4.258047605027732, 43.82300481848205], [4.258016389221684, 43.82297781915255], [4.257981679426897, 43.82295315707101], [4.257943807754273, 43.82293106820645], [4.2579031365665685, 43.82291176390687], [4.25782282734842, 43.82287758985233], [4.257784135546438, 43.82286291346248], [4.257776353421905, 43.82285308703155], [4.257747987218556, 43.822824258173526], [4.257715847446972, 43.82279758579521], [4.257694088923596, 43.82278122719004], [4.257404711588953, 43.822789797293225], [4.257317385173282, 43.82258939577923], [4.257276166612076, 43.82258435277249], [4.257259237642101, 43.82258350043217], [4.257258687273887, 43.82258253223721], [4.257235445712205, 43.822550972075625], [4.257226856572763, 43.822541669028595], [4.25722640322441, 43.82254037320851], [4.257209982110847, 43.82250735407405], [4.257189198023761, 43.8224756496359], [4.2571642485302075, 43.822445561255684], [4.257135370789795, 43.822417374933394], [4.2571028393002335, 43.822391358588916], [4.257066963288007, 43.822367759515366], [4.257028083769029, 43.822346802028754], [4.256986570307163, 43.82232868533581], [4.2569013112241025, 43.82229546769468], [4.256857876159108, 43.82228046026387], [4.256812640443739, 43.822268563845746], [4.256766027974588, 43.82225988991937], [4.25675689492012, 43.822258858514175], [4.256680736125282, 43.82222065446952], [4.256640534702102, 43.82220247790123], [4.256598125365083, 43.82218715560913], [4.256553893545264, 43.82217482684694], [4.2565082412361175, 43.82216560366225], [4.256461583340273, 43.82215956987805], [4.2564143438989275, 43.82215678033116], [4.256366952238245, 43.82215726037381], [4.256319839067728, 43.82216100564321], [4.2562734325660125, 43.822167982101284], [4.256228154489685, 43.82217812634391], [4.2561844163404094, 43.822191346177156], [4.256142615625268, 43.822207521455184], [4.256103132244225, 43.822226505172], [4.256066325037592, 43.8222481247975], [4.256032528524823, 43.822272183845385], [4.25600204986431, 43.8222984636588], [4.255975166061793, 43.82232672539749], [4.255942441954909, 43.82236490266232], [4.255919375829947, 43.82239492086047], [4.255900366802303, 43.8224263942787], [4.255885587992982, 43.822459036290375], [4.2558781636472025, 43.822482928626336], [4.255839918640092, 43.822481597633235], [4.25579131771474, 43.82248335447347], [4.255743186797858, 43.822488542872314], [4.255695986977038, 43.82249711312567], [4.255650170420598, 43.822508983131705], [4.2556061760460855, 43.82252403917743], [4.255564425315689, 43.82254213702793], [4.255525318198822, 43.82256310330798], [4.25548922934057, 43.82258673716299], [4.255456504472667, 43.822612812183024], [4.255427457101406, 43.822641078571685], [4.255401514219021, 43.822669088850205], [4.255411209605496, 43.8231105701645], [4.255426135934947, 43.823124155444596], [4.255461189984094, 43.82315017250184], [4.255499689128051, 43.823173497566636], [4.2555412408535895, 43.823193892828684], [4.255585172720793, 43.823213187235424], [4.255643916746597, 43.823235256809035], [4.255715268790714, 43.823257835482515], [4.255767272216396, 43.82327184493052], [4.255812471487649, 43.82328198159077], [4.25814570958393, 43.82325508806616]]]}}, {"type": "Feature", "properties": {"zone": "caveirac", "libelle": "Caveirac", "tissu": "Village de garrigue", "note": "Couverture au niveau de la m\u00e9diane du territoire : taux transposable.", "maille": "3204_25214", "surf_zone_m2": 22432, "aires_connues": 1}, "geometry": {"type": "MultiPolygon", "coordinates": [[[[4.258571537177598, 43.82550020103263], [4.258544164283182, 43.824256934301076], [4.258528432798271, 43.82425618420583], [4.258480447103773, 43.824257255812874], [4.258432827870883, 43.8242616731813], [4.25838601909752, 43.824269395123935], [4.258340457225365, 43.82428034964206], [4.25829656707072, 43.82429443459665], [4.258254757863731, 43.824311518660636], [4.258215419432904, 43.82433144254333], [4.258178918570467, 43.82435402047563], [4.258145595612474, 43.82437904194193], [4.258054029291089, 43.82445479915705], [4.258023571100864, 43.82448266180481], [4.257997055631674, 43.82451256284786], [4.25797474126796, 43.82454421091774], [4.257956845457916, 43.824577297621765], [4.257943542594343, 43.82461150054791], [4.257934962315027, 43.824646486406586], [4.257931188239173, 43.82468191427837], [4.25793225715225, 43.82471743893588], [4.257938158647195, 43.82475271420802], [4.257948835225461, 43.82478739635313], [4.257964182856991, 43.8248211474087], [4.257984051993609, 43.82485363848463], [4.257986481098751, 43.824856741946746], [4.257962918397233, 43.82488116104366], [4.257938478715195, 43.82491288007727], [4.25791857844386, 43.824946220731704], [4.257905330173006, 43.82497648100587], [4.257900852145228, 43.824977386543196], [4.25785551989586, 43.82499012421812], [4.2578121231046575, 43.82500600702701], [4.257771076878594, 43.82502488304546], [4.257732773841773, 43.82504657171779], [4.257697580379922, 43.82507086558414], [4.257631557199048, 43.82512112757401], [4.257599610668171, 43.82514797927073], [4.257571466052202, 43.82517697519901], [4.257547396167384, 43.825207834296805], [4.257532828876312, 43.82523173478494], [4.257506547346666, 43.82524565162756], [4.257469164520711, 43.82527000327093], [4.257435370526508, 43.825296964246874], [4.257405511075745, 43.8253262587497], [4.257347241140633, 43.82538993134018], [4.257322460767469, 43.82542010901137], [4.257301858836144, 43.82545189085874], [4.257285631331137, 43.82548497455523], [4.257281755806315, 43.825496261480765], [4.257242339432298, 43.82550338547604], [4.25719501653148, 43.825515731047346], [4.257193982675275, 43.82551608990999], [4.258571537177598, 43.82550020103263]]], [[[4.256172173512329, 43.825527864333296], [4.256158552858174, 43.82552077654451], [4.256118540836517, 43.82550199436702], [4.256076227522712, 43.82548607372713], [4.256032002151716, 43.825473161076076], [4.255986271546289, 43.82546337519506], [4.2559394563748345, 43.825456806102636], [4.255891987281943, 43.825453514226616], [4.255844300927175, 43.825453529848375], [4.255796835968526, 43.825456852824196], [4.255750029027525, 43.82546345258666], [4.25570431067306, 43.825473268425775], [4.255660101460847, 43.825486210047444], [4.255617808065005, 43.82550215840397], [4.25557781953729, 43.82552096678915], [4.2555534771403245, 43.825534988986725], [4.256172173512329, 43.825527864333296]]], [[[4.255812471487649, 43.82328198159077], [4.255835980666908, 43.823287253891806], [4.255846167215763, 43.82328913622844], [4.255871327257715, 43.82330335102061], [4.255913145490153, 43.82332246514673], [4.255957379691459, 43.82333847674809], [4.2559962477381585, 43.823350836863746], [4.256063238817485, 43.82335027909888], [4.256071618992417, 43.823371898980945], [4.256080482174909, 43.82337363088167], [4.256108116918446, 43.82340184036091], [4.2561170914187745, 43.82340933637356], [4.2561191406450005, 43.823433873927215], [4.256127048187296, 43.82346931330915], [4.256139792045487, 43.82350400618796], [4.256157245474872, 43.823537607500235], [4.256165964168202, 43.823550364946975], [4.256165982535932, 43.823559501610845], [4.256170847785486, 43.82359469543989], [4.256180460214068, 43.82362937366716], [4.256194727020753, 43.82366320146905], [4.256213510465228, 43.823695852232404], [4.256236629197414, 43.82372701070795], [4.256263860008174, 43.82375637605421], [4.256294939984242, 43.823783664742336], [4.256329569046541, 43.823808613293586], [4.256439293417266, 43.82388024999611], [4.256476666435181, 43.8239023657376], [4.256516825448808, 43.823921753408776], [4.256521241845127, 43.8239234629319], [4.256528512188975, 43.823928816634194], [4.256564686053442, 43.823952942012035], [4.2566039752628395, 43.82397436171072], [4.256645995338197, 43.82399286611801], [4.256690335075166, 43.824008274150444], [4.256719010800252, 43.824015818083836], [4.256744021922953, 43.82403123334266], [4.2567819424414015, 43.824052411896105], [4.256822501568328, 43.82407085062452], [4.256865322952324, 43.824086378432305], [4.256910009249144, 43.82409885123454], [4.2569561458088385, 43.8241081532941], [4.257003304523526, 43.82411419829565], [4.257051047800061, 43.824116930146594], [4.25709893262075, 43.82411632349762], [4.2571097310049195, 43.824115429455155], [4.2571268681997, 43.824125829236145], [4.257165494699666, 43.8241470371828], [4.257206790403802, 43.82416542076249], [4.257250362701326, 43.824180805195766], [4.257295797335974, 43.824193044217104], [4.2573426623446355, 43.82420202146542], [4.257390512164361, 43.824207651590534], [4.2574388918687065, 43.82420988106466], [4.257487341493131, 43.82420868869128], [4.257535400408298, 43.82420408580679], [4.257582611699704, 43.824196116172594], [4.257628526511976, 43.82418485555913], [4.257672708316528, 43.824170411025335], [4.257714737061994, 43.82415291990088], [4.257754213167963, 43.82413254848033], [4.257790761324026, 43.8241094904421], [4.2578240340580535, 43.824083965007006], [4.257849058965207, 43.82406278726815], [4.257870619807115, 43.82405216474065], [4.257907917753136, 43.824029638342694], [4.257942001668746, 43.824004584468994], [4.258028715071799, 43.823934283406494], [4.258059015143898, 43.823907183043694], [4.258085551600746, 43.82387808739349], [4.258108075470561, 43.823847269445274], [4.258126375430617, 43.823815018347375], [4.258140279789782, 43.82378163669407], [4.258149658099155, 43.82374743768649], [4.258154422375729, 43.823712742193926], [4.2581545279275845, 43.82367787574329], [4.25814997377289, 43.8236431654649], [4.2581408026488035, 43.82360893702318], [4.2581271006101735, 43.82357551156114], [4.258108996221857, 43.823543202687475], [4.258086659352197, 43.82351231353406], [4.258060299579034, 43.82348313391207], [4.258035037310706, 43.82346033542091], [4.258081120495223, 43.82340289938286], [4.258103462519435, 43.823371624835026], [4.258121477339666, 43.82333891952412], [4.258134992592442, 43.823305096384125], [4.25814387896821, 43.82327047904417], [4.25814570958393, 43.82325508806616], [4.255812471487649, 43.82328198159077]]]]}}, {"type": "Feature", "properties": {"zone": "caveirac", "libelle": "Caveirac", "tissu": "Village de garrigue", "note": "Couverture au niveau de la m\u00e9diane du territoire : taux transposable.", "maille": "3204_25215", "surf_zone_m2": 58027, "aires_connues": 1}, "geometry": {"type": "Polygon", "coordinates": [[[4.255513884339045, 43.82778547317739], [4.258621066272254, 43.827749659169186], [4.258571537177598, 43.82550020103263], [4.257193982675275, 43.82551608990999], [4.257149658785223, 43.825531475196485], [4.257106730450097, 43.825550456775886], [4.25707215328881, 43.82556946729641], [4.2570366271520514, 43.825577752224326], [4.256992157954232, 43.82559171248463], [4.256949777613091, 43.82560874124413], [4.256909888894851, 43.825628676669055], [4.256872870887571, 43.82565132930176], [4.256861300993318, 43.825659940975214], [4.256823486402501, 43.825667263560405], [4.256777813741248, 43.8256796919346], [4.25673404361612, 43.82569530149224], [4.256692597551969, 43.82571394190734], [4.2566538746931295, 43.8257354336655], [4.256618247959606, 43.82575956979256], [4.256561589662925, 43.82580191600757], [4.256542646950897, 43.82577103971472], [4.256519105531327, 43.825740873849035], [4.256491667229913, 43.825712486333806], [4.256460586263538, 43.825686140174504], [4.256426150596584, 43.82566207946348], [4.256388679272904, 43.82564052711846], [4.256172173512329, 43.825527864333296], [4.2555534771403245, 43.825534988986725], [4.255540503728365, 43.82554246218768], [4.255506203904094, 43.82556644686662], [4.255475235587893, 43.8255927001943], [4.255465913927701, 43.8256014166436], [4.255477972327541, 43.826150441889894], [4.255496863613928, 43.826162084710354], [4.255718370403396, 43.826285536034476], [4.25575757006173, 43.82630528722093], [4.255799206436325, 43.82632222440846], [4.255842895357251, 43.82633619132032], [4.255888233715119, 43.826347059085975], [4.255934803180636, 43.82635472743013], [4.2559821740646475, 43.82635912559806], [4.256029909283019, 43.82636021300849], [4.256053067752458, 43.826359127768946], [4.256035517860797, 43.82638349709531], [4.256017309561649, 43.8264162699722], [4.256003625978884, 43.826450177128415], [4.255994696104647, 43.82648451820874], [4.25620869350435, 43.826451157778145], [4.255997964128049, 43.826596968073936], [4.256006107341407, 43.82662509371204], [4.256020750008749, 43.82665879025565], [4.256028523769466, 43.82667199220471], [4.256022102166579, 43.82667760484153], [4.255994281378417, 43.82670759826821], [4.255970753655472, 43.82673945963274], [4.255951756018923, 43.82677286796988], [4.255937479855775, 43.82680748672988], [4.255928068990574, 43.82684296716875], [4.255923618236215, 43.82687895186139], [4.255924172438455, 43.82691507830228], [4.255929726023766, 43.826950982557136], [4.25593683569666, 43.826974905162956], [4.255927301593137, 43.826974461365204], [4.255877228460877, 43.82697578914534], [4.255827594185255, 43.82698075879518], [4.255778902840098, 43.82698931984427], [4.255731648923586, 43.82700138534865], [4.255686312336506, 43.82701683277398], [4.255643353508701, 43.827035505239806], [4.255603208723214, 43.82705721311269], [4.255566285685618, 43.82708173593214], [4.255499504763586, 43.82713079919152], [4.255513884339045, 43.82778547317739]]]}}, {"type": "Feature", "properties": {"zone": "caveirac", "libelle": "Caveirac", "tissu": "Village de garrigue", "note": "Couverture au niveau de la m\u00e9diane du territoire : taux transposable.", "maille": "3204_25216", "surf_zone_m2": 62500, "aires_connues": 0}, "geometry": {"type": "Polygon", "coordinates": [[[4.255513884339045, 43.82778547317739], [4.255563295090031, 43.83003493590171], [4.2586705992650105, 43.829999120434024], [4.258621066272254, 43.827749659169186], [4.255513884339045, 43.82778547317739]]]}}, {"type": "Feature", "properties": {"zone": "caveirac", "libelle": "Caveirac", "tissu": "Village de garrigue", "note": "Couverture au niveau de la m\u00e9diane du territoire : taux transposable.", "maille": "3204_25217", "surf_zone_m2": 14766, "aires_connues": 0}, "geometry": {"type": "Polygon", "coordinates": [[[4.2586705992650105, 43.829999120434024], [4.255563295090031, 43.83003493590171], [4.255576747944279, 43.83064735739531], [4.255598286074209, 43.830639522974806], [4.255629450923467, 43.83062523884535], [4.255648811069582, 43.83063533040573], [4.255691037070243, 43.83065306992393], [4.255735462665541, 43.83066772618761], [4.255781659572383, 43.830679157903056], [4.255829182430464, 43.83068725486277], [4.255877573095952, 43.83069193900792], [4.25592636505845, 43.83069316518096], [4.255975087938631, 43.830690921560944], [4.256023272023204, 43.830685229777515], [4.256070452793423, 43.83067614470238], [4.2561161754035375, 43.8306637539203], [4.256152907979799, 43.83065228129581], [4.256182803982111, 43.83065327615134], [4.256230238475447, 43.830651571042885], [4.256277231878434, 43.83064659761268], [4.256323355469234, 43.83063840123346], [4.2563681884617655, 43.830627056681024], [4.256433813308253, 43.83060785868916], [4.256443093364772, 43.83060862445474], [4.256490931080522, 43.830609221476706], [4.256538626601493, 43.83060648735806], [4.256585738327713, 43.830600447413296], [4.256703421436932, 43.83058109121979], [4.256749509363316, 43.830571802226395], [4.25679415081951, 43.83055934985997], [4.256836932552464, 43.8305438493944], [4.256877458525816, 43.83052544432037], [4.256915353586174, 43.83050430501682], [4.256933090159383, 43.8304922762752], [4.2569429160148795, 43.83049232551056], [4.256966833393095, 43.830490731294255], [4.256989336019508, 43.83049916157846], [4.257034102772539, 43.830512126239775], [4.257080393630107, 43.83052189111472], [4.257127773319477, 43.830528364384044], [4.257175796329048, 43.83053148517945], [4.257224011097737, 43.830531224156], [4.257244772944968, 43.830529648012856], [4.257252671024307, 43.830532745218925], [4.2572968935497615, 43.83054625740267], [4.257621886399353, 43.830460261085065], [4.257827227114877, 43.83050710402092], [4.257868753719099, 43.83048704110462], [4.257874987143886, 43.830483321267714], [4.257907728840148, 43.8304847874666], [4.257957071600284, 43.830483444976444], [4.258096121494859, 43.830474640997956], [4.258145927405808, 43.830469639947985], [4.258194780939346, 43.83046102300394], [4.258219923541451, 43.83045458124034], [4.258237943255644, 43.83045668358376], [4.258287676111531, 43.83045883007505], [4.258337456042415, 43.830457362958406], [4.258386783283164, 43.830452296962896], [4.258445093971394, 43.83044413279941], [4.2584721017072455, 43.83045071082737], [4.258520319121001, 43.83045870093205], [4.258551449464225, 43.83046154432311], [4.258680327549883, 43.83044089442623], [4.2586705992650105, 43.829999120434024]]]}}, {"type": "Feature", "properties": {"zone": "caveirac", "libelle": "Caveirac", "tissu": "Village de garrigue", "note": "Couverture au niveau de la m\u00e9diane du territoire : taux transposable.", "maille": "3205_25212", "surf_zone_m2": 59626, "aires_connues": 0}, "geometry": {"type": "Polygon", "coordinates": [[[4.26157930204961, 43.820965396022544], [4.2615360737443755, 43.81900649030834], [4.261522099216962, 43.818995336367024], [4.261485228984863, 43.81897124738241], [4.261445223466408, 43.8189499420808], [4.261402481874701, 43.81893163306486], [4.261399166440496, 43.81893051960674], [4.261364038089519, 43.81890716699061], [4.261324307280922, 43.818885620656786], [4.26128180696358, 43.81886705059658], [4.261236960866418, 43.81885164195271], [4.261190216104518, 43.81883954834846], [4.261036043594445, 43.81880584348547], [4.261009574221908, 43.8187783378452], [4.260978016583796, 43.818751559337294], [4.26094299737568, 43.81872714081271], [4.260935448114364, 43.818722821533925], [4.258739423877191, 43.8187481930034], [4.258703533963403, 43.818789423524855], [4.25867947059069, 43.81882035011934], [4.258659731134521, 43.81885284244238], [4.258644507562534, 43.81888658451627], [4.258633947927628, 43.818921248209215], [4.258633056330937, 43.81892667324141], [4.25860166070483, 43.8189603530082], [4.258578049734784, 43.81898858186673], [4.258568784748473, 43.81899364507142], [4.258533861402632, 43.819016820556335], [4.258502143131846, 43.81904229764954], [4.258473917946206, 43.819069845016166], [4.258449442139284, 43.819099212522644], [4.258431159092554, 43.81912371801587], [4.25846025838624, 43.820445628533875], [4.2584716090601, 43.82043862482229], [4.258484657575698, 43.82042883861237], [4.258494742332363, 43.82043353574849], [4.258578796469346, 43.82046856600767], [4.258622672339903, 43.820484811148425], [4.258668553973683, 43.820497831326165], [4.258708796045508, 43.82050603241314], [4.258710553850965, 43.82050676076173], [4.258709179678415, 43.820622527104454], [4.25871126790248, 43.82065872245962], [4.258718370353471, 43.820694582532305], [4.258730415100904, 43.82072974410041], [4.258747280153818, 43.82076385101619], [4.258768794696062, 43.82079655781365], [4.2587947408161675, 43.82082753320796], [4.258824855714303, 43.82085646345097], [4.258858834363944, 43.82088305550929], [4.258896332601341, 43.82090704003248], [4.258936970611473, 43.820928174081516], [4.258980336775174, 43.82094624358945], [4.25902599183849, 43.82096106552998], [4.2590734733620055, 43.820972489771265], [4.259122300405079, 43.82098040059682], [4.259166232393707, 43.82098421852057], [4.2591849590077615, 43.82099306965636], [4.26157930204961, 43.820965396022544]]]}}, {"type": "Feature", "properties": {"zone": "caveirac", "libelle": "Caveirac", "tissu": "Village de garrigue", "note": "Couverture au niveau de la m\u00e9diane du territoire : taux transposable.", "maille": "3205_25213", "surf_zone_m2": 41709, "aires_connues": 3}, "geometry": {"type": "Polygon", "coordinates": [[[4.261628945561911, 43.823214846429764], [4.26157930204961, 43.820965396022544], [4.2591849590077615, 43.82099306965636], [4.259205839779088, 43.82100293894781], [4.259250112253879, 43.82101954582575], [4.259326493324419, 43.821044764043634], [4.259371240104334, 43.8210576805899], [4.259381182624391, 43.821059769605], [4.259403708996843, 43.821074140785626], [4.2594340162765, 43.82108989847388], [4.259458994045889, 43.82110777339054], [4.259493770432084, 43.82112809614295], [4.259480808959264, 43.82115925384745], [4.259471372688132, 43.8211940064466], [4.259466699147848, 43.821229262254086], [4.259463922482046, 43.821272494756556], [4.259463998480936, 43.82130708029349], [4.259468658476177, 43.8213415009066], [4.259477859455708, 43.82137543883067], [4.2594915164855065, 43.82140858075607], [4.259509503493395, 43.821440620721056], [4.259531654432662, 43.821471262936605], [4.2595577648147485, 43.821500224517024], [4.25956989360423, 43.82151120860872], [4.259567369235742, 43.821521057773666], [4.259563198779542, 43.821555281176366], [4.2595635536809615, 43.82158963656806], [4.259568430715038, 43.82162381097669], [4.259577785460733, 43.821657493078185], [4.259591532705319, 43.82169037603287], [4.259609547220376, 43.82172216028065], [4.25963166490236, 43.82175255626998], [4.259656620343159, 43.821780112301425], [4.259623281100342, 43.82180228846782], [4.259590376455373, 43.82182900306513], [4.259561299017931, 43.8218579517072], [4.259536336322359, 43.82188884813933], [4.2595157352161515, 43.82192138684597], [4.259499699418829, 43.82195524607155], [4.25944918596869, 43.822082147953026], [4.259431672744851, 43.822123187523715], [4.259419828918835, 43.82215651373104], [4.25941243453493, 43.82219050649849], [4.259409557180019, 43.82222485515864], [4.259411223159079, 43.82225924579094], [4.259417417254459, 43.82229336409067], [4.259428082864679, 43.82232689824137], [4.259443122521423, 43.822359541764776], [4.259462398780065, 43.82239099632181], [4.259485735475571, 43.82242097443917], [4.259512919332311, 43.82244920213677], [4.2595192051555495, 43.82245455613666], [4.2596604741668935, 43.82252557654991], [4.259662344313464, 43.8225426527191], [4.2596967554495, 43.822555742019645], [4.259740749526242, 43.82256876457456], [4.259744656392566, 43.82256961628229], [4.259744406309944, 43.82257193093068], [4.259745512520179, 43.82260799932637], [4.259751599878744, 43.82264380639126], [4.259762607245301, 43.82267899243111], [4.2597682838344735, 43.82269127082554], [4.259768723587992, 43.8227132612104], [4.259771223483494, 43.82272943533554], [4.259749355396296, 43.82279301020966], [4.259740103630232, 43.82282668154654], [4.259735324452134, 43.8228608378767], [4.25973531727419, 43.822861774461124], [4.259730697132099, 43.82286522798436], [4.259700401261489, 43.822890145696455], [4.259714294489401, 43.82301700189264], [4.2592287031575475, 43.82314212473211], [4.259155273060446, 43.82324343608885], [4.261628945561911, 43.823214846429764]]]}}, {"type": "Feature", "properties": {"zone": "caveirac", "libelle": "Caveirac", "tissu": "Village de garrigue", "note": "Couverture au niveau de la m\u00e9diane du territoire : taux transposable.", "maille": "3205_25214", "surf_zone_m2": 60127, "aires_connues": 1}, "geometry": {"type": "Polygon", "coordinates": [[[4.258571537177598, 43.82550020103263], [4.261678592981008, 43.825464299971806], [4.261628945561911, 43.823214846429764], [4.259155273060446, 43.82324343608885], [4.259033399283733, 43.823411584205026], [4.258920915742335, 43.82348637627276], [4.25892827132231, 43.823509765588064], [4.2589440601938575, 43.823543832970415], [4.258964461884157, 43.823576590854216], [4.258974454100573, 43.8235891245959], [4.258946603965359, 43.8236058693338], [4.2589120427008105, 43.823631226383554], [4.258881112620449, 43.82365893265296], [4.258854116679168, 43.82368871676887], [4.25883131929958, 43.823720287005855], [4.25881480332208, 43.823749989886956], [4.258814389869085, 43.82375022834478], [4.258779001978594, 43.82377517445682], [4.258691007328082, 43.82384369088959], [4.258660253032374, 43.823870068056856], [4.258633129832509, 43.82389845672375], [4.25860988715894, 43.82392859582821], [4.25859073875785, 43.82396020821084], [4.258575860725356, 43.823993003163366], [4.258565389887913, 43.8240266791021], [4.2585594225437955, 43.824060926341225], [4.258558013577264, 43.82409542994061], [4.258561175953537, 43.82412987260204], [4.258568517321877, 43.82416233140909], [4.25856652561133, 43.82417454533449], [4.258565526024396, 43.82420933997972], [4.2585691722069114, 43.82424404188782], [4.258572604105563, 43.824258290338605], [4.258544164283182, 43.824256934301076], [4.258571537177598, 43.82550020103263]]]}}, {"type": "Feature", "properties": {"zone": "caveirac", "libelle": "Caveirac", "tissu": "Village de garrigue", "note": "Couverture au niveau de la m\u00e9diane du territoire : taux transposable.", "maille": "3205_25215", "surf_zone_m2": 62500, "aires_connues": 1}, "geometry": {"type": "Polygon", "coordinates": [[[4.258571537177598, 43.82550020103263], [4.258621066272254, 43.827749659169186], [4.261728244307359, 43.82771375664534], [4.261678592981008, 43.825464299971806], [4.258571537177598, 43.82550020103263]]]}}, {"type": "Feature", "properties": {"zone": "caveirac", "libelle": "Caveirac", "tissu": "Village de garrigue", "note": "Couverture au niveau de la m\u00e9diane du territoire : taux transposable.", "maille": "3205_25216", "surf_zone_m2": 61047, "aires_connues": 0}, "geometry": {"type": "Polygon", "coordinates": [[[4.261728244307359, 43.82771375664534], [4.258621066272254, 43.827749659169186], [4.2586705992650105, 43.829999120434024], [4.260547490829737, 43.829977444067474], [4.260559297086518, 43.829947488360745], [4.260564185865082, 43.829927966542236], [4.260589252166227, 43.82992832625327], [4.26063840666326, 43.8299254952732], [4.260867929810517, 43.829903941784465], [4.260915452644888, 43.82989776785974], [4.260961698626301, 43.82988833239054], [4.260966782649007, 43.829890613122515], [4.261011089791118, 43.82990632546527], [4.261057329787602, 43.82991878170299], [4.261063476222483, 43.82991995096326], [4.261481771765399, 43.82977773231502], [4.261769972229353, 43.82960410847149], [4.261728244307359, 43.82771375664534]]]}}, {"type": "Feature", "properties": {"zone": "caveirac", "libelle": "Caveirac", "tissu": "Village de garrigue", "note": "Couverture au niveau de la m\u00e9diane du territoire : taux transposable.", "maille": "3206_25211", "surf_zone_m2": 16400, "aires_connues": 0}, "geometry": {"type": "Polygon", "coordinates": [[[4.264636347703769, 43.818679963580244], [4.264605834998253, 43.81730057326389], [4.2642168943467516, 43.817440075737665], [4.263658924100665, 43.81743752498719], [4.263217383049494, 43.81757095539466], [4.263119956669604, 43.81774510183332], [4.26312558089288, 43.81775364400849], [4.263113409007385, 43.81777852908945], [4.263101786804557, 43.81781243328894], [4.2630947581307295, 43.81784699355923], [4.263092389191856, 43.817881884404166], [4.26309470230768, 43.81791677721357], [4.263101675701221, 43.817951343358125], [4.263111149613986, 43.81798633392314], [4.263123050387749, 43.818021049867696], [4.263124122000984, 43.8180232246129], [4.263124240658, 43.81802372343918], [4.2631349572567645, 43.81805869960915], [4.263147631138928, 43.818092288201], [4.26315268417153, 43.81810190705184], [4.2631522469503205, 43.818102960529416], [4.263142814605599, 43.81813792151026], [4.263138200814839, 43.818173386348], [4.26313845077138, 43.81820900772393], [4.263143562036369, 43.81824443678558], [4.26315146290789, 43.81828139219292], [4.263134472061649, 43.81830041651215], [4.263210360863246, 43.81851213507207], [4.263122208680678, 43.81868391256908], [4.263123327767228, 43.81868587479852], [4.263131844100211, 43.818697401514825], [4.264636347703769, 43.818679963580244]]]}}, {"type": "Feature", "properties": {"zone": "caveirac", "libelle": "Caveirac", "tissu": "Village de garrigue", "note": "Couverture au niveau de la m\u00e9diane du territoire : taux transposable.", "maille": "3206_25212", "surf_zone_m2": 47278, "aires_connues": 0}, "geometry": {"type": "Polygon", "coordinates": [[[4.26157930204961, 43.820965396022544], [4.264686109512135, 43.820929409382934], [4.264636347703769, 43.818679963580244], [4.263131844100211, 43.818697401514825], [4.263146677021972, 43.81871747761747], [4.263174251022522, 43.818747242496514], [4.263205776400495, 43.81877487433996], [4.2632185398810005, 43.81878403015844], [4.263217194211345, 43.81880053834432], [4.2632191203248535, 43.81883590464767], [4.263225184531363, 43.81888533485793], [4.263232016532265, 43.81892084427912], [4.263243693246436, 43.81895568546657], [4.263250836726503, 43.81897041487896], [4.263246671749077, 43.81897635884198], [4.26322933748478, 43.81900833360145], [4.263216291439711, 43.81904135912868], [4.263207652423828, 43.819075134680254], [4.263203499115412, 43.819109352682105], [4.2632038693443315, 43.81914370153056], [4.263208759747244, 43.81917786842971], [4.263218125797926, 43.81921154224006], [4.263231882212475, 43.81924441631183], [4.263240687305723, 43.819259941180206], [4.263247109966967, 43.81929156585912], [4.26325925149564, 43.8193265432788], [4.263276166101733, 43.819360465423244], [4.26328282257657, 43.819370527320984], [4.263270652104329, 43.819386283031484], [4.26325129831221, 43.819418271036035], [4.2632363167419625, 43.8194514664474], [4.263209305519895, 43.819522880041795], [4.263198554399576, 43.81955817352826], [4.263192745481802, 43.81959406972626], [4.263191937337204, 43.81963020675634], [4.263196138122386, 43.81966622031049], [4.263202983790538, 43.81969274984487], [4.263155954409997, 43.81969015889244], [4.263106970119652, 43.819690962512404], [4.26305833298262, 43.819695253511384], [4.263010515427167, 43.819702990209606], [4.2629639819211445, 43.81971409745801], [4.262919184460685, 43.81972846736835], [4.2628765581800225, 43.81974596036092], [4.262836517125046, 43.81976640652037], [4.262799450231641, 43.81978960724604], [4.262765717547877, 43.81981533718097], [4.262735646736727, 43.81984334640069], [4.262709529893302, 43.819873362840845], [4.262687620707491, 43.81990509493968], [4.262670131999594, 43.81993823447005], [4.262571776925378, 43.82015627543975], [4.2625697455607146, 43.820161653392226], [4.262557816224882, 43.82015902818473], [4.262509789329291, 43.8201521050222], [4.262385179457068, 43.820138722526366], [4.26234052157097, 43.820124728282074], [4.262293217939933, 43.82011381182753], [4.262244646403471, 43.8201063659657], [4.262223460820225, 43.82010391116385], [4.262205477473698, 43.820102488232], [4.26218245427133, 43.82009746128665], [4.262134734126953, 43.82009066758019], [4.262132111344617, 43.820089113051104], [4.2621342504977395, 43.8200873190331], [4.2621619293532556, 43.8200589936131], [4.262185712904452, 43.82002887019072], [4.262205380157732, 43.819997228676826], [4.262220748369639, 43.819964363088225], [4.262231674744702, 43.81993057881532], [4.262238057762046, 43.81989618978452], [4.262239838118464, 43.81986151554112], [4.262236999279153, 43.81982687827997], [4.262235880222408, 43.81982171664067], [4.262223329006496, 43.8197750659699], [4.262217612237353, 43.81975899877212], [4.2622012441954436, 43.819726387262456], [4.262180615604338, 43.819695068348274], [4.262155918151116, 43.81966533304395], [4.262127381329565, 43.81963745764854], [4.262095270307567, 43.81961170117843], [4.2620295775926795, 43.81956386101735], [4.261992439641792, 43.81953941722728], [4.261952087114992, 43.8195178092098], [4.261908931281404, 43.81949925718982], [4.2618634119796015, 43.81948395024592], [4.2618159931349595, 43.81947204438333], [4.261767158031607, 43.81946366094406], [4.261740194015501, 43.819461072822044], [4.26174500925392, 43.81943721131669], [4.261750348919925, 43.81939754916247], [4.26175268851596, 43.81936091133187], [4.26174986682959, 43.819324291308675], [4.261741913165638, 43.81928806928477], [4.26172891010915, 43.8192526213193], [4.261710992667593, 43.819218315434355], [4.26168834686885, 43.81918550779421], [4.2616612078295475, 43.81915453900775], [4.2616425688928805, 43.81913741143978], [4.261631412631465, 43.81911435695875], [4.261610397023428, 43.81908177736243], [4.261584997067524, 43.81905087848156], [4.2615554662348645, 43.819021968653615], [4.2615360737443755, 43.81900649030834], [4.26157930204961, 43.820965396022544]]]}}, {"type": "Feature", "properties": {"zone": "caveirac", "libelle": "Caveirac", "tissu": "Village de garrigue", "note": "Couverture au niveau de la m\u00e9diane du territoire : taux transposable.", "maille": "3206_25213", "surf_zone_m2": 60755, "aires_connues": 2}, "geometry": {"type": "Polygon", "coordinates": [[[4.26157930204961, 43.820965396022544], [4.261628945561911, 43.823214846429764], [4.264735875236444, 43.823178858323665], [4.264686109512135, 43.820929409382934], [4.26157930204961, 43.820965396022544]], [[4.263082265511925, 43.82192744658728], [4.2630340618743086, 43.82193427666645], [4.2629870243351045, 43.82194451726588], [4.2629416120126615, 43.82195806843056], [4.262926026032132, 43.821964084167476], [4.2629146200746755, 43.82195328916018], [4.262881897806835, 43.821927840682285], [4.262845937062057, 43.82190479671672], [4.262828953240931, 43.82189587103353], [4.26281140117954, 43.82188197650436], [4.262779276009899, 43.82186113401948], [4.262791743635556, 43.82182018785728], [4.262799794375162, 43.82178597699821], [4.2628032575007015, 43.821751363813554], [4.262802100830471, 43.82171667003581], [4.26279633512417, 43.82168221814582], [4.26278601398258, 43.821648328375645], [4.262771233349043, 43.82161531573173], [4.262752130617368, 43.821583487067116], [4.2627313559171025, 43.82155636611203], [4.262890677110345, 43.82157351481255], [4.262993235583337, 43.82158482156962], [4.262993715823718, 43.821584857148416], [4.262994195672022, 43.821584926721485], [4.263233437392858, 43.82161095593534], [4.263304445489706, 43.821618681426116], [4.263352471429849, 43.82166390948882], [4.263347985621923, 43.82169715517892], [4.263347906082111, 43.82173159405166], [4.263352372531212, 43.82176588080743], [4.263361344092841, 43.82179970159572], [4.263374738651824, 43.82183274683085], [4.263392433605585, 43.821864714025715], [4.263414266986146, 43.82189531056084], [4.263435348737007, 43.821918988555815], [4.2634171652427355, 43.821922906595724], [4.263372489141771, 43.82193606335833], [4.263342974179741, 43.821947279872425], [4.263277257188347, 43.821935054117354], [4.263229138731785, 43.821927916114085], [4.263180282294773, 43.821924250714176], [4.263131164748327, 43.82192409369439], [4.263082265511925, 43.82192744658728]]]}}, {"type": "Feature", "properties": {"zone": "caveirac", "libelle": "Caveirac", "tissu": "Village de garrigue", "note": "Couverture au niveau de la m\u00e9diane du territoire : taux transposable.", "maille": "3206_25214", "surf_zone_m2": 62500, "aires_connues": 1}, "geometry": {"type": "Polygon", "coordinates": [[[4.261628945561911, 43.823214846429764], [4.261678592981008, 43.825464299971806], [4.264785644877161, 43.82542831039914], [4.264735875236444, 43.823178858323665], [4.261628945561911, 43.823214846429764]]]}}, {"type": "Feature", "properties": {"zone": "caveirac", "libelle": "Caveirac", "tissu": "Village de garrigue", "note": "Couverture au niveau de la m\u00e9diane du territoire : taux transposable.", "maille": "3206_25215", "surf_zone_m2": 62500, "aires_connues": 1}, "geometry": {"type": "Polygon", "coordinates": [[[4.261678592981008, 43.825464299971806], [4.261728244307359, 43.82771375664534], [4.264835418434748, 43.82767776560604], [4.264785644877161, 43.82542831039914], [4.261678592981008, 43.825464299971806]]]}}, {"type": "Feature", "properties": {"zone": "caveirac", "libelle": "Caveirac", "tissu": "Village de garrigue", "note": "Couverture au niveau de la m\u00e9diane du territoire : taux transposable.", "maille": "3206_25216", "surf_zone_m2": 52480, "aires_connues": 0}, "geometry": {"type": "MultiPolygon", "coordinates": [[[[4.264835418434748, 43.82767776560604], [4.261728244307359, 43.82771375664534], [4.261769972229353, 43.82960410847149], [4.261786345874638, 43.82959424425845], [4.26178774400896, 43.82956439625282], [4.261786994565146, 43.82953044660439], [4.261804814615749, 43.82952225123664], [4.261843091263985, 43.82950057994216], [4.261878263092712, 43.82947630736584], [4.2619099941906775, 43.82944966532773], [4.261937981509256, 43.8294209082776], [4.261961957756681, 43.829390310864596], [4.261981693950722, 43.82935816531412], [4.261997001605427, 43.82932477863673], [4.262007734531039, 43.82929046969606], [4.2620137902299335, 43.82925556616327], [4.262026122426758, 43.829138421649205], [4.262027448491496, 43.82910344012677], [4.262024076144464, 43.82906853069922], [4.262016037267625, 43.82903402330961], [4.262003407847865, 43.82900024410058], [4.261986307258505, 43.82896751233186], [4.261964897130764, 43.82893613736287], [4.2619393798258915, 43.82890641572893], [4.261909996522348, 43.82887862833871], [4.261884870505261, 43.82885912707085], [4.261916313789097, 43.828840437712365], [4.261925670840322, 43.82883362874781], [4.2619628542650325, 43.82881941856722], [4.262002983341119, 43.82880028587273], [4.262040374021584, 43.828778438361994], [4.262074677122719, 43.828754080066375], [4.262105572296532, 43.82872743846486], [4.26213277102242, 43.82869876235963], [4.262138934801063, 43.82869069111096], [4.262148389013148, 43.82869673403424], [4.26218714278677, 43.82871911767696], [4.262228782980792, 43.82873859616776], [4.262272895621282, 43.8287549758561], [4.26231904215264, 43.8287680938989], [4.262352565535846, 43.82877492618417], [4.262361288884994, 43.82878008659779], [4.262401863814981, 43.82879962894978], [4.262422500164598, 43.82880757834419], [4.262436475954345, 43.82882579297876], [4.262464206889415, 43.82885481775232], [4.262495730618053, 43.82888173713532], [4.2625307441279, 43.8289062923688], [4.262568910860246, 43.828928247418546], [4.262609863945121, 43.82894739124402], [4.262653209727821, 43.82896353982708], [4.262698531552943, 43.82897653794088], [4.262745393769582, 43.828986260642125], [4.2627701358253125, 43.8289895390551], [4.262772779897488, 43.82900146410844], [4.262784994243302, 43.829035226023954], [4.262801667607185, 43.829067972914224], [4.262822643254482, 43.82909939693376], [4.262847724004902, 43.8291292026726], [4.262876674085968, 43.82915710993331], [4.262909221349278, 43.829182856365314], [4.262962278129578, 43.82922094258899], [4.262998499694774, 43.82924451206797], [4.263037732686296, 43.829265403101545], [4.263079600694871, 43.82928341525518], [4.263123702028934, 43.82929837571488], [4.263169613568664, 43.82931014094549], [4.263216894825676, 43.82931859806765], [4.263265092169386, 43.829323665941104], [4.2633137431795, 43.82932529594302], [4.263362381082865, 43.829323472434645], [4.263410539232079, 43.82931821291131], [4.263457755582913, 43.82930956783454], [4.26350357712755, 43.82929762014796], [4.263547564241089, 43.82928248448143], [4.263589294899634, 43.82926430605109], [4.2636283687294565, 43.82924325926622], [4.263663316986452, 43.82922243433018], [4.263664833971494, 43.82922572705472], [4.263684492164714, 43.829257671035585], [4.263708339400962, 43.8292880832998], [4.263736150603865, 43.8293166768002], [4.263767663281869, 43.82934318165563], [4.263802580005646, 43.82936734769838], [4.263840571215319, 43.829388946835394], [4.263881278331, 43.82940777520136], [4.263924317137308, 43.8294236550829], [4.263969281409901, 43.82943643659605], [4.264015746749786, 43.82944599910107], [4.264063274589225, 43.82945225234109], [4.264111416331405, 43.82945513729416], [4.264159717584794, 43.82945462673026], [4.264207722452208, 43.82945072546841], [4.2642549778341, 43.82944347033118], [4.264329512148308, 43.829429256247], [4.264356077669742, 43.829437854719785], [4.26440291060848, 43.82944913285004], [4.264451057339934, 43.8294569941387], [4.264500043460854, 43.82946136112617], [4.26454938629679, 43.829462190783225], [4.264598599658261, 43.82945947493497], [4.264647198631625, 43.82945324034151], [4.264728951798398, 43.82943969214726], [4.2647749377402855, 43.82943036814064], [4.264819475986323, 43.829417893431184], [4.264862155691176, 43.82940238309279], [4.2648734675977265, 43.82939723382897], [4.264858391120023, 43.82871592943695], [4.264834575616188, 43.828705016649124], [4.264829429249687, 43.82870313140404], [4.264830360132639, 43.82870282356987], [4.2648578432999695, 43.82869117320775], [4.264835418434748, 43.82767776560604]]], [[[4.264885195909667, 43.829927223941084], [4.264874662669196, 43.82945123829663], [4.2647491290168205, 43.82945269409718], [4.2646996351937645, 43.82945505930123], [4.264650713140374, 43.8294609825656], [4.264602849687563, 43.82947040494708], [4.264556521132528, 43.829483232682115], [4.264512188499278, 43.82949933811998], [4.264470292951104, 43.82951856099287], [4.264431251400631, 43.82954071001068], [4.26439545236115, 43.82956556476456], [4.264363252080466, 43.82959287792001], [4.264334970995786, 43.82962237767811], [4.264310890544872, 43.82965377048023], [4.264291250365241, 43.82968674392902], [4.264276245909248, 43.82972096989722], [4.26426602649883, 43.829756107792804], [4.264260693839247, 43.82979180794825], [4.264260301006645, 43.82982771510012], [4.26426431928953, 43.82989696965574], [4.264268644738613, 43.8299315695012], [4.26426937440031, 43.829934364175614], [4.264885195909667, 43.829927223941084]]], [[[4.26310114381016, 43.82994789984104], [4.263111394087345, 43.82994191813649], [4.263113206038377, 43.82993999360886], [4.263190528826975, 43.829769246973875], [4.263190662033027, 43.829768370940506], [4.263194599666399, 43.82972152458221], [4.263195132552828, 43.829685497477094], [4.263190687835769, 43.82964961227612], [4.2631875940591915, 43.829637938996356], [4.263189684026457, 43.829615918032204], [4.263191056289393, 43.82956550133296], [4.263189660226247, 43.82953054031933], [4.263183583879651, 43.82949584242657], [4.263172884625373, 43.829461735240486], [4.2631576634839945, 43.8294285407694], [4.263138064166875, 43.82939657240408], [4.263114271719095, 43.82936613195905], [4.263086510772205, 43.82933750682312], [4.2630550434232966, 43.82931096724636], [4.263020166760397, 43.82928676378869], [4.262982210057577, 43.8292651249544], [4.262941531666267, 43.829246255035024], [4.2628985156320764, 43.82923033218059], [4.2628535680691275, 43.82921750671799], [4.262807113326069, 43.82920789973159], [4.26275958997999, 43.82920160192033], [4.262711446696042, 43.829198672741406], [4.262614420798282, 43.82919619597697], [4.262564134809119, 43.82919675470422], [4.262514183999112, 43.829200987923684], [4.262465079373925, 43.829208852328854], [4.262417323283066, 43.82922026746548], [4.2624013336005895, 43.82922543814324], [4.262359565520128, 43.82923417066665], [4.2623153025033425, 43.829246855210584], [4.262272917943696, 43.82926254597786], [4.262232800348195, 43.82928109914386], [4.262195317445413, 43.82930234464655], [4.262160812814881, 43.829326087745116], [4.262129602737793, 43.829352110805054], [4.26211359095368, 43.82936837471179], [4.26208951399341, 43.82938068318044], [4.262053503250126, 43.82940310954706], [4.262020612918037, 43.82942792123685], [4.261991143178424, 43.82945489180351], [4.261965362995307, 43.829483775097046], [4.2619435076606225, 43.829514307510486], [4.261940683261491, 43.8295193893686], [4.261894096188723, 43.82972580615558], [4.261894128808754, 43.82975263885651], [4.261897041902545, 43.82977393417243], [4.2620058543899235, 43.82996057900558], [4.26310114381016, 43.82994789984104]]]]}}, {"type": "Feature", "properties": {"zone": "caveirac", "libelle": "Caveirac", "tissu": "Village de garrigue", "note": "Couverture au niveau de la m\u00e9diane du territoire : taux transposable.", "maille": "3207_25210", "surf_zone_m2": 18324, "aires_connues": 0}, "geometry": {"type": "Polygon", "coordinates": [[[4.267680475020778, 43.81582286448978], [4.267680326734308, 43.81582016477023], [4.267673522505158, 43.81578488468107], [4.2676620758504145, 43.815750682890666], [4.267667126525113, 43.81572290719909], [4.267668790214433, 43.81568836658623], [4.26766587142906, 43.81565386965511], [4.267658397085741, 43.815619734435515], [4.267646436098955, 43.81558627562195], [4.267630098745294, 43.81555380167259], [4.267609535646548, 43.815522611965555], [4.267584936380886, 43.81549299403898], [4.267556527734908, 43.815465220940304], [4.2675245716127606, 43.81543954870917], [4.267382649193757, 43.8153359949565], [4.267378330257299, 43.8153307285548], [4.267348473442163, 43.81530150310849], [4.2673146980005185, 43.81527460731802], [4.267266701430174, 43.815240064877486], [4.267230398173632, 43.815216389038426], [4.267191060647711, 43.81519540803], [4.267149068833356, 43.81517732451652], [4.267124681902393, 43.815169049732944], [4.267114548337237, 43.81514949984123], [4.267093177815191, 43.81511799826134], [4.26708244378638, 43.81510543811943], [4.267071662897198, 43.8150824014201], [4.2670515249203955, 43.8150501830269], [4.267027118049321, 43.8150195510461], [4.266998677876069, 43.81499080115045], [4.266966478922651, 43.81496421084553], [4.266930831991067, 43.81494003679136], [4.266892081163231, 43.814918512325], [4.26685060047974, 43.81489984520846], [4.2668067903295395, 43.81488421562333], [4.266761073585299, 43.81487177443177], [4.266750730698282, 43.81486977243143], [4.266727168564314, 43.814851090923575], [4.266691058419188, 43.814827553365355], [4.266651947572054, 43.81480668079331], [4.266591645516001, 43.81477768106286], [4.266549585310091, 43.81475954892179], [4.266505266280362, 43.8147445001045], [4.266459118161911, 43.81473268052975], [4.2664324881333044, 43.81472793174114], [4.265900159912499, 43.814945744420676], [4.26574035275775, 43.815223026585485], [4.265744844043462, 43.81524392666084], [4.265757009176418, 43.815278082611], [4.265773732713333, 43.81531121238333], [4.2657948540677415, 43.81534299783629], [4.265820170420477, 43.81537313373718], [4.265849438667088, 43.81540133069333], [4.265873395694107, 43.815420231554235], [4.265873398684951, 43.8154202539694], [4.265880406352216, 43.815454981909994], [4.265892051363836, 43.8154890506068], [4.2659082230211585, 43.81552213617544], [4.26592876759087, 43.81555392407731], [4.265953489766252, 43.815584112110024], [4.265982154523696, 43.81561241328038], [4.266014489356869, 43.81563855853283], [4.266032654605488, 43.81565063940934], [4.266030675967605, 43.815658301870435], [4.266026455693576, 43.815693656310565], [4.266027063497656, 43.81572913984751], [4.2660324934815685, 43.815764407617635], [4.266032786219824, 43.815765403826106], [4.266345041450864, 43.815877769137394], [4.266845438570215, 43.816185072227796], [4.2667201473606555, 43.81640575636902], [4.267693148963207, 43.816394448714824], [4.267682145951392, 43.81589822270819], [4.267681571850727, 43.81589833989782], [4.267681852369468, 43.81589507718179], [4.2676808299478965, 43.81587348104912], [4.267681433890573, 43.815866109109756], [4.267680475020778, 43.81582286448978]]]}}, {"type": "Feature", "properties": {"zone": "caveirac", "libelle": "Caveirac", "tissu": "Village de garrigue", "note": "Couverture au niveau de la m\u00e9diane du territoire : taux transposable.", "maille": "3207_25211", "surf_zone_m2": 51155, "aires_connues": 0}, "geometry": {"type": "Polygon", "coordinates": [[[4.264636347703769, 43.818679963580244], [4.267743029048413, 43.81864388990621], [4.267693148963207, 43.816394448714824], [4.2667201473606555, 43.81640575636902], [4.266633617154227, 43.8165581669927], [4.266634924972896, 43.816567008388745], [4.266640688187334, 43.81660820906968], [4.266647924927044, 43.81664293910832], [4.266659801751446, 43.81667699311821], [4.266672142772424, 43.8167018602929], [4.266640199925548, 43.816715611238045], [4.26654427143817, 43.816761725905266], [4.266506003533608, 43.81678209383516], [4.266470594596216, 43.81680501309839], [4.266438367826296, 43.81683027449844], [4.266409617379923, 43.816857647460544], [4.266384605683955, 43.8168868821362], [4.266363561040615, 43.816917711683566], [4.266346675543483, 43.81694985470305], [4.266340197210815, 43.8169669433064], [4.266331921745347, 43.81697657035447], [4.266310066437436, 43.81700874615705], [4.266292740555735, 43.817042336772154], [4.266282151712448, 43.81707141807371], [4.266261114274602, 43.81707923586921], [4.266220022840729, 43.81709841416924], [4.266181731648958, 43.81712042222887], [4.2661466110200585, 43.81714504720645], [4.266115000613309, 43.81717205095157], [4.266087206141565, 43.81720117230816], [4.26606890339812, 43.81722506984967], [4.266052413348543, 43.8172160225227], [4.265953128943417, 43.81716677479159], [4.265910399847119, 43.81714779805028], [4.265865248733382, 43.81713203351935], [4.26583149023896, 43.817123154293036], [4.265806007587916, 43.817111677256335], [4.265762289664088, 43.817096058905676], [4.26571666929714, 43.81708361616343], [4.26566958519022, 43.81707446868349], [4.265621490121582, 43.81706870443122], [4.265580353875379, 43.81706673775411], [4.265544915931592, 43.817044736878856], [4.265504649465677, 43.81702436259003], [4.265466289200674, 43.81700878711425], [4.26518341269504, 43.81694034088569], [4.2648442570943015, 43.81704865030251], [4.264625634149641, 43.81729347178972], [4.264605834998253, 43.81730057326389], [4.264636347703769, 43.818679963580244]]]}}, {"type": "Feature", "properties": {"zone": "caveirac", "libelle": "Caveirac", "tissu": "Village de garrigue", "note": "Couverture au niveau de la m\u00e9diane du territoire : taux transposable.", "maille": "3207_25212", "surf_zone_m2": 62500, "aires_connues": 0}, "geometry": {"type": "Polygon", "coordinates": [[[4.264636347703769, 43.818679963580244], [4.264686109512135, 43.820929409382934], [4.267792913058711, 43.82089333423885], [4.267743029048413, 43.81864388990621], [4.264636347703769, 43.818679963580244]]]}}, {"type": "Feature", "properties": {"zone": "caveirac", "libelle": "Caveirac", "tissu": "Village de garrigue", "note": "Couverture au niveau de la m\u00e9diane du territoire : taux transposable.", "maille": "3207_25213", "surf_zone_m2": 62500, "aires_connues": 3}, "geometry": {"type": "Polygon", "coordinates": [[[4.264686109512135, 43.820929409382934], [4.264735875236444, 43.823178858323665], [4.267842800994568, 43.82314278170948], [4.267792913058711, 43.82089333423885], [4.264686109512135, 43.820929409382934]]]}}, {"type": "Feature", "properties": {"zone": "caveirac", "libelle": "Caveirac", "tissu": "Village de garrigue", "note": "Couverture au niveau de la m\u00e9diane du territoire : taux transposable.", "maille": "3207_25214", "surf_zone_m2": 62500, "aires_connues": 0}, "geometry": {"type": "Polygon", "coordinates": [[[4.264735875236444, 43.823178858323665], [4.264785644877161, 43.82542831039914], [4.267892692856444, 43.82539223231478], [4.267842800994568, 43.82314278170948], [4.264735875236444, 43.823178858323665]]]}}, {"type": "Feature", "properties": {"zone": "caveirac", "libelle": "Caveirac", "tissu": "Village de garrigue", "note": "Couverture au niveau de la m\u00e9diane du territoire : taux transposable.", "maille": "3207_25215", "surf_zone_m2": 62500, "aires_connues": 0}, "geometry": {"type": "Polygon", "coordinates": [[[4.264785644877161, 43.82542831039914], [4.264835418434748, 43.82767776560604], [4.267942588644805, 43.82764168605145], [4.267892692856444, 43.82539223231478], [4.264785644877161, 43.82542831039914]]]}}, {"type": "Feature", "properties": {"zone": "caveirac", "libelle": "Caveirac", "tissu": "Village de garrigue", "note": "Couverture au niveau de la m\u00e9diane du territoire : taux transposable.", "maille": "3207_25216", "surf_zone_m2": 61690, "aires_connues": 0}, "geometry": {"type": "Polygon", "coordinates": [[[4.264885195909667, 43.829927223941084], [4.267992488360112, 43.8298911429162], [4.267942588644805, 43.82764168605145], [4.264835418434748, 43.82767776560604], [4.2648578432999695, 43.82869117320775], [4.264873782600511, 43.828684416389414], [4.264875154849279, 43.828683690579695], [4.264877250280652, 43.82868675650613], [4.264900768770876, 43.82871733144957], [4.264928277337669, 43.828746108540756], [4.264959515970857, 43.82877281577327], [4.264994189401766, 43.82879720070503], [4.265031969894071, 43.82881903284447], [4.2650725003415975, 43.82883810582931], [4.265115397643783, 43.82885423937719], [4.265160256326914, 43.82886728098987], [4.265167855255428, 43.82886889039889], [4.26516097585774, 43.828877360541775], [4.265140214855464, 43.828909985334164], [4.2651240486851485, 43.82894394563467], [4.2651126383373095, 43.82897890326783], [4.265106097444829, 43.82901451012604], [4.265105873082132, 43.82901952475299], [4.265094797137787, 43.82898669943035], [4.265065880168965, 43.828915933715805], [4.265050192757297, 43.828883367960735], [4.265030272225315, 43.82885203857413], [4.265006301455613, 43.82882223316806], [4.264978500512052, 43.82879422536357], [4.264947124619355, 43.82876827227893], [4.264912461819953, 43.82874461216915], [4.264874830329627, 43.82872346223903], [4.264858391120023, 43.82871592943695], [4.2648734675977265, 43.82939723382897], [4.264902583154657, 43.829383980201804], [4.264940385453527, 43.82936285451684], [4.264975213881653, 43.82933920091298], [4.2650067471666855, 43.82931323758396], [4.265034694433621, 43.82928520402934], [4.265058797887926, 43.82925535884514], [4.2650788351934334, 43.829223977338415], [4.265094621523121, 43.82919134898753], [4.265106011263832, 43.829157774771815], [4.265112899359232, 43.829123564395154], [4.265113195621745, 43.829119160357045], [4.265116467849488, 43.82913925101053], [4.265124736572532, 43.82917469318176], [4.26513784668408, 43.82920936165458], [4.265155667468317, 43.82924291074021], [4.265178021237167, 43.829275005910965], [4.265204685101788, 43.82930532713598], [4.26523539319482, 43.829333572072414], [4.265269839321252, 43.8293594590804], [4.265307680011479, 43.829382730031334], [4.265348537946091, 43.82940315288198], [4.265353540285918, 43.82940515197771], [4.2653298008843255, 43.829422918047854], [4.265299745741185, 43.829450290201756], [4.2652735009083775, 43.829479644270926], [4.2652513140381405, 43.82951070327052], [4.265236506640936, 43.829537534806626], [4.265222940550997, 43.82952891616953], [4.265183286881534, 43.829508330529386], [4.265141036985814, 43.82949065774098], [4.265096597749015, 43.829476068000005], [4.265050397139459, 43.8294647018112], [4.265002880087261, 43.829456668635125], [4.264954504199686, 43.82945204583421], [4.264905735354439, 43.82945087792766], [4.264874662669196, 43.82945123829663], [4.264885195909667, 43.829927223941084]]]}}, {"type": "Feature", "properties": {"zone": "caveirac", "libelle": "Caveirac", "tissu": "Village de garrigue", "note": "Couverture au niveau de la m\u00e9diane du territoire : taux transposable.", "maille": "3207_25217", "surf_zone_m2": 13846, "aires_connues": 0}, "geometry": {"type": "Polygon", "coordinates": [[[4.267992488360112, 43.8298911429162], [4.264885195909667, 43.829927223941084], [4.264901565271372, 43.83066692208292], [4.264918062918159, 43.83066750406813], [4.265139364882056, 43.83066763731117], [4.265186927990109, 43.83066601544935], [4.26523405871608, 43.83066110756137], [4.265280324857186, 43.830652958654085], [4.265325302139579, 43.83064164345541], [4.265368578109267, 43.830627265729156], [4.265409755914607, 43.83060995732324], [4.265448457945681, 43.830589876960694], [4.265484329297173, 43.830567208784], [4.265517041023002, 43.83054216066628], [4.265546293152836, 43.83051496230519], [4.265571817442841, 43.83048586311619], [4.26559337983544, 43.83045512994545], [4.265610782605528, 43.830423044622634], [4.265623866173451, 43.83038990137642], [4.265632510568157, 43.83035600413635], [4.265636636527092, 43.83032166374561], [4.265641038091279, 43.83023971128336], [4.265640621499831, 43.83020541759261], [4.265635698593189, 43.83017130824894], [4.265635184060498, 43.83016946519381], [4.265643729727344, 43.830176626190685], [4.265677839734956, 43.830200251744806], [4.265714890965686, 43.83022142907533], [4.265754549448546, 43.83023996729294], [4.265796457710089, 43.83025569929676], [4.265816570239986, 43.83026157222275], [4.265831158930803, 43.83026788959359], [4.265874478165449, 43.83028275391423], [4.2659195734042505, 43.83029452919437], [4.2659660254716725, 43.83030310597851], [4.266013402579288, 43.83030840454224], [4.266061264339605, 43.83031037563341], [4.266109165859852, 43.83030900093001], [4.266156661877657, 43.83030429321041], [4.266203310900147, 43.83029629623463], [4.26624867930803, 43.83028508433754], [4.266292345386426, 43.83027076173786], [4.266333903245053, 43.830253461569285], [4.266372966591256, 43.83023334464302], [4.266373451562341, 43.83023303995422], [4.266377287076206, 43.830237950863946], [4.266405762654143, 43.83026719381137], [4.266438107722836, 43.83029424587216], [4.266474002731304, 43.830318839782784], [4.266487996855541, 43.83032667728369], [4.266757529923738, 43.83014849649914], [4.266887108485066, 43.83036145720101], [4.2669527914478085, 43.830402465296046], [4.266974242938225, 43.83040041581043], [4.267020522643812, 43.83039268523097], [4.267063158133342, 43.830382377053446], [4.267067422997894, 43.83038482263265], [4.267108435474123, 43.830403927871025], [4.267151836109343, 43.83042003263878], [4.267178780336255, 43.83042772276403], [4.267188672879059, 43.83043117611419], [4.267233338832299, 43.830443108764456], [4.267279376521369, 43.83045189419357], [4.2673263638611765, 43.83045745185437], [4.267373870059495, 43.83045973079273], [4.267421459566802, 43.8304587101147], [4.267502170117106, 43.830454172114884], [4.267550441936161, 43.83044972912268], [4.2675978826979835, 43.83044189169161], [4.267644038056647, 43.830430734881794], [4.267688465977366, 43.83041636554349], [4.267696332151718, 43.830413119666545], [4.267697415100518, 43.830413469714784], [4.267744420079559, 43.830424757745654], [4.267792743028946, 43.83043260484373], [4.267841904585126, 43.83043693316573], [4.267891417065099, 43.8304376997746], [4.267940789304499, 43.83043489706558], [4.267989531530232, 43.83042855284159], [4.268004355131196, 43.83042606605724], [4.267992488360112, 43.8298911429162]]]}}, {"type": "Feature", "properties": {"zone": "caveirac", "libelle": "Caveirac", "tissu": "Village de garrigue", "note": "Couverture au niveau de la m\u00e9diane du territoire : taux transposable.", "maille": "3208_25210", "surf_zone_m2": 9737, "aires_connues": 0}, "geometry": {"type": "MultiPolygon", "coordinates": [[[[4.270799704190895, 43.816358288013724], [4.270781921439742, 43.81555825800077], [4.2706666668974975, 43.81554000359743], [4.270533302698102, 43.815747296464195], [4.270065838731294, 43.81575029599258], [4.26994672086856, 43.815806764565025], [4.269942377760669, 43.81582193058636], [4.269937198558382, 43.81585742758997], [4.2699369000518, 43.81589312149822], [4.26994148518537, 43.81592866131859], [4.269941843424999, 43.815929993214624], [4.269923689977242, 43.81593991575992], [4.269887996558586, 43.81596371742818], [4.269741241031709, 43.816071627397555], [4.269708252002293, 43.816098436778425], [4.269679115863137, 43.816127492669594], [4.269654122552226, 43.81615850593781], [4.269633520783763, 43.81619116797159], [4.2696175155730085, 43.81622515375207], [4.269606266195927, 43.81626012508727], [4.269599884603928, 43.81629573397728], [4.269598434309514, 43.816331626077236], [4.269601929753894, 43.816367444223324], [4.26960306603152, 43.81637222751967], [4.270799704190895, 43.816358288013724]]], [[[4.267693148963207, 43.816394448714824], [4.268843802569692, 43.81638106528354], [4.268812688870034, 43.81635917592532], [4.268775187328013, 43.816337468461306], [4.268734968731647, 43.8163184817743], [4.268692408227824, 43.81630239296509], [4.268683124778358, 43.81629967275521], [4.268669798130626, 43.81628874940053], [4.268633407435167, 43.81626433021431], [4.26856711532615, 43.81622410709818], [4.268567086817784, 43.8162234388202], [4.2685610547169075, 43.816190009244465], [4.268549960256843, 43.81618394284702], [4.268369197955286, 43.81595802402144], [4.268346702357826, 43.81594170612226], [4.26789329178444, 43.81584038791674], [4.267879529126056, 43.81584214971659], [4.267831155209732, 43.81585207684318], [4.267784413560664, 43.81586549143953], [4.2677397823357905, 43.815882256277696], [4.267715809854455, 43.815893622163316], [4.267685866969246, 43.81589746314679], [4.267682145951392, 43.81589822270819], [4.267693148963207, 43.816394448714824]]], [[[4.267681433890573, 43.815866109109756], [4.267682281810984, 43.815855759088095], [4.267680475020778, 43.81582286448978], [4.267681433890573, 43.815866109109756]]]]}}, {"type": "Feature", "properties": {"zone": "caveirac", "libelle": "Caveirac", "tissu": "Village de garrigue", "note": "Couverture au niveau de la m\u00e9diane du territoire : taux transposable.", "maille": "3208_25211", "surf_zone_m2": 61572, "aires_connues": 0}, "geometry": {"type": "Polygon", "coordinates": [[[4.267693148963207, 43.816394448714824], [4.267743029048413, 43.81864388990621], [4.2708497064679625, 43.81860772773148], [4.270799704190895, 43.816358288013724], [4.26960306603152, 43.81637222751967], [4.269610336162917, 43.816402831986956], [4.269623569892751, 43.816437437221644], [4.269641499261871, 43.816470915567265], [4.269646135350006, 43.81647752858586], [4.26963037839919, 43.81647869664223], [4.269582386329919, 43.81648576181373], [4.269535587222849, 43.81649621204108], [4.2693959497817, 43.81653293803541], [4.269352208825234, 43.81654618408127], [4.269310409523634, 43.81656238718646], [4.2692709320936535, 43.81658139996431], [4.269255493281895, 43.8165904835222], [4.269234949392208, 43.81657710918188], [4.2691962439479, 43.81655434646092], [4.269154583988597, 43.816534505886565], [4.2691103886586905, 43.81651778707507], [4.269064102609714, 43.81650435823438], [4.269016191526868, 43.816494354472006], [4.268976125612923, 43.81648906340659], [4.268947410764532, 43.81646184684608], [4.268914827775356, 43.81643645530163], [4.268885606318506, 43.81641768035503], [4.268878170179044, 43.81640991977677], [4.268847123553367, 43.81638340168696], [4.268843802569692, 43.81638106528354], [4.267693148963207, 43.816394448714824]]]}}, {"type": "Feature", "properties": {"zone": "caveirac", "libelle": "Caveirac", "tissu": "Village de garrigue", "note": "Couverture au niveau de la m\u00e9diane du territoire : taux transposable.", "maille": "3208_25212", "surf_zone_m2": 60100, "aires_connues": 0}, "geometry": {"type": "Polygon", "coordinates": [[[4.267743029048413, 43.81864388990621], [4.267792913058711, 43.82089333423885], [4.270899712679734, 43.820857170590486], [4.2708497064679625, 43.81860772773148], [4.267743029048413, 43.81864388990621]], [[4.269440955346664, 43.82044962136368], [4.269474901751063, 43.82043823653898], [4.269517504026195, 43.820420025074554], [4.269557395411926, 43.820398837968575], [4.2695941808599684, 43.82037488504089], [4.269627496082017, 43.820348403501384], [4.269657011157347, 43.820319655601004], [4.269700709454781, 43.82027234626888], [4.269725593006136, 43.82024234655856], [4.269746335660012, 43.82021073912996], [4.269762741378411, 43.82017782271445], [4.2697746551138644, 43.8201439084144], [4.269776450288507, 43.820135412496725], [4.2697939105046645, 43.820137948292185], [4.269842301199199, 43.82014146696752], [4.269890935186067, 43.82014154531496], [4.269939347026671, 43.82013818258467], [4.26998707340852, 43.82013141095884], [4.2700336575794875, 43.82012129524344], [4.270054788263494, 43.820115019836486], [4.270067715880724, 43.820144035572774], [4.270086617945395, 43.82017570351574], [4.270109620245691, 43.82020591583496], [4.270227047943645, 43.82034404967607], [4.2702551343771065, 43.820373667954115], [4.270287158766802, 43.82040111148925], [4.27029106117675, 43.82040384811247], [4.270290462566813, 43.8204081567198], [4.270290384225623, 43.82044365532773], [4.270295135498023, 43.82047898689898], [4.270304670183352, 43.820513807808595], [4.270318895558385, 43.82054777939745], [4.270337673278817, 43.82058057126617], [4.270360820724458, 43.82061186448837], [4.270388112775114, 43.82064135471269], [4.270419283999828, 43.82066875512289], [4.270454031238265, 43.820693799227435], [4.270537550593383, 43.820748330364474], [4.270527236365847, 43.8207515389589], [4.270484924830998, 43.82076839379046], [4.270445071497697, 43.82078814144163], [4.270408052414943, 43.82081059557853], [4.270374216889632, 43.82083554432929], [4.270352929997997, 43.82085463833979], [4.270350252400919, 43.820830210322356], [4.270341448906125, 43.820794942482884], [4.270327845281703, 43.8207604833006], [4.2703095763909875, 43.82072717437452], [4.270286823343925, 43.82069534590046], [4.27025981170143, 43.820665313397754], [4.270228809239147, 43.820637374581516], [4.270194123292783, 43.820611806411584], [4.270156097711355, 43.82058886234694], [4.270115109448529, 43.82056876983337], [4.270071564825875, 43.82055172804885], [4.270025895505048, 43.820537905929186], [4.269978554208847, 43.82052744049337], [4.269871134809332, 43.820507868454406], [4.269847233212421, 43.82050284677474], [4.269798962295026, 43.82049457093608], [4.269749792611044, 43.820489819281704], [4.269700213691161, 43.82048863911875], [4.269650719140152, 43.820491042196885], [4.269601801722878, 43.82049700459116], [4.269553948458605, 43.8205064669404], [4.2695399531709075, 43.820510355569354], [4.269503447498412, 43.820507829501736], [4.26947243759765, 43.820495709450164], [4.269440471145448, 43.82048601709333], [4.26944100443362, 43.82048197532355], [4.269440955346664, 43.82044962136368]]]}}, {"type": "Feature", "properties": {"zone": "caveirac", "libelle": "Caveirac", "tissu": "Village de garrigue", "note": "Couverture au niveau de la m\u00e9diane du territoire : taux transposable.", "maille": "3208_25213", "surf_zone_m2": 62500, "aires_connues": 0}, "geometry": {"type": "Polygon", "coordinates": [[[4.267792913058711, 43.82089333423885], [4.267842800994568, 43.82314278170948], [4.270949722826673, 43.823106616587395], [4.270899712679734, 43.820857170590486], [4.267792913058711, 43.82089333423885]]]}}, {"type": "Feature", "properties": {"zone": "caveirac", "libelle": "Caveirac", "tissu": "Village de garrigue", "note": "Couverture au niveau de la m\u00e9diane du territoire : taux transposable.", "maille": "3208_25214", "surf_zone_m2": 62500, "aires_connues": 1}, "geometry": {"type": "Polygon", "coordinates": [[[4.267842800994568, 43.82314278170948], [4.267892692856444, 43.82539223231478], [4.270999736909245, 43.825356065718914], [4.270949722826673, 43.823106616587395], [4.267842800994568, 43.82314278170948]]]}}, {"type": "Feature", "properties": {"zone": "caveirac", "libelle": "Caveirac", "tissu": "Village de garrigue", "note": "Couverture au niveau de la m\u00e9diane du territoire : taux transposable.", "maille": "3208_25215", "surf_zone_m2": 62500, "aires_connues": 0}, "geometry": {"type": "Polygon", "coordinates": [[[4.267892692856444, 43.82539223231478], [4.267942588644805, 43.82764168605145], [4.2710497549279145, 43.827605517981745], [4.270999736909245, 43.825356065718914], [4.267892692856444, 43.82539223231478]]]}}, {"type": "Feature", "properties": {"zone": "caveirac", "libelle": "Caveirac", "tissu": "Village de garrigue", "note": "Couverture au niveau de la m\u00e9diane du territoire : taux transposable.", "maille": "3208_25216", "surf_zone_m2": 60942, "aires_connues": 0}, "geometry": {"type": "Polygon", "coordinates": [[[4.271099776883145, 43.8298549733726], [4.2710497549279145, 43.827605517981745], [4.267942588644805, 43.82764168605145], [4.267992488360112, 43.8298911429162], [4.268806459890282, 43.829881676664144], [4.26880869738314, 43.829851727264966], [4.268913006437372, 43.82979457165536], [4.269741599117031, 43.82983607415302], [4.269752708467674, 43.829821393328515], [4.269772047076962, 43.82978843097456], [4.269786765568206, 43.82975424064453], [4.2697967182633825, 43.82971916076087], [4.269799568374137, 43.82969920805894], [4.269833470413374, 43.82969250351376], [4.269973219686471, 43.829659375789106], [4.270021676236015, 43.829645821949164], [4.270067914949964, 43.82962868217066], [4.27011143112892, 43.829608143536596], [4.270126331958734, 43.82959937965956], [4.270127615588277, 43.829611329178235], [4.270135846515874, 43.82964532288251], [4.270149235356557, 43.829688367713295], [4.2701583338393405, 43.82971197253346], [4.270259701030065, 43.82967996785441], [4.270486182369585, 43.829862122769626], [4.271099776883145, 43.8298549733726]]]}}, {"type": "Feature", "properties": {"zone": "caveirac", "libelle": "Caveirac", "tissu": "Village de garrigue", "note": "Couverture au niveau de la m\u00e9diane du territoire : taux transposable.", "maille": "3209_25211", "surf_zone_m2": 60724, "aires_connues": 0}, "geometry": {"type": "Polygon", "coordinates": [[[4.270799704190895, 43.816358288013724], [4.2708497064679625, 43.81860772773148], [4.27395637995281, 43.81857147705625], [4.27391668608071, 43.816790147527655], [4.273661, 43.816635], [4.273249, 43.81642899999999], [4.272949880763995, 43.81633721894562], [4.272937265632365, 43.81633335510161], [4.270799704190895, 43.816358288013724]], [[4.2722930942740325, 43.818076949167725], [4.2722933085700765, 43.81811184112682], [4.2722955561822475, 43.81812783262114], [4.2722771624890505, 43.818132949706964], [4.272284724658856, 43.81809975278765], [4.272287918518156, 43.8180647444009], [4.272289202384491, 43.818010728847135], [4.272288199319048, 43.81798722700023], [4.272304136965472, 43.8179845583208], [4.272317468197273, 43.81798128228327], [4.272306623759555, 43.81800793842196], [4.2722975466185344, 43.818042206114], [4.2722930942740325, 43.818076949167725]]]}}, {"type": "Feature", "properties": {"zone": "caveirac", "libelle": "Caveirac", "tissu": "Village de garrigue", "note": "Couverture au niveau de la m\u00e9diane du territoire : taux transposable.", "maille": "3209_25212", "surf_zone_m2": 62376, "aires_connues": 0}, "geometry": {"type": "Polygon", "coordinates": [[[4.2708497064679625, 43.81860772773148], [4.270899712679734, 43.820857170590486], [4.274006508365588, 43.82082091843799], [4.27395637995281, 43.81857147705625], [4.2708497064679625, 43.81860772773148]], [[4.271375416226186, 43.82067603277008], [4.271427892417793, 43.820632220425196], [4.271449482060093, 43.82061234600634], [4.271443703904606, 43.82063146976848], [4.27143800825233, 43.82066622389123], [4.271437041448836, 43.82069980757788], [4.271402482270487, 43.82071321679706], [4.271377451168942, 43.820725278309425], [4.2713340755437565, 43.820720883923386], [4.27132288841348, 43.820720162943466], [4.271348026822232, 43.82069940357327], [4.271364730815938, 43.82068411020823], [4.271375416226186, 43.82067603277008]], [[4.273439075101255, 43.820319802869285], [4.273421580933511, 43.82033454998039], [4.273413773211665, 43.82033246049306], [4.273412871459289, 43.82033050592501], [4.273393696406364, 43.820299210051665], [4.273372011363851, 43.820271316808984], [4.273394500875546, 43.82026812036395], [4.273486120346026, 43.820251750259715], [4.273532491945267, 43.82024170764295], [4.273577294979621, 43.82022844764248], [4.273620104768652, 43.820212095948065], [4.273625171865038, 43.82020967738209], [4.2736401197037805, 43.82021858564653], [4.27364567119697, 43.82022128232678], [4.273632902192352, 43.820224777693504], [4.273588796492513, 43.820240620845325], [4.273556766791074, 43.8202535950764], [4.273514539637423, 43.82027277323767], [4.273475177167632, 43.820294916705635], [4.273439075101255, 43.820319802869285]]]}}, {"type": "Feature", "properties": {"zone": "caveirac", "libelle": "Caveirac", "tissu": "Village de garrigue", "note": "Couverture au niveau de la m\u00e9diane du territoire : taux transposable.", "maille": "3209_25213", "surf_zone_m2": 40287, "aires_connues": 0}, "geometry": {"type": "Polygon", "coordinates": [[[4.274006508365588, 43.82082091843799], [4.270899712679734, 43.820857170590486], [4.270949722826673, 43.823106616587395], [4.27200041669288, 43.82309436628695], [4.271966340363489, 43.82307633524324], [4.271924623875422, 43.82305849106403], [4.271880706414472, 43.8230436716486], [4.271870817859726, 43.82304115005508], [4.271850442268354, 43.823019515858626], [4.271868289787428, 43.823015603671266], [4.271913606350505, 43.82300201400383], [4.271956852794031, 43.822985257440905], [4.2719976081761475, 43.82296549708437], [4.272035475803171, 43.82294292527372], [4.272070087090916, 43.82291776171369], [4.272101105152356, 43.82289025133578], [4.272128228076698, 43.822860661914056], [4.2721511918679385, 43.82282928145861], [4.272169773014322, 43.822796415412164], [4.272183790663687, 43.82276238367694], [4.272193108383522, 43.82272751750076], [4.272197635488652, 43.82269215625295], [4.272204874256153, 43.82257057016742], [4.272204584011426, 43.82253528460638], [4.27219952341682, 43.82250018916138], [4.272189741111267, 43.822465621085065], [4.2721753311069515, 43.82243191256171], [4.27215643188559, 43.822399387515006], [4.272133225067389, 43.82236835849549], [4.272132380973721, 43.822367454294564], [4.272137070884779, 43.82234874888767], [4.272141033176046, 43.8223133389571], [4.272141453380167, 43.822303675361404], [4.272168443407686, 43.82229545317109], [4.2722106954214984, 43.822278943725074], [4.2722505508711315, 43.82225956041449], [4.272287638053135, 43.82223748401507], [4.272321611083062, 43.82221292041904], [4.272352153121311, 43.82218609871479], [4.272378979328049, 43.82215726905022], [4.2724018395196195, 43.82212670029979], [4.272420520501695, 43.82209467755666], [4.272434848057401, 43.82206149947394], [4.272444688571874, 43.82202747547914], [4.272449950278132, 43.821992922888434], [4.2724568469457855, 43.821911841353156], [4.272457424562664, 43.821875972304795], [4.272453068452252, 43.82184023974102], [4.272443821884409, 43.82180499852304], [4.27242977669587, 43.82177059863194], [4.27241107237787, 43.821737381692856], [4.2724085744061675, 43.8217339647891], [4.2724277112473965, 43.821703145106454], [4.272443343774193, 43.821669393466365], [4.272454295241969, 43.8216346888917], [4.272460458546085, 43.82159937081824], [4.272465302205824, 43.821553445654104], [4.272466765292894, 43.82155527835267], [4.2724942196168865, 43.82158316498311], [4.2725252099240345, 43.82160903638832], [4.272559455709053, 43.821632658392176], [4.272596646998404, 43.8216538171789], [4.272636447156035, 43.8216723212284], [4.272678495930467, 43.821688003049914], [4.272722412715712, 43.82170072069817], [4.272767799996466, 43.82171035905824], [4.272814246946403, 43.8217168308876], [4.27290035726859, 43.82172577813205], [4.272909489631716, 43.82172704252512], [4.272961824856723, 43.821732731702895], [4.273009708191404, 43.821736231444184], [4.2730578345433505, 43.82173636263464], [4.2731057529179175, 43.82173312404491], [4.273153014269537, 43.82172654602399], [4.273199175709978, 43.82171669021489], [4.273243804658904, 43.821703648976914], [4.273286482897778, 43.821687544520124], [4.273296368884246, 43.82168288271602], [4.273319250086585, 43.82168257518479], [4.273367891152978, 43.82167843174369], [4.273415733102535, 43.821670843216], [4.273462311631643, 43.821659883248124], [4.273482809373768, 43.82165338389083], [4.2734865301758544, 43.8216641092959], [4.273526405518136, 43.821650984915465], [4.274028060350434, 43.82178797972845], [4.274006508365588, 43.82082091843799]]]}}, {"type": "Feature", "properties": {"zone": "caveirac", "libelle": "Caveirac", "tissu": "Village de garrigue", "note": "Couverture au niveau de la m\u00e9diane du territoire : taux transposable.", "maille": "3209_25214", "surf_zone_m2": 50884, "aires_connues": 0}, "geometry": {"type": "Polygon", "coordinates": [[[4.270949722826673, 43.823106616587395], [4.270999736909245, 43.825356065718914], [4.274106777025949, 43.82531981061171], [4.274070073125873, 43.823673046843155], [4.274057165272601, 43.82367813640538], [4.274048695971394, 43.8236780615101], [4.27399765469156, 43.823681430662425], [4.273947363694328, 43.823688586356965], [4.273898357420219, 43.82369945255053], [4.273762413481218, 43.82373524097038], [4.27371789239305, 43.8237487675825], [4.273675393444877, 43.82376535698768], [4.27363531743637, 43.82378485273509], [4.273598042318113, 43.823807070964854], [4.273569727090751, 43.82382759305594], [4.273534343597383, 43.82383217424788], [4.273286577241057, 43.82387316813228], [4.273178281208132, 43.82387443251155], [4.273130463609444, 43.823876662728395], [4.27308316461765, 43.82388221528066], [4.273036823565764, 43.82389103859394], [4.272991870889548, 43.82390305071366], [4.272948724129627, 43.823918140066205], [4.272907784053375, 43.82393616649518], [4.27286943093254, 43.8239569625633], [4.27283402101119, 43.8239803351074], [4.272818251394154, 43.823992961440055], [4.272794920482103, 43.82399931429953], [4.272777548232152, 43.82400036538405], [4.272729107367232, 43.824006837593465], [4.272681788846765, 43.824016748488134], [4.272636057149545, 43.82403000078289], [4.2726276353836665, 43.82403317390761], [4.272629868363018, 43.824015309289], [4.272629614612265, 43.823980913899106], [4.272627830973525, 43.82395663436353], [4.272622717943904, 43.82392086114924], [4.272619062308287, 43.82390800726312], [4.2725766664159535, 43.82391573182549], [4.272562187886388, 43.82379689407867], [4.272554454248246, 43.82378671579582], [4.272526288117903, 43.823757091875464], [4.272494179618935, 43.82372965071107], [4.272458449274307, 43.82370466622919], [4.2724272954152696, 43.823686867824904], [4.272421012885622, 43.82367272664937], [4.272425763486481, 43.823651703300854], [4.2724289028417, 43.823616878436574], [4.272427369471486, 43.82358199714117], [4.272413380543512, 43.82345615858752], [4.272407061599589, 43.823421036538306], [4.2723960057499815, 43.82338653413082], [4.272380320044745, 43.82335298541379], [4.272360156358991, 43.823320715201795], [4.272335709922172, 43.82329003593056], [4.272307217427646, 43.82326124463201], [4.272274954740864, 43.823234620058564], [4.272239234228338, 43.82321041998441], [4.272200401733293, 43.82318887870984], [4.2721588332272455, 43.82317020479294], [4.27211493116997, 43.82315457903042], [4.272094132230699, 43.823148937226065], [4.272005459660734, 43.82309703470553], [4.27200041669288, 43.82309436628695], [4.270949722826673, 43.823106616587395]]]}}, {"type": "Feature", "properties": {"zone": "caveirac", "libelle": "Caveirac", "tissu": "Village de garrigue", "note": "Couverture au niveau de la m\u00e9diane du territoire : taux transposable.", "maille": "3209_25215", "surf_zone_m2": 57293, "aires_connues": 0}, "geometry": {"type": "Polygon", "coordinates": [[[4.274106777025949, 43.82531981061171], [4.270999736909245, 43.825356065718914], [4.2710497549279145, 43.827605517981745], [4.273256382113856, 43.82757977859723], [4.2732598239781066, 43.827574936612365], [4.273277442870827, 43.827542964964515], [4.273290762866963, 43.827509921130016], [4.273299662166035, 43.82747610728652], [4.273304059394226, 43.82744183265257], [4.273303914348239, 43.82740741066], [4.2732992283626565, 43.82737315608764], [4.2732900442974335, 43.82733938218266], [4.2732764461456645, 43.82730639779616], [4.273275113178671, 43.82730365119004], [4.273305737107724, 43.82727945591279], [4.273336653419308, 43.82725250630233], [4.273363804737617, 43.827223508605485], [4.27337317662031, 43.82721104022119], [4.273386612227068, 43.82720246803541], [4.273419331940654, 43.82717714501487], [4.273549871751069, 43.82706581889987], [4.273580251348234, 43.82703710248841], [4.27360649669971, 43.82700632376187], [4.273625502758579, 43.826978022514034], [4.273631061054548, 43.8269745808802], [4.273664443681928, 43.82694947697214], [4.273694316938945, 43.82692215380519], [4.2737204008655, 43.82689286744591], [4.273756333041736, 43.826847882123246], [4.273780001910465, 43.826837256101875], [4.273818847724994, 43.82681571987912], [4.273854581647582, 43.826791523804175], [4.273886857642681, 43.826764902186774], [4.273915363161877, 43.8267361128248], [4.273939822170441, 43.82670543450761], [4.274015755016055, 43.82659834576136], [4.274016267455464, 43.82659752784339], [4.274016864175567, 43.82659677200643], [4.274120479551219, 43.8264488591445], [4.274131543130321, 43.82643091844095], [4.274124513786152, 43.8261155578808], [4.274100606504156, 43.82606301651891], [4.274121786385109, 43.825993196367534], [4.274106777025949, 43.82531981061171]]]}}, {"type": "Feature", "properties": {"zone": "caveirac", "libelle": "Caveirac", "tissu": "Village de garrigue", "note": "Couverture au niveau de la m\u00e9diane du territoire : taux transposable.", "maille": "3209_25216", "surf_zone_m2": 22016, "aires_connues": 0}, "geometry": {"type": "Polygon", "coordinates": [[[4.2710497549279145, 43.827605517981745], [4.271099776883145, 43.8298549733726], [4.271471911226401, 43.829850635705924], [4.271486935926373, 43.82983557722759], [4.271511404616099, 43.82980519111015], [4.271531660038653, 43.82977322128533], [4.271547508809637, 43.82973997298978], [4.2715573582983675, 43.829710130635426], [4.271558778718988, 43.82971010432433], [4.271607146176529, 43.82970749535464], [4.271654932404597, 43.82970148737605], [4.271701682720274, 43.82969213755414], [4.271746952297829, 43.82967953485197], [4.271790310401412, 43.82966379918347], [4.271831344483648, 43.82964508027242], [4.271869664111127, 43.82962355622782], [4.271904904679431, 43.829599431849054], [4.271936730882337, 43.829572936677174], [4.271964839902197, 43.82954432281073], [4.2719889642911335, 43.82951386250704], [4.272008874515632, 43.82948184559154], [4.272024381140332, 43.8294485767001], [4.272035336630244, 43.82941437238042], [4.272041636754248, 43.82937955807993], [4.272043221576528, 43.829344465049466], [4.2720417798328105, 43.829279680723545], [4.272038600784115, 43.82924443101057], [4.27203849981629, 43.82924398758642], [4.2720582654607275, 43.82922266950189], [4.272081340346356, 43.82919158089244], [4.27210009892654, 43.829159005849135], [4.27211436088328, 43.829125257514704], [4.272123989125235, 43.8290906603101], [4.27212889110528, 43.82905554681579], [4.272129019709848, 43.82902025457462], [4.272125212239834, 43.82896089794988], [4.272120471378857, 43.828925296379495], [4.272110873551094, 43.828890211158665], [4.272096513524227, 43.82885598868185], [4.272096209707764, 43.828855460107356], [4.2721206750939915, 43.82884729725573], [4.2720746627723045, 43.82853456218018], [4.271893455285891, 43.828326045385275], [4.271969294348192, 43.828135902901856], [4.2722756547628356, 43.828119457424705], [4.272643304201316, 43.827887615379396], [4.272708942780897, 43.827869851592126], [4.272717289069141, 43.82785640589363], [4.272732510792765, 43.82782391554992], [4.272735924365472, 43.827815299476555], [4.272741716980078, 43.82781430474877], [4.272945888788539, 43.827771421202954], [4.272990867440686, 43.827760260252305], [4.273034167839719, 43.82774603999038], [4.273075394011072, 43.82772889045953], [4.273114168949637, 43.82770896848967], [4.273150138067515, 43.82768645626418], [4.273182972436712, 43.827661559653656], [4.273212371797137, 43.827634506333204], [4.273238067302367, 43.82760554370031], [4.273256382113856, 43.82757977859723], [4.2710497549279145, 43.827605517981745]]]}}, {"type": "Feature", "properties": {"zone": "caveirac", "libelle": "Caveirac", "tissu": "Village de garrigue", "note": "Couverture au niveau de la m\u00e9diane du territoire : taux transposable.", "maille": "3210_25211", "surf_zone_m2": 38940, "aires_connues": 0}, "geometry": {"type": "Polygon", "coordinates": [[[4.27395637995281, 43.81857147705625], [4.277063049493342, 43.81853513788068], [4.277043385224831, 43.81765483083981], [4.276812434355863, 43.81755436127537], [4.276406841093357, 43.81737010763147], [4.276344580191683, 43.81734482412006], [4.2762689825121205, 43.81731433311152], [4.276198634331437, 43.81728614367079], [4.276174264564289, 43.81727613015643], [4.276106999999999, 43.81724899999998], [4.275725093956766, 43.81705457511595], [4.2757223530396775, 43.81705321431859], [4.275701752929958, 43.81704563744765], [4.275568, 43.816997], [4.275118379390196, 43.81689108936841], [4.2750115054255735, 43.81705882845907], [4.274975149401049, 43.817100653997386], [4.27495679077654, 43.817113468788115], [4.274913519209356, 43.81712387483117], [4.274837878868808, 43.8171319592651], [4.27476690811358, 43.817126488913445], [4.274764506924169, 43.817125360136515], [4.274354, 43.817019999999985], [4.274331244845616, 43.81701040019866], [4.2742414709181435, 43.81697422868255], [4.274162800138321, 43.816939337559525], [4.2741620000000005, 43.816939], [4.27391668608071, 43.816790147527655], [4.27395637995281, 43.81857147705625]]]}}, {"type": "Feature", "properties": {"zone": "caveirac", "libelle": "Caveirac", "tissu": "Village de garrigue", "note": "Couverture au niveau de la m\u00e9diane du territoire : taux transposable.", "maille": "3210_25212", "surf_zone_m2": 62491, "aires_connues": 0}, "geometry": {"type": "Polygon", "coordinates": [[[4.277113300106662, 43.82078457778153], [4.277063049493342, 43.81853513788068], [4.27395637995281, 43.81857147705625], [4.274006508365588, 43.82082091843799], [4.276939643593513, 43.82078661140692], [4.276953236634288, 43.8207602170864], [4.277016629739402, 43.8207857098856], [4.277113300106662, 43.82078457778153]]]}}, {"type": "Feature", "properties": {"zone": "caveirac", "libelle": "Caveirac", "tissu": "Village de garrigue", "note": "Couverture au niveau de la m\u00e9diane du territoire : taux transposable.", "maille": "3210_25213", "surf_zone_m2": 25213, "aires_connues": 0}, "geometry": {"type": "MultiPolygon", "coordinates": [[[[4.277113300106662, 43.82078457778153], [4.277016629739402, 43.8207857098856], [4.277114201963638, 43.82082494730397], [4.277113300106662, 43.82078457778153]]], [[[4.274006508365588, 43.82082091843799], [4.274028060350434, 43.82178797972845], [4.274399909879082, 43.821889524650494], [4.274400701092231, 43.82188921009402], [4.274440938336586, 43.82186926765434], [4.2744782837688025, 43.821846567205064], [4.274512378134872, 43.8218213271213], [4.274538307482725, 43.821797928576956], [4.27464511250123, 43.821802464147844], [4.274693773207422, 43.82180280321776], [4.274704816514087, 43.82180209537905], [4.274698979449058, 43.82183441082058], [4.274697401555479, 43.82186945853513], [4.274699227327068, 43.821951338302696], [4.274702691218629, 43.82198833833067], [4.274711394687494, 43.82202488395431], [4.274725245362087, 43.82206058726623], [4.27474409623595, 43.82209506929881], [4.274767747227746, 43.82212796404692], [4.274795947304673, 43.82215892235272], [4.274889997453178, 43.82225142416454], [4.2749198218142554, 43.82227800896223], [4.274953000932372, 43.82230242114353], [4.274989234427996, 43.8223244396953], [4.275028194267951, 43.82234386527457], [4.275069527735241, 43.8223605220134], [4.275112860622399, 43.82237425911123], [4.2751578006194455, 43.822384952200075], [4.275203940865764, 43.822392504470685], [4.275250863633775, 43.82239684754904], [4.27540644845395, 43.822405828177686], [4.275454015632812, 43.82240691937185], [4.275501508979311, 43.822404712599685], [4.275548493292832, 43.822399228082716], [4.275594538037496, 43.822390516077824], [4.2756392212875465, 43.822378656416596], [4.275682133593803, 43.82236375777386], [4.275722881735782, 43.822345956671704], [4.275761092325044, 43.822325416228416], [4.275796415226779, 43.822302324663795], [4.275828526768267, 43.822276893574234], [4.275857132704787, 43.822249355993684], [4.2758819709158224, 43.82221996425832], [4.27590281380686, 43.82218898769414], [4.27591947039474, 43.82215671014893], [4.275931788057504, 43.82212342739134], [4.27593965393267, 43.82208944440043], [4.2759560658568425, 43.82198935098664], [4.275959407340403, 43.82195499592057], [4.275958198790421, 43.821920566892665], [4.275952451278538, 43.8218863790773], [4.275942217427301, 43.82185274544011], [4.2759275909281484, 43.82181997387311], [4.2759087056834595, 43.82178836437608], [4.275885734580523, 43.8217582063104], [4.275858887908668, 43.82172977575024], [4.275828411434043, 43.821703332955366], [4.275794584149692, 43.82167911998868], [4.275757715721494, 43.82165735850052], [4.275718143653403, 43.821638247699596], [4.2756762301978695, 43.82162196252961], [4.275671020119851, 43.821620381798816], [4.27564841668386, 43.82160287600702], [4.275611182280354, 43.8215792580819], [4.275570888519846, 43.82155843819188], [4.275527934881623, 43.82154062274724], [4.275482747213988, 43.821525988371704], [4.27543577351248, 43.82151468015152], [4.275403407102979, 43.82150940575172], [4.275411335860158, 43.821495096443435], [4.275425124974286, 43.82146060018451], [4.275434098001079, 43.82142528079376], [4.275435816502955, 43.82141015976582], [4.2755847718750974, 43.8214010388917], [4.275633736862749, 43.82139625664892], [4.275677727314355, 43.821388681145685], [4.275692922351525, 43.821387595384465], [4.275741109213431, 43.82138062274486], [4.275788109965898, 43.82137023988532], [4.2758334654198755, 43.82135654824477], [4.275876732461472, 43.82133968158837], [4.275917488381258, 43.821319804700494], [4.275955335004204, 43.8212971117748], [4.275962993981197, 43.82129150899748], [4.275999094550893, 43.82129385763723], [4.276087408525019, 43.8212964242795], [4.276135299196101, 43.821296144543666], [4.276182930475805, 43.82129252968463], [4.27622986034068, 43.82128561324865], [4.276275653276843, 43.821275459421074], [4.276319884321804, 43.821262162430536], [4.2763621430083525, 43.821245845674476], [4.27640203717388, 43.821226660574006], [4.276439196599802, 43.82120478516848], [4.276473276447285, 43.82118042246341], [4.27648750071499, 43.82116808034781], [4.276487781064293, 43.821168240171296], [4.276528511391842, 43.82118712853687], [4.276541411806711, 43.82119190059598], [4.276859317948443, 43.82094258340357], [4.276939643593513, 43.82078661140692], [4.274006508365588, 43.82082091843799]]]]}}, {"type": "Feature", "properties": {"zone": "caveirac", "libelle": "Caveirac", "tissu": "Village de garrigue", "note": "Couverture au niveau de la m\u00e9diane du territoire : taux transposable.", "maille": "3210_25214", "surf_zone_m2": 30580, "aires_connues": 0}, "geometry": {"type": "Polygon", "coordinates": [[[4.276187015245366, 43.8252954874498], [4.276166895099969, 43.8252680336854], [4.276165806257491, 43.82526684241359], [4.276193623698749, 43.825253148027706], [4.276231525315658, 43.82523019501268], [4.276266092750191, 43.82520463157198], [4.276296984568762, 43.82517671020746], [4.276323895644846, 43.82514670671084], [4.276346560172739, 43.82511491743956], [4.276364754292851, 43.82508165638937], [4.276378298302636, 43.825047252092844], [4.276387058431312, 43.8250120443742], [4.276390948160839, 43.824976380992695], [4.276400537655032, 43.82473776500587], [4.276399612542766, 43.824702983131075], [4.276394054167028, 43.82466842834878], [4.276383914453053, 43.82463442341104], [4.276369288116734, 43.824601285933696], [4.276350537451188, 43.82456970551246], [4.2763520677050995, 43.82456587679474], [4.276360969642136, 43.82453115306035], [4.27636512874021, 43.82449596488082], [4.276364504971497, 43.824460650987], [4.276339273463329, 43.82416574174986], [4.276333817747785, 43.8241303952971], [4.276323570690976, 43.82409561119064], [4.276308632341633, 43.82406172902119], [4.276289148548002, 43.824029079573414], [4.276265309533653, 43.82399798159655], [4.276237348040131, 43.82396873869266], [4.276205537054529, 43.82394163635276], [4.276170187144243, 43.823916939169614], [4.276131643424898, 43.82389488825482], [4.27609028219103, 43.823875698884876], [4.276046507242473, 43.8238595583997], [4.2760007459422695, 43.8238466243737], [4.275953445044583, 43.82383702307759], [4.275905066333371, 43.823830848245656], [4.275856082114353, 43.82382816016069], [4.275806970604293, 43.82382898506555], [4.275235812512329, 43.823859065800754], [4.275187654514006, 43.82386332026476], [4.275140298520048, 43.82387095271478], [4.275094195449758, 43.82388189047543], [4.275049784292876, 43.823896029398526], [4.275007487929746, 43.823913234854615], [4.274984992737762, 43.82392460615747], [4.274956263729493, 43.82392375164114], [4.27495394861505, 43.823913938607355], [4.274940362365103, 43.823878564812205], [4.2749218696865015, 43.8238443770522], [4.274898662986462, 43.82381173101813], [4.274870983715908, 43.82378096636005], [4.274839119857134, 43.82375240315359], [4.274803402927455, 43.82372633856994], [4.2747642045299585, 43.82370304378431], [4.274721932487314, 43.82368276115465], [4.27466670847228, 43.82365910629369], [4.274622986643716, 43.82364244361428], [4.274577196388005, 43.82362900515971], [4.274529789937405, 43.82361892364994], [4.274481235485084, 43.82361229865125], [4.274432012561408, 43.82360919559293], [4.274382607298282, 43.823609645121174], [4.274333507628319, 43.82361364279637], [4.274285198466223, 43.82362114913701], [4.274176275202461, 43.82364222212933], [4.27413127672243, 43.823652608972765], [4.274087842582463, 43.823666040348435], [4.274070073125873, 43.823673046843155], [4.274106777025949, 43.82531981061171], [4.274134394935715, 43.825319487949635], [4.274129107856006, 43.82528736522003], [4.274177593658392, 43.82531898324173], [4.276187015245366, 43.8252954874498]]]}}, {"type": "Feature", "properties": {"zone": "caveirac", "libelle": "Caveirac", "tissu": "Village de garrigue", "note": "Couverture au niveau de la m\u00e9diane du territoire : taux transposable.", "maille": "3211_25211", "surf_zone_m2": 9822, "aires_connues": 0}, "geometry": {"type": "Polygon", "coordinates": [[[4.277063049493342, 43.81853513788068], [4.27950589523506, 43.81850650136333], [4.279483439042021, 43.818486674790854], [4.279449875322096, 43.818462238809545], [4.279413238018915, 43.81844023893739], [4.279373862975211, 43.818420876838246], [4.279332111128342, 43.81840432999641], [4.279288365201781, 43.818390750089684], [4.279243026196951, 43.818380261599174], [4.279225110983988, 43.81837744974381], [4.279229906280403, 43.81836165606969], [4.279245773393658, 43.81829306908972], [4.279251459473281, 43.8182580182148], [4.279252116040667, 43.818232789856275], [4.27925207558155, 43.818232622364654], [4.278805976334848, 43.81815740749157], [4.278787337300627, 43.81815493488539], [4.278562, 43.81813], [4.278500555190978, 43.81812837601901], [4.278260786589235, 43.818123299336854], [4.278119166879958, 43.81811829518256], [4.278108, 43.818118], [4.278106528005329, 43.818117632002185], [4.278062821809975, 43.818108519589856], [4.2780040347386645, 43.8180921083945], [4.277368475051615, 43.817796251854254], [4.277043385224831, 43.81765483083981], [4.277063049493342, 43.81853513788068]]]}}, {"type": "Feature", "properties": {"zone": "caveirac", "libelle": "Caveirac", "tissu": "Village de garrigue", "note": "Couverture au niveau de la m\u00e9diane du territoire : taux transposable.", "maille": "3211_25212", "surf_zone_m2": 40259, "aires_connues": 0}, "geometry": {"type": "Polygon", "coordinates": [[[4.277063049493342, 43.81853513788068], [4.277113300106662, 43.82078457778153], [4.278767991086981, 43.820765186447176], [4.278865075483116, 43.82060276844151], [4.2788226308066655, 43.820441694936214], [4.278833689497776, 43.820416562222086], [4.278830103363622, 43.82040917041198], [4.2788097011927695, 43.82037739670376], [4.278785128966482, 43.820347209804275], [4.278756619532087, 43.82031889575772], [4.278726836115868, 43.820294669427334], [4.27873466262267, 43.82027948475851], [4.278749183466434, 43.82024656825199], [4.278759278221765, 43.820212795288185], [4.278764853868882, 43.820178477100114], [4.278765859033962, 43.820143929944635], [4.278762284462261, 43.8201094721881], [4.278754163103101, 43.820075421372366], [4.278741569805925, 43.82004209128862], [4.278724620630251, 43.820009789085695], [4.2787034717758585, 43.81997881243952], [4.278695793102843, 43.8199698479701], [4.27870946576135, 43.81995237868617], [4.278728823981115, 43.819920996171746], [4.27874396007633, 43.819888419901694], [4.2787498184088655, 43.81987022238623], [4.2787915133495265, 43.81985905653152], [4.278834751550425, 43.81984389779963], [4.278875767119277, 43.819825788117704], [4.278914177055969, 43.81980489659366], [4.278949622692843, 43.819781418311955], [4.278981773043958, 43.81975557251182], [4.279010327895802, 43.819727600540034], [4.279035020610613, 43.819697763597006], [4.2790556206160915, 43.819666340297694], [4.279071935558303, 43.819633624069894], [4.279083813097644, 43.81959992041402], [4.279091142331124, 43.819565544050526], [4.279100836771622, 43.819498829473275], [4.279103559462403, 43.81946298282238], [4.27910133700255, 43.81942711808783], [4.279094191508833, 43.819391592027564], [4.279082194068712, 43.81935675802997], [4.279074266287915, 43.819340743558335], [4.279078036641202, 43.81933436655808], [4.279092737610763, 43.81930072225633], [4.279102818134875, 43.81926619737309], [4.2791081813415115, 43.81923112371521], [4.279110990810334, 43.819197943749955], [4.279134975505875, 43.81919683563612], [4.279181647544312, 43.81919142242268], [4.279227398593978, 43.819182824272865], [4.279271815062972, 43.81917111891461], [4.279314495424731, 43.81915641216507], [4.279355053848018, 43.81913883697414], [4.279393123684972, 43.819118552222406], [4.279428360785712, 43.81909574128489], [4.279460446609502, 43.81907061037314], [4.279489091104354, 43.819043386671076], [4.279514035329059, 43.819014316281134], [4.279535053793894, 43.818983661999404], [4.279551956498916, 43.81895170093992], [4.279564590651355, 43.81891872202944], [4.279599393733727, 43.81880761223571], [4.279607687181225, 43.818773676028044], [4.279611460373282, 43.81873932108574], [4.279610678730167, 43.8187048623318], [4.279605349425194, 43.81867061564017], [4.2795955213186625, 43.818636894940354], [4.279590743355015, 43.81862585832794], [4.279528844233111, 43.81852974589132], [4.279513621509097, 43.81851332288636], [4.27950589523506, 43.81850650136333], [4.277063049493342, 43.81853513788068]]]}}, {"type": "Feature", "properties": {"zone": "nimes_nord_est", "libelle": "N\u00eemes \u2014 nord-est", "tissu": "Tissu mixte", "note": "Pavillonnaire et petits collectifs. Une partie de l'orthophotographie est flout\u00e9e : les mailles concern\u00e9es se marquent \u00ab non balayable \u00bb.", "maille": "3245_25222", "surf_zone_m2": 53506, "aires_connues": 0}, "geometry": {"type": "Polygon", "coordinates": [[[4.386393960533845, 43.8419509286037], [4.386339390273464, 43.83970151159814], [4.383678858501029, 43.8397352923266], [4.383733324078238, 43.84198471070876], [4.386393960533845, 43.8419509286037]]]}}, {"type": "Feature", "properties": {"zone": "nimes_nord_est", "libelle": "N\u00eemes \u2014 nord-est", "tissu": "Tissu mixte", "note": "Pavillonnaire et petits collectifs. Une partie de l'orthophotographie est flout\u00e9e : les mailles concern\u00e9es se marquent \u00ab non balayable \u00bb.", "maille": "3245_25223", "surf_zone_m2": 53506, "aires_connues": 3}, "geometry": {"type": "Polygon", "coordinates": [[[4.386448535090037, 43.84420034871177], [4.386393960533845, 43.8419509286037], [4.383733324078238, 43.84198471070876], [4.383787793943023, 43.844234132193485], [4.386448535090037, 43.84420034871177]]]}}, {"type": "Feature", "properties": {"zone": "nimes_nord_est", "libelle": "N\u00eemes \u2014 nord-est", "tissu": "Tissu mixte", "note": "Pavillonnaire et petits collectifs. Une partie de l'orthophotographie est flout\u00e9e : les mailles concern\u00e9es se marquent \u00ab non balayable \u00bb.", "maille": "3245_25224", "surf_zone_m2": 53506, "aires_connues": 0}, "geometry": {"type": "Polygon", "coordinates": [[[4.386503113942543, 43.846449771919005], [4.386448535090037, 43.84420034871177], [4.383787793943023, 43.844234132193485], [4.3838422680958855, 43.846483556777436], [4.386503113942543, 43.846449771919005]]]}}, {"type": "Feature", "properties": {"zone": "nimes_nord_est", "libelle": "N\u00eemes \u2014 nord-est", "tissu": "Tissu mixte", "note": "Pavillonnaire et petits collectifs. Une partie de l'orthophotographie est flout\u00e9e : les mailles concern\u00e9es se marquent \u00ab non balayable \u00bb.", "maille": "3245_25225", "surf_zone_m2": 49817, "aires_connues": 0}, "geometry": {"type": "Polygon", "coordinates": [[[4.386503113942543, 43.846449771919005], [4.3838422680958855, 43.846483556777436], [4.383892989856399, 43.84857787580186], [4.386553933190575, 43.84854408966159], [4.386503113942543, 43.846449771919005]]]}}, {"type": "Feature", "properties": {"zone": "nimes_nord_est", "libelle": "N\u00eemes \u2014 nord-est", "tissu": "Tissu mixte", "note": "Pavillonnaire et petits collectifs. Une partie de l'orthophotographie est flout\u00e9e : les mailles concern\u00e9es se marquent \u00ab non balayable \u00bb.", "maille": "3246_25222", "surf_zone_m2": 62500, "aires_connues": 3}, "geometry": {"type": "Polygon", "coordinates": [[[4.386339390273464, 43.83970151159814], [4.386393960533845, 43.8419509286037], [4.389501826221202, 43.841911385814505], [4.389447133681656, 43.83966197042027], [4.386339390273464, 43.83970151159814]]]}}, {"type": "Feature", "properties": {"zone": "nimes_nord_est", "libelle": "N\u00eemes \u2014 nord-est", "tissu": "Tissu mixte", "note": "Pavillonnaire et petits collectifs. Une partie de l'orthophotographie est flout\u00e9e : les mailles concern\u00e9es se marquent \u00ab non balayable \u00bb.", "maille": "3246_25223", "surf_zone_m2": 62500, "aires_connues": 1}, "geometry": {"type": "Polygon", "coordinates": [[[4.386393960533845, 43.8419509286037], [4.386448535090037, 43.84420034871177], [4.389556523066176, 43.844160804311144], [4.389501826221202, 43.841911385814505], [4.386393960533845, 43.8419509286037]]]}}, {"type": "Feature", "properties": {"zone": "nimes_nord_est", "libelle": "N\u00eemes \u2014 nord-est", "tissu": "Tissu mixte", "note": "Pavillonnaire et petits collectifs. Une partie de l'orthophotographie est flout\u00e9e : les mailles concern\u00e9es se marquent \u00ab non balayable \u00bb.", "maille": "3246_25224", "surf_zone_m2": 62500, "aires_connues": 1}, "geometry": {"type": "Polygon", "coordinates": [[[4.386448535090037, 43.84420034871177], [4.386503113942543, 43.846449771919005], [4.389611224217088, 43.84641022590691], [4.389556523066176, 43.844160804311144], [4.386448535090037, 43.84420034871177]]]}}, {"type": "Feature", "properties": {"zone": "nimes_nord_est", "libelle": "N\u00eemes \u2014 nord-est", "tissu": "Tissu mixte", "note": "Pavillonnaire et petits collectifs. Une partie de l'orthophotographie est flout\u00e9e : les mailles concern\u00e9es se marquent \u00ab non balayable \u00bb.", "maille": "3246_25225", "surf_zone_m2": 58190, "aires_connues": 0}, "geometry": {"type": "Polygon", "coordinates": [[[4.389611224217088, 43.84641022590691], [4.386503113942543, 43.846449771919005], [4.386553933190575, 43.84854408966159], [4.389662157339128, 43.84850454214907], [4.389611224217088, 43.84641022590691]]]}}, {"type": "Feature", "properties": {"zone": "nimes_nord_est", "libelle": "N\u00eemes \u2014 nord-est", "tissu": "Tissu mixte", "note": "Pavillonnaire et petits collectifs. Une partie de l'orthophotographie est flout\u00e9e : les mailles concern\u00e9es se marquent \u00ab non balayable \u00bb.", "maille": "3247_25222", "surf_zone_m2": 62500, "aires_connues": 0}, "geometry": {"type": "Polygon", "coordinates": [[[4.389447133681656, 43.83966197042027], [4.389501826221202, 43.841911385814505], [4.392609687603129, 43.84187175449204], [4.3925548727849275, 43.839622340712765], [4.389447133681656, 43.83966197042027]]]}}, {"type": "Feature", "properties": {"zone": "nimes_nord_est", "libelle": "N\u00eemes \u2014 nord-est", "tissu": "Tissu mixte", "note": "Pavillonnaire et petits collectifs. Une partie de l'orthophotographie est flout\u00e9e : les mailles concern\u00e9es se marquent \u00ab non balayable \u00bb.", "maille": "3247_25223", "surf_zone_m2": 62500, "aires_connues": 1}, "geometry": {"type": "Polygon", "coordinates": [[[4.389501826221202, 43.841911385814505], [4.389556523066176, 43.844160804311144], [4.39266450673638, 43.84412117137368], [4.392609687603129, 43.84187175449204], [4.389501826221202, 43.841911385814505]]]}}, {"type": "Feature", "properties": {"zone": "nimes_nord_est", "libelle": "N\u00eemes \u2014 nord-est", "tissu": "Tissu mixte", "note": "Pavillonnaire et petits collectifs. Une partie de l'orthophotographie est flout\u00e9e : les mailles concern\u00e9es se marquent \u00ab non balayable \u00bb.", "maille": "3247_25224", "surf_zone_m2": 62500, "aires_connues": 2}, "geometry": {"type": "Polygon", "coordinates": [[[4.389556523066176, 43.844160804311144], [4.389611224217088, 43.84641022590691], [4.392719330185188, 43.846370591354344], [4.39266450673638, 43.84412117137368], [4.389556523066176, 43.844160804311144]]]}}, {"type": "Feature", "properties": {"zone": "nimes_nord_est", "libelle": "N\u00eemes \u2014 nord-est", "tissu": "Tissu mixte", "note": "Pavillonnaire et petits collectifs. Une partie de l'orthophotographie est flout\u00e9e : les mailles concern\u00e9es se marquent \u00ab non balayable \u00bb.", "maille": "3247_25225", "surf_zone_m2": 58190, "aires_connues": 0}, "geometry": {"type": "Polygon", "coordinates": [[[4.392719330185188, 43.846370591354344], [4.389611224217088, 43.84641022590691], [4.389662157339128, 43.84850454214907], [4.392770377180763, 43.84846490609274], [4.392719330185188, 43.846370591354344]]]}}, {"type": "Feature", "properties": {"zone": "nimes_nord_est", "libelle": "N\u00eemes \u2014 nord-est", "tissu": "Tissu mixte", "note": "Pavillonnaire et petits collectifs. Une partie de l'orthophotographie est flout\u00e9e : les mailles concern\u00e9es se marquent \u00ab non balayable \u00bb.", "maille": "3248_25222", "surf_zone_m2": 62500, "aires_connues": 0}, "geometry": {"type": "Polygon", "coordinates": [[[4.3925548727849275, 43.839622340712765], [4.392609687603129, 43.84187175449204], [4.395717544670009, 43.84183203463652], [4.3956626075736605, 43.839582622475774], [4.3925548727849275, 43.839622340712765]]]}}, {"type": "Feature", "properties": {"zone": "nimes_nord_est", "libelle": "N\u00eemes \u2014 nord-est", "tissu": "Tissu mixte", "note": "Pavillonnaire et petits collectifs. Une partie de l'orthophotographie est flout\u00e9e : les mailles concern\u00e9es se marquent \u00ab non balayable \u00bb.", "maille": "3248_25223", "surf_zone_m2": 62500, "aires_connues": 1}, "geometry": {"type": "Polygon", "coordinates": [[[4.392609687603129, 43.84187175449204], [4.39266450673638, 43.84412117137368], [4.395772486091025, 43.84408144989953], [4.395717544670009, 43.84183203463652], [4.392609687603129, 43.84187175449204]]]}}, {"type": "Feature", "properties": {"zone": "nimes_nord_est", "libelle": "N\u00eemes \u2014 nord-est", "tissu": "Tissu mixte", "note": "Pavillonnaire et petits collectifs. Une partie de l'orthophotographie est flout\u00e9e : les mailles concern\u00e9es se marquent \u00ab non balayable \u00bb.", "maille": "3248_25224", "surf_zone_m2": 62500, "aires_connues": 2}, "geometry": {"type": "Polygon", "coordinates": [[[4.39266450673638, 43.84412117137368], [4.392719330185188, 43.846370591354344], [4.395827431837221, 43.846330868261504], [4.395772486091025, 43.84408144989953], [4.39266450673638, 43.84412117137368]]]}}, {"type": "Feature", "properties": {"zone": "nimes_nord_est", "libelle": "N\u00eemes \u2014 nord-est", "tissu": "Tissu mixte", "note": "Pavillonnaire et petits collectifs. Une partie de l'orthophotographie est flout\u00e9e : les mailles concern\u00e9es se marquent \u00ab non balayable \u00bb.", "maille": "3248_25225", "surf_zone_m2": 58190, "aires_connues": 0}, "geometry": {"type": "Polygon", "coordinates": [[[4.395827431837221, 43.846330868261504], [4.392719330185188, 43.846370591354344], [4.392770377180763, 43.84846490609274], [4.395878592705856, 43.84842518149277], [4.395827431837221, 43.846330868261504]]]}}, {"type": "Feature", "properties": {"zone": "nimes_centre", "libelle": "N\u00eemes \u2014 \u00e9cusson", "tissu": "Centre ancien dense", "note": "Stationnement tr\u00e8s majoritairement en voirie ou en ouvrage, donc hors champ (D04, D05) : le balayage y \u00e9prouve surtout la d\u00e9finition retenue.", "maille": "3235_25219", "surf_zone_m2": 26487, "aires_connues": 0}, "geometry": {"type": "Polygon", "coordinates": [[[4.355155039251852, 43.83559319768588], [4.355101704406659, 43.83334377409454], [4.353784806203822, 43.83336012740423], [4.353838089238132, 43.83560955166198], [4.355155039251852, 43.83559319768588]]]}}, {"type": "Feature", "properties": {"zone": "nimes_centre", "libelle": "N\u00eemes \u2014 \u00e9cusson", "tissu": "Centre ancien dense", "note": "Stationnement tr\u00e8s majoritairement en voirie ou en ouvrage, donc hors champ (D04, D05) : le balayage y \u00e9prouve surtout la d\u00e9finition retenue.", "maille": "3235_25220", "surf_zone_m2": 26487, "aires_connues": 1}, "geometry": {"type": "Polygon", "coordinates": [[[4.355208378295165, 43.83784262439027], [4.355155039251852, 43.83559319768588], [4.353838089238132, 43.83560955166198], [4.353891376466484, 43.837858979032816], [4.355208378295165, 43.83784262439027]]]}}, {"type": "Feature", "properties": {"zone": "nimes_centre", "libelle": "N\u00eemes \u2014 \u00e9cusson", "tissu": "Centre ancien dense", "note": "Stationnement tr\u00e8s majoritairement en voirie ou en ouvrage, donc hors champ (D04, D05) : le balayage y \u00e9prouve surtout la d\u00e9finition retenue.", "maille": "3235_25221", "surf_zone_m2": 26487, "aires_connues": 0}, "geometry": {"type": "Polygon", "coordinates": [[[4.355261721537091, 43.84009205420442], [4.355208378295165, 43.83784262439027], [4.353891376466484, 43.837858979032816], [4.353944667889374, 43.84010840951345], [4.355261721537091, 43.84009205420442]]]}}, {"type": "Feature", "properties": {"zone": "nimes_centre", "libelle": "N\u00eemes \u2014 \u00e9cusson", "tissu": "Centre ancien dense", "note": "Stationnement tr\u00e8s majoritairement en voirie ou en ouvrage, donc hors champ (D04, D05) : le balayage y \u00e9prouve surtout la d\u00e9finition retenue.", "maille": "3235_25222", "surf_zone_m2": 23170, "aires_connues": 1}, "geometry": {"type": "Polygon", "coordinates": [[[4.355261721537091, 43.84009205420442], [4.353944667889374, 43.84010840951345], [4.353991289945331, 43.842076183421426], [4.355308388926982, 43.842059827529354], [4.355261721537091, 43.84009205420442]]]}}, {"type": "Feature", "properties": {"zone": "nimes_centre", "libelle": "N\u00eemes \u2014 \u00e9cusson", "tissu": "Centre ancien dense", "note": "Stationnement tr\u00e8s majoritairement en voirie ou en ouvrage, donc hors champ (D04, D05) : le balayage y \u00e9prouve surtout la d\u00e9finition retenue.", "maille": "3236_25219", "surf_zone_m2": 62500, "aires_connues": 0}, "geometry": {"type": "Polygon", "coordinates": [[[4.355101704406659, 43.83334377409454], [4.355155039251852, 43.83559319768588], [4.358262580640691, 43.83555454496524], [4.358209123540167, 43.833305122948985], [4.355101704406659, 43.83334377409454]]]}}, {"type": "Feature", "properties": {"zone": "nimes_centre", "libelle": "N\u00eemes \u2014 \u00e9cusson", "tissu": "Centre ancien dense", "note": "Stationnement tr\u00e8s majoritairement en voirie ou en ouvrage, donc hors champ (D04, D05) : le balayage y \u00e9prouve surtout la d\u00e9finition retenue.", "maille": "3236_25220", "surf_zone_m2": 62500, "aires_connues": 0}, "geometry": {"type": "Polygon", "coordinates": [[[4.355155039251852, 43.83559319768588], [4.355208378295165, 43.83784262439027], [4.35831604194895, 43.83780397009451], [4.358262580640691, 43.83555454496524], [4.355155039251852, 43.83559319768588]]]}}, {"type": "Feature", "properties": {"zone": "nimes_centre", "libelle": "N\u00eemes \u2014 \u00e9cusson", "tissu": "Centre ancien dense", "note": "Stationnement tr\u00e8s majoritairement en voirie ou en ouvrage, donc hors champ (D04, D05) : le balayage y \u00e9prouve surtout la d\u00e9finition retenue.", "maille": "3236_25221", "surf_zone_m2": 62500, "aires_connues": 0}, "geometry": {"type": "Polygon", "coordinates": [[[4.355208378295165, 43.83784262439027], [4.355261721537091, 43.84009205420442], [4.358369507465441, 43.84005339833345], [4.35831604194895, 43.83780397009451], [4.355208378295165, 43.83784262439027]]]}}, {"type": "Feature", "properties": {"zone": "nimes_centre", "libelle": "N\u00eemes \u2014 \u00e9cusson", "tissu": "Centre ancien dense", "note": "Stationnement tr\u00e8s majoritairement en voirie ou en ouvrage, donc hors champ (D04, D05) : le balayage y \u00e9prouve surtout la d\u00e9finition retenue.", "maille": "3236_25222", "surf_zone_m2": 54674, "aires_connues": 1}, "geometry": {"type": "Polygon", "coordinates": [[[4.358369507465441, 43.84005339833345], [4.355261721537091, 43.84009205420442], [4.355308388926982, 43.842059827529354], [4.358416281827356, 43.842021170280354], [4.358369507465441, 43.84005339833345]]]}}, {"type": "Feature", "properties": {"zone": "nimes_centre", "libelle": "N\u00eemes \u2014 \u00e9cusson", "tissu": "Centre ancien dense", "note": "Stationnement tr\u00e8s majoritairement en voirie ou en ouvrage, donc hors champ (D04, D05) : le balayage y \u00e9prouve surtout la d\u00e9finition retenue.", "maille": "3237_25219", "surf_zone_m2": 62500, "aires_connues": 0}, "geometry": {"type": "Polygon", "coordinates": [[[4.358209123540167, 43.833305122948985], [4.358262580640691, 43.83555454496524], [4.361370117821794, 43.835515803720305], [4.361316538466438, 43.83326638328271], [4.358209123540167, 43.833305122948985]]]}}, {"type": "Feature", "properties": {"zone": "nimes_centre", "libelle": "N\u00eemes \u2014 \u00e9cusson", "tissu": "Centre ancien dense", "note": "Stationnement tr\u00e8s majoritairement en voirie ou en ouvrage, donc hors champ (D04, D05) : le balayage y \u00e9prouve surtout la d\u00e9finition retenue.", "maille": "3237_25220", "surf_zone_m2": 62500, "aires_connues": 0}, "geometry": {"type": "Polygon", "coordinates": [[[4.358262580640691, 43.83555454496524], [4.35831604194895, 43.83780397009451], [4.361423701394503, 43.83776522727081], [4.361370117821794, 43.835515803720305], [4.358262580640691, 43.83555454496524]]]}}, {"type": "Feature", "properties": {"zone": "nimes_centre", "libelle": "N\u00eemes \u2014 \u00e9cusson", "tissu": "Centre ancien dense", "note": "Stationnement tr\u00e8s majoritairement en voirie ou en ouvrage, donc hors champ (D04, D05) : le balayage y \u00e9prouve surtout la d\u00e9finition retenue.", "maille": "3237_25221", "surf_zone_m2": 62500, "aires_connues": 1}, "geometry": {"type": "Polygon", "coordinates": [[[4.35831604194895, 43.83780397009451], [4.358369507465441, 43.84005339833345], [4.3614772891850615, 43.84001465393095], [4.361423701394503, 43.83776522727081], [4.35831604194895, 43.83780397009451]]]}}, {"type": "Feature", "properties": {"zone": "nimes_centre", "libelle": "N\u00eemes \u2014 \u00e9cusson", "tissu": "Centre ancien dense", "note": "Stationnement tr\u00e8s majoritairement en voirie ou en ouvrage, donc hors champ (D04, D05) : le balayage y \u00e9prouve surtout la d\u00e9finition retenue.", "maille": "3237_25222", "surf_zone_m2": 54674, "aires_connues": 1}, "geometry": {"type": "Polygon", "coordinates": [[[4.3614772891850615, 43.84001465393095], [4.358369507465441, 43.84005339833345], [4.358416281827356, 43.842021170280354], [4.361524170518566, 43.841982424496656], [4.3614772891850615, 43.84001465393095]]]}}, {"type": "Feature", "properties": {"zone": "nimes_centre", "libelle": "N\u00eemes \u2014 \u00e9cusson", "tissu": "Centre ancien dense", "note": "Stationnement tr\u00e8s majoritairement en voirie ou en ouvrage, donc hors champ (D04, D05) : le balayage y \u00e9prouve surtout la d\u00e9finition retenue.", "maille": "3238_25219", "surf_zone_m2": 62500, "aires_connues": 0}, "geometry": {"type": "Polygon", "coordinates": [[[4.361316538466438, 43.83326638328271], [4.361370117821794, 43.835515803720305], [4.3644776507855445, 43.83547697395121], [4.364423949175855, 43.83322755509591], [4.361316538466438, 43.83326638328271]]]}}, {"type": "Feature", "properties": {"zone": "nimes_centre", "libelle": "N\u00eemes \u2014 \u00e9cusson", "tissu": "Centre ancien dense", "note": "Stationnement tr\u00e8s majoritairement en voirie ou en ouvrage, donc hors champ (D04, D05) : le balayage y \u00e9prouve surtout la d\u00e9finition retenue.", "maille": "3238_25220", "surf_zone_m2": 62500, "aires_connues": 0}, "geometry": {"type": "Polygon", "coordinates": [[[4.361370117821794, 43.835515803720305], [4.361423701394503, 43.83776522727081], [4.364531356622205, 43.83772639591936], [4.3644776507855445, 43.83547697395121], [4.361370117821794, 43.835515803720305]]]}}, {"type": "Feature", "properties": {"zone": "nimes_centre", "libelle": "N\u00eemes \u2014 \u00e9cusson", "tissu": "Centre ancien dense", "note": "Stationnement tr\u00e8s majoritairement en voirie ou en ouvrage, donc hors champ (D04, D05) : le balayage y \u00e9prouve surtout la d\u00e9finition retenue.", "maille": "3238_25221", "surf_zone_m2": 62500, "aires_connues": 0}, "geometry": {"type": "Polygon", "coordinates": [[[4.361423701394503, 43.83776522727081], [4.3614772891850615, 43.84001465393095], [4.364585066686334, 43.83997582099709], [4.364531356622205, 43.83772639591936], [4.361423701394503, 43.83776522727081]]]}}, {"type": "Feature", "properties": {"zone": "nimes_centre", "libelle": "N\u00eemes \u2014 \u00e9cusson", "tissu": "Centre ancien dense", "note": "Stationnement tr\u00e8s majoritairement en voirie ou en ouvrage, donc hors champ (D04, D05) : le balayage y \u00e9prouve surtout la d\u00e9finition retenue.", "maille": "3238_25222", "surf_zone_m2": 54674, "aires_connues": 0}, "geometry": {"type": "Polygon", "coordinates": [[[4.364585066686334, 43.83997582099709], [4.3614772891850615, 43.84001465393095], [4.361524170518566, 43.841982424496656], [4.364632054990992, 43.84194359017846], [4.364585066686334, 43.83997582099709]]]}}, {"type": "Feature", "properties": {"zone": "nimes_centre", "libelle": "N\u00eemes \u2014 \u00e9cusson", "tissu": "Centre ancien dense", "note": "Stationnement tr\u00e8s majoritairement en voirie ou en ouvrage, donc hors champ (D04, D05) : le balayage y \u00e9prouve surtout la d\u00e9finition retenue.", "maille": "3239_25219", "surf_zone_m2": 36013, "aires_connues": 0}, "geometry": {"type": "Polygon", "coordinates": [[[4.364423949175855, 43.83322755509591], [4.3644776507855445, 43.83547697395121], [4.366268236654259, 43.835454559697354], [4.366214464600773, 43.83320514175543], [4.364423949175855, 43.83322755509591]]]}}, {"type": "Feature", "properties": {"zone": "nimes_centre", "libelle": "N\u00eemes \u2014 \u00e9cusson", "tissu": "Centre ancien dense", "note": "Stationnement tr\u00e8s majoritairement en voirie ou en ouvrage, donc hors champ (D04, D05) : le balayage y \u00e9prouve surtout la d\u00e9finition retenue.", "maille": "3239_25220", "surf_zone_m2": 36013, "aires_connues": 1}, "geometry": {"type": "Polygon", "coordinates": [[[4.3644776507855445, 43.83547697395121], [4.364531356622205, 43.83772639591936], [4.3663220129402545, 43.83770398075212], [4.366268236654259, 43.835454559697354], [4.3644776507855445, 43.83547697395121]]]}}, {"type": "Feature", "properties": {"zone": "nimes_centre", "libelle": "N\u00eemes \u2014 \u00e9cusson", "tissu": "Centre ancien dense", "note": "Stationnement tr\u00e8s majoritairement en voirie ou en ouvrage, donc hors champ (D04, D05) : le balayage y \u00e9prouve surtout la d\u00e9finition retenue.", "maille": "3239_25221", "surf_zone_m2": 36013, "aires_connues": 0}, "geometry": {"type": "Polygon", "coordinates": [[[4.364531356622205, 43.83772639591936], [4.364585066686334, 43.83997582099709], [4.366375793459262, 43.83995340491639], [4.3663220129402545, 43.83770398075212], [4.364531356622205, 43.83772639591936]]]}}, {"type": "Feature", "properties": {"zone": "nimes_centre", "libelle": "N\u00eemes \u2014 \u00e9cusson", "tissu": "Centre ancien dense", "note": "Stationnement tr\u00e8s majoritairement en voirie ou en ouvrage, donc hors champ (D04, D05) : le balayage y \u00e9prouve surtout la d\u00e9finition retenue.", "maille": "3239_25222", "surf_zone_m2": 31504, "aires_connues": 3}, "geometry": {"type": "Polygon", "coordinates": [[[4.364585066686334, 43.83997582099709], [4.364632054990992, 43.84194359017846], [4.366422843401439, 43.84192117329867], [4.366375793459262, 43.83995340491639], [4.364585066686334, 43.83997582099709]]]}}]}