{"type": "FeatureCollection", "features": [{"type": "Feature", "properties": {"id": "30155000AB1026", "section": "AB", "numero": "1026", "contenance": 7511, "nature": "S", "natures": "S"}, "geometry": {"type": "Polygon", "coordinates": [[[4.4712309999999995, 43.81594870000001], [4.471305200000001, 43.816507200000004], [4.469758699999999, 43.81645129999999], [4.4696632, 43.815925899999996], [4.4712309999999995, 43.81594870000001]]]}}, {"type": "Feature", "properties": {"id": "30155000AB0660", "section": "AB", "numero": "660", "contenance": 10230, "nature": "L", "natures": "L"}, "geometry": {"type": "Polygon", "coordinates": [[[4.4718129, 43.817043899999994], [4.469857400000001, 43.81698540000001], [4.469758699999999, 43.81645129999999], [4.471305200000001, 43.816507200000004], [4.4712858, 43.8163577], [4.471849, 43.8163798], [4.4718129, 43.817043899999994]]]}}, {"type": "Feature", "properties": {"id": "30155000AB1019", "section": "AB", "numero": "1019", "contenance": 517, "nature": "T", "natures": "T"}, "geometry": {"type": "Polygon", "coordinates": [[[4.4696412, 43.8165526], [4.4696256, 43.81655480000002], [4.4694601, 43.815696399999986], [4.4694479000000005, 43.81566880000002], [4.4693859, 43.815631399999994], [4.4693396000000005, 43.81562749999999], [4.4693059, 43.81563429999999], [4.468918300000001, 43.81582510000002], [4.4689159, 43.815816999999996], [4.468906300000001, 43.8157689], [4.4694285, 43.8154975], [4.4694445, 43.815544100000004], [4.4696412, 43.8165526]]]}}, {"type": "Feature", "properties": {"id": "30155000AB0661", "section": "AB", "numero": "661", "contenance": 1370, "nature": "T", "natures": "T"}, "geometry": {"type": "Polygon", "coordinates": [[[4.4718129, 43.817043899999994], [4.471849, 43.8163798], [4.472248999999999, 43.816393300000016], [4.472232599999999, 43.8164689], [4.472218299999999, 43.816468099999994], [4.4722123, 43.81652310000001], [4.472121999999999, 43.81655779999999], [4.472068100000001, 43.81661249999998], [4.4720435, 43.816667800000005], [4.4719527, 43.81704920000001], [4.4718129, 43.817043899999994]]]}}, {"type": "Feature", "properties": {"id": "30155000AB0631", "section": "AB", "numero": "631", "contenance": 1435, "nature": "S", "natures": "J,S"}, "geometry": {"type": "Polygon", "coordinates": [[[4.472225599999999, 43.81705899999999], [4.4719527, 43.81704920000001], [4.4720435, 43.816667800000005], [4.4720751, 43.81659960000002], [4.4721497, 43.81654290000001], [4.4722123, 43.81652310000001], [4.472204, 43.81661450000001], [4.4722737, 43.81662209999998], [4.4722741, 43.81667649999999], [4.472261699999999, 43.81668440000001], [4.4722719, 43.816788800000005], [4.472497300000001, 43.81677810000001], [4.4724925, 43.8167275], [4.472658699999999, 43.816746899999984], [4.472577599999999, 43.81689560000002], [4.472249699999999, 43.81688359999999], [4.472225599999999, 43.81705899999999]]]}}, {"type": "Feature", "properties": {"id": "30155000AB0487", "section": "AB", "numero": "487", "contenance": 1615, "nature": "S", "natures": "S"}, "geometry": {"type": "Polygon", "coordinates": [[[4.472204, 43.81661450000001], [4.472218299999999, 43.816468099999994], [4.472232599999999, 43.8164689], [4.472248999999999, 43.816393300000016], [4.4728348, 43.816419], [4.472658699999999, 43.816746899999984], [4.4724925, 43.8167275], [4.472497300000001, 43.81677810000001], [4.4722719, 43.816788800000005], [4.472261699999999, 43.81668440000001], [4.4722741, 43.81667649999999], [4.4722737, 43.81662209999998], [4.472204, 43.81661450000001]]]}}, {"type": "Feature", "properties": {"id": "30155000AB1040", "section": "AB", "numero": "1040", "contenance": 10, "nature": "S", "natures": "S"}, "geometry": {"type": "Polygon", "coordinates": [[[4.473225599999999, 43.81554299999997], [4.4732406, 43.81549789999999], [4.4732654, 43.8155013], [4.473252400000001, 43.81554599999999], [4.473225599999999, 43.81554299999997]]]}}, {"type": "Feature", "properties": {"id": "30155000AB1038", "section": "AB", "numero": "1038", "contenance": 6, "nature": "T", "natures": "T"}, "geometry": {"type": "Polygon", "coordinates": [[[4.4732406, 43.81549789999999], [4.4732468, 43.815474599999995], [4.4732748, 43.815474599999995], [4.4732654, 43.8155013], [4.4732406, 43.81549789999999]]]}}, {"type": "Feature", "properties": {"id": "30155000AB1037", "section": "AB", "numero": "1037", "contenance": 137, "nature": "T", "natures": "T"}, "geometry": {"type": "Polygon", "coordinates": [[[4.4729823, 43.816132999999994], [4.473119399999999, 43.8158511], [4.473225599999999, 43.81554299999997], [4.473252400000001, 43.81554599999999], [4.473202399999999, 43.8157067], [4.4731205, 43.81591469999999], [4.4729955, 43.816132300000014], [4.4729823, 43.816132999999994]]]}}, {"type": "Feature", "properties": {"id": "30155000AB0247", "section": "AB", "numero": "247", "contenance": 906, "nature": "S", "natures": "S"}, "geometry": {"type": "Polygon", "coordinates": [[[4.475782999999999, 43.81736569999998], [4.4763228, 43.81718130000002], [4.476338300000001, 43.81718899999999], [4.476405, 43.81733710000001], [4.475843900000001, 43.81752469999999], [4.475782999999999, 43.81736569999998]]]}}, {"type": "Feature", "properties": {"id": "30155000AB0031", "section": "AB", "numero": "31", "contenance": 1760, "nature": "S", "natures": "S"}, "geometry": {"type": "Polygon", "coordinates": [[[4.4706739, 43.8193593], [4.4704192, 43.81936079999999], [4.4700679, 43.8194561], [4.4699106, 43.819410700000006], [4.469896699999999, 43.81939459999998], [4.4699788, 43.819287300000006], [4.470024099999999, 43.81924870000001], [4.470052000000001, 43.8192407], [4.4700518, 43.819223799999996], [4.4700854, 43.819196500000004], [4.4704721, 43.8190722], [4.4705702, 43.81905100000001], [4.4705918, 43.819063], [4.470622199999999, 43.81905280000001], [4.4706696, 43.81905040000001], [4.470681899999999, 43.8191691], [4.4706739, 43.8193593]]]}}, {"type": "Feature", "properties": {"id": "30155000AB0549", "section": "AB", "numero": "549", "contenance": 990, "nature": "S", "natures": "S"}, "geometry": {"type": "Polygon", "coordinates": [[[4.4706043, 43.818816800000015], [4.4704856, 43.81875939999998], [4.470381, 43.8186777], [4.470371299999999, 43.818645599999996], [4.470355400000001, 43.8186478], [4.470345999999999, 43.818640099999996], [4.4702825, 43.81854409999999], [4.470304399999999, 43.818505700000024], [4.4704939, 43.818472299999996], [4.470671900000001, 43.81845229999999], [4.4707482, 43.818783], [4.4706204, 43.8187976], [4.4706043, 43.818816800000015]]]}}, {"type": "Feature", "properties": {"id": "30155000AB0542", "section": "AB", "numero": "542", "contenance": 68, "nature": "S", "natures": "S"}, "geometry": {"type": "Polygon", "coordinates": [[[4.4706043, 43.818816800000015], [4.4706204, 43.8187976], [4.4707482, 43.818783], [4.4707417, 43.818879499999994], [4.4706043, 43.818816800000015]]]}}, {"type": "Feature", "properties": {"id": "30155000AB0310", "section": "AB", "numero": "310", "contenance": 840, "nature": "S", "natures": "S"}, "geometry": {"type": "Polygon", "coordinates": [[[4.4733608, 43.81904120000001], [4.4733603, 43.8190181], [4.473323299999999, 43.8189973], [4.473329199999999, 43.818953800000024], [4.4733159, 43.81894879999997], [4.473315799999999, 43.81894129999999], [4.473327, 43.81894110000002], [4.473324899999999, 43.8188751], [4.473311400000001, 43.8188753], [4.4733105, 43.81886790000001], [4.4733225, 43.81886050000001], [4.4733218, 43.8188368], [4.4733128, 43.81882840000002], [4.4733209, 43.81882750000002], [4.473319, 43.818796000000006], [4.473310199999999, 43.81878830000001], [4.4733176, 43.8187877], [4.473316399999999, 43.818757700000006], [4.473307399999999, 43.818751600000006], [4.473316100000001, 43.81875070000001], [4.473316699999999, 43.818717400000025], [4.4733045, 43.8187096], [4.473314500000001, 43.818709600000005], [4.473311300000001, 43.81867450000001], [4.4733731, 43.81867099999999], [4.473373300000001, 43.818660999999985], [4.473404799999999, 43.818655099999994], [4.4734627, 43.8186524], [4.473463999999999, 43.818657699999996], [4.473496299999999, 43.8186563], [4.473497699999999, 43.8186652], [4.473563300000001, 43.81866259999999], [4.473566499999999, 43.81870020000001], [4.4735744, 43.81870640000001], [4.473566899999999, 43.81870729999999], [4.4735824, 43.81882270000001], [4.473575699999999, 43.81882329999999], [4.4735775, 43.81885100000001], [4.473590400000001, 43.8188644], [4.473579099999999, 43.818864299999994], [4.4735822, 43.81893240000002], [4.473595000000001, 43.818933399999985], [4.4735847, 43.81894610000001], [4.4735951, 43.818983100000004], [4.4735655, 43.81900129999997], [4.4735684, 43.81903290000002], [4.4733608, 43.81904120000001]]]}}, {"type": "Feature", "properties": {"id": "30155000AB0309", "section": "AB", "numero": "309", "contenance": 166, "nature": "S", "natures": "S"}, "geometry": {"type": "Polygon", "coordinates": [[[4.4736425, 43.81901429999999], [4.4736364, 43.818916299999984], [4.4738204999999995, 43.81890880000003], [4.4738279, 43.8190069], [4.4736425, 43.81901429999999]]]}}, {"type": "Feature", "properties": {"id": "30155000AB0224", "section": "AB", "numero": "224", "contenance": 3250, "nature": "S", "natures": "S"}, "geometry": {"type": "Polygon", "coordinates": [[[4.4763897, 43.81905069999999], [4.4763517, 43.819288099999994], [4.4761446, 43.81930080000001], [4.4761216, 43.8192139], [4.475273, 43.8193208], [4.475235700000001, 43.819207600000006], [4.4747888, 43.8192635], [4.4747919, 43.819288], [4.4747715, 43.8192887], [4.4747473, 43.81922529999999], [4.474981900000001, 43.819198700000015], [4.4752269, 43.819150099999995], [4.475181499999999, 43.819036200000006], [4.475340699999999, 43.8190023], [4.4753301, 43.81897889999999], [4.4754418, 43.81895160000001], [4.4754088, 43.81887880000001], [4.4756167, 43.81883120000001], [4.475647, 43.8189118], [4.475702299999999, 43.81890010000002], [4.4757639, 43.819044999999996], [4.4761198, 43.8189661], [4.476149699999999, 43.8190658], [4.4763897, 43.81905069999999]]]}}, {"type": "Feature", "properties": {"id": "30155000AB0887", "section": "AB", "numero": "887", "contenance": 984, "nature": "L", "natures": "L"}, "geometry": {"type": "Polygon", "coordinates": [[[4.473415100000001, 43.8208805], [4.473347, 43.820898700000015], [4.473278900000001, 43.82090480000001], [4.4732778, 43.82079650000001], [4.4732465, 43.8207421], [4.4732014, 43.820719900000014], [4.4729443, 43.82078269999998], [4.472920499999999, 43.820779], [4.4729092999999995, 43.820761199999986], [4.4729233, 43.8204404], [4.472934700000001, 43.81970350000002], [4.4729789, 43.81970380000001], [4.4729901, 43.819814900000004], [4.473010500000001, 43.81984289999999], [4.472982899999999, 43.82051319999999], [4.472960499999999, 43.82072589999999], [4.4732288, 43.8206689], [4.4733211, 43.82068249999999], [4.4733256, 43.8206008], [4.473372899999999, 43.82061699999999], [4.4734282, 43.82062199999999], [4.473415100000001, 43.8208805]]]}}, {"type": "Feature", "properties": {"id": "30155000AB0702", "section": "AB", "numero": "702", "contenance": 13027, "nature": "T", "natures": "T"}, "geometry": {"type": "Polygon", "coordinates": [[[4.4761216, 43.8192139], [4.476159900000001, 43.8193631], [4.476606900000001, 43.8193542], [4.4766047, 43.81942210000001], [4.4765123, 43.819885000000006], [4.476518, 43.82013719999999], [4.476487599999999, 43.82036239999999], [4.476455299999999, 43.82039170000001], [4.476426700000001, 43.8204042], [4.4762191, 43.8204487], [4.476050999999999, 43.8204752], [4.4758984, 43.82026319999999], [4.475476099999999, 43.82030729999999], [4.474836300000001, 43.8193792], [4.4761216, 43.8192139]]]}}, {"type": "Feature", "properties": {"id": "30155000AB0348", "section": "AB", "numero": "348", "contenance": 426, "nature": "S", "natures": "S"}, "geometry": {"type": "Polygon", "coordinates": [[[4.4723006000000005, 43.818279200000006], [4.4724985, 43.81825340000002], [4.4725744999999995, 43.81847109999998], [4.4723785000000005, 43.81851650000001], [4.4723006000000005, 43.818279200000006]]]}}, {"type": "Feature", "properties": {"id": "30155000AB0737", "section": "AB", "numero": "737", "contenance": 203, "nature": "S", "natures": "S"}, "geometry": {"type": "Polygon", "coordinates": [[[4.4726177, 43.818236799999994], [4.472665100000001, 43.81845609999999], [4.4725744999999995, 43.81847109999998], [4.4724985, 43.81825340000002], [4.4726177, 43.818236799999994]]]}}, {"type": "Feature", "properties": {"id": "30155000AB0190", "section": "AB", "numero": "190", "contenance": 360, "nature": "S", "natures": "S"}, "geometry": {"type": "Polygon", "coordinates": [[[4.474323699999999, 43.8191498], [4.474390700000001, 43.81951310000001], [4.4742697, 43.819523300000014], [4.4742148, 43.819197500000016], [4.474323699999999, 43.8191498]]]}}, {"type": "Feature", "properties": {"id": "30155000AB0189", "section": "AB", "numero": "189", "contenance": 406, "nature": "S", "natures": "S"}, "geometry": {"type": "Polygon", "coordinates": [[[4.4742148, 43.819197500000016], [4.474291999999999, 43.81965689999999], [4.4741841, 43.819666099999985], [4.4741205, 43.81923720000002], [4.4742148, 43.819197500000016]]]}}, {"type": "Feature", "properties": {"id": "30155000AB0057", "section": "AB", "numero": "57", "contenance": 34, "nature": "S", "natures": "S"}, "geometry": {"type": "Polygon", "coordinates": [[[4.4720984999999995, 43.819551399999995], [4.472103599999999, 43.819499], [4.4721739, 43.81950499999999], [4.4721679000000005, 43.81955620000001], [4.4720984999999995, 43.819551399999995]]]}}, {"type": "Feature", "properties": {"id": "30155000AB0158", "section": "AB", "numero": "158", "contenance": 33, "nature": "S", "natures": "S"}, "geometry": {"type": "Polygon", "coordinates": [[[4.4733846999999995, 43.81952580000001], [4.473318600000001, 43.81953200000001], [4.4733108, 43.8194799], [4.4733735999999995, 43.8194666], [4.4733846999999995, 43.81952580000001]]]}}, {"type": "Feature", "properties": {"id": "30155000AB0174", "section": "AB", "numero": "174", "contenance": 28, "nature": "S", "natures": "S"}, "geometry": {"type": "Polygon", "coordinates": [[[4.473762, 43.81926610000001], [4.4737984, 43.819326], [4.4737357, 43.8193495], [4.473739499999999, 43.81927350000001], [4.473762, 43.81926610000001]]]}}, {"type": "Feature", "properties": {"id": "30155000AB0177", "section": "AB", "numero": "177", "contenance": 120, "nature": "S", "natures": "S"}, "geometry": {"type": "Polygon", "coordinates": [[[4.473440399999999, 43.8192808], [4.4735974, 43.819314300000016], [4.4735627, 43.8194004], [4.473487, 43.81940409999999], [4.473485499999999, 43.81936219999999], [4.4734129, 43.8193587], [4.473440399999999, 43.8192808]]]}}, {"type": "Feature", "properties": {"id": "30155000AB0181", "section": "AB", "numero": "181", "contenance": 55, "nature": "S", "natures": "S"}, "geometry": {"type": "Polygon", "coordinates": [[[4.4736148, 43.819233100000005], [4.4736183, 43.81916929999999], [4.4737155, 43.81917090000003], [4.4737115, 43.819232400000004], [4.4736148, 43.819233100000005]]]}}, {"type": "Feature", "properties": {"id": "30155000AB0179", "section": "AB", "numero": "179", "contenance": 66, "nature": "S", "natures": "S"}, "geometry": {"type": "Polygon", "coordinates": [[[4.473346399999999, 43.81927020000001], [4.473440399999999, 43.8192808], [4.4734129, 43.8193587], [4.4733312, 43.819355100000024], [4.473346399999999, 43.81927020000001]]]}}, {"type": "Feature", "properties": {"id": "30155000AB0110", "section": "AB", "numero": "110", "contenance": 34, "nature": "S", "natures": "S"}, "geometry": {"type": "Polygon", "coordinates": [[[4.4731592, 43.819139500000006], [4.4730701999999996, 43.8191353], [4.4730739, 43.8190924], [4.4731624000000005, 43.81909960000002], [4.4731592, 43.819139500000006]]]}}, {"type": "Feature", "properties": {"id": "30155000AB0180", "section": "AB", "numero": "180", "contenance": 470, "nature": "S", "natures": "S"}, "geometry": {"type": "Polygon", "coordinates": [[[4.473346399999999, 43.81927020000001], [4.473343699999999, 43.819098399999994], [4.4736233, 43.8190946], [4.4736148, 43.819233100000005], [4.4735974, 43.819314300000016], [4.473440399999999, 43.8192808], [4.473346399999999, 43.81927020000001]]]}}, {"type": "Feature", "properties": {"id": "30155000AB0178", "section": "AB", "numero": "178", "contenance": 80, "nature": "S", "natures": "S"}, "geometry": {"type": "Polygon", "coordinates": [[[4.4733312, 43.819355100000024], [4.473485499999999, 43.81936219999999], [4.473487, 43.81940409999999], [4.473314900000001, 43.81942950000002], [4.4733312, 43.819355100000024]]]}}, {"type": "Feature", "properties": {"id": "30155000AB0176", "section": "AB", "numero": "176", "contenance": 155, "nature": "S", "natures": "S"}, "geometry": {"type": "Polygon", "coordinates": [[[4.4735974, 43.819314300000016], [4.4736148, 43.819233100000005], [4.4737115, 43.819232400000004], [4.4736992, 43.819363500000016], [4.4736139999999995, 43.819398099999994], [4.4735627, 43.8194004], [4.4735974, 43.819314300000016]]]}}, {"type": "Feature", "properties": {"id": "30155000AB0192", "section": "AB", "numero": "192", "contenance": 693, "nature": "S", "natures": "S"}, "geometry": {"type": "Polygon", "coordinates": [[[4.474734899999999, 43.8194699], [4.4745009, 43.81949940000001], [4.474484200000001, 43.819444000000004], [4.474379299999999, 43.8194559], [4.474334399999999, 43.819205399999994], [4.474538100000001, 43.81921129999999], [4.4746877, 43.819371399999994], [4.474734899999999, 43.8194699]]]}}, {"type": "Feature", "properties": {"id": "30155000AB0220", "section": "AB", "numero": "220", "contenance": 484, "nature": "J", "natures": "J"}, "geometry": {"type": "Polygon", "coordinates": [[[4.475273, 43.8193208], [4.474836300000001, 43.8193792], [4.4747715, 43.8192887], [4.4747919, 43.819288], [4.4747888, 43.8192635], [4.475235700000001, 43.819207600000006], [4.475273, 43.8193208]]]}}, {"type": "Feature", "properties": {"id": "30155000AB1202", "section": "AB", "numero": "1202", "contenance": 294, "nature": "S", "natures": "S"}, "geometry": {"type": "Polygon", "coordinates": [[[4.4727087999999995, 43.81784729999999], [4.4728902, 43.81783599999999], [4.472898, 43.81802369999999], [4.4727393, 43.818044999999984], [4.4727087999999995, 43.81784729999999]]]}}, {"type": "Feature", "properties": {"id": "30155000AB0230", "section": "AB", "numero": "230", "contenance": 823, "nature": "J", "natures": "J"}, "geometry": {"type": "Polygon", "coordinates": [[[4.4763897, 43.81905069999999], [4.4766471, 43.8190362], [4.4766136, 43.8192117], [4.476606900000001, 43.8193542], [4.476159900000001, 43.8193631], [4.4761446, 43.81930080000001], [4.4763517, 43.819288099999994], [4.4763897, 43.81905069999999]]]}}, {"type": "Feature", "properties": {"id": "30155000AB0001", "section": "AB", "numero": "1", "contenance": 1145, "nature": "T", "natures": "T"}, "geometry": {"type": "Polygon", "coordinates": [[[4.4680704, 43.820907099999985], [4.4677319, 43.82089210000001], [4.467794699999999, 43.82052799999998], [4.4680876000000005, 43.820452200000005], [4.4680704, 43.820907099999985]]]}}, {"type": "Feature", "properties": {"id": "30155000AB0002", "section": "AB", "numero": "2", "contenance": 13, "nature": "S", "natures": "S"}, "geometry": {"type": "Polygon", "coordinates": [[[4.4681274, 43.820464], [4.468188399999999, 43.82044869999999], [4.4682027, 43.8204796], [4.4681759, 43.820485300000016], [4.468169700000001, 43.82047270000001], [4.4681327, 43.82047720000003], [4.4681274, 43.820464]]]}}, {"type": "Feature", "properties": {"id": "30155000AB0003", "section": "AB", "numero": "3", "contenance": 1224, "nature": "T", "natures": "T"}, "geometry": {"type": "Polygon", "coordinates": [[[4.4680704, 43.820907099999985], [4.4680876000000005, 43.820452200000005], [4.4682375, 43.82040500000001], [4.4683927, 43.820379100000004], [4.468322400000001, 43.820918899999995], [4.4680704, 43.820907099999985]], [[4.468188399999999, 43.82044869999999], [4.4681274, 43.820464], [4.4681327, 43.82047720000003], [4.468169700000001, 43.82047270000001], [4.4681759, 43.820485300000016], [4.4682027, 43.8204796], [4.468188399999999, 43.82044869999999]]]}}, {"type": "Feature", "properties": {"id": "30155000AB0005", "section": "AB", "numero": "5", "contenance": 67, "nature": "L", "natures": "L"}, "geometry": {"type": "Polygon", "coordinates": [[[4.468887100000001, 43.82055439999999], [4.468901000000001, 43.8204732], [4.4689013, 43.8203516], [4.469009300000001, 43.82034330000001], [4.468935799999999, 43.8204468], [4.468887100000001, 43.82055439999999]]]}}, {"type": "Feature", "properties": {"id": "30155000AB0153", "section": "AB", "numero": "153", "contenance": 197, "nature": "J", "natures": "J"}, "geometry": {"type": "Polygon", "coordinates": [[[4.4730877, 43.8209082], [4.4730768, 43.820776800000004], [4.473185599999999, 43.820748900000005], [4.473215100000001, 43.820751599999994], [4.4732351, 43.8207732], [4.4732423, 43.8208801], [4.473220800000001, 43.82089360000002], [4.473120699999999, 43.8208963], [4.4730877, 43.8209082]]]}}, {"type": "Feature", "properties": {"id": "30155000AB0829", "section": "AB", "numero": "829", "contenance": 41, "nature": "L", "natures": "L"}, "geometry": {"type": "Polygon", "coordinates": [[[4.4733631, 43.8198514], [4.4733393999999995, 43.819812700000014], [4.473431899999999, 43.81976730000001], [4.4734653, 43.81980209999998], [4.4733631, 43.8198514]]]}}, {"type": "Feature", "properties": {"id": "30155000AB0217", "section": "AB", "numero": "217", "contenance": 3, "nature": "S", "natures": "S"}, "geometry": {"type": "Polygon", "coordinates": [[[4.4765975, 43.82057300000001], [4.4765883, 43.82055369999999], [4.476605700000001, 43.8205507], [4.4766138, 43.82057089999999], [4.4765975, 43.82057300000001]]]}}, {"type": "Feature", "properties": {"id": "30155000AB0760", "section": "AB", "numero": "760", "contenance": 484, "nature": "S", "natures": "S"}, "geometry": {"type": "Polygon", "coordinates": [[[4.4762464, 43.8207811], [4.4758536, 43.82085689999999], [4.4757769000000005, 43.8207432], [4.476197099999999, 43.8206609], [4.4762464, 43.8207811]]]}}, {"type": "Feature", "properties": {"id": "30155000AB0214", "section": "AB", "numero": "214", "contenance": 1170, "nature": "S", "natures": "S"}, "geometry": {"type": "Polygon", "coordinates": [[[4.4762736, 43.820820000000026], [4.4764755, 43.82110629999999], [4.4761122, 43.82123270000002], [4.4759399, 43.82097790000002], [4.4759313, 43.82098129999999], [4.4758974, 43.82093090000001], [4.476014400000001, 43.82089239999998], [4.476029200000001, 43.8209136], [4.4762736, 43.820820000000026]]]}}, {"type": "Feature", "properties": {"id": "30155000AB0762", "section": "AB", "numero": "762", "contenance": 944, "nature": "S", "natures": "S"}, "geometry": {"type": "Polygon", "coordinates": [[[4.4762464, 43.8207811], [4.476197099999999, 43.8206609], [4.4762872, 43.82064390000001], [4.4762213, 43.82048230000002], [4.4765369, 43.82041420000001], [4.4766417999999994, 43.82069570000001], [4.4762464, 43.8207811]]]}}, {"type": "Feature", "properties": {"id": "30155000AB0215", "section": "AB", "numero": "215", "contenance": 245, "nature": "S", "natures": "S"}, "geometry": {"type": "Polygon", "coordinates": [[[4.4762736, 43.820820000000026], [4.476029200000001, 43.8209136], [4.476014400000001, 43.82089239999998], [4.4759032, 43.8209296], [4.4758536, 43.82085689999999], [4.4762464, 43.8207811], [4.4762736, 43.820820000000026]]]}}, {"type": "Feature", "properties": {"id": "30155000AB0625", "section": "AB", "numero": "625", "contenance": 154, "nature": "J", "natures": "J"}, "geometry": {"type": "Polygon", "coordinates": [[[4.4760002, 43.82157480000001], [4.4761417, 43.8215234], [4.4762123, 43.821625400000016], [4.4760936, 43.82167230000001], [4.4760002, 43.82157480000001]]]}}, {"type": "Feature", "properties": {"id": "30155000AB0213", "section": "AB", "numero": "213", "contenance": 28, "nature": "S", "natures": "S"}, "geometry": {"type": "Polygon", "coordinates": [[[4.4761764, 43.821712299999994], [4.4761508, 43.82167930000001], [4.4762272, 43.821650000000005], [4.4762507, 43.8216833], [4.4761764, 43.821712299999994]]]}}, {"type": "Feature", "properties": {"id": "30155000AC0211", "section": "AC", "numero": "211", "contenance": 7345, "nature": "T", "natures": "T"}, "geometry": {"type": "Polygon", "coordinates": [[[4.4841535, 43.8278072], [4.4851088, 43.82771620000001], [4.4853265, 43.82816380000001], [4.485376900000001, 43.82834679999999], [4.4853506, 43.82848760000001], [4.484242399999999, 43.82854489999998], [4.4841535, 43.8278072]]]}}, {"type": "Feature", "properties": {"id": "30155000AC0282", "section": "AC", "numero": "282", "contenance": 1072, "nature": "L", "natures": "L"}, "geometry": {"type": "Polygon", "coordinates": [[[4.4835723, 43.82769540000002], [4.483445099999999, 43.8276761], [4.483062600000001, 43.827706600000006], [4.4830241, 43.82747310000001], [4.4835258, 43.827425300000016], [4.4835723, 43.82769540000002]]]}}, {"type": "Feature", "properties": {"id": "30155000AC0391", "section": "AC", "numero": "391", "contenance": 2463, "nature": "T", "natures": "T"}, "geometry": {"type": "Polygon", "coordinates": [[[4.4796117, 43.83057280000001], [4.479237900000001, 43.82995590000001], [4.4796882, 43.82984659999999], [4.4797588, 43.83000209999998], [4.479945900000001, 43.8304765], [4.4796117, 43.83057280000001]]]}}, {"type": "Feature", "properties": {"id": "30155000AC0208", "section": "AC", "numero": "208", "contenance": 3988, "nature": "T", "natures": "T"}, "geometry": {"type": "Polygon", "coordinates": [[[4.4839228, 43.82957089999999], [4.4838837, 43.829224499999995], [4.485206499999999, 43.829285400000025], [4.485143999999999, 43.829637500000004], [4.4839228, 43.82957089999999]]]}}, {"type": "Feature", "properties": {"id": "30155000AC0207", "section": "AC", "numero": "207", "contenance": 4379, "nature": "T", "natures": "T"}, "geometry": {"type": "Polygon", "coordinates": [[[4.4839585, 43.82988370000001], [4.4839228, 43.82957089999999], [4.485143999999999, 43.829637500000004], [4.485047699999998, 43.8301633], [4.4843718, 43.8300073], [4.4839585, 43.82988370000001]]]}}, {"type": "Feature", "properties": {"id": "30155000AC0257", "section": "AC", "numero": "257", "contenance": 2980, "nature": "T", "natures": "T"}, "geometry": {"type": "Polygon", "coordinates": [[[4.468327, 43.83370429999999], [4.4679254, 43.83405450000001], [4.467507999999999, 43.833814299999986], [4.468100099999999, 43.83331359999998], [4.4684127, 43.83351029999999], [4.468361799999999, 43.8336427], [4.468327, 43.83370429999999]]]}}, {"type": "Feature", "properties": {"id": "30155000AC0250", "section": "AC", "numero": "250", "contenance": 1929, "nature": "T", "natures": "T"}, "geometry": {"type": "Polygon", "coordinates": [[[4.469984799999999, 43.831772600000015], [4.470122099999999, 43.83150790000001], [4.4708508, 43.8317192], [4.4707183, 43.831967299999995], [4.469984799999999, 43.831772600000015]]]}}, {"type": "Feature", "properties": {"id": "30155000AC0118", "section": "AC", "numero": "118", "contenance": 1298, "nature": "VE", "natures": "VE"}, "geometry": {"type": "Polygon", "coordinates": [[[4.473003300000001, 43.833207099999996], [4.473194299999999, 43.83329400000001], [4.473098, 43.833673300000015], [4.4726268, 43.83353850000001], [4.473003300000001, 43.833207099999996]]]}}, {"type": "Feature", "properties": {"id": "30155000AC0153", "section": "AC", "numero": "153", "contenance": 1735, "nature": "T", "natures": "T"}, "geometry": {"type": "Polygon", "coordinates": [[[4.4782952, 43.8332124], [4.4781208999999995, 43.83311810000001], [4.478787799999999, 43.83231279999999], [4.4788564, 43.8323632], [4.4789281999999995, 43.832439300000004], [4.4782952, 43.8332124]]]}}, {"type": "Feature", "properties": {"id": "30155000AC0315", "section": "AC", "numero": "315", "contenance": 1244, "nature": "T", "natures": "T"}, "geometry": {"type": "Polygon", "coordinates": [[[4.4790869, 43.8336376], [4.4789254000000005, 43.83355159999999], [4.479528400000001, 43.832851500000004], [4.4796469000000005, 43.832893900000016], [4.4790869, 43.8336376]]]}}, {"type": "Feature", "properties": {"id": "30155000AC0154", "section": "AC", "numero": "154", "contenance": 5930, "nature": "T", "natures": "T"}, "geometry": {"type": "Polygon", "coordinates": [[[4.4789254000000005, 43.83355159999999], [4.4782952, 43.8332124], [4.4789281999999995, 43.832439300000004], [4.479022900000001, 43.8325449], [4.4792051, 43.832687699999994], [4.479301499999999, 43.8327441], [4.479528400000001, 43.832851500000004], [4.4789254000000005, 43.83355159999999]]]}}, {"type": "Feature", "properties": {"id": "30155000AC0150", "section": "AC", "numero": "150", "contenance": 607, "nature": "T", "natures": "T"}, "geometry": {"type": "Polygon", "coordinates": [[[4.4783402, 43.83285310000001], [4.477975, 43.832669100000025], [4.478084199999999, 43.83253530000001], [4.4784475, 43.832718500000006], [4.4783402, 43.83285310000001]]]}}, {"type": "Feature", "properties": {"id": "30155000AC0317", "section": "AC", "numero": "317", "contenance": 566, "nature": "L", "natures": "L"}, "geometry": {"type": "Polygon", "coordinates": [[[4.4805039, 43.83386300000003], [4.480604800000001, 43.8337887], [4.4806344, 43.8341016], [4.4807276, 43.8345533], [4.480612200000001, 43.83467010000002], [4.480658600000001, 43.83453459999999], [4.4805039, 43.83386300000003]]]}}, {"type": "Feature", "properties": {"id": "30155000AC0005", "section": "AC", "numero": "5", "contenance": 748, "nature": "T", "natures": "T"}, "geometry": {"type": "Polygon", "coordinates": [[[4.472949599999999, 43.83422920000001], [4.4729252, 43.83432900000001], [4.472115400000001, 43.834099300000005], [4.472158600000001, 43.8340091], [4.472949599999999, 43.83422920000001]]]}}, {"type": "Feature", "properties": {"id": "30155000AC0040", "section": "AC", "numero": "40", "contenance": 2605, "nature": "T", "natures": "T"}, "geometry": {"type": "Polygon", "coordinates": [[[4.478579, 43.836222600000006], [4.478056199999999, 43.836114200000004], [4.4781539, 43.8358865], [4.4785126, 43.8355448], [4.478798500000001, 43.8356116], [4.478579, 43.836222600000006]]]}}, {"type": "Feature", "properties": {"id": "30155000AC0319", "section": "AC", "numero": "319", "contenance": 313, "nature": "L", "natures": "L"}, "geometry": {"type": "Polygon", "coordinates": [[[4.4806086999999994, 43.83350819999998], [4.4805985, 43.8335852], [4.480604800000001, 43.8337887], [4.4805039, 43.83386300000003], [4.480471699999999, 43.833653299999995], [4.480489800000001, 43.833590199999996], [4.4806086999999994, 43.83350819999998]]]}}, {"type": "Feature", "properties": {"id": "30155000AC0308", "section": "AC", "numero": "308", "contenance": 52, "nature": "T", "natures": "T"}, "geometry": {"type": "Polygon", "coordinates": [[[4.484203499999999, 43.83398150000001], [4.484191699999999, 43.834019399999995], [4.4840517, 43.8340354], [4.4840414, 43.8339999], [4.484203499999999, 43.83398150000001]]]}}, {"type": "Feature", "properties": {"id": "30155000AD0160", "section": "AD", "numero": "160", "contenance": 17230, "nature": "T", "natures": "T"}, "geometry": {"type": "Polygon", "coordinates": [[[4.468954199999999, 43.82184650000002], [4.4706285, 43.8222247], [4.4704527, 43.82228289999998], [4.470248599999999, 43.8223765], [4.4698597, 43.8225871], [4.469581299999999, 43.8227702], [4.4693879, 43.8229462], [4.469330299999999, 43.823013899999985], [4.4690641, 43.82339200000001], [4.4687973, 43.82375059999999], [4.468765500000001, 43.8237628], [4.4685422, 43.82374690000002], [4.4681356, 43.823757399999984], [4.4684902, 43.822834699999994], [4.4686079, 43.822562600000005], [4.468954199999999, 43.82184650000002]]]}}, {"type": "Feature", "properties": {"id": "30155000AD0572", "section": "AD", "numero": "572", "contenance": 1899, "nature": "L", "natures": "L"}, "geometry": {"type": "Polygon", "coordinates": [[[4.4624636, 43.824176300000005], [4.4624873, 43.82412370000001], [4.4625526, 43.82412149999999], [4.4626356, 43.82408240000001], [4.4626712, 43.8240627], [4.4627144, 43.8240161], [4.462773399999999, 43.82304870000001], [4.462216699999999, 43.8227376], [4.4621434, 43.822575400000005], [4.462272500000001, 43.8226584], [4.462866400000001, 43.8229785], [4.462901399999999, 43.82301420000001], [4.4629123, 43.8230567], [4.4629008, 43.823809499999996], [4.4627728, 43.8241808], [4.4624636, 43.824176300000005]]]}}, {"type": "Feature", "properties": {"id": "30155000AD0911", "section": "AD", "numero": "911", "contenance": 1867, "nature": "L", "natures": "L"}, "geometry": {"type": "Polygon", "coordinates": [[[4.4624835, 43.8211165], [4.4624672, 43.82029699999999], [4.462724599999999, 43.820226800000015], [4.4626863, 43.82113960000003], [4.4624835, 43.8211165]]]}}, {"type": "Feature", "properties": {"id": "30155000AD0927", "section": "AD", "numero": "927", "contenance": 1438, "nature": "L", "natures": "L"}, "geometry": {"type": "Polygon", "coordinates": [[[4.466347, 43.81943029999999], [4.466100300000001, 43.8194709], [4.466237300000001, 43.819898800000004], [4.466249399999999, 43.81989680000001], [4.4663203000000005, 43.82012020000001], [4.466283, 43.8201443], [4.466210199999999, 43.820160399999985], [4.4661707999999996, 43.82013600000001], [4.466131899999999, 43.82001279999999], [4.4661519, 43.819995600000006], [4.4659336, 43.81930730000001], [4.4662713, 43.81919239999999], [4.466347, 43.81943029999999]]]}}, {"type": "Feature", "properties": {"id": "30155000AD0876", "section": "AD", "numero": "876", "contenance": 31, "nature": "T", "natures": "T"}, "geometry": {"type": "Polygon", "coordinates": [[[4.4666491, 43.8190644], [4.466582900000001, 43.81907780000001], [4.4664135, 43.81911240000002], [4.4666378, 43.81903710000002], [4.4666491, 43.8190644]]]}}, {"type": "Feature", "properties": {"id": "30155000AD0928", "section": "AD", "numero": "928", "contenance": 98, "nature": "L", "natures": "L"}, "geometry": {"type": "Polygon", "coordinates": [[[4.465923699999999, 43.8192761], [4.4662619, 43.81916330000002], [4.4662713, 43.81919239999999], [4.4659336, 43.81930730000001], [4.465923699999999, 43.8192761]]]}}, {"type": "Feature", "properties": {"id": "30155000AD0197", "section": "AD", "numero": "197", "contenance": 14950, "nature": "L", "natures": "L"}, "geometry": {"type": "Polygon", "coordinates": [[[4.465108, 43.8233239], [4.4640591, 43.8233109], [4.464064800000001, 43.822647800000006], [4.463735499999999, 43.8226697], [4.463561, 43.82195359999999], [4.4649583, 43.82188420000001], [4.465108, 43.8233239]]]}}, {"type": "Feature", "properties": {"id": "30155000AD0576", "section": "AD", "numero": "576", "contenance": 1231, "nature": "L", "natures": "L"}, "geometry": {"type": "Polygon", "coordinates": [[[4.462397, 43.822624], [4.462298700000001, 43.82262049999999], [4.4622686, 43.82259], [4.462285699999999, 43.82239810000001], [4.4622546, 43.8221633], [4.4622645, 43.8221183], [4.4622842, 43.822091099999994], [4.4625842, 43.8218114], [4.462714299999999, 43.821631599999996], [4.462761800000001, 43.8215745], [4.462796999999999, 43.821550499999994], [4.4628099, 43.8216742], [4.4626683, 43.821858000000006], [4.4623762, 43.822129200000006], [4.462397, 43.822624]]]}}, {"type": "Feature", "properties": {"id": "30155000AD0734", "section": "AD", "numero": "734", "contenance": 3959, "nature": "L", "natures": "L"}, "geometry": {"type": "Polygon", "coordinates": [[[4.462907700000001, 43.82264229999999], [4.462397, 43.822624], [4.4623762, 43.822129200000006], [4.4626737, 43.821853], [4.4629006, 43.8216032], [4.463012899999999, 43.82166200000001], [4.462907700000001, 43.82264229999999]]]}}, {"type": "Feature", "properties": {"id": "30155000AD0877", "section": "AD", "numero": "877", "contenance": 763, "nature": "L", "natures": "L"}, "geometry": {"type": "Polygon", "coordinates": [[[4.462636900000001, 43.82160739999999], [4.4624835, 43.8211165], [4.4626949, 43.8211404], [4.4628089, 43.8214382], [4.462636900000001, 43.82160739999999]]]}}, {"type": "Feature", "properties": {"id": "30155000AD0735", "section": "AD", "numero": "735", "contenance": 260, "nature": "L", "natures": "L"}, "geometry": {"type": "Polygon", "coordinates": [[[4.4626683, 43.821858000000006], [4.4628099, 43.8216742], [4.462796999999999, 43.821550499999994], [4.4628346, 43.8215292], [4.4630336, 43.8214752], [4.463012899999999, 43.82166200000001], [4.4629006, 43.8216032], [4.4626683, 43.821858000000006]]]}}, {"type": "Feature", "properties": {"id": "30155000AD0198", "section": "AD", "numero": "198", "contenance": 4380, "nature": "L", "natures": "L"}, "geometry": {"type": "Polygon", "coordinates": [[[4.463735499999999, 43.8226697], [4.463711799999999, 43.82267469999999], [4.462907700000001, 43.82264229999999], [4.462977199999999, 43.82198379999999], [4.463560099999999, 43.82196199999999], [4.463735499999999, 43.8226697]]]}}, {"type": "Feature", "properties": {"id": "30155000AD0795", "section": "AD", "numero": "795", "contenance": 26, "nature": "L", "natures": "L"}, "geometry": {"type": "Polygon", "coordinates": [[[4.464561200000001, 43.81975400000001], [4.464559200000001, 43.81974190000002], [4.464762600000001, 43.81966939999999], [4.4647715, 43.81968539999999], [4.464561200000001, 43.81975400000001]]]}}, {"type": "Feature", "properties": {"id": "30155000AD0715", "section": "AD", "numero": "715", "contenance": 14760, "nature": "T", "natures": "T"}, "geometry": {"type": "Polygon", "coordinates": [[[4.4690422000000005, 43.82105009999999], [4.469152399999999, 43.82100650000001], [4.470835400000001, 43.82124499999998], [4.470932699999999, 43.82155679999999], [4.4709402, 43.82164100000001], [4.4709029, 43.82172749999998], [4.470848000000001, 43.82178460000003], [4.470593499999999, 43.8219845], [4.4705869, 43.822005400000016], [4.470670300000001, 43.82216939999999], [4.4706667, 43.8222135], [4.4706285, 43.8222247], [4.468954199999999, 43.82184650000002], [4.4690323, 43.8216424], [4.469084500000001, 43.82144000000002], [4.4690422000000005, 43.82105009999999]]]}}, {"type": "Feature", "properties": {"id": "30155000AD0841", "section": "AD", "numero": "841", "contenance": 96, "nature": "T", "natures": "T"}, "geometry": {"type": "Polygon", "coordinates": [[[4.4682093, 43.8203352], [4.468218800000001, 43.8203669], [4.4678828, 43.820465700000014], [4.467876200000001, 43.82043830000002], [4.4682093, 43.8203352]]]}}, {"type": "Feature", "properties": {"id": "30155000AD0788", "section": "AD", "numero": "788", "contenance": 22, "nature": "S", "natures": "S"}, "geometry": {"type": "Polygon", "coordinates": [[[4.465562199999999, 43.8205576], [4.465574599999999, 43.820602199999996], [4.4655192, 43.82061180000001], [4.465506000000001, 43.820564299999994], [4.465562199999999, 43.8205576]]]}}, {"type": "Feature", "properties": {"id": "30155000AD0886", "section": "AD", "numero": "886", "contenance": 220, "nature": "L", "natures": "L"}, "geometry": {"type": "Polygon", "coordinates": [[[4.466160500000001, 43.8207858], [4.4667188, 43.82070749999999], [4.4667232, 43.82074180000001], [4.466173000000001, 43.82083779999999], [4.466160500000001, 43.8207858]]]}}, {"type": "Feature", "properties": {"id": "30155000AD0836", "section": "AD", "numero": "836", "contenance": 72, "nature": "T", "natures": "T"}, "geometry": {"type": "Polygon", "coordinates": [[[4.4682093, 43.8203352], [4.4683684, 43.82030929999999], [4.4685916, 43.8203026], [4.4686001, 43.82032819999999], [4.468514100000001, 43.820325200000006], [4.468429, 43.820331599999996], [4.468218800000001, 43.8203669], [4.4682093, 43.8203352]]]}}, {"type": "Feature", "properties": {"id": "30155000AD0144", "section": "AD", "numero": "144", "contenance": 6570, "nature": "S", "natures": "S,T"}, "geometry": {"type": "Polygon", "coordinates": [[[4.4707578, 43.8228971], [4.4706992, 43.82321349999998], [4.469683, 43.82322219999999], [4.469684599999999, 43.8231376], [4.469667100000001, 43.823120599999996], [4.4693289, 43.82309410000002], [4.469404100000001, 43.82299299999999], [4.469515899999999, 43.82288140000001], [4.4697668, 43.82269480000002], [4.4698818, 43.82261900000002], [4.470327000000001, 43.822378100000016], [4.470355099999999, 43.822373899999995], [4.4703788, 43.822370799999995], [4.470425, 43.8223806], [4.4704688, 43.822425700000004], [4.4705325, 43.8225854], [4.4705605, 43.822853099999996], [4.4707578, 43.8228971]]]}}, {"type": "Feature", "properties": {"id": "30155000AD1021", "section": "AD", "numero": "1021", "contenance": 731, "nature": "T", "natures": "T"}, "geometry": {"type": "Polygon", "coordinates": [[[4.47265, 43.82090199999999], [4.472665600000001, 43.8209456], [4.471075099999999, 43.821303900000004], [4.471033300000001, 43.82131940000001], [4.470939600000001, 43.82139360000002], [4.470920800000001, 43.8213426], [4.470997, 43.8212837], [4.4710533, 43.82126280000001], [4.47265, 43.82090199999999]]]}}, {"type": "Feature", "properties": {"id": "30155000AD1006", "section": "AD", "numero": "1006", "contenance": 2650, "nature": "T", "natures": "T"}, "geometry": {"type": "Polygon", "coordinates": [[[4.470792500000001, 43.8222454], [4.470860900000001, 43.822405599999996], [4.4709240999999995, 43.82252549999999], [4.471010800000001, 43.82263749999998], [4.471119200000001, 43.822739199999994], [4.4712468, 43.8228283], [4.4713912, 43.8229028], [4.471548900000001, 43.82296149999999], [4.471716700000001, 43.8230028], [4.471891, 43.82302640000001], [4.471192299999999, 43.8229416], [4.470615699999999, 43.822835500000004], [4.4705943, 43.8228131], [4.470567700000001, 43.82261700000001], [4.4705136, 43.82236339999999], [4.4705164, 43.8223355], [4.4705418, 43.82230160000001], [4.470792500000001, 43.8222454]]]}}, {"type": "Feature", "properties": {"id": "30155000AD1022", "section": "AD", "numero": "1022", "contenance": 2971, "nature": "T", "natures": "T"}, "geometry": {"type": "Polygon", "coordinates": [[[4.4728824, 43.8208495], [4.4728835, 43.820799300000004], [4.4731127, 43.82097750000001], [4.4732227, 43.82129200000001], [4.4732838, 43.82152959999999], [4.4732799, 43.821598800000004], [4.4732391, 43.821632300000005], [4.472939199999999, 43.8217118], [4.47265, 43.82090199999999], [4.4728824, 43.8208495]]]}}, {"type": "Feature", "properties": {"id": "30155000AD0742", "section": "AD", "numero": "742", "contenance": 1019, "nature": "T", "natures": "T"}, "geometry": {"type": "Polygon", "coordinates": [[[4.472555399999999, 43.8204601], [4.472565900000001, 43.8200946], [4.472896700000001, 43.82007920000001], [4.472887, 43.82040900000001], [4.472555399999999, 43.8204601]]]}}, {"type": "Feature", "properties": {"id": "30155000AD0908", "section": "AD", "numero": "908", "contenance": 178, "nature": "L", "natures": "L"}, "geometry": {"type": "Polygon", "coordinates": [[[4.4731127, 43.82097750000001], [4.472895000000001, 43.820807899999984], [4.4729229, 43.82081569999999], [4.472956499999999, 43.82081040000001], [4.4730768, 43.820776800000004], [4.4730877, 43.8209082], [4.4731127, 43.82097750000001]]]}}, {"type": "Feature", "properties": {"id": "30155000AD0214", "section": "AD", "numero": "214", "contenance": 4060, "nature": "T", "natures": "T"}, "geometry": {"type": "Polygon", "coordinates": [[[4.4591889, 43.82428639999999], [4.4591652, 43.824261100000015], [4.459167500000001, 43.82422599999998], [4.459465800000001, 43.8240249], [4.4597317, 43.82378339999999], [4.459778899999999, 43.82376849999999], [4.4598612, 43.82378499999998], [4.4606535, 43.824136900000006], [4.460725000000001, 43.8241813], [4.460708400000001, 43.82421260000001], [4.4606858, 43.82422590000001], [4.4606227, 43.824254100000005], [4.460572300000001, 43.824264500000005], [4.4591889, 43.82428639999999]]]}}, {"type": "Feature", "properties": {"id": "30155000AD0913", "section": "AD", "numero": "913", "contenance": 572, "nature": "T", "natures": "T"}, "geometry": {"type": "Polygon", "coordinates": [[[4.458704499999999, 43.82444780000001], [4.458921500000001, 43.8243835], [4.4589417, 43.824536599999995], [4.458422499999999, 43.82458630000002], [4.458408100000001, 43.8244721], [4.458704499999999, 43.82444780000001]]]}}, {"type": "Feature", "properties": {"id": "30155000AD0915", "section": "AD", "numero": "915", "contenance": 637, "nature": "L", "natures": "L"}, "geometry": {"type": "Polygon", "coordinates": [[[4.459669000000001, 43.8243053], [4.4589417, 43.824536599999995], [4.458921500000001, 43.8243835], [4.459067899999999, 43.8243379], [4.4591565, 43.8243237], [4.459669000000001, 43.8243053]]]}}, {"type": "Feature", "properties": {"id": "30155000AD0575", "section": "AD", "numero": "575", "contenance": 7389, "nature": "S", "natures": "L,S"}, "geometry": {"type": "Polygon", "coordinates": [[[4.4640591, 43.8233109], [4.462946099999999, 43.82329730000001], [4.462949000000001, 43.82300499999998], [4.4629182, 43.82297569999999], [4.4623999, 43.82268830000001], [4.462397, 43.822624], [4.463711799999999, 43.82267469999999], [4.464064800000001, 43.822647800000006], [4.4640591, 43.8233109]]]}}, {"type": "Feature", "properties": {"id": "30155000AD0195", "section": "AD", "numero": "195", "contenance": 14065, "nature": "T", "natures": "T"}, "geometry": {"type": "Polygon", "coordinates": [[[4.464630199999999, 43.824223999999994], [4.4644792, 43.8242321], [4.4636402, 43.824192800000006], [4.4631311, 43.8241912], [4.462801, 43.82418189999999], [4.462924600000001, 43.823788500000006], [4.462931200000001, 43.823467], [4.462946099999999, 43.82329730000001], [4.464687700000001, 43.823318799999996], [4.464630199999999, 43.824223999999994]]]}}, {"type": "Feature", "properties": {"id": "30155000AD0194", "section": "AD", "numero": "194", "contenance": 7600, "nature": "T", "natures": "T"}, "geometry": {"type": "Polygon", "coordinates": [[[4.464630199999999, 43.824223999999994], [4.464687700000001, 43.823318799999996], [4.465108, 43.8233239], [4.465164, 43.8239436], [4.4661069, 43.8239856], [4.465955300000001, 43.82432699999998], [4.465907799999999, 43.8243813], [4.465819800000001, 43.8244195], [4.465744400000001, 43.824426], [4.4654873, 43.82442529999999], [4.4652383, 43.824416], [4.4648977, 43.824248299999994], [4.4647905, 43.82423229999999], [4.464630199999999, 43.824223999999994]]]}}, {"type": "Feature", "properties": {"id": "30155000AD0574", "section": "AD", "numero": "574", "contenance": 36, "nature": "L", "natures": "L"}, "geometry": {"type": "Polygon", "coordinates": [[[4.462397, 43.822624], [4.4623999, 43.82268830000001], [4.462298700000001, 43.82262049999999], [4.462397, 43.822624]]]}}, {"type": "Feature", "properties": {"id": "30155000AD0348", "section": "AD", "numero": "348", "contenance": 10481, "nature": "T", "natures": "T"}, "geometry": {"type": "Polygon", "coordinates": [[[4.467610399999999, 43.8245589], [4.467304400000001, 43.824558599999996], [4.4667589, 43.82445860000001], [4.4660498, 43.824450600000006], [4.465991999999999, 43.82442180000002], [4.465985899999999, 43.82436590000001], [4.4659949999999995, 43.824341800000006], [4.466149000000001, 43.82401869999999], [4.466240999999999, 43.823779199999976], [4.4662732, 43.8237692], [4.4678962, 43.823807800000004], [4.467610399999999, 43.8245589]]]}}, {"type": "Feature", "properties": {"id": "30155000AD0193", "section": "AD", "numero": "193", "contenance": 2091, "nature": "T", "natures": "T"}, "geometry": {"type": "Polygon", "coordinates": [[[4.4661069, 43.8239856], [4.465164, 43.8239436], [4.465146000000001, 43.8237437], [4.466221, 43.8237183], [4.466222600000001, 43.82373789999999], [4.4662163, 43.8237368], [4.4661069, 43.8239856]]]}}, {"type": "Feature", "properties": {"id": "30155000AD0829", "section": "AD", "numero": "829", "contenance": 982, "nature": "T", "natures": "T"}, "geometry": {"type": "Polygon", "coordinates": [[[4.4650406, 43.8226359], [4.465026, 43.82250300000001], [4.4658569, 43.82246429999999], [4.4658779, 43.8225969], [4.4650406, 43.8226359]]]}}, {"type": "Feature", "properties": {"id": "30155000AD0827", "section": "AD", "numero": "827", "contenance": 1090, "nature": "T", "natures": "T"}, "geometry": {"type": "Polygon", "coordinates": [[[4.465055799999999, 43.82278560000002], [4.4650406, 43.8226359], [4.4658779, 43.8225969], [4.465900500000001, 43.822739399999996], [4.465055799999999, 43.82278560000002]]]}}, {"type": "Feature", "properties": {"id": "30155000AD0825", "section": "AD", "numero": "825", "contenance": 919, "nature": "T", "natures": "T"}, "geometry": {"type": "Polygon", "coordinates": [[[4.465067599999999, 43.822907699999995], [4.465055799999999, 43.82278560000002], [4.465900500000001, 43.822739399999996], [4.4659207, 43.8228648], [4.465067599999999, 43.822907699999995]]]}}, {"type": "Feature", "properties": {"id": "30155000AD0821", "section": "AD", "numero": "821", "contenance": 1963, "nature": "T", "natures": "T"}, "geometry": {"type": "Polygon", "coordinates": [[[4.4651036, 43.8232807], [4.465079300000001, 43.82302900000001], [4.4659415, 43.82299319999999], [4.465984399999999, 43.823255800000005], [4.4651036, 43.8232807]]]}}, {"type": "Feature", "properties": {"id": "30155000AD0823", "section": "AD", "numero": "823", "contenance": 935, "nature": "T", "natures": "T"}, "geometry": {"type": "Polygon", "coordinates": [[[4.465079300000001, 43.82302900000001], [4.465067599999999, 43.822907699999995], [4.4659207, 43.8228648], [4.4659415, 43.82299319999999], [4.465079300000001, 43.82302900000001]]]}}, {"type": "Feature", "properties": {"id": "30155000AD0819", "section": "AD", "numero": "819", "contenance": 1648, "nature": "T", "natures": "T"}, "geometry": {"type": "Polygon", "coordinates": [[[4.465146000000001, 43.8237437], [4.4651269000000005, 43.8235332], [4.466027699999999, 43.82352259999999], [4.466060400000001, 43.823722100000005], [4.465146000000001, 43.8237437]]]}}, {"type": "Feature", "properties": {"id": "30155000AD0817", "section": "AD", "numero": "817", "contenance": 2057, "nature": "T", "natures": "T"}, "geometry": {"type": "Polygon", "coordinates": [[[4.4651269000000005, 43.8235332], [4.4651036, 43.8232807], [4.465984399999999, 43.823255800000005], [4.466027699999999, 43.82352259999999], [4.4651269000000005, 43.8235332]]]}}, {"type": "Feature", "properties": {"id": "30155000AD0139", "section": "AD", "numero": "139", "contenance": 619, "nature": "J", "natures": "J"}, "geometry": {"type": "Polygon", "coordinates": [[[4.468441199999999, 43.82413269999999], [4.4680085, 43.824092000000014], [4.4680578, 43.8239609], [4.4686011, 43.82398740000001], [4.468441199999999, 43.82413269999999]]]}}, {"type": "Feature", "properties": {"id": "30155000AD0138", "section": "AD", "numero": "138", "contenance": 1365, "nature": "S", "natures": "J,S"}, "geometry": {"type": "Polygon", "coordinates": [[[4.468441199999999, 43.82413269999999], [4.4681908, 43.8244399], [4.4681326, 43.82448399999999], [4.4680646, 43.82452490000001], [4.468028, 43.8245368], [4.467904800000001, 43.824563], [4.4678539, 43.824564800000005], [4.467840899999999, 43.82455200000002], [4.4680085, 43.824092000000014], [4.468441199999999, 43.82413269999999]]]}}, {"type": "Feature", "properties": {"id": "30155000AD0140", "section": "AD", "numero": "140", "contenance": 980, "nature": "J", "natures": "J"}, "geometry": {"type": "Polygon", "coordinates": [[[4.4686011, 43.82398740000001], [4.4680578, 43.8239609], [4.468121000000001, 43.8237944], [4.4685219, 43.8237775], [4.4687418999999995, 43.823806700000006], [4.4687091, 43.823859899999995], [4.4686011, 43.82398740000001]]]}}, {"type": "Feature", "properties": {"id": "30155000AD0293", "section": "AD", "numero": "293", "contenance": 478, "nature": "S", "natures": "S"}, "geometry": {"type": "Polygon", "coordinates": [[[4.456279199999999, 43.82760909999999], [4.4563421, 43.8264794], [4.4563903, 43.8264802], [4.4563318, 43.82764430000001], [4.456279199999999, 43.82760909999999]]]}}, {"type": "Feature", "properties": {"id": "30155000AD0123", "section": "AD", "numero": "123", "contenance": 335, "nature": "J", "natures": "J"}, "geometry": {"type": "Polygon", "coordinates": [[[4.4740126, 43.82821159999998], [4.4743429, 43.8279521], [4.4743615, 43.82794489999999], [4.4742609, 43.8281163], [4.474220899999999, 43.8282363], [4.4740484, 43.82825720000002], [4.4740126, 43.82821159999998]]]}}, {"type": "Feature", "properties": {"id": "30155000AD0719", "section": "AD", "numero": "719", "contenance": 1277, "nature": "L", "natures": "L"}, "geometry": {"type": "Polygon", "coordinates": [[[4.476051799999999, 43.8272539], [4.4752253, 43.82749749999999], [4.474919100000001, 43.8275865], [4.4751653000000005, 43.82737409999999], [4.4759872, 43.82712970000001], [4.476051799999999, 43.8272539]]]}}, {"type": "Feature", "properties": {"id": "30155000AD0717", "section": "AD", "numero": "717", "contenance": 121, "nature": "L", "natures": "L"}, "geometry": {"type": "Polygon", "coordinates": [[[4.4744235, 43.827710900000014], [4.473814400000001, 43.8279012], [4.4738066, 43.827888], [4.4744085, 43.82768750000001], [4.4744235, 43.827710900000014]]]}}, {"type": "Feature", "properties": {"id": "30155000AE0581", "section": "AE", "numero": "581", "contenance": 3904, "nature": "T", "natures": "T"}, "geometry": {"type": "Polygon", "coordinates": [[[4.477168299999999, 43.82060120000001], [4.4766417999999994, 43.82069570000001], [4.4765975, 43.82057300000001], [4.4766138, 43.82057089999999], [4.476605700000001, 43.8205507], [4.4765883, 43.82055369999999], [4.4765369, 43.82041420000001], [4.4770017, 43.82040560000001], [4.4780482, 43.8203158], [4.479569800000001, 43.8200685], [4.480121400000001, 43.82000790000001], [4.4801364999999995, 43.8200196], [4.4791721, 43.820202499999986], [4.477168299999999, 43.82060120000001]]]}}, {"type": "Feature", "properties": {"id": "30155000AE0584", "section": "AE", "numero": "584", "contenance": 31298, "nature": "T", "natures": "T"}, "geometry": {"type": "Polygon", "coordinates": [[[4.4777447, 43.821660900000005], [4.477168299999999, 43.82060120000001], [4.4791721, 43.820202499999986], [4.4801364999999995, 43.8200196], [4.480310600000001, 43.82015429999999], [4.480445499999999, 43.8204997], [4.4805293, 43.8206287], [4.4806967, 43.821000999999995], [4.4806977, 43.821020299999994], [4.4806823, 43.8210355], [4.480651600000001, 43.82105060000001], [4.480469300000001, 43.8210909], [4.4797970000000005, 43.82122379999999], [4.4792994, 43.82137790000001], [4.478666, 43.8214629], [4.477893099999999, 43.82166310000001], [4.4777447, 43.821660900000005]]]}}, {"type": "Feature", "properties": {"id": "30155000AE0825", "section": "AE", "numero": "825", "contenance": 1722, "nature": "S", "natures": "S"}, "geometry": {"type": "Polygon", "coordinates": [[[4.484843399999999, 43.8180721], [4.4854195, 43.81799160000001], [4.485432899999999, 43.818005700000015], [4.4853171, 43.8180295], [4.4852657, 43.818068300000014], [4.4849961, 43.8181117], [4.4849905, 43.81808490000001], [4.484919399999998, 43.818094900000006], [4.484924999999999, 43.81812159999999], [4.4847272, 43.818146200000015], [4.4841423, 43.81815860000001], [4.4839926, 43.8181918], [4.483745800000001, 43.8182606], [4.483413400000001, 43.81836630000001], [4.483393599999999, 43.818351699999994], [4.4830231, 43.818497199999996], [4.4829816, 43.818522800000004], [4.4829495999999995, 43.818577299999994], [4.482967, 43.818674400000006], [4.4832201, 43.8188752], [4.483658000000001, 43.8193954], [4.4832403, 43.8189507], [4.4831093, 43.818828], [4.482788099999999, 43.8185553], [4.4830477, 43.81844200000001], [4.4834318, 43.8182983], [4.483805, 43.81818830000001], [4.4839335, 43.81816049999999], [4.484106799999998, 43.8181372], [4.484843399999999, 43.8180721]]]}}, {"type": "Feature", "properties": {"id": "30155000AE0849", "section": "AE", "numero": "849", "contenance": 1362, "nature": "S", "natures": "S"}, "geometry": {"type": "Polygon", "coordinates": [[[4.486581599999999, 43.82031750000001], [4.487358900000001, 43.8200078], [4.487397100000001, 43.82005379999998], [4.4866383, 43.8203492], [4.4858912, 43.82060680000001], [4.485422400000001, 43.82074920000001], [4.4847551, 43.82090850000001], [4.4846775, 43.82091629999999], [4.4846496, 43.82090780000001], [4.4842997, 43.82049680000001], [4.4843461, 43.820485999999995], [4.4846805, 43.8208688], [4.4847203, 43.82087540000001], [4.485339499999999, 43.82073020000001], [4.485658500000001, 43.82063480000001], [4.485682899999999, 43.820622799999995], [4.485676800000001, 43.82061139999999], [4.4859233, 43.820555600000006], [4.486581599999999, 43.82031750000001]]]}}, {"type": "Feature", "properties": {"id": "30155000AE0679", "section": "AE", "numero": "679", "contenance": 4696, "nature": "T", "natures": "T"}, "geometry": {"type": "Polygon", "coordinates": [[[4.486526500000001, 43.8177306], [4.4868957, 43.8176143], [4.4885443, 43.81943090000001], [4.4877549000000005, 43.819885799999994], [4.487397100000001, 43.82005379999998], [4.487358900000001, 43.8200078], [4.487596099999999, 43.81988429999999], [4.4880021, 43.8196433], [4.488301899999999, 43.819431400000006], [4.4882996, 43.81938120000001], [4.4880376, 43.819110600000016], [4.4878628, 43.8189119], [4.4878525, 43.81891720000001], [4.4874439, 43.818474], [4.487459199999999, 43.8184664], [4.4868543999999995, 43.81780210000001], [4.486728800000001, 43.81775320000001], [4.4866325, 43.817751599999994], [4.4861557, 43.817884299999996], [4.486113399999999, 43.81783960000001], [4.486526500000001, 43.8177306]]]}}, {"type": "Feature", "properties": {"id": "30155000AE0824", "section": "AE", "numero": "824", "contenance": 15911, "nature": "L", "natures": "L"}, "geometry": {"type": "Polygon", "coordinates": [[[4.4853171, 43.8180295], [4.485432899999999, 43.818005700000015], [4.4863093, 43.81892390000001], [4.486434999999999, 43.81889960000002], [4.486572, 43.819060900000004], [4.4851964, 43.8193166], [4.4853682, 43.81962900000001], [4.4853901, 43.81964100000002], [4.4854209, 43.81964210000001], [4.4868016, 43.819332300000006], [4.4868674, 43.8194116], [4.486597099999999, 43.81947240000001], [4.486580799999999, 43.819503000000005], [4.4869029000000005, 43.81988310000001], [4.486893700000001, 43.81993660000001], [4.4857968, 43.82034550000001], [4.4857773, 43.8203657], [4.485777800000001, 43.82038550000001], [4.4858538, 43.820525399999994], [4.4859233, 43.820555600000006], [4.485715599999999, 43.820602699999995], [4.485309199999999, 43.8198558], [4.4840579, 43.82013640000001], [4.4840107, 43.8200659], [4.4839648, 43.81996900000001], [4.485217800000001, 43.819687800000004], [4.4850327, 43.819347099999995], [4.483759799999999, 43.81958360000001], [4.483668400000001, 43.81941480000001], [4.4849407999999995, 43.819178400000006], [4.4847261, 43.8187572], [4.4845234, 43.8184411], [4.4843933, 43.8182823], [4.4843089, 43.81826170000001], [4.484258900000001, 43.818241600000015], [4.484213100000001, 43.81821670000001], [4.4841423, 43.81815860000001], [4.4847272, 43.818146200000015], [4.484682500000001, 43.81818820000001], [4.4846076, 43.818233700000015], [4.4849233, 43.8188144], [4.484948500000001, 43.8188339], [4.484982, 43.8188361], [4.485298299999999, 43.818777200000014], [4.4853759, 43.81868850000001], [4.4855505, 43.818656], [4.4856182, 43.8187039], [4.485833899999999, 43.818663699999995], [4.4852657, 43.818068300000014], [4.4853171, 43.8180295]], [[4.4863919999999995, 43.81951850000001], [4.485475300000001, 43.819724099999995], [4.485445800000001, 43.81974219999999], [4.485443900000001, 43.819771700000004], [4.4856966, 43.8202367], [4.485722, 43.8202562], [4.4857624000000005, 43.820256700000016], [4.4867037, 43.819906200000005], [4.4867161, 43.81983459999999], [4.4864655, 43.819538400000006], [4.4863919999999995, 43.81951850000001]], [[4.4856275000000005, 43.818729999999995], [4.4856476, 43.818786700000004], [4.485030700000001, 43.818901399999994], [4.485006699999999, 43.81891170000002], [4.4849949, 43.8189269], [4.4849954, 43.8189468], [4.4851047, 43.81914790000001], [4.4861164, 43.8189598], [4.485856500000001, 43.8186875], [4.4856275000000005, 43.818729999999995]]]}}, {"type": "Feature", "properties": {"id": "30155000AE0553", "section": "AE", "numero": "553", "contenance": 1733, "nature": "L", "natures": "L"}, "geometry": {"type": "Polygon", "coordinates": [[[4.4835533, 43.825022600000004], [4.4832094, 43.8251363], [4.4812228, 43.82570830000001], [4.4801832, 43.826019099999996], [4.4798996, 43.8260447], [4.480045800000001, 43.8259748], [4.4800335, 43.8260067], [4.483015299999999, 43.8251339], [4.4835579, 43.82496659999999], [4.4835533, 43.825022600000004]]]}}, {"type": "Feature", "properties": {"id": "30155000AE0128", "section": "AE", "numero": "128", "contenance": 6770, "nature": "T", "natures": "T"}, "geometry": {"type": "Polygon", "coordinates": [[[4.4839038, 43.82006899999998], [4.4827393, 43.82049159999998], [4.482408300000001, 43.8199723], [4.4836106, 43.81951460000001], [4.483768200000001, 43.81983859999999], [4.4839038, 43.82006899999998]]]}}, {"type": "Feature", "properties": {"id": "30155000AE0129", "section": "AE", "numero": "129", "contenance": 6770, "nature": "T", "natures": "T"}, "geometry": {"type": "Polygon", "coordinates": [[[4.4839038, 43.82006899999998], [4.4843647, 43.820715800000016], [4.484162999999999, 43.82079439999999], [4.4840279999999995, 43.8208212], [4.483917899999999, 43.82082619999999], [4.4832985, 43.820776], [4.483054699999999, 43.82082269999998], [4.482974500000001, 43.820855099999996], [4.4827393, 43.82049159999998], [4.4839038, 43.82006899999998]]]}}, {"type": "Feature", "properties": {"id": "30155000AE0162", "section": "AE", "numero": "162", "contenance": 340, "nature": "L", "natures": "L"}, "geometry": {"type": "Polygon", "coordinates": [[[4.4823928, 43.81994819999999], [4.483263200000001, 43.8196272], [4.4833756000000005, 43.81957799999999], [4.4835742, 43.8194586], [4.4835965, 43.819487499999994], [4.4836106, 43.81951460000001], [4.482408300000001, 43.8199723], [4.4823928, 43.81994819999999]]]}}, {"type": "Feature", "properties": {"id": "30155000AE0127", "section": "AE", "numero": "127", "contenance": 10410, "nature": "T", "natures": "T"}, "geometry": {"type": "Polygon", "coordinates": [[[4.4823928, 43.81994819999999], [4.482974500000001, 43.820855099999996], [4.4827208, 43.82095550000001], [4.4822536, 43.82109369999999], [4.4819794, 43.8211537], [4.481796499999999, 43.8211737], [4.481391499999999, 43.820293700000015], [4.4823928, 43.81994819999999]]]}}, {"type": "Feature", "properties": {"id": "30155000AE0829", "section": "AE", "numero": "829", "contenance": 9179, "nature": "S", "natures": "S"}, "geometry": {"type": "Polygon", "coordinates": [[[4.483393599999999, 43.818351699999994], [4.483525, 43.81849349999998], [4.4836422, 43.8185809], [4.483790199999999, 43.818657299999984], [4.4839904, 43.818734899999995], [4.4840561, 43.8187521], [4.4842342, 43.818780800000006], [4.4843841, 43.818788700000006], [4.4845644, 43.81878100000001], [4.4847261, 43.8187572], [4.4849407999999995, 43.819178400000006], [4.483668400000001, 43.81941480000001], [4.4834655, 43.8191612], [4.4832201, 43.8188752], [4.482967, 43.818674400000006], [4.4829495999999995, 43.818577299999994], [4.4829603, 43.8185484], [4.4829958, 43.8185118], [4.483393599999999, 43.818351699999994]]]}}, {"type": "Feature", "properties": {"id": "30155000AE0962", "section": "AE", "numero": "962", "contenance": 15, "nature": "S", "natures": "S"}, "geometry": {"type": "Polygon", "coordinates": [[[4.4801042, 43.81904589999999], [4.480055300000001, 43.819037500000015], [4.4800683999999995, 43.81900040000001], [4.480104400000001, 43.819007899999995], [4.4801042, 43.81904589999999]]]}}, {"type": "Feature", "properties": {"id": "30155000AE0752", "section": "AE", "numero": "752", "contenance": 26, "nature": "S", "natures": "S"}, "geometry": {"type": "Polygon", "coordinates": [[[4.484919399999998, 43.818094900000006], [4.4849905, 43.81808490000001], [4.4849991, 43.81812609999998], [4.4849275, 43.8181339], [4.484919399999998, 43.818094900000006]]]}}, {"type": "Feature", "properties": {"id": "30155000AE0828", "section": "AE", "numero": "828", "contenance": 14, "nature": "S", "natures": "S"}, "geometry": {"type": "Polygon", "coordinates": [[[4.4849991, 43.81812609999998], [4.485004199999999, 43.81814569999999], [4.4849332, 43.81815529999999], [4.4849275, 43.8181339], [4.4849991, 43.81812609999998]]]}}, {"type": "Feature", "properties": {"id": "30155000AE0650", "section": "AE", "numero": "650", "contenance": 273, "nature": "L", "natures": "L"}, "geometry": {"type": "Polygon", "coordinates": [[[4.486434999999999, 43.81889960000002], [4.4869793, 43.81876659999999], [4.4870199, 43.8188132], [4.486475400000001, 43.8189471], [4.486434999999999, 43.81889960000002]]]}}, {"type": "Feature", "properties": {"id": "30155000AE0677", "section": "AE", "numero": "677", "contenance": 416, "nature": "T", "natures": "T"}, "geometry": {"type": "Polygon", "coordinates": [[[4.4874439, 43.818474], [4.4874981, 43.81853289999998], [4.4870684, 43.8187561], [4.4870226, 43.818816299999995], [4.486945400000001, 43.81871979999999], [4.4874439, 43.818474]]]}}, {"type": "Feature", "properties": {"id": "30155000AE0663", "section": "AE", "numero": "663", "contenance": 282, "nature": "L", "natures": "L"}, "geometry": {"type": "Polygon", "coordinates": [[[4.4884040999999995, 43.8192769], [4.488737199999999, 43.8192863], [4.4888599000000005, 43.819216], [4.488876800000001, 43.81923069999999], [4.4885443, 43.81943090000001], [4.4884040999999995, 43.8192769]]]}}, {"type": "Feature", "properties": {"id": "30155000AE0516", "section": "AE", "numero": "516", "contenance": 1541, "nature": "T", "natures": "T"}, "geometry": {"type": "Polygon", "coordinates": [[[4.490252400000001, 43.8194491], [4.4906817, 43.820137], [4.490539, 43.82017749999999], [4.4902736, 43.8197536], [4.4902348, 43.8197158], [4.4901844, 43.81968630000001], [4.490132499999999, 43.819667599999995], [4.4900704, 43.8196579], [4.4899901, 43.8196596], [4.489940900000001, 43.819668799999995], [4.4898378999999995, 43.81970490000002], [4.4897727000000005, 43.819596000000004], [4.490252400000001, 43.8194491]]]}}, {"type": "Feature", "properties": {"id": "30155000AE0358", "section": "AE", "numero": "358", "contenance": 123, "nature": "L", "natures": "L"}, "geometry": {"type": "Polygon", "coordinates": [[[4.491814200000001, 43.8208201], [4.4917904, 43.82082770000001], [4.4910934000000005, 43.8200199], [4.4911211, 43.82001230000001], [4.491814200000001, 43.8208201]]]}}, {"type": "Feature", "properties": {"id": "30155000AE0033", "section": "AE", "numero": "33", "contenance": 11030, "nature": "S", "natures": "AG,S"}, "geometry": {"type": "Polygon", "coordinates": [[[4.4777447, 43.821660900000005], [4.477593499999999, 43.82166619999999], [4.4769947, 43.82177560000001], [4.476886, 43.82178089999999], [4.4768117, 43.82176239999999], [4.4764757, 43.821645000000004], [4.476339499999999, 43.8215849], [4.4761122, 43.82123270000002], [4.4764755, 43.82110629999999], [4.4762464, 43.8207811], [4.4766417999999994, 43.82069570000001], [4.477168299999999, 43.82060120000001], [4.4777447, 43.821660900000005]]]}}, {"type": "Feature", "properties": {"id": "30155000AE0028", "section": "AE", "numero": "28", "contenance": 162, "nature": "J", "natures": "J"}, "geometry": {"type": "Polygon", "coordinates": [[[4.4765025, 43.82182820000002], [4.4763871, 43.8216584], [4.4763709, 43.82163409999999], [4.4766199, 43.821720100000014], [4.4765025, 43.82182820000002]]]}}, {"type": "Feature", "properties": {"id": "30155000AE0126", "section": "AE", "numero": "126", "contenance": 6430, "nature": "T", "natures": "T"}, "geometry": {"type": "Polygon", "coordinates": [[[4.481796499999999, 43.8211737], [4.481230399999999, 43.82120310000001], [4.481045000000001, 43.8212003], [4.480972, 43.8211878], [4.480834899999999, 43.82111510000001], [4.480798900000001, 43.82108730000001], [4.480560599999999, 43.82057760000001], [4.481391499999999, 43.820293700000015], [4.481796499999999, 43.8211737]]]}}, {"type": "Feature", "properties": {"id": "30155000AE0827", "section": "AE", "numero": "827", "contenance": 18, "nature": "S", "natures": "S"}, "geometry": {"type": "Polygon", "coordinates": [[[4.485676800000001, 43.82061139999999], [4.485652299999999, 43.820565400000014], [4.4856892, 43.820554800000004], [4.485715599999999, 43.820602699999995], [4.485676800000001, 43.82061139999999]]]}}, {"type": "Feature", "properties": {"id": "30155000AE0357", "section": "AE", "numero": "357", "contenance": 36, "nature": "L", "natures": "L"}, "geometry": {"type": "Polygon", "coordinates": [[[4.489552599999999, 43.820440199999986], [4.4895751, 43.82047279999999], [4.489487, 43.8205035], [4.4894644, 43.82046850000002], [4.489552599999999, 43.820440199999986]]]}}, {"type": "Feature", "properties": {"id": "30155000AE0977", "section": "AE", "numero": "977", "contenance": 272, "nature": "L", "natures": "L"}, "geometry": {"type": "Polygon", "coordinates": [[[4.477022, 43.822522499999984], [4.477310600000001, 43.82296310000002], [4.4773499999999995, 43.8229535], [4.4774914, 43.823252], [4.477477500000001, 43.82325389999999], [4.4769817, 43.82252700000001], [4.477022, 43.822522499999984]]]}}, {"type": "Feature", "properties": {"id": "30155000AE0636", "section": "AE", "numero": "636", "contenance": 79, "nature": "L", "natures": "L"}, "geometry": {"type": "Polygon", "coordinates": [[[4.4801285, 43.8224045], [4.4802048, 43.822378300000004], [4.480208500000001, 43.82238859999999], [4.4795902, 43.822561099999994], [4.479587099999999, 43.82255090000001], [4.4801285, 43.8224045]]]}}, {"type": "Feature", "properties": {"id": "30155000AE0635", "section": "AE", "numero": "635", "contenance": 696, "nature": "L", "natures": "L"}, "geometry": {"type": "Polygon", "coordinates": [[[4.479972399999999, 43.82245439999998], [4.4799299999999995, 43.822495], [4.4799747, 43.822636999999986], [4.4799983, 43.82263400000001], [4.4800313, 43.82273889999998], [4.480012999999999, 43.82275969999999], [4.4800346, 43.82283089999999], [4.4800589, 43.82282750000002], [4.480091399999999, 43.8229333], [4.480073000000001, 43.822953399999996], [4.4800928, 43.82301750000002], [4.480117, 43.8230143], [4.4801621, 43.82317820000001], [4.4799815999999995, 43.823186299999996], [4.479979, 43.823153900000015], [4.479966799999999, 43.82315450000001], [4.479963100000001, 43.8231183], [4.4800316, 43.823071600000006], [4.479958600000001, 43.82283210000002], [4.4799293, 43.8228185], [4.479896300000001, 43.82271289999999], [4.4799174, 43.822700699999984], [4.4798722, 43.82255369999999], [4.479860100000001, 43.8225554], [4.479853000000001, 43.8225283], [4.479800899999999, 43.822502199999995], [4.479972399999999, 43.82245439999998]]]}}, {"type": "Feature", "properties": {"id": "30155000AE0567", "section": "AE", "numero": "567", "contenance": 2386, "nature": "L", "natures": "L"}, "geometry": {"type": "Polygon", "coordinates": [[[4.4778898, 43.82670009999999], [4.4765304, 43.82710470000001], [4.476051799999999, 43.8272539], [4.4759872, 43.82712970000001], [4.4765676, 43.826947299999986], [4.4770636999999995, 43.826807300000006], [4.4778404, 43.826572999999996], [4.4778898, 43.82670009999999]]]}}, {"type": "Feature", "properties": {"id": "30155000AE0555", "section": "AE", "numero": "555", "contenance": 516, "nature": "L", "natures": "L"}, "geometry": {"type": "Polygon", "coordinates": [[[4.4793663, 43.82620209999999], [4.4790073, 43.8263386], [4.4781222, 43.8266051], [4.477901300000001, 43.826679], [4.477951599999999, 43.8266006], [4.4793663, 43.82620209999999]]]}}, {"type": "Feature", "properties": {"id": "30155000AE0565", "section": "AE", "numero": "565", "contenance": 1017, "nature": "T", "natures": "T"}, "geometry": {"type": "Polygon", "coordinates": [[[4.4793663, 43.82620209999999], [4.4790395, 43.82629389999999], [4.477951599999999, 43.8266006], [4.4779305, 43.8265518], [4.4789687, 43.82625269999997], [4.479242300000001, 43.82602160000001], [4.4793663, 43.82620209999999]]]}}, {"type": "Feature", "properties": {"id": "30155000AE0537", "section": "AE", "numero": "537", "contenance": 647, "nature": "L", "natures": "L"}, "geometry": {"type": "Polygon", "coordinates": [[[4.4816103, 43.8254883], [4.481626899999999, 43.8255413], [4.4801946, 43.825961299999996], [4.4800298000000005, 43.8260039], [4.480045800000001, 43.8259748], [4.480040599999999, 43.825947100000015], [4.4816103, 43.8254883]]]}}, {"type": "Feature", "properties": {"id": "30155000AE0536", "section": "AE", "numero": "536", "contenance": 413, "nature": "L", "natures": "L"}, "geometry": {"type": "Polygon", "coordinates": [[[4.4816028999999995, 43.825464399999994], [4.4816103, 43.8254883], [4.480040599999999, 43.825947100000015], [4.480035000000001, 43.8259181], [4.4816028999999995, 43.825464399999994]]]}}, {"type": "Feature", "properties": {"id": "30155000AE0316", "section": "AE", "numero": "316", "contenance": 89, "nature": "T", "natures": "T"}, "geometry": {"type": "Polygon", "coordinates": [[[4.478620300000001, 43.824895300000016], [4.478609199999999, 43.8248802], [4.478963799999999, 43.824873000000004], [4.4792815, 43.8248841], [4.4792819, 43.82489879999999], [4.4788156, 43.82489129999999], [4.478620300000001, 43.824895300000016]]]}}, {"type": "Feature", "properties": {"id": "30155000AE0535", "section": "AE", "numero": "535", "contenance": 548, "nature": "L", "natures": "L"}, "geometry": {"type": "Polygon", "coordinates": [[[4.480035000000001, 43.8259181], [4.4800284999999995, 43.82588420000001], [4.481591200000001, 43.82542609999999], [4.4816028999999995, 43.825464399999994], [4.480035000000001, 43.8259181]]]}}, {"type": "Feature", "properties": {"id": "30155000AE0557", "section": "AE", "numero": "557", "contenance": 1292, "nature": "T", "natures": "T"}, "geometry": {"type": "Polygon", "coordinates": [[[4.483569299999999, 43.824962999999975], [4.483015299999999, 43.8251339], [4.481626899999999, 43.8255413], [4.4816056, 43.82547300000001], [4.483550200000001, 43.8248999], [4.483569299999999, 43.824962999999975]]]}}, {"type": "Feature", "properties": {"id": "30155000AE0563", "section": "AE", "numero": "563", "contenance": 46, "nature": "L", "natures": "L"}, "geometry": {"type": "Polygon", "coordinates": [[[4.480045800000001, 43.8259748], [4.479983, 43.826003599999986], [4.479898499999999, 43.8259545], [4.4800366, 43.825925899999994], [4.480045800000001, 43.8259748]]]}}, {"type": "Feature", "properties": {"id": "30155000AE0315", "section": "AE", "numero": "315", "contenance": 89, "nature": "T", "natures": "T"}, "geometry": {"type": "Polygon", "coordinates": [[[4.4798493, 43.82489610000001], [4.4795454, 43.824914000000014], [4.4792819, 43.82489879999999], [4.4792815, 43.8248841], [4.479519500000001, 43.82489389999999], [4.4798448, 43.82487259999999], [4.4798493, 43.82489610000001]]]}}, {"type": "Feature", "properties": {"id": "30155000AE0554", "section": "AE", "numero": "554", "contenance": 157, "nature": "L", "natures": "L"}, "geometry": {"type": "Polygon", "coordinates": [[[4.4798695, 43.826037799999995], [4.479351099999999, 43.82596409999999], [4.479326999999999, 43.825928799999986], [4.479806899999999, 43.825994200000004], [4.4798695, 43.826037799999995]]]}}, {"type": "Feature", "properties": {"id": "30155000AE0550", "section": "AE", "numero": "550", "contenance": 250, "nature": "T", "natures": "T"}, "geometry": {"type": "Polygon", "coordinates": [[[4.4835533, 43.825022600000004], [4.4835579, 43.82496659999999], [4.483609900000001, 43.824931], [4.4838443, 43.824858299999995], [4.4840072, 43.8248308], [4.484024400000001, 43.82486690000001], [4.4835533, 43.825022600000004]]]}}, {"type": "Feature", "properties": {"id": "30155000AE0559", "section": "AE", "numero": "559", "contenance": 38, "nature": "S", "natures": "S"}, "geometry": {"type": "Polygon", "coordinates": [[[4.4838443, 43.824858299999995], [4.483609900000001, 43.824931], [4.4836038, 43.82489890000001], [4.4838443, 43.824858299999995]]]}}, {"type": "Feature", "properties": {"id": "30155000AH0112", "section": "AH", "numero": "112", "contenance": 30791, "nature": "T", "natures": "T"}, "geometry": {"type": "Polygon", "coordinates": [[[4.491844099999998, 43.81971910000001], [4.490944700000001, 43.818155700000005], [4.4926064, 43.81750670000001], [4.4936242, 43.81928159999998], [4.4919357, 43.819766800000004], [4.491897699999999, 43.81970280000001], [4.491844099999998, 43.81971910000001]]]}}, {"type": "Feature", "properties": {"id": "30155000AH0570", "section": "AH", "numero": "570", "contenance": 13431, "nature": "T", "natures": "T"}, "geometry": {"type": "Polygon", "coordinates": [[[4.4926064, 43.81750670000001], [4.4930044, 43.81733650000001], [4.493491299999999, 43.817329300000004], [4.494216199999999, 43.819112999999994], [4.4936242, 43.81928159999998], [4.4926064, 43.81750670000001]]]}}, {"type": "Feature", "properties": {"id": "30155000AH0543", "section": "AH", "numero": "543", "contenance": 14588, "nature": "T", "natures": "T"}, "geometry": {"type": "Polygon", "coordinates": [[[4.5005545, 43.813588699999976], [4.500680799999999, 43.816352900000005], [4.501171599999999, 43.81633589999999], [4.501183400000001, 43.81661510000001], [4.500161500000001, 43.8166287], [4.5000513, 43.8139746], [4.5005545, 43.813588699999976]]]}}, {"type": "Feature", "properties": {"id": "30155000AH0545", "section": "AH", "numero": "545", "contenance": 3373, "nature": "T", "natures": "T"}, "geometry": {"type": "Polygon", "coordinates": [[[4.4999325, 43.81622669999999], [4.500028499999998, 43.81552239999998], [4.5000018, 43.814753200000006], [4.499863699999999, 43.81412039999999], [4.5000513, 43.8139746], [4.500161500000001, 43.8166287], [4.499889199999999, 43.8166324], [4.4998647, 43.81657450000001], [4.4999325, 43.81622669999999]]]}}, {"type": "Feature", "properties": {"id": "30155000AH0399", "section": "AH", "numero": "399", "contenance": 12646, "nature": "T", "natures": "T"}, "geometry": {"type": "Polygon", "coordinates": [[[4.501036, 43.81331549999998], [4.501105199999999, 43.813295200000006], [4.5013668, 43.813336099999994], [4.5018566, 43.813664], [4.5020323, 43.81373540000001], [4.502092499999999, 43.81491689999998], [4.501110499999999, 43.81493439999999], [4.501036, 43.81331549999998]]]}}, {"type": "Feature", "properties": {"id": "30155000AH0345", "section": "AH", "numero": "345", "contenance": 11692, "nature": "T", "natures": "T"}, "geometry": {"type": "Polygon", "coordinates": [[[4.490944700000001, 43.818155700000005], [4.491880299999999, 43.8197819], [4.491517999999999, 43.819886], [4.491386800000001, 43.819820500000006], [4.490986999999999, 43.8195228], [4.490747, 43.81929540000001], [4.490102199999999, 43.8185505], [4.4903949, 43.818385199999994], [4.490944700000001, 43.818155700000005]]]}}, {"type": "Feature", "properties": {"id": "30155000AH0301", "section": "AH", "numero": "301", "contenance": 40267, "nature": "T", "natures": "T"}, "geometry": {"type": "Polygon", "coordinates": [[[4.492302899999999, 43.82026770000002], [4.4922914, 43.82016910000002], [4.492376499999999, 43.82013290000001], [4.492434499999999, 43.820054700000014], [4.492373799999999, 43.8199695], [4.4923552, 43.81974000000002], [4.4924786, 43.819640799999995], [4.4953181, 43.8188295], [4.495659999999999, 43.82024760000001], [4.4942417, 43.820426000000005], [4.4943667, 43.820918400000004], [4.4932338, 43.821252300000005], [4.4928851000000005, 43.8209006], [4.492922400000001, 43.820577500000006], [4.492703, 43.82032800000002], [4.492302899999999, 43.82026770000002]]]}}, {"type": "Feature", "properties": {"id": "30155000AH0565", "section": "AH", "numero": "565", "contenance": 4712, "nature": "VI", "natures": "VI"}, "geometry": {"type": "Polygon", "coordinates": [[[4.4948136000000005, 43.81647769999999], [4.494205999999999, 43.81677430000001], [4.4925597, 43.81680040000001], [4.4923613, 43.8165737], [4.493245899999999, 43.816531300000015], [4.4948136000000005, 43.81647769999999]]]}}, {"type": "Feature", "properties": {"id": "30155000AH0445", "section": "AH", "numero": "445", "contenance": 17910, "nature": "T", "natures": "T"}, "geometry": {"type": "Polygon", "coordinates": [[[4.4953181, 43.8188295], [4.4970752, 43.81831520000001], [4.4971455, 43.81830070000001], [4.497230300000001, 43.81831809999999], [4.4972539, 43.8184411], [4.496775600000001, 43.8196644], [4.4965145, 43.819726899999985], [4.496527, 43.81977560000001], [4.4956015, 43.8200041], [4.4953181, 43.8188295]]]}}, {"type": "Feature", "properties": {"id": "30155000AH0413", "section": "AH", "numero": "413", "contenance": 62, "nature": "L", "natures": "L"}, "geometry": {"type": "Polygon", "coordinates": [[[4.5013668, 43.813336099999994], [4.501105199999999, 43.813295200000006], [4.5011660000000004, 43.81328320000001], [4.501276899999999, 43.81327610000001], [4.5013668, 43.813336099999994]]]}}, {"type": "Feature", "properties": {"id": "30155000AH0093", "section": "AH", "numero": "93", "contenance": 5232, "nature": "T", "natures": "T"}, "geometry": {"type": "Polygon", "coordinates": [[[4.5006015999999995, 43.81463380000001], [4.5005545, 43.813588699999976], [4.500913599999999, 43.813368600000004], [4.501036, 43.81331549999998], [4.501095800000001, 43.814620300000016], [4.5006015999999995, 43.81463380000001]]]}}, {"type": "Feature", "properties": {"id": "30155000AH0090", "section": "AH", "numero": "90", "contenance": 9327, "nature": "T", "natures": "T"}, "geometry": {"type": "Polygon", "coordinates": [[[4.501110499999999, 43.81493439999999], [4.502092499999999, 43.81491689999998], [4.502148499999999, 43.81597689999999], [4.501156899999999, 43.81599], [4.501110499999999, 43.81493439999999]]]}}, {"type": "Feature", "properties": {"id": "30155000AH0094", "section": "AH", "numero": "94", "contenance": 2500, "nature": "T", "natures": "T"}, "geometry": {"type": "Polygon", "coordinates": [[[4.5006272, 43.815197200000014], [4.5006015999999995, 43.81463380000001], [4.501095800000001, 43.814620300000016], [4.5011217, 43.81518560000002], [4.5006272, 43.815197200000014]]]}}, {"type": "Feature", "properties": {"id": "30155000AH0486", "section": "AH", "numero": "486", "contenance": 6950, "nature": "T", "natures": "T"}, "geometry": {"type": "Polygon", "coordinates": [[[4.5021439, 43.81511389999999], [4.503414799999999, 43.815258500000006], [4.503428700000001, 43.81580810000001], [4.503283299999999, 43.81580100000001], [4.5021794, 43.81581730000001], [4.5021439, 43.81511389999999]]]}}, {"type": "Feature", "properties": {"id": "30155000AH0226", "section": "AH", "numero": "226", "contenance": 226, "nature": "L", "natures": "L"}, "geometry": {"type": "Polygon", "coordinates": [[[4.508543599999999, 43.81455450000001], [4.507552, 43.81439739999999], [4.5074933999999995, 43.814364899999994], [4.5085062, 43.81451959999998], [4.508543599999999, 43.81455450000001]]]}}, {"type": "Feature", "properties": {"id": "30155000AH0623", "section": "AH", "numero": "623", "contenance": 36, "nature": "L", "natures": "L"}, "geometry": {"type": "Polygon", "coordinates": [[[4.504777800000001, 43.8138933], [4.5043711, 43.8138129], [4.504370500000001, 43.81379160000002], [4.504777800000001, 43.8138933]]]}}, {"type": "Feature", "properties": {"id": "30155000AH0624", "section": "AH", "numero": "624", "contenance": 154, "nature": "L", "natures": "L"}, "geometry": {"type": "Polygon", "coordinates": [[[4.505248999999999, 43.813994199999996], [4.504777800000001, 43.8138933], [4.504447599999999, 43.81380610000001], [4.5053695, 43.81399040000001], [4.505248999999999, 43.813994199999996]]]}}, {"type": "Feature", "properties": {"id": "30155000AH0568", "section": "AH", "numero": "568", "contenance": 7879, "nature": "T", "natures": "T"}, "geometry": {"type": "Polygon", "coordinates": [[[4.489673999999999, 43.8175544], [4.490057700000001, 43.81737460000001], [4.4903271, 43.817371300000005], [4.490961799999999, 43.81811050000001], [4.490368699999999, 43.818361], [4.4900763, 43.8185229], [4.4895957, 43.8180002], [4.4899294, 43.81785040000001], [4.489673999999999, 43.8175544]]]}}, {"type": "Feature", "properties": {"id": "30155000AH0551", "section": "AH", "numero": "551", "contenance": 4229, "nature": "T", "natures": "T"}, "geometry": {"type": "Polygon", "coordinates": [[[4.4903271, 43.817371300000005], [4.489873099999999, 43.8168422], [4.4907561, 43.8168285], [4.4912226, 43.817359999999994], [4.4903271, 43.817371300000005]]]}}, {"type": "Feature", "properties": {"id": "30155000AH0365", "section": "AH", "numero": "365", "contenance": 2170, "nature": "T", "natures": "T"}, "geometry": {"type": "Polygon", "coordinates": [[[4.4890771, 43.816862400000005], [4.4894267, 43.8172676], [4.4890322, 43.8174467], [4.488643300000001, 43.81700359999999], [4.4886596, 43.816944899999996], [4.4888657, 43.81689879999998], [4.4890771, 43.816862400000005]]]}}, {"type": "Feature", "properties": {"id": "30155000AH0552", "section": "AH", "numero": "552", "contenance": 921, "nature": "T", "natures": "T"}, "geometry": {"type": "Polygon", "coordinates": [[[4.490625100000001, 43.81667910000001], [4.4907561, 43.8168285], [4.489873099999999, 43.8168422], [4.489808999999999, 43.81676759999999], [4.490334, 43.816701699999996], [4.490625100000001, 43.81667910000001]]]}}, {"type": "Feature", "properties": {"id": "30155000AH0569", "section": "AH", "numero": "569", "contenance": 4483, "nature": "T", "natures": "T"}, "geometry": {"type": "Polygon", "coordinates": [[[4.489808999999999, 43.81676759999999], [4.4903271, 43.817371300000005], [4.490057700000001, 43.81737460000001], [4.489673999999999, 43.8175544], [4.4890771, 43.816862400000005], [4.489808999999999, 43.81676759999999]]]}}, {"type": "Feature", "properties": {"id": "30155000AH0567", "section": "AH", "numero": "567", "contenance": 1387, "nature": "T", "natures": "T"}, "geometry": {"type": "Polygon", "coordinates": [[[4.489673999999999, 43.8175544], [4.489486199999999, 43.817642400000004], [4.4894431, 43.817731099999996], [4.489406800000001, 43.8177481], [4.489516700000001, 43.81787039999998], [4.4894889, 43.81788359999999], [4.4890718, 43.817428799999995], [4.4894267, 43.8172676], [4.489673999999999, 43.8175544]]]}}, {"type": "Feature", "properties": {"id": "30155000AH0563", "section": "AH", "numero": "563", "contenance": 881, "nature": "VI", "natures": "VI"}, "geometry": {"type": "Polygon", "coordinates": [[[4.4923613, 43.8165737], [4.4925597, 43.81680040000001], [4.4921311, 43.8168072], [4.492098499999999, 43.81679439999998], [4.4919231, 43.81660559999999], [4.4923613, 43.8165737]]]}}, {"type": "Feature", "properties": {"id": "30155000AH0561", "section": "AH", "numero": "561", "contenance": 3509, "nature": "VI", "natures": "VI"}, "geometry": {"type": "Polygon", "coordinates": [[[4.4919231, 43.81660559999999], [4.492098499999999, 43.81679439999998], [4.4921311, 43.8168072], [4.4925597, 43.81680040000001], [4.4930023, 43.81730600000001], [4.4929312, 43.817334299999985], [4.4925989, 43.8173429], [4.4926822, 43.817433699999995], [4.492638299999999, 43.817451200000015], [4.4925396, 43.81734359999998], [4.4923333, 43.817346300000004], [4.491865399999999, 43.816811199999975], [4.4920287, 43.81680860000001], [4.492038900000001, 43.816794600000016], [4.491866999999999, 43.8166096], [4.4919231, 43.81660559999999]]]}}, {"type": "Feature", "properties": {"id": "30155000AH0562", "section": "AH", "numero": "562", "contenance": 316, "nature": "VI", "natures": "VI"}, "geometry": {"type": "Polygon", "coordinates": [[[4.491866999999999, 43.8166096], [4.492038900000001, 43.816794600000016], [4.4920287, 43.81680860000001], [4.491865399999999, 43.816811199999975], [4.491699500000001, 43.81662160000001], [4.491866999999999, 43.8166096]]]}}, {"type": "Feature", "properties": {"id": "30155000AH0550", "section": "AH", "numero": "550", "contenance": 4944, "nature": "T", "natures": "T"}, "geometry": {"type": "Polygon", "coordinates": [[[4.490961799999999, 43.81811050000001], [4.4903271, 43.817371300000005], [4.4912226, 43.817359999999994], [4.491648900000001, 43.817845999999996], [4.490961799999999, 43.81811050000001]]]}}, {"type": "Feature", "properties": {"id": "30155000AH0555", "section": "AH", "numero": "555", "contenance": 738, "nature": "VI", "natures": "VI"}, "geometry": {"type": "Polygon", "coordinates": [[[4.4911209, 43.8166498], [4.4912689, 43.816820400000005], [4.4907561, 43.8168285], [4.490625100000001, 43.81667910000001], [4.4911209, 43.8166498]]]}}, {"type": "Feature", "properties": {"id": "30155000AH0558", "section": "AH", "numero": "558", "contenance": 961, "nature": "T", "natures": "T"}, "geometry": {"type": "Polygon", "coordinates": [[[4.491699500000001, 43.81662160000001], [4.491865399999999, 43.816811199999975], [4.4912689, 43.816820400000005], [4.4911209, 43.8166498], [4.491699500000001, 43.81662160000001]]]}}, {"type": "Feature", "properties": {"id": "30155000AH0553", "section": "AH", "numero": "553", "contenance": 1877, "nature": "VI", "natures": "VI"}, "geometry": {"type": "Polygon", "coordinates": [[[4.4912226, 43.817359999999994], [4.491731, 43.8173537], [4.4920284, 43.817696899999994], [4.491648900000001, 43.817845999999996], [4.4912226, 43.817359999999994]]]}}, {"type": "Feature", "properties": {"id": "30155000AH0554", "section": "AH", "numero": "554", "contenance": 2434, "nature": "VI", "natures": "VI"}, "geometry": {"type": "Polygon", "coordinates": [[[4.4912226, 43.817359999999994], [4.4907561, 43.8168285], [4.4912689, 43.816820400000005], [4.491731, 43.8173537], [4.4912226, 43.817359999999994]]]}}, {"type": "Feature", "properties": {"id": "30155000AH0557", "section": "AH", "numero": "557", "contenance": 2865, "nature": "T", "natures": "T"}, "geometry": {"type": "Polygon", "coordinates": [[[4.491865399999999, 43.816811199999975], [4.4923333, 43.817346300000004], [4.491731, 43.8173537], [4.4912689, 43.816820400000005], [4.491865399999999, 43.816811199999975]]]}}, {"type": "Feature", "properties": {"id": "30155000AH0564", "section": "AH", "numero": "564", "contenance": 3786, "nature": "VI", "natures": "VI"}, "geometry": {"type": "Polygon", "coordinates": [[[4.4925597, 43.81680040000001], [4.494205999999999, 43.81677430000001], [4.493437, 43.8171212], [4.4930023, 43.81730600000001], [4.4925597, 43.81680040000001]]]}}, {"type": "Feature", "properties": {"id": "30155000AH0573", "section": "AH", "numero": "573", "contenance": 5550, "nature": "VE", "natures": "VE"}, "geometry": {"type": "Polygon", "coordinates": [[[4.493491299999999, 43.817329300000004], [4.4934215, 43.817158200000016], [4.494249099999999, 43.81678019999999], [4.4947987000000005, 43.816773999999995], [4.494937800000001, 43.81730830000003], [4.493491299999999, 43.817329300000004]]]}}, {"type": "Feature", "properties": {"id": "30155000AH0572", "section": "AH", "numero": "572", "contenance": 12192, "nature": "VE", "natures": "VE"}, "geometry": {"type": "Polygon", "coordinates": [[[4.4939362, 43.8184221], [4.493491299999999, 43.817329300000004], [4.494937800000001, 43.81730830000003], [4.495166700000001, 43.81818650000001], [4.4939362, 43.8184221]]]}}, {"type": "Feature", "properties": {"id": "30155000AH0398", "section": "AH", "numero": "398", "contenance": 1098, "nature": "CH", "natures": "CH"}, "geometry": {"type": "Polygon", "coordinates": [[[4.496854199999999, 43.8163969], [4.496882800000001, 43.816565899999986], [4.4961123, 43.816461100000005], [4.496142, 43.8163067], [4.4965265, 43.81634840000001], [4.496854199999999, 43.8163969]]]}}, {"type": "Feature", "properties": {"id": "30155000AH0395", "section": "AH", "numero": "395", "contenance": 1307, "nature": "T", "natures": "T"}, "geometry": {"type": "Polygon", "coordinates": [[[4.4985164, 43.816599999999994], [4.4985315, 43.8167191], [4.4973869, 43.816560300000006], [4.4972555, 43.816520000000004], [4.497242300000001, 43.816440199999995], [4.497677200000001, 43.816480799999994], [4.4985164, 43.816599999999994]]]}}, {"type": "Feature", "properties": {"id": "30155000AH0471", "section": "AH", "numero": "471", "contenance": 625, "nature": "CH", "natures": "CH"}, "geometry": {"type": "Polygon", "coordinates": [[[4.496142, 43.8163067], [4.4961123, 43.816461100000005], [4.496882800000001, 43.816565899999986], [4.496891399999999, 43.81661710000001], [4.496116499999999, 43.81652500000001], [4.4960588999999995, 43.816447799999985], [4.495988999999999, 43.816402200000006], [4.4959403, 43.81632350000001], [4.495905200000001, 43.81629790000001], [4.4958809, 43.81629040000001], [4.496142, 43.8163067]]]}}, {"type": "Feature", "properties": {"id": "30155000AH0512", "section": "AH", "numero": "512", "contenance": 2750, "nature": "T", "natures": "T"}, "geometry": {"type": "Polygon", "coordinates": [[[4.494937800000001, 43.81730830000003], [4.4947987000000005, 43.816773999999995], [4.4953891, 43.81676740000002], [4.4955077, 43.817300100000004], [4.494937800000001, 43.81730830000003]]]}}, {"type": "Feature", "properties": {"id": "30155000AH0547", "section": "AH", "numero": "547", "contenance": 12901, "nature": "T", "natures": "T"}, "geometry": {"type": "Polygon", "coordinates": [[[4.4958097, 43.8186564], [4.4955077, 43.817300100000004], [4.496017000000001, 43.817292600000016], [4.4961541, 43.81734850000002], [4.4970315, 43.81743730000002], [4.4971381, 43.81805550000001], [4.4965044999999995, 43.81809760000001], [4.496547799999999, 43.818443399999985], [4.4958097, 43.8186564]]]}}, {"type": "Feature", "properties": {"id": "30155000AH0549", "section": "AH", "numero": "549", "contenance": 2264, "nature": "T", "natures": "T"}, "geometry": {"type": "Polygon", "coordinates": [[[4.4958809, 43.81629040000001], [4.495905200000001, 43.81629790000001], [4.4959403, 43.81632350000001], [4.495988999999999, 43.816402200000006], [4.4960304, 43.81643280000001], [4.4957143, 43.816763699999996], [4.4953891, 43.81676740000002], [4.495300199999999, 43.81636790000001], [4.4955467, 43.81631000000001], [4.4956724, 43.81629259999998], [4.4957859, 43.8162859], [4.4958809, 43.81629040000001]]]}}, {"type": "Feature", "properties": {"id": "30155000AH0548", "section": "AH", "numero": "548", "contenance": 9982, "nature": "T", "natures": "T"}, "geometry": {"type": "Polygon", "coordinates": [[[4.4955077, 43.817300100000004], [4.4953891, 43.81676740000002], [4.4957143, 43.816763699999996], [4.4960304, 43.81643280000001], [4.4960588999999995, 43.816447799999985], [4.496116499999999, 43.81652500000001], [4.496891399999999, 43.81661710000001], [4.4970315, 43.81743730000002], [4.4961541, 43.81734850000002], [4.496017000000001, 43.817292600000016], [4.4955077, 43.817300100000004]]]}}, {"type": "Feature", "properties": {"id": "30155000AH0600", "section": "AH", "numero": "600", "contenance": 2418, "nature": "CH", "natures": "CH"}, "geometry": {"type": "Polygon", "coordinates": [[[4.4985315, 43.8167191], [4.4985634, 43.816969099999994], [4.4984239, 43.81731580000002], [4.4983091, 43.81730830000001], [4.4984547, 43.8167476], [4.4980142, 43.8166876], [4.497805499999999, 43.81749139999999], [4.497608700000001, 43.81747259999999], [4.497764599999999, 43.8170552], [4.497915299999999, 43.81670630000001], [4.497271799999999, 43.81661869999998], [4.4972555, 43.816520000000004], [4.4973869, 43.816560300000006], [4.4985315, 43.8167191]]]}}, {"type": "Feature", "properties": {"id": "30155000AH0574", "section": "AH", "numero": "574", "contenance": 554, "nature": "VE", "natures": "VE"}, "geometry": {"type": "Polygon", "coordinates": [[[4.4947987000000005, 43.816773999999995], [4.494249099999999, 43.81678019999999], [4.4947394, 43.8165466], [4.4947987000000005, 43.816773999999995]]]}}, {"type": "Feature", "properties": {"id": "30155000AH0476", "section": "AH", "numero": "476", "contenance": 969, "nature": "T", "natures": "T"}, "geometry": {"type": "Polygon", "coordinates": [[[4.4985634, 43.816969099999994], [4.498599400000001, 43.81687950000001], [4.4986303, 43.81686850000002], [4.498919, 43.81690480000001], [4.498706699999999, 43.8173616], [4.4986135, 43.817361700000006], [4.4985634, 43.816969099999994]]]}}, {"type": "Feature", "properties": {"id": "30155000AH0450", "section": "AH", "numero": "450", "contenance": 302, "nature": "CH", "natures": "CH"}, "geometry": {"type": "Polygon", "coordinates": [[[4.4985315, 43.8167191], [4.498955199999999, 43.8167778], [4.498960699999999, 43.8168153], [4.4989498999999995, 43.81683819999999], [4.4986342, 43.8167931], [4.4985634, 43.816969099999994], [4.4985315, 43.8167191]]]}}, {"type": "Feature", "properties": {"id": "30155000AH0392", "section": "AH", "numero": "392", "contenance": 433, "nature": "CH", "natures": "CH"}, "geometry": {"type": "Polygon", "coordinates": [[[4.4989381999999996, 43.816660099999986], [4.498955199999999, 43.8167778], [4.4985315, 43.8167191], [4.4985164, 43.816599999999994], [4.4989381999999996, 43.816660099999986]]]}}, {"type": "Feature", "properties": {"id": "30155000AH0373", "section": "AH", "numero": "373", "contenance": 952, "nature": "CH", "natures": "CH"}, "geometry": {"type": "Polygon", "coordinates": [[[4.5001693000000005, 43.816807600000026], [4.5001645, 43.81669459999999], [4.500731000000001, 43.816790000000005], [4.5011933, 43.816845599999986], [4.501197799999999, 43.816952999999984], [4.5001693000000005, 43.816807600000026]]]}}, {"type": "Feature", "properties": {"id": "30155000AH0389", "section": "AH", "numero": "389", "contenance": 4, "nature": "CH", "natures": "CH"}, "geometry": {"type": "Polygon", "coordinates": [[[4.498960699999999, 43.8168153], [4.498955199999999, 43.8167778], [4.4989767, 43.81678079999999], [4.498960699999999, 43.8168153]]]}}, {"type": "Feature", "properties": {"id": "30155000AH0488", "section": "AH", "numero": "488", "contenance": 16107, "nature": "VI", "natures": "VI"}, "geometry": {"type": "Polygon", "coordinates": [[[4.502481999999999, 43.817144799999994], [4.502456300000001, 43.81716629999999], [4.5034858, 43.81782309999999], [4.5034980000000004, 43.8183089], [4.501915999999999, 43.8182142], [4.5019242, 43.81757930000002], [4.5011649, 43.817536499999996], [4.501147900000001, 43.817465799999994], [4.5012049, 43.816983400000005], [4.502481999999999, 43.817144799999994]]]}}, {"type": "Feature", "properties": {"id": "30155000AH0467", "section": "AH", "numero": "467", "contenance": 201, "nature": "CH", "natures": "CH"}, "geometry": {"type": "Polygon", "coordinates": [[[4.498919, 43.81690480000001], [4.498650400000001, 43.8168678], [4.498599400000001, 43.81687950000001], [4.4986342, 43.8167931], [4.4989498999999995, 43.81683819999999], [4.498919, 43.81690480000001]]]}}, {"type": "Feature", "properties": {"id": "30155000AH0469", "section": "AH", "numero": "469", "contenance": 242, "nature": "CH", "natures": "CH"}, "geometry": {"type": "Polygon", "coordinates": [[[4.497271799999999, 43.81661869999998], [4.497915299999999, 43.81670630000001], [4.497879099999999, 43.81678999999999], [4.497875099999999, 43.81676099999999], [4.4978427, 43.81674399999999], [4.497277799999999, 43.8166551], [4.497271799999999, 43.81661869999998]]]}}, {"type": "Feature", "properties": {"id": "30155000AH0594", "section": "AH", "numero": "594", "contenance": 806, "nature": "CH", "natures": "CH"}, "geometry": {"type": "Polygon", "coordinates": [[[4.498695599999999, 43.8173857], [4.4989498999999995, 43.81683819999999], [4.498960699999999, 43.8168153], [4.499039, 43.8173556], [4.498944300000001, 43.8173497], [4.498695599999999, 43.8173857]]]}}, {"type": "Feature", "properties": {"id": "30155000AH0546", "section": "AH", "numero": "546", "contenance": 99, "nature": "T", "natures": "T"}, "geometry": {"type": "Polygon", "coordinates": [[[4.500161500000001, 43.8166287], [4.5001645, 43.81669459999999], [4.499896500000001, 43.816649500000004], [4.499889199999999, 43.8166324], [4.500161500000001, 43.8166287]]]}}, {"type": "Feature", "properties": {"id": "30155000AH0596", "section": "AH", "numero": "596", "contenance": 3440, "nature": "T", "natures": "T"}, "geometry": {"type": "Polygon", "coordinates": [[[4.497242300000001, 43.816440199999995], [4.497277799999999, 43.8166551], [4.4974093, 43.817453499999985], [4.497028, 43.817417], [4.496854199999999, 43.8163969], [4.497242300000001, 43.816440199999995]]]}}, {"type": "Feature", "properties": {"id": "30155000AH0544", "section": "AH", "numero": "544", "contenance": 1411, "nature": "T", "natures": "T"}, "geometry": {"type": "Polygon", "coordinates": [[[4.500161500000001, 43.8166287], [4.501183400000001, 43.81661510000001], [4.5011933, 43.816845599999986], [4.500731000000001, 43.816790000000005], [4.5001645, 43.81669459999999], [4.500161500000001, 43.8166287]]]}}, {"type": "Feature", "properties": {"id": "30155000AH0592", "section": "AH", "numero": "592", "contenance": 5262, "nature": "CH", "natures": "CH"}, "geometry": {"type": "Polygon", "coordinates": [[[4.5011578, 43.81697670000001], [4.501148599999999, 43.817071500000004], [4.499744300000001, 43.8168961], [4.499595200000001, 43.81726450000001], [4.499526499999999, 43.817386500000005], [4.499039, 43.8173556], [4.498960699999999, 43.8168153], [4.4989767, 43.81678079999999], [4.498955199999999, 43.8167778], [4.4989381999999996, 43.816660099999986], [4.4997375, 43.81678219999999], [4.5011578, 43.81697670000001]]]}}, {"type": "Feature", "properties": {"id": "30155000AH0602", "section": "AH", "numero": "602", "contenance": 2768, "nature": "T", "natures": "T"}, "geometry": {"type": "Polygon", "coordinates": [[[4.497879099999999, 43.81678999999999], [4.497764599999999, 43.8170552], [4.497608700000001, 43.81747259999999], [4.4974093, 43.817453499999985], [4.497277799999999, 43.8166551], [4.4978427, 43.81674399999999], [4.497875099999999, 43.81676099999999], [4.497879099999999, 43.81678999999999]]]}}, {"type": "Feature", "properties": {"id": "30155000AH0598", "section": "AH", "numero": "598", "contenance": 465, "nature": "T", "natures": "T"}, "geometry": {"type": "Polygon", "coordinates": [[[4.498378100000001, 43.817429299999986], [4.4985634, 43.816969099999994], [4.498618, 43.81739689999998], [4.498378100000001, 43.817429299999986]]]}}, {"type": "Feature", "properties": {"id": "30155000AH0540", "section": "AH", "numero": "540", "contenance": 3471, "nature": "T", "natures": "T"}, "geometry": {"type": "Polygon", "coordinates": [[[4.499526499999999, 43.817386500000005], [4.499595200000001, 43.81726450000001], [4.499702300000001, 43.81699950000001], [4.5004135, 43.817070599999994], [4.5004338, 43.817083399999994], [4.5004526, 43.81712949999999], [4.500789599999999, 43.817149199999996], [4.500528699999999, 43.81745219999999], [4.499526499999999, 43.817386500000005]]]}}, {"type": "Feature", "properties": {"id": "30155000AH0539", "section": "AH", "numero": "539", "contenance": 3249, "nature": "T", "natures": "T"}, "geometry": {"type": "Polygon", "coordinates": [[[4.499526499999999, 43.817386500000005], [4.500528699999999, 43.81745219999999], [4.500789599999999, 43.817149199999996], [4.5011369, 43.817195999999996], [4.5011123, 43.817463900000014], [4.501130400000001, 43.81754359999999], [4.4994098, 43.81759439999999], [4.499526499999999, 43.817386500000005]]]}}, {"type": "Feature", "properties": {"id": "30155000AH0586", "section": "AH", "numero": "586", "contenance": 1173, "nature": "CH", "natures": "CH"}, "geometry": {"type": "Polygon", "coordinates": [[[4.499702300000001, 43.81699950000001], [4.4997231, 43.816948299999986], [4.499865499999999, 43.81696860000001], [4.4998832, 43.8169134], [4.501148599999999, 43.817071500000004], [4.501145599999999, 43.81710299999999], [4.5008264, 43.817107299999996], [4.500789599999999, 43.817149199999996], [4.5004526, 43.81712949999999], [4.5004338, 43.817083399999994], [4.5004135, 43.817070599999994], [4.499702300000001, 43.81699950000001]]]}}, {"type": "Feature", "properties": {"id": "30155000AH0590", "section": "AH", "numero": "590", "contenance": 380, "nature": "CH", "natures": "CH"}, "geometry": {"type": "Polygon", "coordinates": [[[4.4974579, 43.81642719999999], [4.4976552, 43.81640410000003], [4.4978662, 43.81640809999999], [4.4982242, 43.81644690000001], [4.4982804, 43.816531300000015], [4.4977813, 43.81646010000001], [4.4974579, 43.81642719999999]]]}}, {"type": "Feature", "properties": {"id": "30155000AH0591", "section": "AH", "numero": "591", "contenance": 1571, "nature": "CH", "natures": "CH"}, "geometry": {"type": "Polygon", "coordinates": [[[4.498417599999999, 43.8165518], [4.4985174, 43.816506800000006], [4.4985292, 43.81647999999999], [4.4990555, 43.81655090000002], [4.499831000000001, 43.81663850000001], [4.5001645, 43.81669459999999], [4.5001693000000005, 43.816807600000026], [4.498417599999999, 43.8165518]]]}}, {"type": "Feature", "properties": {"id": "30155000AH0440", "section": "AH", "numero": "440", "contenance": 54, "nature": "CH", "natures": "CH"}, "geometry": {"type": "Polygon", "coordinates": [[[4.499831000000001, 43.81663850000001], [4.4999325, 43.81622669999999], [4.4998647, 43.81657450000001], [4.499896500000001, 43.816649500000004], [4.499831000000001, 43.81663850000001]]]}}, {"type": "Feature", "properties": {"id": "30155000AH0095", "section": "AH", "numero": "95", "contenance": 2515, "nature": "T", "natures": "T"}, "geometry": {"type": "Polygon", "coordinates": [[[4.500653499999999, 43.815763900000015], [4.5006272, 43.815197200000014], [4.5011217, 43.81518560000002], [4.5011468, 43.8157582], [4.500653499999999, 43.815763900000015]]]}}, {"type": "Feature", "properties": {"id": "30155000AH0096", "section": "AH", "numero": "96", "contenance": 2581, "nature": "T", "natures": "T"}, "geometry": {"type": "Polygon", "coordinates": [[[4.501171599999999, 43.81633589999999], [4.500680799999999, 43.816352900000005], [4.500653499999999, 43.815763900000015], [4.5011468, 43.8157582], [4.501171599999999, 43.81633589999999]]]}}, {"type": "Feature", "properties": {"id": "30155000AH0087", "section": "AH", "numero": "87", "contenance": 3885, "nature": "T", "natures": "T"}, "geometry": {"type": "Polygon", "coordinates": [[[4.5021794, 43.81581730000001], [4.503283299999999, 43.81580100000001], [4.5033045, 43.81620020000001], [4.5021956, 43.8162059], [4.5021794, 43.81581730000001]]]}}, {"type": "Feature", "properties": {"id": "30155000AH0106", "section": "AH", "numero": "106", "contenance": 1120, "nature": "T", "natures": "T"}, "geometry": {"type": "Polygon", "coordinates": [[[4.502230699999999, 43.817049099999984], [4.502690799999999, 43.81702860000001], [4.5028657999999995, 43.81701270000001], [4.5031326, 43.816965800000006], [4.503353599999999, 43.816901900000005], [4.5033248, 43.81718910000001], [4.502230699999999, 43.817049099999984]]]}}, {"type": "Feature", "properties": {"id": "30155000AH0541", "section": "AH", "numero": "541", "contenance": 3842, "nature": "VI", "natures": "VI"}, "geometry": {"type": "Polygon", "coordinates": [[[4.5033045, 43.81620020000001], [4.5033251, 43.81658670000001], [4.502212, 43.81660120000001], [4.5021956, 43.8162059], [4.5033045, 43.81620020000001]]]}}, {"type": "Feature", "properties": {"id": "30155000AH0542", "section": "AH", "numero": "542", "contenance": 3853, "nature": "VI", "natures": "VI"}, "geometry": {"type": "Polygon", "coordinates": [[[4.502212, 43.81660120000001], [4.5033251, 43.81658670000001], [4.503341, 43.81688729999999], [4.5030866, 43.81695590000001], [4.5028915000000005, 43.81698880000001], [4.5026609, 43.8170086], [4.502229099999999, 43.81702620000001], [4.502212, 43.81660120000001]]]}}, {"type": "Feature", "properties": {"id": "30155000AH0503", "section": "AH", "numero": "503", "contenance": 2551, "nature": "VI", "natures": "VI"}, "geometry": {"type": "Polygon", "coordinates": [[[4.5034697, 43.81727999999999], [4.503482300000001, 43.81782089999999], [4.502456300000001, 43.81716629999999], [4.502481999999999, 43.817144799999994], [4.5034697, 43.81727999999999]]]}}, {"type": "Feature", "properties": {"id": "30155000AH0500", "section": "AH", "numero": "500", "contenance": 938, "nature": "T", "natures": "T"}, "geometry": {"type": "Polygon", "coordinates": [[[4.503283299999999, 43.81580100000001], [4.503428700000001, 43.81580810000001], [4.503449000000001, 43.81658500000002], [4.5033251, 43.81658670000001], [4.503283299999999, 43.81580100000001]]]}}, {"type": "Feature", "properties": {"id": "30155000AH0501", "section": "AH", "numero": "501", "contenance": 306, "nature": "T", "natures": "T"}, "geometry": {"type": "Polygon", "coordinates": [[[4.5033251, 43.81658670000001], [4.503449000000001, 43.81658500000002], [4.503455799999999, 43.816857000000006], [4.503341, 43.81688729999999], [4.5033251, 43.81658670000001]]]}}, {"type": "Feature", "properties": {"id": "30155000AH0575", "section": "AH", "numero": "575", "contenance": 5544, "nature": "T", "natures": "T"}, "geometry": {"type": "Polygon", "coordinates": [[[4.5011839, 43.81662579999999], [4.501156899999999, 43.81599], [4.502148499999999, 43.81597689999999], [4.5021838, 43.8166169], [4.5011839, 43.81662579999999]]]}}, {"type": "Feature", "properties": {"id": "30155000AH0576", "section": "AH", "numero": "576", "contenance": 3572, "nature": "T", "natures": "T"}, "geometry": {"type": "Polygon", "coordinates": [[[4.501197799999999, 43.816952999999984], [4.5011839, 43.81662579999999], [4.5021838, 43.8166169], [4.5022046, 43.81703039999998], [4.5020394, 43.8170528], [4.501197799999999, 43.816952999999984]]]}}, {"type": "Feature", "properties": {"id": "30155000AH0578", "section": "AH", "numero": "578", "contenance": 172, "nature": "T", "natures": "T"}, "geometry": {"type": "Polygon", "coordinates": [[[4.5033941, 43.81724159999999], [4.5034260999999995, 43.816883700000005], [4.503456399999999, 43.8168758], [4.503469000000001, 43.81725180000001], [4.5033941, 43.81724159999999]]]}}, {"type": "Feature", "properties": {"id": "30155000AH0487", "section": "AH", "numero": "487", "contenance": 419, "nature": "T", "natures": "T"}, "geometry": {"type": "Polygon", "coordinates": [[[4.503557100000001, 43.8152751], [4.503461699999999, 43.81578779999999], [4.5034563, 43.81580950000001], [4.503428700000001, 43.81580810000001], [4.503414799999999, 43.815258500000006], [4.503557100000001, 43.8152751]]]}}, {"type": "Feature", "properties": {"id": "30155000AH0566", "section": "AH", "numero": "566", "contenance": 1142, "nature": "T", "natures": "T"}, "geometry": {"type": "Polygon", "coordinates": [[[4.489673999999999, 43.8175544], [4.4899294, 43.81785040000001], [4.4895957, 43.8180002], [4.4894889, 43.81788359999999], [4.489516700000001, 43.81787039999998], [4.489406800000001, 43.8177481], [4.4894431, 43.817731099999996], [4.489486199999999, 43.817642400000004], [4.489673999999999, 43.8175544]]]}}, {"type": "Feature", "properties": {"id": "30155000AH0559", "section": "AH", "numero": "559", "contenance": 260, "nature": "VI", "natures": "VI"}, "geometry": {"type": "Polygon", "coordinates": [[[4.4923333, 43.817346300000004], [4.4925396, 43.81734359999998], [4.492638299999999, 43.817451200000015], [4.4924802, 43.81751409999999], [4.4923333, 43.817346300000004]]]}}, {"type": "Feature", "properties": {"id": "30155000AH0560", "section": "AH", "numero": "560", "contenance": 138, "nature": "VI", "natures": "VI"}, "geometry": {"type": "Polygon", "coordinates": [[[4.4926822, 43.817433699999995], [4.4925989, 43.8173429], [4.4929312, 43.817334299999985], [4.492766700000001, 43.8174], [4.4926822, 43.817433699999995]]]}}, {"type": "Feature", "properties": {"id": "30155000AH0556", "section": "AH", "numero": "556", "contenance": 1378, "nature": "T", "natures": "T"}, "geometry": {"type": "Polygon", "coordinates": [[[4.4923333, 43.817346300000004], [4.4924802, 43.81751409999999], [4.4920284, 43.817696899999994], [4.491731, 43.8173537], [4.4923333, 43.817346300000004]]]}}, {"type": "Feature", "properties": {"id": "30155000AH0571", "section": "AH", "numero": "571", "contenance": 374, "nature": "T", "natures": "T"}, "geometry": {"type": "Polygon", "coordinates": [[[4.493491299999999, 43.817329300000004], [4.4930044, 43.81733650000001], [4.4934215, 43.817158200000016], [4.493491299999999, 43.817329300000004]]]}}, {"type": "Feature", "properties": {"id": "30155000AH0018", "section": "AH", "numero": "18", "contenance": 7331, "nature": "T", "natures": "T"}, "geometry": {"type": "Polygon", "coordinates": [[[4.494216199999999, 43.819112999999994], [4.4939362, 43.8184221], [4.495166700000001, 43.81818650000001], [4.4953276, 43.818797700000005], [4.494216199999999, 43.819112999999994]]]}}, {"type": "Feature", "properties": {"id": "30155000AH0448", "section": "AH", "numero": "448", "contenance": 71, "nature": "CH", "natures": "CH"}, "geometry": {"type": "Polygon", "coordinates": [[[4.4997231, 43.816948299999986], [4.499744300000001, 43.8168961], [4.4998832, 43.8169134], [4.499865499999999, 43.81696860000001], [4.4997231, 43.816948299999986]]]}}, {"type": "Feature", "properties": {"id": "30155000AH0118", "section": "AH", "numero": "118", "contenance": 6791, "nature": "T", "natures": "T"}, "geometry": {"type": "Polygon", "coordinates": [[[4.501257699999999, 43.8180902], [4.501304400000001, 43.81841229999999], [4.499550900000001, 43.81852340000001], [4.4994655, 43.817891799999984], [4.500076, 43.8178584], [4.500097, 43.818170900000005], [4.501257699999999, 43.8180902]]]}}, {"type": "Feature", "properties": {"id": "30155000AH0044", "section": "AH", "numero": "44", "contenance": 11853, "nature": "T", "natures": "T,VI"}, "geometry": {"type": "Polygon", "coordinates": [[[4.501304400000001, 43.81841229999999], [4.5013689999999995, 43.81888419999999], [4.5013075, 43.8189781], [4.501231200000001, 43.81901969999999], [4.50053, 43.81932159999998], [4.500338, 43.8193873], [4.4997725, 43.8194418], [4.499646700000001, 43.81851740000001], [4.501304400000001, 43.81841229999999]]]}}, {"type": "Feature", "properties": {"id": "30155000AH0045", "section": "AH", "numero": "45", "contenance": 6316, "nature": "T", "natures": "T"}, "geometry": {"type": "Polygon", "coordinates": [[[4.499646700000001, 43.81851740000001], [4.4997725, 43.8194418], [4.499023899999999, 43.81950220000002], [4.498887000000001, 43.81856520000002], [4.499646700000001, 43.81851740000001]]]}}, {"type": "Feature", "properties": {"id": "30155000AH0386", "section": "AH", "numero": "386", "contenance": 4508, "nature": "T", "natures": "T"}, "geometry": {"type": "Polygon", "coordinates": [[[4.4994098, 43.81759439999999], [4.501130400000001, 43.81754359999999], [4.5011895, 43.81779810000001], [4.499235799999999, 43.81790440000001], [4.4994098, 43.81759439999999]]]}}, {"type": "Feature", "properties": {"id": "30155000AH0382", "section": "AH", "numero": "382", "contenance": 2643, "nature": "T", "natures": "T"}, "geometry": {"type": "Polygon", "coordinates": [[[4.499550900000001, 43.81852340000001], [4.4989356, 43.81856210000001], [4.4989099999999995, 43.81838569999999], [4.499188400000001, 43.817988699999994], [4.499235799999999, 43.81790440000001], [4.4994655, 43.817891799999984], [4.499550900000001, 43.81852340000001]]]}}, {"type": "Feature", "properties": {"id": "30155000AH0381", "section": "AH", "numero": "381", "contenance": 4115, "nature": "T", "natures": "T"}, "geometry": {"type": "Polygon", "coordinates": [[[4.499023899999999, 43.81950220000002], [4.4985624, 43.81953099999999], [4.49852, 43.81951720000001], [4.4984509, 43.819465699999995], [4.4983835, 43.819458999999995], [4.498157199999999, 43.8194632], [4.4987792, 43.8185719], [4.498887000000001, 43.81856520000002], [4.499023899999999, 43.81950220000002]]]}}, {"type": "Feature", "properties": {"id": "30155000AH0049", "section": "AH", "numero": "49", "contenance": 3111, "nature": "T", "natures": "T"}, "geometry": {"type": "Polygon", "coordinates": [[[4.501257699999999, 43.8180902], [4.500097, 43.818170900000005], [4.500076, 43.8178584], [4.5011895, 43.81779810000001], [4.501257699999999, 43.8180902]]]}}, {"type": "Feature", "properties": {"id": "30155000AH0059", "section": "AH", "numero": "59", "contenance": 3440, "nature": "VI", "natures": "VI"}, "geometry": {"type": "Polygon", "coordinates": [[[4.5011649, 43.817536499999996], [4.5019242, 43.81757930000002], [4.501917300000001, 43.81812010000001], [4.501299200000001, 43.818127200000006], [4.501253400000001, 43.817860300000014], [4.5011649, 43.817536499999996]]]}}, {"type": "Feature", "properties": {"id": "30155000AH0489", "section": "AH", "numero": "489", "contenance": 1740, "nature": "VI", "natures": "VI"}, "geometry": {"type": "Polygon", "coordinates": [[[4.504232400000001, 43.818299499999995], [4.5041333, 43.8183395], [4.503536199999999, 43.81831739999999], [4.503533400000001, 43.81831100000001], [4.5034980000000004, 43.8183089], [4.5034858, 43.81782309999999], [4.504232400000001, 43.818299499999995]]]}}, {"type": "Feature", "properties": {"id": "30155000AH0537", "section": "AH", "numero": "537", "contenance": 368, "nature": "CH", "natures": "CH"}, "geometry": {"type": "Polygon", "coordinates": [[[4.5058719, 43.818972800000004], [4.5059078999999995, 43.81897409999998], [4.5055378, 43.819382799999985], [4.5054592, 43.8194655], [4.505272199999999, 43.819614000000016], [4.504997, 43.81979969999998], [4.5047013, 43.8199661], [4.504526000000001, 43.8200506], [4.5043626, 43.82011899999998], [4.504294099999999, 43.82011839999999], [4.5045747, 43.820008500000014], [4.5048236, 43.819885600000006], [4.504923, 43.81983079999999], [4.5052188, 43.81962339999998], [4.505458600000001, 43.81943389999999], [4.5058719, 43.818972800000004]]]}}, {"type": "Feature", "properties": {"id": "30155000AH0284", "section": "AH", "numero": "284", "contenance": 727, "nature": "L", "natures": "L"}, "geometry": {"type": "Polygon", "coordinates": [[[4.492154900000001, 43.81998359999999], [4.492125700000001, 43.820005399999985], [4.4917035, 43.81997950000001], [4.491560100000001, 43.8199072], [4.4920372, 43.81977010000001], [4.492154900000001, 43.81998359999999]]]}}, {"type": "Feature", "properties": {"id": "30155000AH0286", "section": "AH", "numero": "286", "contenance": 2125, "nature": "L", "natures": "L"}, "geometry": {"type": "Polygon", "coordinates": [[[4.4931776, 43.8212689], [4.4930598999999996, 43.82110360000001], [4.4923264000000005, 43.82046780000002], [4.492302899999999, 43.82026770000002], [4.492703, 43.82032800000002], [4.492922400000001, 43.820577500000006], [4.4928851000000005, 43.8209006], [4.4932338, 43.821252300000005], [4.4931776, 43.8212689]]]}}, {"type": "Feature", "properties": {"id": "30155000AH0300", "section": "AH", "numero": "300", "contenance": 3202, "nature": "L", "natures": "L"}, "geometry": {"type": "Polygon", "coordinates": [[[4.4944341, 43.82118380000001], [4.4936988, 43.821487], [4.4934949, 43.821546200000014], [4.4934503, 43.82147250000001], [4.4932338, 43.821252300000005], [4.4943667, 43.820918400000004], [4.4944341, 43.82118380000001]]]}}, {"type": "Feature", "properties": {"id": "30155000AH0304", "section": "AH", "numero": "304", "contenance": 357, "nature": "L", "natures": "L"}, "geometry": {"type": "Polygon", "coordinates": [[[4.4922457, 43.81971], [4.4922752, 43.8198944], [4.492154900000001, 43.81998359999999], [4.4920372, 43.81977010000001], [4.4922457, 43.81971]]]}}, {"type": "Feature", "properties": {"id": "30155000AH0305", "section": "AH", "numero": "305", "contenance": 7644, "nature": "L", "natures": "L,T"}, "geometry": {"type": "Polygon", "coordinates": [[[4.4958273, 43.8209435], [4.4958147, 43.82094850000001], [4.4957292, 43.8206643], [4.4944341, 43.82118380000001], [4.4942417, 43.820426000000005], [4.495659999999999, 43.82024760000001], [4.4958273, 43.8209435]]]}}, {"type": "Feature", "properties": {"id": "30155000AH0290", "section": "AH", "numero": "290", "contenance": 287, "nature": "L", "natures": "L"}, "geometry": {"type": "Polygon", "coordinates": [[[4.4933942, 43.82157539999998], [4.4931776, 43.8212689], [4.4932338, 43.821252300000005], [4.4934503, 43.82147250000001], [4.4934949, 43.821546200000014], [4.4933942, 43.82157539999998]]]}}, {"type": "Feature", "properties": {"id": "30155000AH0298", "section": "AH", "numero": "298", "contenance": 28, "nature": "L", "natures": "L"}, "geometry": {"type": "Polygon", "coordinates": [[[4.4936988, 43.821487], [4.493506700000001, 43.82156590000001], [4.4934949, 43.821546200000014], [4.4936988, 43.821487]]]}}, {"type": "Feature", "properties": {"id": "30155000AH0407", "section": "AH", "numero": "407", "contenance": 9, "nature": "L", "natures": "L"}, "geometry": {"type": "Polygon", "coordinates": [[[4.4941853, 43.82283089999999], [4.4941783, 43.82281860000001], [4.494251899999999, 43.822804800000014], [4.494258599999999, 43.8228165], [4.4941853, 43.82283089999999]]]}}, {"type": "Feature", "properties": {"id": "30155000AH0293", "section": "AH", "numero": "293", "contenance": 28, "nature": "L", "natures": "L"}, "geometry": {"type": "Polygon", "coordinates": [[[4.493415499999999, 43.82160330000001], [4.4933942, 43.82157539999998], [4.4934949, 43.821546200000014], [4.493506700000001, 43.82156590000001], [4.493415499999999, 43.82160330000001]]]}}, {"type": "Feature", "properties": {"id": "30155000AI0254", "section": "AI", "numero": "254", "contenance": 17316, "nature": "VI", "natures": "VI"}, "geometry": {"type": "Polygon", "coordinates": [[[4.4978392000000005, 43.812624400000004], [4.498248299999999, 43.81336640000001], [4.498383, 43.814033899999984], [4.498405600000001, 43.81431750000001], [4.498419000000001, 43.81482590000001], [4.498349299999999, 43.81525], [4.4982508, 43.81532680000003], [4.496903999999999, 43.812895299999994], [4.4978392000000005, 43.812624400000004]]]}}, {"type": "Feature", "properties": {"id": "30155000AI0076", "section": "AI", "numero": "76", "contenance": 3634, "nature": "T", "natures": "T"}, "geometry": {"type": "Polygon", "coordinates": [[[4.4969812, 43.8128734], [4.496743999999999, 43.812942299999996], [4.4962968, 43.81168], [4.496197500000001, 43.81139570000001], [4.4964319, 43.81131229999998], [4.4969812, 43.8128734]]]}}, {"type": "Feature", "properties": {"id": "30155000AI0080", "section": "AI", "numero": "80", "contenance": 16130, "nature": "VI", "natures": "VI"}, "geometry": {"type": "Polygon", "coordinates": [[[4.496903999999999, 43.812895299999994], [4.4976802, 43.81430540000001], [4.4963820000000005, 43.81466470000001], [4.495975, 43.813165999999995], [4.496903999999999, 43.812895299999994]]]}}, {"type": "Feature", "properties": {"id": "30155000AI0203", "section": "AI", "numero": "203", "contenance": 6113, "nature": "L", "natures": "L"}, "geometry": {"type": "Polygon", "coordinates": [[[4.488236599999999, 43.81496800000001], [4.4871845, 43.815040199999984], [4.4871626, 43.8149439], [4.487159000000001, 43.814844199999996], [4.487212400000001, 43.81460799999999], [4.4872994, 43.8144299], [4.487356900000001, 43.8141512], [4.487404499999999, 43.814048399999976], [4.4874833, 43.81393680000001], [4.4874608, 43.8139267], [4.4875016, 43.8138464], [4.4875121, 43.813847], [4.488236599999999, 43.81496800000001]]]}}, {"type": "Feature", "properties": {"id": "30155000AI0143", "section": "AI", "numero": "143", "contenance": 763, "nature": "T", "natures": "T"}, "geometry": {"type": "Polygon", "coordinates": [[[4.4907149, 43.813512500000016], [4.490813199999999, 43.813856900000005], [4.4905454, 43.8138822], [4.490487, 43.813559200000014], [4.4907149, 43.813512500000016]]]}}, {"type": "Feature", "properties": {"id": "30155000AI0250", "section": "AI", "numero": "250", "contenance": 4874, "nature": "T", "natures": "T"}, "geometry": {"type": "Polygon", "coordinates": [[[4.496824, 43.81617859999999], [4.496617100000001, 43.8154807], [4.4972745000000005, 43.815298], [4.497567300000001, 43.815829300000004], [4.4970459, 43.81620759999999], [4.496824, 43.81617859999999]]]}}, {"type": "Feature", "properties": {"id": "30155000AI0081", "section": "AI", "numero": "81", "contenance": 4516, "nature": "VI", "natures": "VI"}, "geometry": {"type": "Polygon", "coordinates": [[[4.4968707, 43.8145275], [4.4972745000000005, 43.815298], [4.496617100000001, 43.8154807], [4.4963820000000005, 43.81466470000001], [4.4968707, 43.8145275]]]}}, {"type": "Feature", "properties": {"id": "30155000AI0084", "section": "AI", "numero": "84", "contenance": 6430, "nature": "VI", "natures": "VI"}, "geometry": {"type": "Polygon", "coordinates": [[[4.4976802, 43.81430540000001], [4.4981065, 43.81506750000001], [4.4972745000000005, 43.815298], [4.4968707, 43.8145275], [4.4976802, 43.81430540000001]]]}}, {"type": "Feature", "properties": {"id": "30155000AI0083", "section": "AI", "numero": "83", "contenance": 3335, "nature": "VI", "natures": "VI"}, "geometry": {"type": "Polygon", "coordinates": [[[4.4981065, 43.81506750000001], [4.4982508, 43.81532680000003], [4.497567300000001, 43.815829300000004], [4.4972745000000005, 43.815298], [4.4981065, 43.81506750000001]]]}}, {"type": "Feature", "properties": {"id": "30155000AI0208", "section": "AI", "numero": "208", "contenance": 3045, "nature": "T", "natures": "T"}, "geometry": {"type": "Polygon", "coordinates": [[[4.4879319, 43.81613320000001], [4.4885542, 43.8161046], [4.488874700000001, 43.81681170000002], [4.4885914, 43.81681420000003], [4.4885236, 43.81680429999999], [4.4879319, 43.81613320000001]]]}}, {"type": "Feature", "properties": {"id": "30155000AI0003", "section": "AI", "numero": "3", "contenance": 1587, "nature": "VI", "natures": "VI"}, "geometry": {"type": "Polygon", "coordinates": [[[4.4894252, 43.81606950000001], [4.4896923, 43.8160542], [4.4900132, 43.81667119999999], [4.4897112, 43.81670999999999], [4.4894252, 43.81606950000001]]]}}, {"type": "Feature", "properties": {"id": "30155000AI0214", "section": "AI", "numero": "214", "contenance": 1042, "nature": "S", "natures": "S,T"}, "geometry": {"type": "Polygon", "coordinates": [[[4.489260399999999, 43.81636959999999], [4.489531000000001, 43.816297400000025], [4.4897112, 43.81670999999999], [4.4894340999999995, 43.816745800000014], [4.489260399999999, 43.81636959999999]]]}}, {"type": "Feature", "properties": {"id": "30155000AI0020", "section": "AI", "numero": "20", "contenance": 3354, "nature": "VI", "natures": "VI"}, "geometry": {"type": "Polygon", "coordinates": [[[4.4896525, 43.81583929999999], [4.490147, 43.815792200000004], [4.490342900000001, 43.81663319999999], [4.4900132, 43.81667119999999], [4.4896923, 43.8160542], [4.4896525, 43.81583929999999]]]}}, {"type": "Feature", "properties": {"id": "30155000AK0806", "section": "AK", "numero": "806", "contenance": 13594, "nature": "L", "natures": "L"}, "geometry": {"type": "Polygon", "coordinates": [[[4.486606899999999, 43.8153331], [4.4866647, 43.8153403], [4.4867021, 43.81535390000002], [4.486761200000001, 43.81539659999999], [4.487276499999999, 43.81615029999999], [4.4877495, 43.8167036], [4.487761000000001, 43.816739200000015], [4.4877573, 43.816763699999974], [4.4877437, 43.81678509999999], [4.4877116, 43.81680680000001], [4.4873273, 43.81699139999999], [4.4869945, 43.817137499999994], [4.486675, 43.817293599999985], [4.486670199999999, 43.81732199999998], [4.486855399999999, 43.81752629999999], [4.486559999999999, 43.8176349], [4.486441000000001, 43.81767050000001], [4.486298399999999, 43.8177093], [4.485952899999999, 43.8177774], [4.486373200000001, 43.81719570000001], [4.485415700000001, 43.81703079999999], [4.484982900000001, 43.8169422], [4.485115300000001, 43.816675900000014], [4.485426000000001, 43.8161555], [4.4855864, 43.8162142], [4.485694200000001, 43.8162661], [4.485712599999999, 43.81626820000001], [4.485733200000001, 43.816260600000014], [4.485963900000001, 43.8159654], [4.486437799999999, 43.81539659999999], [4.486473500000001, 43.81536749999999], [4.4865157, 43.81534709999998], [4.486606899999999, 43.8153331]], [[4.4860077, 43.81609259999998], [4.485820299999999, 43.81633419999998], [4.485815199999999, 43.81636919999999], [4.4865811, 43.8172174], [4.4866224, 43.8172184], [4.487614, 43.816745099999984], [4.4876159, 43.8167191], [4.4871687, 43.8161941], [4.4866882, 43.815490800000006], [4.4866418, 43.81545989999999], [4.4865759999999995, 43.815454299999985], [4.486534, 43.815467299999995], [4.486511500000001, 43.815482400000015], [4.4860077, 43.81609259999998]]]}}, {"type": "Feature", "properties": {"id": "30155000AK0810", "section": "AK", "numero": "810", "contenance": 621, "nature": "L", "natures": "L"}, "geometry": {"type": "Polygon", "coordinates": [[[4.485426000000001, 43.8161555], [4.485115300000001, 43.816675900000014], [4.484982900000001, 43.8169422], [4.484947200000001, 43.816934900000014], [4.4851066, 43.816616200000006], [4.4854623, 43.8160159], [4.485644999999999, 43.81576489999998], [4.4859289, 43.815423400000014], [4.485945499999999, 43.8154308], [4.486055100000001, 43.81530470000003], [4.486173099999999, 43.81519109999999], [4.4860308, 43.81534239999999], [4.485662, 43.81579949999999], [4.485426000000001, 43.8161555]]]}}, {"type": "Feature", "properties": {"id": "30155000AK0142", "section": "AK", "numero": "142", "contenance": 18620, "nature": "T", "natures": "T"}, "geometry": {"type": "Polygon", "coordinates": [[[4.478600999999999, 43.81382060000002], [4.476807600000001, 43.81392580000001], [4.476767299999999, 43.81379849999999], [4.476811399999999, 43.81374080000001], [4.4768546, 43.813647900000014], [4.4768782, 43.8134719], [4.4768734, 43.813262600000016], [4.4768887, 43.813202699999984], [4.4769220999999995, 43.813150099999994], [4.4771263, 43.81296309999999], [4.477710399999999, 43.81253300000002], [4.4777305, 43.812483599999986], [4.478585499999999, 43.812542100000016], [4.478600999999999, 43.81382060000002]]]}}, {"type": "Feature", "properties": {"id": "30155000AK0632", "section": "AK", "numero": "632", "contenance": 10760, "nature": "T", "natures": "T"}, "geometry": {"type": "Polygon", "coordinates": [[[4.476833600000001, 43.8130922], [4.4762203000000005, 43.813106899999994], [4.4763372, 43.8126354], [4.4765354, 43.8119375], [4.4776733, 43.8119424], [4.4776821, 43.81219660000001], [4.4776315, 43.812328400000006], [4.4775661, 43.81240619999999], [4.4768995, 43.81301700000001], [4.476833600000001, 43.8130922]]]}}, {"type": "Feature", "properties": {"id": "30155000AK0131", "section": "AK", "numero": "131", "contenance": 8015, "nature": "T", "natures": "T"}, "geometry": {"type": "Polygon", "coordinates": [[[4.4784355, 43.8113394], [4.480022, 43.81152680000002], [4.4799135, 43.81205939999999], [4.478278200000001, 43.81189520000001], [4.4784355, 43.8113394]]]}}, {"type": "Feature", "properties": {"id": "30155000AK0164", "section": "AK", "numero": "164", "contenance": 6300, "nature": "T", "natures": "T"}, "geometry": {"type": "Polygon", "coordinates": [[[4.477843599999999, 43.811362], [4.4778112, 43.811503499999986], [4.4776733, 43.8119424], [4.4765354, 43.8119375], [4.476483799999999, 43.81134520000001], [4.477843599999999, 43.811362]]]}}, {"type": "Feature", "properties": {"id": "30155000AK0656", "section": "AK", "numero": "656", "contenance": 6093, "nature": "T", "natures": "T"}, "geometry": {"type": "Polygon", "coordinates": [[[4.480289400000001, 43.81265900000001], [4.4783586, 43.81252719999999], [4.4784225, 43.81227749999999], [4.4798431, 43.8124152], [4.4799504, 43.8118838], [4.4804053, 43.8119227], [4.480325, 43.81233180000002], [4.480339899999999, 43.81233340000001], [4.480289400000001, 43.81265900000001]]]}}, {"type": "Feature", "properties": {"id": "30155000AK0132", "section": "AK", "numero": "132", "contenance": 5355, "nature": "T", "natures": "T"}, "geometry": {"type": "Polygon", "coordinates": [[[4.478278200000001, 43.81189520000001], [4.4799135, 43.81205939999999], [4.4798431, 43.8124152], [4.4781878, 43.81225300000001], [4.4782162, 43.81208629999998], [4.478278200000001, 43.81189520000001]]]}}, {"type": "Feature", "properties": {"id": "30155000AK0125", "section": "AK", "numero": "125", "contenance": 462, "nature": "T", "natures": "T"}, "geometry": {"type": "Polygon", "coordinates": [[[4.4784355, 43.8113394], [4.478376999999999, 43.81154230000001], [4.4781198, 43.8115127], [4.478185100000001, 43.81131119999999], [4.4784355, 43.8113394]]]}}, {"type": "Feature", "properties": {"id": "30155000AK0123", "section": "AK", "numero": "123", "contenance": 239, "nature": "T", "natures": "T"}, "geometry": {"type": "Polygon", "coordinates": [[[4.4779796, 43.811288100000006], [4.478185100000001, 43.81131119999999], [4.4781424, 43.81144320000001], [4.4779394, 43.8114077], [4.4779796, 43.811288100000006]]]}}, {"type": "Feature", "properties": {"id": "30155000AK0126", "section": "AK", "numero": "126", "contenance": 605, "nature": "J", "natures": "J"}, "geometry": {"type": "Polygon", "coordinates": [[[4.478376999999999, 43.81154230000001], [4.4783290000000004, 43.811733800000006], [4.4780746, 43.81169499999999], [4.478089200000001, 43.81162869999998], [4.4778768, 43.8115955], [4.477903000000001, 43.81151610000001], [4.478109, 43.81154599999999], [4.4781198, 43.8115127], [4.478376999999999, 43.81154230000001]]]}}, {"type": "Feature", "properties": {"id": "30155000AK0124", "section": "AK", "numero": "124", "contenance": 201, "nature": "T", "natures": "T"}, "geometry": {"type": "Polygon", "coordinates": [[[4.4781424, 43.81144320000001], [4.478109, 43.81154599999999], [4.477903000000001, 43.81151610000001], [4.4779394, 43.8114077], [4.4781424, 43.81144320000001]]]}}, {"type": "Feature", "properties": {"id": "30155000AK0130", "section": "AK", "numero": "130", "contenance": 805, "nature": "S", "natures": "S"}, "geometry": {"type": "Polygon", "coordinates": [[[4.4783290000000004, 43.811733800000006], [4.4782162, 43.81208629999998], [4.4779823, 43.8120786], [4.4780746, 43.81169499999999], [4.4783290000000004, 43.811733800000006]]]}}, {"type": "Feature", "properties": {"id": "30155000AK0256", "section": "AK", "numero": "256", "contenance": 1116, "nature": "T", "natures": "T"}, "geometry": {"type": "Polygon", "coordinates": [[[4.4780356, 43.81250480000001], [4.4777305, 43.812483599999986], [4.4778386, 43.81207390000002], [4.478127099999999, 43.812083400000006], [4.4780356, 43.81250480000001]]]}}, {"type": "Feature", "properties": {"id": "30155000AK0129", "section": "AK", "numero": "129", "contenance": 515, "nature": "T", "natures": "T"}, "geometry": {"type": "Polygon", "coordinates": [[[4.478043900000001, 43.81183480000001], [4.4779823, 43.8120786], [4.477786399999999, 43.8120726], [4.477796499999999, 43.811897699999996], [4.477820400000001, 43.81179850000001], [4.478043900000001, 43.81183480000001]]]}}, {"type": "Feature", "properties": {"id": "30155000AK0128", "section": "AK", "numero": "128", "contenance": 286, "nature": "T", "natures": "T"}, "geometry": {"type": "Polygon", "coordinates": [[[4.4780746, 43.81169499999999], [4.478043900000001, 43.81183480000001], [4.477820400000001, 43.81179850000001], [4.4778549, 43.81166170000001], [4.4780746, 43.81169499999999]]]}}, {"type": "Feature", "properties": {"id": "30155000AK0127", "section": "AK", "numero": "127", "contenance": 135, "nature": "T", "natures": "T"}, "geometry": {"type": "Polygon", "coordinates": [[[4.4778768, 43.8115955], [4.478089200000001, 43.81162869999998], [4.4780746, 43.81169499999999], [4.4778549, 43.81166170000001], [4.4778768, 43.8115955]]]}}, {"type": "Feature", "properties": {"id": "30155000AK0140", "section": "AK", "numero": "140", "contenance": 3103, "nature": "T", "natures": "T"}, "geometry": {"type": "Polygon", "coordinates": [[[4.478586699999999, 43.81314340000001], [4.478585499999999, 43.812542100000016], [4.479186, 43.81258240000001], [4.4791728, 43.8131593], [4.478586699999999, 43.81314340000001]]]}}, {"type": "Feature", "properties": {"id": "30155000AK0163", "section": "AK", "numero": "163", "contenance": 204, "nature": "S", "natures": "S"}, "geometry": {"type": "Polygon", "coordinates": [[[4.477477, 43.812686599999985], [4.4774029, 43.812642399999994], [4.477605699999999, 43.8124761], [4.477678399999999, 43.812521800000006], [4.477477, 43.812686599999985]]]}}, {"type": "Feature", "properties": {"id": "30155000AK0135", "section": "AK", "numero": "135", "contenance": 5040, "nature": "T", "natures": "T"}, "geometry": {"type": "Polygon", "coordinates": [[[4.4814371, 43.812615300000004], [4.481414699999999, 43.812628], [4.481398099999999, 43.812660999999984], [4.4813779, 43.812734600000006], [4.4807754, 43.812712299999994], [4.480813099999999, 43.81238569999998], [4.480648099999999, 43.812367800000004], [4.480728, 43.811953700000004], [4.4815957, 43.8120278], [4.4814371, 43.812615300000004]]]}}, {"type": "Feature", "properties": {"id": "30155000AK0136", "section": "AK", "numero": "136", "contenance": 2502, "nature": "T", "natures": "T"}, "geometry": {"type": "Polygon", "coordinates": [[[4.4813671, 43.8131143], [4.4806721, 43.813134000000005], [4.480771100000001, 43.8123812], [4.480813099999999, 43.81238569999998], [4.4807754, 43.812712299999994], [4.4813779, 43.812734600000006], [4.4813671, 43.8131143]]]}}, {"type": "Feature", "properties": {"id": "30155000AK0104", "section": "AK", "numero": "104", "contenance": 3746, "nature": "T", "natures": "T"}, "geometry": {"type": "Polygon", "coordinates": [[[4.482247, 43.81305679999999], [4.481718599999999, 43.81307979999998], [4.481758300000001, 43.812642699999984], [4.4822528, 43.812659100000026], [4.482780900000001, 43.8126538], [4.482785299999999, 43.8130415], [4.482247, 43.81305679999999]]]}}, {"type": "Feature", "properties": {"id": "30155000AK0134", "section": "AK", "numero": "134", "contenance": 2771, "nature": "T", "natures": "T"}, "geometry": {"type": "Polygon", "coordinates": [[[4.4806805999999995, 43.8130575], [4.4802288, 43.81304070000001], [4.480339899999999, 43.81233340000001], [4.480771100000001, 43.8123812], [4.4806805999999995, 43.8130575]]]}}, {"type": "Feature", "properties": {"id": "30155000AK0138", "section": "AK", "numero": "138", "contenance": 1995, "nature": "T", "natures": "T"}, "geometry": {"type": "Polygon", "coordinates": [[[4.4802288, 43.81304070000001], [4.479972699999999, 43.81303119999998], [4.479955, 43.813165800000014], [4.4797064, 43.8131676], [4.479813000000001, 43.81262600000001], [4.480289400000001, 43.81265900000001], [4.4802288, 43.81304070000001]]]}}, {"type": "Feature", "properties": {"id": "30155000AK0139", "section": "AK", "numero": "139", "contenance": 2883, "nature": "T", "natures": "T"}, "geometry": {"type": "Polygon", "coordinates": [[[4.4797064, 43.8131676], [4.4791728, 43.8131593], [4.479186, 43.81258240000001], [4.479813000000001, 43.81262600000001], [4.4797064, 43.8131676]]]}}, {"type": "Feature", "properties": {"id": "30155000AK0654", "section": "AK", "numero": "654", "contenance": 182, "nature": "S", "natures": "S"}, "geometry": {"type": "Polygon", "coordinates": [[[4.477144299999999, 43.815022199999994], [4.4771513, 43.81503690000001], [4.4759668, 43.8152623], [4.4759497, 43.8152238], [4.475977, 43.815218599999994], [4.475983399999999, 43.81523399999999], [4.477144299999999, 43.815022199999994]]]}}, {"type": "Feature", "properties": {"id": "30155000AK0146", "section": "AK", "numero": "146", "contenance": 2480, "nature": "S", "natures": "S"}, "geometry": {"type": "Polygon", "coordinates": [[[4.4775965, 43.81493940000001], [4.4776724, 43.8150526], [4.477728, 43.815157100000015], [4.477812499999999, 43.8153533], [4.477832, 43.8154379], [4.4777992, 43.8154867], [4.477773000000001, 43.815503799999995], [4.477700800000001, 43.815524199999984], [4.4774096, 43.81557740000001], [4.477144299999999, 43.815022199999994], [4.4775965, 43.81493940000001]]]}}, {"type": "Feature", "properties": {"id": "30155000AK0652", "section": "AK", "numero": "652", "contenance": 86, "nature": "T", "natures": "T"}, "geometry": {"type": "Polygon", "coordinates": [[[4.4765311, 43.8151315], [4.475983399999999, 43.81523399999999], [4.475977, 43.815218599999994], [4.4765252, 43.81511319999999], [4.4765311, 43.8151315]]]}}, {"type": "Feature", "properties": {"id": "30155000AK0807", "section": "AK", "numero": "807", "contenance": 182, "nature": "L", "natures": "L"}, "geometry": {"type": "Polygon", "coordinates": [[[4.486559999999999, 43.8176349], [4.486855399999999, 43.81752629999999], [4.487544, 43.81723340000001], [4.487829699999999, 43.817098699999995], [4.4881619, 43.8169803], [4.4883165, 43.816935199999996], [4.488306999999999, 43.816953799999986], [4.487907699999999, 43.817080999999995], [4.487476900000001, 43.81727770000002], [4.486948399999999, 43.817504500000005], [4.486559999999999, 43.8176349]]]}}, {"type": "Feature", "properties": {"id": "30155000AK0805", "section": "AK", "numero": "805", "contenance": 4621, "nature": "L", "natures": "L"}, "geometry": {"type": "Polygon", "coordinates": [[[4.4870638000000005, 43.81604070000001], [4.4871687, 43.8161941], [4.487437000000001, 43.816509100000005], [4.486698399999999, 43.816858300000014], [4.486517, 43.81665739999998], [4.4862048, 43.816804999999995], [4.486136499999999, 43.81673], [4.4864491, 43.8165821], [4.486290400000001, 43.8164062], [4.4870638000000005, 43.81604070000001]]]}}, {"type": "Feature", "properties": {"id": "30155000AK0808", "section": "AK", "numero": "808", "contenance": 8, "nature": "L", "natures": "L"}, "geometry": {"type": "Polygon", "coordinates": [[[4.4875836, 43.8160237], [4.4876832, 43.816144900000005], [4.487575199999999, 43.816028], [4.4875836, 43.8160237]]]}}, {"type": "Feature", "properties": {"id": "30155000AK0809", "section": "AK", "numero": "809", "contenance": 40, "nature": "L", "natures": "L"}, "geometry": {"type": "Polygon", "coordinates": [[[4.4871498, 43.815405700000014], [4.487157, 43.81539690000001], [4.48755, 43.8159895], [4.4873672, 43.8157258], [4.4871498, 43.815405700000014]]]}}, {"type": "Feature", "properties": {"id": "30155000AK0670", "section": "AK", "numero": "670", "contenance": 4, "nature": "J", "natures": "J"}, "geometry": {"type": "Polygon", "coordinates": [[[4.4767984, 43.81847249999999], [4.4767668, 43.81847100000002], [4.4767644, 43.818440700000004], [4.4767984, 43.81847249999999]]]}}, {"type": "Feature", "properties": {"id": "30155000AK0811", "section": "AK", "numero": "811", "contenance": 38, "nature": "L", "natures": "L"}, "geometry": {"type": "Polygon", "coordinates": [[[4.485952899999999, 43.8177774], [4.486031, 43.8177601], [4.486298399999999, 43.8177093], [4.485940000000001, 43.8177956], [4.485952899999999, 43.8177774]]]}}, {"type": "Feature", "properties": {"id": "30155000AL0342", "section": "AL", "numero": "342", "contenance": 698, "nature": "T", "natures": "T"}, "geometry": {"type": "Polygon", "coordinates": [[[4.498145399999999, 43.8032284], [4.496094499999999, 43.80245029999998], [4.4960977, 43.802436900000025], [4.4964988, 43.80255200000001], [4.4968371, 43.802665], [4.4970952, 43.80276380000001], [4.498145399999999, 43.8032284]]]}}, {"type": "Feature", "properties": {"id": "30155000AL0343", "section": "AL", "numero": "343", "contenance": 2016, "nature": "T", "natures": "T"}, "geometry": {"type": "Polygon", "coordinates": [[[4.498534199999999, 43.80322689999999], [4.498425000000001, 43.8031967], [4.498226000000001, 43.8031205], [4.4971528, 43.80263800000001], [4.4975925, 43.80276520000003], [4.497891899999999, 43.8028328], [4.4984099, 43.80291040000002], [4.4987505, 43.802938800000014], [4.498534199999999, 43.80322689999999]]]}}, {"type": "Feature", "properties": {"id": "30155000AL0147", "section": "AL", "numero": "147", "contenance": 324, "nature": "S", "natures": "S"}, "geometry": {"type": "Polygon", "coordinates": [[[4.4795207, 43.810023900000004], [4.4793451, 43.810052500000005], [4.4794358999999995, 43.809909999999995], [4.479500699999999, 43.809833100000006], [4.4794777, 43.80982159999999], [4.4795479, 43.809729899999994], [4.4796534999999995, 43.809777399999994], [4.479481899999999, 43.809994800000005], [4.4795207, 43.810023900000004]]]}}, {"type": "Feature", "properties": {"id": "30155000AL0145", "section": "AL", "numero": "145", "contenance": 287, "nature": "S", "natures": "S"}, "geometry": {"type": "Polygon", "coordinates": [[[4.4791115, 43.81007610000002], [4.4789105, 43.8101], [4.478862500000001, 43.810095999999994], [4.478812, 43.81007069999998], [4.4787994, 43.810055399999996], [4.478787900000001, 43.81002579999999], [4.4787909, 43.8099932], [4.479018899999999, 43.80999219999999], [4.4790842, 43.80998439999998], [4.4791115, 43.81007610000002]]]}}, {"type": "Feature", "properties": {"id": "30155000AR0035", "section": "AR", "numero": "35", "contenance": 3476, "nature": "T", "natures": "T"}, "geometry": {"type": "Polygon", "coordinates": [[[4.5214894999999995, 43.795929300000005], [4.5236466, 43.7962679], [4.523359500000001, 43.79639220000001], [4.521656699999999, 43.795983299999996], [4.520929100000001, 43.795898700000016], [4.5195387, 43.79569930000001], [4.518535300000001, 43.795566599999994], [4.5185269, 43.7955843], [4.5169735, 43.795336699999986], [4.516986199999999, 43.79531219999999], [4.517403299999999, 43.79537390000001], [4.520758900000001, 43.7958282], [4.5211234, 43.79588389999999], [4.5214894999999995, 43.795929300000005]]]}}, {"type": "Feature", "properties": {"id": "30155000AS0017", "section": "AS", "numero": "17", "contenance": 6230, "nature": "T", "natures": "T"}, "geometry": {"type": "Polygon", "coordinates": [[[4.519854199999999, 43.78641700000002], [4.5195743, 43.7863957], [4.5192931, 43.78640920000001], [4.5189994, 43.7864367], [4.5187546, 43.785932899999985], [4.5198844, 43.78571559999999], [4.519953, 43.7857295], [4.5201758, 43.78620770000002], [4.5198079, 43.786323100000004], [4.519854199999999, 43.78641700000002]]]}}, {"type": "Feature", "properties": {"id": "30155000AS0015", "section": "AS", "numero": "15", "contenance": 1017, "nature": "T", "natures": "T"}, "geometry": {"type": "Polygon", "coordinates": [[[4.519953, 43.7857295], [4.5202742, 43.78578670000001], [4.5205975, 43.78585540000002], [4.5205561, 43.7859967], [4.5200864, 43.7860182], [4.519953, 43.7857295]]]}}, {"type": "Feature", "properties": {"id": "30155000AS0016", "section": "AS", "numero": "16", "contenance": 174, "nature": "T", "natures": "T"}, "geometry": {"type": "Polygon", "coordinates": [[[4.5198617, 43.786432500000004], [4.5198079, 43.786323100000004], [4.5201758, 43.78620770000002], [4.5198808999999995, 43.786406300000024], [4.5198617, 43.786432500000004]]]}}, {"type": "Feature", "properties": {"id": "30155000AS0014", "section": "AS", "numero": "14", "contenance": 1165, "nature": "T", "natures": "T"}, "geometry": {"type": "Polygon", "coordinates": [[[4.5200864, 43.7860182], [4.5205561, 43.7859967], [4.5205975, 43.78585540000002], [4.5212851, 43.785997200000004], [4.520506799999999, 43.786075099999984], [4.5203031000000005, 43.78612840000001], [4.5201758, 43.78620770000002], [4.5200864, 43.7860182]]]}}, {"type": "Feature", "properties": {"id": "30155000AT0110", "section": "AT", "numero": "110", "contenance": 3475, "nature": "T", "natures": "T"}, "geometry": {"type": "Polygon", "coordinates": [[[4.499086, 43.79985640000002], [4.5003381000000005, 43.80003129999999], [4.500330599999999, 43.8001042], [4.5003386999999995, 43.800105200000004], [4.5002976, 43.80032070000001], [4.499042700000001, 43.8001832], [4.499086, 43.79985640000002]]]}}, {"type": "Feature", "properties": {"id": "30155000AV0150", "section": "AV", "numero": "150", "contenance": 471, "nature": "L", "natures": "L"}, "geometry": {"type": "Polygon", "coordinates": [[[4.4871815999999995, 43.800391699999984], [4.487503800000001, 43.80044479999999], [4.4875414000000005, 43.80044749999998], [4.487587999999999, 43.8004382], [4.4879747000000005, 43.8000751], [4.4883155, 43.79979590000001], [4.488665899999999, 43.79953720000001], [4.4885121, 43.79968240000001], [4.488116, 43.79998950000001], [4.487881700000001, 43.8002068], [4.4875797, 43.80050409999998], [4.4873921, 43.800458700000014], [4.4871723, 43.800417100000004], [4.4871815999999995, 43.800391699999984]]]}}, {"type": "Feature", "properties": {"id": "30155000AV0183", "section": "AV", "numero": "183", "contenance": 1385, "nature": "T", "natures": "T"}, "geometry": {"type": "Polygon", "coordinates": [[[4.4881586, 43.8004318], [4.487654700000001, 43.800502900000005], [4.4878903999999995, 43.800272099999994], [4.488159600000001, 43.800025800000014], [4.4885380999999995, 43.7997477], [4.4884532, 43.79991450000001], [4.4883793, 43.7998938], [4.4882010999999995, 43.8002851], [4.4881586, 43.8004318]]]}}, {"type": "Feature", "properties": {"id": "30155000AW0090", "section": "AW", "numero": "90", "contenance": 4678, "nature": "T", "natures": "T"}, "geometry": {"type": "Polygon", "coordinates": [[[4.4959736, 43.78562889999999], [4.495702099999999, 43.7864314], [4.4951253, 43.78631810000001], [4.4953345, 43.78549530000001], [4.4959736, 43.78562889999999]]]}}, {"type": "Feature", "properties": {"id": "30155000AW0123", "section": "AW", "numero": "123", "contenance": 7155, "nature": "BT", "natures": "BT"}, "geometry": {"type": "Polygon", "coordinates": [[[4.5012357, 43.7851146], [4.5017323000000005, 43.7856791], [4.5005172, 43.78579840000001], [4.4999959, 43.78516230000002], [4.5005892, 43.7851101], [4.5012357, 43.7851146]]]}}, {"type": "Feature", "properties": {"id": "30155000AW0087", "section": "AW", "numero": "87", "contenance": 2273, "nature": "T", "natures": "T"}, "geometry": {"type": "Polygon", "coordinates": [[[4.4967186, 43.78578449999999], [4.497029100000001, 43.78584939999999], [4.496819899999999, 43.78652830000001], [4.4965939, 43.786606100000014], [4.4964678, 43.786581500000004], [4.4967186, 43.78578449999999]]]}}, {"type": "Feature", "properties": {"id": "30155000AW0121", "section": "AW", "numero": "121", "contenance": 3483, "nature": "BT", "natures": "BT"}, "geometry": {"type": "Polygon", "coordinates": [[[4.501618699999999, 43.7863591], [4.500543800000001, 43.78583069999999], [4.5017534999999995, 43.78571550000002], [4.501618699999999, 43.7863591]]]}}, {"type": "Feature", "properties": {"id": "30155000AW0024", "section": "AW", "numero": "24", "contenance": 845, "nature": "T", "natures": "T"}, "geometry": {"type": "Polygon", "coordinates": [[[4.493858499999999, 43.7923341], [4.4936567, 43.792737], [4.493485199999999, 43.7927079], [4.493594900000001, 43.792293000000015], [4.493858499999999, 43.7923341]]]}}, {"type": "Feature", "properties": {"id": "30155000AW0033", "section": "AW", "numero": "33", "contenance": 2766, "nature": "T", "natures": "T"}, "geometry": {"type": "Polygon", "coordinates": [[[4.4953818, 43.79279030000001], [4.495395399999999, 43.79269209999999], [4.4954518, 43.79247980000002], [4.496443000000001, 43.7924876], [4.4963497, 43.792804], [4.4953818, 43.79279030000001]]]}}, {"type": "Feature", "properties": {"id": "30155000AX0076", "section": "AX", "numero": "76", "contenance": 28, "nature": "T", "natures": "T"}, "geometry": {"type": "Polygon", "coordinates": [[[4.495848400000001, 43.78315840000001], [4.496050800000001, 43.7831766], [4.4960253, 43.78320539999999], [4.495848400000001, 43.78315840000001]]]}}, {"type": "Feature", "properties": {"id": "30155000AX0021", "section": "AX", "numero": "21", "contenance": 2774, "nature": "T", "natures": "T"}, "geometry": {"type": "Polygon", "coordinates": [[[4.493566, 43.7887401], [4.493818, 43.78874210000001], [4.493735700000001, 43.7900443], [4.4935092, 43.790073500000005], [4.493566, 43.7887401]]]}}, {"type": "Feature", "properties": {"id": "30155000AY0045", "section": "AY", "numero": "45", "contenance": 100, "nature": "VE", "natures": "VE"}, "geometry": {"type": "Polygon", "coordinates": [[[4.4643056, 43.788248600000024], [4.464303899999999, 43.7882564], [4.464214500000001, 43.78831220000002], [4.464055, 43.788322400000006], [4.4640758, 43.78825499999999], [4.4643056, 43.788248600000024]]]}}, {"type": "Feature", "properties": {"id": "30155000AZ0292", "section": "AZ", "numero": "292", "contenance": 58828, "nature": "T", "natures": "T"}, "geometry": {"type": "Polygon", "coordinates": [[[4.4662964, 43.79525909999999], [4.466430000000001, 43.7952205], [4.4662907, 43.7949325], [4.466177900000001, 43.794643300000004], [4.466044200000001, 43.794192800000005], [4.466017300000002, 43.79401010000001], [4.4660355, 43.79370330000002], [4.4671053, 43.79411389999999], [4.4698643, 43.79520929999999], [4.469555999999999, 43.79634370000001], [4.469552799999999, 43.796335099999986], [4.468455, 43.796307], [4.4676981, 43.796695199999995], [4.4674972, 43.7967775], [4.4672354, 43.79683860000001], [4.4672078, 43.7967547], [4.4671435, 43.796645399999996], [4.4670398, 43.79643069999999], [4.4666787999999995, 43.7959291], [4.4665881, 43.795788999999985], [4.4663809, 43.7954355], [4.4662964, 43.79525909999999]]]}}, {"type": "Feature", "properties": {"id": "30155000AZ0216", "section": "AZ", "numero": "216", "contenance": 35596, "nature": "T", "natures": "T"}, "geometry": {"type": "Polygon", "coordinates": [[[4.4646036, 43.79707559999999], [4.4671649, 43.79683430000001], [4.4671954000000005, 43.797330800000005], [4.4672636, 43.7977799], [4.4662936, 43.79785880000001], [4.466491100000001, 43.7988783], [4.4661392, 43.79888319999999], [4.4656373, 43.798915900000004], [4.4649011, 43.799020099999986], [4.464875499999999, 43.79898409999999], [4.4646036, 43.79707559999999]]]}}, {"type": "Feature", "properties": {"id": "30155000AZ0424", "section": "AZ", "numero": "424", "contenance": 15060, "nature": "T", "natures": "T"}, "geometry": {"type": "Polygon", "coordinates": [[[4.4741245, 43.797149700000006], [4.4748994, 43.797543299999994], [4.4748464, 43.79759410000001], [4.475675300000001, 43.79804549999999], [4.4756865, 43.79867749999998], [4.4752141, 43.798702], [4.474946900000001, 43.798729599999994], [4.474683300000001, 43.79877530000002], [4.474524899999999, 43.7988186], [4.4744602, 43.798715], [4.4742627, 43.79844450000001], [4.474129500000001, 43.7982942], [4.4741245, 43.797149700000006]]]}}, {"type": "Feature", "properties": {"id": "30155000AZ0142", "section": "AZ", "numero": "142", "contenance": 2208, "nature": "T", "natures": "T"}, "geometry": {"type": "Polygon", "coordinates": [[[4.473927399999999, 43.7906231], [4.472925600000001, 43.790646399999986], [4.4729187, 43.79046880000001], [4.4737336, 43.7904582], [4.4737396, 43.790095400000006], [4.473924599999999, 43.79010320000001], [4.473927399999999, 43.7906231]]]}}, {"type": "Feature", "properties": {"id": "30155000AZ0400", "section": "AZ", "numero": "400", "contenance": 3080, "nature": "L", "natures": "L"}, "geometry": {"type": "Polygon", "coordinates": [[[4.482468599999999, 43.789851899999995], [4.4824249, 43.79038130000002], [4.4815629, 43.790144600000005], [4.481556600000001, 43.7898825], [4.482468599999999, 43.789851899999995]]]}}, {"type": "Feature", "properties": {"id": "30155000AZ0401", "section": "AZ", "numero": "401", "contenance": 102, "nature": "L", "natures": "L"}, "geometry": {"type": "Polygon", "coordinates": [[[4.482468599999999, 43.789851899999995], [4.4824778, 43.78985160000003], [4.482477200000001, 43.789888200000014], [4.4824586, 43.79039070000001], [4.4824249, 43.79038130000002], [4.482468599999999, 43.789851899999995]]]}}, {"type": "Feature", "properties": {"id": "30155000AZ0141", "section": "AZ", "numero": "141", "contenance": 1931, "nature": "T", "natures": "T"}, "geometry": {"type": "Polygon", "coordinates": [[[4.4739273, 43.79084129999998], [4.472935, 43.790861400000004], [4.472925600000001, 43.790646399999986], [4.473927399999999, 43.7906231], [4.4739273, 43.79084129999998]]]}}, {"type": "Feature", "properties": {"id": "30155000AZ0269", "section": "AZ", "numero": "269", "contenance": 1700, "nature": "T", "natures": "T"}, "geometry": {"type": "Polygon", "coordinates": [[[4.474266599999998, 43.79175669999999], [4.473942000000001, 43.79170160000001], [4.473993, 43.79114140000001], [4.4743218, 43.791157999999996], [4.474266599999998, 43.79175669999999]]]}}, {"type": "Feature", "properties": {"id": "30155000AZ0272", "section": "AZ", "numero": "272", "contenance": 1000, "nature": "T", "natures": "T"}, "geometry": {"type": "Polygon", "coordinates": [[[4.474341899999999, 43.79087410000001], [4.4743218, 43.791157999999996], [4.4739344, 43.79113849999998], [4.473938, 43.7908492], [4.474341899999999, 43.79087410000001]]]}}, {"type": "Feature", "properties": {"id": "30155000AZ0403", "section": "AZ", "numero": "403", "contenance": 6044, "nature": "L", "natures": "L"}, "geometry": {"type": "Polygon", "coordinates": [[[4.4821614, 43.79155], [4.4809581000000005, 43.79120199999998], [4.480892, 43.790944], [4.4808896, 43.790858400000005], [4.482356899999999, 43.79090260000001], [4.4821614, 43.79155]]]}}, {"type": "Feature", "properties": {"id": "30155000AZ0402", "section": "AZ", "numero": "402", "contenance": 7, "nature": "L", "natures": "L"}, "geometry": {"type": "Polygon", "coordinates": [[[4.480892, 43.790944], [4.4808704, 43.79085779999999], [4.4808896, 43.790858400000005], [4.480892, 43.790944]]]}}, {"type": "Feature", "properties": {"id": "30155000AZ0405", "section": "AZ", "numero": "405", "contenance": 2681, "nature": "L", "natures": "L"}, "geometry": {"type": "Polygon", "coordinates": [[[4.4816479, 43.7901674], [4.4824249, 43.79038130000002], [4.482394299999999, 43.79068039999998], [4.481655, 43.7906643], [4.4816479, 43.7901674]]]}}, {"type": "Feature", "properties": {"id": "30155000AZ0407", "section": "AZ", "numero": "407", "contenance": 1561, "nature": "L", "natures": "L"}, "geometry": {"type": "Polygon", "coordinates": [[[4.4815829, 43.790665600000004], [4.482394299999999, 43.79068039999998], [4.482377799999999, 43.79083090000001], [4.482356899999999, 43.79090260000001], [4.481588899999999, 43.79087809999999], [4.4815829, 43.790665600000004]]]}}, {"type": "Feature", "properties": {"id": "30155000AZ0274", "section": "AZ", "numero": "274", "contenance": 336, "nature": "L", "natures": "L"}, "geometry": {"type": "Polygon", "coordinates": [[[4.4815629, 43.790144600000005], [4.4816479, 43.7901674], [4.481655, 43.7906643], [4.4815829, 43.790665600000004], [4.4815629, 43.790144600000005]]]}}, {"type": "Feature", "properties": {"id": "30155000AZ0404", "section": "AZ", "numero": "404", "contenance": 119, "nature": "L", "natures": "L"}, "geometry": {"type": "Polygon", "coordinates": [[[4.4821775, 43.7915547], [4.4821614, 43.79155], [4.482255099999999, 43.7912369], [4.482356899999999, 43.79090260000001], [4.4823737, 43.79090320000002], [4.4821775, 43.7915547]]]}}, {"type": "Feature", "properties": {"id": "30155000AZ0406", "section": "AZ", "numero": "406", "contenance": 113, "nature": "L", "natures": "L"}, "geometry": {"type": "Polygon", "coordinates": [[[4.4824249, 43.79038130000002], [4.4824586, 43.79039070000001], [4.48244, 43.7906801], [4.482394299999999, 43.79068039999998], [4.4824249, 43.79038130000002]]]}}, {"type": "Feature", "properties": {"id": "30155000AZ0408", "section": "AZ", "numero": "408", "contenance": 52, "nature": "L", "natures": "L"}, "geometry": {"type": "Polygon", "coordinates": [[[4.482356899999999, 43.79090260000001], [4.482377799999999, 43.79083090000001], [4.482394299999999, 43.79068039999998], [4.48244, 43.7906801], [4.4823737, 43.79090320000002], [4.482356899999999, 43.79090260000001]]]}}, {"type": "Feature", "properties": {"id": "30155000AZ0080", "section": "AZ", "numero": "80", "contenance": 3593, "nature": "T", "natures": "T"}, "geometry": {"type": "Polygon", "coordinates": [[[4.4797327, 43.79715759999999], [4.479433199999999, 43.7980423], [4.4791009, 43.79802080000001], [4.4791627, 43.79754179999999], [4.4792152, 43.7970316], [4.4797327, 43.79715759999999]]]}}, {"type": "Feature", "properties": {"id": "30155000AZ0002", "section": "AZ", "numero": "2", "contenance": 10125, "nature": "T", "natures": "T"}, "geometry": {"type": "Polygon", "coordinates": [[[4.4672636, 43.7977799], [4.4675978, 43.798969500000005], [4.4672473, 43.798923900000005], [4.4669562, 43.798897200000006], [4.466491100000001, 43.7988783], [4.4662936, 43.79785880000001], [4.4672636, 43.7977799]]]}}, {"type": "Feature", "properties": {"id": "30155000BC0234", "section": "BC", "numero": "234", "contenance": 291, "nature": "L", "natures": "L"}, "geometry": {"type": "Polygon", "coordinates": [[[4.468488399999999, 43.80476929999999], [4.468621800000001, 43.80435990000002], [4.4686542, 43.8041104], [4.4687031, 43.80411459999999], [4.4686582, 43.80437899999998], [4.4685983, 43.804620099999994], [4.4685477, 43.80478029999998], [4.468488399999999, 43.80476929999999]]]}}, {"type": "Feature", "properties": {"id": "30155000BC0057", "section": "BC", "numero": "57", "contenance": 1544, "nature": "T", "natures": "T"}, "geometry": {"type": "Polygon", "coordinates": [[[4.4706262, 43.80454200000001], [4.4709992, 43.804574800000005], [4.4709645, 43.8050762], [4.470579200000001, 43.80497420000001], [4.4706262, 43.80454200000001]]]}}, {"type": "Feature", "properties": {"id": "30155000BD0031", "section": "BD", "numero": "31", "contenance": 3467, "nature": "T", "natures": "T"}, "geometry": {"type": "Polygon", "coordinates": [[[4.4786262, 43.80683640000001], [4.4793149, 43.80686090000001], [4.479097900000001, 43.8074827], [4.4784589, 43.8073293], [4.4786262, 43.80683640000001]]]}}, {"type": "Feature", "properties": {"id": "30155000BD0030", "section": "BD", "numero": "30", "contenance": 5046, "nature": "T", "natures": "T"}, "geometry": {"type": "Polygon", "coordinates": [[[4.4793149, 43.80686090000001], [4.480697, 43.806917899999995], [4.4811440000000005, 43.80693070000002], [4.480739000000001, 43.80730190000001], [4.4792214, 43.8071287], [4.4793149, 43.80686090000001]]]}}, {"type": "Feature", "properties": {"id": "30155000BD0029", "section": "BD", "numero": "29", "contenance": 5548, "nature": "T", "natures": "T"}, "geometry": {"type": "Polygon", "coordinates": [[[4.4792214, 43.8071287], [4.479686599999999, 43.8071859], [4.480739000000001, 43.80730190000001], [4.4806932999999995, 43.80734500000001], [4.480396900000001, 43.8077662], [4.4797098, 43.80762189999999], [4.479097900000001, 43.8074827], [4.4792214, 43.8071287]]]}}, {"type": "Feature", "properties": {"id": "30155000BD0129", "section": "BD", "numero": "129", "contenance": 155, "nature": "S", "natures": "S"}, "geometry": {"type": "Polygon", "coordinates": [[[4.474539399999999, 43.81032679999999], [4.4745392, 43.8103157], [4.4756546, 43.810315000000024], [4.475774, 43.810844900000006], [4.4757464, 43.81085830000003], [4.4756349, 43.81032280000001], [4.474539399999999, 43.81032679999999]]]}}, {"type": "Feature", "properties": {"id": "30155000BD0145", "section": "BD", "numero": "145", "contenance": 1150, "nature": "L", "natures": "L"}, "geometry": {"type": "Polygon", "coordinates": [[[4.477374099999999, 43.809391000000005], [4.4775457, 43.81023720000001], [4.477615599999999, 43.81027650000001], [4.4773983, 43.81030940000001], [4.477445800000001, 43.81023919999999], [4.477406299999999, 43.810028699999975], [4.4773872, 43.8100219], [4.477404099999999, 43.8100085], [4.4773579, 43.8097957], [4.477345800000001, 43.809789800000004], [4.4773579, 43.80978069999999], [4.4773372, 43.809692899999995], [4.477184199999999, 43.80962030000001], [4.4771735, 43.809583800000006], [4.477192600000001, 43.8095675], [4.477151600000001, 43.809364200000005], [4.477374099999999, 43.809391000000005]]]}}, {"type": "Feature", "properties": {"id": "30155000BE0333", "section": "BE", "numero": "333", "contenance": 4084, "nature": "S", "natures": "S"}, "geometry": {"type": "Polygon", "coordinates": [[[4.466867699999999, 43.81639320000001], [4.466671700000001, 43.816422600000024], [4.4666983, 43.816393100000006], [4.466700399999999, 43.81636929999999], [4.4664416, 43.8154786], [4.4664219, 43.8154475], [4.4663766, 43.81540829999999], [4.4663107, 43.81537959999999], [4.4661526, 43.81539620000001], [4.4661445, 43.8153781], [4.4661166, 43.8153821], [4.4660774, 43.8152406], [4.4662657, 43.815210800000024], [4.466297099999999, 43.815191799999994], [4.466316099999999, 43.815162600000015], [4.4661542999999995, 43.814802], [4.466120100000001, 43.814773900000006], [4.466057800000001, 43.81476669999999], [4.4656745, 43.81483029999998], [4.465600199999999, 43.814810999999985], [4.465633799999999, 43.814798799999984], [4.465649099999999, 43.814773699999996], [4.4656107, 43.81462630000002], [4.4655924, 43.81459429999999], [4.4655733, 43.814580400000004], [4.4655339, 43.81457639999998], [4.4653348, 43.81460679999999], [4.465004300000001, 43.81463759999998], [4.4640568, 43.81482160000001], [4.4640153, 43.8148419], [4.464000499999999, 43.81486379999999], [4.4639997, 43.81490359999998], [4.464012899999999, 43.814928399999985], [4.463843200000001, 43.8147929], [4.464994699999999, 43.8145787], [4.4649934, 43.814563699999994], [4.465305200000001, 43.8145403], [4.465831599999999, 43.814452499999994], [4.465869400000001, 43.81443300000001], [4.465891599999999, 43.8144048], [4.465966500000001, 43.814427500000015], [4.4660644000000005, 43.8146874], [4.4661001, 43.814723099999995], [4.466128600000001, 43.8147389], [4.4661827, 43.81474910000001], [4.4661732, 43.81478919999999], [4.4663512, 43.81519930000001], [4.466451899999999, 43.815369000000004], [4.466522399999999, 43.8154332], [4.4665437, 43.815470199999986], [4.4668081, 43.8163603], [4.466814799999999, 43.81637029999999], [4.466867699999999, 43.81639320000001]]]}}, {"type": "Feature", "properties": {"id": "30155000BE0054", "section": "BE", "numero": "54", "contenance": 9990, "nature": "S", "natures": "S"}, "geometry": {"type": "Polygon", "coordinates": [[[4.4734407, 43.8144199], [4.4707087, 43.814381999999995], [4.4712455, 43.81391369999999], [4.4734587999999995, 43.813952300000004], [4.4734407, 43.8144199]]]}}, {"type": "Feature", "properties": {"id": "30155000BE0174", "section": "BE", "numero": "174", "contenance": 1055, "nature": "T", "natures": "T"}, "geometry": {"type": "Polygon", "coordinates": [[[4.465008300000001, 43.808310700000014], [4.464279100000001, 43.80835139999999], [4.4643119, 43.808178500000004], [4.4649713, 43.80814039999999], [4.465008300000001, 43.808310700000014]]]}}, {"type": "Feature", "properties": {"id": "30155000BE0175", "section": "BE", "numero": "175", "contenance": 984, "nature": "T", "natures": "T"}, "geometry": {"type": "Polygon", "coordinates": [[[4.4649713, 43.80814039999999], [4.4643119, 43.808178500000004], [4.4643787, 43.80797960000001], [4.464932600000001, 43.80796690000001], [4.4649713, 43.80814039999999]]]}}, {"type": "Feature", "properties": {"id": "30155000BE0176", "section": "BE", "numero": "176", "contenance": 1585, "nature": "T", "natures": "T"}, "geometry": {"type": "Polygon", "coordinates": [[[4.464932600000001, 43.80796690000001], [4.4643787, 43.80797960000001], [4.4645194, 43.80757149999999], [4.464838299999999, 43.807550700000014], [4.464932600000001, 43.80796690000001]]]}}, {"type": "Feature", "properties": {"id": "30155000BE0370", "section": "BE", "numero": "370", "contenance": 111, "nature": "T", "natures": "T"}, "geometry": {"type": "Polygon", "coordinates": [[[4.467976899999999, 43.80711209999999], [4.4679267, 43.80751509999999], [4.467855600000001, 43.80800660000001], [4.4679133, 43.807469200000014], [4.467976899999999, 43.80711209999999]]]}}, {"type": "Feature", "properties": {"id": "30155000BE0071", "section": "BE", "numero": "71", "contenance": 5950, "nature": "L", "natures": "L"}, "geometry": {"type": "Polygon", "coordinates": [[[4.4739839, 43.81005320000001], [4.473437, 43.810010300000016], [4.473471400000001, 43.809431300000014], [4.473476, 43.80879859999999], [4.4740313, 43.80884790000001], [4.474004, 43.809701000000004], [4.4739839, 43.81005320000001]]]}}, {"type": "Feature", "properties": {"id": "30155000BE0077", "section": "BE", "numero": "77", "contenance": 2409, "nature": "AG", "natures": "AG"}, "geometry": {"type": "Polygon", "coordinates": [[[4.4733868, 43.80788239999999], [4.474150399999999, 43.80804710000001], [4.474100999999999, 43.80836330000002], [4.4733148, 43.8082438], [4.4733868, 43.80788239999999]]]}}, {"type": "Feature", "properties": {"id": "30155000BE0076", "section": "BE", "numero": "76", "contenance": 3654, "nature": "AG", "natures": "AG"}, "geometry": {"type": "Polygon", "coordinates": [[[4.4740237, 43.808847099999994], [4.473476, 43.80879859999999], [4.473479500000001, 43.80876130000001], [4.4732189, 43.80873320000001], [4.4733148, 43.8082438], [4.474100999999999, 43.80836330000002], [4.4740237, 43.808847099999994]]]}}, {"type": "Feature", "properties": {"id": "30155000BE0173", "section": "BE", "numero": "173", "contenance": 1043, "nature": "L", "natures": "L"}, "geometry": {"type": "Polygon", "coordinates": [[[4.464252300000001, 43.80851000000001], [4.464279100000001, 43.80835139999999], [4.465008300000001, 43.808310700000014], [4.4650414, 43.80846830000002], [4.464252300000001, 43.80851000000001]]]}}, {"type": "Feature", "properties": {"id": "30155000BE0073", "section": "BE", "numero": "73", "contenance": 3020, "nature": "T", "natures": "T"}, "geometry": {"type": "Polygon", "coordinates": [[[4.474004, 43.809701000000004], [4.4740263, 43.809110499999996], [4.474691, 43.80917339999999], [4.4746156, 43.80936919999999], [4.4745005, 43.80974859999999], [4.474004, 43.809701000000004]]]}}, {"type": "Feature", "properties": {"id": "30155000BE0601", "section": "BE", "numero": "601", "contenance": 2916, "nature": "L", "natures": "L"}, "geometry": {"type": "Polygon", "coordinates": [[[4.461593499999999, 43.8124929], [4.4629399, 43.81212579999999], [4.463236000000001, 43.8127057], [4.4631138, 43.8127392], [4.463066099999999, 43.8127189], [4.4627409, 43.812408899999994], [4.462718799999999, 43.8123947], [4.4626192, 43.812373799999996], [4.4625195, 43.812377100000006], [4.4616948, 43.812604600000014], [4.461593499999999, 43.8124929]]]}}, {"type": "Feature", "properties": {"id": "30155000BE0859", "section": "BE", "numero": "859", "contenance": 44, "nature": "L", "natures": "L"}, "geometry": {"type": "Polygon", "coordinates": [[[4.4616948, 43.812604600000014], [4.461701399999999, 43.812600800000006], [4.461908800000001, 43.812781700000016], [4.4618845, 43.812788700000006], [4.4618541, 43.8127646], [4.4616948, 43.812604600000014]]]}}, {"type": "Feature", "properties": {"id": "30155000BE0857", "section": "BE", "numero": "857", "contenance": 81, "nature": "T", "natures": "T"}, "geometry": {"type": "Polygon", "coordinates": [[[4.4621645999999995, 43.8130104], [4.4621327, 43.81301760000001], [4.4618845, 43.812788700000006], [4.461908800000001, 43.812781700000016], [4.4621645999999995, 43.8130104]]]}}, {"type": "Feature", "properties": {"id": "30155000BE0608", "section": "BE", "numero": "608", "contenance": 774, "nature": "L", "natures": "L"}, "geometry": {"type": "Polygon", "coordinates": [[[4.463814, 43.812581499999986], [4.4644224, 43.81244350000001], [4.464475899999999, 43.81256390000001], [4.463862999999999, 43.81269890000002], [4.463814, 43.812581499999986]]]}}, {"type": "Feature", "properties": {"id": "30155000BE0594", "section": "BE", "numero": "594", "contenance": 583, "nature": "L", "natures": "L"}, "geometry": {"type": "Polygon", "coordinates": [[[4.463341500000001, 43.81268529999999], [4.463814, 43.812581499999986], [4.463862999999999, 43.81269890000002], [4.4635858, 43.81276420000002], [4.4633876, 43.81279640000002], [4.463341500000001, 43.81268529999999]]]}}, {"type": "Feature", "properties": {"id": "30155000BE0598", "section": "BE", "numero": "598", "contenance": 48, "nature": "L", "natures": "L"}, "geometry": {"type": "Polygon", "coordinates": [[[4.463236000000001, 43.8127057], [4.463193500000001, 43.81261800000001], [4.4633166, 43.81265339999999], [4.4634265, 43.812665899999985], [4.463236000000001, 43.8127057]]]}}, {"type": "Feature", "properties": {"id": "30155000BE0614", "section": "BE", "numero": "614", "contenance": 158, "nature": "L", "natures": "L"}, "geometry": {"type": "Polygon", "coordinates": [[[4.4631138, 43.8127392], [4.463341500000001, 43.81268529999999], [4.4633876, 43.81279640000002], [4.4633072, 43.812795499999986], [4.463216999999999, 43.8127849], [4.4631459, 43.8127628], [4.4631138, 43.8127392]]]}}, {"type": "Feature", "properties": {"id": "30155000BE0612", "section": "BE", "numero": "612", "contenance": 673, "nature": "L", "natures": "L"}, "geometry": {"type": "Polygon", "coordinates": [[[4.465308499999999, 43.81223330000001], [4.4653994, 43.81241240000003], [4.465049200000001, 43.812439], [4.464908699999999, 43.8124662], [4.464857499999999, 43.81234150000001], [4.465308499999999, 43.81223330000001]]]}}, {"type": "Feature", "properties": {"id": "30155000BE0610", "section": "BE", "numero": "610", "contenance": 554, "nature": "L", "natures": "L"}, "geometry": {"type": "Polygon", "coordinates": [[[4.4644224, 43.81244350000001], [4.464857499999999, 43.81234150000001], [4.464908699999999, 43.8124662], [4.464475899999999, 43.81256390000001], [4.4644224, 43.81244350000001]]]}}, {"type": "Feature", "properties": {"id": "30155000BE0591", "section": "BE", "numero": "591", "contenance": 1144, "nature": "L", "natures": "L"}, "geometry": {"type": "Polygon", "coordinates": [[[4.469132400000001, 43.81160229999999], [4.468137400000001, 43.81176889999999], [4.468093199999999, 43.811647699999995], [4.4689467, 43.811506999999985], [4.4690435, 43.8115083], [4.4691047, 43.811522900000014], [4.469132400000001, 43.81160229999999]]]}}, {"type": "Feature", "properties": {"id": "30155000BE0627", "section": "BE", "numero": "627", "contenance": 1130, "nature": "L", "natures": "L"}, "geometry": {"type": "Polygon", "coordinates": [[[4.467027999999999, 43.81195470000001], [4.4675941, 43.81183769999999], [4.4677941, 43.811738600000005], [4.4680252, 43.8116663], [4.4680904, 43.811836400000004], [4.467072199999999, 43.81204840000001], [4.467027999999999, 43.81195470000001]]]}}, {"type": "Feature", "properties": {"id": "30155000BE0604", "section": "BE", "numero": "604", "contenance": 957, "nature": "L", "natures": "L"}, "geometry": {"type": "Polygon", "coordinates": [[[4.467027999999999, 43.81195470000001], [4.467072199999999, 43.81204840000001], [4.466018, 43.81226449999999], [4.4659715, 43.81216980000001], [4.467027999999999, 43.81195470000001]]]}}, {"type": "Feature", "properties": {"id": "30155000BE0634", "section": "BE", "numero": "634", "contenance": 289, "nature": "L", "natures": "L"}, "geometry": {"type": "Polygon", "coordinates": [[[4.4659715, 43.81216980000001], [4.466018, 43.81226449999999], [4.465699299999999, 43.81233099999999], [4.465653100000001, 43.8122324], [4.4659715, 43.81216980000001]]]}}, {"type": "Feature", "properties": {"id": "30155000BE0606", "section": "BE", "numero": "606", "contenance": 280, "nature": "L", "natures": "L"}, "geometry": {"type": "Polygon", "coordinates": [[[4.465653100000001, 43.8122324], [4.465699299999999, 43.81233099999999], [4.465393100000001, 43.8123955], [4.465344199999999, 43.812296999999994], [4.465653100000001, 43.8122324]]]}}, {"type": "Feature", "properties": {"id": "30155000BE0957", "section": "BE", "numero": "957", "contenance": 1465, "nature": "L", "natures": "L"}, "geometry": {"type": "Polygon", "coordinates": [[[4.4708046999999995, 43.81306549999999], [4.470820299999999, 43.8130597], [4.4709596, 43.8127821], [4.470887699999999, 43.81266839999997], [4.4708591, 43.81267749999999], [4.470843799999999, 43.812653000000005], [4.470872000000001, 43.8126437], [4.4707958, 43.812523200000015], [4.470726700000001, 43.81246839999999], [4.470683299999999, 43.81239779999999], [4.470818100000001, 43.8123523], [4.4709381, 43.81253999999999], [4.470896799999999, 43.81255370000001], [4.4710551, 43.8128031], [4.470943100000001, 43.8130263], [4.4709936, 43.8131048], [4.4709743, 43.81313550000001], [4.470979399999999, 43.813173600000006], [4.4712755, 43.8136503], [4.471312099999999, 43.8136764], [4.471349300000001, 43.81368430000001], [4.4713878000000005, 43.81368069999999], [4.4714273, 43.813661200000006], [4.471259899999999, 43.813800699999994], [4.4708046999999995, 43.81306549999999]]]}}, {"type": "Feature", "properties": {"id": "30155000BE0730", "section": "BE", "numero": "730", "contenance": 452, "nature": "L", "natures": "L"}, "geometry": {"type": "Polygon", "coordinates": [[[4.469172500000001, 43.81175979999998], [4.4691047, 43.811522900000014], [4.4691689000000006, 43.8115432], [4.469264, 43.811607399999986], [4.4693022, 43.8116395], [4.469380500000001, 43.8117333], [4.4694387, 43.81195770000001], [4.469172500000001, 43.81175979999998]]]}}, {"type": "Feature", "properties": {"id": "30155000BE0729", "section": "BE", "numero": "729", "contenance": 304, "nature": "L", "natures": "L"}, "geometry": {"type": "Polygon", "coordinates": [[[4.4692651, 43.812114599999994], [4.468359600000001, 43.81227510000001], [4.4683444, 43.812237800000005], [4.469256699999999, 43.81208320000001], [4.4692651, 43.812114599999994]]]}}, {"type": "Feature", "properties": {"id": "30155000BE0732", "section": "BE", "numero": "732", "contenance": 67, "nature": "L", "natures": "L"}, "geometry": {"type": "Polygon", "coordinates": [[[4.469469, 43.8120815], [4.4692651, 43.812114599999994], [4.469256699999999, 43.81208320000001], [4.4694612, 43.8120499], [4.469469, 43.8120815]]]}}, {"type": "Feature", "properties": {"id": "30155000BE0673", "section": "BE", "numero": "673", "contenance": 854, "nature": "L", "natures": "L"}, "geometry": {"type": "Polygon", "coordinates": [[[4.4710614, 43.812177500000004], [4.4703123, 43.8122884], [4.470243900000001, 43.81217279999999], [4.470998599999999, 43.812060499999994], [4.4710614, 43.812177500000004]]]}}, {"type": "Feature", "properties": {"id": "30155000BE0503", "section": "BE", "numero": "503", "contenance": 817, "nature": "L", "natures": "L"}, "geometry": {"type": "Polygon", "coordinates": [[[4.4710614, 43.812177500000004], [4.470998599999999, 43.812060499999994], [4.471681800000001, 43.811945700000024], [4.471742699999999, 43.81206009999998], [4.4710614, 43.812177500000004]]]}}, {"type": "Feature", "properties": {"id": "30155000BE0596", "section": "BE", "numero": "596", "contenance": 577, "nature": "L", "natures": "L"}, "geometry": {"type": "Polygon", "coordinates": [[[4.4698049, 43.8121965], [4.469431499999999, 43.8119244], [4.469380500000001, 43.8117333], [4.469405999999999, 43.81172719999999], [4.4697568, 43.811987], [4.4698049, 43.8121965]]]}}, {"type": "Feature", "properties": {"id": "30155000BE0625", "section": "BE", "numero": "625", "contenance": 3, "nature": "S", "natures": "S"}, "geometry": {"type": "Polygon", "coordinates": [[[4.469405999999999, 43.81172719999999], [4.469380500000001, 43.8117333], [4.4693742, 43.811706000000015], [4.469405999999999, 43.81172719999999]]]}}, {"type": "Feature", "properties": {"id": "30155000BE0602", "section": "BE", "numero": "602", "contenance": 72, "nature": "S", "natures": "S"}, "geometry": {"type": "Polygon", "coordinates": [[[4.4691589, 43.81170020000002], [4.4690758, 43.811647699999995], [4.4689825, 43.81162749999999], [4.469132400000001, 43.81160229999999], [4.4691589, 43.81170020000002]]]}}, {"type": "Feature", "properties": {"id": "30155000BE0623", "section": "BE", "numero": "623", "contenance": 1303, "nature": "L", "natures": "L"}, "geometry": {"type": "Polygon", "coordinates": [[[4.471742699999999, 43.81206009999998], [4.471681800000001, 43.811945700000024], [4.4716986, 43.8119412], [4.471820900000001, 43.81193090000001], [4.471915399999999, 43.81193880000001], [4.4721157, 43.811977899999995], [4.472164600000001, 43.811995100000004], [4.4722466999999995, 43.81203709999999], [4.4725957, 43.812297900000004], [4.472703, 43.8123508], [4.472739799999999, 43.8124829], [4.472527100000001, 43.81241810000001], [4.472217599999999, 43.812188800000015], [4.472083700000001, 43.8121073], [4.471976499999999, 43.81207150000001], [4.4719063, 43.8120571], [4.4718018, 43.8120517], [4.471742699999999, 43.81206009999998]]]}}, {"type": "Feature", "properties": {"id": "30155000BE0996", "section": "BE", "numero": "996", "contenance": 625, "nature": "L", "natures": "L"}, "geometry": {"type": "Polygon", "coordinates": [[[4.469761700000001, 43.81200880000001], [4.469889500000001, 43.8120897], [4.469994700000001, 43.81213549999997], [4.4701108, 43.812164400000015], [4.470243900000001, 43.81217279999999], [4.4703123, 43.8122884], [4.4701642, 43.812297299999976], [4.470062, 43.81228800000001], [4.4699596, 43.812263], [4.4698582, 43.8122277], [4.4698049, 43.8121965], [4.469761700000001, 43.81200880000001]]]}}, {"type": "Feature", "properties": {"id": "30155000BE0994", "section": "BE", "numero": "994", "contenance": 97, "nature": "L", "natures": "L"}, "geometry": {"type": "Polygon", "coordinates": [[[4.470058399999999, 43.8119477], [4.470054199999999, 43.811983599999984], [4.4697731, 43.81201739999998], [4.469761700000001, 43.81200880000001], [4.4697568, 43.811987], [4.470058399999999, 43.8119477]]]}}, {"type": "Feature", "properties": {"id": "30155000BE0618", "section": "BE", "numero": "618", "contenance": 604, "nature": "L", "natures": "L"}, "geometry": {"type": "Polygon", "coordinates": [[[4.472780099999999, 43.812627199999994], [4.472716, 43.8124022], [4.4728483, 43.81240349999999], [4.4730281, 43.8123686], [4.4731513, 43.81232580000001], [4.4731637, 43.81236259999999], [4.472780099999999, 43.812627199999994]]]}}, {"type": "Feature", "properties": {"id": "30155000BE0332", "section": "BE", "numero": "332", "contenance": 90, "nature": "S", "natures": "S"}, "geometry": {"type": "Polygon", "coordinates": [[[4.463803, 43.81480130000001], [4.463843200000001, 43.8147929], [4.4642215, 43.8150934], [4.4641884, 43.8151002], [4.4641165, 43.8150364], [4.463803, 43.81480130000001]]]}}, {"type": "Feature", "properties": {"id": "30155000BE0335", "section": "BE", "numero": "335", "contenance": 163, "nature": "S", "natures": "S"}, "geometry": {"type": "Polygon", "coordinates": [[[4.467097400000001, 43.8163584], [4.467107499999999, 43.8164003], [4.4667015, 43.81646490000001], [4.4666471, 43.8164635], [4.4666233, 43.816456200000005], [4.4664159, 43.81638469999999], [4.466414499999999, 43.81636929999999], [4.4666511, 43.8164277], [4.467097400000001, 43.8163584]]]}}, {"type": "Feature", "properties": {"id": "30155000BE0334", "section": "BE", "numero": "334", "contenance": 6, "nature": "S", "natures": "S"}, "geometry": {"type": "Polygon", "coordinates": [[[4.4661166, 43.8153821], [4.4661445, 43.8153781], [4.4661526, 43.81539620000001], [4.4661233000000005, 43.81540149999999], [4.4661166, 43.8153821]]]}}, {"type": "Feature", "properties": {"id": "30155000BH0370", "section": "BH", "numero": "370", "contenance": 2936, "nature": "L", "natures": "L"}, "geometry": {"type": "Polygon", "coordinates": [[[4.461829100000001, 43.818329], [4.462600200000001, 43.8201717], [4.4624449, 43.820217199999995], [4.4616931, 43.81841690000001], [4.461829100000001, 43.818329]]]}}, {"type": "Feature", "properties": {"id": "30155000BH0772", "section": "BH", "numero": "772", "contenance": 731, "nature": "L", "natures": "L"}, "geometry": {"type": "Polygon", "coordinates": [[[4.4619325000000005, 43.818575900000006], [4.4619853, 43.81856560000001], [4.4623829, 43.8195067], [4.462652699999999, 43.820156900000015], [4.462600200000001, 43.8201717], [4.4619325000000005, 43.818575900000006]]]}}, {"type": "Feature", "properties": {"id": "30155000BH0071", "section": "BH", "numero": "71", "contenance": 798, "nature": "T", "natures": "T"}, "geometry": {"type": "Polygon", "coordinates": [[[4.4577011, 43.809014], [4.457552999999999, 43.80901899999999], [4.4570909, 43.809057799999984], [4.457071899999999, 43.80891990000001], [4.4577127999999995, 43.8088579], [4.4577011, 43.809014]]]}}, {"type": "Feature", "properties": {"id": "30155000BH0362", "section": "BH", "numero": "362", "contenance": 1647, "nature": "L", "natures": "L"}, "geometry": {"type": "Polygon", "coordinates": [[[4.4606296, 43.81299350000001], [4.4607977, 43.813027500000004], [4.4604249, 43.81404520000002], [4.460251599999999, 43.81399739999999], [4.4606296, 43.81299350000001]]]}}, {"type": "Feature", "properties": {"id": "30155000BH0380", "section": "BH", "numero": "380", "contenance": 558, "nature": "L", "natures": "L"}, "geometry": {"type": "Polygon", "coordinates": [[[4.4609917, 43.81259340000001], [4.4613159, 43.8127397], [4.4609323, 43.8128886], [4.4608741, 43.812924699999996], [4.460837100000001, 43.8129642], [4.4607977, 43.813027500000004], [4.4609917, 43.81259340000001]]]}}, {"type": "Feature", "properties": {"id": "30155000BH0364", "section": "BH", "numero": "364", "contenance": 314, "nature": "L", "natures": "L"}, "geometry": {"type": "Polygon", "coordinates": [[[4.461489300000001, 43.812493700000005], [4.461613799999999, 43.81262450000002], [4.4613159, 43.8127397], [4.461258100000001, 43.812713200000005], [4.461489300000001, 43.812493700000005]]]}}, {"type": "Feature", "properties": {"id": "30155000BH0351", "section": "BH", "numero": "351", "contenance": 341, "nature": "L", "natures": "L"}, "geometry": {"type": "Polygon", "coordinates": [[[4.460927, 43.81274000000001], [4.4607977, 43.813027500000004], [4.4606296, 43.81299350000001], [4.4606751, 43.812905599999986], [4.4607516, 43.81282410000001], [4.460927, 43.81274000000001]]]}}, {"type": "Feature", "properties": {"id": "30155000BH0352", "section": "BH", "numero": "352", "contenance": 135, "nature": "L", "natures": "L"}, "geometry": {"type": "Polygon", "coordinates": [[[4.461431300000001, 43.81254880000001], [4.461258100000001, 43.812713200000005], [4.461143799999999, 43.81266029999998], [4.461431300000001, 43.81254880000001]]]}}, {"type": "Feature", "properties": {"id": "30155000BH0241", "section": "BH", "numero": "241", "contenance": 240, "nature": "L", "natures": "L"}, "geometry": {"type": "Polygon", "coordinates": [[[4.456637200000001, 43.814999], [4.456645499999999, 43.8149388], [4.456723099999999, 43.8149382], [4.457255899999999, 43.81486470000001], [4.457270100000001, 43.8149126], [4.456637200000001, 43.814999]]]}}, {"type": "Feature", "properties": {"id": "30155000BH0242", "section": "BH", "numero": "242", "contenance": 151, "nature": "L", "natures": "L"}, "geometry": {"type": "Polygon", "coordinates": [[[4.457270100000001, 43.8149126], [4.457255899999999, 43.81486470000001], [4.4576411, 43.81481110000001], [4.4576578, 43.8148598], [4.457270100000001, 43.8149126]]]}}, {"type": "Feature", "properties": {"id": "30155000BH0567", "section": "BH", "numero": "567", "contenance": 225, "nature": "T", "natures": "T"}, "geometry": {"type": "Polygon", "coordinates": [[[4.4601171, 43.8141976], [4.4601386, 43.8141745], [4.460144499999999, 43.81412520000001], [4.4601305, 43.814095800000004], [4.460053099999999, 43.81400729999999], [4.4602281, 43.81405259999999], [4.4601842, 43.8142023], [4.4601517, 43.81438109999999], [4.4600993, 43.8143674], [4.4601171, 43.8141976]]]}}, {"type": "Feature", "properties": {"id": "30155000BH0367", "section": "BH", "numero": "367", "contenance": 547, "nature": "L", "natures": "L"}, "geometry": {"type": "Polygon", "coordinates": [[[4.4602281, 43.81405259999999], [4.460404799999999, 43.8140979], [4.460346299999999, 43.814276], [4.4603333, 43.8143575], [4.4603348, 43.81442930000001], [4.4601517, 43.81438109999999], [4.4601842, 43.8142023], [4.4602281, 43.81405259999999]]]}}, {"type": "Feature", "properties": {"id": "30155000BH0800", "section": "BH", "numero": "800", "contenance": 1317, "nature": "L", "natures": "L"}, "geometry": {"type": "Polygon", "coordinates": [[[4.4602608, 43.8156251], [4.4602303, 43.81507369999999], [4.460147300000001, 43.81453499999999], [4.4603309, 43.814501400000005], [4.460388, 43.814839600000006], [4.4604344, 43.814824099999996], [4.4604004999999995, 43.81506], [4.4602608, 43.8156251]]]}}, {"type": "Feature", "properties": {"id": "30155000BH0814", "section": "BH", "numero": "814", "contenance": 218, "nature": "L", "natures": "L"}, "geometry": {"type": "Polygon", "coordinates": [[[4.4600993, 43.8143674], [4.4603348, 43.81442930000001], [4.4603429, 43.814473000000014], [4.4602029, 43.8144994], [4.4600061, 43.814522800000006], [4.4600891, 43.814465699999985], [4.4600993, 43.8143674]]]}}, {"type": "Feature", "properties": {"id": "30155000BH0666", "section": "BH", "numero": "666", "contenance": 157, "nature": "L", "natures": "L"}, "geometry": {"type": "Polygon", "coordinates": [[[4.4622855, 43.813253899999985], [4.462297000000001, 43.8132127], [4.4625479, 43.81343960000001], [4.4626786, 43.81357409999999], [4.4626707, 43.813598099999986], [4.4622855, 43.813253899999985]]]}}, {"type": "Feature", "properties": {"id": "30155000BH0360", "section": "BH", "numero": "360", "contenance": 1216, "nature": "L", "natures": "L"}, "geometry": {"type": "Polygon", "coordinates": [[[4.4614339, 43.81690619999998], [4.4614120999999995, 43.816870599999994], [4.461351700000001, 43.81683090000001], [4.461108900000001, 43.81674990000001], [4.461010100000001, 43.8166795], [4.4609403, 43.81661580000001], [4.4609011, 43.8165589], [4.460861899999999, 43.816179], [4.4610401, 43.8161931], [4.461086199999999, 43.8165416], [4.46119, 43.8166233], [4.4614278999999994, 43.8167269], [4.4614339, 43.81690619999998]]]}}, {"type": "Feature", "properties": {"id": "30155000BH0357", "section": "BH", "numero": "357", "contenance": 2075, "nature": "L", "natures": "L"}, "geometry": {"type": "Polygon", "coordinates": [[[4.4618993, 43.818249699999996], [4.461718199999999, 43.8179156], [4.4614339, 43.81690619999998], [4.4615954, 43.81686830000002], [4.4618827, 43.81787610000001], [4.4620293, 43.818165099999995], [4.4618993, 43.818249699999996]]]}}, {"type": "Feature", "properties": {"id": "30155000BH0677", "section": "BH", "numero": "677", "contenance": 4817, "nature": "S", "natures": "S"}, "geometry": {"type": "Polygon", "coordinates": [[[4.465344599999999, 43.81784530000001], [4.4660206, 43.81913169999999], [4.4656723, 43.81925420000001], [4.464962000000001, 43.81788079999999], [4.465344599999999, 43.81784530000001]]]}}, {"type": "Feature", "properties": {"id": "30155000BH0832", "section": "BH", "numero": "832", "contenance": 251, "nature": "L", "natures": "L"}, "geometry": {"type": "Polygon", "coordinates": [[[4.4619325000000005, 43.818575900000006], [4.461921499999999, 43.8185132], [4.4619304, 43.8184743], [4.462030000000001, 43.81836029999998], [4.4620519000000005, 43.81830630000001], [4.4620556, 43.8182594], [4.4620432, 43.818189100000005], [4.4627398, 43.81774589999998], [4.462741799999999, 43.817752100000014], [4.4624999, 43.817899499999996], [4.462090199999999, 43.8181691], [4.462108099999999, 43.81825289999999], [4.4621051, 43.818307299999994], [4.462068600000001, 43.81837159999999], [4.461983999999999, 43.81847450000001], [4.461979900000001, 43.81856670000001], [4.4619325000000005, 43.818575900000006]]]}}, {"type": "Feature", "properties": {"id": "30155000BH0353", "section": "BH", "numero": "353", "contenance": 171, "nature": "L", "natures": "L"}, "geometry": {"type": "Polygon", "coordinates": [[[4.4614339, 43.81690619999998], [4.4614278999999994, 43.8167269], [4.461512899999999, 43.81676819999997], [4.4615547, 43.81680800000002], [4.4615954, 43.81686830000002], [4.4614339, 43.81690619999998]]]}}, {"type": "Feature", "properties": {"id": "30155000BH0625", "section": "BH", "numero": "625", "contenance": 74, "nature": "L", "natures": "L"}, "geometry": {"type": "Polygon", "coordinates": [[[4.4628778, 43.81629279999999], [4.4628561, 43.81632079999999], [4.462524499999999, 43.8162995], [4.462545199999999, 43.81627589999998], [4.4627314, 43.8162976], [4.4628778, 43.81629279999999]]]}}, {"type": "Feature", "properties": {"id": "30155000BH0623", "section": "BH", "numero": "623", "contenance": 67, "nature": "L", "natures": "L"}, "geometry": {"type": "Polygon", "coordinates": [[[4.4622660000000005, 43.816232500000005], [4.462408599999999, 43.8162522], [4.462545199999999, 43.81627589999998], [4.462524499999999, 43.8162995], [4.4622554, 43.81627579999999], [4.4622660000000005, 43.816232500000005]]]}}, {"type": "Feature", "properties": {"id": "30155000BH0789", "section": "BH", "numero": "789", "contenance": 72, "nature": "T", "natures": "T"}, "geometry": {"type": "Polygon", "coordinates": [[[4.4639788, 43.817117599999996], [4.463824999999999, 43.8171753], [4.4636589, 43.81724619999998], [4.463646499999999, 43.817222499999986], [4.463974899999999, 43.81710159999999], [4.4639788, 43.817117599999996]]]}}, {"type": "Feature", "properties": {"id": "30155000BH0188", "section": "BH", "numero": "188", "contenance": 6351, "nature": "S", "natures": "S"}, "geometry": {"type": "Polygon", "coordinates": [[[4.465344599999999, 43.81784530000001], [4.4659037, 43.81778290000001], [4.466509300000001, 43.8189706], [4.4660044, 43.8190983], [4.465344599999999, 43.81784530000001]]]}}, {"type": "Feature", "properties": {"id": "30155000BH0785", "section": "BH", "numero": "785", "contenance": 78, "nature": "T", "natures": "T"}, "geometry": {"type": "Polygon", "coordinates": [[[4.4651747, 43.81676409999999], [4.4656448, 43.81663289999998], [4.4656548, 43.81665749999999], [4.4651771, 43.81677550000001], [4.4651747, 43.81676409999999]]]}}, {"type": "Feature", "properties": {"id": "30155000BH0786", "section": "BH", "numero": "786", "contenance": 69, "nature": "T", "natures": "T"}, "geometry": {"type": "Polygon", "coordinates": [[[4.4650942, 43.81636580000001], [4.4650905, 43.816347300000004], [4.4655231, 43.816339400000004], [4.465530800000001, 43.816358], [4.4650942, 43.81636580000001]]]}}, {"type": "Feature", "properties": {"id": "30155000BH0787", "section": "BH", "numero": "787", "contenance": 47, "nature": "T", "natures": "T"}, "geometry": {"type": "Polygon", "coordinates": [[[4.465530800000001, 43.816358], [4.4655231, 43.816339400000004], [4.4658298, 43.8163355], [4.465831399999999, 43.816352599999995], [4.465530800000001, 43.816358]]]}}, {"type": "Feature", "properties": {"id": "30155000BH0784", "section": "BH", "numero": "784", "contenance": 61, "nature": "T", "natures": "T"}, "geometry": {"type": "Polygon", "coordinates": [[[4.4656548, 43.81665749999999], [4.4656448, 43.81663289999998], [4.4658536, 43.81657460000001], [4.4658576000000005, 43.81661400000001], [4.4656548, 43.81665749999999]]]}}, {"type": "Feature", "properties": {"id": "30155000BH0590", "section": "BH", "numero": "590", "contenance": 5767, "nature": "T", "natures": "T"}, "geometry": {"type": "Polygon", "coordinates": [[[4.4580359, 43.819352200000004], [4.4581861, 43.8203118], [4.457796899999999, 43.82052850000001], [4.4577469, 43.82057269999999], [4.457693299999999, 43.820665], [4.4576774, 43.820715700000015], [4.457682699999999, 43.8207969], [4.457639699999999, 43.8208304], [4.4574883, 43.8194191], [4.4580359, 43.819352200000004]]]}}, {"type": "Feature", "properties": {"id": "30155000BH0885", "section": "BH", "numero": "885", "contenance": 2061, "nature": "L", "natures": "L"}, "geometry": {"type": "Polygon", "coordinates": [[[4.457796899999999, 43.82052850000001], [4.4587736, 43.8199886], [4.4590433, 43.819838199999985], [4.4590718, 43.8199763], [4.458138699999999, 43.82048920000001], [4.4579338, 43.820619799999996], [4.4579779, 43.820730000000005], [4.457682699999999, 43.8207969], [4.4576774, 43.820715700000015], [4.457693299999999, 43.820665], [4.4577469, 43.82057269999999], [4.457796899999999, 43.82052850000001]]]}}, {"type": "Feature", "properties": {"id": "30155000BH1032", "section": "BH", "numero": "1032", "contenance": 4598, "nature": "T", "natures": "T"}, "geometry": {"type": "Polygon", "coordinates": [[[4.459038099999999, 43.81999489999998], [4.459131200000001, 43.82042100000001], [4.4591685000000005, 43.8204194], [4.4592229, 43.82068439999999], [4.4587829, 43.82071510000001], [4.4579779, 43.820730000000005], [4.4579338, 43.820619799999996], [4.458138699999999, 43.82048920000001], [4.459038099999999, 43.81999489999998]]]}}, {"type": "Feature", "properties": {"id": "30155000BH0584", "section": "BH", "numero": "584", "contenance": 4560, "nature": "T", "natures": "T"}, "geometry": {"type": "Polygon", "coordinates": [[[4.4580359, 43.819352200000004], [4.458622700000001, 43.8192847], [4.4587736, 43.8199886], [4.4581861, 43.8203118], [4.4580359, 43.819352200000004]]]}}, {"type": "Feature", "properties": {"id": "30155000BH0889", "section": "BH", "numero": "889", "contenance": 618, "nature": "L", "natures": "L"}, "geometry": {"type": "Polygon", "coordinates": [[[4.4596118, 43.81952789999998], [4.4600502, 43.819279599999994], [4.460357899999999, 43.819246599999985], [4.459914800000001, 43.8195104], [4.4596118, 43.81952789999998]]]}}, {"type": "Feature", "properties": {"id": "30155000BH0887", "section": "BH", "numero": "887", "contenance": 140, "nature": "L", "natures": "L"}, "geometry": {"type": "Polygon", "coordinates": [[[4.459514499999999, 43.819581699999986], [4.4596118, 43.81952789999998], [4.459630200000001, 43.81967200000001], [4.459528, 43.819728099999985], [4.459514499999999, 43.819581699999986]]]}}, {"type": "Feature", "properties": {"id": "30155000BH0977", "section": "BH", "numero": "977", "contenance": 949, "nature": "T", "natures": "T"}, "geometry": {"type": "Polygon", "coordinates": [[[4.4587736, 43.8199886], [4.458622700000001, 43.8192847], [4.4587784, 43.81926609999999], [4.458911600000001, 43.81991220000001], [4.4587736, 43.8199886]]]}}, {"type": "Feature", "properties": {"id": "30155000BH1034", "section": "BH", "numero": "1034", "contenance": 679, "nature": "T", "natures": "T"}, "geometry": {"type": "Polygon", "coordinates": [[[4.458911600000001, 43.81991220000001], [4.4587784, 43.81926609999999], [4.4589263, 43.81924829999999], [4.4589524, 43.8193897], [4.4589155, 43.819393299999994], [4.4590100999999995, 43.81985680000002], [4.458911600000001, 43.81991220000001]]]}}, {"type": "Feature", "properties": {"id": "30155000BH1035", "section": "BH", "numero": "1035", "contenance": 154, "nature": "T", "natures": "T"}, "geometry": {"type": "Polygon", "coordinates": [[[4.4590433, 43.819838199999985], [4.4590100999999995, 43.81985680000002], [4.4589155, 43.819393299999994], [4.4589524, 43.8193897], [4.4590433, 43.819838199999985]]]}}, {"type": "Feature", "properties": {"id": "30155000BH1033", "section": "BH", "numero": "1033", "contenance": 146, "nature": "T", "natures": "T"}, "geometry": {"type": "Polygon", "coordinates": [[[4.4590718, 43.8199763], [4.4590825, 43.82000459999999], [4.4591685000000005, 43.8204194], [4.459131200000001, 43.82042100000001], [4.459038099999999, 43.81999489999998], [4.4590718, 43.8199763]]]}}, {"type": "Feature", "properties": {"id": "30155000BH0831", "section": "BH", "numero": "831", "contenance": 217, "nature": "T", "natures": "T"}, "geometry": {"type": "Polygon", "coordinates": [[[4.4621248, 43.81814389999999], [4.4623161, 43.818018099999996], [4.4623978, 43.8180847], [4.462184999999999, 43.8182228], [4.4621248, 43.81814389999999]]]}}, {"type": "Feature", "properties": {"id": "30155000BH0830", "section": "BH", "numero": "830", "contenance": 318, "nature": "T", "natures": "T"}, "geometry": {"type": "Polygon", "coordinates": [[[4.4623161, 43.818018099999996], [4.4624999, 43.817899499999996], [4.462602100000001, 43.81798299999999], [4.462556199999998, 43.8180126], [4.4625928, 43.8180425], [4.4624549, 43.81813140000001], [4.4623161, 43.818018099999996]]]}}, {"type": "Feature", "properties": {"id": "30155000BH0355", "section": "BH", "numero": "355", "contenance": 381, "nature": "L", "natures": "L"}, "geometry": {"type": "Polygon", "coordinates": [[[4.4619325000000005, 43.818575900000006], [4.461829100000001, 43.818329], [4.4620432, 43.818189100000005], [4.4620556, 43.8182594], [4.4620519000000005, 43.81830630000001], [4.462030000000001, 43.81836029999998], [4.4619304, 43.8184743], [4.461921499999999, 43.8185132], [4.4619325000000005, 43.818575900000006]]]}}, {"type": "Feature", "properties": {"id": "30155000BH0524", "section": "BH", "numero": "524", "contenance": 15, "nature": "T", "natures": "T"}, "geometry": {"type": "Polygon", "coordinates": [[[4.463088199999999, 43.81750790000002], [4.463040799999999, 43.8175298], [4.463025699999999, 43.81750099999999], [4.4630697999999995, 43.81747459999999], [4.463088199999999, 43.81750790000002]]]}}, {"type": "Feature", "properties": {"id": "30155000BH0734", "section": "BH", "numero": "734", "contenance": 25, "nature": "S", "natures": "S"}, "geometry": {"type": "Polygon", "coordinates": [[[4.4635934, 43.81836630000001], [4.463540799999999, 43.8183786], [4.4635234, 43.81833490000001], [4.463578599999999, 43.81832349999999], [4.4635934, 43.81836630000001]]]}}, {"type": "Feature", "properties": {"id": "30155000BH0806", "section": "BH", "numero": "806", "contenance": 11, "nature": "L", "natures": "L"}, "geometry": {"type": "Polygon", "coordinates": [[[4.462497399999999, 43.817821300000006], [4.462533999999999, 43.81779819999998], [4.462548499999999, 43.81782579999999], [4.4625121, 43.817849700000004], [4.462497399999999, 43.817821300000006]]]}}, {"type": "Feature", "properties": {"id": "30155000BH1038", "section": "BH", "numero": "1038", "contenance": 102, "nature": "L", "natures": "L"}, "geometry": {"type": "Polygon", "coordinates": [[[4.4616931, 43.81841690000001], [4.4617004, 43.8184345], [4.4612383, 43.8187368], [4.4612239, 43.8187245], [4.4616931, 43.81841690000001]]]}}, {"type": "Feature", "properties": {"id": "30155000ZB0008", "section": "ZB", "numero": "8", "contenance": 1693, "nature": "VI", "natures": "VI"}, "geometry": {"type": "Polygon", "coordinates": [[[4.5241081, 43.80807409999998], [4.524055199999999, 43.80809299999999], [4.5231934, 43.806814], [4.523135, 43.8067871], [4.522559899999999, 43.80593689999999], [4.5226347, 43.80587670000001], [4.522969400000001, 43.8063862], [4.5241081, 43.80807409999998]]]}}, {"type": "Feature", "properties": {"id": "30211000AB0480", "section": "AB", "numero": "480", "contenance": 132, "nature": "S", "natures": "S"}, "geometry": {"type": "Polygon", "coordinates": [[[4.4944031, 43.8306793], [4.4941354, 43.83062340000001], [4.494163800000001, 43.83056860000001], [4.494386000000001, 43.83061080000001], [4.4944031, 43.8306793]]]}}, {"type": "Feature", "properties": {"id": "30211000AB1047", "section": "AB", "numero": "1047", "contenance": 209, "nature": "S", "natures": "S"}, "geometry": {"type": "Polygon", "coordinates": [[[4.4985325000000005, 43.830480300000005], [4.498322, 43.830501400000024], [4.4983012, 43.830443400000014], [4.498439099999999, 43.83035240000001], [4.4984591, 43.830375700000005], [4.4985113, 43.83034509999999], [4.4985325000000005, 43.830480300000005]]]}}, {"type": "Feature", "properties": {"id": "30211000AB1260", "section": "AB", "numero": "1260", "contenance": 7385, "nature": "AG", "natures": "AG"}, "geometry": {"type": "Polygon", "coordinates": [[[4.493894999999999, 43.83266980000001], [4.4940347, 43.83280010000001], [4.4941518, 43.8329758], [4.4940621, 43.83318930000001], [4.4939926, 43.83319820000001], [4.4940147, 43.833282399999995], [4.4939859, 43.833488899999985], [4.4939687, 43.833545799999996], [4.493909900000001, 43.8336305], [4.493596200000001, 43.83366460000002], [4.4934671, 43.833662799999985], [4.4934661, 43.83364300000001], [4.493323, 43.833650099999986], [4.4932803, 43.833627699999994], [4.493268600000001, 43.8336066], [4.493237100000001, 43.833202], [4.4932109, 43.83316150000001], [4.493166200000001, 43.833130300000015], [4.493061599999999, 43.83310409999999], [4.493022000000001, 43.832736], [4.493894999999999, 43.83266980000001]]]}}, {"type": "Feature", "properties": {"id": "30211000AB0845", "section": "AB", "numero": "845", "contenance": 164, "nature": "S", "natures": "S"}, "geometry": {"type": "Polygon", "coordinates": [[[4.4933757, 43.8321393], [4.4932836, 43.8320116], [4.4931888, 43.831927500000006], [4.4931473, 43.83187840000001], [4.4931985, 43.831862300000004], [4.4934551, 43.832126200000005], [4.4933757, 43.8321393]]]}}, {"type": "Feature", "properties": {"id": "30211000AB1172", "section": "AB", "numero": "1172", "contenance": 331, "nature": "S", "natures": "S"}, "geometry": {"type": "Polygon", "coordinates": [[[4.4940432, 43.8314753], [4.4943994, 43.83132340000001], [4.494425399999999, 43.83127300000002], [4.4944573, 43.83127560000001], [4.4943422, 43.8314882], [4.4940373000000005, 43.831518100000004], [4.4940432, 43.8314753]]]}}, {"type": "Feature", "properties": {"id": "30211000AB0388", "section": "AB", "numero": "388", "contenance": 107, "nature": "S", "natures": "S"}, "geometry": {"type": "Polygon", "coordinates": [[[4.495905799999999, 43.832049899999994], [4.4960314, 43.832059199999996], [4.4960225, 43.83212830000001], [4.4960333, 43.83212929999999], [4.4960302, 43.832155399999984], [4.4958925, 43.83214410000001], [4.495905799999999, 43.832049899999994]]]}}, {"type": "Feature", "properties": {"id": "30211000AB0386", "section": "AB", "numero": "386", "contenance": 545, "nature": "S", "natures": "S"}, "geometry": {"type": "Polygon", "coordinates": [[[4.495731, 43.83170420000001], [4.495871299999999, 43.831700999999995], [4.4962556, 43.831715], [4.4962589, 43.8318177], [4.4957989000000005, 43.83181580000001], [4.4957883, 43.831788100000004], [4.4958063, 43.83178550000001], [4.4957916, 43.83175269999998], [4.4957416, 43.83175250000001], [4.495731, 43.83170420000001]]]}}, {"type": "Feature", "properties": {"id": "30211000AB0387", "section": "AB", "numero": "387", "contenance": 1131, "nature": "S", "natures": "S"}, "geometry": {"type": "Polygon", "coordinates": [[[4.496265800000001, 43.83207679999999], [4.4957405, 43.83203780000001], [4.4957349, 43.83190889999999], [4.495709499999999, 43.8318172], [4.495721, 43.83181520000001], [4.495683099999999, 43.8317063], [4.495731, 43.83170420000001], [4.4957416, 43.83175250000001], [4.4957916, 43.83175269999998], [4.4958063, 43.83178550000001], [4.4957883, 43.831788100000004], [4.4957989000000005, 43.83181580000001], [4.4962589, 43.8318177], [4.496265800000001, 43.83207679999999]]]}}, {"type": "Feature", "properties": {"id": "30211000AB0934", "section": "AB", "numero": "934", "contenance": 29, "nature": "S", "natures": "S"}, "geometry": {"type": "Polygon", "coordinates": [[[4.4959402, 43.83136479999999], [4.495781700000001, 43.831363], [4.495808, 43.83134249999999], [4.4959407, 43.83134419999998], [4.4959402, 43.83136479999999]]]}}, {"type": "Feature", "properties": {"id": "30211000AB0933", "section": "AB", "numero": "933", "contenance": 2, "nature": "S", "natures": "S"}, "geometry": {"type": "Polygon", "coordinates": [[[4.4957048, 43.8314237], [4.495737299999999, 43.831397700000004], [4.4957388, 43.83140870000001], [4.4957048, 43.8314237]]]}}, {"type": "Feature", "properties": {"id": "30211000AB0758", "section": "AB", "numero": "758", "contenance": 29, "nature": "S", "natures": "S"}, "geometry": {"type": "Polygon", "coordinates": [[[4.495730299999999, 43.83129000000001], [4.495656, 43.83134960000001], [4.4956112, 43.83138650000002], [4.495596700000001, 43.831341400000014], [4.495730299999999, 43.83129000000001]]]}}, {"type": "Feature", "properties": {"id": "30211000AB0468", "section": "AB", "numero": "468", "contenance": 17, "nature": "S", "natures": "S"}, "geometry": {"type": "Polygon", "coordinates": [[[4.4962819000000005, 43.8314368], [4.496228299999999, 43.8314414], [4.4962235, 43.831404699999986], [4.4962765000000005, 43.8314005], [4.4962819000000005, 43.8314368]]]}}, {"type": "Feature", "properties": {"id": "30211000AB0389", "section": "AB", "numero": "389", "contenance": 142, "nature": "S", "natures": "S"}, "geometry": {"type": "Polygon", "coordinates": [[[4.4960314, 43.832059199999996], [4.496265800000001, 43.83207679999999], [4.496255199999999, 43.83214650000001], [4.4960225, 43.83212830000001], [4.4960314, 43.832059199999996]]]}}, {"type": "Feature", "properties": {"id": "30211000AB0936", "section": "AB", "numero": "936", "contenance": 16, "nature": "S", "natures": "S"}, "geometry": {"type": "Polygon", "coordinates": [[[4.4959402, 43.83136479999999], [4.4959407, 43.83134419999998], [4.496013199999999, 43.8313461], [4.4960422, 43.831366100000004], [4.4959402, 43.83136479999999]]]}}, {"type": "Feature", "properties": {"id": "30211000AB0626", "section": "AB", "numero": "626", "contenance": 57, "nature": "S", "natures": "S"}, "geometry": {"type": "Polygon", "coordinates": [[[4.4938777000000005, 43.83258239999999], [4.4939644, 43.8326562], [4.4938861, 43.832662299999996], [4.493802499999999, 43.83258779999999], [4.4938777000000005, 43.83258239999999]]]}}, {"type": "Feature", "properties": {"id": "30211000AB0633", "section": "AB", "numero": "633", "contenance": 67, "nature": "S", "natures": "S"}, "geometry": {"type": "Polygon", "coordinates": [[[4.4935607, 43.83235400000001], [4.4936234, 43.83234780000001], [4.493717199999999, 43.8324453], [4.4936533, 43.832450900000005], [4.4935607, 43.83235400000001]]]}}, {"type": "Feature", "properties": {"id": "30211000AB0630", "section": "AB", "numero": "630", "contenance": 73, "nature": "S", "natures": "S"}, "geometry": {"type": "Polygon", "coordinates": [[[4.4937655, 43.83255380000001], [4.493730299999999, 43.8325215], [4.4936533, 43.832450900000005], [4.493717199999999, 43.8324453], [4.4938381, 43.83254860000001], [4.4937655, 43.83255380000001]]]}}, {"type": "Feature", "properties": {"id": "30211000AB0317", "section": "AB", "numero": "317", "contenance": 350, "nature": "S", "natures": "S"}, "geometry": {"type": "Polygon", "coordinates": [[[4.4970946, 43.832202699999996], [4.4968865, 43.832150500000004], [4.496976700000001, 43.83205950000001], [4.4968884, 43.83204520000001], [4.496904200000001, 43.8320012], [4.496910699999999, 43.832002], [4.4969174, 43.831963599999995], [4.4969754, 43.83196499999998], [4.4969749, 43.8320078], [4.497167500000001, 43.83202510000002], [4.4970946, 43.832202699999996]]]}}, {"type": "Feature", "properties": {"id": "30211000AB0117", "section": "AB", "numero": "117", "contenance": 2809, "nature": "S", "natures": "S"}, "geometry": {"type": "Polygon", "coordinates": [[[4.5002114, 43.831757399999994], [4.5002652, 43.83203049999998], [4.4990607, 43.8320312], [4.499062899999999, 43.8317708], [4.5002114, 43.831757399999994]]]}}, {"type": "Feature", "properties": {"id": "30211000AB0248", "section": "AB", "numero": "248", "contenance": 610, "nature": "S", "natures": "S"}, "geometry": {"type": "Polygon", "coordinates": [[[4.4973812, 43.8325225], [4.4973746000000006, 43.832515199999996], [4.4973779, 43.83250690000001], [4.4973991, 43.832480800000006], [4.4973678999999995, 43.832471899999994], [4.497370800000001, 43.832465799999994], [4.497403300000001, 43.83240030000001], [4.497438299999999, 43.8324078], [4.4974539, 43.83237249999999], [4.4976554, 43.83242169999999], [4.497652999999999, 43.8324269], [4.497707899999999, 43.8324416], [4.4977239, 43.83240920000001], [4.497824, 43.832435399999994], [4.4978034, 43.832468199999994], [4.4978226, 43.83248790000001], [4.4978231, 43.832500799999984], [4.497798100000001, 43.832514800000006], [4.497813699999999, 43.8325261], [4.4978201, 43.832547700000006], [4.497808399999999, 43.832563300000004], [4.497772000000001, 43.832570600000004], [4.4977696, 43.832599599999995], [4.497739400000001, 43.83260390000002], [4.4977274, 43.83261400000001], [4.4977192, 43.832606699999985], [4.497572599999999, 43.83257360000001], [4.4975748, 43.83256840000001], [4.4975227, 43.83255449999999], [4.497520099999999, 43.832559], [4.497456199999999, 43.8325374], [4.4974439, 43.8325393], [4.4974466, 43.832534299999985], [4.497391500000001, 43.83251920000001], [4.4973812, 43.8325225]]]}}, {"type": "Feature", "properties": {"id": "30211000AB0243", "section": "AB", "numero": "243", "contenance": 22, "nature": "S", "natures": "S"}, "geometry": {"type": "Polygon", "coordinates": [[[4.498640600000001, 43.832811799999995], [4.4986472, 43.832764700000006], [4.498680800000001, 43.832764099999984], [4.4986812, 43.83277449999999], [4.4987044, 43.8327825], [4.498704399999999, 43.8328048], [4.498691600000001, 43.8328053], [4.4986919, 43.832812399999995], [4.4986704, 43.8328126], [4.498670100000001, 43.8328199], [4.498640600000001, 43.832811799999995]]]}}, {"type": "Feature", "properties": {"id": "30211000AB0242", "section": "AB", "numero": "242", "contenance": 423, "nature": "S", "natures": "L,S"}, "geometry": {"type": "Polygon", "coordinates": [[[4.498784499999999, 43.83281169999999], [4.4986919, 43.832812399999995], [4.498691600000001, 43.8328053], [4.498704399999999, 43.8328048], [4.4987044, 43.8327825], [4.4986812, 43.83277449999999], [4.498680800000001, 43.832764099999984], [4.4986472, 43.832764700000006], [4.498640600000001, 43.832811799999995], [4.4985768, 43.832815700000005], [4.4985759, 43.8327894], [4.4986139000000005, 43.83278599999999], [4.498654999999999, 43.8325076], [4.4988189, 43.832533700000006], [4.498784499999999, 43.83281169999999]]]}}, {"type": "Feature", "properties": {"id": "30211000AB0244", "section": "AB", "numero": "244", "contenance": 1295, "nature": "S", "natures": "S"}, "geometry": {"type": "Polygon", "coordinates": [[[4.4985768, 43.832815700000005], [4.498289500000001, 43.8328124], [4.4981799, 43.83279449999998], [4.498192300000001, 43.832782099999996], [4.498177000000001, 43.8327772], [4.498169099999999, 43.8327956], [4.4981142, 43.8327941], [4.4982522, 43.8324764], [4.4983581, 43.83248819999999], [4.4983672, 43.83247420000001], [4.498654999999999, 43.8325076], [4.4986139000000005, 43.83278599999999], [4.4985759, 43.8327894], [4.4985768, 43.832815700000005]]]}}, {"type": "Feature", "properties": {"id": "30211000AB0875", "section": "AB", "numero": "875", "contenance": 665, "nature": "L", "natures": "L"}, "geometry": {"type": "Polygon", "coordinates": [[[4.501859500000001, 43.83365129999998], [4.5017459, 43.8336556], [4.5015643, 43.8329362], [4.5016671, 43.8329346], [4.501859500000001, 43.83365129999998]]]}}, {"type": "Feature", "properties": {"id": "30211000AB0874", "section": "AB", "numero": "874", "contenance": 546, "nature": "L", "natures": "L"}, "geometry": {"type": "Polygon", "coordinates": [[[4.5014866, 43.8329392], [4.5015643, 43.8329362], [4.5017459, 43.8336556], [4.501661, 43.83366169999999], [4.5014866, 43.8329392]]]}}, {"type": "Feature", "properties": {"id": "30211000AB1123", "section": "AB", "numero": "1123", "contenance": 399, "nature": "S", "natures": "S"}, "geometry": {"type": "Polygon", "coordinates": [[[4.4919762, 43.83368780000001], [4.493101099999999, 43.83364220000001], [4.493117799999999, 43.83363150000002], [4.493123400000001, 43.833685100000004], [4.491978499999999, 43.833719], [4.4919762, 43.83368780000001]]]}}, {"type": "Feature", "properties": {"id": "30211000AB0788", "section": "AB", "numero": "788", "contenance": 1543, "nature": "T", "natures": "T"}, "geometry": {"type": "Polygon", "coordinates": [[[4.499625300000001, 43.8346714], [4.4994609, 43.834032], [4.499455700000001, 43.834010400000004], [4.499551899999999, 43.8340545], [4.4996288, 43.8341173], [4.499761299999999, 43.8342669], [4.499838300000001, 43.834428300000006], [4.4998629, 43.8344562], [4.4999832, 43.8345221], [4.500074199999999, 43.83460949999999], [4.499625300000001, 43.8346714]]]}}, {"type": "Feature", "properties": {"id": "30211000AB0046", "section": "AB", "numero": "46", "contenance": 740, "nature": "S", "natures": "S"}, "geometry": {"type": "Polygon", "coordinates": [[[4.499551899999999, 43.8340545], [4.499672600000001, 43.83411830000001], [4.4997891999999995, 43.8341937], [4.499886399999999, 43.83426180000001], [4.499965100000001, 43.83433330000001], [4.5002373, 43.8346926], [4.500342099999999, 43.83486089999999], [4.5003265, 43.834867700000004], [4.5001052, 43.834601199999994], [4.500074199999999, 43.83460949999999], [4.4999832, 43.8345221], [4.4998629, 43.8344562], [4.499824, 43.834400800000004], [4.499786699999999, 43.83430760000001], [4.4997194, 43.834211700000004], [4.4996288, 43.8341173], [4.499551899999999, 43.8340545]]]}}, {"type": "Feature", "properties": {"id": "30211000AC0534", "section": "AC", "numero": "534", "contenance": 7077, "nature": "L", "natures": "L"}, "geometry": {"type": "Polygon", "coordinates": [[[4.5011344, 43.826205200000004], [4.4990185, 43.8262235], [4.498577300000001, 43.82624680000001], [4.498585599999999, 43.82632009999999], [4.4984625, 43.826329099999995], [4.498456200000001, 43.826275000000024], [4.4981062000000005, 43.8263036], [4.498075700000001, 43.82602180000001], [4.4991982, 43.82592929999999], [4.499747800000001, 43.82590659999999], [4.5001975, 43.825911], [4.500482599999999, 43.825936600000006], [4.5007005, 43.82597280000002], [4.500836400000001, 43.82600299999999], [4.501146099999999, 43.8260979], [4.5011344, 43.826205200000004]]]}}, {"type": "Feature", "properties": {"id": "30211000AC0458", "section": "AC", "numero": "458", "contenance": 20, "nature": "L", "natures": "L"}, "geometry": {"type": "Polygon", "coordinates": [[[4.491766999999999, 43.82787950000001], [4.491731800000001, 43.8279051], [4.491686299999999, 43.82787439999999], [4.491720199999999, 43.82784860000001], [4.491766999999999, 43.82787950000001]]]}}, {"type": "Feature", "properties": {"id": "30211000AC0661", "section": "AC", "numero": "661", "contenance": 225, "nature": "S", "natures": "S"}, "geometry": {"type": "Polygon", "coordinates": [[[4.4924448, 43.8284898], [4.4927466, 43.82844179999999], [4.4927681999999995, 43.8285478], [4.492631399999999, 43.828559100000014], [4.492622599999999, 43.8285414], [4.4925215, 43.8285497], [4.4924448, 43.8284898]]]}}, {"type": "Feature", "properties": {"id": "30211000AC0748", "section": "AC", "numero": "748", "contenance": 436, "nature": "S", "natures": "S"}, "geometry": {"type": "Polygon", "coordinates": [[[4.4961193, 43.82835579999999], [4.496406200000001, 43.82833870000002], [4.4964337, 43.82850650000001], [4.4961423, 43.82852710000001], [4.4961193, 43.82835579999999]]]}}, {"type": "Feature", "properties": {"id": "30211000AC0749", "section": "AC", "numero": "749", "contenance": 32, "nature": "S", "natures": "S"}, "geometry": {"type": "Polygon", "coordinates": [[[4.4961423, 43.82852710000001], [4.4961201, 43.828528900000016], [4.4960969, 43.82835720000002], [4.4961193, 43.82835579999999], [4.4961423, 43.82852710000001]]]}}, {"type": "Feature", "properties": {"id": "30211000AC0540", "section": "AC", "numero": "540", "contenance": 1757, "nature": "L", "natures": "L"}, "geometry": {"type": "Polygon", "coordinates": [[[4.4965219, 43.82807950000001], [4.4961202, 43.82811749999999], [4.4960656, 43.8276663], [4.4961226, 43.82761929999999], [4.496460199999999, 43.82760509999999], [4.4965219, 43.82807950000001]]]}}, {"type": "Feature", "properties": {"id": "30211000AC0744", "section": "AC", "numero": "744", "contenance": 717, "nature": "T", "natures": "T"}, "geometry": {"type": "Polygon", "coordinates": [[[4.4965475, 43.82859660000001], [4.496620799999999, 43.8288523], [4.4964336000000005, 43.8288693], [4.4963875, 43.828770400000025], [4.496171999999999, 43.82878149999999], [4.4961567, 43.828639399999986], [4.4962468, 43.828621400000024], [4.4965475, 43.82859660000001]]]}}, {"type": "Feature", "properties": {"id": "30211000AC0203", "section": "AC", "numero": "203", "contenance": 7000, "nature": "S", "natures": "S"}, "geometry": {"type": "Polygon", "coordinates": [[[4.500891499999999, 43.82859880000001], [4.500844300000001, 43.82867630000001], [4.5006953, 43.82885410000001], [4.500330100000001, 43.8291814], [4.4998908, 43.8294906], [4.499612300000001, 43.82965399999999], [4.499503800000001, 43.8286833], [4.500891499999999, 43.82859880000001]]]}}, {"type": "Feature", "properties": {"id": "30211000AC0282", "section": "AC", "numero": "282", "contenance": 3000, "nature": "S", "natures": "S"}, "geometry": {"type": "Polygon", "coordinates": [[[4.4994781, 43.82845330000001], [4.500183300000001, 43.82841280000001], [4.500985699999999, 43.828363600000024], [4.5009635, 43.8284363], [4.500891499999999, 43.82859880000001], [4.499503800000001, 43.8286833], [4.4994781, 43.82845330000001]]]}}, {"type": "Feature", "properties": {"id": "30211000AC0531", "section": "AC", "numero": "531", "contenance": 20, "nature": "S", "natures": "S"}, "geometry": {"type": "Polygon", "coordinates": [[[4.4985954, 43.82803839999999], [4.4985895, 43.82799260000001], [4.498638700000001, 43.827989499999994], [4.498643899999999, 43.8280345], [4.4985954, 43.82803839999999]]]}}, {"type": "Feature", "properties": {"id": "30211000AC0532", "section": "AC", "numero": "532", "contenance": 2928, "nature": "S", "natures": "S"}, "geometry": {"type": "Polygon", "coordinates": [[[4.4994781, 43.82845330000001], [4.4995777, 43.8293452], [4.499217000000001, 43.829364900000016], [4.499115700000001, 43.828472700000006], [4.4994781, 43.82845330000001]]]}}, {"type": "Feature", "properties": {"id": "30211000AC0421", "section": "AC", "numero": "421", "contenance": 22, "nature": "L", "natures": "L"}, "geometry": {"type": "Polygon", "coordinates": [[[4.4946092, 43.828911399999996], [4.4945872, 43.82894189999998], [4.494525899999999, 43.82891930000002], [4.4945461, 43.828888000000006], [4.4946092, 43.828911399999996]]]}}, {"type": "Feature", "properties": {"id": "30211000AC0090", "section": "AC", "numero": "90", "contenance": 210, "nature": "S", "natures": "S"}, "geometry": {"type": "Polygon", "coordinates": [[[4.496532799999999, 43.83023419999999], [4.4970711, 43.83017060000001], [4.497221200000001, 43.83015320000002], [4.497225599999999, 43.8301866], [4.496541, 43.8302682], [4.496532799999999, 43.83023419999999]]]}}, {"type": "Feature", "properties": {"id": "30211000AC0742", "section": "AC", "numero": "742", "contenance": 1153, "nature": "S", "natures": "S"}, "geometry": {"type": "Polygon", "coordinates": [[[4.496171999999999, 43.82878149999999], [4.4963875, 43.828770400000025], [4.4964336000000005, 43.8288693], [4.496620799999999, 43.8288523], [4.496699200000001, 43.82912450000003], [4.4962085, 43.82916740000001], [4.496172900000001, 43.828924199999996], [4.496385, 43.8289049], [4.496350100000001, 43.82881140000002], [4.496176199999999, 43.82882], [4.496171999999999, 43.82878149999999]]]}}, {"type": "Feature", "properties": {"id": "30211000AC0741", "section": "AC", "numero": "741", "contenance": 176, "nature": "J", "natures": "J"}, "geometry": {"type": "Polygon", "coordinates": [[[4.496176199999999, 43.82882], [4.496350100000001, 43.82881140000002], [4.496385, 43.8289049], [4.496172900000001, 43.828924199999996], [4.496160199999999, 43.828834400000005], [4.496177000000001, 43.82882699999998], [4.496176199999999, 43.82882]]]}}, {"type": "Feature", "properties": {"id": "30211000AC0747", "section": "AC", "numero": "747", "contenance": 11, "nature": "S", "natures": "S"}, "geometry": {"type": "Polygon", "coordinates": [[[4.4961423, 43.82852710000001], [4.4961487, 43.828574599999996], [4.4961267, 43.82857630000001], [4.4961201, 43.828528900000016], [4.4961423, 43.82852710000001]]]}}, {"type": "Feature", "properties": {"id": "30211000AC0746", "section": "AC", "numero": "746", "contenance": 148, "nature": "S", "natures": "S"}, "geometry": {"type": "Polygon", "coordinates": [[[4.4961423, 43.82852710000001], [4.4964805000000005, 43.828502900000004], [4.4964874, 43.8285481], [4.4961487, 43.828574599999996], [4.4961423, 43.82852710000001]]]}}, {"type": "Feature", "properties": {"id": "30211000AC0656", "section": "AC", "numero": "656", "contenance": 746, "nature": "S", "natures": "S"}, "geometry": {"type": "Polygon", "coordinates": [[[4.4972901, 43.83065770000001], [4.4972194, 43.830145999999985], [4.4973782, 43.83012860000001], [4.4974295, 43.830463099999996], [4.4974414, 43.830646800000004], [4.4972901, 43.83065770000001]]]}}, {"type": "Feature", "properties": {"id": "30211000AC0325", "section": "AC", "numero": "325", "contenance": 148, "nature": "S", "natures": "S"}, "geometry": {"type": "Polygon", "coordinates": [[[4.497267, 43.83049100000001], [4.497281899999999, 43.830599700000015], [4.497131200000001, 43.83061229999999], [4.4971108, 43.8305053], [4.497267, 43.83049100000001]]]}}, {"type": "Feature", "properties": {"id": "30211000AC0108", "section": "AC", "numero": "108", "contenance": 337, "nature": "S", "natures": "S"}, "geometry": {"type": "Polygon", "coordinates": [[[4.497584999999999, 43.830798300000005], [4.4974516, 43.83081900000001], [4.4974295, 43.830463099999996], [4.4975118, 43.83045730000001], [4.497584999999999, 43.830798300000005]]]}}, {"type": "Feature", "properties": {"id": "30211000AC0106", "section": "AC", "numero": "106", "contenance": 260, "nature": "S", "natures": "S"}, "geometry": {"type": "Polygon", "coordinates": [[[4.4971817, 43.83083250000002], [4.4971618, 43.83060989999999], [4.497281899999999, 43.830599700000015], [4.497315599999999, 43.830839100000006], [4.4971817, 43.83083250000002]]]}}, {"type": "Feature", "properties": {"id": "30211000AC0264", "section": "AC", "numero": "264", "contenance": 189, "nature": "S", "natures": "S"}, "geometry": {"type": "Polygon", "coordinates": [[[4.497170000000001, 43.83067730000001], [4.4971817, 43.83083250000002], [4.4971057, 43.830827700000015], [4.497014299999999, 43.83077869999999], [4.4970143, 43.8306896], [4.497170000000001, 43.83067730000001]]]}}, {"type": "Feature", "properties": {"id": "30211000AC0657", "section": "AC", "numero": "657", "contenance": 230, "nature": "S", "natures": "S"}, "geometry": {"type": "Polygon", "coordinates": [[[4.4972901, 43.83065770000001], [4.4974414, 43.830646800000004], [4.4974516, 43.83081900000001], [4.497315599999999, 43.830839100000006], [4.4972901, 43.83065770000001]]]}}, {"type": "Feature", "properties": {"id": "30211000AD0165", "section": "AD", "numero": "165", "contenance": 2149, "nature": "S", "natures": "S"}, "geometry": {"type": "Polygon", "coordinates": [[[4.488200399999999, 43.83590979999998], [4.488521700000001, 43.8359009], [4.4885120999999994, 43.836690399999995], [4.4881936, 43.83663049999999], [4.488200399999999, 43.83590979999998]]]}}, {"type": "Feature", "properties": {"id": "30211000AD0516", "section": "AD", "numero": "516", "contenance": 140, "nature": "T", "natures": "T"}, "geometry": {"type": "Polygon", "coordinates": [[[4.4930079, 43.834251900000005], [4.4930551, 43.834253300000015], [4.493048800000001, 43.8345946], [4.4930015999999995, 43.8345947], [4.4930079, 43.834251900000005]]]}}, {"type": "Feature", "properties": {"id": "30211000AD0531", "section": "AD", "numero": "531", "contenance": 302, "nature": "T", "natures": "T"}, "geometry": {"type": "Polygon", "coordinates": [[[4.4929036, 43.8342576], [4.4930079, 43.834251900000005], [4.4930015999999995, 43.8345947], [4.4929036, 43.83459490000001], [4.4929036, 43.8342576]]]}}, {"type": "Feature", "properties": {"id": "30211000AD0118", "section": "AD", "numero": "118", "contenance": 3291, "nature": "T", "natures": "T"}, "geometry": {"type": "Polygon", "coordinates": [[[4.491055000000001, 43.83599410000001], [4.491427999999999, 43.8359479], [4.491746099999999, 43.83681760000001], [4.4913384999999995, 43.8368996], [4.491055000000001, 43.83599410000001]]]}}, {"type": "Feature", "properties": {"id": "30211000AD0648", "section": "AD", "numero": "648", "contenance": 320, "nature": "L", "natures": "L"}, "geometry": {"type": "Polygon", "coordinates": [[[4.4925166999999995, 43.83376339999999], [4.492640299999999, 43.83375999999999], [4.4926497, 43.833971900000016], [4.4927132, 43.8339695], [4.492724, 43.8341021], [4.4925831, 43.83410820000001], [4.492560599999999, 43.83379860000001], [4.4925166999999995, 43.83376339999999]]]}}, {"type": "Feature", "properties": {"id": "30211000AD0521", "section": "AD", "numero": "521", "contenance": 103, "nature": "T", "natures": "T"}, "geometry": {"type": "Polygon", "coordinates": [[[4.493671, 43.83427139999999], [4.493705200000001, 43.8342723], [4.493680799999999, 43.83440159999999], [4.4936684, 43.83459440000001], [4.4936427000000005, 43.83459330000001], [4.493671, 43.83427139999999]]]}}, {"type": "Feature", "properties": {"id": "30211000AD0341", "section": "AD", "numero": "341", "contenance": 81, "nature": "S", "natures": "S"}, "geometry": {"type": "Polygon", "coordinates": [[[4.493778299999999, 43.833988500000004], [4.493756199999999, 43.83398710000001], [4.4938625, 43.83374210000001], [4.4938185, 43.8337074], [4.493642999999999, 43.8337306], [4.4934378, 43.83371720000001], [4.4938987, 43.83369140000001], [4.493778299999999, 43.833988500000004]]]}}, {"type": "Feature", "properties": {"id": "30211000AD0482", "section": "AD", "numero": "482", "contenance": 4, "nature": "L", "natures": "L"}, "geometry": {"type": "Polygon", "coordinates": [[[4.493605999999999, 43.834696399999984], [4.4936381, 43.83469529999999], [4.4936392000000005, 43.834723800000006], [4.493605999999999, 43.834696399999984]]]}}, {"type": "Feature", "properties": {"id": "30211000AD0522", "section": "AD", "numero": "522", "contenance": 17, "nature": "T", "natures": "T"}, "geometry": {"type": "Polygon", "coordinates": [[[4.493680499999999, 43.834220600000016], [4.4937152, 43.83421959999999], [4.493705200000001, 43.8342723], [4.493671, 43.83427139999999], [4.493680499999999, 43.834220600000016]]]}}, {"type": "Feature", "properties": {"id": "30211000AD0337", "section": "AD", "numero": "337", "contenance": 5, "nature": "T", "natures": "T"}, "geometry": {"type": "Polygon", "coordinates": [[[4.4932933, 43.83573189999999], [4.493318699999999, 43.83573120000001], [4.493299899999999, 43.835768300000005], [4.493285599999999, 43.8357681], [4.4932933, 43.83573189999999]]]}}, {"type": "Feature", "properties": {"id": "30211000AD0405", "section": "AD", "numero": "405", "contenance": 19, "nature": "L", "natures": "L"}, "geometry": {"type": "Polygon", "coordinates": [[[4.4934669, 43.8360999], [4.4935118, 43.83609549999999], [4.493520899999999, 43.8361504], [4.4934734, 43.83615429999999], [4.4934669, 43.8360999]]]}}, {"type": "Feature", "properties": {"id": "30211000AD0044", "section": "AD", "numero": "44", "contenance": 1245, "nature": "T", "natures": "T"}, "geometry": {"type": "Polygon", "coordinates": [[[4.492007300000001, 43.84328150000002], [4.4926795, 43.8433148], [4.4926378, 43.84352530000002], [4.491983299999999, 43.84349359999999], [4.492007300000001, 43.84328150000002]]]}}, {"type": "Feature", "properties": {"id": "30211000AE0391", "section": "AE", "numero": "391", "contenance": 4973, "nature": "S", "natures": "S"}, "geometry": {"type": "Polygon", "coordinates": [[[4.4972193, 43.83540300000002], [4.496369399999999, 43.8354678], [4.4963943, 43.83566280000002], [4.496271800000001, 43.83567690000001], [4.496183, 43.83491160000001], [4.4971159, 43.834860600000006], [4.4972193, 43.83540300000002]]]}}, {"type": "Feature", "properties": {"id": "30211000AE0392", "section": "AE", "numero": "392", "contenance": 220, "nature": "L", "natures": "L"}, "geometry": {"type": "Polygon", "coordinates": [[[4.495776200000001, 43.835725100000005], [4.495757499999999, 43.83543879999999], [4.495840899999999, 43.83543799999999], [4.4958593, 43.835716999999995], [4.495776200000001, 43.835725100000005]]]}}, {"type": "Feature", "properties": {"id": "30211000AE0097", "section": "AE", "numero": "97", "contenance": 1466, "nature": "L", "natures": "L"}, "geometry": {"type": "Polygon", "coordinates": [[[4.4963943, 43.83566280000002], [4.496369399999999, 43.8354678], [4.4972193, 43.83540300000002], [4.497246499999999, 43.83558409999999], [4.4963943, 43.83566280000002]]]}}, {"type": "Feature", "properties": {"id": "30211000AE0089", "section": "AE", "numero": "89", "contenance": 4155, "nature": "S", "natures": "S"}, "geometry": {"type": "Polygon", "coordinates": [[[4.496183, 43.83491160000001], [4.496240799999999, 43.83542809999999], [4.4953064, 43.8354468], [4.495256399999999, 43.83496250000001], [4.496183, 43.83491160000001]]]}}, {"type": "Feature", "properties": {"id": "30211000AE0397", "section": "AE", "numero": "397", "contenance": 124, "nature": "T", "natures": "T"}, "geometry": {"type": "Polygon", "coordinates": [[[4.495900000000001, 43.8363655], [4.495926200000001, 43.8363646], [4.495957899999999, 43.83688819999999], [4.4959316, 43.836892600000006], [4.495900000000001, 43.8363655]]]}}, {"type": "Feature", "properties": {"id": "30211000AE0394", "section": "AE", "numero": "394", "contenance": 543, "nature": "T", "natures": "T"}, "geometry": {"type": "Polygon", "coordinates": [[[4.496240799999999, 43.83542809999999], [4.4962583, 43.8355672], [4.495851400000001, 43.83559879999999], [4.495840899999999, 43.83543799999999], [4.496240799999999, 43.83542809999999]]]}}, {"type": "Feature", "properties": {"id": "30211000AE0395", "section": "AE", "numero": "395", "contenance": 419, "nature": "T", "natures": "T"}, "geometry": {"type": "Polygon", "coordinates": [[[4.4962583, 43.8355672], [4.496271800000001, 43.83567690000001], [4.4958593, 43.835716999999995], [4.495851400000001, 43.83559879999999], [4.4962583, 43.8355672]]]}}, {"type": "Feature", "properties": {"id": "30211000AE0087", "section": "AE", "numero": "87", "contenance": 388, "nature": "L", "natures": "L"}, "geometry": {"type": "Polygon", "coordinates": [[[4.4957641, 43.83552559999999], [4.495769, 43.8356152], [4.495320899999999, 43.83565209999998], [4.495306900000001, 43.83554860000001], [4.4957641, 43.83552559999999]]]}}, {"type": "Feature", "properties": {"id": "30211000AE0088", "section": "AE", "numero": "88", "contenance": 390, "nature": "T", "natures": "T"}, "geometry": {"type": "Polygon", "coordinates": [[[4.4957641, 43.83552559999999], [4.495306900000001, 43.83554860000001], [4.495289799999999, 43.83544640000002], [4.495757499999999, 43.83543879999999], [4.4957641, 43.83552559999999]]]}}, {"type": "Feature", "properties": {"id": "30211000AE0417", "section": "AE", "numero": "417", "contenance": 656, "nature": "L", "natures": "L"}, "geometry": {"type": "Polygon", "coordinates": [[[4.495776200000001, 43.835725100000005], [4.496339, 43.8356691], [4.4963, 43.8358095], [4.495785099999999, 43.835857399999995], [4.495776200000001, 43.835725100000005]]]}}, {"type": "Feature", "properties": {"id": "30211000AH0075", "section": "AH", "numero": "75", "contenance": 9184, "nature": "T", "natures": "T"}, "geometry": {"type": "Polygon", "coordinates": [[[4.505683600000001, 43.852504199999984], [4.506056700000001, 43.851038100000004], [4.5066855, 43.85125790000001], [4.5063758, 43.852691799999995], [4.505683600000001, 43.852504199999984]]]}}, {"type": "Feature", "properties": {"id": "30211000AM0007", "section": "AM", "numero": "7", "contenance": 340, "nature": "L", "natures": "L"}, "geometry": {"type": "Polygon", "coordinates": [[[4.508646499999999, 43.84554429999999], [4.508487399999999, 43.8456322], [4.5082658, 43.8452734], [4.508348, 43.8453292], [4.508646499999999, 43.84554429999999]]]}}, {"type": "Feature", "properties": {"id": "30211000AN0025", "section": "AN", "numero": "25", "contenance": 2379, "nature": "S", "natures": "L,S"}, "geometry": {"type": "Polygon", "coordinates": [[[4.501629500000001, 43.83588730000001], [4.502169800000001, 43.83573100000001], [4.5025895, 43.836002500000006], [4.5018339, 43.83624549999999], [4.501629500000001, 43.83588730000001]]]}}, {"type": "Feature", "properties": {"id": "30211000AN0022", "section": "AN", "numero": "22", "contenance": 1645, "nature": "S", "natures": "S"}, "geometry": {"type": "Polygon", "coordinates": [[[4.501629500000001, 43.83588730000001], [4.501857899999999, 43.83628629999999], [4.5014292, 43.83637850000001], [4.501226999999999, 43.8360037], [4.501629500000001, 43.83588730000001]]]}}, {"type": "Feature", "properties": {"id": "30211000AO0458", "section": "AO", "numero": "458", "contenance": 2585, "nature": "S", "natures": "S"}, "geometry": {"type": "Polygon", "coordinates": [[[4.502874899999999, 43.827864100000006], [4.503462099999999, 43.827750499999986], [4.503657399999999, 43.8282251], [4.503210499999999, 43.82837899999999], [4.502874899999999, 43.827864100000006]]]}}, {"type": "Feature", "properties": {"id": "30211000AO0350", "section": "AO", "numero": "350", "contenance": 2530, "nature": "S", "natures": "S"}, "geometry": {"type": "Polygon", "coordinates": [[[4.503419100000001, 43.82945579999999], [4.5031267, 43.82952650000001], [4.5026559, 43.82866140000001], [4.502933, 43.82856570000002], [4.503419100000001, 43.82945579999999]]]}}, {"type": "Feature", "properties": {"id": "30211000AO0460", "section": "AO", "numero": "460", "contenance": 2388, "nature": "S", "natures": "S"}, "geometry": {"type": "Polygon", "coordinates": [[[4.502359700000001, 43.8282825], [4.5030035, 43.82806229999999], [4.503210499999999, 43.82837899999999], [4.5024129, 43.828658], [4.502359700000001, 43.8282825]]]}}, {"type": "Feature", "properties": {"id": "30211000AO0360", "section": "AO", "numero": "360", "contenance": 156, "nature": "L", "natures": "L"}, "geometry": {"type": "Polygon", "coordinates": [[[4.504107000000001, 43.827738299999986], [4.5041457, 43.8277536], [4.5041709, 43.827843599999994], [4.5041404, 43.82787039999999], [4.504067000000001, 43.82783740000001], [4.503906800000001, 43.82787439999999], [4.5038903, 43.82783620000001], [4.504052800000001, 43.827791699999985], [4.504107000000001, 43.827738299999986]]]}}, {"type": "Feature", "properties": {"id": "30211000AO0419", "section": "AO", "numero": "419", "contenance": 936, "nature": "L", "natures": "L"}, "geometry": {"type": "Polygon", "coordinates": [[[4.501469400000001, 43.832059], [4.501384400000001, 43.8316864], [4.5016573, 43.8316382], [4.5017526000000005, 43.831946600000016], [4.5017506, 43.8319843], [4.501736, 43.83200250000001], [4.5016841, 43.83202410000001], [4.501469400000001, 43.832059]]]}}, {"type": "Feature", "properties": {"id": "30211000AO0414", "section": "AO", "numero": "414", "contenance": 20, "nature": "VI", "natures": "VI"}, "geometry": {"type": "Polygon", "coordinates": [[[4.5023586, 43.832015800000015], [4.502309400000001, 43.83201919999999], [4.502300899999999, 43.83197499999999], [4.5023518, 43.831967299999974], [4.5023586, 43.832015800000015]]]}}, {"type": "Feature", "properties": {"id": "30211000AR0419", "section": "AR", "numero": "419", "contenance": 268, "nature": "CH", "natures": "CH"}, "geometry": {"type": "Polygon", "coordinates": [[[4.513366499999999, 43.820435000000025], [4.513383599999999, 43.820451199999994], [4.512249199999999, 43.821122499999994], [4.512223099999999, 43.82110680000001], [4.513366499999999, 43.820435000000025]]]}}, {"type": "Feature", "properties": {"id": "30211000AR0273", "section": "AR", "numero": "273", "contenance": 177, "nature": "CH", "natures": "CH"}, "geometry": {"type": "Polygon", "coordinates": [[[4.5206539, 43.8262076], [4.520886, 43.826150700000014], [4.5216467, 43.82593909999999], [4.521664200000001, 43.825956100000006], [4.5206891, 43.82623070000002], [4.5206539, 43.8262076]]]}}, {"type": "Feature", "properties": {"id": "30211000AX0463", "section": "AX", "numero": "463", "contenance": 9326, "nature": "T", "natures": "T"}, "geometry": {"type": "Polygon", "coordinates": [[[4.4867251, 43.829178999999996], [4.4873718, 43.82911510000003], [4.4871324, 43.8295261], [4.487150200000001, 43.8296216], [4.487412400000001, 43.83003499999999], [4.487323499999999, 43.83006549999998], [4.487358, 43.83012179999999], [4.4874502, 43.83009220000001], [4.487666700000001, 43.830423], [4.4878647, 43.830756300000004], [4.4876721, 43.830765400000004], [4.487575800000001, 43.8307603], [4.487426199999999, 43.83074020000001], [4.4865827000000005, 43.830547100000025], [4.486818, 43.8293474], [4.486692499999999, 43.829345599999996], [4.4867251, 43.829178999999996]], [[4.4872373, 43.83025200000001], [4.4872671, 43.8303494], [4.487393000000001, 43.8303291], [4.4873556, 43.8302294], [4.4872373, 43.83025200000001]], [[4.486987300000001, 43.83018009999999], [4.4870385, 43.830261500000006], [4.4871762, 43.83021540000001], [4.487126300000001, 43.8301349], [4.486987300000001, 43.83018009999999]]]}}, {"type": "Feature", "properties": {"id": "30211000AX0015", "section": "AX", "numero": "15", "contenance": 11915, "nature": "T", "natures": "T"}, "geometry": {"type": "Polygon", "coordinates": [[[4.4860824, 43.83280440000001], [4.485363900000001, 43.8327167], [4.4853375, 43.832053], [4.4853242, 43.83204599999999], [4.4852173, 43.8320473], [4.485210999999999, 43.8316927], [4.485423600000001, 43.8316917], [4.4854175, 43.831033100000006], [4.4861667, 43.83104000000001], [4.4860824, 43.83280440000001]]]}}, {"type": "Feature", "properties": {"id": "30211000AX0032", "section": "AX", "numero": "32", "contenance": 8445, "nature": "T", "natures": "T"}, "geometry": {"type": "Polygon", "coordinates": [[[4.488351199999999, 43.832364899999995], [4.488223200000001, 43.83237589999999], [4.4882072, 43.8321462], [4.487627900000001, 43.83218889999999], [4.4875774, 43.830819299999995], [4.4879686, 43.83079779999999], [4.4881002, 43.83095540000001], [4.4881324, 43.8309787], [4.4882854, 43.83103480000001], [4.488351199999999, 43.832364899999995]]]}}, {"type": "Feature", "properties": {"id": "30211000AX0250", "section": "AX", "numero": "250", "contenance": 785, "nature": "S", "natures": "S"}, "geometry": {"type": "Polygon", "coordinates": [[[4.4887044, 43.826260999999995], [4.488884200000001, 43.82624250000001], [4.488972199999999, 43.82667759999998], [4.4890022, 43.826707399999975], [4.489040899999999, 43.82672580000001], [4.488809699999999, 43.82675280000001], [4.4888504, 43.82671729999999], [4.488864599999999, 43.826688600000004], [4.488827599999999, 43.82644829999999], [4.488809699999999, 43.826429100000006], [4.4887789, 43.826411799999995], [4.4887372, 43.82640459999999], [4.4883941, 43.82643900000001], [4.4883818, 43.8263656], [4.488656100000001, 43.82633590000001], [4.488692699999999, 43.8263176], [4.4887055, 43.8262934], [4.4887044, 43.826260999999995]]]}}, {"type": "Feature", "properties": {"id": "30211000AX0462", "section": "AX", "numero": "462", "contenance": 1311, "nature": "T", "natures": "T"}, "geometry": {"type": "Polygon", "coordinates": [[[4.486692499999999, 43.829345599999996], [4.486818, 43.8293474], [4.4865827000000005, 43.830547100000025], [4.486462899999999, 43.830518000000005], [4.486692499999999, 43.829345599999996]]]}}, {"type": "Feature", "properties": {"id": "30211000AX0116", "section": "AX", "numero": "116", "contenance": 1574, "nature": "T", "natures": "T"}, "geometry": {"type": "Polygon", "coordinates": [[[4.4856436, 43.82966770000001], [4.4851531, 43.82963919999999], [4.485216799999999, 43.829285099999986], [4.485718699999999, 43.829316600000006], [4.4856436, 43.82966770000001]]]}}, {"type": "Feature", "properties": {"id": "30211000AX0115", "section": "AX", "numero": "115", "contenance": 2560, "nature": "S", "natures": "S"}, "geometry": {"type": "Polygon", "coordinates": [[[4.4856436, 43.82966770000001], [4.485518000000001, 43.8302883], [4.485049599999999, 43.83017519999999], [4.4851531, 43.82963919999999], [4.4856436, 43.82966770000001]]]}}, {"type": "Feature", "properties": {"id": "30211000AX0010", "section": "AX", "numero": "10", "contenance": 7245, "nature": "T", "natures": "T"}, "geometry": {"type": "Polygon", "coordinates": [[[4.4868984, 43.83104970000001], [4.4854175, 43.831033100000006], [4.4854114, 43.83055039999999], [4.4853852, 43.830296100000005], [4.4858014, 43.830414600000005], [4.486932100000001, 43.83068299999998], [4.4868984, 43.83104970000001]]]}}, {"type": "Feature", "properties": {"id": "30211000AX0461", "section": "AX", "numero": "461", "contenance": 1000, "nature": "L", "natures": "L"}, "geometry": {"type": "Polygon", "coordinates": [[[4.4858537, 43.829267900000005], [4.4867251, 43.829178999999996], [4.486692499999999, 43.829345599999996], [4.485765600000001, 43.82933239999999], [4.485775100000001, 43.8293059], [4.4857977, 43.829286999999994], [4.4858537, 43.829267900000005]]]}}, {"type": "Feature", "properties": {"id": "30211000AX0460", "section": "AX", "numero": "460", "contenance": 2461, "nature": "L", "natures": "L"}, "geometry": {"type": "Polygon", "coordinates": [[[4.4856979, 43.8296183], [4.485765600000001, 43.82933239999999], [4.486692499999999, 43.829345599999996], [4.486635199999999, 43.8296377], [4.4856979, 43.8296183]]]}}, {"type": "Feature", "properties": {"id": "30211000AX0459", "section": "AX", "numero": "459", "contenance": 6681, "nature": "L", "natures": "L"}, "geometry": {"type": "Polygon", "coordinates": [[[4.4856979, 43.8296183], [4.486635199999999, 43.8296377], [4.486462899999999, 43.830518000000005], [4.485556399999999, 43.83029609999999], [4.4856979, 43.8296183]]]}}, {"type": "Feature", "properties": {"id": "30211000AX0014", "section": "AX", "numero": "14", "contenance": 2709, "nature": "T", "natures": "T"}, "geometry": {"type": "Polygon", "coordinates": [[[4.4865008, 43.8318501], [4.486127299999999, 43.83184799999998], [4.4861667, 43.83104000000001], [4.4865398, 43.83104529999997], [4.4865008, 43.8318501]]]}}, {"type": "Feature", "properties": {"id": "30211000AX0012", "section": "AX", "numero": "12", "contenance": 8019, "nature": "T", "natures": "T"}, "geometry": {"type": "Polygon", "coordinates": [[[4.4876296, 43.8321985], [4.4866856, 43.83222], [4.486658, 43.8318513], [4.486875899999999, 43.831850200000005], [4.4869173, 43.8310498], [4.487586800000001, 43.83105859999999], [4.4876296, 43.8321985]]]}}, {"type": "Feature", "properties": {"id": "30211000AX0357", "section": "AX", "numero": "357", "contenance": 25, "nature": "S", "natures": "S"}, "geometry": {"type": "Polygon", "coordinates": [[[4.488699999999999, 43.82973369999999], [4.488639, 43.8297301], [4.488640999999999, 43.82968729999999], [4.4887018, 43.82969000000001], [4.488699999999999, 43.82973369999999]]]}}, {"type": "Feature", "properties": {"id": "30211000AX0076", "section": "AX", "numero": "76", "contenance": 1077, "nature": "S", "natures": "S"}, "geometry": {"type": "Polygon", "coordinates": [[[4.488641799999999, 43.831135999999994], [4.488143499999999, 43.83094420000001], [4.4880371, 43.8307947], [4.4885713, 43.830783699999984], [4.488641799999999, 43.831135999999994]]]}}, {"type": "Feature", "properties": {"id": "30211000AX0013", "section": "AX", "numero": "13", "contenance": 2706, "nature": "T", "natures": "T"}, "geometry": {"type": "Polygon", "coordinates": [[[4.486875899999999, 43.831850200000005], [4.4865008, 43.8318501], [4.4865398, 43.83104529999997], [4.4869173, 43.8310498], [4.486875899999999, 43.831850200000005]]]}}, {"type": "Feature", "properties": {"id": "30211000AX0436", "section": "AX", "numero": "436", "contenance": 95, "nature": "AB", "natures": "AB"}, "geometry": {"type": "Polygon", "coordinates": [[[4.4904617, 43.82978039999999], [4.490465500000001, 43.8297464], [4.490731500000001, 43.8298296], [4.4907231, 43.8298637], [4.4904617, 43.82978039999999]]]}}, {"type": "Feature", "properties": {"id": "30211000AX0433", "section": "AX", "numero": "433", "contenance": 51, "nature": "AB", "natures": "AB"}, "geometry": {"type": "Polygon", "coordinates": [[[4.490731500000001, 43.8298296], [4.490876899999999, 43.829875099999995], [4.4908512, 43.829904899999995], [4.4907231, 43.8298637], [4.490731500000001, 43.8298296]]]}}, {"type": "Feature", "properties": {"id": "30211000AX0451", "section": "AX", "numero": "451", "contenance": 404, "nature": "L", "natures": "L"}, "geometry": {"type": "Polygon", "coordinates": [[[4.492143100000001, 43.83092100000001], [4.491903399999999, 43.8307651], [4.491941899999999, 43.83072129999999], [4.491929, 43.83069369999998], [4.4919664, 43.83065390000001], [4.492166999999999, 43.830665199999984], [4.492143100000001, 43.83092100000001]]]}}, {"type": "Feature", "properties": {"id": "30211000AX0006", "section": "AX", "numero": "6", "contenance": 1398, "nature": "L", "natures": "L"}, "geometry": {"type": "Polygon", "coordinates": [[[4.48478, 43.83205110000001], [4.4847648, 43.8317457], [4.4847766, 43.831691400000004], [4.485210999999999, 43.8316927], [4.4852173, 43.8320473], [4.48478, 43.83205110000001]]]}}, {"type": "Feature", "properties": {"id": "30211000AX0005", "section": "AX", "numero": "5", "contenance": 4106, "nature": "T", "natures": "T"}, "geometry": {"type": "Polygon", "coordinates": [[[4.4853711, 43.8329367], [4.4848095, 43.83281730000001], [4.48478, 43.83205110000001], [4.4853242, 43.83204599999999], [4.4853375, 43.832053], [4.4853711, 43.8329367]]]}}, {"type": "Feature", "properties": {"id": "30211000AX0018", "section": "AX", "numero": "18", "contenance": 3343, "nature": "T", "natures": "T"}, "geometry": {"type": "Polygon", "coordinates": [[[4.4866856, 43.83222], [4.486724999999999, 43.832882799999986], [4.4860824, 43.83280440000001], [4.486108600000001, 43.83223430000002], [4.4866856, 43.83222]]]}}, {"type": "Feature", "properties": {"id": "30211000AX0030", "section": "AX", "numero": "30", "contenance": 2870, "nature": "T", "natures": "T"}, "geometry": {"type": "Polygon", "coordinates": [[[4.487645999999999, 43.8324269], [4.4876792, 43.832527899999995], [4.486708799999999, 43.8325695], [4.4866856, 43.83222], [4.4876296, 43.8321985], [4.487645999999999, 43.8324269]]]}}, {"type": "Feature", "properties": {"id": "30211000AX0016", "section": "AX", "numero": "16", "contenance": 955, "nature": "T", "natures": "T"}, "geometry": {"type": "Polygon", "coordinates": [[[4.4864037, 43.83222679999999], [4.486108600000001, 43.83223430000002], [4.486127299999999, 43.83184799999998], [4.4863975, 43.83185159999999], [4.4864037, 43.83222679999999]]]}}, {"type": "Feature", "properties": {"id": "30211000AX0017", "section": "AX", "numero": "17", "contenance": 895, "nature": "T", "natures": "T"}, "geometry": {"type": "Polygon", "coordinates": [[[4.4866856, 43.83222], [4.4864037, 43.83222679999999], [4.4863975, 43.83185159999999], [4.486658, 43.8318513], [4.4866856, 43.83222]]]}}, {"type": "Feature", "properties": {"id": "30211000AX0031", "section": "AX", "numero": "31", "contenance": 1216, "nature": "T", "natures": "T"}, "geometry": {"type": "Polygon", "coordinates": [[[4.488223200000001, 43.83237589999999], [4.487645999999999, 43.8324269], [4.487627900000001, 43.83218889999999], [4.4882072, 43.8321462], [4.488223200000001, 43.83237589999999]]]}}, {"type": "Feature", "properties": {"id": "30211000AX0028", "section": "AX", "numero": "28", "contenance": 755, "nature": "T", "natures": "T"}, "geometry": {"type": "Polygon", "coordinates": [[[4.4868975, 43.833143400000004], [4.4867428, 43.83312860000001], [4.486708799999999, 43.8325695], [4.486853, 43.8325613], [4.4868975, 43.833143400000004]]]}}, {"type": "Feature", "properties": {"id": "30211000AX0029", "section": "AX", "numero": "29", "contenance": 668, "nature": "VE", "natures": "VE"}, "geometry": {"type": "Polygon", "coordinates": [[[4.4869741, 43.832556799999985], [4.487030399999999, 43.8331564], [4.4868975, 43.833143400000004], [4.486853, 43.8325613], [4.4869741, 43.832556799999985]]]}}, {"type": "Feature", "properties": {"id": "30211000AX0510", "section": "AX", "numero": "510", "contenance": 1294, "nature": "T", "natures": "T"}, "geometry": {"type": "Polygon", "coordinates": [[[4.4907901, 43.83163770000001], [4.4908482, 43.831638300000016], [4.4907991, 43.83172550000002], [4.4907828, 43.83178629999998], [4.4908003999999995, 43.8320079], [4.490772, 43.8320473], [4.4907748, 43.83208770000001], [4.4906566, 43.83209199999999], [4.4906259, 43.83216360000001], [4.490479999999999, 43.83216939999999], [4.4904404, 43.83181440000001], [4.490563, 43.83171070000001], [4.4907901, 43.83163770000001]]]}}, {"type": "Feature", "properties": {"id": "30211000AX0270", "section": "AX", "numero": "270", "contenance": 351, "nature": "S", "natures": "S"}, "geometry": {"type": "Polygon", "coordinates": [[[4.485305699999999, 43.833941499999995], [4.4842104, 43.83402669999998], [4.484222000000001, 43.833989700000004], [4.4847717, 43.833946499999996], [4.485302099999999, 43.8339074], [4.485305699999999, 43.833941499999995]]]}}, {"type": "Feature", "properties": {"id": "30211000ZB0023", "section": "ZB", "numero": "23", "contenance": 501, "nature": "T", "natures": "T"}, "geometry": {"type": "Polygon", "coordinates": [[[4.534074399999999, 43.85596929999999], [4.534128600000001, 43.8560046], [4.533073800000001, 43.856356399999996], [4.5330732, 43.856301500000015], [4.534074399999999, 43.85596929999999]]]}}, {"type": "Feature", "properties": {"id": "30211000ZE0120", "section": "ZE", "numero": "120", "contenance": 1683, "nature": "T", "natures": "T"}, "geometry": {"type": "Polygon", "coordinates": [[[4.5071348, 43.835535799999995], [4.5071948, 43.83587970000001], [4.5074611, 43.8359132], [4.5074274999999995, 43.83618850000001], [4.5068271, 43.8358157], [4.506864099999999, 43.835513799999994], [4.5071348, 43.835535799999995]]]}}, {"type": "Feature", "properties": {"id": "30211000ZE0016", "section": "ZE", "numero": "16", "contenance": 3944, "nature": "T", "natures": "T"}, "geometry": {"type": "Polygon", "coordinates": [[[4.501537100000001, 43.8366142], [4.5014292, 43.83637850000001], [4.501857899999999, 43.83628629999999], [4.5018339, 43.83624549999999], [4.5025895, 43.836002500000006], [4.5030628, 43.836284000000006], [4.501537100000001, 43.8366142]]]}}, {"type": "Feature", "properties": {"id": "30211000ZE0029", "section": "ZE", "numero": "29", "contenance": 347, "nature": "S", "natures": "S"}, "geometry": {"type": "Polygon", "coordinates": [[[4.509780699999999, 43.839525599999995], [4.5096461, 43.83944300000002], [4.509438199999999, 43.8393404], [4.5094389, 43.839324399999995], [4.5097942, 43.83931299999999], [4.509780699999999, 43.839525599999995]]]}}, {"type": "Feature", "properties": {"id": "30211000ZK0166", "section": "ZK", "numero": "166", "contenance": 56242, "nature": "T", "natures": "T"}, "geometry": {"type": "Polygon", "coordinates": [[[4.512263000000001, 43.82117060000002], [4.5131389, 43.821750000000016], [4.5129196, 43.821849899999975], [4.513350600000001, 43.8222112], [4.5134597, 43.8223501], [4.5146792, 43.82228940000001], [4.5146883, 43.82222560000002], [4.5153663, 43.82252920000001], [4.5160183, 43.8229532], [4.5160392, 43.823229299999994], [4.5120842, 43.823315300000004], [4.512048, 43.82324570000001], [4.511715400000001, 43.82325989999998], [4.5112711, 43.823297200000006], [4.510690200000001, 43.82272619999999], [4.511387, 43.82235000000001], [4.5108304, 43.821727800000005], [4.511208800000001, 43.82157080000002], [4.5112245, 43.821592700000025], [4.5113302, 43.82155580000001], [4.5121734, 43.821224799999996], [4.512263000000001, 43.82117060000002]]]}}, {"type": "Feature", "properties": {"id": "30211000ZK0058", "section": "ZK", "numero": "58", "contenance": 9061, "nature": "L", "natures": "L"}, "geometry": {"type": "Polygon", "coordinates": [[[4.5275961, 43.81799750000001], [4.5277709999999995, 43.817872], [4.5279619, 43.81768710000001], [4.5280536, 43.8176172], [4.5281032, 43.81759000000002], [4.5282499000000005, 43.817530000000005], [4.5288425, 43.817345599999996], [4.5286335, 43.81766880000001], [4.526785200000001, 43.820153699999985], [4.5259199, 43.8213643], [4.525781599999999, 43.82134730000001], [4.527976800000001, 43.81827959999999], [4.5275961, 43.81799750000001]]]}}, {"type": "Feature", "properties": {"id": "30211000ZK0167", "section": "ZK", "numero": "167", "contenance": 39135, "nature": "T", "natures": "T"}, "geometry": {"type": "Polygon", "coordinates": [[[4.5120842, 43.823315300000004], [4.5160392, 43.823229299999994], [4.5160871, 43.82385900000001], [4.5160409999999995, 43.82421440000002], [4.515720399999999, 43.824269099999995], [4.5153661000000005, 43.8243159], [4.5141157, 43.824449599999994], [4.5137635, 43.82446809999999], [4.5128222, 43.8245446], [4.512384900000001, 43.82457330000002], [4.512214500000001, 43.8235656], [4.5120842, 43.823315300000004]]]}}, {"type": "Feature", "properties": {"id": "30211000ZK0056", "section": "ZK", "numero": "56", "contenance": 173, "nature": "S", "natures": "S"}, "geometry": {"type": "Polygon", "coordinates": [[[4.5264026, 43.8215156], [4.5257594, 43.82141159999999], [4.525767200000001, 43.82138320000001], [4.5264114, 43.82148570000001], [4.5264026, 43.8215156]]]}}, {"type": "Feature", "properties": {"id": "30211000ZL0058", "section": "ZL", "numero": "58", "contenance": 3368, "nature": "L", "natures": "L"}, "geometry": {"type": "Polygon", "coordinates": [[[4.528187800000001, 43.812077699999996], [4.524475600000001, 43.81099149999999], [4.5242494, 43.8109231], [4.5242092, 43.810900300000014], [4.5241972, 43.810836999999985], [4.524264699999999, 43.810689800000006], [4.5243053, 43.81053940000001], [4.5244628, 43.80962120000001], [4.524531400000001, 43.80961059999999], [4.5245147, 43.80974650000001], [4.524475499999999, 43.809916599999994], [4.524405600000001, 43.8103983], [4.524353299999999, 43.810642800000004], [4.5242793, 43.810861], [4.5263375, 43.8114597], [4.5281894, 43.81201150000001], [4.528187800000001, 43.812077699999996]]]}}, {"type": "Feature", "properties": {"id": "30211000ZL0067", "section": "ZL", "numero": "67", "contenance": 3548, "nature": "L", "natures": "L"}, "geometry": {"type": "Polygon", "coordinates": [[[4.5271569, 43.814487100000015], [4.527032299999999, 43.814447400000006], [4.5275244, 43.81360149999998], [4.5282169, 43.81212559999999], [4.528363399999999, 43.8121691], [4.527703899999999, 43.8136102], [4.5271569, 43.814487100000015]]]}}, {"type": "Feature", "properties": {"id": "30211000ZL0042", "section": "ZL", "numero": "42", "contenance": 3431, "nature": "S", "natures": "S"}, "geometry": {"type": "Polygon", "coordinates": [[[4.526840699999999, 43.81597270000002], [4.5269504, 43.81598049999998], [4.5270789, 43.816018199999995], [4.526990799999999, 43.816094899999996], [4.526778299999999, 43.817250900000005], [4.5276804, 43.81788100000001], [4.527553799999999, 43.8179753], [4.526626899999999, 43.817290099999994], [4.526674699999999, 43.81698080000001], [4.5264472, 43.816823199999995], [4.5267047, 43.816801100000006], [4.526840699999999, 43.81597270000002]]]}}, {"type": "Feature", "properties": {"id": "30211000ZL0039", "section": "ZL", "numero": "39", "contenance": 2222, "nature": "L", "natures": "L"}, "geometry": {"type": "Polygon", "coordinates": [[[4.5271569, 43.814487100000015], [4.527049600000001, 43.814652599999995], [4.527014800000001, 43.81596039999998], [4.5269541, 43.815943600000004], [4.5268454, 43.815937799999986], [4.5268983, 43.8148832], [4.5267406999999995, 43.81480760000001], [4.5269638, 43.8145628], [4.527032299999999, 43.814447400000006], [4.5271569, 43.814487100000015]]]}}, {"type": "Feature", "properties": {"id": "30211000ZM0001", "section": "ZM", "numero": "1", "contenance": 777, "nature": "S", "natures": "S"}, "geometry": {"type": "Polygon", "coordinates": [[[4.52419, 43.80822169999999], [4.5244415, 43.808902700000004], [4.524512399999999, 43.80917470000001], [4.5245405, 43.80939779999999], [4.5245364, 43.809556900000004], [4.5244703, 43.809566099999984], [4.524488899999999, 43.80942300000001], [4.5244615999999995, 43.8092221], [4.5242713, 43.808626300000014], [4.5241484, 43.8083086], [4.5241479, 43.8082494], [4.52419, 43.80822169999999]]]}}, {"type": "Feature", "properties": {"id": "30211000ZM0002", "section": "ZM", "numero": "2", "contenance": 67, "nature": "S", "natures": "S"}, "geometry": {"type": "Polygon", "coordinates": [[[4.5241796, 43.8081824], [4.524133299999999, 43.80818410000001], [4.5240231, 43.808112300000005], [4.5241097, 43.80807529999999], [4.5241796, 43.8081824]]]}}, {"type": "Feature", "properties": {"id": "30211000ZN0074", "section": "ZN", "numero": "74", "contenance": 192, "nature": "CH", "natures": "CH"}, "geometry": {"type": "Polygon", "coordinates": [[[4.5090481, 43.81679640000001], [4.509105000000001, 43.816963800000025], [4.5088423, 43.8169469], [4.5090481, 43.81679640000001]]]}}, {"type": "Feature", "properties": {"id": "30211000ZN0003", "section": "ZN", "numero": "3", "contenance": 210, "nature": "T", "natures": "T"}, "geometry": {"type": "Polygon", "coordinates": [[[4.509047500000001, 43.816713099999994], [4.5090995, 43.81675230000001], [4.508828800000001, 43.816946099999996], [4.5087280000000005, 43.816939900000015], [4.5088447, 43.81685010000001], [4.509047500000001, 43.816713099999994]]]}}, {"type": "Feature", "properties": {"id": "30211000ZN0096", "section": "ZN", "numero": "96", "contenance": 626, "nature": "T", "natures": "T"}, "geometry": {"type": "Polygon", "coordinates": [[[4.5093, 43.8174422], [4.509208800000001, 43.817333699999985], [4.5089862, 43.8171831], [4.5089912000000005, 43.8169565], [4.509105000000001, 43.816963800000025], [4.5091671, 43.81712700000002], [4.509304500000001, 43.817245700000015], [4.5093, 43.8174422]]]}}, {"type": "Feature", "properties": {"id": "30211000ZN0094", "section": "ZN", "numero": "94", "contenance": 352, "nature": "T", "natures": "T"}, "geometry": {"type": "Polygon", "coordinates": [[[4.5089862, 43.8171831], [4.5086874, 43.81697290000002], [4.5087280000000005, 43.816939900000015], [4.5089912000000005, 43.8169565], [4.5089862, 43.8171831]]]}}, {"type": "Feature", "properties": {"id": "30211000ZN0078", "section": "ZN", "numero": "78", "contenance": 811, "nature": "CH", "natures": "CH"}, "geometry": {"type": "Polygon", "coordinates": [[[4.5096774, 43.8176265], [4.5105809, 43.8182589], [4.5103974, 43.8182324], [4.5096757, 43.81775230000001], [4.5096774, 43.8176265]]]}}, {"type": "Feature", "properties": {"id": "30211000ZN0099", "section": "ZN", "numero": "99", "contenance": 8, "nature": "L", "natures": "L"}, "geometry": {"type": "Polygon", "coordinates": [[[4.510383599999999, 43.81824970000001], [4.5103564, 43.8182254], [4.5103974, 43.8182324], [4.510434899999999, 43.81825749999998], [4.510383599999999, 43.81824970000001]]]}}, {"type": "Feature", "properties": {"id": "30211000ZN0101", "section": "ZN", "numero": "101", "contenance": 78, "nature": "VI", "natures": "VI"}, "geometry": {"type": "Polygon", "coordinates": [[[4.5103974, 43.8182324], [4.5103472, 43.818219100000015], [4.5096757, 43.81775230000001], [4.5103974, 43.8182324]]]}}, {"type": "Feature", "properties": {"id": "30211000ZN0103", "section": "ZN", "numero": "103", "contenance": 544, "nature": "CH", "natures": "CH"}, "geometry": {"type": "Polygon", "coordinates": [[[4.509416800000001, 43.817574699999994], [4.5093, 43.8174422], [4.509304500000001, 43.817245700000015], [4.5094486, 43.81743249999999], [4.5096774, 43.8176265], [4.5096757, 43.81775230000001], [4.509416800000001, 43.817574699999994]]]}}, {"type": "Feature", "properties": {"id": "30211000ZO0164", "section": "ZO", "numero": "164", "contenance": 34622, "nature": "T", "natures": "T,VE,VI"}, "geometry": {"type": "Polygon", "coordinates": [[[4.5050091, 43.82158230000002], [4.5061397, 43.8214407], [4.5064512, 43.82138619999999], [4.5069406, 43.823055600000025], [4.5073061999999995, 43.823015899999994], [4.5076098, 43.8233146], [4.5073905000000005, 43.823351300000006], [4.5074072, 43.823407400000015], [4.5061173, 43.82344940000001], [4.5048243, 43.82347280000001], [4.5045824, 43.8228887], [4.504906999999999, 43.8228088], [4.504745999999999, 43.8222633], [4.505179100000001, 43.82218299999999], [4.5050091, 43.82158230000002]]]}}, {"type": "Feature", "properties": {"id": "30211000ZO0160", "section": "ZO", "numero": "160", "contenance": 5930, "nature": "S", "natures": "S,T"}, "geometry": {"type": "Polygon", "coordinates": [[[4.5068111, 43.82262330000001], [4.5064512, 43.82138619999999], [4.5066227, 43.8213566], [4.5066804, 43.821370300000005], [4.5067542, 43.82143500000001], [4.506905299999999, 43.821669699999994], [4.5072247, 43.82208910000001], [4.507377699999999, 43.8223107], [4.5074039, 43.82244090000001], [4.5073554, 43.8228808], [4.5073609999999995, 43.822925000000005], [4.507399600000001, 43.82298469999998], [4.5078229, 43.82340410000002], [4.507768100000001, 43.82340759999999], [4.5073486, 43.82299299999999], [4.5073274, 43.8229204], [4.5073367, 43.822715500000015], [4.507044800000001, 43.82254630000002], [4.506916699999999, 43.82255929999999], [4.506931000000001, 43.8226063], [4.5068111, 43.82262330000001]]]}}, {"type": "Feature", "properties": {"id": "30211000ZO0224", "section": "ZO", "numero": "224", "contenance": 3000, "nature": "L", "natures": "L"}, "geometry": {"type": "Polygon", "coordinates": [[[4.495815600000001, 43.8257005], [4.4948076, 43.8240298], [4.4945893, 43.82363520000001], [4.4945051000000005, 43.823450900000005], [4.4946015, 43.823417600000006], [4.495073700000001, 43.82424349999999], [4.4958616, 43.8255215], [4.4959489, 43.82556319999999], [4.4960496, 43.82572819999999], [4.4959453, 43.8257045], [4.495815600000001, 43.8257005]]]}}, {"type": "Feature", "properties": {"id": "30211000ZO0217", "section": "ZO", "numero": "217", "contenance": 494, "nature": "CH", "natures": "CH"}, "geometry": {"type": "Polygon", "coordinates": [[[4.504450800000001, 43.82012290000001], [4.5043716, 43.82012400000001], [4.504492800000001, 43.8200797], [4.5046477, 43.82000819999999], [4.504908000000001, 43.81985690000001], [4.505095899999999, 43.819737399999994], [4.5053627999999994, 43.8195467], [4.5054882, 43.81943789999999], [4.5058522000000005, 43.81903860000001], [4.505919199999999, 43.818973699999994], [4.505943900000001, 43.81897459999999], [4.505529, 43.8194172], [4.505924899999999, 43.820118200000024], [4.5058918, 43.820118499999985], [4.5055002, 43.81944889999999], [4.505349700000001, 43.81956950000001], [4.505065299999999, 43.81977250000001], [4.5048112, 43.81992940000002], [4.504450800000001, 43.82012290000001]]]}}, {"type": "Feature", "properties": {"id": "30211000ZO0251", "section": "ZO", "numero": "251", "contenance": 8, "nature": "L", "natures": "L"}, "geometry": {"type": "Polygon", "coordinates": [[[4.5104111, 43.81826989999999], [4.510378900000001, 43.8182491], [4.510434899999999, 43.81825749999998], [4.510465899999999, 43.8182785], [4.5104111, 43.81826989999999]]]}}, {"type": "Feature", "properties": {"id": "30211000ZO0243", "section": "ZO", "numero": "243", "contenance": 454, "nature": "T", "natures": "T"}, "geometry": {"type": "Polygon", "coordinates": [[[4.5109833, 43.81857650000001], [4.5108871, 43.8186173], [4.5106765, 43.81846829999999], [4.5105013000000005, 43.81832780000001], [4.5104111, 43.81826989999999], [4.5106287, 43.81829999999997], [4.5109833, 43.81857650000001]]]}}, {"type": "Feature", "properties": {"id": "30211000ZO0260", "section": "ZO", "numero": "260", "contenance": 1490, "nature": "CH", "natures": "CH"}, "geometry": {"type": "Polygon", "coordinates": [[[4.5109833, 43.81857650000001], [4.5110761, 43.8186389], [4.5114443, 43.8187734], [4.511514, 43.818813299999995], [4.51246, 43.8194546], [4.5125199, 43.819509700000005], [4.512559800000001, 43.81962100000002], [4.5125394000000005, 43.81968670000001], [4.512408500000001, 43.819598500000005], [4.5123906, 43.819541700000016], [4.5123116, 43.8194665], [4.5114669, 43.8188867], [4.511249499999999, 43.8187819], [4.511172400000001, 43.8187567], [4.510937700000001, 43.81859579999998], [4.5109833, 43.81857650000001]]]}}, {"type": "Feature", "properties": {"id": "30211000ZO0258", "section": "ZO", "numero": "258", "contenance": 82, "nature": "VI", "natures": "VI"}, "geometry": {"type": "Polygon", "coordinates": [[[4.5108871, 43.8186173], [4.510937700000001, 43.81859579999998], [4.511172400000001, 43.8187567], [4.511077, 43.81872559999999], [4.5108871, 43.8186173]]]}}, {"type": "Feature", "properties": {"id": "30211000ZO0041", "section": "ZO", "numero": "41", "contenance": 8800, "nature": "VI", "natures": "VI"}, "geometry": {"type": "Polygon", "coordinates": [[[4.5095684, 43.82141190000001], [4.5101802, 43.821957499999996], [4.509925, 43.82209639999999], [4.5097154999999995, 43.8222252], [4.5092152, 43.822603], [4.508480799999999, 43.82198370000001], [4.5095684, 43.82141190000001]]]}}, {"type": "Feature", "properties": {"id": "30211000ZO0169", "section": "ZO", "numero": "169", "contenance": 9239, "nature": "T", "natures": "T"}, "geometry": {"type": "Polygon", "coordinates": [[[4.5078229, 43.82340410000002], [4.5073829, 43.8229661], [4.5073609999999995, 43.822925000000005], [4.5073559, 43.8228783], [4.5088272, 43.8223215], [4.509162699999999, 43.82260249999999], [4.5091624, 43.822642800000004], [4.5086242, 43.823068799999994], [4.5082558, 43.8234022], [4.5078229, 43.82340410000002]]]}}, {"type": "Feature", "properties": {"id": "30211000ZO0098", "section": "ZO", "numero": "98", "contenance": 240, "nature": "CH", "natures": "CH"}, "geometry": {"type": "Polygon", "coordinates": [[[4.512199400000001, 43.82109559999999], [4.5133529, 43.820423200000015], [4.513366499999999, 43.820435000000025], [4.512223099999999, 43.82110680000001], [4.512199400000001, 43.82109559999999]]]}}, {"type": "Feature", "properties": {"id": "30211000ZO0256", "section": "ZO", "numero": "256", "contenance": 187, "nature": "VI", "natures": "VI"}, "geometry": {"type": "Polygon", "coordinates": [[[4.5125394000000005, 43.81968670000001], [4.5125447, 43.81983110000002], [4.512414099999999, 43.8197393], [4.512353499999999, 43.8196828], [4.512418599999999, 43.81963059999999], [4.512408500000001, 43.819598500000005], [4.5125394000000005, 43.81968670000001]]]}}, {"type": "Feature", "properties": {"id": "30211000ZO0241", "section": "ZO", "numero": "241", "contenance": 799, "nature": "L", "natures": "L"}, "geometry": {"type": "Polygon", "coordinates": [[[4.512414099999999, 43.8197393], [4.5133802, 43.82041679999999], [4.5132374, 43.8204069], [4.5123438, 43.81979320000001], [4.512414099999999, 43.8197393]]]}}, {"type": "Feature", "properties": {"id": "30211000ZO0139", "section": "ZO", "numero": "139", "contenance": 11, "nature": "L", "natures": "L"}, "geometry": {"type": "Polygon", "coordinates": [[[4.494271699999999, 43.822834500000006], [4.494283, 43.822852100000006], [4.494207500000001, 43.822866399999995], [4.4941974, 43.822849100000006], [4.494271699999999, 43.822834500000006]]]}}, {"type": "Feature", "properties": {"id": "30211000ZO0162", "section": "ZO", "numero": "162", "contenance": 1969, "nature": "S", "natures": "S"}, "geometry": {"type": "Polygon", "coordinates": [[[4.5077155, 43.8234186], [4.5073061999999995, 43.823015899999994], [4.5069406, 43.823055600000025], [4.5068111, 43.82262330000001], [4.506931000000001, 43.8226063], [4.506916699999999, 43.82255929999999], [4.507044800000001, 43.82254630000002], [4.5073367, 43.822715500000015], [4.5073274, 43.8229204], [4.5073486, 43.82299299999999], [4.507768100000001, 43.82340759999999], [4.5077155, 43.8234186]]]}}, {"type": "Feature", "properties": {"id": "30211000ZO0167", "section": "ZO", "numero": "167", "contenance": 194, "nature": "T", "natures": "T"}, "geometry": {"type": "Polygon", "coordinates": [[[4.5074072, 43.823407400000015], [4.5073905000000005, 43.823351300000006], [4.5076098, 43.8233146], [4.5077155, 43.8234186], [4.5074072, 43.823407400000015]]]}}, {"type": "Feature", "properties": {"id": "30211000ZO0165", "section": "ZO", "numero": "165", "contenance": 4416, "nature": "T", "natures": "T"}, "geometry": {"type": "Polygon", "coordinates": [[[4.5051373, 43.82481670000001], [4.506866200000001, 43.82477920000001], [4.5066678, 43.8249977], [4.5065175, 43.8250774], [4.5057459, 43.825141199999976], [4.5052789, 43.82518919999999], [4.5051373, 43.82481670000001]]]}}]}