{"communes":{"type":"FeatureCollection","features":[{"type":"Feature","properties":{"nom":"Aigues-Mortes","code":"30003","epci":"CC Terre de Camargue","adherente":true,"part_papi":3.5,"population":8699},"geometry":{"type":"Polygon","coordinates":[[[4.241486,43.499953],[4.239743,43.499199],[4.238093,43.49729],[4.238031,43.497075],[4.237316,43.49718],[4.236824,43.497371],[4.235717,43.497159],[4.231656,43.497248],[4.227998,43.497185],[4.220715,43.496602],[4.217124,43.49602],[4.215003,43.496078],[4.214523,43.495911],[4.213256,43.495875],[4.212415,43.495918],[4.211146,43.4961],[4.208543,43.496552],[4.207374,43.496827],[4.204816,43.497743],[4.202681,43.498693],[4.200377,43.500202],[4.199267,43.501218],[4.198071,43.502744],[4.198044,43.503129],[4.197864,43.503317],[4.197881,43.503771],[4.197738,43.503854],[4.197113,43.503935],[4.196437,43.504624],[4.1956,43.505223],[4.195253,43.505568],[4.194571,43.506559],[4.1927,43.507686],[4.191513,43.508223],[4.191294,43.50845],[4.19056,43.509668],[4.190202,43.50998],[4.189636,43.510288],[4.189289,43.51073],[4.188986,43.511585],[4.188217,43.511525],[4.188109,43.511671],[4.188265,43.511944],[4.187925,43.512275],[4.18593,43.515189],[4.18551,43.515403],[4.183001,43.517869],[4.182487,43.518167],[4.180166,43.518823],[4.1801,43.518894],[4.17841,43.521491],[4.178247,43.526341],[4.177436,43.528984],[4.177284,43.530281],[4.176992,43.530448],[4.176302,43.531305],[4.175449,43.532942],[4.174762,43.534725],[4.173579,43.53622],[4.172877,43.537501],[4.17106,43.538805],[4.170706,43.539211],[4.165542,43.545944],[4.16478,43.54773],[4.163082,43.549292],[4.160567,43.548222],[4.150738,43.557105],[4.150363,43.557346],[4.144005,43.559728],[4.139128,43.56293],[4.135139,43.562642],[4.134277,43.56307],[4.130747,43.564405],[4.128616,43.564879],[4.125424,43.56537],[4.123667,43.565816],[4.119086,43.567714],[4.113289,43.569312],[4.109028,43.568744],[4.108116,43.570197],[4.107437,43.57087],[4.103332,43.574771],[4.102376,43.575524],[4.096077,43.581409],[4.095612,43.581679],[4.092579,43.582974],[4.080503,43.590087],[4.075035,43.588418],[4.074695,43.588556],[4.077095,43.589467],[4.080895,43.590748],[4.084679,43.591934],[4.085194,43.591967],[4.085947,43.591814],[4.088064,43.590876],[4.095041,43.587067],[4.098079,43.585277],[4.098625,43.585114],[4.10153,43.585319],[4.10336,43.585142],[4.104902,43.585505],[4.119029,43.588276],[4.122579,43.588818],[4.124491,43.589019],[4.125266,43.588988],[4.126717,43.588704],[4.12759,43.588365],[4.129704,43.587243],[4.130628,43.586861],[4.132706,43.586524],[4.143754,43.585065],[4.145104,43.584978],[4.146393,43.584985],[4.150544,43.585474],[4.154584,43.585755],[4.165798,43.585725],[4.170762,43.585869],[4.173387,43.585563],[4.174074,43.585384],[4.175125,43.585324],[4.177547,43.585747],[4.178581,43.584987],[4.179865,43.584852],[4.180221,43.584879],[4.18101,43.585421],[4.182186,43.585672],[4.182594,43.585931],[4.18337,43.586762],[4.184612,43.586716],[4.184747,43.586852],[4.186708,43.586994],[4.186983,43.58691],[4.187662,43.58688],[4.188539,43.586928],[4.188846,43.586977],[4.188829,43.587121],[4.189445,43.587268],[4.190929,43.58779],[4.19256,43.588194],[4.19342,43.588326],[4.195058,43.588346],[4.197775,43.588646],[4.197962,43.588806],[4.200257,43.589018],[4.201696,43.589419],[4.202596,43.589467],[4.205167,43.589366],[4.205626,43.589444],[4.206516,43.589742],[4.20802,43.588937],[4.208637,43.588809],[4.209085,43.588454],[4.209596,43.588353],[4.2099,43.588567],[4.210325,43.588728],[4.210578,43.588962],[4.210824,43.58818],[4.210759,43.588045],[4.209651,43.58721],[4.209863,43.58484],[4.209771,43.583571],[4.20947,43.58225],[4.210195,43.581466],[4.210485,43.580935],[4.211384,43.579237],[4.211639,43.57853],[4.212962,43.576275],[4.213241,43.575188],[4.215355,43.572686],[4.21763,43.56966],[4.221615,43.56511],[4.223531,43.562236],[4.224197,43.560789],[4.224261,43.560158],[4.224381,43.560047],[4.224561,43.559471],[4.225486,43.558293],[4.225344,43.557527],[4.225453,43.556679],[4.225356,43.556615],[4.225061,43.555763],[4.223252,43.554816],[4.225354,43.550183],[4.227791,43.538442],[4.228141,43.53716],[4.244192,43.501448],[4.241486,43.499953]]]}},{"type":"Feature","properties":{"nom":"Aigues-Vives","code":"30004","epci":"CC Rhôny-Vistre-Vidourle","adherente":true,"part_papi":100.0,"population":3331},"geometry":{"type":"Polygon","coordinates":[[[4.191944,43.705774],[4.194142,43.708349],[4.196214,43.710571],[4.196312,43.710747],[4.196328,43.711648],[4.19655,43.712324],[4.196502,43.712567],[4.196017,43.713325],[4.196024,43.714367],[4.195638,43.715239],[4.19542,43.71742],[4.195642,43.718461],[4.19558,43.718813],[4.194818,43.71989],[4.194483,43.720717],[4.193881,43.721597],[4.193261,43.722164],[4.19308,43.723374],[4.192716,43.723969],[4.192519,43.724746],[4.192403,43.724884],[4.192236,43.725749],[4.192054,43.72601],[4.191947,43.726111],[4.191464,43.726104],[4.191359,43.72638],[4.19018,43.727589],[4.18982,43.72815],[4.188574,43.728364],[4.187372,43.728667],[4.186951,43.728618],[4.182497,43.727373],[4.181649,43.727329],[4.179936,43.728133],[4.17767,43.728761],[4.176543,43.729181],[4.175718,43.729656],[4.173955,43.730373],[4.172785,43.731056],[4.170435,43.731779],[4.169463,43.732347],[4.16782,43.73312],[4.167602,43.733302],[4.167373,43.733755],[4.166882,43.734124],[4.165881,43.735877],[4.16548,43.736379],[4.166029,43.736649],[4.165847,43.739258],[4.165893,43.73963],[4.16579,43.740005],[4.166473,43.743116],[4.16663,43.744392],[4.16907,43.746439],[4.169734,43.747571],[4.169804,43.747878],[4.170883,43.749529],[4.17087,43.749877],[4.171128,43.749867],[4.171068,43.751339],[4.171701,43.751438],[4.171855,43.752275],[4.171804,43.752971],[4.172785,43.753423],[4.172443,43.754064],[4.172117,43.75404],[4.171898,43.754467],[4.171571,43.754288],[4.17143,43.754438],[4.171291,43.755095],[4.171785,43.756113],[4.171692,43.757419],[4.172297,43.757708],[4.172741,43.758099],[4.173054,43.758717],[4.1734,43.759155],[4.17417,43.759518],[4.175106,43.760222],[4.175494,43.760696],[4.176245,43.76201],[4.17665,43.761858],[4.177969,43.761915],[4.179871,43.762404],[4.181045,43.762384],[4.183526,43.762666],[4.185105,43.762503],[4.185382,43.762387],[4.185773,43.762407],[4.185792,43.762245],[4.190192,43.759475],[4.190626,43.758972],[4.193761,43.75733],[4.194195,43.756856],[4.194506,43.756691],[4.195311,43.756022],[4.195272,43.755777],[4.195564,43.755382],[4.196195,43.754976],[4.196453,43.754925],[4.197468,43.754401],[4.198816,43.753621],[4.198908,43.753145],[4.199118,43.753169],[4.199184,43.752561],[4.20023,43.752781],[4.200504,43.751895],[4.199684,43.751803],[4.19967,43.751376],[4.198174,43.751305],[4.198098,43.749299],[4.197719,43.749316],[4.196591,43.74735],[4.196577,43.747006],[4.196854,43.746849],[4.197407,43.745933],[4.197829,43.745506],[4.198044,43.744965],[4.198412,43.74441],[4.198576,43.743849],[4.198254,43.7435],[4.197075,43.7435],[4.196121,43.743372],[4.195585,43.74324],[4.194789,43.742897],[4.193637,43.743008],[4.193619,43.742202],[4.19388,43.742183],[4.193684,43.740875],[4.193395,43.74091],[4.19312,43.7399],[4.192742,43.739981],[4.192289,43.73872],[4.192783,43.73856],[4.192894,43.738168],[4.192837,43.737854],[4.19268,43.737716],[4.192718,43.737566],[4.192504,43.737535],[4.192807,43.735157],[4.193097,43.734711],[4.192898,43.734602],[4.193013,43.734343],[4.192727,43.734243],[4.192805,43.734113],[4.192244,43.733707],[4.192702,43.733223],[4.192182,43.73277],[4.193769,43.731683],[4.193409,43.731192],[4.193795,43.730845],[4.194405,43.73045],[4.195543,43.730055],[4.197009,43.729193],[4.202024,43.731226],[4.206129,43.729537],[4.206804,43.729187],[4.207107,43.728414],[4.207789,43.727283],[4.208408,43.72538],[4.209506,43.722716],[4.211944,43.723136],[4.212472,43.723281],[4.213007,43.72359],[4.213236,43.723368],[4.21359,43.723509],[4.214529,43.723615],[4.215944,43.72393],[4.216125,43.722932],[4.2163,43.722844],[4.216526,43.722312],[4.216838,43.722533],[4.217537,43.722611],[4.217763,43.723063],[4.218395,43.722998],[4.222275,43.723281],[4.222564,43.722405],[4.222668,43.721891],[4.222498,43.720334],[4.222227,43.719635],[4.221745,43.718787],[4.221302,43.717458],[4.22003,43.715961],[4.219782,43.715557],[4.21709,43.710396],[4.216618,43.709794],[4.215884,43.709264],[4.215186,43.709185],[4.21386,43.709296],[4.213346,43.708287],[4.213156,43.708124],[4.21284,43.708139],[4.210705,43.707477],[4.207511,43.70669],[4.203553,43.706113],[4.202275,43.705833],[4.201323,43.705732],[4.197689,43.7056],[4.196106,43.705457],[4.193962,43.705091],[4.192329,43.705046],[4.191553,43.705151],[4.190917,43.70513],[4.190681,43.705213],[4.191944,43.705774]]]}},{"type":"Feature","properties":{"nom":"Aimargues","code":"30006","epci":"CC de Petite Camargue","adherente":true,"part_papi":99.0,"population":5705},"geometry":{"type":"Polygon","coordinates":[[[4.215067,43.708535],[4.215124,43.708016],[4.214946,43.707229],[4.214742,43.705381],[4.214949,43.704813],[4.215555,43.705002],[4.215796,43.704704],[4.21614,43.704531],[4.215914,43.704164],[4.21626,43.703275],[4.216099,43.702885],[4.216218,43.702551],[4.216173,43.70214],[4.216327,43.701702],[4.21594,43.700992],[4.215214,43.699171],[4.215097,43.698568],[4.214986,43.697224],[4.215497,43.696305],[4.215269,43.695858],[4.215255,43.695634],[4.216227,43.693673],[4.216667,43.692467],[4.218293,43.690511],[4.219559,43.689607],[4.221416,43.688831],[4.221987,43.68873],[4.222417,43.688179],[4.222587,43.688061],[4.222972,43.687961],[4.223196,43.687673],[4.22319,43.687251],[4.223082,43.687265],[4.223135,43.686956],[4.223572,43.68653],[4.224105,43.686253],[4.22465,43.685706],[4.224846,43.685365],[4.225025,43.684733],[4.225031,43.683591],[4.224636,43.681988],[4.22504,43.679892],[4.224897,43.679497],[4.224436,43.678836],[4.224069,43.678665],[4.2231,43.677986],[4.223738,43.677563],[4.224104,43.677412],[4.223668,43.676123],[4.223522,43.675162],[4.222871,43.673142],[4.224583,43.661007],[4.224317,43.660787],[4.224173,43.660499],[4.223811,43.659489],[4.223908,43.65892],[4.223758,43.658892],[4.223875,43.658708],[4.224737,43.6584],[4.225369,43.657857],[4.226643,43.656979],[4.228196,43.655102],[4.228496,43.654222],[4.228588,43.652788],[4.22879,43.651881],[4.228643,43.650014],[4.228833,43.649179],[4.229019,43.648792],[4.230764,43.647918],[4.234341,43.645097],[4.234864,43.644604],[4.235146,43.644177],[4.236314,43.6394],[4.239205,43.634121],[4.239283,43.631943],[4.236507,43.629637],[4.235561,43.628536],[4.23422,43.626239],[4.234004,43.626245],[4.232983,43.625782],[4.230744,43.624564],[4.230443,43.624123],[4.22514,43.628173],[4.222286,43.630939],[4.21163,43.640186],[4.211187,43.640797],[4.21032,43.641591],[4.208798,43.642939],[4.208501,43.643005],[4.208147,43.643223],[4.205195,43.645893],[4.205005,43.645993],[4.204298,43.646044],[4.203249,43.646316],[4.202132,43.646853],[4.199655,43.64731],[4.198678,43.647194],[4.198209,43.647547],[4.197825,43.647653],[4.197913,43.64781],[4.197792,43.647872],[4.19755,43.648385],[4.196927,43.649176],[4.195668,43.649951],[4.195155,43.650843],[4.194433,43.651449],[4.193712,43.651725],[4.194411,43.653227],[4.194528,43.653668],[4.194504,43.654201],[4.19427,43.654451],[4.192537,43.655003],[4.191528,43.655575],[4.190499,43.656539],[4.189424,43.657932],[4.188815,43.659023],[4.18771,43.659935],[4.187254,43.660641],[4.186712,43.661968],[4.186552,43.662563],[4.186592,43.663444],[4.186409,43.664144],[4.18611,43.664729],[4.185689,43.665287],[4.185073,43.665884],[4.184621,43.666468],[4.184113,43.666739],[4.182946,43.666897],[4.181753,43.667332],[4.181423,43.667524],[4.181122,43.667829],[4.180809,43.668366],[4.180695,43.668881],[4.180803,43.670689],[4.180645,43.671253],[4.180102,43.67154],[4.178041,43.671895],[4.177409,43.672278],[4.177371,43.672519],[4.1775,43.672881],[4.178948,43.674322],[4.179246,43.674772],[4.179321,43.675242],[4.179046,43.675773],[4.178786,43.676017],[4.178142,43.67639],[4.17701,43.676612],[4.17498,43.676719],[4.174219,43.677104],[4.173864,43.677404],[4.173212,43.678679],[4.171924,43.68044],[4.171451,43.680874],[4.170634,43.681296],[4.169562,43.681989],[4.168486,43.682837],[4.167212,43.684413],[4.163895,43.686373],[4.163241,43.68684],[4.16297,43.687285],[4.162802,43.68786],[4.162959,43.688806],[4.163253,43.689615],[4.16379,43.690348],[4.164231,43.691229],[4.16436,43.691733],[4.164375,43.692535],[4.164228,43.692884],[4.168203,43.694628],[4.190681,43.705213],[4.190917,43.70513],[4.191553,43.705151],[4.192329,43.705046],[4.193962,43.705091],[4.196106,43.705457],[4.197689,43.7056],[4.201323,43.705732],[4.202275,43.705833],[4.203553,43.706113],[4.207511,43.70669],[4.210133,43.707326],[4.21284,43.708139],[4.213156,43.708124],[4.213346,43.708287],[4.21386,43.709296],[4.215186,43.709185],[4.215067,43.708535]]]}},{"type":"Feature","properties":{"nom":"Aubais","code":"30019","epci":"CC Rhôny-Vistre-Vidourle","adherente":true,"part_papi":32.0,"population":2925},"geometry":{"type":"Polygon","coordinates":[[[4.144997,43.733161],[4.144508,43.73433],[4.143861,43.735564],[4.142413,43.737393],[4.141101,43.738229],[4.139359,43.739105],[4.135457,43.740151],[4.134314,43.740375],[4.132056,43.74063],[4.129468,43.740688],[4.12849,43.740607],[4.127726,43.740445],[4.125918,43.739921],[4.125079,43.739537],[4.124399,43.739142],[4.123494,43.738457],[4.123037,43.737954],[4.122701,43.737398],[4.122262,43.736971],[4.121934,43.736844],[4.121125,43.736809],[4.118688,43.737076],[4.117982,43.737081],[4.117268,43.73693],[4.116385,43.736935],[4.115351,43.737166],[4.114236,43.737701],[4.113145,43.73848],[4.112455,43.739079],[4.111605,43.740105],[4.113059,43.740797],[4.11339,43.740733],[4.113653,43.741059],[4.113719,43.74129],[4.117043,43.743345],[4.120421,43.745268],[4.121999,43.746539],[4.120072,43.74831],[4.120749,43.749083],[4.121706,43.750557],[4.124224,43.754724],[4.12665,43.759508],[4.128261,43.759502],[4.129594,43.761559],[4.133718,43.763855],[4.13669,43.76657],[4.138102,43.766829],[4.138546,43.766715],[4.139413,43.767044],[4.139833,43.767398],[4.143364,43.767838],[4.143588,43.767476],[4.143513,43.766964],[4.153798,43.764596],[4.155534,43.763948],[4.160151,43.762728],[4.161354,43.762235],[4.162019,43.762063],[4.164414,43.761812],[4.164654,43.761606],[4.165246,43.761387],[4.167669,43.759895],[4.168429,43.759278],[4.168492,43.759087],[4.170117,43.758122],[4.170068,43.756961],[4.170718,43.757024],[4.171692,43.757419],[4.171785,43.756113],[4.171291,43.755095],[4.17143,43.754438],[4.171571,43.754288],[4.171898,43.754467],[4.172117,43.75404],[4.172443,43.754064],[4.172785,43.753423],[4.171804,43.752971],[4.171855,43.752275],[4.171701,43.751438],[4.171068,43.751339],[4.171128,43.749867],[4.17087,43.749877],[4.170883,43.749529],[4.169804,43.747878],[4.169734,43.747571],[4.16907,43.746439],[4.16663,43.744392],[4.166473,43.743116],[4.16579,43.740005],[4.165893,43.73963],[4.165847,43.739258],[4.166029,43.736649],[4.16548,43.736379],[4.165881,43.735877],[4.166951,43.73406],[4.166888,43.733349],[4.166989,43.733128],[4.164976,43.732701],[4.164126,43.732418],[4.163741,43.732373],[4.163381,43.732473],[4.162681,43.732261],[4.161952,43.731882],[4.161466,43.732165],[4.158531,43.731741],[4.157909,43.732333],[4.157553,43.732438],[4.157368,43.732587],[4.15727,43.73284],[4.155096,43.734543],[4.153193,43.734184],[4.152347,43.733815],[4.152084,43.733778],[4.151633,43.733877],[4.149234,43.733448],[4.145024,43.732283],[4.144997,43.733161]]]}},{"type":"Feature","properties":{"nom":"Aubord","code":"30020","epci":"CC de Petite Camargue","adherente":true,"part_papi":100.0,"population":2253},"geometry":{"type":"Polygon","coordinates":[[[4.310668,43.767262],[4.311533,43.768504],[4.31187,43.768846],[4.316728,43.771119],[4.317742,43.77133],[4.3187,43.77127],[4.318878,43.771017],[4.319183,43.770969],[4.320521,43.769249],[4.322736,43.766793],[4.326684,43.764125],[4.331976,43.760355],[4.332231,43.760319],[4.332659,43.759561],[4.333403,43.758665],[4.333652,43.758232],[4.334225,43.75804],[4.334518,43.757698],[4.335344,43.757075],[4.336026,43.756796],[4.336291,43.756585],[4.336394,43.756238],[4.336132,43.755676],[4.336246,43.755378],[4.336134,43.755081],[4.336216,43.754831],[4.336819,43.754287],[4.336903,43.754081],[4.337829,43.753661],[4.338479,43.753108],[4.338732,43.752511],[4.338951,43.75226],[4.339458,43.752066],[4.339499,43.751835],[4.339707,43.751763],[4.339922,43.75187],[4.340056,43.751821],[4.340129,43.751685],[4.340068,43.751114],[4.339926,43.750956],[4.339678,43.750856],[4.339597,43.750716],[4.33967,43.75048],[4.341038,43.74959],[4.342229,43.748573],[4.341414,43.745946],[4.341444,43.745436],[4.341575,43.745075],[4.34208,43.744122],[4.340881,43.743907],[4.341134,43.743583],[4.338031,43.742051],[4.335093,43.740788],[4.333642,43.740382],[4.333656,43.73995],[4.333481,43.739756],[4.332112,43.738903],[4.331767,43.739073],[4.331345,43.738713],[4.330973,43.738916],[4.329997,43.737951],[4.330341,43.73742],[4.32905,43.736448],[4.328754,43.73558],[4.328921,43.735273],[4.327585,43.735421],[4.327722,43.736302],[4.327977,43.73698],[4.327314,43.737216],[4.327111,43.737343],[4.327002,43.737628],[4.326544,43.737852],[4.325747,43.73811],[4.323055,43.739215],[4.318771,43.740095],[4.316865,43.740063],[4.314174,43.739572],[4.309179,43.738247],[4.307141,43.737873],[4.302316,43.736643],[4.301936,43.737691],[4.30255,43.737922],[4.301972,43.740144],[4.300132,43.740311],[4.298007,43.740318],[4.293438,43.741265],[4.294978,43.742172],[4.294518,43.743255],[4.292701,43.745401],[4.291792,43.745964],[4.291351,43.746709],[4.291291,43.746747],[4.290706,43.746623],[4.290411,43.74669],[4.290101,43.747321],[4.291685,43.747707],[4.292169,43.747692],[4.292431,43.747596],[4.292697,43.747638],[4.293325,43.748149],[4.293947,43.748268],[4.294928,43.748764],[4.295234,43.749173],[4.29519,43.74996],[4.295898,43.750552],[4.296249,43.750587],[4.29643,43.750487],[4.296614,43.750153],[4.296771,43.750055],[4.297307,43.749942],[4.297553,43.749754],[4.298615,43.749485],[4.29887,43.749508],[4.299203,43.750329],[4.299528,43.750512],[4.300257,43.750657],[4.300866,43.751338],[4.301037,43.751377],[4.301444,43.751304],[4.301628,43.751336],[4.301745,43.751487],[4.301743,43.752043],[4.301894,43.752415],[4.301808,43.752693],[4.301352,43.752886],[4.300988,43.752868],[4.300773,43.753246],[4.300774,43.753461],[4.301015,43.753945],[4.300599,43.754145],[4.300481,43.754499],[4.29997,43.754624],[4.299699,43.754791],[4.299507,43.755078],[4.299819,43.756224],[4.298883,43.758494],[4.298801,43.759361],[4.298941,43.759823],[4.298732,43.760352],[4.298243,43.760555],[4.298149,43.761119],[4.299924,43.761994],[4.300766,43.762261],[4.301371,43.762289],[4.302289,43.762125],[4.303138,43.762128],[4.305658,43.76254],[4.306343,43.762758],[4.307352,43.763694],[4.307826,43.764409],[4.308712,43.76499],[4.309537,43.765175],[4.309995,43.765479],[4.31025,43.765832],[4.310668,43.767262]]]}},{"type":"Feature","properties":{"nom":"Beaucaire","code":"30032","epci":"CC Beaucaire Terre d'Argence","adherente":false,"part_papi":26.0,"population":15692},"geometry":{"type":"Polygon","coordinates":[[[4.628239,43.757238],[4.627929,43.756004],[4.626498,43.752334],[4.626356,43.751679],[4.625968,43.75069],[4.625624,43.748774],[4.624837,43.747098],[4.623689,43.744824],[4.620335,43.739611],[4.619953,43.739261],[4.618739,43.73777],[4.616015,43.734054],[4.614198,43.731215],[4.612708,43.727016],[4.612302,43.72474],[4.608804,43.724828],[4.607853,43.724877],[4.607546,43.724975],[4.60538,43.724737],[4.60242,43.724648],[4.596868,43.724794],[4.595385,43.724714],[4.595056,43.724814],[4.587738,43.724445],[4.586703,43.724339],[4.558159,43.72718],[4.532932,43.729935],[4.534274,43.730863],[4.532594,43.731767],[4.532345,43.731971],[4.532621,43.732589],[4.534015,43.734614],[4.535449,43.735692],[4.536359,43.736513],[4.544301,43.742573],[4.54879,43.759837],[4.552138,43.762552],[4.551369,43.763393],[4.552161,43.763901],[4.550894,43.765155],[4.538796,43.77014],[4.538061,43.770791],[4.536585,43.772493],[4.529565,43.775907],[4.529179,43.776246],[4.529133,43.776417],[4.530991,43.780672],[4.527074,43.784293],[4.527301,43.787759],[4.540105,43.799154],[4.536354,43.806708],[4.535373,43.808256],[4.543092,43.808902],[4.543416,43.80878],[4.543986,43.808817],[4.545944,43.809206],[4.54693,43.809041],[4.547463,43.809039],[4.549508,43.809426],[4.55035,43.809228],[4.551311,43.808768],[4.553196,43.808689],[4.554638,43.808819],[4.555899,43.808774],[4.556275,43.808691],[4.557366,43.808108],[4.55833,43.80777],[4.560488,43.807349],[4.565172,43.806785],[4.569201,43.806738],[4.570477,43.806529],[4.576846,43.806033],[4.577735,43.805902],[4.580712,43.805219],[4.581303,43.806323],[4.582767,43.808288],[4.583835,43.810504],[4.584294,43.811242],[4.586537,43.813279],[4.586844,43.814131],[4.586868,43.815256],[4.586705,43.815937],[4.586708,43.816598],[4.586817,43.817048],[4.587084,43.817439],[4.588304,43.818548],[4.588131,43.819071],[4.588082,43.819862],[4.589111,43.821364],[4.589347,43.821886],[4.589597,43.823499],[4.589506,43.823565],[4.589512,43.824027],[4.589792,43.825767],[4.590255,43.82713],[4.591068,43.828484],[4.590949,43.828569],[4.59116,43.82909],[4.591354,43.830737],[4.59158,43.831285],[4.592182,43.831629],[4.595828,43.8324],[4.596082,43.832524],[4.595944,43.833996],[4.596372,43.835735],[4.596203,43.836723],[4.595709,43.838293],[4.596743,43.838284],[4.597543,43.83813],[4.598127,43.838119],[4.598257,43.838722],[4.598662,43.838366],[4.599845,43.83818],[4.600644,43.837719],[4.602356,43.837376],[4.602881,43.837192],[4.603738,43.837076],[4.604059,43.836646],[4.604625,43.836784],[4.605648,43.837238],[4.605942,43.837299],[4.606868,43.83744],[4.607606,43.837416],[4.608281,43.837519],[4.608742,43.837358],[4.609219,43.836791],[4.609523,43.836745],[4.609924,43.836546],[4.610971,43.836521],[4.611294,43.836595],[4.613125,43.837356],[4.614331,43.838289],[4.621835,43.83733],[4.626127,43.835967],[4.634551,43.836329],[4.636745,43.8354],[4.637385,43.834279],[4.638953,43.832737],[4.639466,43.832361],[4.640893,43.831945],[4.64136,43.83196],[4.642952,43.832263],[4.642332,43.831064],[4.642382,43.830301],[4.643724,43.827371],[4.644466,43.825419],[4.644798,43.825503],[4.645608,43.825482],[4.646177,43.825554],[4.646776,43.825509],[4.647176,43.8243],[4.647902,43.823287],[4.648076,43.821942],[4.649132,43.820925],[4.649238,43.820698],[4.651481,43.818235],[4.652103,43.81671],[4.652296,43.815823],[4.65305,43.814317],[4.653534,43.812949],[4.654637,43.808528],[4.655236,43.807493],[4.655258,43.807304],[4.654885,43.807087],[4.654567,43.806341],[4.654522,43.805159],[4.654379,43.805008],[4.654364,43.804689],[4.654538,43.804607],[4.654519,43.804118],[4.654636,43.804086],[4.65497,43.803496],[4.655012,43.802805],[4.654635,43.801039],[4.654656,43.800386],[4.654756,43.800332],[4.654637,43.798397],[4.654132,43.797619],[4.653949,43.797564],[4.653888,43.796751],[4.653585,43.796258],[4.653546,43.795199],[4.65346,43.79496],[4.653333,43.794872],[4.653514,43.794675],[4.653127,43.789057],[4.652917,43.789035],[4.652521,43.787303],[4.65234,43.787042],[4.652,43.786002],[4.652,43.7843],[4.651541,43.782689],[4.651572,43.782497],[4.651253,43.782113],[4.650993,43.782047],[4.650112,43.781188],[4.649325,43.780322],[4.649281,43.780054],[4.648839,43.779509],[4.647928,43.778701],[4.647547,43.778203],[4.645667,43.77683],[4.644195,43.775577],[4.643458,43.774884],[4.643042,43.774183],[4.64276,43.77393],[4.641414,43.773383],[4.639721,43.772415],[4.63961,43.771769],[4.639417,43.771389],[4.637053,43.769275],[4.636527,43.768672],[4.634228,43.766791],[4.633574,43.765965],[4.633565,43.765699],[4.633026,43.764949],[4.632799,43.764416],[4.632537,43.764129],[4.631508,43.763508],[4.630316,43.762579],[4.629973,43.762134],[4.629435,43.76072],[4.629077,43.760061],[4.628304,43.757879],[4.628239,43.757238]]]}},{"type":"Feature","properties":{"nom":"Beauvoisin","code":"30033","epci":"CC de Petite Camargue","adherente":true,"part_papi":97.0,"population":6066},"geometry":{"type":"Polygon","coordinates":[[[4.328775,43.734727],[4.329392,43.734673],[4.330388,43.733602],[4.330735,43.732816],[4.331158,43.731443],[4.331674,43.730576],[4.332604,43.729827],[4.333151,43.728817],[4.333273,43.728202],[4.333346,43.728113],[4.334235,43.727983],[4.333997,43.727903],[4.334047,43.727518],[4.335117,43.722404],[4.335509,43.721344],[4.336493,43.719485],[4.337261,43.717239],[4.337361,43.715921],[4.337084,43.71544],[4.33692,43.714844],[4.336919,43.714256],[4.337094,43.713542],[4.336857,43.713574],[4.336778,43.712788],[4.336984,43.712697],[4.337141,43.710982],[4.336843,43.709995],[4.336167,43.70891],[4.33719,43.707647],[4.337414,43.707851],[4.337476,43.706668],[4.33763,43.706203],[4.337659,43.705634],[4.338089,43.70439],[4.338378,43.704279],[4.338331,43.704116],[4.338617,43.704124],[4.338942,43.702395],[4.338792,43.701472],[4.338799,43.699585],[4.338278,43.697469],[4.338132,43.696323],[4.339156,43.693012],[4.339158,43.692779],[4.338609,43.692584],[4.338592,43.692436],[4.33891,43.691169],[4.338993,43.691108],[4.338263,43.690972],[4.339003,43.68799],[4.339071,43.687142],[4.33926,43.686526],[4.339532,43.686111],[4.339718,43.68432],[4.33969,43.6824],[4.339779,43.682264],[4.339449,43.681349],[4.339427,43.680824],[4.342583,43.673294],[4.342902,43.672906],[4.344601,43.668969],[4.347176,43.665073],[4.348161,43.663416],[4.348977,43.66179],[4.349354,43.661323],[4.349783,43.660315],[4.351308,43.657423],[4.352561,43.657799],[4.354247,43.657504],[4.354635,43.657585],[4.35554,43.656433],[4.355676,43.656374],[4.358762,43.651464],[4.350481,43.64955],[4.34919,43.649307],[4.347798,43.648628],[4.34753,43.648695],[4.34843,43.646125],[4.348574,43.64577],[4.348722,43.645682],[4.34971,43.642996],[4.343911,43.641959],[4.342402,43.641589],[4.328166,43.639041],[4.326223,43.644929],[4.325729,43.644989],[4.325339,43.646189],[4.324625,43.647587],[4.324395,43.648461],[4.324222,43.648641],[4.324948,43.648633],[4.322395,43.655607],[4.322267,43.657509],[4.321511,43.662603],[4.321487,43.662878],[4.321625,43.663086],[4.321453,43.663124],[4.321512,43.663455],[4.321894,43.664293],[4.32223,43.66473],[4.322789,43.6652],[4.323107,43.665304],[4.323907,43.665359],[4.323873,43.665508],[4.324162,43.666142],[4.324165,43.666624],[4.324475,43.667746],[4.324256,43.669437],[4.322927,43.671182],[4.322954,43.671278],[4.321707,43.672819],[4.320678,43.673926],[4.320267,43.674494],[4.320004,43.67515],[4.319331,43.683444],[4.3191,43.684456],[4.319208,43.684743],[4.319233,43.685561],[4.319343,43.6857],[4.318048,43.686306],[4.31776,43.686806],[4.317743,43.687345],[4.316489,43.687778],[4.316316,43.687914],[4.314885,43.689381],[4.314549,43.689817],[4.314508,43.690087],[4.314401,43.690065],[4.313487,43.690986],[4.313075,43.691037],[4.312658,43.691218],[4.312402,43.691425],[4.312229,43.691912],[4.310914,43.692377],[4.310491,43.692647],[4.309454,43.692906],[4.309825,43.693683],[4.31,43.694434],[4.309894,43.694996],[4.31041,43.696637],[4.309986,43.69747],[4.309862,43.698898],[4.309648,43.699259],[4.308799,43.699833],[4.307876,43.700723],[4.306976,43.701233],[4.306583,43.701563],[4.306555,43.70169],[4.306047,43.701509],[4.305826,43.70191],[4.305151,43.70217],[4.304693,43.702668],[4.304036,43.702979],[4.303248,43.703096],[4.302408,43.703084],[4.30079,43.704267],[4.300644,43.704297],[4.300408,43.704091],[4.299484,43.705003],[4.2988,43.705152],[4.298478,43.705344],[4.297061,43.706313],[4.29527,43.707816],[4.294935,43.707957],[4.29435,43.70838],[4.293212,43.708951],[4.293158,43.709308],[4.292724,43.709772],[4.29224,43.709454],[4.29179,43.710161],[4.290353,43.710992],[4.28912,43.712043],[4.288937,43.712487],[4.28837,43.713043],[4.287657,43.714025],[4.287062,43.714533],[4.285716,43.715933],[4.28608,43.715979],[4.2863,43.716204],[4.286497,43.716569],[4.28677,43.717723],[4.287333,43.718901],[4.287802,43.720832],[4.287899,43.722023],[4.288084,43.722699],[4.288301,43.724327],[4.288641,43.72834],[4.28869,43.731363],[4.288839,43.732498],[4.288652,43.734135],[4.287951,43.735188],[4.287945,43.735862],[4.28771,43.736444],[4.288217,43.736212],[4.289804,43.735694],[4.290852,43.735449],[4.292862,43.734756],[4.293247,43.736143],[4.295098,43.736152],[4.296674,43.736003],[4.299217,43.736187],[4.301173,43.736415],[4.302316,43.736643],[4.307141,43.737873],[4.309179,43.738247],[4.314174,43.739572],[4.316865,43.740063],[4.318771,43.740095],[4.323055,43.739215],[4.325747,43.73811],[4.326544,43.737852],[4.327002,43.737628],[4.327111,43.737343],[4.327314,43.737216],[4.327977,43.73698],[4.327722,43.736302],[4.327585,43.735421],[4.328921,43.735273],[4.328775,43.734727]]]}},{"type":"Feature","properties":{"nom":"Bellegarde","code":"30034","epci":"CC Beaucaire Terre d'Argence","adherente":false,"part_papi":80.0,"population":8035},"geometry":{"type":"Polygon","coordinates":[[[4.476956,43.780736],[4.482461,43.781832],[4.495883,43.783095],[4.496149,43.783178],[4.496921,43.783099],[4.497378,43.783143],[4.498877,43.78346],[4.49934,43.783496],[4.504297,43.783114],[4.507219,43.783476],[4.512166,43.784173],[4.519667,43.785659],[4.519914,43.785757],[4.521536,43.786027],[4.526501,43.787574],[4.527301,43.787759],[4.527074,43.784293],[4.530991,43.780672],[4.529133,43.776417],[4.529366,43.776018],[4.536585,43.772493],[4.538061,43.770791],[4.538796,43.77014],[4.550894,43.765155],[4.552161,43.763901],[4.551369,43.763393],[4.552138,43.762552],[4.54879,43.759837],[4.544301,43.742573],[4.536359,43.736513],[4.535449,43.735692],[4.534015,43.734614],[4.532621,43.732589],[4.532345,43.731971],[4.532594,43.731767],[4.534274,43.730863],[4.532932,43.729935],[4.532714,43.729958],[4.532002,43.729682],[4.527966,43.727648],[4.525529,43.727143],[4.517612,43.726379],[4.51633,43.726331],[4.513936,43.726332],[4.510969,43.727119],[4.505386,43.726817],[4.497091,43.725041],[4.496859,43.725357],[4.496233,43.725268],[4.496094,43.725119],[4.494529,43.724591],[4.493484,43.724124],[4.493069,43.724454],[4.4902,43.728634],[4.489995,43.728655],[4.485739,43.727209],[4.485645,43.727281],[4.480941,43.734853],[4.480172,43.734702],[4.479705,43.734845],[4.479511,43.734968],[4.479052,43.735544],[4.478155,43.735135],[4.477638,43.734804],[4.47659,43.733783],[4.467849,43.720274],[4.467111,43.718685],[4.465626,43.713637],[4.463871,43.708833],[4.4623,43.70961],[4.457733,43.711439],[4.456556,43.71227],[4.456505,43.712187],[4.454398,43.71384],[4.45432,43.714054],[4.452595,43.715339],[4.451476,43.716317],[4.450152,43.718919],[4.449603,43.720719],[4.448723,43.721238],[4.448233,43.721255],[4.447396,43.721484],[4.446816,43.722012],[4.446655,43.724113],[4.446245,43.72579],[4.44609,43.727877],[4.445957,43.733065],[4.443063,43.739958],[4.441295,43.746029],[4.448258,43.748287],[4.453266,43.750054],[4.455123,43.756013],[4.455165,43.756822],[4.455425,43.75708],[4.455618,43.759357],[4.455956,43.76132],[4.455737,43.764113],[4.456894,43.764768],[4.463515,43.767665],[4.466278,43.771921],[4.466541,43.772527],[4.468531,43.774556],[4.470936,43.777288],[4.476956,43.780736]]]}},{"type":"Feature","properties":{"nom":"Bernis","code":"30036","epci":"CA Nîmes Métropole","adherente":true,"part_papi":100.0,"population":3286},"geometry":{"type":"Polygon","coordinates":[[[4.259095,43.785243],[4.25946,43.785261],[4.259515,43.785898],[4.259788,43.786334],[4.25986,43.786703],[4.260046,43.786708],[4.260037,43.78724],[4.260534,43.787277],[4.26104,43.78718],[4.261355,43.78732],[4.26081,43.788635],[4.260628,43.788877],[4.260609,43.789139],[4.260896,43.789713],[4.261572,43.790228],[4.261689,43.790433],[4.262389,43.789974],[4.262891,43.789431],[4.264208,43.790336],[4.264332,43.790568],[4.264962,43.790132],[4.265058,43.79022],[4.26716,43.789651],[4.267312,43.789815],[4.267519,43.789766],[4.267474,43.789682],[4.268396,43.789311],[4.269175,43.790099],[4.269524,43.790098],[4.269733,43.790546],[4.270021,43.790834],[4.269781,43.791187],[4.270013,43.791475],[4.26976,43.791969],[4.271257,43.792633],[4.271359,43.792426],[4.271573,43.792521],[4.271432,43.792802],[4.271495,43.792865],[4.271113,43.793151],[4.271721,43.793356],[4.271635,43.793563],[4.273208,43.794017],[4.272898,43.794158],[4.271977,43.794071],[4.2721,43.794466],[4.273137,43.794602],[4.273749,43.794389],[4.273823,43.79474],[4.274243,43.795243],[4.273102,43.795994],[4.27496,43.796463],[4.27483,43.796927],[4.275627,43.797161],[4.275194,43.797804],[4.275293,43.79784],[4.275204,43.797973],[4.275475,43.798355],[4.275711,43.79839],[4.275671,43.79858],[4.276281,43.798651],[4.276429,43.79826],[4.276185,43.798123],[4.276225,43.798031],[4.276682,43.797643],[4.277352,43.796789],[4.278142,43.79634],[4.278533,43.795762],[4.278847,43.79548],[4.280649,43.794678],[4.281375,43.794628],[4.28133,43.793823],[4.280976,43.793695],[4.280984,43.793524],[4.281143,43.793476],[4.281182,43.793188],[4.281555,43.793181],[4.281571,43.79327],[4.282073,43.793396],[4.282252,43.792148],[4.282828,43.79213],[4.282725,43.791604],[4.28294,43.791336],[4.283278,43.791255],[4.283444,43.791138],[4.283617,43.790819],[4.284461,43.789817],[4.285119,43.789956],[4.286128,43.789352],[4.286205,43.789413],[4.286463,43.789355],[4.28673,43.789152],[4.2871,43.788398],[4.287127,43.788101],[4.288047,43.788138],[4.288286,43.787827],[4.288658,43.786737],[4.288753,43.786699],[4.288962,43.786198],[4.289218,43.785885],[4.290751,43.785689],[4.293029,43.785167],[4.292842,43.784247],[4.293482,43.783272],[4.293737,43.782367],[4.294263,43.78174],[4.296158,43.780322],[4.297667,43.779605],[4.298349,43.779489],[4.298964,43.778967],[4.299918,43.778482],[4.300571,43.778244],[4.300964,43.777959],[4.301386,43.777471],[4.301953,43.777673],[4.302926,43.775834],[4.30308,43.775152],[4.302936,43.775056],[4.303395,43.774398],[4.303111,43.774229],[4.304544,43.772198],[4.304341,43.771955],[4.304509,43.771673],[4.303673,43.771419],[4.304508,43.770297],[4.306378,43.770524],[4.30665,43.770495],[4.307758,43.768732],[4.308861,43.767878],[4.308918,43.767031],[4.309055,43.766703],[4.310382,43.766275],[4.31025,43.765832],[4.30973,43.765264],[4.308712,43.76499],[4.307826,43.764409],[4.307352,43.763694],[4.306343,43.762758],[4.305658,43.76254],[4.303138,43.762128],[4.302289,43.762125],[4.301371,43.762289],[4.300766,43.762261],[4.299924,43.761994],[4.298149,43.761119],[4.298243,43.760555],[4.298732,43.760352],[4.298941,43.759823],[4.298801,43.759361],[4.298883,43.758494],[4.299819,43.756224],[4.299507,43.755078],[4.299699,43.754791],[4.29997,43.754624],[4.300481,43.754499],[4.300599,43.754145],[4.301015,43.753945],[4.300774,43.753461],[4.300773,43.753246],[4.300988,43.752868],[4.301352,43.752886],[4.301808,43.752693],[4.301894,43.752415],[4.301743,43.752043],[4.301745,43.751487],[4.301628,43.751336],[4.300866,43.751338],[4.300257,43.750657],[4.299528,43.750512],[4.299203,43.750329],[4.29887,43.749508],[4.298615,43.749485],[4.297553,43.749754],[4.297307,43.749942],[4.296771,43.750055],[4.296614,43.750153],[4.29643,43.750487],[4.296249,43.750587],[4.295898,43.750552],[4.29519,43.74996],[4.295234,43.749173],[4.294928,43.748764],[4.293947,43.748268],[4.293325,43.748149],[4.292697,43.747638],[4.292431,43.747596],[4.292169,43.747692],[4.291685,43.747707],[4.290101,43.747321],[4.290411,43.74669],[4.290706,43.746623],[4.291291,43.746747],[4.291351,43.746709],[4.291792,43.745964],[4.292701,43.745401],[4.294518,43.743255],[4.294978,43.742172],[4.293438,43.741265],[4.298007,43.740318],[4.300132,43.740311],[4.301972,43.740144],[4.30255,43.737922],[4.301936,43.737691],[4.302316,43.736643],[4.301173,43.736415],[4.299217,43.736187],[4.296674,43.736003],[4.295098,43.736152],[4.29347,43.738572],[4.293095,43.739628],[4.292273,43.74055],[4.292049,43.740412],[4.289248,43.744719],[4.288158,43.74678],[4.287399,43.746507],[4.286208,43.74586],[4.28611,43.745949],[4.284998,43.747721],[4.284652,43.747807],[4.284417,43.747979],[4.284159,43.748466],[4.284724,43.749208],[4.284878,43.749589],[4.284667,43.750576],[4.284455,43.750586],[4.283934,43.750929],[4.28385,43.75126],[4.282129,43.753044],[4.281779,43.752919],[4.280612,43.754475],[4.280352,43.754728],[4.279959,43.754905],[4.278757,43.756438],[4.278383,43.756762],[4.278261,43.756766],[4.278372,43.756984],[4.27833,43.75708],[4.276603,43.759307],[4.275629,43.760726],[4.275787,43.761867],[4.276759,43.762241],[4.276925,43.762529],[4.27623,43.763335],[4.275876,43.763555],[4.275767,43.763528],[4.275077,43.764223],[4.275063,43.764357],[4.275413,43.764948],[4.275382,43.765028],[4.274835,43.765351],[4.273905,43.766832],[4.273457,43.767365],[4.272807,43.767747],[4.272456,43.768096],[4.271693,43.767915],[4.271424,43.767928],[4.27136,43.768108],[4.270803,43.767969],[4.269838,43.767911],[4.269594,43.768168],[4.269122,43.768447],[4.268765,43.768507],[4.268611,43.768429],[4.268113,43.768382],[4.268054,43.768519],[4.2664,43.768829],[4.266472,43.769454],[4.266217,43.76946],[4.265874,43.769587],[4.265202,43.769975],[4.264905,43.770247],[4.264381,43.771091],[4.263488,43.772102],[4.263175,43.77264],[4.26291,43.772705],[4.262501,43.773919],[4.262385,43.77482],[4.261773,43.775177],[4.260813,43.775451],[4.259696,43.775992],[4.258072,43.776051],[4.257834,43.776124],[4.256065,43.77716],[4.255289,43.778076],[4.255634,43.77897],[4.255508,43.780816],[4.255268,43.781021],[4.254451,43.782371],[4.255451,43.783702],[4.256232,43.784133],[4.256326,43.784429],[4.256986,43.784482],[4.25795,43.78473],[4.259265,43.784739],[4.259146,43.784832],[4.259095,43.785243]]]}},{"type":"Feature","properties":{"nom":"Bezouce","code":"30039","epci":"CA Nîmes Métropole","adherente":true,"part_papi":100.0,"population":2348},"geometry":{"type":"Polygon","coordinates":[[[4.52179,43.870337],[4.521837,43.87026],[4.520635,43.866805],[4.521304,43.865432],[4.521899,43.863767],[4.52275,43.862321],[4.523237,43.861147],[4.523619,43.860018],[4.523445,43.859753],[4.523193,43.859594],[4.522588,43.859438],[4.521215,43.859286],[4.519804,43.85878],[4.517424,43.858226],[4.516414,43.857756],[4.509006,43.856108],[4.506029,43.856359],[4.505694,43.856532],[4.503418,43.856929],[4.502436,43.857091],[4.501459,43.857114],[4.488584,43.854608],[4.485008,43.854181],[4.483848,43.854114],[4.482989,43.857673],[4.482183,43.859922],[4.481903,43.860412],[4.481483,43.862244],[4.48121,43.862597],[4.481128,43.865552],[4.481431,43.865944],[4.481474,43.866171],[4.481345,43.868023],[4.481634,43.868798],[4.482196,43.869298],[4.482294,43.869668],[4.48258,43.869808],[4.482602,43.870871],[4.482745,43.871176],[4.482572,43.87218],[4.4829,43.872469],[4.484703,43.873598],[4.485044,43.874186],[4.485099,43.87463],[4.483029,43.87953],[4.483093,43.879552],[4.482269,43.882168],[4.481997,43.882781],[4.481507,43.883546],[4.480634,43.884354],[4.480155,43.885278],[4.479972,43.885412],[4.47961,43.885502],[4.484972,43.889578],[4.485905,43.890152],[4.486428,43.890694],[4.487965,43.891801],[4.49032,43.895535],[4.490505,43.895966],[4.490743,43.896117],[4.49326,43.89898],[4.49835,43.899263],[4.498961,43.898931],[4.50024,43.898468],[4.501813,43.897038],[4.502374,43.89669],[4.503215,43.896385],[4.504825,43.896],[4.505361,43.895743],[4.506081,43.895591],[4.507531,43.894733],[4.508188,43.894465],[4.508764,43.89439],[4.509213,43.89408],[4.509618,43.893665],[4.509641,43.893275],[4.509869,43.892761],[4.510534,43.892194],[4.510694,43.89186],[4.510902,43.890908],[4.510716,43.89059],[4.511597,43.888184],[4.513073,43.886727],[4.513657,43.88683],[4.514265,43.885426],[4.51466,43.885415],[4.514756,43.885285],[4.51545,43.883978],[4.516646,43.880561],[4.517138,43.879262],[4.517507,43.878594],[4.51778,43.877722],[4.517956,43.877663],[4.521009,43.877663],[4.524217,43.877781],[4.52179,43.870337]]]}},{"type":"Feature","properties":{"nom":"Boissières","code":"30043","epci":"CC Rhôny-Vistre-Vidourle","adherente":true,"part_papi":100.0,"population":588},"geometry":{"type":"Polygon","coordinates":[[[4.240487,43.772152],[4.239852,43.771678],[4.240984,43.771249],[4.241638,43.771084],[4.240729,43.769371],[4.240579,43.768803],[4.23983,43.767266],[4.239632,43.766724],[4.239446,43.765558],[4.239573,43.7648],[4.239936,43.764078],[4.240903,43.761545],[4.241285,43.758223],[4.2379,43.757919],[4.234152,43.757935],[4.231567,43.762943],[4.231002,43.763829],[4.224566,43.766735],[4.221059,43.767568],[4.219418,43.768205],[4.219379,43.768309],[4.217015,43.767592],[4.217717,43.768724],[4.215267,43.769032],[4.213663,43.769394],[4.214384,43.770298],[4.214776,43.771033],[4.2157,43.772023],[4.216323,43.77307],[4.216591,43.773799],[4.21692,43.775616],[4.21666,43.778644],[4.217084,43.778596],[4.21723,43.780013],[4.217431,43.780407],[4.218664,43.780074],[4.219517,43.779635],[4.221326,43.781039],[4.223038,43.77982],[4.223909,43.778809],[4.226965,43.777305],[4.228182,43.778872],[4.229779,43.780697],[4.229894,43.78072],[4.230343,43.780404],[4.232595,43.778554],[4.233119,43.778729],[4.233276,43.778921],[4.233513,43.779041],[4.233924,43.779141],[4.235007,43.779101],[4.235504,43.779503],[4.235879,43.779953],[4.236717,43.779272],[4.236913,43.778041],[4.23714,43.778074],[4.238655,43.777723],[4.238997,43.776811],[4.241429,43.773043],[4.240487,43.772152]]]}},{"type":"Feature","properties":{"nom":"Bouillargues","code":"30047","epci":"CA Nîmes Métropole","adherente":true,"part_papi":100.0,"population":6070},"geometry":{"type":"Polygon","coordinates":[[[4.398725,43.813792],[4.398762,43.814449],[4.399065,43.814824],[4.401755,43.816533],[4.404454,43.817929],[4.40512,43.817902],[4.405453,43.817971],[4.406429,43.818329],[4.406974,43.818616],[4.408396,43.820156],[4.408156,43.821327],[4.408286,43.821611],[4.408673,43.821912],[4.408975,43.822403],[4.410548,43.822842],[4.411637,43.822833],[4.411852,43.822986],[4.412323,43.823125],[4.414649,43.823654],[4.414821,43.823509],[4.41403,43.822728],[4.413646,43.822162],[4.416283,43.822648],[4.416783,43.822134],[4.417081,43.820889],[4.417314,43.820371],[4.41764,43.819968],[4.41768,43.82019],[4.418686,43.820765],[4.419761,43.819632],[4.421555,43.818656],[4.423016,43.818084],[4.423618,43.817706],[4.424457,43.817346],[4.428132,43.820152],[4.429557,43.821712],[4.4303,43.821796],[4.431519,43.820431],[4.433678,43.820002],[4.434708,43.819952],[4.435439,43.818839],[4.435911,43.817741],[4.437162,43.816424],[4.437497,43.815884],[4.439604,43.816806],[4.442976,43.818017],[4.443523,43.817569],[4.443748,43.817268],[4.444929,43.817867],[4.44541,43.817176],[4.447537,43.817979],[4.448048,43.816755],[4.45007,43.817439],[4.449729,43.818333],[4.452084,43.818564],[4.452019,43.819622],[4.452703,43.819675],[4.452666,43.819348],[4.453106,43.816868],[4.453168,43.815519],[4.452826,43.814664],[4.452228,43.814388],[4.452222,43.814116],[4.453384,43.811262],[4.455605,43.808532],[4.456304,43.808406],[4.457714,43.806637],[4.45782,43.806727],[4.458197,43.806021],[4.459282,43.804868],[4.459459,43.803954],[4.459488,43.803184],[4.46062,43.799461],[4.462218,43.794692],[4.462419,43.793807],[4.462663,43.793239],[4.466843,43.779686],[4.470936,43.777288],[4.468531,43.774556],[4.468107,43.774192],[4.466707,43.774901],[4.460038,43.777858],[4.45197,43.780591],[4.441646,43.785967],[4.434573,43.788616],[4.433751,43.789003],[4.432342,43.789884],[4.430318,43.791563],[4.428536,43.79258],[4.424964,43.794055],[4.423418,43.79477],[4.422353,43.795108],[4.421165,43.794421],[4.418928,43.792856],[4.418047,43.792662],[4.417933,43.792549],[4.417626,43.791557],[4.417534,43.791002],[4.416255,43.789349],[4.415736,43.78873],[4.41472,43.788301],[4.413714,43.78684],[4.411361,43.784531],[4.410453,43.787246],[4.409811,43.791256],[4.409833,43.79157],[4.410182,43.792438],[4.410737,43.793531],[4.410695,43.794145],[4.41054,43.794505],[4.409746,43.795059],[4.40916,43.795819],[4.409008,43.796423],[4.409098,43.796836],[4.409002,43.797678],[4.408269,43.799533],[4.407738,43.800168],[4.407275,43.801003],[4.40718,43.801365],[4.406711,43.801854],[4.401762,43.80986],[4.401217,43.810607],[4.399032,43.812777],[4.398056,43.81351],[4.398725,43.813792]]]}},{"type":"Feature","properties":{"nom":"Cabrières","code":"30057","epci":"CA Nîmes Métropole","adherente":true,"part_papi":75.0,"population":1817},"geometry":{"type":"Polygon","coordinates":[[[4.447883,43.929705],[4.452123,43.929229],[4.453135,43.929213],[4.455711,43.92957],[4.457902,43.930253],[4.461484,43.92967],[4.4659,43.929227],[4.470565,43.929115],[4.471701,43.927564],[4.475251,43.923398],[4.477269,43.920523],[4.477828,43.920002],[4.48106,43.91914],[4.485124,43.918309],[4.487852,43.918393],[4.488246,43.917806],[4.48917,43.915835],[4.49026,43.915027],[4.490533,43.911975],[4.490368,43.911966],[4.490733,43.911707],[4.491414,43.911526],[4.492015,43.911268],[4.492809,43.910778],[4.493002,43.910178],[4.493035,43.908618],[4.493477,43.908002],[4.493503,43.907702],[4.493173,43.904859],[4.492276,43.902981],[4.490881,43.899512],[4.490505,43.895966],[4.49032,43.895535],[4.487965,43.891801],[4.486428,43.890694],[4.485905,43.890152],[4.484972,43.889578],[4.47961,43.885502],[4.476995,43.886592],[4.475064,43.887963],[4.473646,43.88849],[4.473328,43.888545],[4.473176,43.888652],[4.470734,43.889036],[4.466814,43.889306],[4.460403,43.889515],[4.459239,43.88963],[4.45585,43.890213],[4.450959,43.890018],[4.450742,43.889842],[4.445928,43.891325],[4.445999,43.893837],[4.445852,43.894062],[4.445824,43.894339],[4.44585,43.896568],[4.446009,43.897284],[4.446184,43.897406],[4.447167,43.899224],[4.447498,43.900326],[4.447527,43.900977],[4.44688,43.904202],[4.444411,43.912498],[4.444196,43.914326],[4.444243,43.918153],[4.444093,43.920003],[4.443975,43.924384],[4.444062,43.927912],[4.443863,43.929519],[4.447883,43.929705]]]}},{"type":"Feature","properties":{"nom":"Caissargues","code":"30060","epci":"CA Nîmes Métropole","adherente":true,"part_papi":100.0,"population":4079},"geometry":{"type":"Polygon","coordinates":[[[4.417104,43.77426],[4.415935,43.774294],[4.413433,43.773824],[4.404877,43.771336],[4.403828,43.772788],[4.401322,43.77508],[4.400543,43.775627],[4.39856,43.776771],[4.396995,43.778041],[4.394871,43.780358],[4.391563,43.784759],[4.390972,43.784844],[4.390452,43.784774],[4.38849,43.783994],[4.387443,43.783338],[4.384337,43.782687],[4.383368,43.781934],[4.382362,43.781652],[4.381305,43.7831],[4.380286,43.785338],[4.380216,43.786278],[4.380307,43.786987],[4.380544,43.787587],[4.38063,43.788122],[4.380426,43.790214],[4.379912,43.790441],[4.379157,43.791043],[4.378806,43.791481],[4.378664,43.791863],[4.376253,43.792066],[4.375489,43.79203],[4.373449,43.791723],[4.37244,43.791712],[4.372224,43.792147],[4.371101,43.79307],[4.370539,43.793326],[4.369657,43.793541],[4.369137,43.793855],[4.368724,43.794437],[4.368475,43.795123],[4.367469,43.795933],[4.36697,43.796158],[4.366006,43.79636],[4.366571,43.796762],[4.367289,43.797084],[4.368203,43.797355],[4.369845,43.797686],[4.3753,43.800019],[4.374092,43.801614],[4.373925,43.802001],[4.374641,43.802096],[4.377592,43.800461],[4.378942,43.800468],[4.380133,43.800602],[4.380719,43.800757],[4.383736,43.802078],[4.385081,43.802848],[4.386302,43.803858],[4.387422,43.805194],[4.387814,43.806263],[4.388389,43.807129],[4.389587,43.808432],[4.390652,43.809253],[4.391616,43.809867],[4.394883,43.811423],[4.398056,43.81351],[4.399032,43.812777],[4.401217,43.810607],[4.401762,43.80986],[4.406711,43.801854],[4.40718,43.801365],[4.407275,43.801003],[4.407738,43.800168],[4.408269,43.799533],[4.409002,43.797678],[4.409098,43.796836],[4.409008,43.796423],[4.40916,43.795819],[4.409746,43.795059],[4.41054,43.794505],[4.410695,43.794145],[4.410737,43.793531],[4.410182,43.792438],[4.409833,43.79157],[4.409811,43.791256],[4.410453,43.787246],[4.411361,43.784531],[4.41206,43.781975],[4.415335,43.777339],[4.416428,43.775318],[4.417091,43.774663],[4.417874,43.774092],[4.417104,43.77426]]]}},{"type":"Feature","properties":{"nom":"Calvisson","code":"30062","epci":"CC du Pays de Sommières","adherente":true,"part_papi":26.0,"population":6486},"geometry":{"type":"Polygon","coordinates":[[[4.171365,43.819485],[4.17287,43.819538],[4.173024,43.819476],[4.173636,43.819571],[4.174476,43.819428],[4.17603,43.819392],[4.176239,43.819507],[4.17668,43.819488],[4.176893,43.819628],[4.177966,43.819578],[4.178187,43.819702],[4.178992,43.819723],[4.179299,43.819625],[4.180083,43.81955],[4.180282,43.819591],[4.180943,43.819247],[4.181706,43.818689],[4.182176,43.818227],[4.18235,43.81823],[4.182496,43.818075],[4.182741,43.81799],[4.183332,43.817968],[4.183636,43.818207],[4.184233,43.818209],[4.184483,43.818319],[4.185075,43.818162],[4.18545,43.81798],[4.185867,43.818112],[4.185993,43.818278],[4.187057,43.818265],[4.187198,43.818033],[4.187712,43.817677],[4.187907,43.817197],[4.188494,43.816588],[4.18836,43.816319],[4.190224,43.816093],[4.191881,43.81559],[4.192291,43.815572],[4.192587,43.81567],[4.193028,43.815642],[4.194704,43.815174],[4.195919,43.815123],[4.19622,43.814869],[4.196944,43.814652],[4.197493,43.813896],[4.197726,43.813845],[4.198388,43.813959],[4.198876,43.813637],[4.19943,43.812802],[4.199943,43.81252],[4.200428,43.812464],[4.201206,43.812621],[4.201905,43.812437],[4.203544,43.811547],[4.204128,43.811356],[4.205036,43.810801],[4.205937,43.810482],[4.206343,43.810541],[4.206934,43.809603],[4.207602,43.808858],[4.209736,43.805752],[4.211667,43.803703],[4.212039,43.803185],[4.212183,43.8028],[4.212539,43.802517],[4.212893,43.802443],[4.212884,43.802115],[4.213569,43.800918],[4.214612,43.799873],[4.211661,43.797781],[4.211197,43.796979],[4.210954,43.796259],[4.210797,43.796054],[4.210387,43.79592],[4.210445,43.795794],[4.21031,43.795708],[4.210228,43.795178],[4.210508,43.794948],[4.210469,43.794543],[4.210734,43.794081],[4.210648,43.793955],[4.210725,43.793588],[4.212272,43.791534],[4.213257,43.789766],[4.213242,43.789581],[4.214231,43.787153],[4.214197,43.787004],[4.213938,43.786806],[4.214157,43.786467],[4.214376,43.785716],[4.214705,43.78525],[4.215276,43.784934],[4.215475,43.784693],[4.215613,43.784035],[4.215935,43.783307],[4.216,43.782814],[4.215871,43.782169],[4.215907,43.781778],[4.216313,43.780947],[4.21667,43.779555],[4.216693,43.777986],[4.21692,43.775616],[4.216591,43.773799],[4.216323,43.77307],[4.2157,43.772023],[4.214776,43.771033],[4.214384,43.770298],[4.213663,43.769394],[4.215267,43.769032],[4.217717,43.768724],[4.217015,43.767592],[4.219379,43.768309],[4.219418,43.768205],[4.221059,43.767568],[4.224566,43.766735],[4.231002,43.763829],[4.231567,43.762943],[4.234152,43.757935],[4.229285,43.755929],[4.224992,43.754289],[4.218109,43.751912],[4.209976,43.751688],[4.20968,43.751564],[4.20964,43.751346],[4.209835,43.750684],[4.209583,43.750585],[4.207671,43.750478],[4.203366,43.750403],[4.203229,43.750108],[4.202421,43.750158],[4.201975,43.750201],[4.202128,43.750527],[4.202164,43.751051],[4.200043,43.751136],[4.19967,43.751376],[4.199684,43.751803],[4.200504,43.751895],[4.20023,43.752781],[4.199184,43.752561],[4.199118,43.753169],[4.198908,43.753145],[4.198816,43.753621],[4.197468,43.754401],[4.196453,43.754925],[4.196195,43.754976],[4.195564,43.755382],[4.195272,43.755777],[4.195311,43.756022],[4.194506,43.756691],[4.194195,43.756856],[4.193761,43.75733],[4.190626,43.758972],[4.190192,43.759475],[4.185792,43.762245],[4.185773,43.762407],[4.185382,43.762387],[4.185105,43.762503],[4.183526,43.762666],[4.181045,43.762384],[4.179871,43.762404],[4.177969,43.761915],[4.17665,43.761858],[4.176245,43.76201],[4.176749,43.762765],[4.177241,43.76308],[4.177625,43.763741],[4.177911,43.763979],[4.178102,43.764293],[4.178919,43.764923],[4.179915,43.765333],[4.179792,43.766849],[4.180132,43.768496],[4.180251,43.768572],[4.180254,43.76901],[4.178126,43.771647],[4.178384,43.77543],[4.178334,43.775512],[4.177097,43.775259],[4.177176,43.777059],[4.177336,43.778196],[4.176655,43.778171],[4.175861,43.778],[4.175146,43.777947],[4.174395,43.777908],[4.173844,43.777961],[4.174018,43.778602],[4.173898,43.779476],[4.173931,43.779948],[4.174099,43.780443],[4.169624,43.783549],[4.169633,43.785855],[4.169367,43.786637],[4.167919,43.787485],[4.166968,43.787745],[4.164683,43.788606],[4.163385,43.789247],[4.16256,43.7898],[4.161758,43.790074],[4.159891,43.78998],[4.159494,43.79002],[4.156759,43.79066],[4.155142,43.790713],[4.154306,43.790854],[4.152144,43.792124],[4.149591,43.792221],[4.148678,43.792008],[4.148347,43.792007],[4.147081,43.793421],[4.147394,43.794317],[4.143773,43.799618],[4.144364,43.800166],[4.144412,43.800362],[4.14392,43.802031],[4.144046,43.802257],[4.144375,43.802503],[4.144667,43.802871],[4.144688,43.803794],[4.144868,43.804326],[4.145317,43.805031],[4.145883,43.805631],[4.146585,43.805984],[4.147126,43.806044],[4.147847,43.806014],[4.148745,43.805842],[4.150288,43.805393],[4.151175,43.805008],[4.151659,43.807038],[4.151579,43.807197],[4.151239,43.813982],[4.153446,43.815539],[4.157584,43.816076],[4.157609,43.82055],[4.171365,43.819485]]]}},{"type":"Feature","properties":{"nom":"Caveirac","code":"30075","epci":"CA Nîmes Métropole","adherente":true,"part_papi":87.0,"population":4408},"geometry":{"type":"Polygon","coordinates":[[[4.239729,43.819799],[4.240435,43.820114],[4.240919,43.820131],[4.241005,43.820255],[4.240886,43.820489],[4.242387,43.821125],[4.242815,43.821236],[4.243171,43.821486],[4.244242,43.821804],[4.244403,43.822344],[4.245331,43.822922],[4.246091,43.823174],[4.246632,43.823549],[4.246759,43.823779],[4.247211,43.823935],[4.247461,43.824125],[4.24741,43.824624],[4.24748,43.824803],[4.246523,43.825912],[4.247531,43.82607],[4.248936,43.826054],[4.248719,43.826677],[4.248171,43.827408],[4.248062,43.828209],[4.248209,43.828878],[4.24855,43.829331],[4.248246,43.829376],[4.248372,43.830584],[4.248074,43.830784],[4.248166,43.831006],[4.248593,43.831244],[4.248971,43.831885],[4.249291,43.831865],[4.249427,43.832033],[4.249446,43.83241],[4.248538,43.833064],[4.248324,43.833357],[4.248205,43.833851],[4.247947,43.834122],[4.247959,43.834487],[4.247777,43.834601],[4.24744,43.835351],[4.247285,43.835821],[4.247351,43.835848],[4.246523,43.836952],[4.246136,43.838209],[4.245976,43.838293],[4.243968,43.845399],[4.240658,43.854639],[4.239705,43.856997],[4.258154,43.854352],[4.26311,43.853504],[4.26692,43.852981],[4.271241,43.852536],[4.271565,43.852598],[4.274382,43.852339],[4.277359,43.85224],[4.279313,43.852087],[4.283869,43.851057],[4.283807,43.850612],[4.282913,43.84962],[4.280002,43.848314],[4.279027,43.847738],[4.279812,43.847663],[4.280302,43.8475],[4.281637,43.847487],[4.285406,43.847798],[4.286371,43.847658],[4.287471,43.847681],[4.287939,43.847492],[4.290103,43.847001],[4.291551,43.846509],[4.292298,43.846155],[4.292586,43.8461],[4.29316,43.84614],[4.293989,43.846018],[4.295097,43.845495],[4.294119,43.844939],[4.292454,43.844883],[4.291462,43.844664],[4.290583,43.844193],[4.289636,43.844058],[4.288648,43.843403],[4.287254,43.842881],[4.285816,43.842194],[4.2852,43.841709],[4.285008,43.84115],[4.284163,43.840559],[4.28442,43.840146],[4.285115,43.840182],[4.285635,43.840066],[4.286515,43.839524],[4.287567,43.838388],[4.288197,43.83708],[4.288177,43.836963],[4.287746,43.83662],[4.287757,43.836486],[4.28878,43.835603],[4.28899,43.835555],[4.28927,43.835692],[4.290378,43.836438],[4.29064,43.836488],[4.291032,43.836208],[4.291139,43.835373],[4.291076,43.834854],[4.291247,43.834927],[4.291438,43.834484],[4.291494,43.83383],[4.29166,43.833263],[4.292385,43.832384],[4.292603,43.831915],[4.292648,43.831635],[4.292334,43.830827],[4.292327,43.830357],[4.292507,43.829698],[4.292451,43.829204],[4.292574,43.827144],[4.292665,43.826736],[4.29339,43.825312],[4.294238,43.824212],[4.294913,43.823709],[4.295567,43.822424],[4.29613,43.821871],[4.296674,43.821087],[4.297628,43.820316],[4.297746,43.820371],[4.297878,43.820314],[4.298359,43.819993],[4.298693,43.81847],[4.300383,43.817956],[4.300696,43.817718],[4.301551,43.817337],[4.30147,43.817236],[4.301646,43.816671],[4.302559,43.81588],[4.303296,43.81501],[4.303751,43.814716],[4.304886,43.813572],[4.303589,43.813325],[4.301674,43.812735],[4.299843,43.811843],[4.299915,43.812209],[4.300286,43.812745],[4.299984,43.813022],[4.299629,43.81319],[4.298768,43.814217],[4.299321,43.814412],[4.299434,43.814371],[4.299814,43.814514],[4.299886,43.81461],[4.30083,43.814847],[4.301206,43.815036],[4.301101,43.815235],[4.301192,43.815299],[4.301043,43.815516],[4.301234,43.815611],[4.300336,43.816805],[4.299291,43.817347],[4.299288,43.817488],[4.298861,43.817607],[4.297676,43.817496],[4.296468,43.817279],[4.296446,43.817377],[4.294939,43.817117],[4.293942,43.816796],[4.293188,43.816816],[4.291922,43.817185],[4.291055,43.817343],[4.29013,43.817386],[4.288756,43.817287],[4.28693,43.816915],[4.286091,43.817168],[4.285531,43.817225],[4.285229,43.817185],[4.284705,43.816981],[4.284433,43.816734],[4.284233,43.816661],[4.280706,43.817925],[4.280586,43.818072],[4.280336,43.818004],[4.279909,43.818297],[4.278004,43.818092],[4.275568,43.816997],[4.275118,43.816891],[4.274957,43.817113],[4.274354,43.81702],[4.273249,43.816429],[4.271651,43.815973],[4.270945,43.815552],[4.270231,43.815471],[4.26967,43.815319],[4.26806,43.814686],[4.268072,43.814604],[4.267585,43.814442],[4.267628,43.814357],[4.26686,43.813894],[4.266651,43.814014],[4.265562,43.813266],[4.264756,43.812468],[4.263565,43.812503],[4.262797,43.812604],[4.262333,43.812414],[4.261463,43.812409],[4.261143,43.812979],[4.260689,43.813175],[4.259771,43.814098],[4.259525,43.814172],[4.259276,43.814703],[4.259298,43.815296],[4.259436,43.815415],[4.258814,43.815884],[4.258598,43.816157],[4.258979,43.816342],[4.258303,43.817269],[4.258307,43.817374],[4.257371,43.817879],[4.257068,43.817889],[4.256382,43.818196],[4.256231,43.818126],[4.255565,43.818288],[4.254918,43.818262],[4.254575,43.818429],[4.253892,43.818187],[4.253487,43.818454],[4.253205,43.818539],[4.252501,43.819071],[4.251894,43.818808],[4.251688,43.818957],[4.251619,43.818864],[4.250755,43.818794],[4.250215,43.819002],[4.249062,43.818253],[4.247309,43.817311],[4.245211,43.816638],[4.245032,43.816508],[4.244935,43.816276],[4.2441,43.815768],[4.242676,43.815914],[4.241053,43.815861],[4.240847,43.817144],[4.239701,43.819054],[4.239729,43.819799]]]}},{"type":"Feature","properties":{"nom":"Clarensac","code":"30082","epci":"CA Nîmes Métropole","adherente":true,"part_papi":59.0,"population":4386},"geometry":{"type":"Polygon","coordinates":[[[4.240658,43.854639],[4.243968,43.845399],[4.245976,43.838293],[4.246136,43.838209],[4.246523,43.836952],[4.247351,43.835848],[4.247285,43.835821],[4.24744,43.835351],[4.247777,43.834601],[4.247959,43.834487],[4.247947,43.834122],[4.248205,43.833851],[4.248324,43.833357],[4.248538,43.833064],[4.249446,43.83241],[4.249427,43.832033],[4.249291,43.831865],[4.248971,43.831885],[4.248593,43.831244],[4.248166,43.831006],[4.248074,43.830784],[4.248372,43.830584],[4.248246,43.829376],[4.24855,43.829331],[4.248209,43.828878],[4.248062,43.828209],[4.248171,43.827408],[4.248719,43.826677],[4.248936,43.826054],[4.247531,43.82607],[4.246523,43.825912],[4.24748,43.824803],[4.24741,43.824624],[4.247461,43.824125],[4.247211,43.823935],[4.246759,43.823779],[4.246632,43.823549],[4.246091,43.823174],[4.245331,43.822922],[4.244403,43.822344],[4.244242,43.821804],[4.243171,43.821486],[4.242815,43.821236],[4.242387,43.821125],[4.240886,43.820489],[4.241005,43.820255],[4.240919,43.820131],[4.240435,43.820114],[4.239729,43.819799],[4.239701,43.819054],[4.23888,43.818888],[4.238411,43.818633],[4.238515,43.81818],[4.237979,43.817513],[4.237739,43.817252],[4.236505,43.816513],[4.235574,43.816317],[4.233987,43.816154],[4.233618,43.816038],[4.232747,43.81601],[4.231934,43.815537],[4.230843,43.815166],[4.229901,43.814942],[4.228736,43.815002],[4.226393,43.814966],[4.224971,43.815134],[4.223733,43.815192],[4.223305,43.815092],[4.223049,43.814925],[4.221916,43.814653],[4.2212,43.814705],[4.219616,43.81446],[4.218975,43.81423],[4.217947,43.81293],[4.217462,43.812716],[4.217446,43.812517],[4.217359,43.81252],[4.217357,43.811641],[4.216855,43.810746],[4.216401,43.810835],[4.215523,43.811242],[4.214845,43.810557],[4.214343,43.810232],[4.213521,43.810673],[4.213982,43.811253],[4.214661,43.812468],[4.215525,43.813595],[4.214978,43.814482],[4.214904,43.815131],[4.214096,43.816376],[4.213349,43.816852],[4.212582,43.817495],[4.211894,43.818326],[4.209955,43.819897],[4.208977,43.82058],[4.208161,43.821449],[4.20803,43.821402],[4.207905,43.821476],[4.207086,43.822385],[4.207248,43.822834],[4.207118,43.823565],[4.208502,43.824636],[4.209375,43.826188],[4.210073,43.826447],[4.208889,43.829352],[4.210009,43.829349],[4.210981,43.82962],[4.210497,43.830485],[4.210258,43.830485],[4.210121,43.830577],[4.209955,43.830966],[4.209542,43.831011],[4.208771,43.83189],[4.208649,43.832181],[4.20872,43.832826],[4.208497,43.83309],[4.208053,43.833309],[4.206273,43.836232],[4.204367,43.838069],[4.202837,43.838973],[4.20151,43.841457],[4.201166,43.841769],[4.20074,43.844195],[4.201198,43.845037],[4.201896,43.84586],[4.201954,43.846574],[4.200817,43.848812],[4.203729,43.850389],[4.207756,43.852308],[4.208072,43.85256],[4.208719,43.852428],[4.209235,43.852642],[4.209655,43.852923],[4.209862,43.852895],[4.209988,43.852971],[4.210238,43.853302],[4.21044,43.854402],[4.210656,43.854603],[4.210763,43.85507],[4.211131,43.855612],[4.2114,43.856511],[4.211527,43.857391],[4.211135,43.85797],[4.209902,43.85875],[4.209742,43.859059],[4.210047,43.85956],[4.210545,43.86005],[4.211257,43.860603],[4.212437,43.861067],[4.212512,43.861133],[4.212336,43.861224],[4.217536,43.860315],[4.219833,43.860028],[4.2219,43.859874],[4.227216,43.85989],[4.234955,43.858168],[4.237477,43.85736],[4.239705,43.856997],[4.240658,43.854639]]]}},{"type":"Feature","properties":{"nom":"Codognan","code":"30083","epci":"CC Rhôny-Vistre-Vidourle","adherente":true,"part_papi":100.0,"population":2529},"geometry":{"type":"Polygon","coordinates":[[[4.213742,43.723994],[4.21374,43.724088],[4.213513,43.724364],[4.213101,43.72586],[4.212567,43.728456],[4.211886,43.730172],[4.211314,43.732188],[4.211205,43.73303],[4.21144,43.734725],[4.213388,43.734775],[4.214195,43.73472],[4.214873,43.734653],[4.215101,43.734546],[4.216134,43.734544],[4.217163,43.734284],[4.217762,43.734413],[4.21872,43.734394],[4.218724,43.735121],[4.219199,43.735142],[4.219195,43.734961],[4.219792,43.735023],[4.219854,43.73444],[4.229729,43.735756],[4.230218,43.734979],[4.229981,43.734827],[4.23001,43.734767],[4.231402,43.732652],[4.231976,43.732354],[4.23317,43.731376],[4.232459,43.730624],[4.23183,43.729785],[4.231482,43.72913],[4.233536,43.729061],[4.235135,43.729253],[4.235749,43.728108],[4.23578,43.727877],[4.235537,43.727606],[4.235708,43.727003],[4.235617,43.726605],[4.23818,43.72639],[4.241281,43.726314],[4.241866,43.726517],[4.242059,43.726708],[4.242623,43.726492],[4.24451,43.726187],[4.245354,43.725887],[4.245935,43.724896],[4.246298,43.724454],[4.24744,43.723452],[4.244124,43.721539],[4.242971,43.720511],[4.242257,43.72003],[4.240898,43.718631],[4.239747,43.717751],[4.239423,43.717405],[4.239202,43.716992],[4.238257,43.716382],[4.238071,43.716346],[4.236072,43.716977],[4.236453,43.716084],[4.236233,43.715566],[4.235628,43.715112],[4.235489,43.714596],[4.235498,43.714233],[4.235675,43.712954],[4.236612,43.710012],[4.233481,43.709887],[4.228876,43.710217],[4.225752,43.710689],[4.223676,43.71128],[4.220278,43.711376],[4.219289,43.71123],[4.218072,43.710489],[4.216618,43.709794],[4.21709,43.710396],[4.219782,43.715557],[4.22003,43.715961],[4.221302,43.717458],[4.221745,43.718787],[4.222227,43.719635],[4.222498,43.720334],[4.222668,43.721891],[4.222564,43.722405],[4.222275,43.723281],[4.218395,43.722998],[4.217763,43.723063],[4.217537,43.722611],[4.216838,43.722533],[4.216526,43.722312],[4.2163,43.722844],[4.216125,43.722932],[4.215944,43.72393],[4.214529,43.723615],[4.21359,43.723509],[4.213236,43.723368],[4.213007,43.72359],[4.213742,43.723994]]]}},{"type":"Feature","properties":{"nom":"Comps","code":"30089","epci":"CC du Pont du Gard","adherente":false,"part_papi":29.0,"population":1688},"geometry":{"type":"Polygon","coordinates":[[[4.565531,43.851365],[4.568716,43.851122],[4.58115,43.857434],[4.584618,43.858493],[4.585965,43.858785],[4.586415,43.858767],[4.591827,43.860317],[4.593719,43.859692],[4.594804,43.858465],[4.595032,43.858251],[4.595237,43.858198],[4.6013,43.859552],[4.603449,43.860264],[4.606571,43.858966],[4.606681,43.860959],[4.608662,43.861258],[4.609238,43.861264],[4.611151,43.860493],[4.612173,43.859932],[4.613082,43.859297],[4.612683,43.859004],[4.612932,43.858877],[4.61345,43.858277],[4.613892,43.857479],[4.613959,43.855655],[4.613617,43.8549],[4.612706,43.854148],[4.612687,43.853864],[4.612753,43.853689],[4.613253,43.853325],[4.614177,43.852929],[4.614198,43.852685],[4.614835,43.851966],[4.615214,43.851308],[4.615544,43.850954],[4.61553,43.850342],[4.615438,43.850248],[4.6155,43.85019],[4.615238,43.849579],[4.615316,43.849159],[4.614995,43.84866],[4.614053,43.848009],[4.613542,43.847895],[4.611996,43.847308],[4.611331,43.847211],[4.610841,43.846988],[4.610639,43.846608],[4.61059,43.845928],[4.612651,43.845094],[4.614686,43.844667],[4.616797,43.843912],[4.618507,43.843116],[4.619375,43.842403],[4.620024,43.842343],[4.620219,43.842176],[4.620192,43.841821],[4.62033,43.841687],[4.620491,43.841668],[4.620717,43.840753],[4.620549,43.840747],[4.620098,43.840542],[4.620808,43.839348],[4.621081,43.837431],[4.614331,43.838289],[4.613125,43.837356],[4.611294,43.836595],[4.610971,43.836521],[4.609924,43.836546],[4.609523,43.836745],[4.609219,43.836791],[4.608742,43.837358],[4.608281,43.837519],[4.607606,43.837416],[4.606868,43.83744],[4.605942,43.837299],[4.605648,43.837238],[4.604625,43.836784],[4.604059,43.836646],[4.603738,43.837076],[4.602881,43.837192],[4.602356,43.837376],[4.600644,43.837719],[4.599845,43.83818],[4.598662,43.838366],[4.598257,43.838722],[4.598127,43.838119],[4.597543,43.83813],[4.596743,43.838284],[4.595709,43.838293],[4.59629,43.839766],[4.596095,43.840754],[4.595938,43.840791],[4.585557,43.8374],[4.582284,43.840985],[4.581423,43.840566],[4.579094,43.840171],[4.578729,43.840996],[4.577194,43.840906],[4.57526,43.841249],[4.573493,43.841726],[4.573261,43.842034],[4.571676,43.841542],[4.570841,43.841506],[4.569177,43.844],[4.568394,43.844536],[4.567859,43.845487],[4.567462,43.845504],[4.566755,43.845962],[4.565143,43.847517],[4.563723,43.847813],[4.563455,43.847812],[4.562302,43.848321],[4.559461,43.849051],[4.551536,43.850449],[4.551891,43.85206],[4.565531,43.851365]]]}},{"type":"Feature","properties":{"nom":"Congénies","code":"30091","epci":"CC du Pays de Sommières","adherente":true,"part_papi":5.0,"population":1617},"geometry":{"type":"Polygon","coordinates":[[[4.137188,43.774717],[4.137063,43.77635],[4.137451,43.776703],[4.137534,43.77748],[4.137348,43.777934],[4.137101,43.778129],[4.137125,43.779302],[4.137439,43.779586],[4.13692,43.77988],[4.137053,43.779991],[4.137753,43.781417],[4.138708,43.783818],[4.138706,43.784941],[4.139894,43.785152],[4.146719,43.791859],[4.147081,43.793421],[4.148347,43.792007],[4.148678,43.792008],[4.149591,43.792221],[4.152144,43.792124],[4.154306,43.790854],[4.155142,43.790713],[4.156759,43.79066],[4.159494,43.79002],[4.160552,43.789998],[4.161445,43.790101],[4.162019,43.790012],[4.16256,43.7898],[4.163385,43.789247],[4.164683,43.788606],[4.166968,43.787745],[4.167919,43.787485],[4.169367,43.786637],[4.169633,43.785855],[4.169624,43.783549],[4.174099,43.780443],[4.173931,43.779948],[4.173898,43.779476],[4.174018,43.778602],[4.173844,43.777961],[4.174395,43.777908],[4.175146,43.777947],[4.175861,43.778],[4.176655,43.778171],[4.177336,43.778196],[4.177176,43.777059],[4.177097,43.775259],[4.178334,43.775512],[4.178384,43.77543],[4.178126,43.771647],[4.180254,43.76901],[4.180251,43.768572],[4.180132,43.768496],[4.179792,43.766849],[4.179915,43.765333],[4.178919,43.764923],[4.178102,43.764293],[4.177911,43.763979],[4.177625,43.763741],[4.177241,43.76308],[4.176749,43.762765],[4.176435,43.762343],[4.175494,43.760696],[4.175106,43.760222],[4.17417,43.759518],[4.1734,43.759155],[4.173054,43.758717],[4.172741,43.758099],[4.172459,43.757815],[4.171074,43.75714],[4.170718,43.757024],[4.170068,43.756961],[4.170117,43.758122],[4.168492,43.759087],[4.168429,43.759278],[4.167669,43.759895],[4.165246,43.761387],[4.164654,43.761606],[4.164414,43.761812],[4.162019,43.762063],[4.161354,43.762235],[4.160151,43.762728],[4.155534,43.763948],[4.153798,43.764596],[4.143513,43.766964],[4.143588,43.767476],[4.143364,43.767838],[4.142825,43.768333],[4.142518,43.768463],[4.141825,43.769023],[4.141035,43.769475],[4.140784,43.769971],[4.140779,43.770357],[4.140295,43.770389],[4.13923,43.77077],[4.138965,43.771238],[4.138625,43.772842],[4.137469,43.772719],[4.136776,43.772736],[4.136598,43.773221],[4.136261,43.774974],[4.137188,43.774717]]]}},{"type":"Feature","properties":{"nom":"Gallargues-le-Montueux","code":"30123","epci":"CC Rhôny-Vistre-Vidourle","adherente":true,"part_papi":91.0,"population":3659},"geometry":{"type":"Polygon","coordinates":[[[4.163457,43.694066],[4.163497,43.694322],[4.164135,43.695112],[4.164209,43.695667],[4.166056,43.697288],[4.166397,43.697807],[4.166613,43.698467],[4.166492,43.699695],[4.166257,43.700034],[4.16389,43.701942],[4.163541,43.702395],[4.163409,43.703],[4.163643,43.706666],[4.163287,43.707171],[4.161861,43.708058],[4.159467,43.710592],[4.158736,43.711262],[4.15749,43.71223],[4.154907,43.713882],[4.153285,43.715352],[4.152244,43.71675],[4.15134,43.718193],[4.151199,43.719001],[4.151302,43.720735],[4.151264,43.721904],[4.15115,43.722378],[4.150788,43.722997],[4.150273,43.723531],[4.147953,43.72477],[4.146899,43.725498],[4.146366,43.726017],[4.146042,43.726766],[4.145788,43.728316],[4.145188,43.730516],[4.144973,43.731845],[4.145024,43.732283],[4.149234,43.733448],[4.151633,43.733877],[4.152084,43.733778],[4.152347,43.733815],[4.153193,43.734184],[4.155096,43.734543],[4.15727,43.73284],[4.157368,43.732587],[4.157553,43.732438],[4.157909,43.732333],[4.158531,43.731741],[4.161466,43.732165],[4.161952,43.731882],[4.162681,43.732261],[4.163381,43.732473],[4.163741,43.732373],[4.164126,43.732418],[4.164976,43.732701],[4.166989,43.733128],[4.166888,43.733349],[4.166951,43.73406],[4.167373,43.733755],[4.167602,43.733302],[4.16782,43.73312],[4.169463,43.732347],[4.170435,43.731779],[4.172785,43.731056],[4.173955,43.730373],[4.175718,43.729656],[4.176543,43.729181],[4.17767,43.728761],[4.179936,43.728133],[4.181649,43.727329],[4.182497,43.727373],[4.18715,43.728668],[4.18982,43.72815],[4.19018,43.727589],[4.191359,43.72638],[4.191464,43.726104],[4.191947,43.726111],[4.192236,43.725749],[4.192403,43.724884],[4.192519,43.724746],[4.192716,43.723969],[4.19308,43.723374],[4.193261,43.722164],[4.193881,43.721597],[4.194483,43.720717],[4.194818,43.71989],[4.195445,43.719067],[4.195635,43.718639],[4.19542,43.71742],[4.195638,43.715239],[4.196024,43.714367],[4.196017,43.713325],[4.196502,43.712567],[4.19655,43.712324],[4.196306,43.711516],[4.196312,43.710747],[4.191944,43.705774],[4.170959,43.695977],[4.168203,43.694628],[4.164228,43.692884],[4.163457,43.694066]]]}},{"type":"Feature","properties":{"nom":"Garons","code":"30125","epci":"CA Nîmes Métropole","adherente":true,"part_papi":100.0,"population":5381},"geometry":{"type":"Polygon","coordinates":[[[4.441213,43.746305],[4.441025,43.74651],[4.439353,43.747374],[4.437114,43.750034],[4.4369,43.750617],[4.436643,43.750907],[4.436334,43.751556],[4.435542,43.753561],[4.4347,43.755028],[4.434439,43.755301],[4.433648,43.755753],[4.433261,43.756246],[4.433036,43.756393],[4.432678,43.756392],[4.432486,43.756969],[4.431941,43.756743],[4.431497,43.757198],[4.429206,43.759777],[4.428275,43.761142],[4.427781,43.762186],[4.426326,43.763359],[4.425279,43.764368],[4.42191,43.768159],[4.420649,43.770733],[4.419267,43.772832],[4.418886,43.773357],[4.417091,43.774663],[4.416525,43.775194],[4.415335,43.777339],[4.41206,43.781975],[4.411361,43.784531],[4.413714,43.78684],[4.41472,43.788301],[4.415736,43.78873],[4.416255,43.789349],[4.417534,43.791002],[4.417626,43.791557],[4.417933,43.792549],[4.418047,43.792662],[4.418928,43.792856],[4.421165,43.794421],[4.422353,43.795108],[4.423418,43.79477],[4.424964,43.794055],[4.428536,43.79258],[4.430318,43.791563],[4.432342,43.789884],[4.433751,43.789003],[4.434573,43.788616],[4.441646,43.785967],[4.45197,43.780591],[4.460038,43.777858],[4.466707,43.774901],[4.468107,43.774192],[4.466541,43.772527],[4.466278,43.771921],[4.463515,43.767665],[4.456894,43.764768],[4.455737,43.764113],[4.455956,43.76132],[4.455618,43.759357],[4.455425,43.75708],[4.455165,43.756822],[4.455123,43.756013],[4.453266,43.750054],[4.448258,43.748287],[4.441295,43.746029],[4.441213,43.746305]]]}},{"type":"Feature","properties":{"nom":"Générac","code":"30128","epci":"CA Nîmes Métropole","adherente":true,"part_papi":100.0,"population":4046},"geometry":{"type":"Polygon","coordinates":[[[4.339427,43.680824],[4.339407,43.681172],[4.339779,43.682264],[4.33969,43.6824],[4.339718,43.68432],[4.339532,43.686111],[4.33926,43.686526],[4.339071,43.687142],[4.339003,43.68799],[4.338263,43.690972],[4.338993,43.691108],[4.33891,43.691169],[4.338592,43.692436],[4.338609,43.692584],[4.339158,43.692779],[4.338836,43.694121],[4.338132,43.696323],[4.338278,43.697469],[4.338799,43.699585],[4.338792,43.701472],[4.338942,43.702395],[4.338617,43.704124],[4.338331,43.704116],[4.338378,43.704279],[4.338089,43.70439],[4.337659,43.705634],[4.33763,43.706203],[4.337476,43.706668],[4.337414,43.707851],[4.33719,43.707647],[4.336167,43.70891],[4.336843,43.709995],[4.337141,43.710982],[4.336984,43.712697],[4.336778,43.712788],[4.336857,43.713574],[4.337094,43.713542],[4.336919,43.714256],[4.33692,43.714844],[4.337084,43.71544],[4.337361,43.715921],[4.337261,43.717239],[4.336493,43.719485],[4.335509,43.721344],[4.335117,43.722404],[4.334047,43.727518],[4.333997,43.727903],[4.334235,43.727983],[4.333346,43.728113],[4.333273,43.728202],[4.333151,43.728817],[4.332604,43.729827],[4.331674,43.730576],[4.331158,43.731443],[4.330735,43.732816],[4.330388,43.733602],[4.329392,43.734673],[4.328775,43.734727],[4.328921,43.735273],[4.328754,43.73558],[4.32905,43.736448],[4.330341,43.73742],[4.329997,43.737951],[4.330973,43.738916],[4.331345,43.738713],[4.331767,43.739073],[4.332112,43.738903],[4.333481,43.739756],[4.333656,43.73995],[4.333642,43.740382],[4.335093,43.740788],[4.338031,43.742051],[4.341134,43.743583],[4.340881,43.743907],[4.34208,43.744122],[4.341575,43.745075],[4.341444,43.745436],[4.341414,43.745946],[4.342418,43.749014],[4.342544,43.752405],[4.342871,43.753456],[4.343098,43.753886],[4.343062,43.754592],[4.343275,43.755562],[4.343164,43.756978],[4.348449,43.757298],[4.349035,43.757536],[4.349362,43.757576],[4.350724,43.757555],[4.355466,43.756814],[4.360974,43.755537],[4.361521,43.755631],[4.361916,43.75289],[4.367528,43.754061],[4.368073,43.752286],[4.368323,43.751785],[4.371855,43.752579],[4.372684,43.750072],[4.374857,43.75034],[4.373186,43.747797],[4.373028,43.747215],[4.375014,43.74726],[4.375225,43.746355],[4.376322,43.746662],[4.376693,43.746203],[4.377352,43.746139],[4.377963,43.743648],[4.378352,43.743782],[4.378877,43.743792],[4.3815,43.743272],[4.382484,43.743162],[4.385416,43.743229],[4.385451,43.742425],[4.384871,43.740007],[4.384605,43.739444],[4.382315,43.73055],[4.381847,43.730394],[4.382366,43.729622],[4.382534,43.729176],[4.383233,43.723497],[4.383865,43.722203],[4.384,43.722121],[4.384426,43.722165],[4.385087,43.72056],[4.385116,43.720213],[4.385766,43.718537],[4.383536,43.718122],[4.383611,43.717682],[4.382797,43.717577],[4.384582,43.710453],[4.386971,43.70184],[4.388552,43.695572],[4.362317,43.697783],[4.361773,43.697925],[4.358224,43.698412],[4.34831,43.699208],[4.346894,43.698433],[4.346611,43.692841],[4.339658,43.680322],[4.339427,43.680824]]]}},{"type":"Feature","properties":{"nom":"Jonquières-Saint-Vincent","code":"30135","epci":"CC Beaucaire Terre d'Argence","adherente":false,"part_papi":62.0,"population":3875},"geometry":{"type":"Polygon","coordinates":[[[4.551891,43.85206],[4.551536,43.850449],[4.559461,43.849051],[4.562302,43.848321],[4.563455,43.847812],[4.563723,43.847813],[4.565143,43.847517],[4.566755,43.845962],[4.567462,43.845504],[4.567859,43.845487],[4.568394,43.844536],[4.569177,43.844],[4.570841,43.841506],[4.571676,43.841542],[4.573261,43.842034],[4.573493,43.841726],[4.57526,43.841249],[4.577194,43.840906],[4.578729,43.840996],[4.579094,43.840171],[4.581423,43.840566],[4.582284,43.840985],[4.585557,43.8374],[4.595938,43.840791],[4.596095,43.840754],[4.59629,43.839766],[4.595709,43.838293],[4.596203,43.836723],[4.596372,43.835735],[4.595944,43.833996],[4.596082,43.832524],[4.595828,43.8324],[4.592182,43.831629],[4.59158,43.831285],[4.591354,43.830737],[4.59116,43.82909],[4.590949,43.828569],[4.591068,43.828484],[4.590255,43.82713],[4.589792,43.825767],[4.589512,43.824027],[4.589506,43.823565],[4.589597,43.823499],[4.589347,43.821886],[4.589111,43.821364],[4.588082,43.819862],[4.588131,43.819071],[4.588304,43.818548],[4.587084,43.817439],[4.586817,43.817048],[4.586708,43.816598],[4.586705,43.815937],[4.586868,43.815256],[4.586844,43.814131],[4.586537,43.813279],[4.584294,43.811242],[4.583835,43.810504],[4.582767,43.808288],[4.581303,43.806323],[4.580712,43.805219],[4.577735,43.805902],[4.576846,43.806033],[4.570477,43.806529],[4.569201,43.806738],[4.565172,43.806785],[4.560488,43.807349],[4.55833,43.80777],[4.557366,43.808108],[4.556275,43.808691],[4.555899,43.808774],[4.554638,43.808819],[4.553196,43.808689],[4.551311,43.808768],[4.55035,43.809228],[4.549508,43.809426],[4.547463,43.809039],[4.54693,43.809041],[4.545944,43.809206],[4.543986,43.808817],[4.543416,43.80878],[4.543092,43.808902],[4.535373,43.808256],[4.534361,43.809745],[4.5267,43.820161],[4.525938,43.8233],[4.521547,43.827531],[4.527189,43.831582],[4.527274,43.832125],[4.52757,43.832669],[4.527543,43.833474],[4.527694,43.834753],[4.528327,43.836889],[4.528473,43.837971],[4.529124,43.839925],[4.531679,43.841056],[4.533337,43.841657],[4.534286,43.842191],[4.53564,43.842735],[4.534505,43.847889],[4.534075,43.851273],[4.533791,43.852656],[4.535364,43.855714],[4.543183,43.853457],[4.546776,43.852336],[4.548658,43.852293],[4.549866,43.852158],[4.551891,43.85206]]]}},{"type":"Feature","properties":{"nom":"Langlade","code":"30138","epci":"CA Nîmes Métropole","adherente":true,"part_papi":100.0,"population":2329},"geometry":{"type":"Polygon","coordinates":[[[4.275711,43.79839],[4.275475,43.798355],[4.275204,43.797973],[4.275293,43.79784],[4.275194,43.797804],[4.275627,43.797161],[4.27483,43.796927],[4.27496,43.796463],[4.273102,43.795994],[4.274243,43.795243],[4.273823,43.79474],[4.273749,43.794389],[4.273137,43.794602],[4.2721,43.794466],[4.271977,43.794071],[4.272898,43.794158],[4.273208,43.794017],[4.271635,43.793563],[4.271721,43.793356],[4.271113,43.793151],[4.271495,43.792865],[4.271432,43.792802],[4.271573,43.792521],[4.271359,43.792426],[4.271257,43.792633],[4.26976,43.791969],[4.270013,43.791475],[4.269781,43.791187],[4.270021,43.790834],[4.269733,43.790546],[4.269524,43.790098],[4.269175,43.790099],[4.268396,43.789311],[4.267474,43.789682],[4.267519,43.789766],[4.267312,43.789815],[4.26716,43.789651],[4.265058,43.79022],[4.264962,43.790132],[4.264332,43.790568],[4.264208,43.790336],[4.262891,43.789431],[4.262389,43.789974],[4.261689,43.790433],[4.261572,43.790228],[4.260896,43.789713],[4.260609,43.789139],[4.260628,43.788877],[4.26081,43.788635],[4.261355,43.78732],[4.26104,43.78718],[4.260534,43.787277],[4.260037,43.78724],[4.260046,43.786708],[4.25986,43.786703],[4.259788,43.786334],[4.259515,43.785898],[4.25946,43.785261],[4.259095,43.785243],[4.259115,43.785048],[4.252952,43.789056],[4.252669,43.789718],[4.252496,43.789865],[4.252009,43.78998],[4.250807,43.79073],[4.248898,43.791681],[4.248655,43.791915],[4.248133,43.792083],[4.246974,43.792963],[4.245112,43.793801],[4.243157,43.794803],[4.241241,43.795602],[4.239152,43.797112],[4.238598,43.797385],[4.238237,43.797744],[4.237564,43.798017],[4.237159,43.798369],[4.237324,43.798439],[4.237329,43.799078],[4.237594,43.799083],[4.2376,43.799487],[4.237699,43.799486],[4.237554,43.800093],[4.237886,43.801331],[4.237553,43.80134],[4.237652,43.801495],[4.23765,43.802231],[4.236482,43.804865],[4.235975,43.805086],[4.235299,43.805209],[4.235196,43.805432],[4.235506,43.805467],[4.235364,43.80603],[4.235536,43.806068],[4.235393,43.806602],[4.234694,43.806591],[4.234617,43.807176],[4.234464,43.807517],[4.234125,43.807647],[4.233664,43.809347],[4.23321,43.8102],[4.232558,43.810981],[4.231355,43.811793],[4.230548,43.812703],[4.230404,43.812745],[4.231468,43.813587],[4.231065,43.81373],[4.230127,43.81378],[4.229281,43.814236],[4.22757,43.814954],[4.228736,43.815002],[4.229901,43.814942],[4.230843,43.815166],[4.231934,43.815537],[4.232747,43.81601],[4.233618,43.816038],[4.233987,43.816154],[4.235574,43.816317],[4.236505,43.816513],[4.237739,43.817252],[4.238515,43.81818],[4.238411,43.818633],[4.239205,43.818986],[4.239701,43.819054],[4.240847,43.817144],[4.241053,43.815861],[4.242676,43.815914],[4.243186,43.815893],[4.243768,43.815763],[4.2441,43.815768],[4.244602,43.816056],[4.244935,43.816276],[4.245032,43.816508],[4.245211,43.816638],[4.247608,43.81746],[4.249062,43.818253],[4.250215,43.819002],[4.250755,43.818794],[4.251619,43.818864],[4.251688,43.818957],[4.251894,43.818808],[4.252501,43.819071],[4.253205,43.818539],[4.253487,43.818454],[4.253892,43.818187],[4.254575,43.818429],[4.254918,43.818262],[4.255565,43.818288],[4.256231,43.818126],[4.256382,43.818196],[4.257068,43.817889],[4.257371,43.817879],[4.258307,43.817374],[4.258303,43.817269],[4.258979,43.816342],[4.258598,43.816157],[4.258814,43.815884],[4.259436,43.815415],[4.259298,43.815296],[4.259276,43.814703],[4.259525,43.814172],[4.259771,43.814098],[4.260689,43.813175],[4.261143,43.812979],[4.261463,43.812409],[4.262333,43.812414],[4.262797,43.812604],[4.263565,43.812503],[4.264756,43.812468],[4.265562,43.813266],[4.266651,43.814014],[4.26686,43.813894],[4.267628,43.814357],[4.267585,43.814442],[4.268072,43.814604],[4.26806,43.814686],[4.269922,43.815406],[4.270945,43.815552],[4.271651,43.815973],[4.273249,43.816429],[4.274354,43.81702],[4.274957,43.817113],[4.275118,43.816891],[4.275568,43.816997],[4.278108,43.818118],[4.279909,43.818297],[4.280336,43.818004],[4.280586,43.818072],[4.280706,43.817925],[4.284233,43.816661],[4.283016,43.816461],[4.281176,43.814965],[4.280886,43.814853],[4.280664,43.814588],[4.279304,43.813704],[4.277727,43.812138],[4.276961,43.811806],[4.276031,43.811663],[4.274546,43.810598],[4.273833,43.810424],[4.272874,43.808331],[4.273336,43.805884],[4.27465,43.803654],[4.274421,43.803327],[4.27446,43.803134],[4.274328,43.802858],[4.274501,43.802467],[4.275243,43.801749],[4.275851,43.799816],[4.27592,43.799507],[4.275671,43.79858],[4.275711,43.79839]]]}},{"type":"Feature","properties":{"nom":"Le Cailar","code":"30059","epci":"CC de Petite Camargue","adherente":true,"part_papi":86.0,"population":2578},"geometry":{"type":"Polygon","coordinates":[[[4.230744,43.624564],[4.232983,43.625782],[4.234004,43.626245],[4.23422,43.626239],[4.235561,43.628536],[4.236507,43.629637],[4.239283,43.631943],[4.239205,43.634121],[4.236314,43.6394],[4.235146,43.644177],[4.234864,43.644604],[4.234341,43.645097],[4.230764,43.647918],[4.229019,43.648792],[4.228833,43.649179],[4.228643,43.650014],[4.22879,43.651881],[4.228588,43.652788],[4.228496,43.654222],[4.228196,43.655102],[4.226643,43.656979],[4.225369,43.657857],[4.224737,43.6584],[4.223875,43.658708],[4.223758,43.658892],[4.223908,43.65892],[4.223811,43.659489],[4.224173,43.660499],[4.224317,43.660787],[4.224583,43.661007],[4.222871,43.673142],[4.223522,43.675162],[4.223668,43.676123],[4.224104,43.677412],[4.223738,43.677563],[4.2231,43.677986],[4.224069,43.678665],[4.224436,43.678836],[4.224897,43.679497],[4.22504,43.679892],[4.224636,43.681988],[4.225031,43.683591],[4.225025,43.684733],[4.224846,43.685365],[4.22465,43.685706],[4.224105,43.686253],[4.223572,43.68653],[4.223135,43.686956],[4.223082,43.687265],[4.22319,43.687251],[4.223196,43.687673],[4.222972,43.687961],[4.222587,43.688061],[4.222417,43.688179],[4.221987,43.68873],[4.221416,43.688831],[4.219559,43.689607],[4.218293,43.690511],[4.216667,43.692467],[4.216227,43.693673],[4.215255,43.695634],[4.215269,43.695858],[4.215497,43.696305],[4.214986,43.697224],[4.215097,43.698568],[4.215214,43.699171],[4.21594,43.700992],[4.216327,43.701702],[4.216173,43.70214],[4.216218,43.702551],[4.216099,43.702885],[4.21626,43.703275],[4.215914,43.704164],[4.21614,43.704531],[4.215796,43.704704],[4.215555,43.705002],[4.214949,43.704813],[4.214742,43.705381],[4.214946,43.707229],[4.215124,43.708016],[4.215067,43.708535],[4.215186,43.709185],[4.215884,43.709264],[4.216618,43.709794],[4.218072,43.710489],[4.218943,43.711075],[4.219289,43.71123],[4.220024,43.711368],[4.223676,43.71128],[4.225752,43.710689],[4.228876,43.710217],[4.233481,43.709887],[4.236495,43.709994],[4.239282,43.71045],[4.240829,43.710808],[4.242458,43.711055],[4.2444,43.71147],[4.246481,43.712072],[4.247537,43.712468],[4.249525,43.71347],[4.253814,43.715283],[4.25542,43.715637],[4.259807,43.717185],[4.260356,43.717314],[4.260871,43.717092],[4.260755,43.716702],[4.260359,43.71616],[4.259805,43.716324],[4.257807,43.714532],[4.25681,43.714075],[4.256087,43.713391],[4.25579,43.712515],[4.255867,43.711579],[4.255379,43.710891],[4.255034,43.710192],[4.254824,43.709313],[4.254541,43.708961],[4.253864,43.708813],[4.253325,43.70856],[4.252837,43.707864],[4.252722,43.707491],[4.252817,43.707255],[4.253552,43.706763],[4.254057,43.70626],[4.254284,43.704987],[4.253558,43.70454],[4.253236,43.70416],[4.252394,43.703929],[4.251814,43.703883],[4.251686,43.703773],[4.25172,43.703649],[4.252056,43.703357],[4.252055,43.703207],[4.251416,43.702722],[4.251829,43.702319],[4.251406,43.701472],[4.250603,43.700784],[4.249892,43.700332],[4.249555,43.699492],[4.247772,43.697937],[4.246397,43.696157],[4.245122,43.695138],[4.245015,43.695037],[4.24501,43.694868],[4.245169,43.694171],[4.245772,43.693223],[4.245581,43.692071],[4.245583,43.691376],[4.245735,43.69082],[4.246258,43.68977],[4.246633,43.6886],[4.246583,43.688345],[4.246159,43.687844],[4.246415,43.687726],[4.246125,43.686353],[4.248409,43.685812],[4.252019,43.685368],[4.254767,43.6849],[4.257329,43.679736],[4.260076,43.67521],[4.263632,43.667317],[4.264285,43.665384],[4.264589,43.664733],[4.265035,43.664314],[4.2648,43.663599],[4.26552,43.662239],[4.265605,43.661613],[4.265382,43.658815],[4.265098,43.658134],[4.264329,43.657373],[4.264025,43.656582],[4.264012,43.656038],[4.260528,43.650949],[4.259354,43.648133],[4.25903,43.64755],[4.258821,43.646769],[4.258636,43.646592],[4.256306,43.641093],[4.254259,43.639577],[4.254455,43.638929],[4.254388,43.638448],[4.253713,43.636569],[4.252677,43.634244],[4.25222,43.632489],[4.251798,43.631847],[4.251585,43.631154],[4.251001,43.630058],[4.250655,43.628328],[4.2503,43.627436],[4.249311,43.626231],[4.245704,43.620544],[4.245395,43.620171],[4.244293,43.619643],[4.243807,43.619208],[4.242882,43.617932],[4.242521,43.61727],[4.242383,43.616655],[4.243527,43.616007],[4.244708,43.61486],[4.245793,43.61514],[4.246702,43.61586],[4.247399,43.616556],[4.247872,43.617177],[4.248483,43.617194],[4.248775,43.617309],[4.249688,43.618052],[4.251145,43.618449],[4.253166,43.619306],[4.253487,43.620005],[4.253566,43.620491],[4.253507,43.621016],[4.25309,43.621413],[4.251934,43.622165],[4.253531,43.622847],[4.254081,43.623284],[4.255463,43.62415],[4.255568,43.624254],[4.25571,43.62493],[4.256504,43.625255],[4.25696,43.626609],[4.257347,43.626753],[4.257318,43.62622],[4.257653,43.626128],[4.25829,43.625589],[4.258646,43.625825],[4.259088,43.625973],[4.259861,43.626132],[4.260235,43.62608],[4.260412,43.625901],[4.260826,43.624855],[4.263862,43.625708],[4.263848,43.627754],[4.266799,43.628465],[4.267365,43.627162],[4.268559,43.625742],[4.26255,43.621387],[4.262887,43.621122],[4.262981,43.620831],[4.263326,43.618852],[4.263169,43.618405],[4.262469,43.617429],[4.262517,43.617321],[4.264154,43.615589],[4.26545,43.614764],[4.265546,43.614586],[4.266022,43.614334],[4.265149,43.613713],[4.264006,43.613209],[4.262753,43.612826],[4.262143,43.612838],[4.260308,43.613129],[4.2583,43.61204],[4.258297,43.611729],[4.254468,43.607728],[4.256762,43.604868],[4.259399,43.599302],[4.262676,43.593757],[4.265103,43.58985],[4.265638,43.58916],[4.260785,43.588925],[4.254852,43.588752],[4.246729,43.589033],[4.24037,43.588919],[4.240223,43.588969],[4.238615,43.588946],[4.237993,43.589055],[4.237624,43.588909],[4.237433,43.589152],[4.23768,43.589516],[4.24055,43.598508],[4.241182,43.599343],[4.242175,43.602357],[4.241734,43.605001],[4.241657,43.605235],[4.241102,43.605665],[4.241081,43.605791],[4.241669,43.606179],[4.241376,43.606695],[4.240883,43.609581],[4.241506,43.611323],[4.241335,43.612774],[4.240998,43.613962],[4.237994,43.616905],[4.236652,43.618296],[4.236474,43.618631],[4.235724,43.619205],[4.234929,43.620153],[4.233584,43.621398],[4.233234,43.621556],[4.230443,43.624123],[4.230744,43.624564]]]}},{"type":"Feature","properties":{"nom":"Lédenon","code":"30145","epci":"CA Nîmes Métropole","adherente":true,"part_papi":64.0,"population":1685},"geometry":{"type":"Polygon","coordinates":[[[4.549226,43.895872],[4.550265,43.893888],[4.550877,43.88858],[4.549586,43.888571],[4.546377,43.88878],[4.5434,43.889343],[4.542181,43.889508],[4.537857,43.889874],[4.54003,43.882038],[4.534927,43.87897],[4.531862,43.878047],[4.528579,43.87769],[4.524166,43.877642],[4.524217,43.877781],[4.521009,43.877663],[4.517956,43.877663],[4.51778,43.877722],[4.517507,43.878594],[4.517138,43.879262],[4.516646,43.880561],[4.51545,43.883978],[4.514756,43.885285],[4.51466,43.885415],[4.514265,43.885426],[4.513657,43.88683],[4.513073,43.886727],[4.511597,43.888184],[4.510716,43.89059],[4.510902,43.890908],[4.510694,43.89186],[4.510534,43.892194],[4.509869,43.892761],[4.509641,43.893275],[4.509618,43.893665],[4.509213,43.89408],[4.508764,43.89439],[4.508188,43.894465],[4.507531,43.894733],[4.506081,43.895591],[4.505361,43.895743],[4.504825,43.896],[4.503215,43.896385],[4.502374,43.89669],[4.501813,43.897038],[4.50024,43.898468],[4.498961,43.898931],[4.49835,43.899263],[4.49326,43.89898],[4.490743,43.896117],[4.490505,43.895966],[4.490881,43.899512],[4.492276,43.902981],[4.493173,43.904859],[4.493503,43.907702],[4.493477,43.908002],[4.493035,43.908618],[4.493002,43.910178],[4.492809,43.910778],[4.492015,43.911268],[4.491414,43.911526],[4.490733,43.911707],[4.490368,43.911966],[4.490533,43.911975],[4.49026,43.915027],[4.48917,43.915835],[4.488246,43.917806],[4.487852,43.918393],[4.48813,43.919001],[4.488908,43.921961],[4.488688,43.925305],[4.489142,43.926427],[4.490528,43.927793],[4.491021,43.92842],[4.492798,43.931468],[4.493434,43.93438],[4.493467,43.935376],[4.493805,43.935601],[4.493894,43.936598],[4.494467,43.937093],[4.494282,43.937939],[4.493768,43.938355],[4.494641,43.938813],[4.494722,43.939062],[4.494258,43.939925],[4.493998,43.940792],[4.494818,43.941],[4.495406,43.94152],[4.496291,43.941826],[4.496679,43.942956],[4.498549,43.943132],[4.500063,43.942022],[4.501041,43.941553],[4.503327,43.940788],[4.504573,43.939189],[4.507236,43.938557],[4.510468,43.936823],[4.511761,43.936438],[4.513516,43.936527],[4.514863,43.936355],[4.521432,43.937498],[4.523389,43.936096],[4.522255,43.931229],[4.522469,43.930312],[4.522158,43.92877],[4.521423,43.926105],[4.521403,43.924387],[4.521776,43.922601],[4.522542,43.921451],[4.522873,43.921387],[4.52384,43.920836],[4.525443,43.920301],[4.526996,43.919529],[4.52748,43.919378],[4.527612,43.919085],[4.528031,43.91875],[4.5285,43.918775],[4.528702,43.918689],[4.530415,43.91738],[4.5271,43.912979],[4.531643,43.912477],[4.535566,43.906447],[4.535564,43.905337],[4.535733,43.904733],[4.53563,43.903438],[4.535287,43.902674],[4.535138,43.901866],[4.535499,43.900692],[4.537719,43.901379],[4.538618,43.901569],[4.541357,43.902344],[4.541441,43.902247],[4.541832,43.902161],[4.542063,43.902267],[4.543218,43.902364],[4.54403,43.90222],[4.545037,43.902163],[4.546219,43.901971],[4.54702,43.899963],[4.546985,43.899696],[4.547174,43.899165],[4.549226,43.895872]]]}},{"type":"Feature","properties":{"nom":"Manduel","code":"30155","epci":"CA Nîmes Métropole","adherente":true,"part_papi":100.0,"population":7044},"geometry":{"type":"Polygon","coordinates":[[[4.526501,43.787574],[4.521536,43.786027],[4.519914,43.785757],[4.519667,43.785659],[4.512166,43.784173],[4.507219,43.783476],[4.504297,43.783114],[4.49934,43.783496],[4.498877,43.78346],[4.497378,43.783143],[4.496921,43.783099],[4.496149,43.783178],[4.495883,43.783095],[4.482461,43.781832],[4.476956,43.780736],[4.470936,43.777288],[4.470762,43.777361],[4.466843,43.779686],[4.462663,43.793239],[4.462419,43.793807],[4.462218,43.794692],[4.46062,43.799461],[4.459488,43.803184],[4.459459,43.803954],[4.459282,43.804868],[4.458197,43.806021],[4.45782,43.806727],[4.457714,43.806637],[4.456304,43.808406],[4.455605,43.808532],[4.453384,43.811262],[4.452222,43.814116],[4.452228,43.814388],[4.452826,43.814664],[4.453136,43.815362],[4.453176,43.816059],[4.453052,43.817311],[4.452666,43.819348],[4.452809,43.820384],[4.452846,43.822134],[4.452301,43.824644],[4.455002,43.828631],[4.455,43.83024],[4.456965,43.830051],[4.457453,43.830176],[4.459186,43.830867],[4.461899,43.831793],[4.46405,43.832658],[4.46414,43.832613],[4.467203,43.833699],[4.469894,43.83531],[4.473244,43.836304],[4.474781,43.836683],[4.478976,43.838176],[4.479499,43.838426],[4.482534,43.839437],[4.483644,43.83547],[4.484297,43.833844],[4.484555,43.832885],[4.485656,43.827167],[4.485652,43.824701],[4.489542,43.823482],[4.489592,43.823729],[4.490999,43.823278],[4.494144,43.822858],[4.498586,43.821964],[4.500695,43.821284],[4.501953,43.820974],[4.502598,43.82062],[4.504473,43.820092],[4.505275,43.819602],[4.506142,43.81876],[4.509934,43.816096],[4.511099,43.815177],[4.512379,43.81456],[4.512903,43.814129],[4.513906,43.813587],[4.516089,43.812116],[4.517403,43.811597],[4.519344,43.811349],[4.519149,43.810624],[4.520038,43.809539],[4.525262,43.807652],[4.526319,43.805576],[4.526948,43.804562],[4.529501,43.801922],[4.531398,43.800591],[4.532536,43.800263],[4.533443,43.800117],[4.537366,43.799807],[4.537972,43.79963],[4.538358,43.799431],[4.540105,43.799154],[4.527301,43.787759],[4.526501,43.787574]]]}},{"type":"Feature","properties":{"nom":"Marguerittes","code":"30156","epci":"CA Nîmes Métropole","adherente":true,"part_papi":100.0,"population":8346},"geometry":{"type":"Polygon","coordinates":[[[4.446184,43.897406],[4.446009,43.897284],[4.44585,43.896568],[4.445824,43.894339],[4.445852,43.894062],[4.445999,43.893837],[4.445928,43.891325],[4.450742,43.889842],[4.450827,43.888385],[4.451023,43.887389],[4.450764,43.886215],[4.450682,43.885289],[4.451294,43.883856],[4.453116,43.88103],[4.45329,43.880395],[4.453792,43.879479],[4.454251,43.878352],[4.454554,43.876646],[4.455123,43.8747],[4.455114,43.874079],[4.455,43.873683],[4.4551,43.872531],[4.455316,43.87166],[4.455346,43.871097],[4.455577,43.870451],[4.455719,43.870258],[4.456096,43.870414],[4.457331,43.871016],[4.457561,43.871211],[4.458817,43.871641],[4.460633,43.872608],[4.461474,43.870254],[4.461659,43.870237],[4.462399,43.869159],[4.464359,43.866659],[4.466534,43.862604],[4.467741,43.860144],[4.468505,43.856846],[4.470037,43.855674],[4.470529,43.855424],[4.475574,43.853809],[4.476349,43.854263],[4.476498,43.854247],[4.476922,43.854107],[4.479586,43.853572],[4.479773,43.853521],[4.479744,43.853362],[4.481048,43.853225],[4.481617,43.853235],[4.482335,43.852978],[4.483769,43.852687],[4.483848,43.854114],[4.485008,43.854181],[4.488584,43.854608],[4.501036,43.857039],[4.501175,43.851549],[4.498826,43.845913],[4.498546,43.845986],[4.494858,43.845388],[4.493066,43.844984],[4.491379,43.84442],[4.490823,43.84432],[4.487141,43.844103],[4.483793,43.840616],[4.483408,43.839847],[4.48313,43.839635],[4.479499,43.838426],[4.478976,43.838176],[4.474781,43.836683],[4.473244,43.836304],[4.469894,43.83531],[4.467203,43.833699],[4.46414,43.832613],[4.46405,43.832658],[4.46123,43.831545],[4.456965,43.830051],[4.449922,43.830763],[4.447311,43.8325],[4.446121,43.833104],[4.444279,43.834347],[4.443433,43.834087],[4.442754,43.833777],[4.441797,43.833165],[4.440005,43.833253],[4.44006,43.834397],[4.439853,43.835694],[4.438939,43.837924],[4.438168,43.837869],[4.437418,43.837474],[4.436285,43.837856],[4.436432,43.839019],[4.436272,43.839672],[4.434447,43.839219],[4.434211,43.840004],[4.434307,43.840794],[4.434145,43.840925],[4.434242,43.841137],[4.433553,43.840934],[4.432919,43.841966],[4.432665,43.842551],[4.432336,43.842936],[4.432197,43.843321],[4.432183,43.84382],[4.431604,43.844614],[4.431554,43.845703],[4.431988,43.847961],[4.431787,43.848183],[4.431694,43.848717],[4.431844,43.849179],[4.431484,43.849862],[4.43139,43.85027],[4.431466,43.850827],[4.431201,43.851629],[4.426969,43.851918],[4.424356,43.852458],[4.422084,43.852714],[4.420491,43.853496],[4.42033,43.853947],[4.420442,43.855023],[4.42018,43.855738],[4.417566,43.860096],[4.417853,43.864417],[4.420061,43.86661],[4.420462,43.86679],[4.420537,43.866953],[4.420522,43.867636],[4.420019,43.868508],[4.41951,43.869712],[4.418142,43.870829],[4.418522,43.87423],[4.421389,43.880737],[4.421429,43.881042],[4.42576,43.892253],[4.425807,43.895233],[4.425735,43.896392],[4.427744,43.896533],[4.429956,43.89689],[4.429286,43.897699],[4.429164,43.899173],[4.429053,43.899426],[4.429029,43.900789],[4.428668,43.902184],[4.429892,43.901911],[4.429962,43.902044],[4.432333,43.90176],[4.433036,43.90183],[4.434148,43.901635],[4.438415,43.901985],[4.439162,43.902138],[4.439549,43.902015],[4.442225,43.901806],[4.442422,43.901238],[4.443842,43.900353],[4.444646,43.900425],[4.444657,43.900311],[4.445807,43.899691],[4.447167,43.899224],[4.446184,43.897406]]]}},{"type":"Feature","properties":{"nom":"Meynes","code":"30166","epci":"CC du Pont du Gard","adherente":false,"part_papi":63.0,"population":2597},"geometry":{"type":"Polygon","coordinates":[[[4.522939,43.861916],[4.521899,43.863767],[4.521304,43.865432],[4.520635,43.866805],[4.521837,43.87026],[4.52179,43.870337],[4.524166,43.877642],[4.528579,43.87769],[4.531862,43.878047],[4.534927,43.87897],[4.54003,43.882038],[4.537857,43.889874],[4.542181,43.889508],[4.5434,43.889343],[4.546377,43.88878],[4.549586,43.888571],[4.550877,43.88858],[4.550265,43.893888],[4.549226,43.895872],[4.547174,43.899165],[4.561348,43.899612],[4.564257,43.899608],[4.56778,43.899721],[4.575837,43.899219],[4.583355,43.900825],[4.584112,43.899145],[4.583537,43.897657],[4.583173,43.897154],[4.582428,43.895676],[4.581839,43.894467],[4.581625,43.893811],[4.581792,43.893179],[4.581798,43.892265],[4.582344,43.887796],[4.582806,43.885083],[4.583511,43.882194],[4.583349,43.879835],[4.583338,43.878734],[4.583455,43.878633],[4.583375,43.876731],[4.583323,43.876356],[4.582862,43.875457],[4.582824,43.875183],[4.581025,43.874571],[4.580736,43.874425],[4.580812,43.874335],[4.580684,43.874265],[4.578859,43.873627],[4.578439,43.873551],[4.577432,43.873546],[4.575479,43.873303],[4.572771,43.871968],[4.572886,43.871645],[4.573038,43.869535],[4.571638,43.869302],[4.571916,43.868587],[4.570616,43.868303],[4.5693,43.868358],[4.565262,43.867155],[4.564543,43.866839],[4.565019,43.864682],[4.562759,43.860513],[4.56301,43.859789],[4.563592,43.857221],[4.560289,43.857058],[4.551245,43.859942],[4.551093,43.859496],[4.549866,43.852158],[4.548658,43.852293],[4.546776,43.852336],[4.543183,43.853457],[4.533108,43.856359],[4.529467,43.859555],[4.528658,43.860374],[4.528058,43.860239],[4.524204,43.860127],[4.523619,43.860018],[4.522939,43.861916]]]}},{"type":"Feature","properties":{"nom":"Milhaud","code":"30169","epci":"CA Nîmes Métropole","adherente":true,"part_papi":100.0,"population":6297},"geometry":{"type":"Polygon","coordinates":[[[4.341038,43.74959],[4.33967,43.75048],[4.339597,43.750716],[4.339678,43.750856],[4.339926,43.750956],[4.340068,43.751114],[4.340129,43.751685],[4.340056,43.751821],[4.339922,43.75187],[4.339707,43.751763],[4.339499,43.751835],[4.339458,43.752066],[4.338951,43.75226],[4.338732,43.752511],[4.338479,43.753108],[4.337829,43.753661],[4.336903,43.754081],[4.336819,43.754287],[4.336216,43.754831],[4.336134,43.755081],[4.336246,43.755378],[4.336132,43.755676],[4.336394,43.756238],[4.336291,43.756585],[4.336026,43.756796],[4.335344,43.757075],[4.334518,43.757698],[4.334225,43.75804],[4.333652,43.758232],[4.333403,43.758665],[4.332659,43.759561],[4.332231,43.760319],[4.331976,43.760355],[4.326684,43.764125],[4.322736,43.766793],[4.320521,43.769249],[4.319183,43.770969],[4.318878,43.771017],[4.3187,43.77127],[4.317742,43.77133],[4.316728,43.771119],[4.31187,43.768846],[4.311533,43.768504],[4.310668,43.767262],[4.310382,43.766275],[4.309055,43.766703],[4.308918,43.767031],[4.308861,43.767878],[4.307758,43.768732],[4.30665,43.770495],[4.306378,43.770524],[4.304508,43.770297],[4.303673,43.771419],[4.304509,43.771673],[4.304341,43.771955],[4.304544,43.772198],[4.303111,43.774229],[4.303395,43.774398],[4.302936,43.775056],[4.30308,43.775152],[4.302926,43.775834],[4.301953,43.777673],[4.301386,43.777471],[4.300964,43.777959],[4.300571,43.778244],[4.299918,43.778482],[4.298964,43.778967],[4.298349,43.779489],[4.297667,43.779605],[4.296158,43.780322],[4.294263,43.78174],[4.293737,43.782367],[4.293482,43.783272],[4.292842,43.784247],[4.293029,43.785167],[4.290751,43.785689],[4.289218,43.785885],[4.288962,43.786198],[4.288753,43.786699],[4.288658,43.786737],[4.288286,43.787827],[4.288047,43.788138],[4.287127,43.788101],[4.2871,43.788398],[4.28673,43.789152],[4.286463,43.789355],[4.286205,43.789413],[4.286128,43.789352],[4.285119,43.789956],[4.284461,43.789817],[4.283617,43.790819],[4.283444,43.791138],[4.283278,43.791255],[4.28294,43.791336],[4.282725,43.791604],[4.282828,43.79213],[4.282252,43.792148],[4.282073,43.793396],[4.281571,43.79327],[4.281555,43.793181],[4.281182,43.793188],[4.281143,43.793476],[4.280984,43.793524],[4.280976,43.793695],[4.28133,43.793823],[4.281375,43.794628],[4.280649,43.794678],[4.278847,43.79548],[4.278533,43.795762],[4.278142,43.79634],[4.277352,43.796789],[4.276682,43.797643],[4.276225,43.798031],[4.276185,43.798123],[4.276429,43.79826],[4.276281,43.798651],[4.275671,43.79858],[4.27592,43.799507],[4.275851,43.799816],[4.275243,43.801749],[4.274501,43.802467],[4.274328,43.802858],[4.27446,43.803134],[4.274421,43.803327],[4.27465,43.803654],[4.273336,43.805884],[4.272874,43.808331],[4.273833,43.810424],[4.274546,43.810598],[4.276031,43.811663],[4.276961,43.811806],[4.277727,43.812138],[4.279304,43.813704],[4.280664,43.814588],[4.280886,43.814853],[4.281176,43.814965],[4.283016,43.816461],[4.284233,43.816661],[4.284433,43.816734],[4.284705,43.816981],[4.285229,43.817185],[4.285531,43.817225],[4.286091,43.817168],[4.28693,43.816915],[4.288756,43.817287],[4.29013,43.817386],[4.291055,43.817343],[4.29351,43.816782],[4.293942,43.816796],[4.294939,43.817117],[4.296446,43.817377],[4.296468,43.817279],[4.297676,43.817496],[4.298861,43.817607],[4.299288,43.817488],[4.299291,43.817347],[4.300336,43.816805],[4.301234,43.815611],[4.301043,43.815516],[4.301192,43.815299],[4.301101,43.815235],[4.301206,43.815036],[4.30083,43.814847],[4.299886,43.81461],[4.299814,43.814514],[4.299434,43.814371],[4.299321,43.814412],[4.298768,43.814217],[4.299629,43.81319],[4.299984,43.813022],[4.300286,43.812745],[4.299915,43.812209],[4.299843,43.811843],[4.301674,43.812735],[4.304026,43.813404],[4.305117,43.812246],[4.305651,43.811902],[4.306686,43.810632],[4.307839,43.809495],[4.308481,43.809042],[4.308725,43.808569],[4.308501,43.808396],[4.308649,43.807893],[4.309759,43.805958],[4.310539,43.805572],[4.312022,43.804014],[4.312179,43.803903],[4.312517,43.803851],[4.313896,43.801948],[4.314934,43.800995],[4.315467,43.800342],[4.316305,43.799538],[4.322478,43.805569],[4.322301,43.804915],[4.322319,43.80461],[4.322774,43.802713],[4.32345,43.802119],[4.325802,43.80042],[4.326557,43.799777],[4.327097,43.799018],[4.327901,43.797164],[4.328705,43.796317],[4.329106,43.795172],[4.330064,43.793786],[4.33135,43.792696],[4.333547,43.791131],[4.334908,43.790244],[4.337418,43.788901],[4.334275,43.787862],[4.334,43.787594],[4.332648,43.78672],[4.33289,43.786401],[4.331454,43.785706],[4.331258,43.785969],[4.330586,43.785784],[4.3313,43.785074],[4.330823,43.784917],[4.330373,43.784528],[4.331371,43.783237],[4.332521,43.781366],[4.333058,43.780662],[4.333415,43.779836],[4.333221,43.779752],[4.335834,43.775621],[4.335958,43.77568],[4.336147,43.775541],[4.336725,43.775541],[4.339675,43.775116],[4.340395,43.773858],[4.340568,43.773914],[4.340925,43.77324],[4.34078,43.773214],[4.341445,43.771803],[4.341723,43.771853],[4.342147,43.771029],[4.341645,43.770714],[4.341225,43.770252],[4.340173,43.769551],[4.340001,43.769125],[4.339431,43.768738],[4.339562,43.768702],[4.341358,43.764831],[4.341693,43.763673],[4.341305,43.763628],[4.343164,43.756978],[4.343275,43.755562],[4.343062,43.754592],[4.343098,43.753886],[4.342871,43.753456],[4.342544,43.752405],[4.342454,43.749315],[4.342229,43.748573],[4.341038,43.74959]]]}},{"type":"Feature","properties":{"nom":"Montfrin","code":"30179","epci":"CC du Pont du Gard","adherente":false,"part_papi":14.0,"population":3122},"geometry":{"type":"Polygon","coordinates":[[[4.593443,43.901973],[4.598286,43.902156],[4.603612,43.901633],[4.604246,43.900123],[4.604141,43.900038],[4.604855,43.898204],[4.606458,43.896926],[4.607289,43.895999],[4.607689,43.895287],[4.607623,43.894791],[4.607711,43.894395],[4.60796,43.893556],[4.608033,43.893579],[4.608422,43.892872],[4.608648,43.892213],[4.608794,43.890858],[4.608512,43.890366],[4.608185,43.89029],[4.607975,43.888739],[4.608085,43.888515],[4.610347,43.88756],[4.610319,43.887471],[4.612019,43.886844],[4.613509,43.886405],[4.616028,43.885384],[4.619186,43.884578],[4.622861,43.884654],[4.623629,43.881785],[4.624026,43.878808],[4.621027,43.878638],[4.618167,43.872225],[4.617477,43.870473],[4.615588,43.86637],[4.615428,43.865803],[4.615291,43.865578],[4.612396,43.862809],[4.60922,43.862747],[4.60912,43.862802],[4.60886,43.862746],[4.606799,43.862714],[4.606571,43.858966],[4.603449,43.860264],[4.6013,43.859552],[4.595237,43.858198],[4.595032,43.858251],[4.594804,43.858465],[4.593719,43.859692],[4.591827,43.860317],[4.586415,43.858767],[4.585965,43.858785],[4.584618,43.858493],[4.58115,43.857434],[4.568716,43.851122],[4.560357,43.851652],[4.549866,43.852158],[4.551093,43.859496],[4.551245,43.859942],[4.560289,43.857058],[4.563592,43.857221],[4.56301,43.859789],[4.562759,43.860513],[4.565019,43.864682],[4.564543,43.866839],[4.565262,43.867155],[4.5693,43.868358],[4.570616,43.868303],[4.571916,43.868587],[4.571638,43.869302],[4.573038,43.869535],[4.572886,43.871645],[4.572771,43.871968],[4.575479,43.873303],[4.577432,43.873546],[4.578439,43.873551],[4.578859,43.873627],[4.580684,43.874265],[4.580812,43.874335],[4.580736,43.874425],[4.581025,43.874571],[4.582824,43.875183],[4.582862,43.875457],[4.583323,43.876356],[4.583375,43.876731],[4.583455,43.878633],[4.583338,43.878734],[4.583349,43.879835],[4.583511,43.882194],[4.582806,43.885083],[4.582344,43.887796],[4.581798,43.892265],[4.581792,43.893179],[4.581625,43.893811],[4.581839,43.894467],[4.582428,43.895676],[4.583173,43.897154],[4.583537,43.897657],[4.584112,43.899145],[4.583355,43.900825],[4.582998,43.902634],[4.593443,43.901973]]]}},{"type":"Feature","properties":{"nom":"Mus","code":"30185","epci":"CC Rhôny-Vistre-Vidourle","adherente":true,"part_papi":100.0,"population":1646},"geometry":{"type":"Polygon","coordinates":[[[4.200043,43.751136],[4.202164,43.751051],[4.202128,43.750527],[4.201879,43.749946],[4.201799,43.749477],[4.201182,43.748087],[4.201314,43.747413],[4.202497,43.7468],[4.202868,43.745995],[4.204988,43.744929],[4.205648,43.744289],[4.206011,43.743602],[4.206365,43.743156],[4.206187,43.743147],[4.206571,43.742322],[4.206441,43.742126],[4.206729,43.741979],[4.20701,43.741145],[4.20736,43.740899],[4.207618,43.740493],[4.207828,43.740468],[4.208092,43.740276],[4.207979,43.740101],[4.208054,43.739775],[4.20843,43.73927],[4.208786,43.738426],[4.209777,43.737331],[4.210095,43.736677],[4.210951,43.736825],[4.211431,43.734887],[4.211205,43.73303],[4.211314,43.732188],[4.211886,43.730172],[4.212567,43.728456],[4.213101,43.72586],[4.213513,43.724364],[4.21374,43.724088],[4.213742,43.723994],[4.212472,43.723281],[4.211944,43.723136],[4.209506,43.722716],[4.208408,43.72538],[4.207789,43.727283],[4.207107,43.728414],[4.206804,43.729187],[4.206129,43.729537],[4.202024,43.731226],[4.197009,43.729193],[4.195543,43.730055],[4.194405,43.73045],[4.193795,43.730845],[4.193409,43.731192],[4.193769,43.731683],[4.192182,43.73277],[4.192702,43.733223],[4.192244,43.733707],[4.192805,43.734113],[4.192727,43.734243],[4.193013,43.734343],[4.192898,43.734602],[4.193097,43.734711],[4.192807,43.735157],[4.192504,43.737535],[4.192718,43.737566],[4.19268,43.737716],[4.192837,43.737854],[4.192894,43.738168],[4.192783,43.73856],[4.192289,43.73872],[4.192742,43.739981],[4.19312,43.7399],[4.193395,43.74091],[4.193684,43.740875],[4.19388,43.742183],[4.193619,43.742202],[4.193637,43.743008],[4.194789,43.742897],[4.195585,43.74324],[4.196121,43.743372],[4.197075,43.7435],[4.198254,43.7435],[4.198576,43.743849],[4.198412,43.74441],[4.198044,43.744965],[4.197829,43.745506],[4.197407,43.745933],[4.196854,43.746849],[4.196577,43.747006],[4.196591,43.74735],[4.197719,43.749316],[4.198098,43.749299],[4.198174,43.751305],[4.19967,43.751376],[4.200043,43.751136]]]}},{"type":"Feature","properties":{"nom":"Nages-et-Solorgues","code":"30186","epci":"CC Rhôny-Vistre-Vidourle","adherente":true,"part_papi":100.0,"population":2212},"geometry":{"type":"Polygon","coordinates":[[[4.255074,43.784299],[4.254427,43.784507],[4.253967,43.783782],[4.252825,43.782651],[4.24712,43.777864],[4.246499,43.77743],[4.241429,43.773043],[4.238997,43.776811],[4.238655,43.777723],[4.23714,43.778074],[4.236913,43.778041],[4.236717,43.779272],[4.235879,43.779953],[4.235504,43.779503],[4.235007,43.779101],[4.233924,43.779141],[4.233513,43.779041],[4.233276,43.778921],[4.233119,43.778729],[4.232595,43.778554],[4.230343,43.780404],[4.229894,43.78072],[4.229779,43.780697],[4.228182,43.778872],[4.226965,43.777305],[4.223909,43.778809],[4.223038,43.77982],[4.221326,43.781039],[4.219517,43.779635],[4.218664,43.780074],[4.217431,43.780407],[4.21723,43.780013],[4.217084,43.778596],[4.21666,43.778644],[4.216638,43.779784],[4.216313,43.780947],[4.215907,43.781778],[4.215871,43.782169],[4.216,43.782814],[4.215935,43.783307],[4.215613,43.784035],[4.215523,43.784561],[4.215276,43.784934],[4.214705,43.78525],[4.214511,43.785452],[4.214157,43.786467],[4.213938,43.786806],[4.214197,43.787004],[4.214231,43.787153],[4.213242,43.789581],[4.213257,43.789766],[4.212272,43.791534],[4.210725,43.793588],[4.210648,43.793955],[4.210734,43.794081],[4.210469,43.794543],[4.210508,43.794948],[4.210228,43.795178],[4.21031,43.795708],[4.210445,43.795794],[4.210387,43.79592],[4.210797,43.796054],[4.213537,43.796033],[4.213829,43.796383],[4.214529,43.796421],[4.216207,43.796467],[4.216357,43.796257],[4.219004,43.796378],[4.219497,43.796289],[4.21971,43.796322],[4.220203,43.796638],[4.22064,43.796713],[4.221221,43.796623],[4.222904,43.796773],[4.223191,43.796356],[4.223324,43.796421],[4.223547,43.79633],[4.223805,43.796461],[4.22403,43.796437],[4.224822,43.79701],[4.22588,43.797117],[4.226831,43.797727],[4.227989,43.79764],[4.228451,43.797522],[4.228836,43.79731],[4.23364,43.79817],[4.233895,43.797994],[4.23419,43.797925],[4.234826,43.798416],[4.235894,43.798221],[4.236188,43.798099],[4.237564,43.798017],[4.238237,43.797744],[4.238598,43.797385],[4.239152,43.797112],[4.241241,43.795602],[4.243157,43.794803],[4.245112,43.793801],[4.246974,43.792963],[4.248133,43.792083],[4.248655,43.791915],[4.248898,43.791681],[4.250807,43.79073],[4.252009,43.78998],[4.252496,43.789865],[4.252669,43.789718],[4.252952,43.789056],[4.259115,43.785048],[4.259146,43.784832],[4.259265,43.784739],[4.25795,43.78473],[4.256986,43.784482],[4.256326,43.784429],[4.256232,43.784133],[4.255793,43.783901],[4.255074,43.784299]]]}},{"type":"Feature","properties":{"nom":"Nîmes","code":"30189","epci":"CA Nîmes Métropole","adherente":true,"part_papi":74.0,"population":151839},"geometry":{"type":"Polygon","coordinates":[[[4.239432,43.857035],[4.237963,43.857722],[4.237658,43.858525],[4.237655,43.858831],[4.238022,43.859455],[4.237757,43.861349],[4.236939,43.862639],[4.236922,43.8629],[4.236565,43.863401],[4.236775,43.863775],[4.236382,43.863931],[4.23581,43.865325],[4.235795,43.865473],[4.236346,43.86559],[4.236453,43.866263],[4.236424,43.867334],[4.236605,43.867538],[4.236908,43.868567],[4.236316,43.868631],[4.236153,43.869885],[4.236359,43.870627],[4.236343,43.87169],[4.236451,43.871886],[4.236787,43.874354],[4.237287,43.874418],[4.238146,43.874944],[4.241241,43.876445],[4.242028,43.876998],[4.242896,43.880636],[4.243135,43.881101],[4.243455,43.881448],[4.24425,43.882766],[4.247541,43.886322],[4.248177,43.88763],[4.249253,43.889206],[4.248927,43.89092],[4.2482,43.89245],[4.24897,43.894257],[4.25221,43.894845],[4.256339,43.895759],[4.258325,43.896989],[4.26017,43.899778],[4.265844,43.900226],[4.267547,43.901027],[4.267931,43.901662],[4.267809,43.902325],[4.268224,43.902908],[4.268542,43.903942],[4.268806,43.90431],[4.268943,43.905075],[4.268943,43.905792],[4.269727,43.907476],[4.270384,43.908292],[4.270644,43.908076],[4.274123,43.906645],[4.276659,43.90646],[4.27764,43.906013],[4.278843,43.905892],[4.279654,43.905905],[4.280695,43.905532],[4.283795,43.90472],[4.284932,43.904771],[4.284997,43.907966],[4.289105,43.904958],[4.29134,43.904141],[4.300286,43.901205],[4.304475,43.899501],[4.306886,43.899119],[4.308794,43.898603],[4.310081,43.898432],[4.313153,43.897454],[4.323614,43.89497],[4.329566,43.89539],[4.330213,43.895738],[4.331009,43.895814],[4.331955,43.896391],[4.332523,43.896475],[4.333909,43.896355],[4.334244,43.89657],[4.334405,43.896872],[4.334873,43.897281],[4.335238,43.897416],[4.335424,43.897646],[4.336594,43.897276],[4.338244,43.897025],[4.339156,43.896973],[4.339501,43.896785],[4.339543,43.897111],[4.339884,43.897715],[4.34028,43.898124],[4.340315,43.898604],[4.340818,43.899214],[4.341295,43.89939],[4.34202,43.900076],[4.342691,43.901014],[4.342725,43.901906],[4.342063,43.904131],[4.341298,43.904557],[4.341488,43.906577],[4.345067,43.908414],[4.345855,43.907944],[4.347237,43.907649],[4.347638,43.907483],[4.349393,43.907424],[4.350367,43.907246],[4.352022,43.90714],[4.354124,43.907258],[4.354635,43.90678],[4.355157,43.906509],[4.355873,43.905725],[4.355987,43.905775],[4.357016,43.907666],[4.358574,43.907254],[4.35891,43.907305],[4.360303,43.907041],[4.36151,43.906907],[4.362276,43.906551],[4.363302,43.906293],[4.364256,43.90619],[4.365113,43.905958],[4.366612,43.905751],[4.368369,43.905619],[4.370709,43.905189],[4.371147,43.904974],[4.371531,43.904903],[4.372497,43.904951],[4.373815,43.904804],[4.374859,43.904854],[4.377216,43.904818],[4.378171,43.904679],[4.378632,43.904483],[4.379315,43.903776],[4.380233,43.903559],[4.381722,43.903483],[4.382576,43.903599],[4.383765,43.903576],[4.385431,43.903272],[4.387391,43.90275],[4.388218,43.90264],[4.388531,43.902646],[4.389535,43.902926],[4.389924,43.902973],[4.390494,43.902918],[4.391507,43.903083],[4.393668,43.902894],[4.395609,43.902632],[4.396006,43.902809],[4.394211,43.904214],[4.393041,43.904674],[4.391353,43.90777],[4.391315,43.90808],[4.389912,43.910306],[4.386735,43.912206],[4.379311,43.915957],[4.376295,43.917112],[4.376342,43.918004],[4.382395,43.917562],[4.384485,43.917753],[4.386008,43.917729],[4.38695,43.91764],[4.387766,43.919035],[4.388766,43.920002],[4.390046,43.920946],[4.39048,43.921462],[4.391049,43.922875],[4.39387,43.922688],[4.393822,43.921619],[4.394238,43.9207],[4.394682,43.920509],[4.396561,43.920466],[4.396436,43.920179],[4.396644,43.919927],[4.397462,43.919796],[4.39766,43.919671],[4.397824,43.919094],[4.398434,43.918659],[4.398559,43.918139],[4.399044,43.917454],[4.399696,43.916845],[4.399951,43.916229],[4.400583,43.916132],[4.403169,43.915164],[4.405812,43.914622],[4.407066,43.914743],[4.407387,43.914702],[4.406936,43.913845],[4.405793,43.912096],[4.405439,43.911787],[4.40486,43.911475],[4.40407,43.90803],[4.408399,43.907529],[4.408771,43.907327],[4.409846,43.907146],[4.409707,43.906996],[4.409595,43.907037],[4.409357,43.906444],[4.407238,43.9067],[4.406736,43.905719],[4.406069,43.903763],[4.406019,43.902127],[4.406467,43.901354],[4.407477,43.895777],[4.409605,43.895779],[4.411812,43.895873],[4.414829,43.895849],[4.415764,43.895959],[4.416557,43.895833],[4.418777,43.895817],[4.42032,43.895487],[4.421716,43.895707],[4.421945,43.895865],[4.424267,43.896102],[4.425735,43.896392],[4.425807,43.895233],[4.42576,43.892253],[4.421429,43.881042],[4.421389,43.880737],[4.418522,43.87423],[4.418407,43.87349],[4.418142,43.870829],[4.41951,43.869712],[4.420019,43.868508],[4.420522,43.867636],[4.420537,43.866953],[4.420462,43.86679],[4.420061,43.86661],[4.417853,43.864417],[4.417566,43.860096],[4.42018,43.855738],[4.420442,43.855023],[4.42033,43.853947],[4.420491,43.853496],[4.422084,43.852714],[4.424356,43.852458],[4.426969,43.851918],[4.431201,43.851629],[4.431466,43.850827],[4.43139,43.85027],[4.431484,43.849862],[4.431844,43.849179],[4.431694,43.848717],[4.431787,43.848183],[4.431988,43.847961],[4.431554,43.845703],[4.431604,43.844614],[4.432183,43.84382],[4.432197,43.843321],[4.432336,43.842936],[4.432665,43.842551],[4.432919,43.841966],[4.433553,43.840934],[4.434242,43.841137],[4.434145,43.840925],[4.434307,43.840794],[4.434211,43.840004],[4.434447,43.839219],[4.436272,43.839672],[4.436432,43.839019],[4.436285,43.837856],[4.437418,43.837474],[4.438168,43.837869],[4.438939,43.837924],[4.439853,43.835694],[4.44006,43.834397],[4.440005,43.833253],[4.441797,43.833165],[4.442754,43.833777],[4.443433,43.834087],[4.444279,43.834347],[4.446121,43.833104],[4.447311,43.8325],[4.449922,43.830763],[4.445046,43.831254],[4.440574,43.831798],[4.431453,43.832702],[4.427193,43.833101],[4.422945,43.833367],[4.414527,43.834293],[4.411658,43.83467],[4.411677,43.834427],[4.412431,43.832781],[4.416404,43.828681],[4.416112,43.827904],[4.415721,43.82615],[4.414614,43.824338],[4.414358,43.824074],[4.414649,43.823654],[4.412323,43.823125],[4.411852,43.822986],[4.411637,43.822833],[4.410548,43.822842],[4.408975,43.822403],[4.408673,43.821912],[4.408286,43.821611],[4.408156,43.821327],[4.408396,43.820156],[4.406974,43.818616],[4.406429,43.818329],[4.405453,43.817971],[4.40512,43.817902],[4.404454,43.817929],[4.401755,43.816533],[4.399065,43.814824],[4.398762,43.814449],[4.398725,43.813792],[4.398643,43.813709],[4.398056,43.81351],[4.394883,43.811423],[4.391616,43.809867],[4.390652,43.809253],[4.389587,43.808432],[4.388606,43.807407],[4.387814,43.806263],[4.387422,43.805194],[4.386486,43.804058],[4.385524,43.80318],[4.384552,43.802515],[4.383736,43.802078],[4.380719,43.800757],[4.380133,43.800602],[4.378942,43.800468],[4.377592,43.800461],[4.374641,43.802096],[4.373925,43.802001],[4.374092,43.801614],[4.3753,43.800019],[4.369845,43.797686],[4.368203,43.797355],[4.367289,43.797084],[4.366571,43.796762],[4.366006,43.79636],[4.36697,43.796158],[4.367469,43.795933],[4.368475,43.795123],[4.368724,43.794437],[4.369137,43.793855],[4.369657,43.793541],[4.370539,43.793326],[4.371101,43.79307],[4.372224,43.792147],[4.37244,43.791712],[4.373449,43.791723],[4.375489,43.79203],[4.376253,43.792066],[4.378664,43.791863],[4.378806,43.791481],[4.379157,43.791043],[4.379912,43.790441],[4.380426,43.790214],[4.38063,43.788122],[4.380544,43.787587],[4.380307,43.786987],[4.380216,43.786278],[4.380286,43.785338],[4.381305,43.7831],[4.382362,43.781652],[4.383368,43.781934],[4.384337,43.782687],[4.387443,43.783338],[4.38849,43.783994],[4.390452,43.784774],[4.390972,43.784844],[4.391563,43.784759],[4.394871,43.780358],[4.396995,43.778041],[4.39856,43.776771],[4.400543,43.775627],[4.401322,43.77508],[4.403291,43.773341],[4.404599,43.771809],[4.407312,43.766576],[4.409663,43.75753],[4.406663,43.752412],[4.406472,43.752265],[4.406015,43.751152],[4.402707,43.746716],[4.40089,43.74511],[4.399276,43.744017],[4.397585,43.742676],[4.390139,43.741435],[4.385451,43.742425],[4.385416,43.743229],[4.382484,43.743162],[4.3815,43.743272],[4.378877,43.743792],[4.378352,43.743782],[4.377963,43.743648],[4.377352,43.746139],[4.376693,43.746203],[4.376322,43.746662],[4.375225,43.746355],[4.375014,43.74726],[4.373028,43.747215],[4.373186,43.747797],[4.374857,43.75034],[4.372684,43.750072],[4.371855,43.752579],[4.368323,43.751785],[4.368073,43.752286],[4.367528,43.754061],[4.361916,43.75289],[4.361521,43.755631],[4.360974,43.755537],[4.355466,43.756814],[4.351286,43.757471],[4.349944,43.757598],[4.349362,43.757576],[4.349035,43.757536],[4.348449,43.757298],[4.343164,43.756978],[4.341305,43.763628],[4.341693,43.763673],[4.341358,43.764831],[4.339562,43.768702],[4.339431,43.768738],[4.340001,43.769125],[4.340173,43.769551],[4.341225,43.770252],[4.341645,43.770714],[4.342147,43.771029],[4.341723,43.771853],[4.341445,43.771803],[4.34078,43.773214],[4.340925,43.77324],[4.340568,43.773914],[4.340395,43.773858],[4.339675,43.775116],[4.336725,43.775541],[4.336147,43.775541],[4.335958,43.77568],[4.335834,43.775621],[4.333221,43.779752],[4.333415,43.779836],[4.333058,43.780662],[4.332521,43.781366],[4.331371,43.783237],[4.330373,43.784528],[4.330823,43.784917],[4.3313,43.785074],[4.330586,43.785784],[4.331258,43.785969],[4.331454,43.785706],[4.33289,43.786401],[4.332648,43.78672],[4.334,43.787594],[4.334275,43.787862],[4.337418,43.788901],[4.334908,43.790244],[4.333547,43.791131],[4.33135,43.792696],[4.330064,43.793786],[4.329106,43.795172],[4.328705,43.796317],[4.327901,43.797164],[4.327097,43.799018],[4.326557,43.799777],[4.325802,43.80042],[4.32345,43.802119],[4.322774,43.802713],[4.322319,43.80461],[4.322301,43.804915],[4.322478,43.805569],[4.316305,43.799538],[4.315467,43.800342],[4.314934,43.800995],[4.313896,43.801948],[4.312517,43.803851],[4.312179,43.803903],[4.312022,43.804014],[4.310539,43.805572],[4.309759,43.805958],[4.308649,43.807893],[4.308501,43.808396],[4.308725,43.808569],[4.308481,43.809042],[4.307839,43.809495],[4.306686,43.810632],[4.305651,43.811902],[4.305117,43.812246],[4.30408,43.813314],[4.304026,43.813404],[4.304886,43.813572],[4.304832,43.813643],[4.303751,43.814716],[4.303296,43.81501],[4.302559,43.81588],[4.301646,43.816671],[4.30147,43.817236],[4.301551,43.817337],[4.300696,43.817718],[4.300383,43.817956],[4.298693,43.81847],[4.298359,43.819993],[4.297878,43.820314],[4.297746,43.820371],[4.297628,43.820316],[4.296674,43.821087],[4.29613,43.821871],[4.295567,43.822424],[4.294913,43.823709],[4.294238,43.824212],[4.29339,43.825312],[4.292665,43.826736],[4.292574,43.827144],[4.292451,43.829204],[4.292507,43.829698],[4.292327,43.830357],[4.292334,43.830827],[4.292648,43.831635],[4.292603,43.831915],[4.292385,43.832384],[4.29166,43.833263],[4.291494,43.83383],[4.291438,43.834484],[4.291247,43.834927],[4.291076,43.834854],[4.291139,43.835373],[4.291032,43.836208],[4.29064,43.836488],[4.290378,43.836438],[4.28927,43.835692],[4.28899,43.835555],[4.28878,43.835603],[4.287757,43.836486],[4.287746,43.83662],[4.288177,43.836963],[4.288197,43.83708],[4.287567,43.838388],[4.286515,43.839524],[4.285635,43.840066],[4.285115,43.840182],[4.284337,43.840189],[4.284163,43.840559],[4.285008,43.84115],[4.2852,43.841709],[4.286149,43.842375],[4.288648,43.843403],[4.289636,43.844058],[4.290583,43.844193],[4.291462,43.844664],[4.292454,43.844883],[4.294119,43.844939],[4.295097,43.845495],[4.293989,43.846018],[4.29316,43.84614],[4.292586,43.8461],[4.292298,43.846155],[4.291551,43.846509],[4.290103,43.847001],[4.287939,43.847492],[4.287471,43.847681],[4.286371,43.847658],[4.285406,43.847798],[4.281637,43.847487],[4.280302,43.8475],[4.279812,43.847663],[4.279027,43.847738],[4.280002,43.848314],[4.282913,43.84962],[4.283807,43.850612],[4.283869,43.851057],[4.279313,43.852087],[4.277359,43.85224],[4.274382,43.852339],[4.271565,43.852598],[4.271241,43.852536],[4.26692,43.852981],[4.26311,43.853504],[4.258154,43.854352],[4.239432,43.857035]]]}},{"type":"Feature","properties":{"nom":"Poulx","code":"30206","epci":"CA Nîmes Métropole","adherente":true,"part_papi":22.0,"population":4348},"geometry":{"type":"Polygon","coordinates":[[[4.424267,43.896102],[4.421945,43.895865],[4.421716,43.895707],[4.42032,43.895487],[4.418777,43.895817],[4.416557,43.895833],[4.415764,43.895959],[4.414829,43.895849],[4.411812,43.895873],[4.409605,43.895779],[4.407477,43.895777],[4.406467,43.901354],[4.406019,43.902127],[4.406069,43.903763],[4.406736,43.905719],[4.407238,43.9067],[4.409357,43.906444],[4.409595,43.907037],[4.409707,43.906996],[4.409846,43.907146],[4.408771,43.907327],[4.408399,43.907529],[4.40407,43.90803],[4.40486,43.911475],[4.405439,43.911787],[4.405793,43.912096],[4.406936,43.913845],[4.407387,43.914702],[4.407066,43.914743],[4.405812,43.914622],[4.403169,43.915164],[4.400583,43.916132],[4.399951,43.916229],[4.399696,43.916845],[4.399044,43.917454],[4.398559,43.918139],[4.398434,43.918659],[4.397824,43.919094],[4.39766,43.919671],[4.397236,43.919848],[4.396753,43.919872],[4.396435,43.920259],[4.396813,43.920768],[4.397302,43.920915],[4.39795,43.921442],[4.398107,43.921603],[4.398296,43.922094],[4.398705,43.922469],[4.398732,43.922789],[4.398539,43.92322],[4.398529,43.923545],[4.398351,43.923794],[4.398318,43.92467],[4.399103,43.925479],[4.399674,43.925698],[4.400257,43.92574],[4.400922,43.925896],[4.401125,43.926],[4.401554,43.926462],[4.401812,43.926598],[4.402025,43.92684],[4.40215,43.927255],[4.402176,43.927661],[4.401964,43.927928],[4.401967,43.928117],[4.402191,43.92858],[4.402366,43.928669],[4.403431,43.928682],[4.403622,43.92837],[4.40408,43.928199],[4.405491,43.928312],[4.405899,43.92845],[4.406653,43.928433],[4.406912,43.92852],[4.407198,43.928763],[4.407239,43.929594],[4.407365,43.929779],[4.407556,43.929928],[4.408739,43.930268],[4.408784,43.930478],[4.408525,43.930804],[4.408435,43.931266],[4.408766,43.932178],[4.40844,43.932581],[4.408338,43.932957],[4.410214,43.932644],[4.412095,43.932126],[4.413142,43.931596],[4.414073,43.931664],[4.413688,43.929959],[4.414165,43.929525],[4.415145,43.92962],[4.415823,43.929962],[4.416437,43.929981],[4.417031,43.930358],[4.418036,43.930031],[4.41907,43.930387],[4.419468,43.931366],[4.420709,43.93108],[4.424586,43.931235],[4.434238,43.930613],[4.437633,43.929594],[4.438252,43.929491],[4.443863,43.929519],[4.444062,43.927912],[4.443975,43.924384],[4.444093,43.920003],[4.444243,43.918153],[4.444196,43.914326],[4.444411,43.912498],[4.44688,43.904202],[4.447527,43.900977],[4.447498,43.900326],[4.447167,43.899224],[4.445807,43.899691],[4.444657,43.900311],[4.444646,43.900425],[4.443842,43.900353],[4.442422,43.901238],[4.442225,43.901806],[4.439549,43.902015],[4.439162,43.902138],[4.438415,43.901985],[4.434148,43.901635],[4.433036,43.90183],[4.432333,43.90176],[4.429962,43.902044],[4.429892,43.901911],[4.428668,43.902184],[4.429029,43.900789],[4.429053,43.899426],[4.429164,43.899173],[4.429286,43.897699],[4.429956,43.89689],[4.427744,43.896533],[4.425735,43.896392],[4.424267,43.896102]]]}},{"type":"Feature","properties":{"nom":"Redessan","code":"30211","epci":"CA Nîmes Métropole","adherente":true,"part_papi":100.0,"population":4211},"geometry":{"type":"Polygon","coordinates":[[[4.524204,43.860127],[4.528058,43.860239],[4.528658,43.860374],[4.529467,43.859555],[4.533108,43.856359],[4.535364,43.855714],[4.533791,43.852656],[4.534075,43.851273],[4.534505,43.847889],[4.53564,43.842735],[4.534286,43.842191],[4.533337,43.841657],[4.531679,43.841056],[4.529124,43.839925],[4.528473,43.837971],[4.528327,43.836889],[4.527694,43.834753],[4.527543,43.833474],[4.52757,43.832669],[4.527274,43.832125],[4.527189,43.831582],[4.521547,43.827531],[4.525938,43.8233],[4.5267,43.820161],[4.535575,43.808001],[4.536354,43.806708],[4.540105,43.799154],[4.538358,43.799431],[4.537972,43.79963],[4.537366,43.799807],[4.533443,43.800117],[4.532536,43.800263],[4.531398,43.800591],[4.529501,43.801922],[4.526948,43.804562],[4.526319,43.805576],[4.525262,43.807652],[4.520038,43.809539],[4.519149,43.810624],[4.519344,43.811349],[4.517403,43.811597],[4.516089,43.812116],[4.513906,43.813587],[4.512903,43.814129],[4.512379,43.81456],[4.511099,43.815177],[4.509934,43.816096],[4.506142,43.81876],[4.505275,43.819602],[4.504473,43.820092],[4.502598,43.82062],[4.501953,43.820974],[4.500695,43.821284],[4.498586,43.821964],[4.494144,43.822858],[4.490999,43.823278],[4.489592,43.823729],[4.489542,43.823482],[4.485652,43.824701],[4.485656,43.827167],[4.484555,43.832885],[4.484297,43.833844],[4.483644,43.83547],[4.482534,43.839437],[4.483302,43.839724],[4.483793,43.840616],[4.487141,43.844103],[4.490823,43.84432],[4.491379,43.84442],[4.493066,43.844984],[4.494858,43.845388],[4.498546,43.845986],[4.498826,43.845913],[4.501175,43.851549],[4.501036,43.857039],[4.501459,43.857114],[4.502436,43.857091],[4.505694,43.856532],[4.506029,43.856359],[4.509006,43.856108],[4.516414,43.857756],[4.517424,43.858226],[4.519804,43.85878],[4.521215,43.859286],[4.523041,43.859541],[4.523445,43.859753],[4.523619,43.860018],[4.524204,43.860127]]]}},{"type":"Feature","properties":{"nom":"Rodilhan","code":"30356","epci":"CA Nîmes Métropole","adherente":true,"part_papi":100.0,"population":2799},"geometry":{"type":"Polygon","coordinates":[[[4.455,43.83024],[4.455002,43.828631],[4.452301,43.824644],[4.452846,43.822134],[4.452809,43.820384],[4.452703,43.819675],[4.452019,43.819622],[4.452084,43.818564],[4.449729,43.818333],[4.45007,43.817439],[4.448048,43.816755],[4.447537,43.817979],[4.44541,43.817176],[4.444929,43.817867],[4.443748,43.817268],[4.443523,43.817569],[4.442976,43.818017],[4.439604,43.816806],[4.437497,43.815884],[4.437162,43.816424],[4.435911,43.817741],[4.435439,43.818839],[4.434708,43.819952],[4.433678,43.820002],[4.431519,43.820431],[4.4303,43.821796],[4.429557,43.821712],[4.428132,43.820152],[4.424457,43.817346],[4.423618,43.817706],[4.423016,43.818084],[4.421555,43.818656],[4.419761,43.819632],[4.418686,43.820765],[4.41768,43.82019],[4.41764,43.819968],[4.417314,43.820371],[4.417081,43.820889],[4.416783,43.822134],[4.416283,43.822648],[4.413646,43.822162],[4.41403,43.822728],[4.414821,43.823509],[4.414358,43.824074],[4.414614,43.824338],[4.415721,43.82615],[4.416112,43.827904],[4.416404,43.828681],[4.412431,43.832781],[4.411677,43.834427],[4.411658,43.83467],[4.414527,43.834293],[4.422945,43.833367],[4.427193,43.833101],[4.431453,43.832702],[4.440574,43.831798],[4.445046,43.831254],[4.455,43.83024]]]}},{"type":"Feature","properties":{"nom":"Saint-Côme-et-Maruéjols","code":"30245","epci":"CA Nîmes Métropole","adherente":true,"part_papi":67.0,"population":798},"geometry":{"type":"Polygon","coordinates":[[[4.207602,43.808858],[4.20709,43.809388],[4.206343,43.810541],[4.205937,43.810482],[4.205036,43.810801],[4.204128,43.811356],[4.203544,43.811547],[4.201905,43.812437],[4.201206,43.812621],[4.200428,43.812464],[4.199943,43.81252],[4.19943,43.812802],[4.198876,43.813637],[4.198388,43.813959],[4.197726,43.813845],[4.197493,43.813896],[4.196944,43.814652],[4.19622,43.814869],[4.195919,43.815123],[4.194704,43.815174],[4.193028,43.815642],[4.192587,43.81567],[4.192291,43.815572],[4.191881,43.81559],[4.190224,43.816093],[4.18836,43.816319],[4.188494,43.816588],[4.187907,43.817197],[4.187712,43.817677],[4.187198,43.818033],[4.187057,43.818265],[4.185993,43.818278],[4.185867,43.818112],[4.18545,43.81798],[4.185075,43.818162],[4.184483,43.818319],[4.184233,43.818209],[4.183636,43.818207],[4.183332,43.817968],[4.182741,43.81799],[4.182496,43.818075],[4.18235,43.81823],[4.182176,43.818227],[4.181706,43.818689],[4.180943,43.819247],[4.180282,43.819591],[4.180083,43.81955],[4.179299,43.819625],[4.178992,43.819723],[4.178187,43.819702],[4.177966,43.819578],[4.176893,43.819628],[4.17668,43.819488],[4.176239,43.819507],[4.17603,43.819392],[4.174476,43.819428],[4.173636,43.819571],[4.173024,43.819476],[4.17287,43.819538],[4.171365,43.819485],[4.157609,43.82055],[4.15844,43.82956],[4.160572,43.83218],[4.160732,43.832569],[4.161748,43.833348],[4.164788,43.835407],[4.172937,43.840858],[4.177576,43.84386],[4.182549,43.848443],[4.183807,43.851282],[4.18629,43.85821],[4.194838,43.858582],[4.193991,43.856351],[4.195445,43.854187],[4.200024,43.850079],[4.200643,43.849245],[4.201954,43.846574],[4.201896,43.84586],[4.201198,43.845037],[4.20074,43.844195],[4.201166,43.841769],[4.20151,43.841457],[4.202837,43.838973],[4.204367,43.838069],[4.206273,43.836232],[4.208053,43.833309],[4.208497,43.83309],[4.20872,43.832826],[4.208649,43.832181],[4.208771,43.83189],[4.209542,43.831011],[4.209955,43.830966],[4.210121,43.830577],[4.210258,43.830485],[4.210497,43.830485],[4.210981,43.82962],[4.210009,43.829349],[4.208889,43.829352],[4.210073,43.826447],[4.209375,43.826188],[4.208502,43.824636],[4.207118,43.823565],[4.207248,43.822834],[4.207086,43.822385],[4.207905,43.821476],[4.20803,43.821402],[4.208161,43.821449],[4.208977,43.82058],[4.209955,43.819897],[4.211894,43.818326],[4.212582,43.817495],[4.213349,43.816852],[4.214096,43.816376],[4.214904,43.815131],[4.214978,43.814482],[4.215525,43.813595],[4.214661,43.812468],[4.213055,43.809837],[4.213439,43.809592],[4.213267,43.809462],[4.213301,43.809145],[4.213119,43.808698],[4.212954,43.80855],[4.212855,43.808562],[4.212958,43.809184],[4.212194,43.809186],[4.212348,43.808745],[4.210778,43.808487],[4.210645,43.808547],[4.21032,43.808139],[4.210509,43.807701],[4.209823,43.807785],[4.209826,43.807585],[4.208586,43.807362],[4.207602,43.808858]]]}},{"type":"Feature","properties":{"nom":"Saint-Dionisy","code":"30249","epci":"CA Nîmes Métropole","adherente":true,"part_papi":100.0,"population":1058},"geometry":{"type":"Polygon","coordinates":[[[4.209826,43.807585],[4.209823,43.807785],[4.210509,43.807701],[4.21032,43.808139],[4.210645,43.808547],[4.210778,43.808487],[4.212348,43.808745],[4.212194,43.809186],[4.212958,43.809184],[4.212855,43.808562],[4.212954,43.80855],[4.213119,43.808698],[4.213301,43.809145],[4.213267,43.809462],[4.213439,43.809592],[4.213055,43.809837],[4.213521,43.810673],[4.214343,43.810232],[4.214845,43.810557],[4.215523,43.811242],[4.216401,43.810835],[4.216855,43.810746],[4.217357,43.811641],[4.217359,43.81252],[4.217446,43.812517],[4.217462,43.812716],[4.217947,43.81293],[4.218975,43.81423],[4.219616,43.81446],[4.220211,43.814575],[4.2212,43.814705],[4.222056,43.814678],[4.222303,43.814791],[4.223049,43.814925],[4.223532,43.815178],[4.224515,43.815169],[4.226393,43.814966],[4.227393,43.815005],[4.22757,43.814954],[4.229281,43.814236],[4.230127,43.81378],[4.231065,43.81373],[4.231468,43.813587],[4.230404,43.812745],[4.230548,43.812703],[4.231355,43.811793],[4.232558,43.810981],[4.23321,43.8102],[4.233664,43.809347],[4.234125,43.807647],[4.234464,43.807517],[4.234617,43.807176],[4.234694,43.806591],[4.235393,43.806602],[4.235536,43.806068],[4.235364,43.80603],[4.235506,43.805467],[4.235196,43.805432],[4.235299,43.805209],[4.235975,43.805086],[4.236482,43.804865],[4.23765,43.802231],[4.237652,43.801495],[4.237553,43.80134],[4.237886,43.801331],[4.237554,43.800093],[4.237699,43.799486],[4.2376,43.799487],[4.237594,43.799083],[4.237329,43.799078],[4.237324,43.798439],[4.237159,43.798369],[4.237564,43.798017],[4.236188,43.798099],[4.235894,43.798221],[4.234826,43.798416],[4.23419,43.797925],[4.233895,43.797994],[4.23364,43.79817],[4.228836,43.79731],[4.228451,43.797522],[4.227989,43.79764],[4.226831,43.797727],[4.22588,43.797117],[4.224822,43.79701],[4.22403,43.796437],[4.223805,43.796461],[4.223547,43.79633],[4.223324,43.796421],[4.223191,43.796356],[4.222904,43.796773],[4.221221,43.796623],[4.22064,43.796713],[4.220203,43.796638],[4.21971,43.796322],[4.219497,43.796289],[4.219004,43.796378],[4.216357,43.796257],[4.216207,43.796467],[4.213829,43.796383],[4.213537,43.796033],[4.210797,43.796054],[4.211661,43.797781],[4.214612,43.799873],[4.213569,43.800918],[4.212884,43.802115],[4.212893,43.802443],[4.212539,43.802517],[4.212183,43.8028],[4.211897,43.803421],[4.209736,43.805752],[4.208586,43.807362],[4.209826,43.807585]]]}},{"type":"Feature","properties":{"nom":"Saint-Gervasy","code":"30257","epci":"CA Nîmes Métropole","adherente":true,"part_papi":100.0,"population":1984},"geometry":{"type":"Polygon","coordinates":[[[4.479972,43.885412],[4.480155,43.885278],[4.480634,43.884354],[4.481507,43.883546],[4.481997,43.882781],[4.482269,43.882168],[4.483093,43.879552],[4.483029,43.87953],[4.485099,43.87463],[4.485044,43.874186],[4.484703,43.873598],[4.4829,43.872469],[4.482572,43.87218],[4.482745,43.871176],[4.482602,43.870871],[4.48258,43.869808],[4.482294,43.869668],[4.482196,43.869298],[4.481634,43.868798],[4.481345,43.868023],[4.481474,43.866171],[4.481431,43.865944],[4.481128,43.865552],[4.48121,43.862597],[4.481483,43.862244],[4.481903,43.860412],[4.482183,43.859922],[4.482989,43.857673],[4.483534,43.85558],[4.483836,43.8544],[4.483769,43.852687],[4.482335,43.852978],[4.481617,43.853235],[4.481048,43.853225],[4.479744,43.853362],[4.479773,43.853521],[4.479586,43.853572],[4.476922,43.854107],[4.476498,43.854247],[4.476349,43.854263],[4.475574,43.853809],[4.470529,43.855424],[4.470037,43.855674],[4.468505,43.856846],[4.467741,43.860144],[4.466534,43.862604],[4.464359,43.866659],[4.462399,43.869159],[4.461659,43.870237],[4.461474,43.870254],[4.460633,43.872608],[4.458817,43.871641],[4.457561,43.871211],[4.457331,43.871016],[4.455719,43.870258],[4.455346,43.871097],[4.455,43.873683],[4.455147,43.874543],[4.454554,43.876646],[4.454251,43.878352],[4.453792,43.879479],[4.45329,43.880395],[4.453116,43.88103],[4.451294,43.883856],[4.450682,43.885289],[4.450764,43.886215],[4.451023,43.887389],[4.450827,43.888385],[4.450742,43.889842],[4.450959,43.890018],[4.45585,43.890213],[4.459239,43.88963],[4.460403,43.889515],[4.466814,43.889306],[4.470734,43.889036],[4.473176,43.888652],[4.473328,43.888545],[4.474474,43.888204],[4.475064,43.887963],[4.475539,43.887669],[4.477292,43.886435],[4.479972,43.885412]]]}},{"type":"Feature","properties":{"nom":"Saint-Gilles","code":"30258","epci":"CA Nîmes Métropole","adherente":true,"part_papi":50.0,"population":14734},"geometry":{"type":"Polygon","coordinates":[[[4.413038,43.77373],[4.415935,43.774294],[4.417104,43.77426],[4.417874,43.774092],[4.418886,43.773357],[4.42042,43.771124],[4.420974,43.770125],[4.42161,43.768651],[4.422368,43.767602],[4.425279,43.764368],[4.426326,43.763359],[4.427781,43.762186],[4.428275,43.761142],[4.429206,43.759777],[4.431941,43.756743],[4.432486,43.756969],[4.432678,43.756392],[4.433036,43.756393],[4.433261,43.756246],[4.433648,43.755753],[4.434439,43.755301],[4.4347,43.755028],[4.435542,43.753561],[4.436334,43.751556],[4.436643,43.750907],[4.4369,43.750617],[4.437114,43.750034],[4.439353,43.747374],[4.441025,43.74651],[4.441213,43.746305],[4.443063,43.739958],[4.445957,43.733065],[4.44609,43.727877],[4.446245,43.72579],[4.446655,43.724113],[4.446816,43.722012],[4.447396,43.721484],[4.448233,43.721255],[4.448723,43.721238],[4.449603,43.720719],[4.450152,43.718919],[4.451476,43.716317],[4.452595,43.715339],[4.45432,43.714054],[4.454398,43.71384],[4.456505,43.712187],[4.456556,43.71227],[4.457733,43.711439],[4.4623,43.70961],[4.463871,43.708833],[4.463905,43.708998],[4.464321,43.7089],[4.464353,43.708962],[4.470027,43.706415],[4.469801,43.706123],[4.47053,43.705808],[4.474214,43.704295],[4.474995,43.704238],[4.475085,43.704052],[4.475048,43.703809],[4.47795,43.702728],[4.478325,43.701878],[4.479767,43.702024],[4.481447,43.701343],[4.481509,43.700554],[4.483302,43.700569],[4.482851,43.699449],[4.484827,43.69993],[4.486027,43.698856],[4.485558,43.698626],[4.484408,43.697679],[4.482858,43.696111],[4.480751,43.693726],[4.479892,43.692376],[4.478654,43.690776],[4.477706,43.688932],[4.476937,43.687742],[4.475909,43.685481],[4.475665,43.684483],[4.475631,43.683877],[4.475837,43.682444],[4.476474,43.681029],[4.477849,43.678456],[4.478477,43.676814],[4.478652,43.676087],[4.478619,43.67483],[4.478414,43.674199],[4.477646,43.672844],[4.47686,43.672068],[4.475808,43.671329],[4.474387,43.670757],[4.472787,43.670317],[4.469157,43.669549],[4.466561,43.669282],[4.464156,43.669157],[4.459069,43.668387],[4.457882,43.668037],[4.454934,43.6669],[4.453201,43.665946],[4.452761,43.665498],[4.451458,43.664581],[4.450804,43.663894],[4.448711,43.660462],[4.447025,43.658693],[4.443852,43.65312],[4.443191,43.652477],[4.440559,43.648886],[4.439997,43.647673],[4.439328,43.646705],[4.437182,43.642049],[4.436472,43.638703],[4.435125,43.634957],[4.434728,43.634086],[4.432765,43.631147],[4.43214,43.630369],[4.431238,43.629529],[4.427766,43.627054],[4.427377,43.626645],[4.426308,43.625001],[4.426228,43.624425],[4.426215,43.622765],[4.426548,43.621839],[4.427597,43.620347],[4.429701,43.618142],[4.432469,43.615768],[4.435936,43.613258],[4.43768,43.611885],[4.438186,43.611556],[4.439899,43.610768],[4.44292,43.610044],[4.44459,43.609947],[4.446824,43.610111],[4.45111,43.610707],[4.45493,43.611569],[4.456778,43.612199],[4.458928,43.613204],[4.460946,43.614312],[4.462393,43.614956],[4.463196,43.615187],[4.464489,43.61542],[4.466055,43.615306],[4.466761,43.615199],[4.468301,43.614776],[4.469004,43.61447],[4.470383,43.613599],[4.47254,43.611866],[4.474145,43.610172],[4.474673,43.609376],[4.475085,43.608394],[4.475199,43.607762],[4.475254,43.607235],[4.475138,43.60639],[4.474962,43.605636],[4.474487,43.604473],[4.473691,43.603526],[4.472857,43.602915],[4.471327,43.602096],[4.468699,43.600513],[4.467706,43.599707],[4.466384,43.598267],[4.465621,43.597219],[4.464362,43.594671],[4.462904,43.592097],[4.461925,43.590595],[4.461427,43.590041],[4.460327,43.588943],[4.458547,43.587561],[4.456357,43.5862],[4.454427,43.585142],[4.452484,43.584282],[4.451561,43.584028],[4.449737,43.583601],[4.447957,43.58328],[4.445956,43.58305],[4.442516,43.583335],[4.440872,43.583639],[4.438945,43.584059],[4.437296,43.584601],[4.435069,43.585186],[4.431592,43.585739],[4.4303,43.585803],[4.42799,43.585691],[4.426141,43.585434],[4.424734,43.584976],[4.423201,43.584326],[4.42187,43.58351],[4.420157,43.582767],[4.415142,43.579763],[4.412978,43.578644],[4.410525,43.577582],[4.407107,43.575896],[4.404418,43.574379],[4.403546,43.573745],[4.402976,43.573188],[4.402833,43.572564],[4.403203,43.572255],[4.40365,43.57213],[4.404792,43.572013],[4.405927,43.572001],[4.406331,43.572062],[4.406698,43.572249],[4.407955,43.57257],[4.410534,43.572848],[4.411899,43.572941],[4.41326,43.572932],[4.41444,43.572793],[4.415491,43.572462],[4.415902,43.572175],[4.416546,43.571537],[4.416732,43.571101],[4.416754,43.569609],[4.416609,43.568529],[4.415951,43.566911],[4.415145,43.565797],[4.413946,43.564663],[4.410925,43.562192],[4.408784,43.560819],[4.407083,43.560012],[4.40663,43.559919],[4.405953,43.559573],[4.404882,43.559351],[4.403311,43.559253],[4.400848,43.559541],[4.398011,43.560536],[4.394571,43.561169],[4.390734,43.562223],[4.388768,43.562548],[4.387707,43.562427],[4.387418,43.562308],[4.387127,43.561836],[4.387115,43.560642],[4.386896,43.559546],[4.386406,43.558047],[4.38553,43.556517],[4.384715,43.555498],[4.383335,43.554154],[4.382414,43.553426],[4.380922,43.552596],[4.37991,43.552174],[4.377667,43.551578],[4.376144,43.551064],[4.369432,43.548321],[4.366813,43.54753],[4.365046,43.547155],[4.362364,43.546923],[4.360017,43.546928],[4.353628,43.547335],[4.353318,43.549097],[4.365472,43.554881],[4.370433,43.558338],[4.378144,43.564143],[4.364487,43.574795],[4.36766,43.576861],[4.356802,43.605077],[4.355781,43.608316],[4.355227,43.611079],[4.349802,43.642747],[4.348722,43.645682],[4.348574,43.64577],[4.34843,43.646125],[4.34753,43.648695],[4.347798,43.648628],[4.34919,43.649307],[4.350481,43.64955],[4.358762,43.651464],[4.355676,43.656374],[4.35554,43.656433],[4.354635,43.657585],[4.354247,43.657504],[4.352561,43.657799],[4.351308,43.657423],[4.349783,43.660315],[4.349354,43.661323],[4.348977,43.66179],[4.348161,43.663416],[4.347176,43.665073],[4.344601,43.668969],[4.342902,43.672906],[4.342583,43.673294],[4.339658,43.680322],[4.346611,43.692841],[4.346894,43.698433],[4.34831,43.699208],[4.358224,43.698412],[4.361773,43.697925],[4.362317,43.697783],[4.388552,43.695572],[4.386971,43.70184],[4.384582,43.710453],[4.382797,43.717577],[4.383611,43.717682],[4.383536,43.718122],[4.385766,43.718537],[4.385116,43.720213],[4.385087,43.72056],[4.384426,43.722165],[4.384,43.722121],[4.383865,43.722203],[4.383233,43.723497],[4.382534,43.729176],[4.382366,43.729622],[4.381847,43.730394],[4.382315,43.73055],[4.385451,43.742425],[4.390139,43.741435],[4.397585,43.742676],[4.399276,43.744017],[4.40089,43.74511],[4.402707,43.746716],[4.406015,43.751152],[4.406472,43.752265],[4.406663,43.752412],[4.409663,43.75753],[4.407312,43.766576],[4.404877,43.771336],[4.413038,43.77373]]]}},{"type":"Feature","properties":{"nom":"Saint-Laurent-d'Aigouze","code":"30276","epci":"CC Terre de Camargue","adherente":true,"part_papi":29.0,"population":3690},"geometry":{"type":"Polygon","coordinates":[[[4.31816,43.557027],[4.317641,43.556793],[4.313896,43.555618],[4.313996,43.555407],[4.31439,43.555031],[4.317034,43.553577],[4.317296,43.553074],[4.317029,43.551966],[4.316202,43.551383],[4.315857,43.551224],[4.314998,43.551023],[4.313933,43.551017],[4.312574,43.551365],[4.311717,43.55138],[4.311284,43.551276],[4.309618,43.549687],[4.307942,43.547816],[4.307677,43.547151],[4.307723,43.545828],[4.307996,43.545099],[4.310145,43.542701],[4.313084,43.539147],[4.316315,43.534568],[4.31699,43.533822],[4.318253,43.532632],[4.322404,43.530598],[4.322688,43.530379],[4.32382,43.528886],[4.324691,43.528239],[4.32202,43.526287],[4.320403,43.525477],[4.319407,43.525199],[4.317091,43.52476],[4.315321,43.524582],[4.314282,43.524606],[4.310808,43.525167],[4.310423,43.525174],[4.30965,43.525002],[4.309245,43.524801],[4.308681,43.524356],[4.307091,43.522477],[4.30642,43.521804],[4.30587,43.521328],[4.303838,43.519915],[4.301543,43.517914],[4.297502,43.515174],[4.296495,43.514717],[4.294537,43.514194],[4.290456,43.513739],[4.288384,43.513421],[4.287621,43.513194],[4.281859,43.511012],[4.276721,43.509224],[4.275609,43.508865],[4.272605,43.508115],[4.270248,43.507911],[4.266032,43.507982],[4.263808,43.508081],[4.263039,43.508192],[4.26071,43.508085],[4.259222,43.50778],[4.258449,43.50746],[4.255632,43.505751],[4.254449,43.505141],[4.246148,43.501947],[4.245836,43.501835],[4.244917,43.501733],[4.244192,43.501448],[4.228141,43.53716],[4.227791,43.538442],[4.225354,43.550183],[4.223252,43.554816],[4.225061,43.555763],[4.225356,43.556615],[4.225453,43.556679],[4.225344,43.557527],[4.225486,43.558293],[4.224561,43.559471],[4.224381,43.560047],[4.224261,43.560158],[4.224197,43.560789],[4.223531,43.562236],[4.221615,43.56511],[4.21763,43.56966],[4.215355,43.572686],[4.213241,43.575188],[4.212962,43.576275],[4.211639,43.57853],[4.211384,43.579237],[4.210485,43.580935],[4.210195,43.581466],[4.20947,43.58225],[4.209771,43.583571],[4.209863,43.58484],[4.209651,43.58721],[4.210759,43.588045],[4.210824,43.58818],[4.210578,43.588962],[4.210325,43.588728],[4.2099,43.588567],[4.209596,43.588353],[4.209085,43.588454],[4.208637,43.588809],[4.20802,43.588937],[4.206516,43.589742],[4.205626,43.589444],[4.205167,43.589366],[4.202596,43.589467],[4.201696,43.589419],[4.200257,43.589018],[4.197962,43.588806],[4.197775,43.588646],[4.195058,43.588346],[4.19342,43.588326],[4.19256,43.588194],[4.190929,43.58779],[4.189445,43.587268],[4.188829,43.587121],[4.188846,43.586977],[4.188539,43.586928],[4.187662,43.58688],[4.186983,43.58691],[4.186708,43.586994],[4.184747,43.586852],[4.184612,43.586716],[4.18337,43.586762],[4.182594,43.585931],[4.182186,43.585672],[4.18101,43.585421],[4.180221,43.584879],[4.179865,43.584852],[4.178581,43.584987],[4.177547,43.585747],[4.175125,43.585324],[4.174074,43.585384],[4.173387,43.585563],[4.170762,43.585869],[4.165798,43.585725],[4.154584,43.585755],[4.150241,43.585445],[4.150657,43.586702],[4.15064,43.587449],[4.150248,43.589872],[4.14973,43.594554],[4.149333,43.597133],[4.149587,43.597893],[4.149853,43.598186],[4.1558,43.599659],[4.156192,43.599859],[4.165602,43.606808],[4.167692,43.608114],[4.168324,43.608635],[4.168856,43.609241],[4.172738,43.614395],[4.175897,43.618843],[4.177509,43.620948],[4.178414,43.622336],[4.179165,43.623066],[4.180077,43.62467],[4.183332,43.628513],[4.185425,43.631533],[4.186098,43.632727],[4.187019,43.633818],[4.188244,43.635928],[4.189017,43.636691],[4.18997,43.638079],[4.191523,43.639787],[4.193679,43.641849],[4.193777,43.642095],[4.19374,43.642376],[4.193373,43.643009],[4.192526,43.643551],[4.191994,43.644022],[4.192068,43.644896],[4.19199,43.645327],[4.190939,43.646632],[4.190813,43.647707],[4.191073,43.648726],[4.191362,43.649267],[4.193216,43.650632],[4.193441,43.650891],[4.193712,43.651725],[4.194433,43.651449],[4.195049,43.650952],[4.195668,43.649951],[4.196927,43.649176],[4.197348,43.648679],[4.197656,43.648077],[4.197913,43.64781],[4.197825,43.647653],[4.198209,43.647547],[4.198678,43.647194],[4.199655,43.64731],[4.202132,43.646853],[4.203249,43.646316],[4.204298,43.646044],[4.205005,43.645993],[4.205195,43.645893],[4.208147,43.643223],[4.208501,43.643005],[4.208798,43.642939],[4.21032,43.641591],[4.211187,43.640797],[4.21163,43.640186],[4.222286,43.630939],[4.22514,43.628173],[4.230443,43.624123],[4.233234,43.621556],[4.233584,43.621398],[4.234929,43.620153],[4.235724,43.619205],[4.236474,43.618631],[4.236652,43.618296],[4.237994,43.616905],[4.240998,43.613962],[4.241335,43.612774],[4.241506,43.611323],[4.240959,43.609934],[4.240901,43.609372],[4.241376,43.606695],[4.241669,43.606179],[4.241081,43.605791],[4.241102,43.605665],[4.241657,43.605235],[4.241734,43.605001],[4.242175,43.602357],[4.241182,43.599343],[4.24055,43.598508],[4.23768,43.589516],[4.237433,43.589152],[4.237624,43.588909],[4.237993,43.589055],[4.238615,43.588946],[4.240223,43.588969],[4.24037,43.588919],[4.246729,43.589033],[4.254852,43.588752],[4.260785,43.588925],[4.267625,43.589282],[4.272572,43.589655],[4.272808,43.5896],[4.273603,43.589643],[4.292099,43.590947],[4.292208,43.588819],[4.292479,43.586512],[4.292607,43.586185],[4.292935,43.583342],[4.293108,43.582834],[4.290998,43.577084],[4.290632,43.576416],[4.287038,43.568016],[4.288605,43.568393],[4.293928,43.569061],[4.294569,43.569398],[4.298416,43.569143],[4.30112,43.568417],[4.302113,43.567641],[4.30364,43.567196],[4.304728,43.566772],[4.307568,43.565974],[4.31119,43.564241],[4.314171,43.562983],[4.316056,43.56231],[4.317401,43.56195],[4.317315,43.561788],[4.318253,43.56153],[4.320643,43.560011],[4.321081,43.559712],[4.31903,43.557809],[4.31877,43.557773],[4.318487,43.557279],[4.31816,43.557027]]]}},{"type":"Feature","properties":{"nom":"Sernhac","code":"30317","epci":"CA Nîmes Métropole","adherente":true,"part_papi":3.0,"population":1819},"geometry":{"type":"Polygon","coordinates":[[[4.575837,43.899219],[4.56778,43.899721],[4.564257,43.899608],[4.561348,43.899612],[4.547174,43.899165],[4.546985,43.899696],[4.54702,43.899963],[4.546219,43.901971],[4.543218,43.902364],[4.542063,43.902267],[4.541832,43.902161],[4.541441,43.902247],[4.541357,43.902344],[4.538618,43.901569],[4.537719,43.901379],[4.535499,43.900692],[4.535138,43.901866],[4.535287,43.902674],[4.53563,43.903438],[4.535733,43.904733],[4.535564,43.905337],[4.535566,43.906447],[4.531643,43.912477],[4.54169,43.911593],[4.545058,43.917122],[4.548187,43.919071],[4.550267,43.920004],[4.554726,43.924086],[4.556836,43.926137],[4.558509,43.928351],[4.558792,43.929324],[4.559212,43.931699],[4.559113,43.932216],[4.558803,43.932907],[4.558593,43.933053],[4.558271,43.933634],[4.558142,43.933666],[4.557478,43.934243],[4.557503,43.934317],[4.558023,43.934235],[4.558958,43.933835],[4.559219,43.933541],[4.559762,43.932577],[4.559918,43.932638],[4.560076,43.93259],[4.561604,43.931455],[4.562772,43.929372],[4.564261,43.927967],[4.564719,43.927402],[4.564976,43.926538],[4.5658,43.925353],[4.565971,43.924944],[4.570064,43.924599],[4.579194,43.924201],[4.578468,43.920972],[4.578558,43.920405],[4.578783,43.919704],[4.57946,43.918447],[4.579583,43.917498],[4.579833,43.9168],[4.581097,43.911495],[4.583355,43.900825],[4.575837,43.899219]]]}},{"type":"Feature","properties":{"nom":"Uchaud","code":"30333","epci":"CC Rhôny-Vistre-Vidourle","adherente":true,"part_papi":100.0,"population":4879},"geometry":{"type":"Polygon","coordinates":[[[4.246499,43.77743],[4.24712,43.777864],[4.252825,43.782651],[4.253967,43.783782],[4.254427,43.784507],[4.255074,43.784299],[4.255793,43.783901],[4.255307,43.783541],[4.254451,43.782371],[4.255268,43.781021],[4.255508,43.780816],[4.255634,43.77897],[4.255289,43.778076],[4.255717,43.777554],[4.256208,43.777021],[4.257834,43.776124],[4.258072,43.776051],[4.259696,43.775992],[4.260813,43.775451],[4.261773,43.775177],[4.262385,43.77482],[4.262501,43.773919],[4.26291,43.772705],[4.263175,43.77264],[4.263488,43.772102],[4.264381,43.771091],[4.264905,43.770247],[4.265202,43.769975],[4.265874,43.769587],[4.266217,43.76946],[4.266472,43.769454],[4.2664,43.768829],[4.268054,43.768519],[4.268113,43.768382],[4.268611,43.768429],[4.268765,43.768507],[4.269122,43.768447],[4.269594,43.768168],[4.269838,43.767911],[4.270803,43.767969],[4.27136,43.768108],[4.271424,43.767928],[4.271693,43.767915],[4.272456,43.768096],[4.272807,43.767747],[4.273457,43.767365],[4.273905,43.766832],[4.274835,43.765351],[4.275382,43.765028],[4.275413,43.764948],[4.275063,43.764357],[4.275077,43.764223],[4.275767,43.763528],[4.275876,43.763555],[4.27623,43.763335],[4.276925,43.762529],[4.276759,43.762241],[4.275787,43.761867],[4.275629,43.760726],[4.276603,43.759307],[4.27833,43.75708],[4.278372,43.756984],[4.278261,43.756766],[4.278383,43.756762],[4.278757,43.756438],[4.279959,43.754905],[4.280352,43.754728],[4.280612,43.754475],[4.281779,43.752919],[4.282129,43.753044],[4.28385,43.75126],[4.283934,43.750929],[4.284455,43.750586],[4.284667,43.750576],[4.284878,43.749589],[4.284724,43.749208],[4.284159,43.748466],[4.284417,43.747979],[4.284652,43.747807],[4.284998,43.747721],[4.28611,43.745949],[4.286208,43.74586],[4.287399,43.746507],[4.288158,43.74678],[4.289248,43.744719],[4.292049,43.740412],[4.292273,43.74055],[4.293095,43.739628],[4.29347,43.738572],[4.295098,43.736152],[4.293247,43.736143],[4.292862,43.734756],[4.290852,43.735449],[4.289804,43.735694],[4.288217,43.736212],[4.28771,43.736444],[4.286179,43.737497],[4.285374,43.737941],[4.28504,43.73787],[4.284426,43.738299],[4.281294,43.743025],[4.280862,43.743246],[4.280325,43.743236],[4.279835,43.742532],[4.278054,43.742421],[4.276799,43.742475],[4.274337,43.742361],[4.27353,43.742113],[4.27315,43.741879],[4.272413,43.741134],[4.272321,43.741395],[4.271773,43.741442],[4.271114,43.742134],[4.270257,43.741806],[4.269998,43.741838],[4.269221,43.742778],[4.269037,43.742826],[4.268909,43.742703],[4.268311,43.743064],[4.267768,43.743136],[4.267173,43.743533],[4.264776,43.744266],[4.264482,43.744765],[4.264227,43.744706],[4.264,43.745383],[4.263824,43.746471],[4.26293,43.746654],[4.262258,43.747158],[4.259667,43.748384],[4.258044,43.749393],[4.257332,43.749725],[4.257618,43.749942],[4.256987,43.750547],[4.256133,43.75182],[4.25587,43.7525],[4.254415,43.755044],[4.253306,43.756125],[4.253041,43.75594],[4.252878,43.755949],[4.251915,43.756878],[4.252497,43.757201],[4.251907,43.757759],[4.251708,43.757754],[4.25096,43.758009],[4.250925,43.758128],[4.250131,43.75803],[4.249728,43.760353],[4.245975,43.762809],[4.245345,43.763315],[4.245448,43.763458],[4.244391,43.764546],[4.244014,43.764822],[4.241787,43.767397],[4.241072,43.767922],[4.240981,43.768158],[4.240409,43.768473],[4.240729,43.769371],[4.241638,43.771084],[4.240984,43.771249],[4.239852,43.771678],[4.240487,43.772152],[4.246499,43.77743]]]}},{"type":"Feature","properties":{"nom":"Vauvert","code":"30341","epci":"CC de Petite Camargue","adherente":true,"part_papi":40.0,"population":11671},"geometry":{"type":"Polygon","coordinates":[[[4.352388,43.547291],[4.351319,43.547117],[4.350707,43.546919],[4.35034,43.546637],[4.349929,43.546084],[4.349186,43.543861],[4.348916,43.542587],[4.347347,43.542177],[4.345224,43.540659],[4.342419,43.539007],[4.33838,43.537048],[4.335951,43.536048],[4.335595,43.536341],[4.334311,43.535394],[4.332552,43.535464],[4.331866,43.535605],[4.331426,43.535761],[4.32972,43.536658],[4.325392,43.539215],[4.321465,43.54112],[4.318046,43.543012],[4.316524,43.544129],[4.315956,43.545127],[4.31578,43.545736],[4.315729,43.546537],[4.315777,43.546996],[4.3162,43.547901],[4.317013,43.548679],[4.317714,43.549204],[4.321688,43.551405],[4.322557,43.552184],[4.322917,43.55275],[4.323052,43.553629],[4.322934,43.554084],[4.322505,43.554685],[4.321403,43.555739],[4.319242,43.557021],[4.318487,43.557279],[4.31877,43.557773],[4.31903,43.557809],[4.321081,43.559712],[4.318253,43.56153],[4.317315,43.561788],[4.317401,43.56195],[4.316056,43.56231],[4.314171,43.562983],[4.31119,43.564241],[4.307568,43.565974],[4.304728,43.566772],[4.30364,43.567196],[4.302113,43.567641],[4.30112,43.568417],[4.298416,43.569143],[4.294569,43.569398],[4.293928,43.569061],[4.288605,43.568393],[4.287038,43.568016],[4.290632,43.576416],[4.290998,43.577084],[4.293108,43.582834],[4.292935,43.583342],[4.292607,43.586185],[4.292479,43.586512],[4.292208,43.588819],[4.292099,43.590947],[4.273603,43.589643],[4.272808,43.5896],[4.272572,43.589655],[4.265638,43.58916],[4.265103,43.58985],[4.262676,43.593757],[4.259399,43.599302],[4.256762,43.604868],[4.254468,43.607728],[4.258297,43.611729],[4.2583,43.61204],[4.260308,43.613129],[4.262143,43.612838],[4.262753,43.612826],[4.264006,43.613209],[4.265149,43.613713],[4.266022,43.614334],[4.265546,43.614586],[4.26545,43.614764],[4.264154,43.615589],[4.262517,43.617321],[4.262469,43.617429],[4.263169,43.618405],[4.263326,43.618852],[4.262981,43.620831],[4.262887,43.621122],[4.26255,43.621387],[4.268559,43.625742],[4.267365,43.627162],[4.266799,43.628465],[4.263848,43.627754],[4.263862,43.625708],[4.260826,43.624855],[4.260412,43.625901],[4.260235,43.62608],[4.259861,43.626132],[4.259088,43.625973],[4.258646,43.625825],[4.25829,43.625589],[4.257653,43.626128],[4.257318,43.62622],[4.257347,43.626753],[4.25696,43.626609],[4.256504,43.625255],[4.25571,43.62493],[4.255568,43.624254],[4.255463,43.62415],[4.254081,43.623284],[4.253531,43.622847],[4.251934,43.622165],[4.25309,43.621413],[4.253507,43.621016],[4.253566,43.620491],[4.253487,43.620005],[4.253166,43.619306],[4.251145,43.618449],[4.249688,43.618052],[4.248775,43.617309],[4.248483,43.617194],[4.247872,43.617177],[4.247399,43.616556],[4.246702,43.61586],[4.245793,43.61514],[4.244708,43.61486],[4.243527,43.616007],[4.242383,43.616655],[4.242521,43.61727],[4.242882,43.617932],[4.243807,43.619208],[4.244293,43.619643],[4.245395,43.620171],[4.245704,43.620544],[4.249311,43.626231],[4.2503,43.627436],[4.250655,43.628328],[4.251001,43.630058],[4.251585,43.631154],[4.251798,43.631847],[4.25222,43.632489],[4.252677,43.634244],[4.253713,43.636569],[4.254388,43.638448],[4.254455,43.638929],[4.254259,43.639577],[4.256306,43.641093],[4.258636,43.646592],[4.258821,43.646769],[4.25903,43.64755],[4.259354,43.648133],[4.260528,43.650949],[4.264012,43.656038],[4.264025,43.656582],[4.264329,43.657373],[4.265098,43.658134],[4.265382,43.658815],[4.265605,43.661613],[4.26552,43.662239],[4.2648,43.663599],[4.265035,43.664314],[4.264589,43.664733],[4.264285,43.665384],[4.263632,43.667317],[4.260076,43.67521],[4.257329,43.679736],[4.254767,43.6849],[4.252019,43.685368],[4.248409,43.685812],[4.246125,43.686353],[4.246415,43.687726],[4.246159,43.687844],[4.246583,43.688345],[4.246633,43.6886],[4.246258,43.68977],[4.245735,43.69082],[4.245583,43.691376],[4.245581,43.692071],[4.245772,43.693223],[4.245169,43.694171],[4.24501,43.694868],[4.245015,43.695037],[4.245122,43.695138],[4.246397,43.696157],[4.247772,43.697937],[4.249555,43.699492],[4.249892,43.700332],[4.250603,43.700784],[4.251406,43.701472],[4.251829,43.702319],[4.251416,43.702722],[4.252055,43.703207],[4.252056,43.703357],[4.25172,43.703649],[4.251686,43.703773],[4.251814,43.703883],[4.252394,43.703929],[4.253236,43.70416],[4.253558,43.70454],[4.254284,43.704987],[4.254057,43.70626],[4.253552,43.706763],[4.252817,43.707255],[4.252722,43.707491],[4.252837,43.707864],[4.253325,43.70856],[4.253864,43.708813],[4.254541,43.708961],[4.254824,43.709313],[4.255034,43.710192],[4.255379,43.710891],[4.255867,43.711579],[4.25579,43.712515],[4.256087,43.713391],[4.25681,43.714075],[4.257807,43.714532],[4.259805,43.716324],[4.260359,43.71616],[4.260755,43.716702],[4.262325,43.716413],[4.264447,43.716179],[4.271913,43.7158],[4.272856,43.715492],[4.274254,43.715311],[4.27579,43.715432],[4.277685,43.715704],[4.282092,43.716027],[4.283936,43.716044],[4.285001,43.715892],[4.285716,43.715933],[4.287062,43.714533],[4.287657,43.714025],[4.28837,43.713043],[4.288937,43.712487],[4.28912,43.712043],[4.290353,43.710992],[4.29179,43.710161],[4.29224,43.709454],[4.292724,43.709772],[4.293158,43.709308],[4.293212,43.708951],[4.29435,43.70838],[4.294935,43.707957],[4.29527,43.707816],[4.297061,43.706313],[4.298478,43.705344],[4.2988,43.705152],[4.299484,43.705003],[4.300408,43.704091],[4.300644,43.704297],[4.30079,43.704267],[4.302408,43.703084],[4.303248,43.703096],[4.304036,43.702979],[4.304693,43.702668],[4.305151,43.70217],[4.305826,43.70191],[4.306047,43.701509],[4.306555,43.70169],[4.306583,43.701563],[4.306976,43.701233],[4.307876,43.700723],[4.308799,43.699833],[4.309648,43.699259],[4.309862,43.698898],[4.309986,43.69747],[4.31041,43.696637],[4.309894,43.694996],[4.31,43.694434],[4.309825,43.693683],[4.309454,43.692906],[4.310491,43.692647],[4.310914,43.692377],[4.312229,43.691912],[4.312402,43.691425],[4.312658,43.691218],[4.313075,43.691037],[4.313487,43.690986],[4.314401,43.690065],[4.314508,43.690087],[4.314549,43.689817],[4.314885,43.689381],[4.316316,43.687914],[4.316489,43.687778],[4.317743,43.687345],[4.31776,43.686806],[4.318048,43.686306],[4.319343,43.6857],[4.319233,43.685561],[4.319208,43.684743],[4.3191,43.684456],[4.319331,43.683444],[4.320004,43.67515],[4.320267,43.674494],[4.320678,43.673926],[4.321707,43.672819],[4.322954,43.671278],[4.322927,43.671182],[4.324256,43.669437],[4.324475,43.667746],[4.324165,43.666624],[4.324162,43.666142],[4.323873,43.665508],[4.323907,43.665359],[4.323107,43.665304],[4.322789,43.6652],[4.32223,43.66473],[4.321894,43.664293],[4.321512,43.663455],[4.321453,43.663124],[4.321625,43.663086],[4.321487,43.662878],[4.321511,43.662603],[4.322267,43.657509],[4.322395,43.655607],[4.324948,43.648633],[4.324222,43.648641],[4.324395,43.648461],[4.324625,43.647587],[4.325339,43.646189],[4.325729,43.644989],[4.326223,43.644929],[4.328166,43.639041],[4.342402,43.641589],[4.343911,43.641959],[4.34971,43.642996],[4.355469,43.609695],[4.355781,43.608316],[4.356802,43.605077],[4.36766,43.576861],[4.364487,43.574795],[4.378144,43.564143],[4.370433,43.558338],[4.365472,43.554881],[4.353318,43.549097],[4.353628,43.547335],[4.352388,43.547291]]]}},{"type":"Feature","properties":{"nom":"Vergèze","code":"30344","epci":"CC Rhôny-Vistre-Vidourle","adherente":true,"part_papi":100.0,"population":5788},"geometry":{"type":"Polygon","coordinates":[[[4.2379,43.757919],[4.241285,43.758223],[4.241446,43.75778],[4.241596,43.756682],[4.241909,43.755894],[4.241963,43.755518],[4.24189,43.753455],[4.241649,43.75176],[4.241592,43.749348],[4.241704,43.748657],[4.242397,43.746409],[4.2428,43.745508],[4.243326,43.743663],[4.243503,43.743407],[4.244,43.741434],[4.244844,43.739365],[4.246111,43.735432],[4.247319,43.733839],[4.248302,43.732253],[4.250751,43.730045],[4.251994,43.729168],[4.252224,43.728921],[4.252555,43.728371],[4.253781,43.727008],[4.254413,43.725962],[4.255088,43.725171],[4.255349,43.724625],[4.255734,43.724617],[4.259111,43.723874],[4.259712,43.723805],[4.260686,43.723868],[4.260774,43.723646],[4.26106,43.723665],[4.261248,43.723478],[4.261966,43.72337],[4.262268,43.723129],[4.262836,43.723127],[4.263013,43.723039],[4.263074,43.722895],[4.262701,43.722394],[4.262893,43.722021],[4.263119,43.721862],[4.2646,43.72151],[4.265151,43.721287],[4.265262,43.721158],[4.264998,43.720691],[4.265072,43.720243],[4.264802,43.719156],[4.264632,43.719066],[4.264284,43.719072],[4.263769,43.718646],[4.262987,43.718608],[4.262806,43.718539],[4.262567,43.71834],[4.262343,43.717804],[4.262217,43.717768],[4.261616,43.717879],[4.261007,43.717779],[4.260356,43.717314],[4.259807,43.717185],[4.25542,43.715637],[4.253814,43.715283],[4.249525,43.71347],[4.247537,43.712468],[4.246481,43.712072],[4.2444,43.71147],[4.242458,43.711055],[4.241175,43.710874],[4.239282,43.71045],[4.236612,43.710012],[4.235675,43.712954],[4.235498,43.714233],[4.235489,43.714596],[4.235628,43.715112],[4.236233,43.715566],[4.236453,43.716084],[4.236072,43.716977],[4.238071,43.716346],[4.238257,43.716382],[4.239202,43.716992],[4.239423,43.717405],[4.239747,43.717751],[4.240898,43.718631],[4.242257,43.72003],[4.242971,43.720511],[4.244124,43.721539],[4.24744,43.723452],[4.246298,43.724454],[4.245935,43.724896],[4.245354,43.725887],[4.24451,43.726187],[4.242623,43.726492],[4.242059,43.726708],[4.241866,43.726517],[4.241281,43.726314],[4.23818,43.72639],[4.235617,43.726605],[4.235708,43.727003],[4.235537,43.727606],[4.23578,43.727877],[4.235749,43.728108],[4.235135,43.729253],[4.233536,43.729061],[4.231482,43.72913],[4.23183,43.729785],[4.232459,43.730624],[4.23317,43.731376],[4.231976,43.732354],[4.231402,43.732652],[4.23001,43.734767],[4.229981,43.734827],[4.230218,43.734979],[4.229729,43.735756],[4.219854,43.73444],[4.219792,43.735023],[4.219195,43.734961],[4.219199,43.735142],[4.218724,43.735121],[4.21872,43.734394],[4.217762,43.734413],[4.217163,43.734284],[4.216134,43.734544],[4.215101,43.734546],[4.214873,43.734653],[4.214195,43.73472],[4.213388,43.734775],[4.21144,43.734725],[4.210951,43.736825],[4.210095,43.736677],[4.209777,43.737331],[4.208786,43.738426],[4.20843,43.73927],[4.208054,43.739775],[4.207979,43.740101],[4.208092,43.740276],[4.207828,43.740468],[4.207618,43.740493],[4.20736,43.740899],[4.20701,43.741145],[4.206729,43.741979],[4.206441,43.742126],[4.206571,43.742322],[4.206187,43.743147],[4.206365,43.743156],[4.206011,43.743602],[4.205648,43.744289],[4.204988,43.744929],[4.202868,43.745995],[4.202497,43.7468],[4.201314,43.747413],[4.201182,43.748087],[4.201648,43.749035],[4.201975,43.750201],[4.203229,43.750108],[4.203366,43.750403],[4.207671,43.750478],[4.209583,43.750585],[4.209835,43.750684],[4.20964,43.751346],[4.20968,43.751564],[4.209976,43.751688],[4.218109,43.751912],[4.224992,43.754289],[4.229285,43.755929],[4.234152,43.757935],[4.2379,43.757919]]]}},{"type":"Feature","properties":{"nom":"Vestric-et-Candiac","code":"30347","epci":"CC Rhôny-Vistre-Vidourle","adherente":true,"part_papi":100.0,"population":1354},"geometry":{"type":"Polygon","coordinates":[[[4.240903,43.761545],[4.239936,43.764078],[4.239573,43.7648],[4.239446,43.765558],[4.239632,43.766724],[4.240409,43.768473],[4.240981,43.768158],[4.241072,43.767922],[4.241787,43.767397],[4.244014,43.764822],[4.244391,43.764546],[4.245448,43.763458],[4.245345,43.763315],[4.245975,43.762809],[4.249728,43.760353],[4.250131,43.75803],[4.250925,43.758128],[4.25096,43.758009],[4.251708,43.757754],[4.251907,43.757759],[4.252497,43.757201],[4.251915,43.756878],[4.252878,43.755949],[4.253041,43.75594],[4.253306,43.756125],[4.254415,43.755044],[4.25587,43.7525],[4.256133,43.75182],[4.256987,43.750547],[4.257618,43.749942],[4.257332,43.749725],[4.258044,43.749393],[4.259667,43.748384],[4.262258,43.747158],[4.26293,43.746654],[4.263824,43.746471],[4.264,43.745383],[4.264227,43.744706],[4.264482,43.744765],[4.264776,43.744266],[4.267173,43.743533],[4.267768,43.743136],[4.268311,43.743064],[4.268909,43.742703],[4.269037,43.742826],[4.269221,43.742778],[4.269998,43.741838],[4.270257,43.741806],[4.271114,43.742134],[4.271773,43.741442],[4.272321,43.741395],[4.272413,43.741134],[4.27315,43.741879],[4.27353,43.742113],[4.274337,43.742361],[4.276799,43.742475],[4.278054,43.742421],[4.279835,43.742532],[4.280325,43.743236],[4.280862,43.743246],[4.281196,43.743123],[4.284426,43.738299],[4.28504,43.73787],[4.285374,43.737941],[4.286179,43.737497],[4.28771,43.736444],[4.287945,43.735862],[4.287951,43.735188],[4.288515,43.734402],[4.288722,43.733829],[4.288702,43.733163],[4.288839,43.732498],[4.28869,43.731363],[4.288641,43.72834],[4.288084,43.722699],[4.287899,43.722023],[4.287802,43.720832],[4.287333,43.718901],[4.28677,43.717723],[4.286497,43.716569],[4.28608,43.715979],[4.285001,43.715892],[4.283936,43.716044],[4.282092,43.716027],[4.277685,43.715704],[4.27579,43.715432],[4.274254,43.715311],[4.272856,43.715492],[4.271913,43.7158],[4.264447,43.716179],[4.262325,43.716413],[4.261196,43.716591],[4.260708,43.716738],[4.260871,43.717092],[4.260356,43.717314],[4.261007,43.717779],[4.261616,43.717879],[4.262217,43.717768],[4.262343,43.717804],[4.262567,43.71834],[4.262806,43.718539],[4.262987,43.718608],[4.263769,43.718646],[4.264284,43.719072],[4.264632,43.719066],[4.264802,43.719156],[4.265072,43.720243],[4.264998,43.720691],[4.265262,43.721158],[4.265151,43.721287],[4.2646,43.72151],[4.263119,43.721862],[4.262893,43.722021],[4.262701,43.722394],[4.263074,43.722895],[4.263013,43.723039],[4.262836,43.723127],[4.262268,43.723129],[4.261966,43.72337],[4.261248,43.723478],[4.26106,43.723665],[4.260774,43.723646],[4.260686,43.723868],[4.259712,43.723805],[4.259111,43.723874],[4.255734,43.724617],[4.255349,43.724625],[4.255088,43.725171],[4.254413,43.725962],[4.253781,43.727008],[4.252555,43.728371],[4.252224,43.728921],[4.251994,43.729168],[4.250751,43.730045],[4.248618,43.731897],[4.248302,43.732253],[4.247319,43.733839],[4.246111,43.735432],[4.244844,43.739365],[4.244,43.741434],[4.243503,43.743407],[4.243326,43.743663],[4.2428,43.745508],[4.242397,43.746409],[4.241704,43.748657],[4.241592,43.749348],[4.241649,43.75176],[4.24189,43.753455],[4.241963,43.755518],[4.241909,43.755894],[4.241596,43.756682],[4.241446,43.75778],[4.241285,43.758223],[4.240903,43.761545]]]}}]},"epci":{"type":"FeatureCollection","features":[{"type":"Feature","properties":{"epci":"CA Nîmes Métropole","membre":true,"nb_communes":23},"geometry":{"type":"Polygon","coordinates":[[[4.443063,43.739958],[4.445957,43.733065],[4.44609,43.727877],[4.446245,43.72579],[4.446655,43.724113],[4.446816,43.722012],[4.447396,43.721484],[4.448233,43.721255],[4.448723,43.721238],[4.449603,43.720719],[4.450152,43.718919],[4.451476,43.716317],[4.452595,43.715339],[4.45432,43.714054],[4.454398,43.71384],[4.456505,43.712187],[4.456556,43.71227],[4.457733,43.711439],[4.4623,43.70961],[4.463871,43.708833],[4.463905,43.708998],[4.464321,43.7089],[4.464353,43.708962],[4.470027,43.706415],[4.469801,43.706123],[4.47053,43.705808],[4.474214,43.704295],[4.474995,43.704238],[4.475085,43.704052],[4.475048,43.703809],[4.47795,43.702728],[4.478325,43.701878],[4.479767,43.702024],[4.481447,43.701343],[4.481509,43.700554],[4.483302,43.700569],[4.482851,43.699449],[4.484827,43.69993],[4.486027,43.698856],[4.485558,43.698626],[4.484408,43.697679],[4.482858,43.696111],[4.480751,43.693726],[4.479892,43.692376],[4.478654,43.690776],[4.477706,43.688932],[4.476937,43.687742],[4.475909,43.685481],[4.475665,43.684483],[4.475631,43.683877],[4.475837,43.682444],[4.476474,43.681029],[4.477849,43.678456],[4.478477,43.676814],[4.478652,43.676087],[4.478619,43.67483],[4.478414,43.674199],[4.477646,43.672844],[4.47686,43.672068],[4.475808,43.671329],[4.474387,43.670757],[4.472787,43.670317],[4.469157,43.669549],[4.466561,43.669282],[4.464156,43.669157],[4.459069,43.668387],[4.457882,43.668037],[4.454934,43.6669],[4.453201,43.665946],[4.452761,43.665498],[4.451458,43.664581],[4.450804,43.663894],[4.448711,43.660462],[4.447025,43.658693],[4.443852,43.65312],[4.443191,43.652477],[4.440559,43.648886],[4.439997,43.647673],[4.439328,43.646705],[4.437182,43.642049],[4.436472,43.638703],[4.435125,43.634957],[4.434728,43.634086],[4.432765,43.631147],[4.43214,43.630369],[4.431238,43.629529],[4.427766,43.627054],[4.427377,43.626645],[4.426308,43.625001],[4.426196,43.623848],[4.426215,43.622765],[4.426548,43.621839],[4.427597,43.620347],[4.429701,43.618142],[4.432469,43.615768],[4.438186,43.611556],[4.439899,43.610768],[4.44292,43.610044],[4.44459,43.609947],[4.446824,43.610111],[4.45111,43.610707],[4.453905,43.611306],[4.45493,43.611569],[4.456778,43.612199],[4.458928,43.613204],[4.461639,43.614643],[4.462393,43.614956],[4.464012,43.615366],[4.464489,43.61542],[4.466055,43.615306],[4.466761,43.615199],[4.468301,43.614776],[4.469608,43.614119],[4.471848,43.61248],[4.47254,43.611866],[4.474145,43.610172],[4.474673,43.609376],[4.475085,43.608394],[4.475254,43.607235],[4.475138,43.60639],[4.474743,43.605035],[4.474487,43.604473],[4.474143,43.604006],[4.473242,43.60316],[4.468699,43.600513],[4.467706,43.599707],[4.466944,43.598907],[4.465621,43.597219],[4.464362,43.594671],[4.462312,43.591175],[4.461925,43.590595],[4.460327,43.588943],[4.458547,43.587561],[4.456357,43.5862],[4.454427,43.585142],[4.452484,43.584282],[4.449737,43.583601],[4.447957,43.58328],[4.446767,43.583099],[4.4452,43.583081],[4.442516,43.583335],[4.440872,43.583639],[4.438945,43.584059],[4.437296,43.584601],[4.435069,43.585186],[4.431592,43.585739],[4.4303,43.585803],[4.42799,43.585691],[4.426141,43.585434],[4.424734,43.584976],[4.423201,43.584326],[4.42187,43.58351],[4.420157,43.582767],[4.415142,43.579763],[4.412978,43.578644],[4.410525,43.577582],[4.407107,43.575896],[4.404418,43.574379],[4.403546,43.573745],[4.402976,43.573188],[4.402833,43.572564],[4.403203,43.572255],[4.40365,43.57213],[4.404792,43.572013],[4.405927,43.572001],[4.406331,43.572062],[4.406698,43.572249],[4.407955,43.57257],[4.410534,43.572848],[4.411899,43.572941],[4.41326,43.572932],[4.41444,43.572793],[4.415491,43.572462],[4.415902,43.572175],[4.416546,43.571537],[4.416732,43.571101],[4.416754,43.569609],[4.416609,43.568529],[4.415951,43.566911],[4.415145,43.565797],[4.413946,43.564663],[4.410925,43.562192],[4.408784,43.560819],[4.407083,43.560012],[4.40663,43.559919],[4.405953,43.559573],[4.404882,43.559351],[4.403311,43.559253],[4.400848,43.559541],[4.398011,43.560536],[4.394571,43.561169],[4.390734,43.562223],[4.388768,43.562548],[4.387707,43.562427],[4.387418,43.562308],[4.387127,43.561836],[4.387115,43.560642],[4.386896,43.559546],[4.386406,43.558047],[4.38553,43.556517],[4.384715,43.555498],[4.383335,43.554154],[4.382414,43.553426],[4.380922,43.552596],[4.37991,43.552174],[4.377667,43.551578],[4.376144,43.551064],[4.369432,43.548321],[4.366813,43.54753],[4.365046,43.547155],[4.362364,43.546923],[4.360017,43.546928],[4.353628,43.547335],[4.353318,43.549097],[4.365472,43.554881],[4.370433,43.558338],[4.378144,43.564143],[4.364487,43.574795],[4.36766,43.576861],[4.356802,43.605077],[4.355781,43.608316],[4.355227,43.611079],[4.349802,43.642747],[4.348722,43.645682],[4.348574,43.64577],[4.34843,43.646125],[4.34753,43.648695],[4.347798,43.648628],[4.34919,43.649307],[4.350481,43.64955],[4.358762,43.651464],[4.355676,43.656374],[4.35554,43.656433],[4.354635,43.657585],[4.354247,43.657504],[4.352561,43.657799],[4.351308,43.657423],[4.349783,43.660315],[4.349354,43.661323],[4.348977,43.66179],[4.348161,43.663416],[4.347176,43.665073],[4.344601,43.668969],[4.342902,43.672906],[4.342583,43.673294],[4.339427,43.680824],[4.339449,43.681349],[4.339779,43.682264],[4.33969,43.6824],[4.339718,43.68432],[4.339532,43.686111],[4.33926,43.686526],[4.339071,43.687142],[4.339003,43.68799],[4.338263,43.690972],[4.338993,43.691108],[4.33891,43.691169],[4.338592,43.692436],[4.338609,43.692584],[4.339158,43.692779],[4.339156,43.693012],[4.338132,43.696323],[4.338278,43.697469],[4.338799,43.699585],[4.338792,43.701472],[4.338942,43.702395],[4.338617,43.704124],[4.338331,43.704116],[4.338378,43.704279],[4.338089,43.70439],[4.337659,43.705634],[4.33763,43.706203],[4.337476,43.706668],[4.337414,43.707851],[4.33719,43.707647],[4.336167,43.70891],[4.336843,43.709995],[4.337141,43.710982],[4.336984,43.712697],[4.336778,43.712788],[4.336857,43.713574],[4.337094,43.713542],[4.336919,43.714256],[4.33692,43.714844],[4.337084,43.71544],[4.337361,43.715921],[4.337261,43.717239],[4.336493,43.719485],[4.335509,43.721344],[4.335117,43.722404],[4.334047,43.727518],[4.333997,43.727903],[4.334235,43.727983],[4.333346,43.728113],[4.333273,43.728202],[4.333151,43.728817],[4.332604,43.729827],[4.331674,43.730576],[4.331158,43.731443],[4.330735,43.732816],[4.330388,43.733602],[4.329392,43.734673],[4.328775,43.734727],[4.328921,43.735273],[4.328754,43.73558],[4.32905,43.736448],[4.330341,43.73742],[4.329997,43.737951],[4.330973,43.738916],[4.331345,43.738713],[4.331767,43.739073],[4.332112,43.738903],[4.333481,43.739756],[4.333656,43.73995],[4.333642,43.740382],[4.335093,43.740788],[4.338031,43.742051],[4.341134,43.743583],[4.340881,43.743907],[4.34208,43.744122],[4.341575,43.745075],[4.341444,43.745436],[4.341414,43.745946],[4.342229,43.748573],[4.341038,43.74959],[4.33967,43.75048],[4.339597,43.750716],[4.339678,43.750856],[4.339926,43.750956],[4.340068,43.751114],[4.340129,43.751685],[4.340056,43.751821],[4.339922,43.75187],[4.339707,43.751763],[4.339499,43.751835],[4.339458,43.752066],[4.338951,43.75226],[4.338732,43.752511],[4.338479,43.753108],[4.338052,43.753488],[4.337583,43.7538],[4.336903,43.754081],[4.336819,43.754287],[4.336216,43.754831],[4.336134,43.755081],[4.336246,43.755378],[4.336132,43.755676],[4.336394,43.756238],[4.336291,43.756585],[4.336026,43.756796],[4.335344,43.757075],[4.334518,43.757698],[4.334225,43.75804],[4.333652,43.758232],[4.333403,43.758665],[4.332659,43.759561],[4.332231,43.760319],[4.331976,43.760355],[4.326684,43.764125],[4.322736,43.766793],[4.320521,43.769249],[4.319183,43.770969],[4.318878,43.771017],[4.3187,43.77127],[4.318311,43.771329],[4.317347,43.771282],[4.316728,43.771119],[4.312226,43.769044],[4.311725,43.768738],[4.310668,43.767262],[4.31015,43.765646],[4.30973,43.765264],[4.308712,43.76499],[4.307826,43.764409],[4.307352,43.763694],[4.306343,43.762758],[4.305658,43.76254],[4.303138,43.762128],[4.302289,43.762125],[4.301371,43.762289],[4.300766,43.762261],[4.299924,43.761994],[4.298149,43.761119],[4.298243,43.760555],[4.298732,43.760352],[4.298941,43.759823],[4.298801,43.759361],[4.298883,43.758494],[4.299819,43.756224],[4.299507,43.755078],[4.299699,43.754791],[4.29997,43.754624],[4.300481,43.754499],[4.300599,43.754145],[4.301015,43.753945],[4.300774,43.753461],[4.300773,43.753246],[4.300988,43.752868],[4.301352,43.752886],[4.301808,43.752693],[4.301894,43.752415],[4.301743,43.752043],[4.301745,43.751487],[4.301628,43.751336],[4.301444,43.751304],[4.301037,43.751377],[4.300866,43.751338],[4.300257,43.750657],[4.299528,43.750512],[4.299203,43.750329],[4.29887,43.749508],[4.298615,43.749485],[4.297553,43.749754],[4.297307,43.749942],[4.296771,43.750055],[4.296614,43.750153],[4.29643,43.750487],[4.296249,43.750587],[4.295898,43.750552],[4.29519,43.74996],[4.295234,43.749173],[4.294928,43.748764],[4.293947,43.748268],[4.293325,43.748149],[4.292697,43.747638],[4.292431,43.747596],[4.292169,43.747692],[4.291685,43.747707],[4.290101,43.747321],[4.290411,43.74669],[4.290706,43.746623],[4.291291,43.746747],[4.291351,43.746709],[4.291792,43.745964],[4.292701,43.745401],[4.294518,43.743255],[4.294978,43.742172],[4.293438,43.741265],[4.298007,43.740318],[4.300132,43.740311],[4.301972,43.740144],[4.30255,43.737922],[4.301936,43.737691],[4.302316,43.736643],[4.301173,43.736415],[4.299217,43.736187],[4.296674,43.736003],[4.295098,43.736152],[4.29347,43.738572],[4.293095,43.739628],[4.292273,43.74055],[4.292049,43.740412],[4.289248,43.744719],[4.288158,43.74678],[4.287399,43.746507],[4.286208,43.74586],[4.28611,43.745949],[4.284998,43.747721],[4.284652,43.747807],[4.284417,43.747979],[4.284159,43.748466],[4.284724,43.749208],[4.284878,43.749589],[4.284667,43.750576],[4.284455,43.750586],[4.283934,43.750929],[4.28385,43.75126],[4.282129,43.753044],[4.281779,43.752919],[4.280612,43.754475],[4.280352,43.754728],[4.279959,43.754905],[4.278757,43.756438],[4.278383,43.756762],[4.278261,43.756766],[4.278372,43.756984],[4.27833,43.75708],[4.276603,43.759307],[4.275629,43.760726],[4.275787,43.761867],[4.276759,43.762241],[4.276925,43.762529],[4.27623,43.763335],[4.275876,43.763555],[4.275767,43.763528],[4.275077,43.764223],[4.275063,43.764357],[4.275413,43.764948],[4.275382,43.765028],[4.274835,43.765351],[4.273905,43.766832],[4.273457,43.767365],[4.272807,43.767747],[4.272456,43.768096],[4.271693,43.767915],[4.271424,43.767928],[4.27136,43.768108],[4.270803,43.767969],[4.269838,43.767911],[4.269594,43.768168],[4.269122,43.768447],[4.268765,43.768507],[4.268611,43.768429],[4.268113,43.768382],[4.268054,43.768519],[4.2664,43.768829],[4.266472,43.769454],[4.266217,43.76946],[4.265874,43.769587],[4.265202,43.769975],[4.264905,43.770247],[4.264381,43.771091],[4.263488,43.772102],[4.263175,43.77264],[4.26291,43.772705],[4.262501,43.773919],[4.262385,43.77482],[4.261773,43.775177],[4.260813,43.775451],[4.259696,43.775992],[4.258072,43.776051],[4.257834,43.776124],[4.256208,43.777021],[4.255289,43.778076],[4.255634,43.77897],[4.255508,43.780816],[4.255268,43.781021],[4.254451,43.782371],[4.255451,43.783702],[4.256232,43.784133],[4.256326,43.784429],[4.256986,43.784482],[4.25795,43.78473],[4.259265,43.784739],[4.259146,43.784832],[4.259115,43.785048],[4.252952,43.789056],[4.252669,43.789718],[4.252496,43.789865],[4.252009,43.78998],[4.250807,43.79073],[4.248898,43.791681],[4.248655,43.791915],[4.248133,43.792083],[4.246974,43.792963],[4.245112,43.793801],[4.243157,43.794803],[4.241241,43.795602],[4.239152,43.797112],[4.238598,43.797385],[4.238237,43.797744],[4.237564,43.798017],[4.236188,43.798099],[4.235894,43.798221],[4.234826,43.798416],[4.23419,43.797925],[4.233895,43.797994],[4.23364,43.79817],[4.228836,43.79731],[4.228451,43.797522],[4.227989,43.79764],[4.226831,43.797727],[4.22588,43.797117],[4.224822,43.79701],[4.22403,43.796437],[4.223805,43.796461],[4.223547,43.79633],[4.223324,43.796421],[4.223191,43.796356],[4.222904,43.796773],[4.221221,43.796623],[4.22064,43.796713],[4.220203,43.796638],[4.21971,43.796322],[4.219497,43.796289],[4.219004,43.796378],[4.216357,43.796257],[4.216207,43.796467],[4.213829,43.796383],[4.213537,43.796033],[4.210797,43.796054],[4.211661,43.797781],[4.214612,43.799873],[4.213569,43.800918],[4.212884,43.802115],[4.212893,43.802443],[4.212539,43.802517],[4.212183,43.8028],[4.212039,43.803185],[4.211667,43.803703],[4.209736,43.805752],[4.207602,43.808858],[4.206934,43.809603],[4.206343,43.810541],[4.205937,43.810482],[4.205036,43.810801],[4.204128,43.811356],[4.203544,43.811547],[4.201905,43.812437],[4.201206,43.812621],[4.200428,43.812464],[4.199943,43.81252],[4.19943,43.812802],[4.198876,43.813637],[4.198388,43.813959],[4.197726,43.813845],[4.197493,43.813896],[4.196944,43.814652],[4.19622,43.814869],[4.195919,43.815123],[4.194704,43.815174],[4.193028,43.815642],[4.192587,43.81567],[4.192291,43.815572],[4.191881,43.81559],[4.190224,43.816093],[4.18836,43.816319],[4.188494,43.816588],[4.187907,43.817197],[4.187712,43.817677],[4.187198,43.818033],[4.187057,43.818265],[4.185993,43.818278],[4.185867,43.818112],[4.18545,43.81798],[4.185075,43.818162],[4.184483,43.818319],[4.184233,43.818209],[4.183636,43.818207],[4.183332,43.817968],[4.182741,43.81799],[4.182496,43.818075],[4.18235,43.81823],[4.182176,43.818227],[4.181706,43.818689],[4.180943,43.819247],[4.180282,43.819591],[4.180083,43.81955],[4.179299,43.819625],[4.178992,43.819723],[4.178187,43.819702],[4.177966,43.819578],[4.176893,43.819628],[4.17668,43.819488],[4.176239,43.819507],[4.17603,43.819392],[4.174476,43.819428],[4.173636,43.819571],[4.173024,43.819476],[4.17287,43.819538],[4.171365,43.819485],[4.157609,43.82055],[4.15844,43.82956],[4.160572,43.83218],[4.160732,43.832569],[4.161748,43.833348],[4.164788,43.835407],[4.172937,43.840858],[4.177576,43.84386],[4.182549,43.848443],[4.183807,43.851282],[4.18629,43.85821],[4.194838,43.858582],[4.193991,43.856351],[4.195445,43.854187],[4.200024,43.850079],[4.200643,43.849245],[4.200817,43.848812],[4.203729,43.850389],[4.207756,43.852308],[4.208072,43.85256],[4.208719,43.852428],[4.209235,43.852642],[4.209655,43.852923],[4.209862,43.852895],[4.209988,43.852971],[4.210238,43.853302],[4.21044,43.854402],[4.210656,43.854603],[4.210763,43.85507],[4.211131,43.855612],[4.2114,43.856511],[4.211527,43.857391],[4.211135,43.85797],[4.209902,43.85875],[4.209742,43.859059],[4.210047,43.85956],[4.210545,43.86005],[4.211257,43.860603],[4.212437,43.861067],[4.212512,43.861133],[4.212336,43.861224],[4.217536,43.860315],[4.219833,43.860028],[4.2219,43.859874],[4.227216,43.85989],[4.234955,43.858168],[4.237477,43.85736],[4.239432,43.857035],[4.237963,43.857722],[4.237658,43.858525],[4.237655,43.858831],[4.238022,43.859455],[4.237757,43.861349],[4.236939,43.862639],[4.236922,43.8629],[4.236565,43.863401],[4.236775,43.863775],[4.236382,43.863931],[4.23581,43.865325],[4.235795,43.865473],[4.236346,43.86559],[4.236453,43.866263],[4.236424,43.867334],[4.236605,43.867538],[4.236908,43.868567],[4.236316,43.868631],[4.236153,43.869885],[4.236359,43.870627],[4.236343,43.87169],[4.236451,43.871886],[4.236787,43.874354],[4.237287,43.874418],[4.238146,43.874944],[4.241241,43.876445],[4.242028,43.876998],[4.242896,43.880636],[4.243135,43.881101],[4.243455,43.881448],[4.24425,43.882766],[4.247541,43.886322],[4.248177,43.88763],[4.249253,43.889206],[4.248927,43.89092],[4.2482,43.89245],[4.24897,43.894257],[4.25221,43.894845],[4.256339,43.895759],[4.258325,43.896989],[4.26017,43.899778],[4.265844,43.900226],[4.267547,43.901027],[4.267931,43.901662],[4.267809,43.902325],[4.268224,43.902908],[4.268542,43.903942],[4.268806,43.90431],[4.268943,43.905075],[4.268943,43.905792],[4.269727,43.907476],[4.270384,43.908292],[4.270644,43.908076],[4.274123,43.906645],[4.276659,43.90646],[4.27764,43.906013],[4.278843,43.905892],[4.279654,43.905905],[4.280695,43.905532],[4.283795,43.90472],[4.284932,43.904771],[4.284997,43.907966],[4.289105,43.904958],[4.29134,43.904141],[4.300286,43.901205],[4.304475,43.899501],[4.306886,43.899119],[4.308794,43.898603],[4.310081,43.898432],[4.313153,43.897454],[4.323614,43.89497],[4.329566,43.89539],[4.330213,43.895738],[4.331009,43.895814],[4.331955,43.896391],[4.332523,43.896475],[4.333909,43.896355],[4.334244,43.89657],[4.334405,43.896872],[4.334873,43.897281],[4.335238,43.897416],[4.335424,43.897646],[4.336594,43.897276],[4.338244,43.897025],[4.339156,43.896973],[4.339501,43.896785],[4.339543,43.897111],[4.339884,43.897715],[4.34028,43.898124],[4.340315,43.898604],[4.340818,43.899214],[4.341295,43.89939],[4.34202,43.900076],[4.342691,43.901014],[4.342725,43.901906],[4.342063,43.904131],[4.341298,43.904557],[4.341488,43.906577],[4.345067,43.908414],[4.345855,43.907944],[4.347237,43.907649],[4.347638,43.907483],[4.349393,43.907424],[4.350367,43.907246],[4.352022,43.90714],[4.354124,43.907258],[4.354635,43.90678],[4.355157,43.906509],[4.355873,43.905725],[4.355987,43.905775],[4.357016,43.907666],[4.358574,43.907254],[4.35891,43.907305],[4.360303,43.907041],[4.36151,43.906907],[4.362276,43.906551],[4.363302,43.906293],[4.364256,43.90619],[4.365113,43.905958],[4.366612,43.905751],[4.368369,43.905619],[4.370709,43.905189],[4.371147,43.904974],[4.371531,43.904903],[4.372497,43.904951],[4.373815,43.904804],[4.374859,43.904854],[4.377216,43.904818],[4.378171,43.904679],[4.378632,43.904483],[4.379315,43.903776],[4.380233,43.903559],[4.381722,43.903483],[4.382576,43.903599],[4.383765,43.903576],[4.385431,43.903272],[4.387391,43.90275],[4.388218,43.90264],[4.388531,43.902646],[4.389535,43.902926],[4.389924,43.902973],[4.390494,43.902918],[4.391507,43.903083],[4.393668,43.902894],[4.395609,43.902632],[4.396006,43.902809],[4.394211,43.904214],[4.393041,43.904674],[4.391353,43.90777],[4.391315,43.90808],[4.389912,43.910306],[4.386735,43.912206],[4.379311,43.915957],[4.376295,43.917112],[4.376342,43.918004],[4.382395,43.917562],[4.384485,43.917753],[4.386008,43.917729],[4.38695,43.91764],[4.387766,43.919035],[4.388766,43.920002],[4.390046,43.920946],[4.39048,43.921462],[4.391049,43.922875],[4.39387,43.922688],[4.393822,43.921619],[4.394238,43.9207],[4.394682,43.920509],[4.396561,43.920466],[4.396813,43.920768],[4.397302,43.920915],[4.39795,43.921442],[4.398107,43.921603],[4.398296,43.922094],[4.398705,43.922469],[4.398732,43.922789],[4.398539,43.92322],[4.398529,43.923545],[4.398351,43.923794],[4.398318,43.92467],[4.399103,43.925479],[4.399674,43.925698],[4.400257,43.92574],[4.400922,43.925896],[4.401125,43.926],[4.401554,43.926462],[4.401812,43.926598],[4.402025,43.92684],[4.40215,43.927255],[4.402176,43.927661],[4.401964,43.927928],[4.401967,43.928117],[4.402191,43.92858],[4.402366,43.928669],[4.403431,43.928682],[4.403622,43.92837],[4.40408,43.928199],[4.405491,43.928312],[4.405899,43.92845],[4.406653,43.928433],[4.406912,43.92852],[4.407198,43.928763],[4.407239,43.929594],[4.407365,43.929779],[4.407556,43.929928],[4.408739,43.930268],[4.408784,43.930478],[4.408525,43.930804],[4.408435,43.931266],[4.408766,43.932178],[4.40844,43.932581],[4.408338,43.932957],[4.410214,43.932644],[4.412095,43.932126],[4.413142,43.931596],[4.414073,43.931664],[4.413688,43.929959],[4.414165,43.929525],[4.415145,43.92962],[4.415823,43.929962],[4.416437,43.929981],[4.417031,43.930358],[4.418036,43.930031],[4.41907,43.930387],[4.419468,43.931366],[4.420709,43.93108],[4.424586,43.931235],[4.434238,43.930613],[4.437633,43.929594],[4.438252,43.929491],[4.443863,43.929519],[4.447883,43.929705],[4.452123,43.929229],[4.453135,43.929213],[4.455711,43.92957],[4.457902,43.930253],[4.461484,43.92967],[4.4659,43.929227],[4.470565,43.929115],[4.471701,43.927564],[4.475251,43.923398],[4.477269,43.920523],[4.477828,43.920002],[4.48106,43.91914],[4.485124,43.918309],[4.487852,43.918393],[4.48813,43.919001],[4.488908,43.921961],[4.488688,43.925305],[4.489142,43.926427],[4.490528,43.927793],[4.491021,43.92842],[4.492798,43.931468],[4.493434,43.93438],[4.493467,43.935376],[4.493805,43.935601],[4.493894,43.936598],[4.494467,43.937093],[4.494282,43.937939],[4.493768,43.938355],[4.494641,43.938813],[4.494722,43.939062],[4.494258,43.939925],[4.493998,43.940792],[4.494818,43.941],[4.495406,43.94152],[4.496291,43.941826],[4.496679,43.942956],[4.498549,43.943132],[4.500063,43.942022],[4.501041,43.941553],[4.503327,43.940788],[4.504573,43.939189],[4.507236,43.938557],[4.510468,43.936823],[4.511761,43.936438],[4.513516,43.936527],[4.514863,43.936355],[4.521432,43.937498],[4.523389,43.936096],[4.522255,43.931229],[4.522469,43.930312],[4.522158,43.92877],[4.521423,43.926105],[4.521403,43.924387],[4.521776,43.922601],[4.522542,43.921451],[4.522873,43.921387],[4.52384,43.920836],[4.525443,43.920301],[4.526996,43.919529],[4.52748,43.919378],[4.527612,43.919085],[4.528031,43.91875],[4.5285,43.918775],[4.528702,43.918689],[4.530415,43.91738],[4.5271,43.912979],[4.531846,43.912439],[4.54169,43.911593],[4.545058,43.917122],[4.548187,43.919071],[4.550267,43.920004],[4.554726,43.924086],[4.556836,43.926137],[4.558509,43.928351],[4.558792,43.929324],[4.559212,43.931699],[4.559113,43.932216],[4.558803,43.932907],[4.558593,43.933053],[4.558271,43.933634],[4.558142,43.933666],[4.557478,43.934243],[4.557503,43.934317],[4.558023,43.934235],[4.558958,43.933835],[4.559219,43.933541],[4.559762,43.932577],[4.559918,43.932638],[4.560076,43.93259],[4.561604,43.931455],[4.562772,43.929372],[4.564261,43.927967],[4.564719,43.927402],[4.564976,43.926538],[4.5658,43.925353],[4.565971,43.924944],[4.570064,43.924599],[4.579194,43.924201],[4.578468,43.920972],[4.578558,43.920405],[4.578783,43.919704],[4.57946,43.918447],[4.579583,43.917498],[4.579833,43.9168],[4.581097,43.911495],[4.583355,43.900825],[4.575837,43.899219],[4.56778,43.899721],[4.564257,43.899608],[4.561348,43.899612],[4.547174,43.899165],[4.549226,43.895872],[4.550265,43.893888],[4.550877,43.88858],[4.549586,43.888571],[4.546377,43.88878],[4.5434,43.889343],[4.542181,43.889508],[4.537857,43.889874],[4.54003,43.882038],[4.534927,43.87897],[4.531862,43.878047],[4.528579,43.87769],[4.524166,43.877642],[4.52179,43.870337],[4.521837,43.87026],[4.520635,43.866805],[4.521304,43.865432],[4.521899,43.863767],[4.522939,43.861916],[4.523619,43.860018],[4.524204,43.860127],[4.528058,43.860239],[4.528658,43.860374],[4.529467,43.859555],[4.533108,43.856359],[4.535364,43.855714],[4.533791,43.852656],[4.534075,43.851273],[4.534505,43.847889],[4.53564,43.842735],[4.534286,43.842191],[4.533337,43.841657],[4.531679,43.841056],[4.529124,43.839925],[4.528473,43.837971],[4.528327,43.836889],[4.527694,43.834753],[4.527543,43.833474],[4.52757,43.832669],[4.527274,43.832125],[4.527189,43.831582],[4.521547,43.827531],[4.525938,43.8233],[4.5267,43.820161],[4.535575,43.808001],[4.536354,43.806708],[4.540105,43.799154],[4.527301,43.787759],[4.526501,43.787574],[4.522396,43.786277],[4.521536,43.786027],[4.519914,43.785757],[4.519667,43.785659],[4.512166,43.784173],[4.504523,43.783123],[4.500131,43.783455],[4.498877,43.78346],[4.497378,43.783143],[4.496921,43.783099],[4.496149,43.783178],[4.495883,43.783095],[4.482461,43.781832],[4.476956,43.780736],[4.470936,43.777288],[4.468531,43.774556],[4.466541,43.772527],[4.466278,43.771921],[4.463515,43.767665],[4.456894,43.764768],[4.455737,43.764113],[4.455956,43.76132],[4.455618,43.759357],[4.455425,43.75708],[4.455165,43.756822],[4.455123,43.756013],[4.453266,43.750054],[4.448258,43.748287],[4.441295,43.746029],[4.443063,43.739958]]]}},{"type":"Feature","properties":{"epci":"CC Beaucaire Terre d'Argence","membre":false,"nb_communes":3},"geometry":{"type":"Polygon","coordinates":[[[4.476956,43.780736],[4.482461,43.781832],[4.495883,43.783095],[4.496149,43.783178],[4.496921,43.783099],[4.497378,43.783143],[4.498877,43.78346],[4.49934,43.783496],[4.504297,43.783114],[4.507219,43.783476],[4.512166,43.784173],[4.519667,43.785659],[4.519914,43.785757],[4.521536,43.786027],[4.526501,43.787574],[4.527301,43.787759],[4.540105,43.799154],[4.536354,43.806708],[4.535575,43.808001],[4.5267,43.820161],[4.525938,43.8233],[4.521547,43.827531],[4.527189,43.831582],[4.527274,43.832125],[4.52757,43.832669],[4.527543,43.833474],[4.527694,43.834753],[4.528327,43.836889],[4.528473,43.837971],[4.529124,43.839925],[4.531679,43.841056],[4.533337,43.841657],[4.534286,43.842191],[4.53564,43.842735],[4.534505,43.847889],[4.534075,43.851273],[4.533791,43.852656],[4.535364,43.855714],[4.543183,43.853457],[4.546776,43.852336],[4.548658,43.852293],[4.549313,43.852184],[4.551891,43.85206],[4.551536,43.850449],[4.559461,43.849051],[4.562302,43.848321],[4.563455,43.847812],[4.563723,43.847813],[4.565143,43.847517],[4.566755,43.845962],[4.567462,43.845504],[4.567859,43.845487],[4.568394,43.844536],[4.569177,43.844],[4.570841,43.841506],[4.571676,43.841542],[4.573261,43.842034],[4.573493,43.841726],[4.57526,43.841249],[4.577194,43.840906],[4.578729,43.840996],[4.579094,43.840171],[4.581423,43.840566],[4.582284,43.840985],[4.585557,43.8374],[4.595938,43.840791],[4.596095,43.840754],[4.59629,43.839766],[4.595709,43.838293],[4.596743,43.838284],[4.597543,43.83813],[4.598127,43.838119],[4.598257,43.838722],[4.598662,43.838366],[4.599845,43.83818],[4.600644,43.837719],[4.602356,43.837376],[4.602881,43.837192],[4.603738,43.837076],[4.604059,43.836646],[4.604625,43.836784],[4.605648,43.837238],[4.605942,43.837299],[4.606868,43.83744],[4.607606,43.837416],[4.608281,43.837519],[4.608742,43.837358],[4.609219,43.836791],[4.609523,43.836745],[4.609924,43.836546],[4.610971,43.836521],[4.611294,43.836595],[4.613125,43.837356],[4.614331,43.838289],[4.621835,43.83733],[4.626127,43.835967],[4.634551,43.836329],[4.636745,43.8354],[4.637385,43.834279],[4.638953,43.832737],[4.639466,43.832361],[4.640893,43.831945],[4.64136,43.83196],[4.642952,43.832263],[4.642332,43.831064],[4.642382,43.830301],[4.643724,43.827371],[4.644466,43.825419],[4.644798,43.825503],[4.645608,43.825482],[4.646177,43.825554],[4.646776,43.825509],[4.647176,43.8243],[4.647902,43.823287],[4.648076,43.821942],[4.649132,43.820925],[4.649238,43.820698],[4.651211,43.818543],[4.651612,43.818001],[4.651616,43.81779],[4.652103,43.81671],[4.652296,43.815823],[4.65305,43.814317],[4.653694,43.812449],[4.654637,43.808528],[4.655051,43.807914],[4.655258,43.807304],[4.654885,43.807087],[4.654567,43.806341],[4.654522,43.805159],[4.654379,43.805008],[4.654364,43.804689],[4.654538,43.804607],[4.654519,43.804118],[4.654636,43.804086],[4.65497,43.803496],[4.655012,43.802805],[4.654635,43.801039],[4.654656,43.800386],[4.654756,43.800332],[4.654637,43.798397],[4.654132,43.797619],[4.653949,43.797564],[4.653888,43.796751],[4.653585,43.796258],[4.653546,43.795199],[4.65346,43.79496],[4.653333,43.794872],[4.653514,43.794675],[4.653127,43.789057],[4.652917,43.789035],[4.652521,43.787303],[4.65234,43.787042],[4.652,43.786002],[4.652,43.7843],[4.651541,43.782689],[4.651572,43.782497],[4.651253,43.782113],[4.650993,43.782047],[4.650112,43.781188],[4.649325,43.780322],[4.649281,43.780054],[4.648839,43.779509],[4.647928,43.778701],[4.647547,43.778203],[4.645667,43.77683],[4.644195,43.775577],[4.643458,43.774884],[4.643042,43.774183],[4.64276,43.77393],[4.641414,43.773383],[4.639721,43.772415],[4.63961,43.771769],[4.639417,43.771389],[4.637053,43.769275],[4.636527,43.768672],[4.634911,43.767402],[4.633819,43.766346],[4.633574,43.765965],[4.633565,43.765699],[4.633026,43.764949],[4.632799,43.764416],[4.632537,43.764129],[4.631508,43.763508],[4.630137,43.762379],[4.629789,43.761774],[4.629435,43.76072],[4.629077,43.760061],[4.628274,43.757802],[4.628239,43.757238],[4.627929,43.756004],[4.626498,43.752334],[4.626356,43.751679],[4.625968,43.75069],[4.625624,43.748774],[4.624837,43.747098],[4.623689,43.744824],[4.620335,43.739611],[4.619953,43.739261],[4.618739,43.73777],[4.616015,43.734054],[4.614198,43.731215],[4.612708,43.727016],[4.612302,43.72474],[4.608804,43.724828],[4.607853,43.724877],[4.607546,43.724975],[4.60538,43.724737],[4.60242,43.724648],[4.596868,43.724794],[4.595385,43.724714],[4.595056,43.724814],[4.587738,43.724445],[4.586703,43.724339],[4.558159,43.72718],[4.532714,43.729958],[4.531415,43.729402],[4.527966,43.727648],[4.525529,43.727143],[4.517612,43.726379],[4.51633,43.726331],[4.513936,43.726332],[4.510969,43.727119],[4.505386,43.726817],[4.497091,43.725041],[4.496859,43.725357],[4.496233,43.725268],[4.496094,43.725119],[4.494529,43.724591],[4.493484,43.724124],[4.493069,43.724454],[4.4902,43.728634],[4.489995,43.728655],[4.485739,43.727209],[4.485645,43.727281],[4.480941,43.734853],[4.480172,43.734702],[4.479705,43.734845],[4.479511,43.734968],[4.479052,43.735544],[4.478155,43.735135],[4.477638,43.734804],[4.47659,43.733783],[4.467849,43.720274],[4.467111,43.718685],[4.465626,43.713637],[4.463871,43.708833],[4.4623,43.70961],[4.457733,43.711439],[4.456556,43.71227],[4.456505,43.712187],[4.454398,43.71384],[4.45432,43.714054],[4.452595,43.715339],[4.451476,43.716317],[4.450152,43.718919],[4.449603,43.720719],[4.448723,43.721238],[4.448233,43.721255],[4.447396,43.721484],[4.446816,43.722012],[4.446655,43.724113],[4.446245,43.72579],[4.44609,43.727877],[4.445957,43.733065],[4.443063,43.739958],[4.441295,43.746029],[4.448258,43.748287],[4.453223,43.75001],[4.455123,43.756013],[4.455165,43.756822],[4.455425,43.75708],[4.455618,43.759357],[4.455956,43.76132],[4.455737,43.764113],[4.456894,43.764768],[4.463515,43.767665],[4.466278,43.771921],[4.466541,43.772527],[4.468531,43.774556],[4.470936,43.777288],[4.476956,43.780736]]]}},{"type":"Feature","properties":{"epci":"CC Rhôny-Vistre-Vidourle","membre":true,"nb_communes":10},"geometry":{"type":"Polygon","coordinates":[[[4.163457,43.694066],[4.163497,43.694322],[4.164135,43.695112],[4.164209,43.695667],[4.166056,43.697288],[4.166397,43.697807],[4.166613,43.698467],[4.166492,43.699695],[4.166257,43.700034],[4.16389,43.701942],[4.163541,43.702395],[4.163409,43.703],[4.163643,43.706666],[4.163287,43.707171],[4.161861,43.708058],[4.159467,43.710592],[4.158736,43.711262],[4.15749,43.71223],[4.155204,43.713661],[4.153772,43.714871],[4.153285,43.715352],[4.152244,43.71675],[4.151457,43.717959],[4.151235,43.718606],[4.151302,43.720735],[4.151264,43.721904],[4.15115,43.722378],[4.150788,43.722997],[4.150273,43.723531],[4.147953,43.72477],[4.146899,43.725498],[4.146366,43.726017],[4.146042,43.726766],[4.145788,43.728316],[4.145089,43.730967],[4.144957,43.732151],[4.144997,43.733161],[4.143861,43.735564],[4.142413,43.737393],[4.141101,43.738229],[4.139359,43.739105],[4.137751,43.739576],[4.135457,43.740151],[4.133222,43.740524],[4.132056,43.74063],[4.129468,43.740688],[4.12849,43.740607],[4.126912,43.740247],[4.125654,43.739824],[4.125079,43.739537],[4.124399,43.739142],[4.123494,43.738457],[4.122524,43.737201],[4.122262,43.736971],[4.121934,43.736844],[4.120675,43.736839],[4.118688,43.737076],[4.117982,43.737081],[4.117268,43.73693],[4.116385,43.736935],[4.115879,43.737009],[4.11481,43.737385],[4.113771,43.737994],[4.112455,43.739079],[4.111605,43.740105],[4.113059,43.740797],[4.11339,43.740733],[4.113653,43.741059],[4.113719,43.74129],[4.117043,43.743345],[4.120421,43.745268],[4.121999,43.746539],[4.120072,43.74831],[4.120749,43.749083],[4.121706,43.750557],[4.124224,43.754724],[4.12665,43.759508],[4.128261,43.759502],[4.129594,43.761559],[4.133718,43.763855],[4.13669,43.76657],[4.138102,43.766829],[4.138546,43.766715],[4.139413,43.767044],[4.139833,43.767398],[4.143364,43.767838],[4.143588,43.767476],[4.143513,43.766964],[4.153798,43.764596],[4.155534,43.763948],[4.160151,43.762728],[4.161354,43.762235],[4.162019,43.762063],[4.164414,43.761812],[4.164654,43.761606],[4.165246,43.761387],[4.167669,43.759895],[4.168429,43.759278],[4.168492,43.759087],[4.170117,43.758122],[4.170068,43.756961],[4.170718,43.757024],[4.171074,43.75714],[4.172459,43.757815],[4.172741,43.758099],[4.173054,43.758717],[4.1734,43.759155],[4.17417,43.759518],[4.175106,43.760222],[4.175494,43.760696],[4.176245,43.76201],[4.17665,43.761858],[4.177969,43.761915],[4.179871,43.762404],[4.181045,43.762384],[4.183526,43.762666],[4.185105,43.762503],[4.185382,43.762387],[4.185773,43.762407],[4.185792,43.762245],[4.190192,43.759475],[4.190626,43.758972],[4.193761,43.75733],[4.194195,43.756856],[4.194506,43.756691],[4.195311,43.756022],[4.195272,43.755777],[4.195564,43.755382],[4.196195,43.754976],[4.196453,43.754925],[4.197468,43.754401],[4.198816,43.753621],[4.198908,43.753145],[4.199118,43.753169],[4.199184,43.752561],[4.20023,43.752781],[4.200504,43.751895],[4.199684,43.751803],[4.19967,43.751376],[4.200043,43.751136],[4.202164,43.751051],[4.202128,43.750527],[4.201975,43.750201],[4.203229,43.750108],[4.203366,43.750403],[4.207671,43.750478],[4.209583,43.750585],[4.209835,43.750684],[4.20964,43.751346],[4.20968,43.751564],[4.209976,43.751688],[4.218109,43.751912],[4.224992,43.754289],[4.229285,43.755929],[4.234152,43.757935],[4.231567,43.762943],[4.231002,43.763829],[4.224566,43.766735],[4.221059,43.767568],[4.219418,43.768205],[4.219379,43.768309],[4.217015,43.767592],[4.217717,43.768724],[4.215267,43.769032],[4.213663,43.769394],[4.214384,43.770298],[4.214776,43.771033],[4.2157,43.772023],[4.216323,43.77307],[4.216591,43.773799],[4.21692,43.775616],[4.216693,43.777986],[4.21667,43.779555],[4.216313,43.780947],[4.215907,43.781778],[4.215871,43.782169],[4.216,43.782814],[4.215935,43.783307],[4.215613,43.784035],[4.215475,43.784693],[4.215276,43.784934],[4.214705,43.78525],[4.214376,43.785716],[4.214157,43.786467],[4.213938,43.786806],[4.214197,43.787004],[4.214231,43.787153],[4.213242,43.789581],[4.213257,43.789766],[4.212272,43.791534],[4.210725,43.793588],[4.210648,43.793955],[4.210734,43.794081],[4.210469,43.794543],[4.210508,43.794948],[4.210228,43.795178],[4.21031,43.795708],[4.210445,43.795794],[4.210387,43.79592],[4.210797,43.796054],[4.213537,43.796033],[4.213829,43.796383],[4.216207,43.796467],[4.216357,43.796257],[4.219004,43.796378],[4.219497,43.796289],[4.21971,43.796322],[4.220203,43.796638],[4.22064,43.796713],[4.221221,43.796623],[4.222904,43.796773],[4.223191,43.796356],[4.223324,43.796421],[4.223547,43.79633],[4.223805,43.796461],[4.22403,43.796437],[4.224822,43.79701],[4.22588,43.797117],[4.226831,43.797727],[4.227989,43.79764],[4.228451,43.797522],[4.228836,43.79731],[4.23364,43.79817],[4.233895,43.797994],[4.23419,43.797925],[4.234826,43.798416],[4.235894,43.798221],[4.236188,43.798099],[4.237564,43.798017],[4.238083,43.797832],[4.238598,43.797385],[4.239152,43.797112],[4.241241,43.795602],[4.243157,43.794803],[4.245112,43.793801],[4.246974,43.792963],[4.248133,43.792083],[4.248655,43.791915],[4.248898,43.791681],[4.250807,43.79073],[4.252009,43.78998],[4.252496,43.789865],[4.252669,43.789718],[4.252952,43.789056],[4.259115,43.785048],[4.259146,43.784832],[4.259265,43.784739],[4.25795,43.78473],[4.256986,43.784482],[4.256326,43.784429],[4.256232,43.784133],[4.255451,43.783702],[4.254451,43.782371],[4.255268,43.781021],[4.255508,43.780816],[4.255634,43.77897],[4.255289,43.778076],[4.256208,43.777021],[4.257834,43.776124],[4.258072,43.776051],[4.259696,43.775992],[4.260813,43.775451],[4.261773,43.775177],[4.262385,43.77482],[4.262501,43.773919],[4.26291,43.772705],[4.263175,43.77264],[4.263488,43.772102],[4.264381,43.771091],[4.264905,43.770247],[4.265202,43.769975],[4.265874,43.769587],[4.266217,43.76946],[4.266472,43.769454],[4.2664,43.768829],[4.268054,43.768519],[4.268113,43.768382],[4.268611,43.768429],[4.268765,43.768507],[4.269122,43.768447],[4.269594,43.768168],[4.269838,43.767911],[4.270803,43.767969],[4.27136,43.768108],[4.271424,43.767928],[4.271693,43.767915],[4.272456,43.768096],[4.272807,43.767747],[4.273457,43.767365],[4.273905,43.766832],[4.274835,43.765351],[4.275382,43.765028],[4.275413,43.764948],[4.275063,43.764357],[4.275077,43.764223],[4.275767,43.763528],[4.275876,43.763555],[4.27623,43.763335],[4.276925,43.762529],[4.276759,43.762241],[4.275787,43.761867],[4.275629,43.760726],[4.276603,43.759307],[4.27833,43.75708],[4.278372,43.756984],[4.278261,43.756766],[4.278383,43.756762],[4.278757,43.756438],[4.279959,43.754905],[4.280352,43.754728],[4.280612,43.754475],[4.281779,43.752919],[4.282129,43.753044],[4.28385,43.75126],[4.283934,43.750929],[4.284455,43.750586],[4.284667,43.750576],[4.284878,43.749589],[4.284724,43.749208],[4.284159,43.748466],[4.284417,43.747979],[4.284652,43.747807],[4.284998,43.747721],[4.286208,43.74586],[4.287399,43.746507],[4.288158,43.74678],[4.289248,43.744719],[4.292049,43.740412],[4.292273,43.74055],[4.293095,43.739628],[4.29347,43.738572],[4.295098,43.736152],[4.293247,43.736143],[4.292862,43.734756],[4.290852,43.735449],[4.289804,43.735694],[4.288217,43.736212],[4.28771,43.736444],[4.287945,43.735862],[4.287951,43.735188],[4.288515,43.734402],[4.288722,43.733829],[4.288702,43.733163],[4.288839,43.732498],[4.28869,43.731363],[4.288641,43.72834],[4.288301,43.724327],[4.288084,43.722699],[4.287899,43.722023],[4.287802,43.720832],[4.287333,43.718901],[4.28677,43.717723],[4.286497,43.716569],[4.2863,43.716204],[4.28608,43.715979],[4.285494,43.715906],[4.285001,43.715892],[4.283936,43.716044],[4.282092,43.716027],[4.277685,43.715704],[4.27579,43.715432],[4.274254,43.715311],[4.272856,43.715492],[4.271913,43.7158],[4.264447,43.716179],[4.262325,43.716413],[4.260755,43.716702],[4.260871,43.717092],[4.260356,43.717314],[4.259807,43.717185],[4.25542,43.715637],[4.253814,43.715283],[4.249525,43.71347],[4.247537,43.712468],[4.246481,43.712072],[4.2444,43.71147],[4.242458,43.711055],[4.241175,43.710874],[4.239282,43.71045],[4.236495,43.709994],[4.233481,43.709887],[4.228876,43.710217],[4.225752,43.710689],[4.223676,43.71128],[4.220278,43.711376],[4.219517,43.711288],[4.218943,43.711075],[4.218072,43.710489],[4.216618,43.709794],[4.215884,43.709264],[4.215186,43.709185],[4.21386,43.709296],[4.213346,43.708287],[4.213156,43.708124],[4.21284,43.708139],[4.210705,43.707477],[4.207511,43.70669],[4.203553,43.706113],[4.202275,43.705833],[4.201323,43.705732],[4.197689,43.7056],[4.196106,43.705457],[4.193962,43.705091],[4.192329,43.705046],[4.191553,43.705151],[4.190917,43.70513],[4.190681,43.705213],[4.168203,43.694628],[4.165065,43.69322],[4.164228,43.692884],[4.163457,43.694066]]]}},{"type":"Feature","properties":{"epci":"CC Terre de Camargue","membre":true,"nb_communes":2},"geometry":{"type":"Polygon","coordinates":[[[4.241486,43.499953],[4.239743,43.499199],[4.238093,43.49729],[4.238031,43.497075],[4.237316,43.49718],[4.236824,43.497371],[4.235717,43.497159],[4.231656,43.497248],[4.227998,43.497185],[4.220715,43.496602],[4.217124,43.49602],[4.215003,43.496078],[4.214523,43.495911],[4.213256,43.495875],[4.212415,43.495918],[4.211146,43.4961],[4.208543,43.496552],[4.207374,43.496827],[4.204816,43.497743],[4.202681,43.498693],[4.200377,43.500202],[4.199267,43.501218],[4.198071,43.502744],[4.198044,43.503129],[4.197864,43.503317],[4.197881,43.503771],[4.197738,43.503854],[4.197113,43.503935],[4.196437,43.504624],[4.1956,43.505223],[4.195253,43.505568],[4.194571,43.506559],[4.1927,43.507686],[4.191513,43.508223],[4.191294,43.50845],[4.19056,43.509668],[4.190202,43.50998],[4.189636,43.510288],[4.189289,43.51073],[4.188986,43.511585],[4.188217,43.511525],[4.188109,43.511671],[4.188265,43.511944],[4.187925,43.512275],[4.18593,43.515189],[4.18551,43.515403],[4.183001,43.517869],[4.182487,43.518167],[4.180166,43.518823],[4.1801,43.518894],[4.17841,43.521491],[4.178247,43.526341],[4.177436,43.528984],[4.177284,43.530281],[4.176992,43.530448],[4.176302,43.531305],[4.175449,43.532942],[4.174762,43.534725],[4.173579,43.53622],[4.172877,43.537501],[4.17106,43.538805],[4.170706,43.539211],[4.165542,43.545944],[4.16478,43.54773],[4.163082,43.549292],[4.160567,43.548222],[4.150738,43.557105],[4.150363,43.557346],[4.144005,43.559728],[4.139128,43.56293],[4.135139,43.562642],[4.134277,43.56307],[4.130747,43.564405],[4.128616,43.564879],[4.125424,43.56537],[4.123667,43.565816],[4.119086,43.567714],[4.113289,43.569312],[4.109028,43.568744],[4.108116,43.570197],[4.107437,43.57087],[4.103332,43.574771],[4.102376,43.575524],[4.096077,43.581409],[4.095612,43.581679],[4.092579,43.582974],[4.080503,43.590087],[4.075035,43.588418],[4.074695,43.588556],[4.077095,43.589467],[4.080895,43.590748],[4.084679,43.591934],[4.085194,43.591967],[4.085947,43.591814],[4.088064,43.590876],[4.095041,43.587067],[4.098079,43.585277],[4.098625,43.585114],[4.10153,43.585319],[4.10336,43.585142],[4.104902,43.585505],[4.119029,43.588276],[4.122579,43.588818],[4.124491,43.589019],[4.125266,43.588988],[4.126717,43.588704],[4.12759,43.588365],[4.129704,43.587243],[4.130628,43.586861],[4.132706,43.586524],[4.143034,43.585144],[4.145104,43.584978],[4.146393,43.584985],[4.150241,43.585445],[4.150657,43.586702],[4.15064,43.587449],[4.150248,43.589872],[4.14973,43.594554],[4.149333,43.597133],[4.149587,43.597893],[4.149853,43.598186],[4.1558,43.599659],[4.156192,43.599859],[4.165602,43.606808],[4.167692,43.608114],[4.168324,43.608635],[4.168856,43.609241],[4.172738,43.614395],[4.175897,43.618843],[4.177509,43.620948],[4.178414,43.622336],[4.179165,43.623066],[4.180077,43.62467],[4.183332,43.628513],[4.185425,43.631533],[4.186098,43.632727],[4.187019,43.633818],[4.188244,43.635928],[4.189017,43.636691],[4.18997,43.638079],[4.191523,43.639787],[4.193679,43.641849],[4.193777,43.642095],[4.19374,43.642376],[4.193373,43.643009],[4.192526,43.643551],[4.191994,43.644022],[4.192068,43.644896],[4.19199,43.645327],[4.190939,43.646632],[4.190813,43.647707],[4.191073,43.648726],[4.191362,43.649267],[4.193216,43.650632],[4.193441,43.650891],[4.193712,43.651725],[4.194433,43.651449],[4.195049,43.650952],[4.195668,43.649951],[4.196927,43.649176],[4.197348,43.648679],[4.197656,43.648077],[4.197913,43.64781],[4.197825,43.647653],[4.198209,43.647547],[4.198678,43.647194],[4.199655,43.64731],[4.202132,43.646853],[4.203249,43.646316],[4.204298,43.646044],[4.205005,43.645993],[4.205195,43.645893],[4.208147,43.643223],[4.208501,43.643005],[4.208798,43.642939],[4.21032,43.641591],[4.211187,43.640797],[4.21163,43.640186],[4.222286,43.630939],[4.22514,43.628173],[4.230443,43.624123],[4.233234,43.621556],[4.233584,43.621398],[4.234929,43.620153],[4.235724,43.619205],[4.236474,43.618631],[4.236652,43.618296],[4.237994,43.616905],[4.240998,43.613962],[4.241335,43.612774],[4.241506,43.611323],[4.240959,43.609934],[4.240901,43.609372],[4.241376,43.606695],[4.241669,43.606179],[4.241081,43.605791],[4.241102,43.605665],[4.241657,43.605235],[4.241734,43.605001],[4.242175,43.602357],[4.241182,43.599343],[4.24055,43.598508],[4.23768,43.589516],[4.237433,43.589152],[4.237624,43.588909],[4.237993,43.589055],[4.238615,43.588946],[4.240223,43.588969],[4.24037,43.588919],[4.246729,43.589033],[4.254852,43.588752],[4.260785,43.588925],[4.267625,43.589282],[4.272572,43.589655],[4.272808,43.5896],[4.273603,43.589643],[4.292099,43.590947],[4.292208,43.588819],[4.292479,43.586512],[4.292607,43.586185],[4.292935,43.583342],[4.293108,43.582834],[4.290998,43.577084],[4.290632,43.576416],[4.287038,43.568016],[4.288605,43.568393],[4.293928,43.569061],[4.294569,43.569398],[4.298416,43.569143],[4.30112,43.568417],[4.302113,43.567641],[4.30364,43.567196],[4.304728,43.566772],[4.307568,43.565974],[4.31119,43.564241],[4.314171,43.562983],[4.316056,43.56231],[4.317401,43.56195],[4.317315,43.561788],[4.318253,43.56153],[4.321081,43.559712],[4.31903,43.557809],[4.31877,43.557773],[4.318487,43.557279],[4.31816,43.557027],[4.316928,43.556555],[4.313896,43.555618],[4.313996,43.555407],[4.31439,43.555031],[4.317034,43.553577],[4.317296,43.553074],[4.317029,43.551966],[4.316202,43.551383],[4.315857,43.551224],[4.314998,43.551023],[4.313933,43.551017],[4.312574,43.551365],[4.311717,43.55138],[4.311284,43.551276],[4.309618,43.549687],[4.307942,43.547816],[4.307677,43.547151],[4.307675,43.546184],[4.307833,43.545419],[4.307996,43.545099],[4.310145,43.542701],[4.313084,43.539147],[4.316315,43.534568],[4.31699,43.533822],[4.318253,43.532632],[4.322404,43.530598],[4.322688,43.530379],[4.32382,43.528886],[4.324691,43.528239],[4.32202,43.526287],[4.320403,43.525477],[4.319407,43.525199],[4.317091,43.52476],[4.315321,43.524582],[4.314282,43.524606],[4.310808,43.525167],[4.310423,43.525174],[4.30965,43.525002],[4.309245,43.524801],[4.308681,43.524356],[4.307091,43.522477],[4.30642,43.521804],[4.30587,43.521328],[4.303838,43.519915],[4.301543,43.517914],[4.297502,43.515174],[4.296495,43.514717],[4.294537,43.514194],[4.290456,43.513739],[4.288384,43.513421],[4.287621,43.513194],[4.281859,43.511012],[4.276721,43.509224],[4.275609,43.508865],[4.272605,43.508115],[4.270248,43.507911],[4.266032,43.507982],[4.263808,43.508081],[4.263039,43.508192],[4.26071,43.508085],[4.259222,43.50778],[4.258449,43.50746],[4.255632,43.505751],[4.254449,43.505141],[4.246148,43.501947],[4.245836,43.501835],[4.244917,43.501733],[4.244356,43.501553],[4.241486,43.499953]]]}},{"type":"Feature","properties":{"epci":"CC de Petite Camargue","membre":true,"nb_communes":5},"geometry":{"type":"Polygon","coordinates":[[[4.350707,43.546919],[4.35034,43.546637],[4.349929,43.546084],[4.349186,43.543861],[4.348916,43.542587],[4.347347,43.542177],[4.345224,43.540659],[4.342419,43.539007],[4.33838,43.537048],[4.335951,43.536048],[4.335595,43.536341],[4.334311,43.535394],[4.332552,43.535464],[4.331426,43.535761],[4.327302,43.538031],[4.325392,43.539215],[4.321465,43.54112],[4.318615,43.542678],[4.316738,43.543962],[4.316256,43.544513],[4.315956,43.545127],[4.315742,43.54599],[4.315777,43.546996],[4.3162,43.547901],[4.317013,43.548679],[4.317714,43.549204],[4.321688,43.551405],[4.322557,43.552184],[4.32301,43.553041],[4.323052,43.553629],[4.322934,43.554084],[4.322505,43.554685],[4.321875,43.555323],[4.321403,43.555739],[4.320093,43.55655],[4.319242,43.557021],[4.318487,43.557279],[4.31877,43.557773],[4.31903,43.557809],[4.321081,43.559712],[4.318253,43.56153],[4.317315,43.561788],[4.317401,43.56195],[4.316056,43.56231],[4.314171,43.562983],[4.31119,43.564241],[4.307568,43.565974],[4.304728,43.566772],[4.30364,43.567196],[4.302113,43.567641],[4.30112,43.568417],[4.298416,43.569143],[4.294569,43.569398],[4.293928,43.569061],[4.288605,43.568393],[4.287038,43.568016],[4.290632,43.576416],[4.290998,43.577084],[4.293108,43.582834],[4.292935,43.583342],[4.292607,43.586185],[4.292479,43.586512],[4.292208,43.588819],[4.292099,43.590947],[4.273603,43.589643],[4.272808,43.5896],[4.272572,43.589655],[4.267625,43.589282],[4.260785,43.588925],[4.254852,43.588752],[4.246729,43.589033],[4.24037,43.588919],[4.240223,43.588969],[4.238615,43.588946],[4.237993,43.589055],[4.237624,43.588909],[4.237433,43.589152],[4.23768,43.589516],[4.24055,43.598508],[4.241182,43.599343],[4.242175,43.602357],[4.241734,43.605001],[4.241657,43.605235],[4.241102,43.605665],[4.241081,43.605791],[4.241669,43.606179],[4.241376,43.606695],[4.240901,43.609372],[4.240959,43.609934],[4.241506,43.611323],[4.241335,43.612774],[4.240998,43.613962],[4.237994,43.616905],[4.236652,43.618296],[4.236474,43.618631],[4.235724,43.619205],[4.234929,43.620153],[4.233584,43.621398],[4.233234,43.621556],[4.230443,43.624123],[4.22514,43.628173],[4.222286,43.630939],[4.21163,43.640186],[4.211187,43.640797],[4.21032,43.641591],[4.208798,43.642939],[4.208501,43.643005],[4.208147,43.643223],[4.205195,43.645893],[4.205005,43.645993],[4.204298,43.646044],[4.203249,43.646316],[4.202132,43.646853],[4.199655,43.64731],[4.198678,43.647194],[4.198209,43.647547],[4.197825,43.647653],[4.197913,43.64781],[4.197792,43.647872],[4.19755,43.648385],[4.196927,43.649176],[4.195668,43.649951],[4.195155,43.650843],[4.194433,43.651449],[4.193712,43.651725],[4.194411,43.653227],[4.194528,43.653668],[4.194504,43.654201],[4.19427,43.654451],[4.192537,43.655003],[4.191528,43.655575],[4.190499,43.656539],[4.189424,43.657932],[4.188815,43.659023],[4.18771,43.659935],[4.187254,43.660641],[4.186712,43.661968],[4.186552,43.662563],[4.186592,43.663444],[4.186409,43.664144],[4.18611,43.664729],[4.185689,43.665287],[4.185073,43.665884],[4.184621,43.666468],[4.184113,43.666739],[4.182946,43.666897],[4.181753,43.667332],[4.181423,43.667524],[4.181122,43.667829],[4.180809,43.668366],[4.180695,43.668881],[4.180803,43.670689],[4.180645,43.671253],[4.180102,43.67154],[4.178041,43.671895],[4.177409,43.672278],[4.177371,43.672519],[4.1775,43.672881],[4.178948,43.674322],[4.179246,43.674772],[4.179321,43.675242],[4.179046,43.675773],[4.178786,43.676017],[4.178142,43.67639],[4.17701,43.676612],[4.17498,43.676719],[4.174219,43.677104],[4.173864,43.677404],[4.173212,43.678679],[4.171924,43.68044],[4.171451,43.680874],[4.170634,43.681296],[4.169562,43.681989],[4.168486,43.682837],[4.167212,43.684413],[4.163895,43.686373],[4.163241,43.68684],[4.16297,43.687285],[4.162802,43.68786],[4.162959,43.688806],[4.163253,43.689615],[4.16379,43.690348],[4.164231,43.691229],[4.16436,43.691733],[4.164375,43.692535],[4.164228,43.692884],[4.168203,43.694628],[4.190681,43.705213],[4.190917,43.70513],[4.191553,43.705151],[4.192329,43.705046],[4.193962,43.705091],[4.196106,43.705457],[4.197689,43.7056],[4.201323,43.705732],[4.202275,43.705833],[4.203553,43.706113],[4.207511,43.70669],[4.210705,43.707477],[4.21284,43.708139],[4.213156,43.708124],[4.213346,43.708287],[4.21386,43.709296],[4.215186,43.709185],[4.215884,43.709264],[4.216618,43.709794],[4.218072,43.710489],[4.218943,43.711075],[4.219289,43.71123],[4.220024,43.711368],[4.223676,43.71128],[4.225752,43.710689],[4.228876,43.710217],[4.233481,43.709887],[4.236495,43.709994],[4.239282,43.71045],[4.240829,43.710808],[4.242458,43.711055],[4.2444,43.71147],[4.246481,43.712072],[4.247537,43.712468],[4.249525,43.71347],[4.253814,43.715283],[4.25542,43.715637],[4.259807,43.717185],[4.260356,43.717314],[4.260871,43.717092],[4.260755,43.716702],[4.262325,43.716413],[4.264447,43.716179],[4.271913,43.7158],[4.272856,43.715492],[4.274254,43.715311],[4.27579,43.715432],[4.277685,43.715704],[4.282092,43.716027],[4.283936,43.716044],[4.285001,43.715892],[4.28608,43.715979],[4.286497,43.716569],[4.28677,43.717723],[4.287333,43.718901],[4.287802,43.720832],[4.287899,43.722023],[4.288084,43.722699],[4.288301,43.724327],[4.288514,43.726727],[4.288641,43.72834],[4.28869,43.731363],[4.288839,43.732498],[4.288652,43.734135],[4.287951,43.735188],[4.287945,43.735862],[4.28771,43.736444],[4.288217,43.736212],[4.289804,43.735694],[4.290852,43.735449],[4.292862,43.734756],[4.293247,43.736143],[4.295098,43.736152],[4.296674,43.736003],[4.299217,43.736187],[4.301173,43.736415],[4.302316,43.736643],[4.301936,43.737691],[4.30255,43.737922],[4.301972,43.740144],[4.300132,43.740311],[4.298007,43.740318],[4.293438,43.741265],[4.294978,43.742172],[4.294518,43.743255],[4.292701,43.745401],[4.291792,43.745964],[4.291351,43.746709],[4.291291,43.746747],[4.290706,43.746623],[4.290411,43.74669],[4.290101,43.747321],[4.291685,43.747707],[4.292169,43.747692],[4.292431,43.747596],[4.292697,43.747638],[4.293325,43.748149],[4.293947,43.748268],[4.294928,43.748764],[4.295234,43.749173],[4.29519,43.74996],[4.295898,43.750552],[4.296249,43.750587],[4.29643,43.750487],[4.296614,43.750153],[4.296771,43.750055],[4.297307,43.749942],[4.297553,43.749754],[4.298615,43.749485],[4.29887,43.749508],[4.299203,43.750329],[4.299528,43.750512],[4.300257,43.750657],[4.300866,43.751338],[4.301037,43.751377],[4.301444,43.751304],[4.301628,43.751336],[4.301745,43.751487],[4.301743,43.752043],[4.301894,43.752415],[4.301808,43.752693],[4.301352,43.752886],[4.300988,43.752868],[4.300773,43.753246],[4.300774,43.753461],[4.301015,43.753945],[4.300599,43.754145],[4.300481,43.754499],[4.29997,43.754624],[4.299699,43.754791],[4.299507,43.755078],[4.299819,43.756224],[4.298883,43.758494],[4.298801,43.759361],[4.298941,43.759823],[4.298732,43.760352],[4.298243,43.760555],[4.298149,43.761119],[4.299924,43.761994],[4.300766,43.762261],[4.301371,43.762289],[4.302289,43.762125],[4.303138,43.762128],[4.305658,43.76254],[4.306343,43.762758],[4.307352,43.763694],[4.307826,43.764409],[4.308712,43.76499],[4.30973,43.765264],[4.31015,43.765646],[4.310668,43.767262],[4.311725,43.768738],[4.312226,43.769044],[4.316728,43.771119],[4.317742,43.77133],[4.3187,43.77127],[4.318878,43.771017],[4.319183,43.770969],[4.320521,43.769249],[4.322736,43.766793],[4.326684,43.764125],[4.331976,43.760355],[4.332231,43.760319],[4.332659,43.759561],[4.333403,43.758665],[4.333652,43.758232],[4.334225,43.75804],[4.334518,43.757698],[4.335344,43.757075],[4.336026,43.756796],[4.336291,43.756585],[4.336394,43.756238],[4.336132,43.755676],[4.336246,43.755378],[4.336134,43.755081],[4.336216,43.754831],[4.336819,43.754287],[4.336903,43.754081],[4.337829,43.753661],[4.338479,43.753108],[4.338732,43.752511],[4.338951,43.75226],[4.339458,43.752066],[4.339499,43.751835],[4.339707,43.751763],[4.339922,43.75187],[4.340056,43.751821],[4.340129,43.751685],[4.340068,43.751114],[4.339926,43.750956],[4.339678,43.750856],[4.339597,43.750716],[4.33967,43.75048],[4.341038,43.74959],[4.342229,43.748573],[4.341414,43.745946],[4.341444,43.745436],[4.341575,43.745075],[4.34208,43.744122],[4.340881,43.743907],[4.341134,43.743583],[4.338031,43.742051],[4.335093,43.740788],[4.333642,43.740382],[4.333656,43.73995],[4.333481,43.739756],[4.332112,43.738903],[4.331767,43.739073],[4.331345,43.738713],[4.330973,43.738916],[4.329997,43.737951],[4.330341,43.73742],[4.32905,43.736448],[4.328754,43.73558],[4.328921,43.735273],[4.328775,43.734727],[4.329392,43.734673],[4.330388,43.733602],[4.330735,43.732816],[4.331158,43.731443],[4.331674,43.730576],[4.332604,43.729827],[4.333151,43.728817],[4.333273,43.728202],[4.333346,43.728113],[4.334235,43.727983],[4.333997,43.727903],[4.334047,43.727518],[4.335117,43.722404],[4.335509,43.721344],[4.336493,43.719485],[4.337261,43.717239],[4.337361,43.715921],[4.337084,43.71544],[4.33692,43.714844],[4.336919,43.714256],[4.337094,43.713542],[4.336857,43.713574],[4.336778,43.712788],[4.336984,43.712697],[4.337141,43.710982],[4.336843,43.709995],[4.336167,43.70891],[4.33719,43.707647],[4.337414,43.707851],[4.337476,43.706668],[4.33763,43.706203],[4.337659,43.705634],[4.338089,43.70439],[4.338378,43.704279],[4.338331,43.704116],[4.338617,43.704124],[4.338942,43.702395],[4.338792,43.701472],[4.338799,43.699585],[4.338278,43.697469],[4.338132,43.696323],[4.339156,43.693012],[4.339158,43.692779],[4.338609,43.692584],[4.338592,43.692436],[4.33891,43.691169],[4.338993,43.691108],[4.338263,43.690972],[4.339003,43.68799],[4.339071,43.687142],[4.33926,43.686526],[4.339532,43.686111],[4.339718,43.68432],[4.33969,43.6824],[4.339779,43.682264],[4.339449,43.681349],[4.339427,43.680824],[4.342583,43.673294],[4.342902,43.672906],[4.344601,43.668969],[4.347176,43.665073],[4.348161,43.663416],[4.348977,43.66179],[4.349354,43.661323],[4.349783,43.660315],[4.351308,43.657423],[4.352561,43.657799],[4.354247,43.657504],[4.354635,43.657585],[4.35554,43.656433],[4.355676,43.656374],[4.358762,43.651464],[4.350481,43.64955],[4.34919,43.649307],[4.347798,43.648628],[4.34753,43.648695],[4.34843,43.646125],[4.348574,43.64577],[4.348722,43.645682],[4.349802,43.642747],[4.355227,43.611079],[4.355781,43.608316],[4.356802,43.605077],[4.36766,43.576861],[4.364487,43.574795],[4.378144,43.564143],[4.370433,43.558338],[4.365472,43.554881],[4.353318,43.549097],[4.353628,43.547335],[4.352388,43.547291],[4.351319,43.547117],[4.350707,43.546919]]]}},{"type":"Feature","properties":{"epci":"CC du Pays de Sommières","membre":true,"nb_communes":2},"geometry":{"type":"Polygon","coordinates":[[[4.137188,43.774717],[4.137063,43.77635],[4.137451,43.776703],[4.137534,43.77748],[4.137348,43.777934],[4.137101,43.778129],[4.137125,43.779302],[4.137439,43.779586],[4.13692,43.77988],[4.137053,43.779991],[4.137753,43.781417],[4.138708,43.783818],[4.138706,43.784941],[4.139894,43.785152],[4.146719,43.791859],[4.147081,43.793421],[4.147394,43.794317],[4.143773,43.799618],[4.144364,43.800166],[4.144412,43.800362],[4.14392,43.802031],[4.144046,43.802257],[4.144375,43.802503],[4.144667,43.802871],[4.144688,43.803794],[4.144868,43.804326],[4.145317,43.805031],[4.145883,43.805631],[4.146585,43.805984],[4.147126,43.806044],[4.147847,43.806014],[4.148745,43.805842],[4.150288,43.805393],[4.151175,43.805008],[4.151659,43.807038],[4.151579,43.807197],[4.151239,43.813982],[4.153446,43.815539],[4.157584,43.816076],[4.157609,43.82055],[4.171365,43.819485],[4.17287,43.819538],[4.173024,43.819476],[4.173636,43.819571],[4.174476,43.819428],[4.17603,43.819392],[4.176239,43.819507],[4.17668,43.819488],[4.176893,43.819628],[4.177966,43.819578],[4.178187,43.819702],[4.178643,43.819746],[4.179531,43.819602],[4.180282,43.819591],[4.180943,43.819247],[4.181706,43.818689],[4.182176,43.818227],[4.18235,43.81823],[4.182496,43.818075],[4.182741,43.81799],[4.183332,43.817968],[4.183636,43.818207],[4.184233,43.818209],[4.184483,43.818319],[4.185075,43.818162],[4.18545,43.81798],[4.185867,43.818112],[4.185993,43.818278],[4.187057,43.818265],[4.187198,43.818033],[4.187712,43.817677],[4.187907,43.817197],[4.188494,43.816588],[4.18836,43.816319],[4.190224,43.816093],[4.191881,43.81559],[4.192291,43.815572],[4.192587,43.81567],[4.193028,43.815642],[4.194704,43.815174],[4.195919,43.815123],[4.19622,43.814869],[4.196944,43.814652],[4.197493,43.813896],[4.197726,43.813845],[4.198388,43.813959],[4.198876,43.813637],[4.19943,43.812802],[4.199943,43.81252],[4.200428,43.812464],[4.201206,43.812621],[4.201905,43.812437],[4.203544,43.811547],[4.204128,43.811356],[4.205036,43.810801],[4.205937,43.810482],[4.206343,43.810541],[4.206934,43.809603],[4.207602,43.808858],[4.209736,43.805752],[4.211667,43.803703],[4.212039,43.803185],[4.212183,43.8028],[4.212539,43.802517],[4.212893,43.802443],[4.212884,43.802115],[4.213569,43.800918],[4.214612,43.799873],[4.211661,43.797781],[4.211197,43.796979],[4.210954,43.796259],[4.210797,43.796054],[4.210387,43.79592],[4.210445,43.795794],[4.21031,43.795708],[4.210228,43.795178],[4.210508,43.794948],[4.210469,43.794543],[4.210734,43.794081],[4.210648,43.793955],[4.210725,43.793588],[4.212272,43.791534],[4.213257,43.789766],[4.213242,43.789581],[4.214231,43.787153],[4.214197,43.787004],[4.213938,43.786806],[4.214157,43.786467],[4.214376,43.785716],[4.214705,43.78525],[4.215276,43.784934],[4.215475,43.784693],[4.215613,43.784035],[4.215935,43.783307],[4.216,43.782814],[4.215871,43.782169],[4.215907,43.781778],[4.216313,43.780947],[4.21667,43.779555],[4.216693,43.777986],[4.21692,43.775616],[4.216591,43.773799],[4.216323,43.77307],[4.2157,43.772023],[4.214776,43.771033],[4.214384,43.770298],[4.213663,43.769394],[4.215267,43.769032],[4.217717,43.768724],[4.217015,43.767592],[4.219379,43.768309],[4.219418,43.768205],[4.221059,43.767568],[4.224566,43.766735],[4.231002,43.763829],[4.231567,43.762943],[4.234152,43.757935],[4.229285,43.755929],[4.224992,43.754289],[4.218109,43.751912],[4.209976,43.751688],[4.20968,43.751564],[4.20964,43.751346],[4.209835,43.750684],[4.209583,43.750585],[4.207671,43.750478],[4.203366,43.750403],[4.203229,43.750108],[4.201975,43.750201],[4.202128,43.750527],[4.202164,43.751051],[4.200043,43.751136],[4.19967,43.751376],[4.199684,43.751803],[4.200504,43.751895],[4.20023,43.752781],[4.199184,43.752561],[4.199118,43.753169],[4.198908,43.753145],[4.198816,43.753621],[4.197468,43.754401],[4.196453,43.754925],[4.196195,43.754976],[4.195564,43.755382],[4.195272,43.755777],[4.195311,43.756022],[4.194506,43.756691],[4.194195,43.756856],[4.193761,43.75733],[4.190626,43.758972],[4.190192,43.759475],[4.185792,43.762245],[4.185773,43.762407],[4.185382,43.762387],[4.185105,43.762503],[4.183526,43.762666],[4.181045,43.762384],[4.179871,43.762404],[4.177969,43.761915],[4.17665,43.761858],[4.176245,43.76201],[4.175494,43.760696],[4.175106,43.760222],[4.17417,43.759518],[4.1734,43.759155],[4.173054,43.758717],[4.172741,43.758099],[4.172459,43.757815],[4.171074,43.75714],[4.170718,43.757024],[4.170068,43.756961],[4.170117,43.758122],[4.168492,43.759087],[4.168429,43.759278],[4.167669,43.759895],[4.165246,43.761387],[4.164654,43.761606],[4.164414,43.761812],[4.162019,43.762063],[4.161354,43.762235],[4.160151,43.762728],[4.155534,43.763948],[4.153798,43.764596],[4.143513,43.766964],[4.143588,43.767476],[4.143364,43.767838],[4.142825,43.768333],[4.142518,43.768463],[4.141825,43.769023],[4.141035,43.769475],[4.140784,43.769971],[4.140779,43.770357],[4.140295,43.770389],[4.13923,43.77077],[4.138965,43.771238],[4.138625,43.772842],[4.137469,43.772719],[4.136776,43.772736],[4.136598,43.773221],[4.136261,43.774974],[4.137188,43.774717]]]}},{"type":"Feature","properties":{"epci":"CC du Pont du Gard","membre":false,"nb_communes":3},"geometry":{"type":"Polygon","coordinates":[[[4.608662,43.861258],[4.609238,43.861264],[4.611151,43.860493],[4.612173,43.859932],[4.613082,43.859297],[4.612683,43.859004],[4.612932,43.858877],[4.61345,43.858277],[4.613892,43.857479],[4.613959,43.855655],[4.613617,43.8549],[4.612706,43.854148],[4.612687,43.853864],[4.612753,43.853689],[4.613253,43.853325],[4.614177,43.852929],[4.614198,43.852685],[4.614835,43.851966],[4.615214,43.851308],[4.615544,43.850954],[4.61553,43.850342],[4.615438,43.850248],[4.6155,43.85019],[4.615238,43.849579],[4.615316,43.849159],[4.614995,43.84866],[4.614053,43.848009],[4.613542,43.847895],[4.611996,43.847308],[4.611331,43.847211],[4.610841,43.846988],[4.610639,43.846608],[4.61059,43.845928],[4.612651,43.845094],[4.614686,43.844667],[4.616797,43.843912],[4.618507,43.843116],[4.619375,43.842403],[4.620024,43.842343],[4.620219,43.842176],[4.620192,43.841821],[4.62033,43.841687],[4.620491,43.841668],[4.620717,43.840753],[4.620549,43.840747],[4.620098,43.840542],[4.620808,43.839348],[4.621081,43.837431],[4.614331,43.838289],[4.613125,43.837356],[4.611294,43.836595],[4.610971,43.836521],[4.609924,43.836546],[4.609523,43.836745],[4.609219,43.836791],[4.608742,43.837358],[4.608281,43.837519],[4.607606,43.837416],[4.606868,43.83744],[4.605942,43.837299],[4.605648,43.837238],[4.604625,43.836784],[4.604059,43.836646],[4.603738,43.837076],[4.602881,43.837192],[4.602356,43.837376],[4.600644,43.837719],[4.599845,43.83818],[4.598662,43.838366],[4.598257,43.838722],[4.598127,43.838119],[4.597543,43.83813],[4.596743,43.838284],[4.595709,43.838293],[4.59629,43.839766],[4.596095,43.840754],[4.595938,43.840791],[4.585557,43.8374],[4.582284,43.840985],[4.581423,43.840566],[4.579094,43.840171],[4.578729,43.840996],[4.577194,43.840906],[4.57526,43.841249],[4.573493,43.841726],[4.573261,43.842034],[4.571676,43.841542],[4.570841,43.841506],[4.569177,43.844],[4.568394,43.844536],[4.567859,43.845487],[4.567462,43.845504],[4.566755,43.845962],[4.565143,43.847517],[4.563723,43.847813],[4.563455,43.847812],[4.562302,43.848321],[4.559461,43.849051],[4.551536,43.850449],[4.551891,43.85206],[4.549313,43.852184],[4.548658,43.852293],[4.546776,43.852336],[4.543183,43.853457],[4.533108,43.856359],[4.529467,43.859555],[4.528658,43.860374],[4.528058,43.860239],[4.524204,43.860127],[4.523619,43.860018],[4.522939,43.861916],[4.521899,43.863767],[4.521304,43.865432],[4.520635,43.866805],[4.521837,43.87026],[4.52179,43.870337],[4.524166,43.877642],[4.528579,43.87769],[4.531862,43.878047],[4.534927,43.87897],[4.54003,43.882038],[4.537857,43.889874],[4.542181,43.889508],[4.5434,43.889343],[4.546377,43.88878],[4.549586,43.888571],[4.550877,43.88858],[4.550265,43.893888],[4.549226,43.895872],[4.547174,43.899165],[4.561348,43.899612],[4.564257,43.899608],[4.56778,43.899721],[4.575837,43.899219],[4.583355,43.900825],[4.582998,43.902634],[4.593443,43.901973],[4.598286,43.902156],[4.603612,43.901633],[4.604246,43.900123],[4.604141,43.900038],[4.604855,43.898204],[4.606458,43.896926],[4.607289,43.895999],[4.607689,43.895287],[4.607623,43.894791],[4.607711,43.894395],[4.60796,43.893556],[4.608033,43.893579],[4.608422,43.892872],[4.608648,43.892213],[4.608794,43.890858],[4.608512,43.890366],[4.608185,43.89029],[4.607975,43.888739],[4.608085,43.888515],[4.610347,43.88756],[4.610319,43.887471],[4.612019,43.886844],[4.613509,43.886405],[4.616028,43.885384],[4.619186,43.884578],[4.622861,43.884654],[4.623629,43.881785],[4.624026,43.878808],[4.621027,43.878638],[4.615291,43.865578],[4.612396,43.862809],[4.60922,43.862747],[4.60912,43.862802],[4.60886,43.862746],[4.606799,43.862714],[4.606681,43.860959],[4.608662,43.861258]]]}}]},"perimetres":{"type":"FeatureCollection","features":[{"type":"Feature","properties":{"nom":"42 communes adhérentes","usage":"étude des parkings (CCTP § 1.3)","source":"PAPI 3 Vistre, tome I, § 2.1.3"},"geometry":{"type":"Polygon","coordinates":[[[4.239743,43.499199],[4.23954,43.499048],[4.238093,43.49729],[4.238031,43.497075],[4.237316,43.49718],[4.236824,43.497371],[4.235717,43.497159],[4.231656,43.497248],[4.227998,43.497185],[4.220715,43.496602],[4.217124,43.49602],[4.215003,43.496078],[4.214523,43.495911],[4.213974,43.495863],[4.212415,43.495918],[4.208039,43.496651],[4.206602,43.497079],[4.204816,43.497743],[4.202681,43.498693],[4.200377,43.500202],[4.199267,43.501218],[4.198071,43.502744],[4.198044,43.503129],[4.197864,43.503317],[4.197881,43.503771],[4.197738,43.503854],[4.197113,43.503935],[4.196437,43.504624],[4.1956,43.505223],[4.195253,43.505568],[4.194571,43.506559],[4.1927,43.507686],[4.191513,43.508223],[4.191294,43.50845],[4.19056,43.509668],[4.190202,43.50998],[4.189636,43.510288],[4.189289,43.51073],[4.188986,43.511585],[4.188217,43.511525],[4.188109,43.511671],[4.188265,43.511944],[4.187925,43.512275],[4.18593,43.515189],[4.18551,43.515403],[4.183001,43.517869],[4.182487,43.518167],[4.180166,43.518823],[4.1801,43.518894],[4.17841,43.521491],[4.178247,43.526341],[4.177436,43.528984],[4.177284,43.530281],[4.176992,43.530448],[4.176302,43.531305],[4.175449,43.532942],[4.174762,43.534725],[4.173579,43.53622],[4.172877,43.537501],[4.17106,43.538805],[4.170706,43.539211],[4.165542,43.545944],[4.16478,43.54773],[4.163082,43.549292],[4.160567,43.548222],[4.150738,43.557105],[4.150363,43.557346],[4.144005,43.559728],[4.139128,43.56293],[4.135139,43.562642],[4.134277,43.56307],[4.130747,43.564405],[4.128616,43.564879],[4.125424,43.56537],[4.123667,43.565816],[4.119086,43.567714],[4.113289,43.569312],[4.109028,43.568744],[4.108116,43.570197],[4.107437,43.57087],[4.103332,43.574771],[4.102376,43.575524],[4.096077,43.581409],[4.095612,43.581679],[4.092579,43.582974],[4.080503,43.590087],[4.075035,43.588418],[4.074695,43.588556],[4.077095,43.589467],[4.080895,43.590748],[4.084679,43.591934],[4.085194,43.591967],[4.085947,43.591814],[4.088064,43.590876],[4.095041,43.587067],[4.098079,43.585277],[4.098625,43.585114],[4.10153,43.585319],[4.10336,43.585142],[4.104902,43.585505],[4.119029,43.588276],[4.122579,43.588818],[4.124491,43.589019],[4.125266,43.588988],[4.126717,43.588704],[4.12759,43.588365],[4.129704,43.587243],[4.130628,43.586861],[4.132706,43.586524],[4.143034,43.585144],[4.145104,43.584978],[4.146393,43.584985],[4.150241,43.585445],[4.150657,43.586702],[4.15064,43.587449],[4.150248,43.589872],[4.14973,43.594554],[4.149333,43.597133],[4.149587,43.597893],[4.149853,43.598186],[4.1558,43.599659],[4.156192,43.599859],[4.165602,43.606808],[4.167692,43.608114],[4.168324,43.608635],[4.172738,43.614395],[4.175897,43.618843],[4.177509,43.620948],[4.178414,43.622336],[4.179165,43.623066],[4.180077,43.62467],[4.183332,43.628513],[4.185425,43.631533],[4.186098,43.632727],[4.187019,43.633818],[4.188244,43.635928],[4.189017,43.636691],[4.18997,43.638079],[4.191523,43.639787],[4.193679,43.641849],[4.193777,43.642095],[4.19374,43.642376],[4.193373,43.643009],[4.192526,43.643551],[4.191994,43.644022],[4.192068,43.644896],[4.19199,43.645327],[4.190939,43.646632],[4.190813,43.647707],[4.191073,43.648726],[4.191423,43.649347],[4.192777,43.650276],[4.193441,43.650891],[4.193855,43.65209],[4.194411,43.653227],[4.194528,43.653668],[4.194504,43.654201],[4.19427,43.654451],[4.192537,43.655003],[4.191528,43.655575],[4.190499,43.656539],[4.189424,43.657932],[4.188815,43.659023],[4.18771,43.659935],[4.187254,43.660641],[4.186712,43.661968],[4.186552,43.662563],[4.186592,43.663444],[4.186321,43.664342],[4.185689,43.665287],[4.185073,43.665884],[4.184621,43.666468],[4.184113,43.666739],[4.182946,43.666897],[4.181753,43.667332],[4.181423,43.667524],[4.181122,43.667829],[4.180809,43.668366],[4.180695,43.668881],[4.180803,43.670689],[4.180645,43.671253],[4.180102,43.67154],[4.178041,43.671895],[4.177409,43.672278],[4.177371,43.672519],[4.1775,43.672881],[4.178948,43.674322],[4.179246,43.674772],[4.179321,43.675242],[4.179046,43.675773],[4.178786,43.676017],[4.178142,43.67639],[4.17701,43.676612],[4.17498,43.676719],[4.174219,43.677104],[4.173864,43.677404],[4.172845,43.679251],[4.171924,43.68044],[4.171451,43.680874],[4.170634,43.681296],[4.169562,43.681989],[4.168486,43.682837],[4.167212,43.684413],[4.163895,43.686373],[4.163241,43.68684],[4.16297,43.687285],[4.162802,43.68786],[4.162959,43.688806],[4.163253,43.689615],[4.16379,43.690348],[4.164231,43.691229],[4.16436,43.691733],[4.164375,43.692535],[4.164172,43.69302],[4.163457,43.694066],[4.163497,43.694322],[4.164135,43.695112],[4.164209,43.695667],[4.166056,43.697288],[4.166397,43.697807],[4.166613,43.698467],[4.166492,43.699695],[4.165922,43.700367],[4.16389,43.701942],[4.163541,43.702395],[4.163409,43.703],[4.16366,43.706079],[4.163643,43.706666],[4.163446,43.707012],[4.161861,43.708058],[4.159467,43.710592],[4.158736,43.711262],[4.15749,43.71223],[4.155204,43.713661],[4.153772,43.714871],[4.153285,43.715352],[4.151457,43.717959],[4.151199,43.719001],[4.151302,43.720735],[4.151264,43.721904],[4.15115,43.722378],[4.150788,43.722997],[4.150273,43.723531],[4.147953,43.72477],[4.146899,43.725498],[4.146366,43.726017],[4.146042,43.726766],[4.145788,43.728316],[4.145089,43.730967],[4.144957,43.732151],[4.144997,43.733161],[4.143861,43.735564],[4.14288,43.736854],[4.142413,43.737393],[4.141101,43.738229],[4.139359,43.739105],[4.138777,43.739302],[4.135457,43.740151],[4.134314,43.740375],[4.132056,43.74063],[4.129468,43.740688],[4.12849,43.740607],[4.126912,43.740247],[4.125654,43.739824],[4.125079,43.739537],[4.124399,43.739142],[4.123494,43.738457],[4.122524,43.737201],[4.122262,43.736971],[4.121934,43.736844],[4.120675,43.736839],[4.118688,43.737076],[4.117982,43.737081],[4.117268,43.73693],[4.116385,43.736935],[4.115879,43.737009],[4.11481,43.737385],[4.113771,43.737994],[4.112455,43.739079],[4.111605,43.740105],[4.113059,43.740797],[4.11339,43.740733],[4.113653,43.741059],[4.113719,43.74129],[4.117043,43.743345],[4.120421,43.745268],[4.121999,43.746539],[4.120072,43.74831],[4.120749,43.749083],[4.121706,43.750557],[4.124224,43.754724],[4.12665,43.759508],[4.128261,43.759502],[4.129594,43.761559],[4.133718,43.763855],[4.13669,43.76657],[4.138102,43.766829],[4.138546,43.766715],[4.139413,43.767044],[4.139833,43.767398],[4.143364,43.767838],[4.142825,43.768333],[4.142518,43.768463],[4.141825,43.769023],[4.141035,43.769475],[4.140784,43.769971],[4.140779,43.770357],[4.140295,43.770389],[4.13923,43.77077],[4.138965,43.771238],[4.138597,43.772865],[4.137469,43.772719],[4.136776,43.772736],[4.136598,43.773221],[4.136261,43.774974],[4.137188,43.774717],[4.137063,43.77635],[4.137451,43.776703],[4.137534,43.77748],[4.137348,43.777934],[4.137101,43.778129],[4.137125,43.779302],[4.137439,43.779586],[4.13692,43.77988],[4.137053,43.779991],[4.137753,43.781417],[4.138708,43.783818],[4.138706,43.784941],[4.139894,43.785152],[4.146719,43.791859],[4.147081,43.793421],[4.147394,43.794317],[4.143773,43.799618],[4.144364,43.800166],[4.144412,43.800362],[4.14392,43.802031],[4.144046,43.802257],[4.144375,43.802503],[4.144667,43.802871],[4.144729,43.803998],[4.145087,43.804716],[4.145801,43.805559],[4.146073,43.805767],[4.146585,43.805984],[4.147126,43.806044],[4.147847,43.806014],[4.148745,43.805842],[4.150288,43.805393],[4.151175,43.805008],[4.151659,43.807038],[4.151579,43.807197],[4.151239,43.813982],[4.153446,43.815539],[4.157584,43.816076],[4.157609,43.82055],[4.15844,43.82956],[4.160572,43.83218],[4.160732,43.832569],[4.161748,43.833348],[4.164788,43.835407],[4.172937,43.840858],[4.177576,43.84386],[4.182549,43.848443],[4.183807,43.851282],[4.18629,43.85821],[4.194838,43.858582],[4.193991,43.856351],[4.195445,43.854187],[4.200024,43.850079],[4.200643,43.849245],[4.200817,43.848812],[4.203729,43.850389],[4.207756,43.852308],[4.208072,43.85256],[4.208719,43.852428],[4.209235,43.852642],[4.209655,43.852923],[4.209862,43.852895],[4.209988,43.852971],[4.210238,43.853302],[4.21044,43.854402],[4.210656,43.854603],[4.210763,43.85507],[4.211131,43.855612],[4.2114,43.856511],[4.211527,43.857391],[4.211135,43.85797],[4.209902,43.85875],[4.209742,43.859059],[4.210047,43.85956],[4.210545,43.86005],[4.211257,43.860603],[4.212437,43.861067],[4.212512,43.861133],[4.212336,43.861224],[4.217536,43.860315],[4.219833,43.860028],[4.2219,43.859874],[4.227216,43.85989],[4.234955,43.858168],[4.237477,43.85736],[4.239432,43.857035],[4.237963,43.857722],[4.237658,43.858525],[4.237655,43.858831],[4.238022,43.859455],[4.237757,43.861349],[4.236939,43.862639],[4.236922,43.8629],[4.236565,43.863401],[4.236775,43.863775],[4.236382,43.863931],[4.23581,43.865325],[4.235795,43.865473],[4.236346,43.86559],[4.236453,43.866263],[4.236424,43.867334],[4.236605,43.867538],[4.236908,43.868567],[4.236316,43.868631],[4.236153,43.869885],[4.236359,43.870627],[4.236343,43.87169],[4.236451,43.871886],[4.236787,43.874354],[4.237287,43.874418],[4.238146,43.874944],[4.241241,43.876445],[4.242028,43.876998],[4.242896,43.880636],[4.243135,43.881101],[4.243455,43.881448],[4.24425,43.882766],[4.247541,43.886322],[4.248177,43.88763],[4.249253,43.889206],[4.248927,43.89092],[4.2482,43.89245],[4.24897,43.894257],[4.25221,43.894845],[4.256339,43.895759],[4.258325,43.896989],[4.26017,43.899778],[4.265844,43.900226],[4.267547,43.901027],[4.267931,43.901662],[4.267809,43.902325],[4.268224,43.902908],[4.268542,43.903942],[4.268806,43.90431],[4.268943,43.905075],[4.268943,43.905792],[4.269727,43.907476],[4.270384,43.908292],[4.270644,43.908076],[4.274123,43.906645],[4.276659,43.90646],[4.27764,43.906013],[4.278843,43.905892],[4.279654,43.905905],[4.280695,43.905532],[4.283795,43.90472],[4.284932,43.904771],[4.284997,43.907966],[4.289105,43.904958],[4.29134,43.904141],[4.300286,43.901205],[4.304475,43.899501],[4.306886,43.899119],[4.308794,43.898603],[4.310081,43.898432],[4.313153,43.897454],[4.323614,43.89497],[4.329566,43.89539],[4.330213,43.895738],[4.331009,43.895814],[4.331955,43.896391],[4.332523,43.896475],[4.333909,43.896355],[4.334244,43.89657],[4.334405,43.896872],[4.334873,43.897281],[4.335238,43.897416],[4.335424,43.897646],[4.336594,43.897276],[4.338244,43.897025],[4.339156,43.896973],[4.339501,43.896785],[4.339543,43.897111],[4.339884,43.897715],[4.34028,43.898124],[4.340315,43.898604],[4.340818,43.899214],[4.341295,43.89939],[4.34202,43.900076],[4.342691,43.901014],[4.342725,43.901906],[4.342063,43.904131],[4.341298,43.904557],[4.341488,43.906577],[4.345067,43.908414],[4.345855,43.907944],[4.347237,43.907649],[4.347638,43.907483],[4.349393,43.907424],[4.350367,43.907246],[4.352022,43.90714],[4.354124,43.907258],[4.354635,43.90678],[4.355157,43.906509],[4.355873,43.905725],[4.355987,43.905775],[4.357016,43.907666],[4.358574,43.907254],[4.35891,43.907305],[4.360303,43.907041],[4.36151,43.906907],[4.362276,43.906551],[4.363302,43.906293],[4.364256,43.90619],[4.365113,43.905958],[4.366612,43.905751],[4.368369,43.905619],[4.370709,43.905189],[4.371147,43.904974],[4.371531,43.904903],[4.372497,43.904951],[4.373815,43.904804],[4.374859,43.904854],[4.377216,43.904818],[4.378171,43.904679],[4.378632,43.904483],[4.379315,43.903776],[4.380233,43.903559],[4.381722,43.903483],[4.382576,43.903599],[4.383765,43.903576],[4.385431,43.903272],[4.387391,43.90275],[4.388218,43.90264],[4.388531,43.902646],[4.389535,43.902926],[4.389924,43.902973],[4.390494,43.902918],[4.391507,43.903083],[4.393668,43.902894],[4.395609,43.902632],[4.396006,43.902809],[4.394211,43.904214],[4.393041,43.904674],[4.391353,43.90777],[4.391315,43.90808],[4.389912,43.910306],[4.386735,43.912206],[4.379311,43.915957],[4.376295,43.917112],[4.376342,43.918004],[4.382395,43.917562],[4.384485,43.917753],[4.386008,43.917729],[4.38695,43.91764],[4.387766,43.919035],[4.388766,43.920002],[4.390046,43.920946],[4.39048,43.921462],[4.391049,43.922875],[4.39387,43.922688],[4.393822,43.921619],[4.394238,43.9207],[4.394682,43.920509],[4.396561,43.920466],[4.396813,43.920768],[4.397302,43.920915],[4.39795,43.921442],[4.398107,43.921603],[4.398296,43.922094],[4.398705,43.922469],[4.398732,43.922789],[4.398539,43.92322],[4.398529,43.923545],[4.398351,43.923794],[4.398318,43.92467],[4.399103,43.925479],[4.399674,43.925698],[4.400257,43.92574],[4.400922,43.925896],[4.401125,43.926],[4.401554,43.926462],[4.401812,43.926598],[4.402025,43.92684],[4.40215,43.927255],[4.402176,43.927661],[4.401964,43.927928],[4.401967,43.928117],[4.402191,43.92858],[4.402366,43.928669],[4.403431,43.928682],[4.403622,43.92837],[4.40408,43.928199],[4.405491,43.928312],[4.405899,43.92845],[4.406653,43.928433],[4.406912,43.92852],[4.407198,43.928763],[4.407239,43.929594],[4.407365,43.929779],[4.407556,43.929928],[4.408739,43.930268],[4.408784,43.930478],[4.408525,43.930804],[4.408435,43.931266],[4.408766,43.932178],[4.40844,43.932581],[4.408338,43.932957],[4.410214,43.932644],[4.412095,43.932126],[4.413142,43.931596],[4.414073,43.931664],[4.413688,43.929959],[4.414165,43.929525],[4.415145,43.92962],[4.415823,43.929962],[4.416437,43.929981],[4.417031,43.930358],[4.418036,43.930031],[4.41907,43.930387],[4.419468,43.931366],[4.420709,43.93108],[4.424586,43.931235],[4.434238,43.930613],[4.437633,43.929594],[4.438252,43.929491],[4.443863,43.929519],[4.447883,43.929705],[4.452123,43.929229],[4.453135,43.929213],[4.455711,43.92957],[4.457902,43.930253],[4.461484,43.92967],[4.4659,43.929227],[4.470565,43.929115],[4.471701,43.927564],[4.475251,43.923398],[4.477269,43.920523],[4.477828,43.920002],[4.48106,43.91914],[4.485124,43.918309],[4.487852,43.918393],[4.48813,43.919001],[4.488908,43.921961],[4.488688,43.925305],[4.489142,43.926427],[4.490528,43.927793],[4.491021,43.92842],[4.492798,43.931468],[4.493434,43.93438],[4.493467,43.935376],[4.493805,43.935601],[4.493894,43.936598],[4.494467,43.937093],[4.494282,43.937939],[4.493768,43.938355],[4.494641,43.938813],[4.494722,43.939062],[4.494258,43.939925],[4.493998,43.940792],[4.494818,43.941],[4.495406,43.94152],[4.496291,43.941826],[4.496679,43.942956],[4.498549,43.943132],[4.500063,43.942022],[4.501041,43.941553],[4.503327,43.940788],[4.504573,43.939189],[4.507236,43.938557],[4.510468,43.936823],[4.511761,43.936438],[4.513516,43.936527],[4.514863,43.936355],[4.521432,43.937498],[4.523389,43.936096],[4.522255,43.931229],[4.522469,43.930312],[4.522158,43.92877],[4.521423,43.926105],[4.521403,43.924387],[4.521776,43.922601],[4.522542,43.921451],[4.522873,43.921387],[4.52384,43.920836],[4.525443,43.920301],[4.526996,43.919529],[4.52748,43.919378],[4.527612,43.919085],[4.528031,43.91875],[4.5285,43.918775],[4.528702,43.918689],[4.530415,43.91738],[4.5271,43.912979],[4.531846,43.912439],[4.54169,43.911593],[4.545058,43.917122],[4.548187,43.919071],[4.550267,43.920004],[4.554726,43.924086],[4.556836,43.926137],[4.558509,43.928351],[4.558792,43.929324],[4.559212,43.931699],[4.559113,43.932216],[4.558803,43.932907],[4.558593,43.933053],[4.558271,43.933634],[4.557569,43.934111],[4.557503,43.934317],[4.558486,43.934085],[4.558958,43.933835],[4.559219,43.933541],[4.559762,43.932577],[4.559918,43.932638],[4.560076,43.93259],[4.561604,43.931455],[4.562772,43.929372],[4.564261,43.927967],[4.564719,43.927402],[4.564976,43.926538],[4.5658,43.925353],[4.565971,43.924944],[4.570064,43.924599],[4.579194,43.924201],[4.578468,43.920972],[4.578558,43.920405],[4.578783,43.919704],[4.57946,43.918447],[4.579583,43.917498],[4.579833,43.9168],[4.581097,43.911495],[4.583355,43.900825],[4.575837,43.899219],[4.56778,43.899721],[4.564257,43.899608],[4.561348,43.899612],[4.547174,43.899165],[4.549226,43.895872],[4.550265,43.893888],[4.550877,43.88858],[4.549586,43.888571],[4.546377,43.88878],[4.5434,43.889343],[4.542181,43.889508],[4.537857,43.889874],[4.54003,43.882038],[4.534927,43.87897],[4.531862,43.878047],[4.528579,43.87769],[4.524166,43.877642],[4.52179,43.870337],[4.521837,43.87026],[4.520635,43.866805],[4.521304,43.865432],[4.521899,43.863767],[4.522939,43.861916],[4.523619,43.860018],[4.524204,43.860127],[4.528058,43.860239],[4.528658,43.860374],[4.529467,43.859555],[4.533108,43.856359],[4.535364,43.855714],[4.533791,43.852656],[4.534075,43.851273],[4.534505,43.847889],[4.53564,43.842735],[4.534286,43.842191],[4.533337,43.841657],[4.531679,43.841056],[4.529124,43.839925],[4.528473,43.837971],[4.528327,43.836889],[4.527694,43.834753],[4.527543,43.833474],[4.52757,43.832669],[4.527274,43.832125],[4.527189,43.831582],[4.521547,43.827531],[4.525938,43.8233],[4.5267,43.820161],[4.535575,43.808001],[4.536354,43.806708],[4.540105,43.799154],[4.527301,43.787759],[4.526501,43.787574],[4.522396,43.786277],[4.521536,43.786027],[4.519914,43.785757],[4.519667,43.785659],[4.512166,43.784173],[4.504523,43.783123],[4.500131,43.783455],[4.498877,43.78346],[4.497378,43.783143],[4.496921,43.783099],[4.496149,43.783178],[4.495883,43.783095],[4.482461,43.781832],[4.476956,43.780736],[4.470936,43.777288],[4.468531,43.774556],[4.466541,43.772527],[4.466278,43.771921],[4.463515,43.767665],[4.456894,43.764768],[4.455737,43.764113],[4.455956,43.76132],[4.455618,43.759357],[4.455425,43.75708],[4.455165,43.756822],[4.455123,43.756013],[4.453223,43.75001],[4.448258,43.748287],[4.441295,43.746029],[4.443063,43.739958],[4.445957,43.733065],[4.44609,43.727877],[4.446245,43.72579],[4.446655,43.724113],[4.446816,43.722012],[4.447396,43.721484],[4.448233,43.721255],[4.448723,43.721238],[4.449603,43.720719],[4.450152,43.718919],[4.451476,43.716317],[4.452595,43.715339],[4.45432,43.714054],[4.454398,43.71384],[4.456505,43.712187],[4.456556,43.71227],[4.457733,43.711439],[4.4623,43.70961],[4.463871,43.708833],[4.463905,43.708998],[4.464321,43.7089],[4.464353,43.708962],[4.470027,43.706415],[4.469801,43.706123],[4.47053,43.705808],[4.474214,43.704295],[4.474995,43.704238],[4.475085,43.704052],[4.475048,43.703809],[4.47795,43.702728],[4.478325,43.701878],[4.479767,43.702024],[4.481447,43.701343],[4.481509,43.700554],[4.483302,43.700569],[4.482851,43.699449],[4.484827,43.69993],[4.486027,43.698856],[4.485558,43.698626],[4.484408,43.697679],[4.482858,43.696111],[4.480751,43.693726],[4.479892,43.692376],[4.478654,43.690776],[4.477706,43.688932],[4.476937,43.687742],[4.475909,43.685481],[4.475665,43.684483],[4.475631,43.683877],[4.475837,43.682444],[4.476474,43.681029],[4.477849,43.678456],[4.478477,43.676814],[4.478652,43.676087],[4.478619,43.67483],[4.478414,43.674199],[4.477646,43.672844],[4.47686,43.672068],[4.475808,43.671329],[4.474387,43.670757],[4.472787,43.670317],[4.469157,43.669549],[4.466561,43.669282],[4.464156,43.669157],[4.459069,43.668387],[4.457882,43.668037],[4.454934,43.6669],[4.453201,43.665946],[4.452761,43.665498],[4.451458,43.664581],[4.450804,43.663894],[4.448711,43.660462],[4.447025,43.658693],[4.443852,43.65312],[4.443191,43.652477],[4.440559,43.648886],[4.439997,43.647673],[4.439328,43.646705],[4.437182,43.642049],[4.436472,43.638703],[4.435125,43.634957],[4.434728,43.634086],[4.432765,43.631147],[4.43214,43.630369],[4.431238,43.629529],[4.427766,43.627054],[4.427377,43.626645],[4.426308,43.625001],[4.426196,43.623848],[4.426215,43.622765],[4.426548,43.621839],[4.427597,43.620347],[4.429701,43.618142],[4.432469,43.615768],[4.438186,43.611556],[4.439899,43.610768],[4.44292,43.610044],[4.44459,43.609947],[4.446824,43.610111],[4.45111,43.610707],[4.453905,43.611306],[4.45493,43.611569],[4.456778,43.612199],[4.458928,43.613204],[4.461639,43.614643],[4.462393,43.614956],[4.464012,43.615366],[4.464489,43.61542],[4.466055,43.615306],[4.466761,43.615199],[4.468301,43.614776],[4.469608,43.614119],[4.471848,43.61248],[4.47254,43.611866],[4.474145,43.610172],[4.474673,43.609376],[4.475085,43.608394],[4.475254,43.607235],[4.474962,43.605636],[4.474487,43.604473],[4.473691,43.603526],[4.473242,43.60316],[4.468699,43.600513],[4.467706,43.599707],[4.466944,43.598907],[4.465621,43.597219],[4.464362,43.594671],[4.462312,43.591175],[4.461925,43.590595],[4.460327,43.588943],[4.458547,43.587561],[4.456357,43.5862],[4.454427,43.585142],[4.452484,43.584282],[4.449737,43.583601],[4.447957,43.58328],[4.446767,43.583099],[4.4452,43.583081],[4.442516,43.583335],[4.440872,43.583639],[4.438945,43.584059],[4.437296,43.584601],[4.435069,43.585186],[4.431592,43.585739],[4.4303,43.585803],[4.42799,43.585691],[4.426141,43.585434],[4.424734,43.584976],[4.423201,43.584326],[4.42187,43.58351],[4.420157,43.582767],[4.415142,43.579763],[4.412978,43.578644],[4.410525,43.577582],[4.407107,43.575896],[4.404418,43.574379],[4.403546,43.573745],[4.402976,43.573188],[4.402833,43.572564],[4.403203,43.572255],[4.40365,43.57213],[4.404792,43.572013],[4.405927,43.572001],[4.406331,43.572062],[4.406698,43.572249],[4.407955,43.57257],[4.410534,43.572848],[4.411899,43.572941],[4.41326,43.572932],[4.41444,43.572793],[4.415491,43.572462],[4.415902,43.572175],[4.416546,43.571537],[4.416732,43.571101],[4.416754,43.569609],[4.416609,43.568529],[4.415951,43.566911],[4.415145,43.565797],[4.413946,43.564663],[4.410925,43.562192],[4.408784,43.560819],[4.407083,43.560012],[4.40663,43.559919],[4.405953,43.559573],[4.404882,43.559351],[4.403311,43.559253],[4.400848,43.559541],[4.398011,43.560536],[4.394571,43.561169],[4.390734,43.562223],[4.388768,43.562548],[4.387707,43.562427],[4.387418,43.562308],[4.387127,43.561836],[4.387115,43.560642],[4.386896,43.559546],[4.386406,43.558047],[4.38553,43.556517],[4.384715,43.555498],[4.383335,43.554154],[4.382414,43.553426],[4.380922,43.552596],[4.37991,43.552174],[4.377667,43.551578],[4.376144,43.551064],[4.369432,43.548321],[4.366813,43.54753],[4.365046,43.547155],[4.362364,43.546923],[4.360017,43.546928],[4.353628,43.547335],[4.352388,43.547291],[4.350933,43.547014],[4.35034,43.546637],[4.349929,43.546084],[4.349186,43.543861],[4.348916,43.542587],[4.347347,43.542177],[4.345224,43.540659],[4.342419,43.539007],[4.33838,43.537048],[4.335951,43.536048],[4.335595,43.536341],[4.334311,43.535394],[4.332552,43.535464],[4.331426,43.535761],[4.327302,43.538031],[4.325392,43.539215],[4.321465,43.54112],[4.318615,43.542678],[4.316524,43.544129],[4.315956,43.545127],[4.315742,43.54599],[4.315777,43.546996],[4.3162,43.547901],[4.317013,43.548679],[4.317714,43.549204],[4.321688,43.551405],[4.322359,43.55197],[4.322821,43.552574],[4.32301,43.553041],[4.323052,43.553629],[4.322816,43.554299],[4.321403,43.555739],[4.319242,43.557021],[4.318487,43.557279],[4.31816,43.557027],[4.317641,43.556793],[4.313896,43.555618],[4.313996,43.555407],[4.31439,43.555031],[4.317034,43.553577],[4.317296,43.553074],[4.317029,43.551966],[4.316202,43.551383],[4.315857,43.551224],[4.314998,43.551023],[4.313933,43.551017],[4.312574,43.551365],[4.311717,43.55138],[4.311284,43.551276],[4.309618,43.549687],[4.307942,43.547816],[4.307677,43.547151],[4.307654,43.546684],[4.307833,43.545419],[4.308443,43.544539],[4.310145,43.542701],[4.313084,43.539147],[4.316315,43.534568],[4.31699,43.533822],[4.318253,43.532632],[4.322404,43.530598],[4.322688,43.530379],[4.32382,43.528886],[4.324691,43.528239],[4.32202,43.526287],[4.320403,43.525477],[4.319407,43.525199],[4.317091,43.52476],[4.315321,43.524582],[4.314282,43.524606],[4.310808,43.525167],[4.310423,43.525174],[4.30965,43.525002],[4.309245,43.524801],[4.308681,43.524356],[4.307091,43.522477],[4.30642,43.521804],[4.30587,43.521328],[4.303838,43.519915],[4.301543,43.517914],[4.297502,43.515174],[4.296495,43.514717],[4.294537,43.514194],[4.290456,43.513739],[4.288384,43.513421],[4.287621,43.513194],[4.281859,43.511012],[4.276721,43.509224],[4.275609,43.508865],[4.272605,43.508115],[4.270248,43.507911],[4.266032,43.507982],[4.263808,43.508081],[4.263039,43.508192],[4.26071,43.508085],[4.259222,43.50778],[4.258449,43.50746],[4.255632,43.505751],[4.254449,43.505141],[4.245836,43.501835],[4.244917,43.501733],[4.244356,43.501553],[4.241071,43.499762],[4.239743,43.499199]]]}},{"type":"Feature","properties":{"nom":"48 communes du territoire d'intervention","usage":"emprise de collecte des données sources (PPRI, études, LiDAR…)","source":"PAPI 3 Vistre, tome I, p. 8"},"geometry":{"type":"Polygon","coordinates":[[[4.239743,43.499199],[4.23954,43.499048],[4.238093,43.49729],[4.238031,43.497075],[4.237316,43.49718],[4.236824,43.497371],[4.235717,43.497159],[4.231656,43.497248],[4.227998,43.497185],[4.220715,43.496602],[4.217124,43.49602],[4.215003,43.496078],[4.214523,43.495911],[4.213974,43.495863],[4.212415,43.495918],[4.208039,43.496651],[4.206602,43.497079],[4.204816,43.497743],[4.202681,43.498693],[4.200377,43.500202],[4.199267,43.501218],[4.198071,43.502744],[4.198044,43.503129],[4.197864,43.503317],[4.197881,43.503771],[4.197738,43.503854],[4.197113,43.503935],[4.196437,43.504624],[4.1956,43.505223],[4.195253,43.505568],[4.194571,43.506559],[4.1927,43.507686],[4.191513,43.508223],[4.191294,43.50845],[4.19056,43.509668],[4.190202,43.50998],[4.189636,43.510288],[4.189289,43.51073],[4.188986,43.511585],[4.188217,43.511525],[4.188109,43.511671],[4.188265,43.511944],[4.187925,43.512275],[4.18593,43.515189],[4.18551,43.515403],[4.183001,43.517869],[4.182487,43.518167],[4.180166,43.518823],[4.1801,43.518894],[4.17841,43.521491],[4.178247,43.526341],[4.177436,43.528984],[4.177284,43.530281],[4.176992,43.530448],[4.176302,43.531305],[4.175449,43.532942],[4.174762,43.534725],[4.173579,43.53622],[4.172877,43.537501],[4.17106,43.538805],[4.170706,43.539211],[4.165542,43.545944],[4.16478,43.54773],[4.163082,43.549292],[4.160567,43.548222],[4.150738,43.557105],[4.150363,43.557346],[4.144005,43.559728],[4.139128,43.56293],[4.135139,43.562642],[4.134277,43.56307],[4.130747,43.564405],[4.128616,43.564879],[4.125424,43.56537],[4.123667,43.565816],[4.119086,43.567714],[4.113289,43.569312],[4.109028,43.568744],[4.108116,43.570197],[4.107437,43.57087],[4.103332,43.574771],[4.102376,43.575524],[4.096077,43.581409],[4.095612,43.581679],[4.092579,43.582974],[4.080503,43.590087],[4.075035,43.588418],[4.074695,43.588556],[4.077095,43.589467],[4.080895,43.590748],[4.084679,43.591934],[4.085194,43.591967],[4.085947,43.591814],[4.088064,43.590876],[4.095041,43.587067],[4.098079,43.585277],[4.098625,43.585114],[4.10153,43.585319],[4.10336,43.585142],[4.104902,43.585505],[4.119029,43.588276],[4.122579,43.588818],[4.124491,43.589019],[4.125266,43.588988],[4.126717,43.588704],[4.12759,43.588365],[4.129704,43.587243],[4.130628,43.586861],[4.132706,43.586524],[4.143034,43.585144],[4.145104,43.584978],[4.146393,43.584985],[4.150241,43.585445],[4.150657,43.586702],[4.15064,43.587449],[4.150248,43.589872],[4.14973,43.594554],[4.149333,43.597133],[4.149587,43.597893],[4.149853,43.598186],[4.1558,43.599659],[4.156192,43.599859],[4.165602,43.606808],[4.167692,43.608114],[4.168324,43.608635],[4.172738,43.614395],[4.175897,43.618843],[4.177509,43.620948],[4.178414,43.622336],[4.179165,43.623066],[4.180077,43.62467],[4.183332,43.628513],[4.185425,43.631533],[4.186098,43.632727],[4.187019,43.633818],[4.188244,43.635928],[4.189017,43.636691],[4.18997,43.638079],[4.191523,43.639787],[4.193679,43.641849],[4.193777,43.642095],[4.19374,43.642376],[4.193373,43.643009],[4.192526,43.643551],[4.191994,43.644022],[4.192068,43.644896],[4.19199,43.645327],[4.190939,43.646632],[4.190813,43.647707],[4.191073,43.648726],[4.191423,43.649347],[4.192777,43.650276],[4.193441,43.650891],[4.193855,43.65209],[4.194411,43.653227],[4.194528,43.653668],[4.194504,43.654201],[4.19427,43.654451],[4.192537,43.655003],[4.191528,43.655575],[4.190499,43.656539],[4.189424,43.657932],[4.188815,43.659023],[4.18771,43.659935],[4.187254,43.660641],[4.186712,43.661968],[4.186552,43.662563],[4.186592,43.663444],[4.186321,43.664342],[4.185689,43.665287],[4.185073,43.665884],[4.184621,43.666468],[4.184113,43.666739],[4.182946,43.666897],[4.181753,43.667332],[4.181423,43.667524],[4.181122,43.667829],[4.180809,43.668366],[4.180695,43.668881],[4.180803,43.670689],[4.180645,43.671253],[4.180102,43.67154],[4.178041,43.671895],[4.177409,43.672278],[4.177371,43.672519],[4.1775,43.672881],[4.178948,43.674322],[4.179246,43.674772],[4.179321,43.675242],[4.179046,43.675773],[4.178786,43.676017],[4.178142,43.67639],[4.17701,43.676612],[4.17498,43.676719],[4.174219,43.677104],[4.173864,43.677404],[4.172845,43.679251],[4.171924,43.68044],[4.171451,43.680874],[4.170634,43.681296],[4.169562,43.681989],[4.168486,43.682837],[4.167212,43.684413],[4.163895,43.686373],[4.163241,43.68684],[4.16297,43.687285],[4.162802,43.68786],[4.162959,43.688806],[4.163253,43.689615],[4.16379,43.690348],[4.164231,43.691229],[4.16436,43.691733],[4.164375,43.692535],[4.164172,43.69302],[4.163457,43.694066],[4.163497,43.694322],[4.164135,43.695112],[4.164209,43.695667],[4.166056,43.697288],[4.166397,43.697807],[4.166613,43.698467],[4.166492,43.699695],[4.165922,43.700367],[4.16389,43.701942],[4.163541,43.702395],[4.163409,43.703],[4.16366,43.706079],[4.163643,43.706666],[4.163446,43.707012],[4.161861,43.708058],[4.159467,43.710592],[4.158736,43.711262],[4.15749,43.71223],[4.155204,43.713661],[4.153772,43.714871],[4.153285,43.715352],[4.151457,43.717959],[4.151199,43.719001],[4.151302,43.720735],[4.151264,43.721904],[4.15115,43.722378],[4.150788,43.722997],[4.150273,43.723531],[4.147953,43.72477],[4.146899,43.725498],[4.146366,43.726017],[4.146042,43.726766],[4.145788,43.728316],[4.145089,43.730967],[4.144957,43.732151],[4.144997,43.733161],[4.143861,43.735564],[4.14288,43.736854],[4.142413,43.737393],[4.141101,43.738229],[4.139359,43.739105],[4.138777,43.739302],[4.135457,43.740151],[4.134314,43.740375],[4.132056,43.74063],[4.129468,43.740688],[4.12849,43.740607],[4.126912,43.740247],[4.125654,43.739824],[4.125079,43.739537],[4.124399,43.739142],[4.123494,43.738457],[4.122524,43.737201],[4.122262,43.736971],[4.121934,43.736844],[4.120675,43.736839],[4.118688,43.737076],[4.117982,43.737081],[4.117268,43.73693],[4.116385,43.736935],[4.115879,43.737009],[4.11481,43.737385],[4.113771,43.737994],[4.112455,43.739079],[4.111605,43.740105],[4.113059,43.740797],[4.11339,43.740733],[4.113653,43.741059],[4.113719,43.74129],[4.117043,43.743345],[4.120421,43.745268],[4.121999,43.746539],[4.120072,43.74831],[4.120749,43.749083],[4.121706,43.750557],[4.124224,43.754724],[4.12665,43.759508],[4.128261,43.759502],[4.129594,43.761559],[4.133718,43.763855],[4.13669,43.76657],[4.138102,43.766829],[4.138546,43.766715],[4.139413,43.767044],[4.139833,43.767398],[4.143364,43.767838],[4.142825,43.768333],[4.142518,43.768463],[4.141825,43.769023],[4.141035,43.769475],[4.140784,43.769971],[4.140779,43.770357],[4.140295,43.770389],[4.13923,43.77077],[4.138965,43.771238],[4.138597,43.772865],[4.137469,43.772719],[4.136776,43.772736],[4.136598,43.773221],[4.136261,43.774974],[4.137188,43.774717],[4.137063,43.77635],[4.137451,43.776703],[4.137534,43.77748],[4.137348,43.777934],[4.137101,43.778129],[4.137125,43.779302],[4.137439,43.779586],[4.13692,43.77988],[4.137053,43.779991],[4.137753,43.781417],[4.138708,43.783818],[4.138706,43.784941],[4.139894,43.785152],[4.146719,43.791859],[4.147081,43.793421],[4.147394,43.794317],[4.143773,43.799618],[4.144364,43.800166],[4.144412,43.800362],[4.14392,43.802031],[4.144046,43.802257],[4.144375,43.802503],[4.144667,43.802871],[4.144729,43.803998],[4.145087,43.804716],[4.145801,43.805559],[4.146073,43.805767],[4.146585,43.805984],[4.147126,43.806044],[4.147847,43.806014],[4.148745,43.805842],[4.150288,43.805393],[4.151175,43.805008],[4.151659,43.807038],[4.151579,43.807197],[4.151239,43.813982],[4.153446,43.815539],[4.157584,43.816076],[4.157609,43.82055],[4.15844,43.82956],[4.160572,43.83218],[4.160732,43.832569],[4.161748,43.833348],[4.164788,43.835407],[4.172937,43.840858],[4.177576,43.84386],[4.182549,43.848443],[4.183807,43.851282],[4.18629,43.85821],[4.194838,43.858582],[4.193991,43.856351],[4.195445,43.854187],[4.200024,43.850079],[4.200643,43.849245],[4.200817,43.848812],[4.203729,43.850389],[4.207756,43.852308],[4.208072,43.85256],[4.208719,43.852428],[4.209235,43.852642],[4.209655,43.852923],[4.209862,43.852895],[4.209988,43.852971],[4.210238,43.853302],[4.21044,43.854402],[4.210656,43.854603],[4.210763,43.85507],[4.211131,43.855612],[4.2114,43.856511],[4.211527,43.857391],[4.211135,43.85797],[4.209902,43.85875],[4.209742,43.859059],[4.210047,43.85956],[4.210545,43.86005],[4.211257,43.860603],[4.212437,43.861067],[4.212512,43.861133],[4.212336,43.861224],[4.217536,43.860315],[4.219833,43.860028],[4.2219,43.859874],[4.227216,43.85989],[4.234955,43.858168],[4.237477,43.85736],[4.239432,43.857035],[4.237963,43.857722],[4.237658,43.858525],[4.237655,43.858831],[4.238022,43.859455],[4.237757,43.861349],[4.236939,43.862639],[4.236922,43.8629],[4.236565,43.863401],[4.236775,43.863775],[4.236382,43.863931],[4.23581,43.865325],[4.235795,43.865473],[4.236346,43.86559],[4.236453,43.866263],[4.236424,43.867334],[4.236605,43.867538],[4.236908,43.868567],[4.236316,43.868631],[4.236153,43.869885],[4.236359,43.870627],[4.236343,43.87169],[4.236451,43.871886],[4.236787,43.874354],[4.237287,43.874418],[4.238146,43.874944],[4.241241,43.876445],[4.242028,43.876998],[4.242896,43.880636],[4.243135,43.881101],[4.243455,43.881448],[4.24425,43.882766],[4.247541,43.886322],[4.248177,43.88763],[4.249253,43.889206],[4.248927,43.89092],[4.2482,43.89245],[4.24897,43.894257],[4.25221,43.894845],[4.256339,43.895759],[4.258325,43.896989],[4.26017,43.899778],[4.265844,43.900226],[4.267547,43.901027],[4.267931,43.901662],[4.267809,43.902325],[4.268224,43.902908],[4.268542,43.903942],[4.268806,43.90431],[4.268943,43.905075],[4.268943,43.905792],[4.269727,43.907476],[4.270384,43.908292],[4.270644,43.908076],[4.274123,43.906645],[4.276659,43.90646],[4.27764,43.906013],[4.278843,43.905892],[4.279654,43.905905],[4.280695,43.905532],[4.283795,43.90472],[4.284932,43.904771],[4.284997,43.907966],[4.289105,43.904958],[4.29134,43.904141],[4.300286,43.901205],[4.304475,43.899501],[4.306886,43.899119],[4.308794,43.898603],[4.310081,43.898432],[4.313153,43.897454],[4.323614,43.89497],[4.329566,43.89539],[4.330213,43.895738],[4.331009,43.895814],[4.331955,43.896391],[4.332523,43.896475],[4.333909,43.896355],[4.334244,43.89657],[4.334405,43.896872],[4.334873,43.897281],[4.335238,43.897416],[4.335424,43.897646],[4.336594,43.897276],[4.338244,43.897025],[4.339156,43.896973],[4.339501,43.896785],[4.339543,43.897111],[4.339884,43.897715],[4.34028,43.898124],[4.340315,43.898604],[4.340818,43.899214],[4.341295,43.89939],[4.34202,43.900076],[4.342691,43.901014],[4.342725,43.901906],[4.342063,43.904131],[4.341298,43.904557],[4.341488,43.906577],[4.345067,43.908414],[4.345855,43.907944],[4.347237,43.907649],[4.347638,43.907483],[4.349393,43.907424],[4.350367,43.907246],[4.352022,43.90714],[4.354124,43.907258],[4.354635,43.90678],[4.355157,43.906509],[4.355873,43.905725],[4.355987,43.905775],[4.357016,43.907666],[4.358574,43.907254],[4.35891,43.907305],[4.360303,43.907041],[4.36151,43.906907],[4.362276,43.906551],[4.363302,43.906293],[4.364256,43.90619],[4.365113,43.905958],[4.366612,43.905751],[4.368369,43.905619],[4.370709,43.905189],[4.371147,43.904974],[4.371531,43.904903],[4.372497,43.904951],[4.373815,43.904804],[4.374859,43.904854],[4.377216,43.904818],[4.378171,43.904679],[4.378632,43.904483],[4.379315,43.903776],[4.380233,43.903559],[4.381722,43.903483],[4.382576,43.903599],[4.383765,43.903576],[4.385431,43.903272],[4.387391,43.90275],[4.388218,43.90264],[4.388531,43.902646],[4.389535,43.902926],[4.389924,43.902973],[4.390494,43.902918],[4.391507,43.903083],[4.393668,43.902894],[4.395609,43.902632],[4.396006,43.902809],[4.394211,43.904214],[4.393041,43.904674],[4.391353,43.90777],[4.391315,43.90808],[4.389912,43.910306],[4.386735,43.912206],[4.379311,43.915957],[4.376295,43.917112],[4.376342,43.918004],[4.382395,43.917562],[4.384485,43.917753],[4.386008,43.917729],[4.38695,43.91764],[4.387766,43.919035],[4.388766,43.920002],[4.390046,43.920946],[4.39048,43.921462],[4.391049,43.922875],[4.39387,43.922688],[4.393822,43.921619],[4.394238,43.9207],[4.394682,43.920509],[4.396561,43.920466],[4.396813,43.920768],[4.397302,43.920915],[4.39795,43.921442],[4.398107,43.921603],[4.398296,43.922094],[4.398705,43.922469],[4.398732,43.922789],[4.398539,43.92322],[4.398529,43.923545],[4.398351,43.923794],[4.398318,43.92467],[4.399103,43.925479],[4.399674,43.925698],[4.400257,43.92574],[4.400922,43.925896],[4.401125,43.926],[4.401554,43.926462],[4.401812,43.926598],[4.402025,43.92684],[4.40215,43.927255],[4.402176,43.927661],[4.401964,43.927928],[4.401967,43.928117],[4.402191,43.92858],[4.402366,43.928669],[4.403431,43.928682],[4.403622,43.92837],[4.40408,43.928199],[4.405491,43.928312],[4.405899,43.92845],[4.406653,43.928433],[4.406912,43.92852],[4.407198,43.928763],[4.407239,43.929594],[4.407365,43.929779],[4.407556,43.929928],[4.408739,43.930268],[4.408784,43.930478],[4.408525,43.930804],[4.408435,43.931266],[4.408766,43.932178],[4.40844,43.932581],[4.408338,43.932957],[4.410214,43.932644],[4.412095,43.932126],[4.413142,43.931596],[4.414073,43.931664],[4.413688,43.929959],[4.414165,43.929525],[4.415145,43.92962],[4.415823,43.929962],[4.416437,43.929981],[4.417031,43.930358],[4.418036,43.930031],[4.41907,43.930387],[4.419468,43.931366],[4.420709,43.93108],[4.424586,43.931235],[4.434238,43.930613],[4.437633,43.929594],[4.438252,43.929491],[4.443863,43.929519],[4.447883,43.929705],[4.452123,43.929229],[4.453135,43.929213],[4.455711,43.92957],[4.457902,43.930253],[4.461484,43.92967],[4.4659,43.929227],[4.470565,43.929115],[4.471701,43.927564],[4.475251,43.923398],[4.477269,43.920523],[4.477828,43.920002],[4.48106,43.91914],[4.485124,43.918309],[4.487852,43.918393],[4.48813,43.919001],[4.488908,43.921961],[4.488688,43.925305],[4.489142,43.926427],[4.490528,43.927793],[4.491021,43.92842],[4.492798,43.931468],[4.493434,43.93438],[4.493467,43.935376],[4.493805,43.935601],[4.493894,43.936598],[4.494467,43.937093],[4.494282,43.937939],[4.493768,43.938355],[4.494641,43.938813],[4.494722,43.939062],[4.494258,43.939925],[4.493998,43.940792],[4.494818,43.941],[4.495406,43.94152],[4.496291,43.941826],[4.496679,43.942956],[4.498549,43.943132],[4.500063,43.942022],[4.501041,43.941553],[4.503327,43.940788],[4.504573,43.939189],[4.507236,43.938557],[4.510468,43.936823],[4.511761,43.936438],[4.513516,43.936527],[4.514863,43.936355],[4.521432,43.937498],[4.523389,43.936096],[4.522255,43.931229],[4.522469,43.930312],[4.522158,43.92877],[4.521423,43.926105],[4.521403,43.924387],[4.521776,43.922601],[4.522542,43.921451],[4.522873,43.921387],[4.52384,43.920836],[4.525443,43.920301],[4.526996,43.919529],[4.52748,43.919378],[4.527612,43.919085],[4.528031,43.91875],[4.5285,43.918775],[4.528702,43.918689],[4.530415,43.91738],[4.5271,43.912979],[4.531846,43.912439],[4.54169,43.911593],[4.545058,43.917122],[4.548187,43.919071],[4.550267,43.920004],[4.554726,43.924086],[4.556836,43.926137],[4.558509,43.928351],[4.558792,43.929324],[4.559212,43.931699],[4.559113,43.932216],[4.558803,43.932907],[4.558593,43.933053],[4.558271,43.933634],[4.557569,43.934111],[4.557503,43.934317],[4.558486,43.934085],[4.558958,43.933835],[4.559219,43.933541],[4.559762,43.932577],[4.559918,43.932638],[4.560076,43.93259],[4.561604,43.931455],[4.562772,43.929372],[4.564261,43.927967],[4.564719,43.927402],[4.564976,43.926538],[4.5658,43.925353],[4.565971,43.924944],[4.570064,43.924599],[4.579194,43.924201],[4.578468,43.920972],[4.578558,43.920405],[4.578783,43.919704],[4.57946,43.918447],[4.579583,43.917498],[4.579833,43.9168],[4.581097,43.911495],[4.582998,43.902634],[4.593443,43.901973],[4.598286,43.902156],[4.603612,43.901633],[4.604246,43.900123],[4.604141,43.900038],[4.604855,43.898204],[4.606458,43.896926],[4.607289,43.895999],[4.607689,43.895287],[4.607623,43.894791],[4.607711,43.894395],[4.60796,43.893556],[4.608033,43.893579],[4.608422,43.892872],[4.608648,43.892213],[4.608794,43.890858],[4.608512,43.890366],[4.608185,43.89029],[4.607975,43.888739],[4.608085,43.888515],[4.610347,43.88756],[4.610319,43.887471],[4.612019,43.886844],[4.613509,43.886405],[4.616028,43.885384],[4.619186,43.884578],[4.622861,43.884654],[4.623629,43.881785],[4.624026,43.878808],[4.621027,43.878638],[4.615291,43.865578],[4.612396,43.862809],[4.60922,43.862747],[4.60912,43.862802],[4.60886,43.862746],[4.606799,43.862714],[4.606681,43.860959],[4.608662,43.861258],[4.609238,43.861264],[4.611151,43.860493],[4.612173,43.859932],[4.613082,43.859297],[4.612683,43.859004],[4.612932,43.858877],[4.61345,43.858277],[4.613892,43.857479],[4.613959,43.855655],[4.613617,43.8549],[4.612706,43.854148],[4.612687,43.853864],[4.612753,43.853689],[4.613253,43.853325],[4.614177,43.852929],[4.614198,43.852685],[4.614835,43.851966],[4.615214,43.851308],[4.615544,43.850954],[4.61553,43.850342],[4.615438,43.850248],[4.6155,43.85019],[4.615238,43.849579],[4.615316,43.849159],[4.614995,43.84866],[4.614053,43.848009],[4.613542,43.847895],[4.611996,43.847308],[4.611331,43.847211],[4.610841,43.846988],[4.610639,43.846608],[4.61059,43.845928],[4.612651,43.845094],[4.614686,43.844667],[4.616797,43.843912],[4.618507,43.843116],[4.619375,43.842403],[4.620024,43.842343],[4.620219,43.842176],[4.620192,43.841821],[4.62033,43.841687],[4.620491,43.841668],[4.620717,43.840753],[4.620549,43.840747],[4.620098,43.840542],[4.620808,43.839348],[4.621081,43.837431],[4.621835,43.83733],[4.626127,43.835967],[4.634551,43.836329],[4.636745,43.8354],[4.637385,43.834279],[4.638953,43.832737],[4.639466,43.832361],[4.640893,43.831945],[4.64136,43.83196],[4.642952,43.832263],[4.642332,43.831064],[4.642382,43.830301],[4.643724,43.827371],[4.644466,43.825419],[4.644798,43.825503],[4.645608,43.825482],[4.646177,43.825554],[4.646776,43.825509],[4.647176,43.8243],[4.647902,43.823287],[4.648076,43.821942],[4.649132,43.820925],[4.649238,43.820698],[4.651481,43.818235],[4.652103,43.81671],[4.652296,43.815823],[4.65305,43.814317],[4.653534,43.812949],[4.654637,43.808528],[4.655236,43.807493],[4.655258,43.807304],[4.654885,43.807087],[4.654567,43.806341],[4.654522,43.805159],[4.654379,43.805008],[4.654364,43.804689],[4.654538,43.804607],[4.654519,43.804118],[4.654636,43.804086],[4.65497,43.803496],[4.655012,43.802805],[4.654635,43.801039],[4.654656,43.800386],[4.654756,43.800332],[4.654637,43.798397],[4.654132,43.797619],[4.653949,43.797564],[4.653888,43.796751],[4.653585,43.796258],[4.653546,43.795199],[4.65346,43.79496],[4.653333,43.794872],[4.653514,43.794675],[4.653127,43.789057],[4.652917,43.789035],[4.652521,43.787303],[4.65234,43.787042],[4.652,43.786002],[4.652,43.7843],[4.651541,43.782689],[4.651572,43.782497],[4.651253,43.782113],[4.650993,43.782047],[4.650112,43.781188],[4.649325,43.780322],[4.649281,43.780054],[4.648839,43.779509],[4.647928,43.778701],[4.647547,43.778203],[4.645667,43.77683],[4.644195,43.775577],[4.643458,43.774884],[4.643042,43.774183],[4.64276,43.77393],[4.641414,43.773383],[4.639721,43.772415],[4.63961,43.771769],[4.639417,43.771389],[4.637053,43.769275],[4.636527,43.768672],[4.634911,43.767402],[4.633819,43.766346],[4.633574,43.765965],[4.633565,43.765699],[4.633026,43.764949],[4.632799,43.764416],[4.632537,43.764129],[4.631508,43.763508],[4.630137,43.762379],[4.629789,43.761774],[4.629435,43.76072],[4.629077,43.760061],[4.628274,43.757802],[4.628239,43.757238],[4.627929,43.756004],[4.626498,43.752334],[4.626356,43.751679],[4.625968,43.75069],[4.625624,43.748774],[4.624837,43.747098],[4.623689,43.744824],[4.620335,43.739611],[4.619953,43.739261],[4.618739,43.73777],[4.616015,43.734054],[4.614198,43.731215],[4.612708,43.727016],[4.612302,43.72474],[4.608804,43.724828],[4.607853,43.724877],[4.607546,43.724975],[4.60538,43.724737],[4.60242,43.724648],[4.596868,43.724794],[4.595385,43.724714],[4.595056,43.724814],[4.587738,43.724445],[4.586703,43.724339],[4.558159,43.72718],[4.532714,43.729958],[4.531415,43.729402],[4.527966,43.727648],[4.525529,43.727143],[4.517612,43.726379],[4.51633,43.726331],[4.513936,43.726332],[4.510969,43.727119],[4.505386,43.726817],[4.497091,43.725041],[4.496859,43.725357],[4.496233,43.725268],[4.496094,43.725119],[4.494529,43.724591],[4.493484,43.724124],[4.493069,43.724454],[4.4902,43.728634],[4.489995,43.728655],[4.485739,43.727209],[4.480941,43.734853],[4.480172,43.734702],[4.479705,43.734845],[4.479511,43.734968],[4.479052,43.735544],[4.478155,43.735135],[4.47736,43.734587],[4.47659,43.733783],[4.468562,43.721447],[4.467585,43.719794],[4.466861,43.71793],[4.465626,43.713637],[4.463905,43.708998],[4.464321,43.7089],[4.464353,43.708962],[4.470027,43.706415],[4.469801,43.706123],[4.47053,43.705808],[4.474214,43.704295],[4.474995,43.704238],[4.475085,43.704052],[4.475048,43.703809],[4.47795,43.702728],[4.478325,43.701878],[4.479767,43.702024],[4.481447,43.701343],[4.481509,43.700554],[4.483302,43.700569],[4.482851,43.699449],[4.484827,43.69993],[4.486027,43.698856],[4.485558,43.698626],[4.484408,43.697679],[4.482858,43.696111],[4.480751,43.693726],[4.479892,43.692376],[4.478654,43.690776],[4.477706,43.688932],[4.476937,43.687742],[4.475909,43.685481],[4.475665,43.684483],[4.475631,43.683877],[4.475754,43.682781],[4.47622,43.681544],[4.477849,43.678456],[4.478546,43.676607],[4.478671,43.675421],[4.478619,43.67483],[4.478414,43.674199],[4.477646,43.672844],[4.477152,43.672316],[4.475808,43.671329],[4.475059,43.670983],[4.472787,43.670317],[4.469157,43.669549],[4.466561,43.669282],[4.464156,43.669157],[4.459069,43.668387],[4.457882,43.668037],[4.454934,43.6669],[4.453201,43.665946],[4.452761,43.665498],[4.451458,43.664581],[4.450804,43.663894],[4.448711,43.660462],[4.447025,43.658693],[4.443852,43.65312],[4.443191,43.652477],[4.440559,43.648886],[4.439997,43.647673],[4.439328,43.646705],[4.437182,43.642049],[4.436472,43.638703],[4.435125,43.634957],[4.434728,43.634086],[4.432765,43.631147],[4.43214,43.630369],[4.431238,43.629529],[4.427766,43.627054],[4.427377,43.626645],[4.426308,43.625001],[4.426228,43.624425],[4.426215,43.622765],[4.426548,43.621839],[4.427597,43.620347],[4.429701,43.618142],[4.432469,43.615768],[4.435936,43.613258],[4.43768,43.611885],[4.438186,43.611556],[4.439899,43.610768],[4.440633,43.610552],[4.44292,43.610044],[4.44459,43.609947],[4.446824,43.610111],[4.45111,43.610707],[4.453905,43.611306],[4.455858,43.611868],[4.457415,43.612459],[4.460946,43.614312],[4.462393,43.614956],[4.463196,43.615187],[4.464489,43.61542],[4.466761,43.615199],[4.468301,43.614776],[4.469004,43.61447],[4.470383,43.613599],[4.47254,43.611866],[4.474145,43.610172],[4.474673,43.609376],[4.475085,43.608394],[4.475254,43.607235],[4.475222,43.606824],[4.474962,43.605636],[4.474487,43.604473],[4.473691,43.603526],[4.473242,43.60316],[4.468699,43.600513],[4.467706,43.599707],[4.466944,43.598907],[4.465621,43.597219],[4.464362,43.594671],[4.462312,43.591175],[4.461925,43.590595],[4.460909,43.589512],[4.459491,43.588247],[4.458547,43.587561],[4.456357,43.5862],[4.454427,43.585142],[4.452484,43.584282],[4.451561,43.584028],[4.449737,43.583601],[4.446767,43.583099],[4.4452,43.583081],[4.442516,43.583335],[4.438945,43.584059],[4.437296,43.584601],[4.435069,43.585186],[4.430961,43.585802],[4.42799,43.585691],[4.426535,43.585515],[4.425452,43.58524],[4.423977,43.584668],[4.423201,43.584326],[4.42187,43.58351],[4.420157,43.582767],[4.415142,43.579763],[4.412978,43.578644],[4.410525,43.577582],[4.407107,43.575896],[4.404418,43.574379],[4.403546,43.573745],[4.402976,43.573188],[4.402833,43.572564],[4.402941,43.572413],[4.403203,43.572255],[4.40365,43.57213],[4.404792,43.572013],[4.405927,43.572001],[4.406331,43.572062],[4.406698,43.572249],[4.407455,43.572479],[4.410534,43.572848],[4.412588,43.572958],[4.41444,43.572793],[4.415491,43.572462],[4.415902,43.572175],[4.416546,43.571537],[4.416732,43.571101],[4.416755,43.570738],[4.416754,43.569609],[4.416609,43.568529],[4.416253,43.567525],[4.415572,43.566377],[4.415145,43.565797],[4.414599,43.565257],[4.412905,43.563792],[4.410925,43.562192],[4.408784,43.560819],[4.407083,43.560012],[4.40663,43.559919],[4.405953,43.559573],[4.404882,43.559351],[4.403311,43.559253],[4.400848,43.559541],[4.398011,43.560536],[4.394571,43.561169],[4.390734,43.562223],[4.388768,43.562548],[4.387707,43.562427],[4.387418,43.562308],[4.387127,43.561836],[4.387115,43.560642],[4.386896,43.559546],[4.386406,43.558047],[4.38553,43.556517],[4.384715,43.555498],[4.383335,43.554154],[4.382414,43.553426],[4.380922,43.552596],[4.37991,43.552174],[4.377667,43.551578],[4.376144,43.551064],[4.369432,43.548321],[4.366813,43.54753],[4.365046,43.547155],[4.362364,43.546923],[4.360017,43.546928],[4.353628,43.547335],[4.352388,43.547291],[4.350933,43.547014],[4.35034,43.546637],[4.349929,43.546084],[4.349186,43.543861],[4.348916,43.542587],[4.347347,43.542177],[4.345224,43.540659],[4.342419,43.539007],[4.33838,43.537048],[4.335951,43.536048],[4.335595,43.536341],[4.334311,43.535394],[4.332552,43.535464],[4.331426,43.535761],[4.327302,43.538031],[4.325392,43.539215],[4.321465,43.54112],[4.318615,43.542678],[4.316524,43.544129],[4.315956,43.545127],[4.315742,43.54599],[4.315777,43.546996],[4.3162,43.547901],[4.317013,43.548679],[4.317714,43.549204],[4.321688,43.551405],[4.322359,43.55197],[4.322821,43.552574],[4.32301,43.553041],[4.323052,43.553629],[4.322816,43.554299],[4.321403,43.555739],[4.319242,43.557021],[4.318487,43.557279],[4.31816,43.557027],[4.317641,43.556793],[4.313896,43.555618],[4.313996,43.555407],[4.31439,43.555031],[4.317034,43.553577],[4.317296,43.553074],[4.317029,43.551966],[4.316202,43.551383],[4.315857,43.551224],[4.314998,43.551023],[4.313933,43.551017],[4.312574,43.551365],[4.311717,43.55138],[4.311284,43.551276],[4.309618,43.549687],[4.307942,43.547816],[4.307677,43.547151],[4.307654,43.546684],[4.307833,43.545419],[4.308443,43.544539],[4.310145,43.542701],[4.313084,43.539147],[4.316315,43.534568],[4.31699,43.533822],[4.318253,43.532632],[4.322404,43.530598],[4.322688,43.530379],[4.32382,43.528886],[4.324691,43.528239],[4.32202,43.526287],[4.320403,43.525477],[4.319407,43.525199],[4.317091,43.52476],[4.315321,43.524582],[4.314282,43.524606],[4.310808,43.525167],[4.310423,43.525174],[4.30965,43.525002],[4.309245,43.524801],[4.308681,43.524356],[4.307091,43.522477],[4.30642,43.521804],[4.30587,43.521328],[4.303838,43.519915],[4.301543,43.517914],[4.297502,43.515174],[4.296495,43.514717],[4.294537,43.514194],[4.290456,43.513739],[4.288384,43.513421],[4.287621,43.513194],[4.281859,43.511012],[4.276721,43.509224],[4.275609,43.508865],[4.272605,43.508115],[4.270248,43.507911],[4.266032,43.507982],[4.263808,43.508081],[4.263039,43.508192],[4.26071,43.508085],[4.259222,43.50778],[4.258449,43.50746],[4.255632,43.505751],[4.254449,43.505141],[4.245836,43.501835],[4.244917,43.501733],[4.244356,43.501553],[4.241071,43.499762],[4.239743,43.499199]]]}},{"type":"Feature","properties":{"nom":"Périmètre hydrographique (SAGE06027)","usage":"territoire de compétence : cartographie des aléas (CCTP § 1.3, § 2.1.2)","source":"Gest'eau (WFS OIEau), arrêté du 14/04/2020 — à confirmer par l'EPTB"},"geometry":{"type":"Polygon","coordinates":[[[4.267903,43.857324],[4.266972,43.858386],[4.267054,43.859378],[4.268009,43.860445],[4.272529,43.862316],[4.274071,43.862824],[4.27596,43.862774],[4.276374,43.862899],[4.276508,43.863288],[4.27629,43.863895],[4.276631,43.863888],[4.277049,43.863737],[4.277711,43.863781],[4.278434,43.863562],[4.279933,43.862746],[4.282185,43.862506],[4.285157,43.861016],[4.285854,43.860297],[4.286523,43.859995],[4.28781,43.859788],[4.288645,43.859991],[4.289956,43.862912],[4.290026,43.863633],[4.289756,43.864283],[4.289805,43.864977],[4.290742,43.865935],[4.29225,43.866207],[4.294794,43.866085],[4.297646,43.865699],[4.299427,43.865691],[4.300489,43.86623],[4.300936,43.866853],[4.301002,43.86757],[4.301252,43.868277],[4.301002,43.869041],[4.300161,43.869958],[4.298578,43.871048],[4.298436,43.871608],[4.298854,43.872075],[4.300812,43.872224],[4.301431,43.872788],[4.302128,43.874122],[4.302351,43.874765],[4.302199,43.875308],[4.302281,43.875671],[4.30288,43.875667],[4.304211,43.87493],[4.304898,43.874841],[4.30537,43.875484],[4.305567,43.877088],[4.305424,43.878649],[4.306957,43.881546],[4.307487,43.882029],[4.308991,43.882662],[4.309739,43.883505],[4.309844,43.884124],[4.30918,43.884996],[4.309316,43.885266],[4.309838,43.885282],[4.310741,43.884967],[4.31201,43.88475],[4.313331,43.88463],[4.314509,43.885446],[4.315128,43.886429],[4.3166,43.887321],[4.318347,43.886932],[4.319175,43.887007],[4.320702,43.886846],[4.322362,43.886337],[4.323611,43.885701],[4.324376,43.884857],[4.324419,43.884081],[4.324242,43.883423],[4.324672,43.883294],[4.32953,43.883299],[4.330714,43.883174],[4.331804,43.882983],[4.333333,43.882211],[4.334362,43.882439],[4.335236,43.882871],[4.336486,43.883684],[4.337113,43.883812],[4.339627,43.883098],[4.340837,43.882621],[4.343521,43.882298],[4.34463,43.881553],[4.346059,43.879681],[4.348018,43.879379],[4.350451,43.878718],[4.355016,43.877969],[4.357373,43.877904],[4.358037,43.878056],[4.358234,43.878518],[4.357998,43.880152],[4.358289,43.880592],[4.360522,43.881313],[4.361133,43.88187],[4.361648,43.882656],[4.363045,43.883703],[4.364162,43.88491],[4.364444,43.885756],[4.366261,43.886451],[4.367409,43.887088],[4.368296,43.887462],[4.369399,43.887694],[4.371865,43.887868],[4.37365,43.887882],[4.375525,43.888031],[4.377663,43.888301],[4.379067,43.88867],[4.380883,43.888931],[4.382611,43.889296],[4.384211,43.889801],[4.384915,43.890572],[4.384983,43.891531],[4.384773,43.892628],[4.384523,43.893352],[4.383913,43.893948],[4.383557,43.895589],[4.383001,43.896157],[4.383089,43.896504],[4.383992,43.896974],[4.385257,43.897967],[4.386019,43.898735],[4.386508,43.899027],[4.386934,43.898972],[4.387894,43.897881],[4.388812,43.897479],[4.389867,43.89737],[4.390797,43.897469],[4.394273,43.898514],[4.395564,43.89882],[4.39715,43.898637],[4.399028,43.898237],[4.400197,43.898141],[4.401465,43.898234],[4.403784,43.898264],[4.40631,43.897939],[4.408779,43.89775],[4.411216,43.897659],[4.41332,43.898325],[4.415343,43.899736],[4.416503,43.899824],[4.418687,43.899492],[4.420174,43.899436],[4.422515,43.900255],[4.42398,43.901127],[4.424245,43.901409],[4.423817,43.902587],[4.423864,43.903251],[4.425833,43.904668],[4.427222,43.906943],[4.429673,43.908783],[4.430314,43.911783],[4.430286,43.912369],[4.430656,43.912532],[4.432098,43.911926],[4.432844,43.911925],[4.4337,43.912603],[4.43443,43.912679],[4.436258,43.912327],[4.441504,43.913007],[4.442831,43.913492],[4.443337,43.914133],[4.443701,43.914173],[4.444493,43.914039],[4.445645,43.914265],[4.44634,43.915122],[4.446464,43.919],[4.446618,43.919388],[4.446994,43.919464],[4.447377,43.919299],[4.44752,43.9188],[4.44747,43.918239],[4.447587,43.917013],[4.447885,43.915733],[4.448773,43.914326],[4.449503,43.913928],[4.450568,43.913756],[4.453561,43.914431],[4.454758,43.915858],[4.455392,43.916023],[4.455973,43.915764],[4.4565,43.915217],[4.457102,43.914803],[4.457645,43.914817],[4.459949,43.916921],[4.460371,43.917408],[4.461098,43.917673],[4.462061,43.920018],[4.462927,43.92303],[4.464233,43.922646],[4.465634,43.922546],[4.466771,43.922609],[4.467506,43.922949],[4.468057,43.922939],[4.468309,43.922709],[4.468433,43.922261],[4.468924,43.921357],[4.469451,43.920654],[4.470324,43.920446],[4.475282,43.920705],[4.477263,43.92088],[4.478153,43.92087],[4.481732,43.920314],[4.483173,43.917673],[4.484064,43.917176],[4.484971,43.917529],[4.48522,43.918396],[4.485289,43.920007],[4.485832,43.920374],[4.486441,43.920502],[4.487588,43.920489],[4.488486,43.920664],[4.489262,43.921046],[4.490389,43.921432],[4.491282,43.921414],[4.492694,43.920868],[4.49535,43.92019],[4.496574,43.919995],[4.498401,43.918706],[4.499654,43.917586],[4.500368,43.91739],[4.502812,43.917108],[4.504104,43.917383],[4.506385,43.918168],[4.507726,43.918505],[4.50929,43.918089],[4.511645,43.918095],[4.511912,43.9179],[4.512725,43.916777],[4.514145,43.915259],[4.515725,43.914368],[4.517452,43.913551],[4.51976,43.911857],[4.520557,43.911662],[4.521146,43.911689],[4.521786,43.91191],[4.522997,43.912799],[4.523252,43.912636],[4.523287,43.912429],[4.522912,43.911155],[4.522927,43.909918],[4.523928,43.908056],[4.523774,43.90515],[4.523178,43.904431],[4.521606,43.901691],[4.522843,43.90169],[4.525351,43.903928],[4.526411,43.90471],[4.527248,43.904833],[4.528753,43.905206],[4.530149,43.906063],[4.531178,43.905292],[4.530855,43.902194],[4.531958,43.901371],[4.534798,43.900353],[4.537919,43.901385],[4.543529,43.901945],[4.544816,43.901514],[4.546077,43.900412],[4.546676,43.899446],[4.546706,43.897436],[4.546425,43.896358],[4.545728,43.895453],[4.545086,43.894101],[4.54507,43.893673],[4.545608,43.893148],[4.5462,43.893982],[4.547994,43.897006],[4.548163,43.898749],[4.546895,43.90228],[4.546833,43.903488],[4.547341,43.904156],[4.547729,43.904516],[4.54899,43.904776],[4.549256,43.903153],[4.54997,43.9029],[4.551255,43.903779],[4.553932,43.903965],[4.554202,43.903385],[4.554643,43.9029],[4.554561,43.902474],[4.554142,43.901864],[4.554436,43.900953],[4.554835,43.900502],[4.552717,43.899085],[4.553816,43.898477],[4.553988,43.897917],[4.555283,43.897665],[4.555587,43.895908],[4.55469,43.895666],[4.553948,43.895205],[4.553859,43.894596],[4.55552,43.893317],[4.556408,43.89249],[4.556911,43.891861],[4.556716,43.89144],[4.556218,43.890971],[4.555199,43.891849],[4.554374,43.890961],[4.55312,43.890843],[4.553616,43.890072],[4.554805,43.890191],[4.554509,43.88934],[4.555358,43.88918],[4.554669,43.888385],[4.554915,43.887951],[4.556142,43.887355],[4.557092,43.886385],[4.557317,43.885428],[4.556752,43.88444],[4.555301,43.883792],[4.553417,43.883271],[4.552895,43.881711],[4.553474,43.881366],[4.555589,43.881631],[4.557805,43.881182],[4.558433,43.880313],[4.558541,43.879692],[4.557488,43.877822],[4.557995,43.877515],[4.5597,43.877237],[4.560786,43.876613],[4.561942,43.875815],[4.56261,43.875216],[4.564203,43.873374],[4.565254,43.873035],[4.567121,43.871833],[4.567747,43.871176],[4.568676,43.871394],[4.569359,43.871922],[4.569577,43.872566],[4.570118,43.872935],[4.57154,43.872287],[4.572909,43.872253],[4.573951,43.870346],[4.573841,43.868909],[4.573548,43.868153],[4.572797,43.867455],[4.572326,43.866878],[4.572493,43.866414],[4.573006,43.866071],[4.574717,43.866155],[4.576155,43.865863],[4.577109,43.865432],[4.577218,43.864461],[4.575566,43.864257],[4.574064,43.863744],[4.574452,43.862709],[4.573832,43.862008],[4.574883,43.860273],[4.572675,43.857655],[4.571207,43.857114],[4.570212,43.856896],[4.566711,43.856623],[4.566222,43.855789],[4.566311,43.854692],[4.566954,43.854346],[4.567731,43.854177],[4.569985,43.854669],[4.572418,43.855024],[4.574141,43.854816],[4.575832,43.854306],[4.577247,43.855181],[4.578224,43.854743],[4.579236,43.855006],[4.57994,43.856169],[4.579896,43.857064],[4.579396,43.857992],[4.579371,43.858446],[4.580458,43.858594],[4.582977,43.858178],[4.583696,43.856556],[4.584261,43.855797],[4.585176,43.855584],[4.585972,43.855137],[4.585339,43.854574],[4.584533,43.854375],[4.585448,43.852589],[4.586433,43.851764],[4.587063,43.851854],[4.587735,43.852224],[4.588395,43.851905],[4.587754,43.851126],[4.585264,43.849501],[4.58481,43.848705],[4.585232,43.848301],[4.587052,43.848422],[4.590144,43.849103],[4.591471,43.848938],[4.593424,43.848459],[4.595399,43.848146],[4.596393,43.84757],[4.596249,43.847087],[4.594455,43.847634],[4.59307,43.847822],[4.590393,43.847809],[4.587779,43.847398],[4.586792,43.846988],[4.584827,43.845649],[4.584314,43.845273],[4.582138,43.843257],[4.580653,43.842132],[4.579118,43.84128],[4.577375,43.841135],[4.576236,43.841226],[4.57462,43.841906],[4.573925,43.842543],[4.572783,43.842951],[4.572006,43.842707],[4.570006,43.839576],[4.567222,43.836009],[4.56647,43.835583],[4.564235,43.835663],[4.562918,43.835599],[4.561331,43.835043],[4.56055,43.834662],[4.560444,43.834394],[4.560447,43.832841],[4.559714,43.832086],[4.55863,43.831983],[4.557271,43.832442],[4.556075,43.832669],[4.554909,43.832456],[4.552061,43.830838],[4.551465,43.829174],[4.551816,43.828136],[4.552024,43.826263],[4.552081,43.822909],[4.551914,43.820217],[4.553473,43.81766],[4.553571,43.816593],[4.553885,43.816201],[4.554858,43.815875],[4.555481,43.815829],[4.555608,43.815068],[4.555981,43.814596],[4.556695,43.814864],[4.557403,43.81537],[4.558657,43.815621],[4.561348,43.814667],[4.562424,43.813761],[4.563321,43.811908],[4.563279,43.810437],[4.563736,43.809737],[4.564728,43.810305],[4.565013,43.810787],[4.566164,43.811035],[4.566909,43.810884],[4.567371,43.811089],[4.567089,43.81148],[4.565767,43.81205],[4.565144,43.812947],[4.56526,43.8135],[4.565873,43.813974],[4.56639,43.814008],[4.567207,43.813697],[4.568159,43.813632],[4.568812,43.813947],[4.569913,43.814083],[4.572586,43.813655],[4.574334,43.81355],[4.57564,43.813761],[4.576978,43.813575],[4.578757,43.813063],[4.580013,43.813196],[4.58115,43.814282],[4.581988,43.815295],[4.583156,43.815962],[4.584819,43.816471],[4.586012,43.816571],[4.587204,43.817045],[4.589708,43.819065],[4.590056,43.820746],[4.590751,43.821705],[4.591207,43.822546],[4.591458,43.823356],[4.5914,43.823856],[4.592898,43.824549],[4.59467,43.824659],[4.595944,43.824044],[4.596829,43.824275],[4.596321,43.824863],[4.596291,43.825294],[4.598015,43.826153],[4.602597,43.826511],[4.604305,43.826576],[4.604977,43.824988],[4.60634,43.825027],[4.608886,43.824545],[4.610078,43.824632],[4.61139,43.824571],[4.611842,43.823746],[4.610754,43.822353],[4.606151,43.818349],[4.605044,43.816855],[4.604563,43.815777],[4.603431,43.814453],[4.602031,43.81387],[4.600939,43.813146],[4.601229,43.812189],[4.601086,43.811738],[4.600116,43.811725],[4.59538,43.809048],[4.59304,43.80801],[4.591111,43.807483],[4.591065,43.804347],[4.592717,43.803429],[4.594504,43.802747],[4.595857,43.802538],[4.597416,43.802822],[4.597767,43.802192],[4.598059,43.800906],[4.597259,43.799246],[4.596326,43.798598],[4.59474,43.797645],[4.591733,43.796745],[4.58556,43.795638],[4.582456,43.793845],[4.579379,43.793525],[4.576363,43.792793],[4.574937,43.792302],[4.573222,43.792021],[4.569207,43.792126],[4.566796,43.792017],[4.564466,43.7916],[4.563372,43.791237],[4.562463,43.790372],[4.561484,43.789317],[4.560907,43.788559],[4.559276,43.786847],[4.556515,43.784186],[4.553889,43.783379],[4.551954,43.782671],[4.550599,43.782008],[4.550297,43.78147],[4.549932,43.779722],[4.549319,43.778817],[4.545282,43.77711],[4.543659,43.77677],[4.542547,43.77669],[4.542118,43.77611],[4.542122,43.775419],[4.541949,43.774584],[4.540679,43.772062],[4.536645,43.769199],[4.529268,43.764705],[4.528441,43.76394],[4.527752,43.762664],[4.527449,43.761707],[4.523395,43.753782],[4.522706,43.752131],[4.521427,43.751363],[4.519191,43.750921],[4.509808,43.75026],[4.507101,43.747699],[4.504085,43.746842],[4.500316,43.744289],[4.498131,43.742668],[4.492591,43.739947],[4.489328,43.73957],[4.487325,43.739078],[4.485961,43.738924],[4.481868,43.73768],[4.478147,43.736757],[4.4767,43.736479],[4.475451,43.735643],[4.474199,43.734343],[4.473842,43.732692],[4.473198,43.730546],[4.472013,43.728939],[4.470799,43.728226],[4.469885,43.727565],[4.469428,43.727053],[4.469092,43.725587],[4.465296,43.719298],[4.463964,43.713288],[4.463456,43.711825],[4.461497,43.709519],[4.461091,43.708655],[4.460294,43.706134],[4.459343,43.70407],[4.457914,43.701753],[4.456252,43.699452],[4.454959,43.698255],[4.452167,43.696203],[4.450047,43.694172],[4.448502,43.692503],[4.444677,43.687391],[4.44085,43.685178],[4.439562,43.684105],[4.4392,43.68359],[4.438865,43.682555],[4.429703,43.673571],[4.429156,43.672268],[4.429312,43.669694],[4.427467,43.666604],[4.426719,43.664943],[4.425908,43.662796],[4.425306,43.660849],[4.424068,43.658131],[4.420047,43.653102],[4.419685,43.653019],[4.419493,43.652864],[4.419456,43.652298],[4.419713,43.651648],[4.419876,43.650546],[4.419113,43.646734],[4.418223,43.644984],[4.417469,43.64399],[4.415924,43.642815],[4.413889,43.6403],[4.412828,43.639513],[4.410595,43.638495],[4.409817,43.63851],[4.409309,43.638689],[4.404971,43.638194],[4.40313,43.63815],[4.400623,43.639534],[4.399819,43.63972],[4.398035,43.639538],[4.396544,43.639692],[4.394706,43.640632],[4.392906,43.6413],[4.391817,43.641378],[4.390347,43.641259],[4.389356,43.641425],[4.388924,43.642021],[4.38906,43.643616],[4.387413,43.645516],[4.386013,43.647354],[4.386093,43.648711],[4.386719,43.650942],[4.388804,43.654695],[4.389321,43.655218],[4.389748,43.655822],[4.389964,43.656632],[4.389275,43.659137],[4.388373,43.659652],[4.386828,43.660043],[4.386031,43.660444],[4.384927,43.663171],[4.384303,43.664021],[4.383387,43.66457],[4.381709,43.664783],[4.38071,43.664734],[4.37884,43.66392],[4.377498,43.663062],[4.376186,43.662555],[4.371029,43.662289],[4.368611,43.661859],[4.366977,43.661086],[4.363238,43.660759],[4.358008,43.658876],[4.354899,43.657405],[4.354166,43.656535],[4.353606,43.65436],[4.351314,43.651742],[4.34766,43.649375],[4.340952,43.646657],[4.339046,43.646568],[4.33803,43.646949],[4.336601,43.647111],[4.326722,43.645074],[4.322825,43.644659],[4.320327,43.644116],[4.316217,43.643432],[4.310249,43.643111],[4.306761,43.642778],[4.304153,43.642666],[4.302382,43.642415],[4.300983,43.641626],[4.299338,43.640953],[4.293717,43.639799],[4.292033,43.639331],[4.288011,43.638463],[4.281656,43.6368],[4.280232,43.636191],[4.279307,43.635544],[4.281308,43.632758],[4.27451,43.629792],[4.266902,43.624442],[4.248754,43.611092],[4.248371,43.610714],[4.245638,43.608694],[4.24191,43.606262],[4.240191,43.604703],[4.237315,43.602784],[4.234106,43.600267],[4.228998,43.597026],[4.215655,43.58719],[4.210844,43.583414],[4.198904,43.574914],[4.190929,43.569319],[4.189001,43.56946],[4.184558,43.574505],[4.178564,43.58217],[4.176405,43.584368],[4.173171,43.585504],[4.170505,43.585765],[4.167533,43.585815],[4.164107,43.585549],[4.159204,43.585632],[4.153863,43.58523],[4.154062,43.58667],[4.153345,43.592835],[4.155446,43.59744],[4.160367,43.600577],[4.165053,43.603319],[4.16545,43.606523],[4.168456,43.6084],[4.180794,43.62553],[4.186318,43.632287],[4.189444,43.6378],[4.192782,43.64074],[4.194675,43.642097],[4.195233,43.643065],[4.192592,43.643955],[4.191483,43.646115],[4.190984,43.648906],[4.19339,43.650364],[4.194329,43.652061],[4.194406,43.654414],[4.192069,43.655097],[4.190083,43.657485],[4.188103,43.660088],[4.185912,43.665264],[4.184486,43.666787],[4.181854,43.667474],[4.180751,43.669848],[4.1808,43.671345],[4.177297,43.672476],[4.179745,43.675217],[4.178902,43.676516],[4.176845,43.676765],[4.173925,43.677671],[4.171662,43.680707],[4.167617,43.683345],[4.167953,43.684623],[4.162728,43.687281],[4.163078,43.688988],[4.164669,43.6926],[4.163263,43.694765],[4.165396,43.696869],[4.166651,43.699204],[4.16495,43.701374],[4.163242,43.703329],[4.163653,43.706962],[4.161328,43.708071],[4.158769,43.711111],[4.157643,43.712843],[4.155165,43.714949],[4.154523,43.71585],[4.153797,43.718267],[4.152694,43.720557],[4.152162,43.723768],[4.15288,43.733471],[4.153357,43.736176],[4.154765,43.740025],[4.156143,43.745633],[4.157191,43.751478],[4.158593,43.756123],[4.159193,43.758763],[4.159417,43.761088],[4.158487,43.765294],[4.157691,43.767139],[4.156909,43.768456],[4.156755,43.769346],[4.157023,43.770996],[4.156996,43.77204],[4.156753,43.77321],[4.156177,43.774683],[4.155912,43.777338],[4.154844,43.780296],[4.153641,43.78173],[4.153545,43.782474],[4.153781,43.783129],[4.156534,43.785919],[4.157381,43.786454],[4.159469,43.787046],[4.160148,43.787621],[4.16049,43.788199],[4.161023,43.791252],[4.16101,43.792043],[4.160655,43.792906],[4.159936,43.793777],[4.159036,43.79463],[4.158418,43.795623],[4.157728,43.79781],[4.157144,43.799317],[4.155845,43.800925],[4.154802,43.801933],[4.154272,43.803252],[4.15421,43.804523],[4.154747,43.805132],[4.156271,43.806248],[4.157088,43.806624],[4.158687,43.806761],[4.159719,43.806681],[4.162016,43.805689],[4.162726,43.805581],[4.163336,43.805757],[4.164223,43.805857],[4.165012,43.80585],[4.165949,43.80572],[4.16778,43.804327],[4.168386,43.804166],[4.168752,43.80429],[4.169129,43.804756],[4.169307,43.805463],[4.169343,43.806389],[4.168992,43.809971],[4.168682,43.81152],[4.168669,43.8128],[4.168989,43.81495],[4.169383,43.816652],[4.169165,43.818234],[4.168759,43.818957],[4.168136,43.821047],[4.168167,43.82183],[4.168824,43.823129],[4.168933,43.823869],[4.168787,43.826323],[4.168923,43.828223],[4.16936,43.829108],[4.171171,43.829606],[4.172229,43.829649],[4.173657,43.829002],[4.174594,43.828936],[4.175411,43.829053],[4.176355,43.83004],[4.176967,43.830879],[4.177299,43.831554],[4.177402,43.832108],[4.177428,43.833708],[4.177626,43.834597],[4.177985,43.835403],[4.178688,43.836542],[4.179311,43.836958],[4.180477,43.83726],[4.182273,43.837326],[4.184588,43.837752],[4.186489,43.838372],[4.188274,43.838465],[4.190006,43.838368],[4.191743,43.838509],[4.195454,43.837531],[4.200014,43.837664],[4.200677,43.837859],[4.202523,43.840411],[4.202861,43.841081],[4.203395,43.841547],[4.207635,43.842456],[4.211117,43.84236],[4.214652,43.842022],[4.222168,43.839496],[4.222679,43.839006],[4.223503,43.838724],[4.224375,43.838702],[4.22646,43.839213],[4.227615,43.839298],[4.231124,43.838581],[4.231804,43.83833],[4.232718,43.838204],[4.233611,43.838649],[4.234663,43.839476],[4.235885,43.839754],[4.236515,43.840185],[4.236696,43.840763],[4.237057,43.841437],[4.237712,43.841968],[4.238236,43.84384],[4.241431,43.844876],[4.243911,43.845463],[4.244654,43.845492],[4.246313,43.844892],[4.246745,43.845006],[4.246853,43.845424],[4.247325,43.845841],[4.249886,43.846491],[4.251556,43.847023],[4.252644,43.846989],[4.253745,43.846724],[4.254235,43.846418],[4.255434,43.846403],[4.256132,43.846638],[4.256806,43.847368],[4.257492,43.847561],[4.259434,43.847624],[4.262372,43.848393],[4.267481,43.847746],[4.268883,43.847892],[4.271126,43.848979],[4.272343,43.850267],[4.273152,43.852038],[4.273356,43.852846],[4.272699,43.85364],[4.271728,43.854242],[4.269829,43.854667],[4.269113,43.854933],[4.267903,43.857324]]]}}]}}