{"type":"FeatureCollection","features":[{"type":"Feature","geometry":{"type":"Polygon","coordinates":[[[4.1875068,43.5657137],[4.187541199999999,43.56573929999999],[4.1875621999999995,43.56573900000001],[4.1885585999999995,43.5652507],[4.1887475,43.56503990000001],[4.189038355798504,43.56468360786172],[4.188984066340016,43.56462659621032],[4.188981178430569,43.564626422232045],[4.188978192274261,43.56462602522952],[4.188975274010805,43.56462541730243],[4.188974042556308,43.56462506256308],[4.18890946886711,43.56465420623171],[4.188850915922285,43.564682621579124],[4.188850883433133,43.56468263730999],[4.188782369597403,43.56471573530601],[4.188710199130866,43.564751571902754],[4.18871008071142,43.56475163021923],[4.1886366090435905,43.56478751232465],[4.188558244264302,43.56482614736362],[4.188557804819009,43.56482635747022],[4.18846847052348,43.56486776348187],[4.188369367152053,43.564915573331895],[4.18836935042282,43.564915581393],[4.188260300898509,43.564968065918514],[4.1882600851555045,43.56496816819526],[4.1881640296705624,43.56501301742075],[4.188027309959203,43.565076852897974],[4.187912338663205,43.56513200341347],[4.18780465639093,43.56518531801215],[4.187804605204585,43.56518534326431],[4.187705377867681,43.56523412040876],[4.187705209925804,43.56523420199915],[4.187616987029716,43.56527655978561],[4.187616708959864,43.565276690716814],[4.187546952774831,43.56530889706926],[4.187496823343846,43.56533278893991],[4.187496721448506,43.56533283715741],[4.187457502883099,43.56535126293478],[4.187456562037462,43.565351676766944],[4.187429566697466,43.56536277010976],[4.187428984158639,43.56536299961835],[4.187411793460055,43.56536948651629],[4.1874106397487445,43.565369885837036],[4.187395886255018,43.56537454639248],[4.187393542291319,43.565375154556754],[4.187379720598423,43.5653779972277],[4.1874902,43.5656853],[4.1875068,43.5657137]]]},"properties":{"cle":"vivier:30003:006","id_pk":"30003:006","source":"vivier","id_source":"30003:006","insee":"30003","commune":"Aigues-Mortes","nom":null,"surf_m2":5415.1,"nb_pl_est":145,"nb_places":null,"nb_pl_reel":null,"stat_auto":"public","statut":null,"proprio":"commune","proprio_nm":null,"part_pub":1.0,"acces_osm":null,"payant":null,"sud_canal":null,"avis_ia":"candidat","motif_ia":"Aigues-Mortes : grande esplanade nue au pied des remparts, contiguë aux parkings existants","emprise":"estimee","note_emprise":null,"parcelles":["AE10","AE6"],"a_verif":false,"motif_ver":null}},{"type":"Feature","geometry":{"type":"MultiPolygon","coordinates":[[[[4.195399899999999,43.57152649999999],[4.195710199999999,43.57194399999998],[4.196059705684131,43.57180254019664],[4.196059223221008,43.57180196665029],[4.195993025655403,43.57171361063455],[4.1959919629028954,43.57171200833796],[4.195991122928445,43.57171033757864],[4.19599051394047,43.571708614683665],[4.195990141890132,43.57170685648957],[4.195990010413173,43.57170508017789],[4.195990120794398,43.571703303107135],[4.195990471955111,43.57170154264331],[4.195991060463663,43.57169981599009],[4.195991880568985,43.57169814002072],[4.1959929242567915,43.57169653111321],[4.1959941813278965,43.571695004990154],[4.195995639497883,43.57169357656524],[4.195997284517153,43.57169225979734],[4.195999100310173,43.571691067554205],[4.196001069132577,43.57169001148676],[4.1960031717445565,43.57168910191513],[4.196003506643879,43.571688972889746],[4.195773399999999,43.57137889999999],[4.195399899999999,43.57152649999999]],[[4.1956030922233305,43.57170129846348],[4.195603691945459,43.571699548572106],[4.195604529550943,43.57169785111233],[4.195605596627283,43.571696223132605],[4.195606882457303,43.571694680983484],[4.1956083741267785,43.57169324015354],[4.195610056654146,43.5716919151137],[4.195611913140962,43.57169071917196],[4.195613924941639,43.571689664339765],[4.195616071850695,43.571688761211256],[4.195727826964335,43.57164703752009],[4.19572825840963,43.571646895120374],[4.195728679862947,43.571646733979584],[4.1958577201288385,43.57160302012798],[4.195859980192791,43.5716023510001],[4.1958623198998675,43.571601846946756],[4.195864716504769,43.57160151286797],[4.195867146709069,43.57160135201151],[4.195869586887708,43.57160136594117],[4.195872013318668,43.57160155452146],[4.19587440241357,43.57160191591916],[4.195876730946995,43.571602446620915],[4.1958789762822715,43.57160314146764],[4.195881116591526,43.57160399370432],[4.195883131067886,43.571604995046066],[4.195885000127755,43.57160613575838],[4.195886705601188,43.57160740475196],[4.195888230908527,43.57160878969028],[4.1958895612215885,43.571610277109826],[4.196010276334499,43.571761022220855],[4.196011410718085,43.5717626167698],[4.196012320938288,43.57176428556409],[4.196012997935959,43.571766011994754],[4.196013434973135,43.57176777887919],[4.1960136277001014,43.57176956863214],[4.196013574198685,43.57177136344078],[4.196013275001347,43.57177314544192],[4.196012733085879,43.571774896899875],[4.196011953845773,43.57177660038293],[4.196010945036544,43.57177823893688],[4.196009716698534,43.57177979625366],[4.196008281056991,43.57178125683386],[4.196006652400394,43.571782606140665],[4.1960048469382425,43.57178383074496],[4.196002882639732,43.571784918458555],[4.196000779054911,43.57178585845579],[4.195870669806816,43.57183768289662],[4.195870316082421,43.571837807792285],[4.195869984416064,43.57183794583916],[4.1957594476436215,43.57187875641435],[4.1957572852326335,43.57187946222682],[4.195755039874639,43.57188001440085],[4.195752732164279,43.57188040787186],[4.195750383268108,43.571880639030915],[4.195748014730435,43.571880705757756],[4.195745648275723,43.571880607440384],[4.195743305609339,43.571880344980556],[4.195741008218447,43.57187992078561],[4.195738777174951,43.57187933874629],[4.195736632942198,43.57187860420111],[4.195734595187306,43.5718777238874],[4.195732682600758,43.571876705879504],[4.19573091272498,43.57187555951466],[4.195729301793435,43.57187429530743],[4.195727864581739,43.57187292485328],[4.195726614272121,43.57187146072215],[4.195605749778815,43.57171351813983],[4.195604653959547,43.57171190028507],[4.1956037863618105,43.57171021080771],[4.195603155699292,43.57170846667598],[4.195602768306015,43.571706685407065],[4.1956026280727405,43.57170488489109],[4.195602736407873,43.57170308321152],[4.1956030922233305,43.57170129846348]]],[[[4.195131099999999,43.571572199999984],[4.195999804955871,43.57122793337578],[4.195998481514893,43.57122818180323],[4.19598039077005,43.57123022345274],[4.195962111402572,43.57123095945711],[4.1959438212239855,43.57123038265692],[4.195925698150989,43.57122849866295],[4.19590791847473,43.571225325801656],[4.195890655145925,43.571220894936864],[4.195712654823641,43.571167894816966],[4.195696297843627,43.57116233444585],[4.195680761294077,43.57115564486199],[4.1956661921912835,43.57114788936641],[4.195652728396786,43.57113914134646],[4.19564049731284,43.5711294835814],[4.195629614676856,43.571119007458925],[4.195620183466225,43.5711078121106],[4.195612292923911,43.57109600347355],[4.195606017713992,43.57108369328823],[4.195601417215185,43.57107099804092],[4.195595685047056,43.57105134468107],[4.1952296577401595,43.5709040553721],[4.195229148358325,43.57090470393452],[4.195227731552157,43.57090615380434],[4.1951803747955765,43.5709498677661],[4.195178824048008,43.57095116640772],[4.1951771098761075,43.570952351481004],[4.195175247937326,43.57095341216135],[4.1951732552388314,43.57095433876037],[4.19517114998218,43.570955122814404],[4.19516895139704,43.570955757161805],[4.195166679565564,43.57095623600833],[4.195164355238946,43.570956554980185],[4.195161999647874,43.570956711163795],[4.195159634308617,43.57095670313261],[4.1951572808264785,43.57095653095993],[4.1951549606984635,43.57095619621842],[4.195152695116912,43.570955701965694],[4.195150504775928,43.570955052716265],[4.19514840968236,43.57095425440049],[4.195145275641108,43.57095291767334],[4.194761400000001,43.5713061],[4.195131099999999,43.571572199999984]]]]},"properties":{"cle":"vivier:30003:008","id_pk":"30003:008","source":"vivier","id_source":"30003:008","insee":"30003","commune":"Aigues-Mortes","nom":null,"surf_m2":4745.2,"nb_pl_est":126,"nb_places":null,"nb_pl_reel":null,"stat_auto":"public","statut":null,"proprio":"commune","proprio_nm":null,"part_pub":1.0,"acces_osm":null,"payant":null,"sud_canal":null,"avis_ia":"candidat","motif_ia":"Aigues-Mortes : cour avec véhicules au nord du cimetière ; les sépultures sont exclues","emprise":"estimee","note_emprise":null,"parcelles":["AS35","AS37"],"a_verif":false,"motif_ver":null}},{"type":"Feature","geometry":{"type":"Polygon","coordinates":[[[4.1852451,43.565652899999996],[4.184876799999999,43.565615900000005],[4.184850672327657,43.56529464884059],[4.184791411784523,43.56528827573729],[4.184835709549651,43.56561485747991],[4.184841547559416,43.56563413346592],[4.184855722119702,43.56567204587785],[4.184877035145848,43.56570789281987],[4.18490574036031,43.56574382659269],[4.184937888875993,43.56577605436959],[4.184977102944179,43.56580459027194],[4.185019996763561,43.56582791308112],[4.185057959195984,43.56584450339707],[4.185078914198425,43.56585079698514],[4.185410181764072,43.56592797849104],[4.185517167331475,43.56594761856882],[4.1855099754958625,43.565921378698505],[4.185509789589561,43.565920691099116],[4.185502660652965,43.565893957269765],[4.1854544,43.565853600000004],[4.185500035737515,43.56584812932934],[4.185501779771852,43.56583934640945],[4.185505984345955,43.565826803714344],[4.185511817791384,43.56581461052318],[4.1855192267301895,43.56580287840552],[4.185528143368537,43.56579171471201],[4.185538486117048,43.56578122159198],[4.18555016033739,43.565771495058954],[4.185563059208235,43.565762624112004],[4.185577064702709,43.56575468992141],[4.1855920486683535,43.56574776508598],[4.185607873999725,43.565741912968825],[4.185624395892935,43.56573718711747],[4.185641463170582,43.565733630774],[4.185898462615173,43.565689630878694],[4.185916973087471,43.56568717425265],[4.1859357304982145,43.5656860930374],[4.185954542066664,43.56568639834519],[4.185973214455487,43.56568808703818],[4.185991020325727,43.565691052585215],[4.185939376342173,43.56557930755243],[4.185703193122225,43.5651262343994],[4.185672,43.565081000000006],[4.185611385323564,43.56501713645784],[4.185571822660148,43.56498921936714],[4.185535846611717,43.5649809335615],[4.1855003729651274,43.56498796200749],[4.18548587442097,43.564997276794216],[4.185373900000001,43.565333200000005],[4.185324250685489,43.56532719665429],[4.185292577433406,43.56551263136691],[4.1852921573859305,43.56551438012973],[4.18529150241671,43.565516090287296],[4.185290618900093,43.5655177451958],[4.18528951543472,43.56551932874913],[4.185288202759851,43.56552082553565],[4.185286693650835,43.56552222098821],[4.185285002794791,43.56552350152572],[4.185283146647657,43.56552465468569],[4.185281143274038,43.56552566924512],[4.185279012171404,43.565526535330015],[4.185276774080319,43.56552724451136],[4.185274450782605,43.56552778988719],[4.185272064889336,43.56552816614972],[4.185270857224213,43.56552826747644],[4.1852451,43.565652899999996]],[[4.1856580115721,43.565259055326415],[4.185660224877191,43.56525975414929],[4.185662334066727,43.56526060638909],[4.185664319088256,43.565261603943505],[4.185666161069812,43.565262737328524],[4.185667842499331,43.5652639957689],[4.18566934739115,43.5652653673004],[4.185670661437968,43.56526683888363],[4.1856717721468915,43.56526839652796],[4.185672668958185,43.565270025424574],[4.185673343345679,43.56527171008728],[4.185673788897828,43.56527343449966],[4.185674001378662,43.565275182267406],[4.185675987858767,43.56531182410253],[4.185679184891419,43.56534755309495],[4.185679222519981,43.56534933928573],[4.185679016407999,43.56535111938788],[4.185678568586708,43.565352875858295],[4.185677883469412,43.565354591386786],[4.185676967807999,43.56535624906662],[4.185675830626396,43.56535783256116],[4.185674483131637,43.56535932626492],[4.1856729386034175,43.56536071545727],[4.185671212263232,43.565361986447556],[4.1856693211243465,43.56536312671],[4.185667283824143,43.565364125007214],[4.18566512044045,43.565364971500856],[4.185662852293656,43.56536565784861],[4.185660501736612,43.56536617728648],[4.185658091934331,43.565366524695314],[4.1856556466357,43.56536669665134],[4.185577739520531,43.56536934700416],[4.1855753391202635,43.565369343918],[4.18557295042336,43.56536917174009],[4.185570595904055,43.56536883209045],[4.185568297715022,43.5653683281646],[4.185566077478942,43.565367664703864],[4.185563956085068,43.56536684795039],[4.185561953492689,43.56536588558869],[4.185560088543337,43.56536478667321],[4.185558378783516,43.56536356154319],[4.185556840299614,43.565362221725344],[4.185555487566557,43.56536077982544],[4.185554333311616,43.565359249409696],[4.185553388394664,43.56535764487718],[4.185552661706001,43.56535598132419],[4.185552160082707,43.56535427440242],[4.185551888244321,43.565352540171524],[4.185549877008387,43.56533006270349],[4.185549750094205,43.56532999040157],[4.185547974896543,43.56532875377643],[4.185546377190272,43.56532739517982],[4.185544972742099,43.56532592801888],[4.185543775411584,43.565324366771996],[4.185542797014378,43.56532272684611],[4.185542047205621,43.565321024424605],[4.185541533384662,43.56531927630752],[4.18554126062204,43.56531749974589],[4.185537987400895,43.565278842209956],[4.18553795915243,43.56527704023416],[4.185538178905803,43.56527524523992],[4.185538644457086,43.56527347522918],[4.185539351137235,43.565271747953474],[4.185540291858925,43.56527008073564],[4.185541457187631,43.56526849029623],[4.185542835436241,43.56526699258575],[4.185544412782274,43.56526560262478],[4.1855461734065,43.56526433435321],[4.185548099651596,43.56526320049058],[4.185550172199228,43.56526221240841],[4.185552370263799,43.56526138001614],[4.185554671800903,43.56526071166188],[4.18555705372841,43.56526021404855],[4.185559492157956,43.56525989216667],[4.185561962634521,43.56525974924444],[4.185648548638012,43.565257903978214],[4.185650961127822,43.565257938140675],[4.185653357574216,43.56525814298521],[4.1856557151937475,43.56525851656438],[4.1856580115721,43.565259055326415]],[[4.185389368816253,43.56571479380903],[4.185387144732806,43.56571409038237],[4.185385026025144,43.56571323202598],[4.185383033043667,43.56571222698439],[4.185381184931152,43.56571108491117],[4.185379499438896,43.56570981677602],[4.185377992756208,43.56570843475952],[4.1853766793549125,43.565706952136054],[4.185375571850339,43.56570538314641],[4.185374680880162,43.565703742860826],[4.185374015002217,43.56570204703446],[4.185373580612302,43.565700311955865],[4.1853470459233,43.565553927091514],[4.185346846983686,43.565552164752866],[4.18534688687462,43.56555039672505],[4.18534716521089,43.56554864008022],[4.185347679304847,43.565546911780594],[4.1853484241923695,43.56554522851465],[4.1853493926807745,43.5655436065361],[4.185350575418292,43.565542061506804],[4.1853519609843595,43.5655406083456],[4.185353535999892,43.565539261084275],[4.185355285256487,43.565538032732],[4.185357191863262,43.5655369351498],[4.185359237409964,43.56553597893593],[4.185361402144731,43.565535173323646],[4.185363665164828,43.56553452609193],[4.185366004618471,43.56553404349048],[4.185368397915835,43.56553373017932],[4.185573422508037,43.56551439477241],[4.185575840110439,43.565514253916284],[4.185578265064014,43.56551428581962],[4.185580674076874,43.56551449017596],[4.185583044010249,43.56551486502242],[4.185585352100731,43.56551540675863],[4.185587576178909,43.56551611018111],[4.185589694882325,43.56551696853344],[4.185591687860643,43.56551797357108],[4.18559353597113,43.56551911564061],[4.185595221462515,43.56552038377226],[4.185596728145496,43.56552176578556],[4.185598041548238,43.565523248406144],[4.185599149055376,43.56552481739335],[4.185600040029189,43.56552645767685],[4.185600705911774,43.565528153501624],[4.185601140307251,43.56552988857911],[4.185627675632954,43.565676273378934],[4.185627874581618,43.56567803571723],[4.185627834699247,43.565679803745276],[4.18562755637093,43.565681560391006],[4.18562704228419,43.56568328869213],[4.1856262974030445,43.565684971960124],[4.185625328920078,43.56568659394131],[4.185624146186976,43.56568813897375],[4.185622760624237,43.56568959213856],[4.1856211856108985,43.565690939403936],[4.185619436355333,43.56569216776064],[4.185617529748416,43.565693265347555],[4.1856154842004125,43.56569422156638],[4.185613319463213,43.56569502718384],[4.185611056439606,43.56569567442084],[4.185608716981436,43.565696157027624],[4.1856063236786145,43.56569647034411],[4.1854012984473385,43.56571580581561],[4.185398880836022,43.56571594666785],[4.185396455874031,43.56571591476051],[4.185394046853375,43.56571571040007],[4.185391676912944,43.565715335549406],[4.185389368816253,43.56571479380903]]]},"properties":{"cle":"vivier:30003:011","id_pk":"30003:011","source":"vivier","id_source":"30003:011","insee":"30003","commune":"Aigues-Mortes","nom":null,"surf_m2":3789.9,"nb_pl_est":100,"nb_places":null,"nb_pl_reel":null,"stat_auto":"public","statut":null,"proprio":"commune","proprio_nm":null,"part_pub":1.0,"acces_osm":null,"payant":null,"sud_canal":null,"avis_ia":"a_verifier","motif_ia":"Aigues-Mortes : terre-plein portuaire, stationnement mêlé au stockage de bateaux","emprise":"estimee","note_emprise":null,"parcelles":["AH38","AH39"],"a_verif":true,"motif_ver":"Aigues-Mortes : terre-plein portuaire, stationnement mêlé au stockage de bateaux"}},{"type":"Feature","geometry":{"type":"Polygon","coordinates":[[[4.184385100000001,43.57369520000002],[4.184657596905365,43.57355095953443],[4.1846486905292455,43.57354104435261],[4.184640130607388,43.573529040622084],[4.184633265633493,43.57351647441239],[4.184628164510386,43.57350347185097],[4.184624878436953,43.57349016344489],[4.184623440394305,43.573476682770846],[4.184623864814786,43.5734631651345],[4.1846261474371795,43.57344974621246],[4.1846302653495195,43.57343656069036],[4.184636177219117,43.57342374091116],[4.184643823707457,43.57341141554675],[4.184653128065829,43.57339970830653],[4.184663996905681,43.57338873669567],[4.184676321135993,43.57337861083586],[4.184689977058242,43.57336943235988],[4.184704827607962,43.57336129339168],[4.184917827384039,43.57325629360413],[4.1849329031767235,43.57324960014874],[4.1849370182429775,43.57324814371707],[4.184869544724874,43.57319397271457],[4.184830091724567,43.5732529687823],[4.184719010203051,43.57321219691325],[4.184699145599439,43.57320490570046],[4.184819188524878,43.57302452625111],[4.184943316859632,43.57306467475558],[4.1849433168594885,43.573064674755685],[4.184953753618899,43.573068050448825],[4.184869551884886,43.57319396200784],[4.184937052450474,43.5732481316101],[4.184948785786123,43.5732439788685],[4.184965331386993,43.57323948066688],[4.1849823901504895,43.57323614627739],[4.18499980760092,43.573234005894555],[4.185017426014562,43.57323307890063],[4.1850350858479155,43.573233373689966],[4.185052627182411,43.573234887593124],[4.185069891172521,43.57323760690097],[4.185086721484159,43.57324150698877],[4.185102965710333,43.573246552539366],[4.185118476751243,43.57325269786273],[4.1851331141463275,43.573259887309874],[4.185146745346185,43.57326805577673],[4.185159246912877,43.57327712929362],[4.185282127760333,43.57337523558537],[4.1854149969722485,43.57326787966843],[4.185414477694751,43.57326809935256],[4.185412234907513,43.573268842018365],[4.185409901654819,43.57326941883858],[4.185407501069884,43.5732698240943],[4.185405056953495,43.573270053767565],[4.185402593538039,43.573270105581265],[4.1854001352472405,43.573269979021724],[4.185397706454022,43.57326967534368],[4.185395331238843,43.573269197558],[4.1853381144934225,43.573255424515054],[4.185335867295355,43.573254793801055],[4.185333715068294,43.5732540072495],[4.1853316781983505,43.57325307231074],[4.185329775978948,43.57325199784055],[4.185328026428098,43.57325079401645],[4.1853264461177035,43.57324947224121],[4.185325050016608,43.57324804503477],[4.185323851348806,43.57324652591576],[4.185322861468178,43.57324492927348],[4.185322089750948,43.573243270231416],[4.185322009003033,43.57324301808422],[4.185318718957688,43.57324230200507],[4.18531639257947,43.5732417022595],[4.185314159932341,43.573240937026085],[4.185312043221297,43.57324001391545],[4.185310063498277,43.57323894210856],[4.18530824045279,43.573237732265106],[4.185306592216091,43.57323639641771],[4.185305135180856,43.57323494785219],[4.185303883838146,43.57323340097535],[4.185302850633282,43.57323177117182],[4.1853020458420795,43.57323007465094],[4.185301477468637,43.57322832828562],[4.185301151165739,43.57322654944449],[4.185301070178641,43.573224755819155],[4.185301235312778,43.57322296524827],[4.185301644925778,43.57322119554012],[4.185330610358433,43.57312549544959],[4.185331334630085,43.57312360190298],[4.185332338608832,43.57312177707831],[4.185333610318221,43.57312004274394],[4.185347320110581,43.573103579638286],[4.1854145268485485,43.573022875731354],[4.185415927008532,43.57302137137858],[4.185417528625066,43.57301997731659],[4.1854193153791766,43.57301870774951],[4.1854212690655155,43.573017575613065],[4.185423369777862,43.57301659244266],[4.1854255961119335,43.57301576825581],[4.1854279253834905,43.57301511145026],[4.18543033385946,43.57301462871823],[4.1854327969997565,43.57301432497827],[4.185435289707309,43.57301420332522],[4.18543778658379,43.573014264998605],[4.1854402621884,43.57301450937004],[4.185442691297072,43.573014933949615],[4.185445049159489,43.57301553441124],[4.185447311751264,43.5730163046368],[4.1855333966705395,43.573049559138845],[4.185535504729198,43.57305047370837],[4.185537477808473,43.57305153561009],[4.185539296498226,43.5730527343976],[4.185540942907118,43.573054058277826],[4.1855424008386155,43.57305549422714],[4.185543655950326,43.57305702811938],[4.185544695895087,43.57305864486495],[4.185545510442441,43.57306032855908],[4.185546091579268,43.573062062638506],[4.1855464335886206,43.573063830044205],[4.1855465331059625,43.57306561338939],[4.185546389152272,43.57306739513035],[4.185546003143668,43.57306915773928],[4.185545378877487,43.57307088387653],[4.185538289044917,43.57308715854766],[4.185537469306702,43.57308876892561],[4.18553644218706,43.57309031516484],[4.185535217038436,43.57309178318605],[4.185533805016438,43.573093159622154],[4.185532218978253,43.57309443193993],[4.185530473365583,43.57309558855431],[4.1855285840731415,43.57309661893365],[4.185526568303923,43.57309751369585],[4.185524444412565,43.57309826469361],[4.185522231738215,43.57309886508871],[4.185521924208036,43.57309892498568],[4.185520663514075,43.573100215713396],[4.185519022296926,43.573101580893564],[4.185517200456576,43.57310281906333],[4.185515216489407,43.57310391765206],[4.185515202196177,43.573103924024686],[4.1855460787433,43.57311607795001],[4.185548136744185,43.57311698476216],[4.185550063894079,43.5731180325979],[4.185551841974859,43.57311921155163],[4.185553454177606,43.57312051047823],[4.185554885261519,43.57312191709844],[4.185556121697973,43.57312341811489],[4.185557151798423,43.57312499933792],[4.185557965824902,43.57312664581956],[4.18555855608207,43.57312834199497],[4.185558916989967,43.5731300718295],[4.185559045136768,43.57313181897036],[4.185558939311026,43.57313356690107],[4.185558600513133,43.57313529909778],[4.185558031945863,43.57313699918534],[4.185557238984095,43.5731386510921],[4.185556229123997,43.5731402392019],[4.185555011912174,43.57314174850172],[4.185520733727496,43.57317987445274],[4.185620799999999,43.5730891],[4.185891965361451,43.5727798747074],[4.185841001195043,43.572791743074404],[4.185842179574235,43.572793053700025],[4.185843326137009,43.57279466170115],[4.185844244566057,43.57279634535706],[4.185844925556768,43.572798087610664],[4.18584536221001,43.57279987081123],[4.185845550102038,43.57280167689316],[4.185845487329291,43.57280348755907],[4.185845174527699,43.57280528446512],[4.185844614866227,43.57280704940689],[4.185843814014777,43.57280876450375],[4.185842780086747,43.57281041238007],[4.185841523556836,43.57281197634124],[4.185840057154919,43.57281344054279],[4.185821831095005,43.57282983683408],[4.185820178843374,43.57283117970656],[4.185818350172871,43.57283239571711],[4.185816363416644,43.57283347267467],[4.1858142384927195,43.572834399782366],[4.185811996704312,43.57283516774553],[4.185809660526254,43.57283576886503],[4.185807253379674,43.57283619711443],[4.185804799397194,43.57283644820031],[4.185802323180981,43.57283651960546],[4.1857998495561075,43.57283641061399],[4.185797403321669,43.57283612231861],[4.185795009002156,43.572835657609595],[4.185792690601589,43.57283502114583],[4.185790471362875,43.572834219308135],[4.185788373534772,43.57283326013521],[4.185786418148853,43.57283215324323],[4.185763848138142,43.572818002113245],[4.185762088798481,43.57281678460742],[4.185760502065782,43.57281544758568],[4.185759103221142,43.572814003924265],[4.185757905736193,43.57281246752648],[4.18575692114336,43.57281085318865],[4.185756158924793,43.57280917645773],[4.185755626421056,43.57280745348158],[4.1857553287604325,43.5728057008534],[4.185755268809536,43.572803935451944],[4.185755447145704,43.572802174279055],[4.185755661161553,43.57280127676431],[4.185709614142211,43.572804410867846],[4.185709339812185,43.57280447688255],[4.185708453816681,43.57280462210443],[4.185599825298321,43.57281840598236],[4.185598935815037,43.57281848689865],[4.1855174927013525,43.57282300553107],[4.185501452168926,43.57282501058983],[4.185483696900877,43.57282659411859],[4.185465814433304,43.57282692771285],[4.185449505590871,43.57282608735702],[4.18534265555861,43.57282939321548],[4.1853425935544415,43.572829394982854],[4.185283239076265,43.572830942359104],[4.185256944881856,43.5728317136254],[4.185185544645539,43.572833807918535],[4.185184846212192,43.57283380928239],[4.185136667263539,43.57283258454471],[4.1850825000273275,43.57284284023291],[4.185081721745343,43.57284296193749],[4.185010121314626,43.57285184190049],[4.185009047615443,43.57285192868909],[4.184910355354244,43.57285569852189],[4.1848006185762605,43.57286407883841],[4.1847997946988835,43.57286411492595],[4.1847989696696395,43.57286409765472],[4.184798150013024,43.57286402716135],[4.1847934610594955,43.572863469222284],[4.1847943999999995,43.5728848],[4.184790584403436,43.57289675671988],[4.184792786677933,43.57290804318558],[4.184794464927192,43.57292136236617],[4.184794321702023,43.57293473691634],[4.184792358407789,43.572948035482945],[4.184788594325017,43.5729611274589],[4.184783066420084,43.57297388426604],[4.18477582898222,43.57298618061786],[4.184766953090362,43.57299789574995],[4.184756525915105,43.57300891460606],[4.184744649862634,43.57301912896815],[4.184731441568977,43.573028438519195],[4.184725113794908,43.573032088885384],[4.184724534899196,43.57303620684889],[4.1847209867307225,43.573049017383994],[4.184715751169187,43.57306151837977],[4.1847088772974255,43.57307359263811],[4.184562712618315,43.57329881216483],[4.1843538785408265,43.573620593208766],[4.184345024618719,43.57363262013097],[4.184334546068075,43.57364393580243],[4.184327549402019,43.57365005333921],[4.184385100000001,43.57369520000002]],[[4.185773859366731,43.57288615973609],[4.185774654451085,43.572887828379834],[4.185775220752383,43.57288954564987],[4.185775552816817,43.57289129500793],[4.185775647446402,43.5728930596067],[4.185775503729783,43.572894822452206],[4.185775123051008,43.57289656656725],[4.185774509076199,43.57289827515501],[4.185773667718253,43.5728999317609],[4.185772607079887,43.57290152043088],[4.185771337375618,43.57290302586519],[4.1857698708333775,43.57290443356565],[4.185746769561062,43.57292448247081],[4.185745120303356,43.572925778880155],[4.18574330421451,43.57292695151354],[4.185741338784456,43.57292798907788],[4.185739242941367,43.57292888158081],[4.185737036869369,43.57292962042708],[4.185734741814154,43.57293019850115],[4.1857323798783765,43.57293061023587],[4.185729973808789,43.57293085166601],[4.18572754677718,43.57293092046645],[4.185725122157207,43.57293081597461],[4.185722723299311,43.572930539196776],[4.185720373305827,43.57293009279854],[4.185718094808492,43.57292948107887],[4.185715909750503,43.57292870992905],[4.185713839175173,43.57292778677565],[4.18571190302328,43.57292672050915],[4.18568432775623,43.57290992446598],[4.18568254467509,43.572908725354665],[4.185680931835663,43.572907404947145],[4.185679504770474,43.57290597595967],[4.185678277222935,43.57290445215415],[4.1856772610149875,43.5729028482057],[4.185676465933256,43.5729011795612],[4.185675899634798,43.57289946229066],[4.185675567573353,43.5728977129323],[4.185675472946836,43.572895948333425],[4.185675616666528,43.57289418548805],[4.185675997348312,43.57289244137338],[4.185676611325991,43.57289073278616],[4.185677452686604,43.572889076181035],[4.185678513327375,43.57288748751198],[4.185679783033736,43.57288598207879],[4.18568124957771,43.572884574379565],[4.18570435085685,43.57286452548891],[4.185706000113722,43.572863229080234],[4.1857078162013135,43.57286205644752],[4.185709781629717,43.57286101888385],[4.185711877470787,43.572860126381514],[4.185714083540439,43.5728593875358],[4.185716378593031,43.57285880946219],[4.185718740525969,43.572858397727835],[4.185721146592568,43.572858156297954],[4.185723573621109,43.572858087497664],[4.185725998238007,43.572858191989546],[4.185728397092895,43.572858468767265],[4.18573074708351,43.57285891516534],[4.185733025578178,43.572859526884685],[4.185735210633765,43.572860298034136],[4.185737281207005,43.572861221187075],[4.185739217357153,43.57286228745309],[4.185766792617378,43.57287908348178],[4.1857685756993614,43.57288028259167],[4.185770188540042,43.572881602997874],[4.18577161560688,43.572883031984134],[4.185772843156438,43.57288455578856],[4.185773859366731,43.57288615973609]],[[4.185251300396294,43.57297562391745],[4.185248879747721,43.57297538150458],[4.185246503772768,43.572974966730946],[4.185244195629776,43.572974383639256],[4.185241977815943,43.57297363791287],[4.185239871948037,43.57297273682029],[4.1852378985516925,43.57297168914435],[4.185236076861361,43.572970505096634],[4.185234424632832,43.572969196217905],[4.185232957970168,43.57296777526565],[4.185231691168736,43.572966256089714],[4.185230636575879,43.572964653497344],[4.185229804470567,43.572962983108766],[4.185208984903813,43.57291371867449],[4.185208386803753,43.572912009007375],[4.185208021823782,43.572910264976635],[4.185207893471527,43.57290850334331],[4.1852080029805,43.572906741037635],[4.18520834929824,43.57290499499632],[4.18520892909643,43.57290328199973],[4.185209736802881,43.57290161851064],[4.185210764655094,43.5729000205161],[4.185212002774847,43.57289850337365],[4.185213439263147,43.57289708166383],[4.185215060314572,43.57289576905],[4.1852168503499625,43.57289457814709],[4.185218792166127,43.572893520400285],[4.185220867101196,43.5728926059751],[4.185223055213954,43.57289184365961],[4.185225335475494,43.57289124078008],[4.1853263542270565,43.57286854185586],[4.185328676494194,43.5728681084124],[4.1853310455476995,43.57286784036969],[4.185333439156654,43.572867740243],[4.185335834859714,43.57286780897197],[4.185338210175881,43.57286804591158],[4.185340542815472,43.572868448838484],[4.185342810889268,43.5728690139716],[4.185344993113928,43.57286973600784],[4.185347069011708,43.572870608171655],[4.18534901910262,43.57287162227882],[4.185350825087234,43.572872768813006],[4.185352470018385,43.57287403701532],[4.18535393846022,43.572875414985035],[4.1853552166330354,43.57287688979153],[4.185356292542589,43.57287844759532],[4.18535715609265,43.57288007377819],[4.185379194571243,43.57292842503091],[4.185379848798114,43.57293014019861],[4.185380266774114,43.57293189396702],[4.185380444409978,43.57293366917821],[4.1853803799677864,43.572935448464555],[4.18538007407799,43.57293721441844],[4.185379529733219,43.57293894976281],[4.185378752259028,43.57294063751992],[4.185377749261772,43.57294226117777],[4.185376530554212,43.57294380485132],[4.185375108059496,43.57294525343813],[4.185373495694526,43.572946592766016],[4.185371709233783,43.572947809731744],[4.185369766155019,43.57294889242915],[4.185367685468249,43.57294983026574],[4.1853654875297766,43.57295061406621],[4.185363193843032,43.5729512361623],[4.185260956160806,43.57297484827278],[4.185258593650585,43.572975301885144],[4.185256181133712,43.57297558391278],[4.185253742124703,43.572975691606764],[4.185251300396294,43.57297562391745]]]},"properties":{"cle":"vivier:30003:012","id_pk":"30003:012","source":"vivier","id_source":"30003:012","insee":"30003","commune":"Aigues-Mortes","nom":null,"surf_m2":3634.8,"nb_pl_est":96,"nb_places":null,"nb_pl_reel":null,"stat_auto":"public","statut":null,"proprio":"commune","proprio_nm":null,"part_pub":1.0,"acces_osm":null,"payant":null,"sud_canal":null,"avis_ia":"a_verifier","motif_ia":"Aigues-Mortes : esplanade de loisirs en bord de canal, aire ombragée au nord avec véhicules","emprise":"estimee","note_emprise":null,"parcelles":["AL200","AL281","AL30","AL31"],"a_verif":true,"motif_ver":"Aigues-Mortes : esplanade de loisirs en bord de canal, aire ombragée au nord avec véhicules"}},{"type":"Feature","geometry":{"type":"Polygon","coordinates":[[[4.1981331180169335,43.568685954752986],[4.198250674527148,43.56900483555242],[4.198977062128617,43.56886445356666],[4.198958455102949,43.568544580987904],[4.1981331180169335,43.568685954752986]]]},"properties":{"cle":"vivier:30003:016","id_pk":"30003:016","source":"vivier","id_source":"30003:016","insee":"30003","commune":"Aigues-Mortes","nom":null,"surf_m2":2311.8,"nb_pl_est":61,"nb_places":null,"nb_pl_reel":null,"stat_auto":"public","statut":null,"proprio":"commune","proprio_nm":null,"part_pub":1.0,"acces_osm":null,"payant":null,"sud_canal":null,"avis_ia":"candidat","motif_ia":"Aigues-Mortes : cour d'îlot d'habitat collectif, stationnement visible sur les pourtours","emprise":"estimee","note_emprise":null,"parcelles":["AR204"],"a_verif":false,"motif_ver":null}},{"type":"Feature","geometry":{"type":"Polygon","coordinates":[[[4.195519963368148,43.56895030736098],[4.195520647838649,43.568949560919506],[4.195522239220341,43.568948156687306],[4.195524017495461,43.56894687648486],[4.195525964482534,43.56894573340125],[4.195528060275137,43.56894473912362],[4.195561692308771,43.568930492033246],[4.195540725587483,43.56891079376876],[4.195539469990512,43.56890950034549],[4.195516655572147,43.56888365594434],[4.195516369301699,43.56888332374895],[4.195499872459919,43.568863708724045],[4.195498720390607,43.56886217648012],[4.1954808364079135,43.56883537794417],[4.195479872810263,43.568833729914196],[4.195479139262865,43.568832020406],[4.195478643030367,43.56883026634965],[4.195478389027171,43.5688284851164],[4.195478379768767,43.56882669434663],[4.195478615346823,43.56882491177518],[4.195479093428277,43.568823155055675],[4.195479809278444,43.56882144158577],[4.1954807558079015,43.56881978833471],[4.19548192364271,43.568818211675435],[4.195483301217239,43.56881672722232],[4.195484874888714,43.56881534967661],[4.195486629072321,43.56881409268078],[4.195488546395559,43.568812968683424],[4.195490607870278,43.56881198881604],[4.195492793080736,43.56881116278268],[4.195615696952947,43.568770216336674],[4.195618028434696,43.56876954134279],[4.195620441941324,43.56876904149627],[4.1956229126571705,43.56876872193652],[4.1956254151783465,43.56876858594925],[4.195627923773946,43.56876863493272],[4.195630412650606,43.56876886838319],[4.195632856217707,43.568769283900416],[4.19563522935051,43.568769877212006],[4.195637507648471,43.56877064221756],[4.195639667686141,43.568771571051286],[4.195641687254016,43.5687726541629],[4.195643545586896,43.56877388041584],[4.195645223577403,43.56877523720186],[4.195646703972428,43.5687767105704],[4.195647971550538,43.56877828537234],[4.195662880363708,43.56879916943075],[4.1956869510600665,43.56882791779218],[4.195717909741403,43.56885561538296],[4.195747787484741,43.56887753453806],[4.195780129435472,43.56889780870752],[4.195813087643427,43.56891522115346],[4.1958454428797936,43.56892819586495],[4.195886767539823,43.568940538168704],[4.19592582049813,43.568949527939694],[4.195959547306344,43.56895505564191],[4.195994705088467,43.568958070804946],[4.196027413877776,43.568959407876896],[4.196070576651073,43.568958083705574],[4.196121192599906,43.568952378775435],[4.196155979875274,43.568946071324085],[4.196194836445484,43.568936175670046],[4.1962249100333855,43.5689270423214],[4.196227244032306,43.56892643144648],[4.196229650410447,43.56892599352775],[4.196232104992123,43.5689257329648],[4.196234583117361,43.56892565237534],[4.196237059889674,43.568925752569086],[4.196239510426156,43.568926032539345],[4.196241910107483,43.568926489473455],[4.196244234825246,43.5689271187808],[4.196246461224155,43.568927914139074],[4.196248566936677,43.568928867557645],[4.196250530807756,43.56892996945805],[4.19625233310734,43.56893120877002],[4.196253955728605,43.56893257304278],[4.196255382369861,43.56893404857016],[4.196256598698331,43.56893562052833],[4.196315238743451,43.56902117576181],[4.1963364,43.56901480000001],[4.196167300000001,43.56867269999999],[4.196139999999999,43.56864400000002],[4.1960856,43.568622999999995],[4.196034305871602,43.56862173468027],[4.196031481005146,43.56862198720548],[4.1959079,43.568647000000006],[4.1958612,43.5686446],[4.195844600000001,43.5686541],[4.1958074,43.56862229999999],[4.195792299999999,43.56862480000001],[4.1957883,43.5686162],[4.195648357646277,43.56864378742825],[4.195648351315823,43.56864381454108],[4.195647696715669,43.568645547345504],[4.195646807694628,43.56864722403866],[4.195645693118176,43.56864882790024],[4.195644364101081,43.568650342936216],[4.195642833896557,43.56865175403832],[4.1956411177641,43.568653047134795],[4.195639232817327,43.56865420933055],[4.195637197853306,43.56865522903597],[4.195635033165116,43.56865609608235],[4.1956327603394685,43.56865680182328],[4.195630402041451,43.568657339221005],[4.195584791329455,43.56866594003952],[4.195582473961033,43.56866629197182],[4.195580120948392,43.568666481296496],[4.1955777538225085,43.56866650628121],[4.195575394243505,43.56866636669726],[4.195573063802443,43.568666063821965],[4.1955707838237615,43.56866560042669],[4.19556857517015,43.56866498075173],[4.1955664580516405,43.56866421046735],[4.195564451840683,43.568663296621935],[4.195562574894879,43.56866224757752],[4.195560844388999,43.56866107293327],[4.195560811279887,43.56866104570894],[4.195412236834122,43.568690334455184],[4.1954319039320955,43.56872108124663],[4.195432803694531,43.568722685715905],[4.19543348705578,43.56872434566951],[4.195433947679884,43.568726045716794],[4.195434181296036,43.5687277700954],[4.19543418573819,43.56872950281733],[4.195433960965136,43.56873122781721],[4.195433509060894,43.56873292910135],[4.1954328342153815,43.56873459089587],[4.195431942685566,43.56873619779304],[4.195430842737465,43.56873773489412],[4.1954295445694925,43.56873918794754],[4.19542806021791,43.56874054348094],[4.19542640344523,43.56874178892618],[4.1954245896126094,43.56874291273582],[4.195422635537425,43.568743904490155],[4.195420559337356,43.56874475499393],[4.195407188537392,43.56874963123702],[4.195426515888083,43.5687772563557],[4.195427535645497,43.5687789165126],[4.195428319793618,43.56878064301867],[4.195428860326882,43.568782418247714],[4.195429151726846,43.56878422407596],[4.195429191018519,43.568786042067345],[4.195428977800738,43.568787853661554],[4.1954285142502705,43.56878964036366],[4.19542780509958,43.56879138393282],[4.195426857588525,43.568793066568496],[4.1954256813904385,43.56879467109236],[4.195424288513373,43.5687961811234],[4.195422693177513,43.5687975812454],[4.195420911669988,43.568798857164175],[4.195418962178604,43.56879999585359],[4.195416864606156,43.56880098568848],[4.195414640367234,43.56880181656343],[4.195412778987508,43.568802427549066],[4.1955171,43.568947000000016],[4.195519963368148,43.56895030736098]]]},"properties":{"cle":"vivier:30003:018","id_pk":"30003:018","source":"vivier","id_source":"30003:018","insee":"30003","commune":"Aigues-Mortes","nom":null,"surf_m2":1816.0,"nb_pl_est":53,"nb_places":null,"nb_pl_reel":null,"stat_auto":"public","statut":null,"proprio":"commune","proprio_nm":null,"part_pub":1.0,"acces_osm":null,"payant":null,"sud_canal":null,"avis_ia":"a_verifier","motif_ia":"Aigues-Mortes : arènes et mail planté attenant, sol masqué","emprise":"estimee","note_emprise":null,"parcelles":["AN228"],"a_verif":true,"motif_ver":"Aigues-Mortes : arènes et mail planté attenant, sol masqué"}},{"type":"Feature","geometry":{"type":"Polygon","coordinates":[[[4.201370276584094,43.56804264503914],[4.201369544497156,43.5680409814632],[4.201369037671239,43.568039274115904],[4.201368760881407,43.568037539083086],[4.20136871673543,43.568035792711484],[4.2013689056492085,43.56803405145458],[4.2013693258428635,43.568032331717724],[4.201369973357497,43.568030649703495],[4.201370842092506,43.56802902125909],[4.201371639385052,43.568027871844016],[4.2010123,43.5673629],[4.200782559581982,43.567418453172515],[4.200836790484543,43.567547584305444],[4.200909300000001,43.567687299999996],[4.2009438,43.56767740000001],[4.2010659,43.56790209999999],[4.201031300000001,43.56791200000001],[4.201040265089306,43.56792849612169],[4.201139458912013,43.568064929149244],[4.201140744355301,43.5680669289192],[4.20114175403604,43.5680690106735],[4.2011424782304285,43.56807115436371],[4.201142909964046,43.56807333934493],[4.201143045079033,43.5680755445746],[4.20114288227412,43.56807774881519],[4.201142423117177,43.568079930838614],[4.201141672030101,43.56808206963081],[4.201140636246243,43.56808414459402],[4.20113932574074,43.568086135745205],[4.201137753134454,43.56808802390847],[4.201135933572429,43.56808979089978],[4.2011338845780335,43.56809141970206],[4.201131625884198,43.56809289462898],[4.20113006389448,43.56809372894923],[4.201146650551019,43.56812424884611],[4.201147201390579,43.56812383417855],[4.201149051773162,43.568122690373194],[4.201151047432903,43.568121683952526],[4.201153169150516,43.568120824608904],[4.201155396492711,43.568120120618325],[4.2011577080089815,43.56811957876054],[4.201160081438179,43.56811920425397],[4.201162493922901,43.5681190007053],[4.2011649222296255,43.56811897007479],[4.201167342972449,43.56811911265747],[4.201169732838321,43.56811942708014],[4.2011720688115455,43.56811991031483],[4.201174328395441,43.56812055770764],[4.201176489828996,43.56812136302387],[4.201178532296436,43.568122318507875],[4.201180436127694,43.568123414957846],[4.201182182987837,43.568124641814386],[4.20118375605365,43.56812598726215],[4.201184904011905,43.568127190755185],[4.20122342380378,43.56811612317386],[4.201219371785869,43.56810808980951],[4.201218661491215,43.568106440603096],[4.201218172047372,43.56810474945896],[4.20121790796857,43.568103031974914],[4.201217871690443,43.56810130399169],[4.201218063547572,43.56809958144684],[4.201218481770398,43.56809788022776],[4.201219122501539,43.56809621602517],[4.201219979831379,43.56809460418836],[4.201221045852561,43.56809305958369],[4.20122231073293,43.56809159645729],[4.20122376280621,43.56809022830396],[4.201225388679613,43.56808896774242],[4.20122717335735,43.568087826399136],[4.201229100378959,43.56808681480093],[4.201231151971106,43.56808594227796],[4.201233309211523,43.56808521687776],[4.201235552203525,43.56808464529075],[4.201345198196,43.56806093609381],[4.201347591989448,43.568060511521175],[4.201350031981759,43.56806026213327],[4.201352493986241,43.56806019040217],[4.201354953597999,43.56806029703889],[4.201357386435859,43.56806058098646],[4.201359768384046,43.56806103943014],[4.201362075831232,43.5680616678256],[4.201364285904585,43.568062459943754],[4.2013663766965035,43.568063407932705],[4.201368327481768,43.568064502395366],[4.201370118922995,43.56806573248278],[4.201371733262306,43.56806708600151],[4.201373154497369,43.56806854953472],[4.201374368540009,43.568070108574936],[4.201375363355872,43.56807174766797],[4.201375692677915,43.568072372810846],[4.201384308698967,43.568069897220745],[4.201370276584094,43.56804264503914]]]},"properties":{"cle":"vivier:30003:020","id_pk":"30003:020","source":"vivier","id_source":"30003:020","insee":"30003","commune":"Aigues-Mortes","nom":null,"surf_m2":1618.1,"nb_pl_est":50,"nb_places":null,"nb_pl_reel":null,"stat_auto":"public","statut":null,"proprio":"commune","proprio_nm":null,"part_pub":1.0,"acces_osm":null,"payant":null,"sud_canal":null,"avis_ia":"a_verifier","motif_ia":"Aigues-Mortes : bande verte avec rang de stationnement en bordure, près d'un équipement","emprise":"estimee","note_emprise":null,"parcelles":["AR140"],"a_verif":true,"motif_ver":"Aigues-Mortes : bande verte avec rang de stationnement en bordure, près d'un équipement"}},{"type":"Feature","geometry":{"type":"Polygon","coordinates":[[[4.192827600000001,43.57181510000004],[4.1924273,43.57204149999997],[4.192533396524132,43.57214218822511],[4.192533238681256,43.572141831943746],[4.192532724105762,43.57214010556557],[4.192532444812175,43.57213835082319],[4.192532403491793,43.57213658462555],[4.192532600542764,43.57213482399202],[4.19253303406625,43.57213308588833],[4.1925336998847325,43.57213138706317],[4.192534591582256,43.57212974388665],[4.192535700566267,43.57212817219266],[4.192537016150407,43.572126687126335],[4.192538525657489,43.57212530299796],[4.192540214541656,43.57212403314522],[4.192542066528549,43.57212288980463],[4.192647282835618,43.572064143978565],[4.192649278872301,43.57206313870997],[4.192651400784875,43.572062280486236],[4.192653628150085,43.57206157756767],[4.192655939529699,43.572061036719845],[4.192658312676851,43.57206066314836],[4.192660724750174,43.57206046044883],[4.192663152533639,43.5720604305722],[4.192665572660008,43.57206057380606],[4.192667961835739,43.57206088877178],[4.192670297065192,43.5720613724378],[4.192672555871952,43.572062020148955],[4.192674716515164,43.572062825671004],[4.192676758198789,43.57206378125088],[4.192678661271763,43.57206487769118],[4.192680407417132,43.5720661044388],[4.1926819798283645,43.5720674496863],[4.192865049926788,43.572240615655375],[4.193149999999999,43.57204780000001],[4.192827600000001,43.57181510000004]]]},"properties":{"cle":"vivier:30003:022","id_pk":"30003:022","source":"vivier","id_source":"30003:022","insee":"30003","commune":"Aigues-Mortes","nom":null,"surf_m2":1283.6,"nb_pl_est":44,"nb_places":null,"nb_pl_reel":null,"stat_auto":"public","statut":null,"proprio":"commune","proprio_nm":null,"part_pub":1.0,"acces_osm":null,"payant":null,"sud_canal":null,"avis_ia":"candidat","motif_ia":"Aigues-Mortes : terrain nu et compacté le long de la voie ferrée, attenant à un stationnement","emprise":"estimee","note_emprise":null,"parcelles":["AN377"],"a_verif":false,"motif_ver":null}},{"type":"Feature","geometry":{"type":"MultiPolygon","coordinates":[[[[4.1682609,43.7373354],[4.1682869,43.7373734],[4.1683273,43.73740590000002],[4.168365099999999,43.73742530000002],[4.168367261983609,43.737425273309235],[4.168379262504414,43.73742012901474],[4.168381394812274,43.73741934431137],[4.16855081215272,43.73736662510124],[4.1685799999999995,43.737351800000006],[4.168575,43.73730969999999],[4.1684072,43.73732059999999],[4.168383300000001,43.73725580000002],[4.1683597,43.737118099999975],[4.168303247766981,43.73711178514082],[4.168302100495228,43.737112936359964],[4.1683005206869375,43.73711423696855],[4.168298775662013,43.73711542136659],[4.1682968816033155,43.73711647857028],[4.168294856075808,43.73711739877541],[4.1682927178636575,43.737118173448266],[4.168290486796044,43.737118795404726],[4.168288183563265,43.73711925887695],[4.168285829524855,43.73711955956685],[4.168283446511514,43.737119694685866],[4.16828105662264,43.73711966298097],[4.168278682021401,43.73711946474619],[4.168230157366787,43.737113685710185],[4.168227770055279,43.73711331312787],[4.16822544479168,43.73711277225894],[4.1682232040827465,43.73711206833858],[4.168221069616818,43.73711120818022],[4.168219062053873,43.73711020010951],[4.168217200825565,43.737109053883806],[4.168215503947146,43.73710778059771],[4.168213987843074,43.73710639257559],[4.168212667188054,43.73710490325252],[4.168211554764989,43.73710332704391],[4.168210661341256,43.73710167920629],[4.168210558745687,43.737101416695964],[4.168167500000001,43.7370966],[4.1682609,43.7373354]]],[[[4.1676501,43.73727240000001],[4.1677273,43.73700820000001],[4.1680727,43.73704100000002],[4.167983726194273,43.73681785183734],[4.167727729903063,43.736847057131406],[4.167726936896189,43.736847122485486],[4.167726139082915,43.73684713834255],[4.167725342329002,43.73684710458601],[4.1673204472527585,43.73681727663419],[4.16682116077234,43.73680736270206],[4.166652231597154,43.73682440271756],[4.166651481927321,43.736824456023946],[4.1666507287675065,43.736824465202886],[4.166554005453338,43.73682280500797],[4.166452712993918,43.7368230156951],[4.166270155728936,43.736912621730546],[4.1661280790151,43.737011474377724],[4.16608308707294,43.737054847338825],[4.166050467448407,43.73711842867691],[4.166029166020054,43.737220357514595],[4.166007201500844,43.73739955915328],[4.1660075698996595,43.73739973700561],[4.166008983980405,43.73740057566394],[4.166010277877773,43.737401510779954],[4.166011439130827,43.737402533347954],[4.166012456556061,43.73740363352006],[4.16601332035511,43.737404800700986],[4.166014022209109,43.737406023650195],[4.166014555358813,43.73740729058999],[4.166014914669688,43.73740858931909],[4.166015096681364,43.73740990732996],[4.166015099640954,43.73741123192951],[4.165997467926796,43.73768035050595],[4.166006595740813,43.73767466770069],[4.166008063414233,43.73767383066794],[4.16600962482573,43.737673088135125],[4.16601126843353,43.7376724455909],[4.166012982088275,43.737671907784915],[4.166063585683544,43.737657866767265],[4.166065861624405,43.73765733736515],[4.166068204015964,43.73765699249946],[4.166070584488536,43.73765683634699],[4.166131372150583,43.73765528547365],[4.166134482674386,43.73765536792991],[4.166365718854212,43.73767359021298],[4.166368382572463,43.73767392278651],[4.1664803492751785,43.73769317014103],[4.166581897477619,43.737700731309886],[4.166637701375277,43.73769475451704],[4.1664724,43.73766849999999],[4.1662409,43.73766160000001],[4.166151900000001,43.73764820000002],[4.1661014,43.737628199999996],[4.166118599999999,43.737599300000014],[4.1660273,43.73757950000002],[4.16604,43.7374514],[4.1665474,43.737278100000005],[4.167634200000001,43.73756959999999],[4.1677242,43.737671399999996],[4.1677869,43.73769590000001],[4.1678246,43.7376694],[4.1677542,43.7376635],[4.167855599999999,43.737521300000004],[4.167922400000001,43.7375389],[4.167961324735345,43.73745787301579],[4.1679613167285074,43.73745784576321],[4.167961045008422,43.737456081070945],[4.167961014454327,43.737454305553584],[4.167961225363631,43.73745253649514],[4.167966757638471,43.73742313239458],[4.167968861902828,43.73740726608293],[4.167969207163895,43.73740554286789],[4.167969780494534,43.7374038519118],[4.167970576527409,43.737402209044774],[4.167971587810332,43.73740062964671],[4.167972051770158,43.73740005739314],[4.167948635984971,43.73739857833957],[4.167946235141422,43.73739834060853],[4.1679438777084,43.73739793427602],[4.16794158615272,43.73739736321443],[4.167939382313368,43.73739663286613],[4.1679372871933715,43.73739575019147],[4.16793532075964,43.7373947236025],[4.1679335017526755,43.73739356288284],[4.167931847507969,43.737392279094394],[4.16793037379079,43.73739088447189],[4.167929094645942,43.73738939230639],[4.1679280222639115,43.737387816818504],[4.167927166864699,43.737386173022955],[4.167926536600403,43.73738447658542],[4.167926137477549,43.7373827436733],[4.16792597329983,43.737380990801576],[4.167926045631874,43.73737923467545],[4.167929181039718,43.73735040281048],[4.167929488154959,43.7373486643883],[4.167930027029372,43.737346955869114],[4.16793079255237,43.737345293456094],[4.1679317774638855,43.73734369291524],[4.167932972423218,43.737342169425695],[4.167934366097627,43.737340737435886],[4.167935945269803,43.7373394105265],[4.16793769496322,43.73733820128165],[4.167939598584175,43.73733712116953],[4.167941638079148,43.73733618043366],[4.167943794106027,43.737335387995785],[4.167946046217543,43.73733475137121],[4.167948373055176,43.73733427659753],[4.167950752551735,43.737333968177374],[4.167953162140614,43.737333829035755],[4.167955578969823,43.73733386049224],[4.16797744893766,43.73733491909915],[4.1679782,43.73733320000002],[4.1676501,43.73727240000001]],[[4.167027900000001,43.73722770000002],[4.167340499999999,43.7372572],[4.1672507,43.73742280000001],[4.167078699999999,43.7373516],[4.167027900000001,43.73722770000002]]],[[[4.1665032,43.73808430000001],[4.1664518,43.738076099999994],[4.1664661,43.73804830000001],[4.1664138,43.738034199999994],[4.166337,43.73798889999998],[4.166377499999999,43.7379332],[4.166204,43.7378772],[4.1663242,43.7377402],[4.1666992,43.7378501],[4.1667108,43.73782380000001],[4.1668177,43.7377838],[4.166843500000001,43.737740300000006],[4.166765799999999,43.73771510000001],[4.166724365748108,43.7377085191522],[4.166724201018661,43.73770891203224],[4.166723384185552,43.73771033940941],[4.166722378324335,43.73771170186287],[4.166721193121994,43.737712986271475],[4.16671983999267,43.73771418026562],[4.166718331967733,43.73771527234651],[4.16671668357029,43.737716251996794],[4.166714910675311,43.737717109781904],[4.166713030356751,43.73771783744088],[4.166711060723114,43.737718427965966],[4.166709020743062,43.73771887567008],[4.166706930062731,43.7377191762416],[4.166585556314607,43.73773217583044],[4.166583764183703,43.73773231297825],[4.1665819625404845,43.73773234193172],[4.166580163788547,43.73773226249155],[4.166474500546729,43.73772439492174],[4.166471708905755,43.73772405254834],[4.166359679309252,43.73770479438281],[4.166131340340632,43.73768680041066],[4.166075729836845,43.737688219199896],[4.166032030994634,43.73770034435174],[4.165994646452737,43.737723619257345],[4.165986742072978,43.737847094192475],[4.165986596477366,43.73784826481037],[4.165960962958881,43.73798666684351],[4.165954555460177,43.738059137274774],[4.166126899999999,43.7380865],[4.1663062,43.73809179999999],[4.1663846,43.7381077],[4.166423,43.7381281],[4.16643952477655,43.73814147635286],[4.166458686420882,43.738148875967994],[4.166460064045197,43.738149464365705],[4.1664613669536426,43.73815013630124],[4.166462585535371,43.73815088681811],[4.166463710801558,43.73815171038012],[4.16649998918554,43.73818064800045],[4.166472800000001,43.738139400000016],[4.1665032,43.73808430000001]]]]},"properties":{"cle":"vivier:30004:001","id_pk":"30004:001","source":"vivier","id_source":"30004:001","insee":"30004","commune":"Aigues-Vives","nom":null,"surf_m2":11535.3,"nb_pl_est":322,"nb_places":null,"nb_pl_reel":null,"stat_auto":"public","statut":null,"proprio":"commune","proprio_nm":null,"part_pub":1.0,"acces_osm":null,"payant":null,"sud_canal":null,"avis_ia":"candidat","motif_ia":"Aigues-Vives : grande aire nue et arborée en lisière de village, accès depuis la voie","emprise":"estimee","note_emprise":null,"parcelles":["BK107","BK120"],"a_verif":false,"motif_ver":null}},{"type":"Feature","geometry":{"type":"MultiPolygon","coordinates":[[[[4.1782387,43.73912510000001],[4.178219149829627,43.73908658038639],[4.178218903063568,43.739086549916465],[4.178216609812577,43.739086099695484],[4.178214386433201,43.73908549257526],[4.178212253294439,43.739084734117775],[4.1782102299385695,43.73908383127147],[4.178208334902113,43.73908279230755],[4.178206585546018,43.73908162674428],[4.178204997896616,43.73908034525971],[4.1782035864987925,43.739078959593876],[4.178202364282739,43.73907748244123],[4.178201342445502,43.7390759273344],[4.178200530348392,43.73907430852011],[4.178194010714138,43.73905907994639],[4.178193401189716,43.73905736100006],[4.178193028155101,43.73905560688315],[4.178192895238316,43.73905383465576],[4.178193003732054,43.73905206155417],[4.178193352581112,43.73905030482311],[4.178193938392646,43.73904858154812],[4.178194755469176,43.73904690848934],[4.1781957958639975,43.739045301918544],[4.178197049458471,43.739043777460836],[4.178198504060429,43.73904234994271],[4.178200145522763,43.739041033247844],[4.178201957881009,43.73903984018208],[4.178203649411174,43.73903892985873],[4.177940600000001,43.738430999999984],[4.177926399999999,43.7384217],[4.1779163,43.738392399999995],[4.177898841007082,43.73839799691401],[4.177880600227421,43.73840604448078],[4.177879782003377,43.73840636669272],[4.177878974280415,43.73840670254353],[4.177666304527107,43.738485339602796],[4.1774764175056625,43.73856262940716],[4.177447924385247,43.738575447432915],[4.177792199999999,43.73926390000001],[4.1782387,43.73912510000001]],[[4.177898316187036,43.739124159075686],[4.177897676670427,43.73912591873148],[4.177896795337448,43.73912762256881],[4.177895681198638,43.73912925316802],[4.177894345644688,43.73913079385823],[4.17789280232999,43.73913222888774],[4.177891067033046,43.739133543585154],[4.177889157495142,43.73913472450925],[4.177887093238973,43.73913575958655],[4.177884895369042,43.73913663823461],[4.177882586355892,43.739137351470355],[4.177787531632121,43.73916267814317],[4.177785202951468,43.73916320598025],[4.177782814048101,43.739163565513174],[4.177780388002188,43.739163753268365],[4.17777794825276,43.73916376743182],[4.177775518371236,43.73916360786671],[4.177773121833704,43.739163276114645],[4.177770781794093,43.73916277538085],[4.177768520860486,43.739162110503074],[4.177766360876688,43.739161287905006],[4.177764322711182,43.7391603155341],[4.177762426055515,43.73915920278482],[4.177760689234042,43.7391579604079],[4.177759129026896,43.73915660040644],[4.177757760507859,43.73915513591998],[4.177756596898738,43.73915358109753],[4.177755649441614,43.739151950960846],[4.177714235514634,43.73906960366558],[4.177713511065709,43.73906790746437],[4.177713020684968,43.739066167758324],[4.177712769146122,43.739064401483084],[4.177712758897817,43.739062625832865],[4.177712990039796,43.73906085809315],[4.177713460321926,43.739059115472465],[4.177714165166111,43.739057414934784],[4.17771509771085,43.73905577303438],[4.177716248878045,43.739054205754755],[4.177717607461357,43.739052728352966],[4.177719160235318,43.73905135521112],[4.177720892084058,43.73905009969641],[4.177722786148472,43.73904897403095],[4.177724823990326,43.73904798917279],[4.177726985771754,43.739047154709276],[4.177729250448375,43.73904647876368],[4.177893465832833,43.73900420504561],[4.177895879162294,43.739003682108375],[4.177898353161216,43.73900333919018],[4.177900862354739,43.739003179822056],[4.177903380905612,43.73900320564505],[4.177905882880225,43.739003416393196],[4.177908342515662,43.739003809896495],[4.177910734484964,43.73900438210297],[4.177913034157943,43.739005127120606],[4.177915217854775,43.73900603727796],[4.177917263089848,43.73900710320306],[4.177938618688312,43.73901947147397],[4.177940394955384,43.73902060486656],[4.177942014307176,43.73902185573594],[4.177943462028755,43.739023212715566],[4.177944724964777,43.73902466347468],[4.177945791639028,43.73902619483037],[4.177946652358706,43.73902779286727],[4.177967433516108,43.739072565460425],[4.177968098042112,43.73907427067013],[4.177968528061911,43.739076014995334],[4.177968719406757,43.739077781526085],[4.177968670221682,43.739079553137174],[4.177968380983476,43.73908131265409],[4.177967854496069,43.73908304301966],[4.177967095863351,43.73908472745926],[4.177966112439687,43.73908634964342],[4.177964913758638,43.7390878938463],[4.177963511440519,43.73908934509798],[4.177961919079769,43.7390906893296],[4.177960152113154,43.739091913509874],[4.177958227670113,43.739093005771196],[4.177956164406717,43.739093955524915],[4.177953982324797,43.73909475356387],[4.177951702578046,43.739095392151654],[4.177923548712631,43.73910214372876],[4.177922728054601,43.73910341416772],[4.177921446987234,43.73910496840666],[4.177919957007365,43.739106421451694],[4.177918273196337,43.739107758595274],[4.177916412597432,43.73910896630308],[4.1779143940433565,43.73911003235079],[4.177912237965615,43.73911094594808],[4.177898128262012,43.739116253180924],[4.177898363630523,43.73911692674643],[4.177898731192631,43.73911872684672],[4.177898846157263,43.73912054465679],[4.1778987073490255,43.73912236159177],[4.177898316187036,43.739124159075686]]],[[[4.177090007693775,43.73953393642247],[4.1772001163980965,43.73986766793521],[4.177299349491041,43.73980910575835],[4.177301394174286,43.739808020044165],[4.177303580894767,43.739807091151945],[4.1773058868567,43.739806328765034],[4.177308288021263,43.73980574083107],[4.177310759357178,43.73980533347906],[4.1778406409808815,43.73973840728193],[4.177843058413359,43.73973818990961],[4.177845493591918,43.73973814537952],[4.17784792306448,43.739738274120576],[4.177850323433916,43.73973857489285],[4.177852671583377,43.739739044799805],[4.177854944898922,43.73973967931595],[4.177857121487292,43.739740472330574],[4.177859180386767,43.739741416206506],[4.177861101769027,43.739742501853726],[4.177862867130118,43.73974371881684],[4.177864459468647,43.73974505537585],[4.177865863449522,43.739746498658995],[4.177867065551632,43.73974803476665],[4.177868054198062,43.739749648905246],[4.177868819867596,43.73975132552982],[4.177869355186399,43.73975304849349],[4.1778696549990375,43.73975480120323],[4.1778697164181295,43.73975656677945],[4.177869538852155,43.73975832821871],[4.177869124011151,43.73976006855739],[4.177868475890241,43.739761771035056],[4.177867600731163,43.739763419255944],[4.177866506962164,43.73976499734674],[4.177865205116821,43.73976649010959],[4.177863707732611,43.73976788316834],[4.1778620292301545,43.73976916310707],[4.177860185774346,43.73977031759931],[4.177858195118677,43.73977133552659],[4.177856076434258,43.73977220708574],[4.177853850125187,43.73977292388316],[4.177851537632055,43.73977347901572],[4.177849161225451,43.739773867137124],[4.177325663368598,43.73983998705763],[4.177217464297971,43.73990384048525],[4.177182643021991,43.73994501872894],[4.177190818527397,43.739972376430785],[4.177190863648616,43.73997235598009],[4.177193040655397,43.739971572507855],[4.177195312905923,43.739970947150816],[4.177197658616162,43.739970485904294],[4.177264468328858,43.73995986426065],[4.17726691606303,43.73995956719916],[4.1772693924767355,43.739959448835016],[4.177271872815012,43.73995951035141],[4.177274332283661,43.73995975113344],[4.177276746297105,43.73996016877415],[4.177279090724149,43.739960759098665],[4.177281342129202,43.73996151620597],[4.177283478006546,43.73996243252777],[4.177285477005312,43.739963498904245],[4.177287319142901,43.73996470467559],[4.177288986004748,43.73996603778852],[4.177290460928389,43.73996748491687],[4.177291729170029,43.7399690315947],[4.1772927780519264,43.73997066236094],[4.177293597089125,43.739972360913995],[4.1772941780942565,43.73997411027458],[4.177295156116188,43.73997787255482],[4.177321068602773,43.73997349156252],[4.177319677283631,43.73996852185591],[4.177319309740977,43.73996677091235],[4.17731918135422,43.73996500225487],[4.17731929336674,43.73996323301252],[4.177319644693691,43.73996148032007],[4.177320231932528,43.73995976115194],[4.177321049395939,43.73995809215797],[4.1773220891669425,43.73995648950199],[4.1773233411755575,43.7399549687054],[4.177324793296322,43.73995354449679],[4.177326431465739,43.73995223066934],[4.177328239818472,43.739951039947144],[4.177330200840995,43.739949983862154],[4.177332295541212,43.73994907264229],[4.177334503632392,43.73994831511253],[4.177336803729638,43.7399477186094],[4.1773391735569945,43.73994728890989],[4.1774406567812745,43.73993269250354],[4.177441521669295,43.73993260012301],[4.177442505519316,43.739932478778655],[4.177547087389129,43.73992330500775],[4.1776577697045685,43.739908697221125],[4.177660182011099,43.739908466727336],[4.177662613853351,43.73990840857538],[4.177665041865103,43.73990852332405],[4.177667442716935,43.739908809870734],[4.177669793340396,43.73990926546223],[4.177672071149643,43.739909885720984],[4.177674254258468,43.73991066468725],[4.177676321690585,43.7399115948764],[4.177678253581175,43.73991266735076],[4.17768003136776,43.739913871805506],[4.177681637968561,43.739915196667695],[4.177683057946624,43.739916629207464],[4.177684277658152,43.73991815566034],[4.177685285383587,43.739919761359474],[4.177686071440231,43.73992143087656],[4.177686381087529,43.739922385836785],[4.177794703503457,43.739909041673066],[4.177794664719247,43.73990845243126],[4.177794798353643,43.739906637665555],[4.177795183742714,43.73990484192402],[4.177795816956563,43.73990308351809],[4.17779669153819,43.73990138037846],[4.177797798569332,43.73989974987237],[4.17779912676141,43.739898208626286],[4.177800662570632,43.73989677235652],[4.1778023903361055,43.73989545570898],[4.177804292439543,43.73989427210967],[4.177806349484903,43.739893233627924],[4.177808540496183,43.73989235085332],[4.177810843131319,43.73989163278761],[4.177813233909999,43.73989108675303],[4.177979534529175,43.73985970026624],[4.177991276742027,43.739857007167124],[4.17799176187262,43.7398569098292],[4.177986435916568,43.739838579029566],[4.177954770216034,43.73977720161121],[4.177954021309086,43.73977549591309],[4.1779535098137615,43.73977374471247],[4.177953240790242,43.73977196533389],[4.1779532168999385,43.73977017538068],[4.177953438379177,43.739768392560734],[4.177953903036849,43.73976663451141],[4.177954606276098,43.739764918624985],[4.177955541139795,43.73976326187667],[4.177956698379362,43.73976168065655],[4.177958066546274,43.739760190607576],[4.177959632105313,43.7397588064707],[4.17796137956848,43.739757541939106],[4.177963289581021,43.73975641074704],[4.177963084003535,43.73975571657161],[4.177962809110681,43.73975398683505],[4.177962766051921,43.73975224593398],[4.177962955230276,43.73975051016371],[4.177963374874964,43.739748795771625],[4.177964021057962,43.73974711880491],[4.177964887730788,43.73974549496046],[4.177965966781112,43.73974393943794],[4.17796724810869,43.73974246679754],[4.177968719719905,43.739741090823536],[4.177970367840032,43.7397398243955],[4.177972177042178,43.739738679367534],[4.177974130391675,43.73973766645744],[4.177976209604598,43.73973679514634],[4.177978395218904,43.73973607359],[4.177982595010451,43.73973486128116],[4.177962615557906,43.739690951218115],[4.1779619582352625,43.73968922093959],[4.177961541873404,43.73968745179784],[4.177961370612898,43.73968566138644],[4.177961446156854,43.73968386751045],[4.177961767753991,43.739682088009424],[4.177962332206098,43.73968034058],[4.177963133899854,43.73967864259977],[4.17796416486264,43.73967701095464],[4.177965414841838,43.7396754618708],[4.177966871406772,43.73967401075342],[4.177968520072349,43.73967267203341],[4.177970344443091,43.739671459023896],[4.177972326376197,43.73967038378791],[4.177974446161954,43.73966945701828],[4.17797668271976,43.73966868793151],[4.177979013807746,43.739668084175875],[4.17798897083601,43.73966590456605],[4.177979265521819,43.73964623801737],[4.177976055122371,43.739646937887386],[4.1779737315880014,43.73964735699076],[4.177971363169629,43.73964761183395],[4.177968971904214,43.73964770004583],[4.177966580041304,43.73964762080558],[4.177964209835998,43.73964737485049],[4.177961883341881,43.739646964469074],[4.177959622205837,43.73964639347972],[4.177957447466608,43.7396456671952],[4.177955379359066,43.73964479237322],[4.177953437125922,43.739643777153596],[4.1779516388386835,43.73964263098241],[4.177950001229512,43.739641364524246],[4.177948539535534,43.73963998956284],[4.177947267357076,43.73963851889156],[4.1779461965311055,43.7396369661942],[4.177945337021108,43.73963534591792],[4.17792460623552,43.739589825226204],[4.177910417310675,43.739560431962694],[4.177909732956867,43.739558757872565],[4.177909275579428,43.73955704357878],[4.177909049483622,43.739555305217884],[4.177909056797655,43.739553559153045],[4.177909297452664,43.73955182181994],[4.177909769183344,43.73955010957201],[4.177910467549295,43.739548438526555],[4.177911385976798,43.739546824413154],[4.177912515820709,43.73954528242533],[4.177913846445829,43.7395438270778],[4.177915365327016,43.73954247206967],[4.177917058167083,43.7395412301556],[4.1779189090313755,43.73954011302568],[4.177920900497773,43.73953913119543],[4.177923013820664,43.73953829390675],[4.177925229107419,43.73953760904101],[4.177925614400504,43.73953752078861],[4.177888657415758,43.73946263187038],[4.177886369241433,43.73946215962701],[4.1778840467312,43.7394614908874],[4.177881828730502,43.73946065622683],[4.177879737719413,43.739459664104814],[4.177877794890917,43.739458524576776],[4.177876019936131,43.73945724919216],[4.177874430844716,43.739455850877384],[4.177873043722549,43.739454343804745],[4.177871872628496,43.73945274324885],[4.177870929431901,43.7394510654318],[4.177848888726382,43.739405406483826],[4.177848173467237,43.739403639595565],[4.17784771097301,43.73940182896464],[4.177847506085557,43.73939999354663],[4.177847560949835,43.73939815255664],[4.17784787499144,43.73939632526812],[4.1778484449226285,43.73939453081102],[4.177849264776737,43.739392787971646],[4.177851862389575,43.73938807093837],[4.177672099999999,43.739023800000005],[4.1775938,43.73904420000001],[4.1775571,43.7390207],[4.177484499999999,43.73901569999999],[4.176964903449197,43.73915474974334],[4.177090007693775,43.73953393642247]]]]},"properties":{"cle":"vivier:30004:002","id_pk":"30004:002","source":"vivier","id_source":"30004:002","insee":"30004","commune":"Aigues-Vives","nom":null,"surf_m2":9047.0,"nb_pl_est":248,"nb_places":null,"nb_pl_reel":null,"stat_auto":"public","statut":null,"proprio":"commune","proprio_nm":null,"part_pub":1.0,"acces_osm":null,"payant":null,"sud_canal":null,"avis_ia":"candidat","motif_ia":"Aigues-Vives : grande esplanade nue du centre avec rang de véhicules stationnés","emprise":"estimee","note_emprise":null,"parcelles":["BI302","BI303","BI74"],"a_verif":false,"motif_ver":null}},{"type":"Feature","geometry":{"type":"MultiPolygon","coordinates":[[[[4.1824212,43.745383100000005],[4.182390200000001,43.74538880000001],[4.1823452,43.74541310000001],[4.1823192,43.745442399999995],[4.182482300000001,43.74582099999999],[4.182505099999999,43.745910299999984],[4.1826005,43.74614819999999],[4.1826356,43.7462667],[4.1835566,43.74574779999999],[4.183512000000001,43.74570789999999],[4.1835498,43.74568639999999],[4.1834658,43.745609800000004],[4.183576337229196,43.74554424609268],[4.183539274601517,43.74550605464898],[4.183529613458974,43.74549706576047],[4.183528943991566,43.74549858026893],[4.183527965924257,43.74550021531622],[4.183526769586551,43.74550177221755],[4.183525366709908,43.74550323570572],[4.1835237710511475,43.74550459142951],[4.183482224597105,43.745536541230365],[4.183480483222544,43.74553775605066],[4.183478587163328,43.7455388423639],[4.183476554388245,43.74553978987516],[4.1834744041617355,43.74554058960496],[4.183472156861319,43.74554123397435],[4.18346983378448,43.74554171687665],[4.183467456946829,43.74554203373548],[4.1834650488734715,43.74554218154797],[4.183462632385525,43.74554215891332],[4.183460230383852,43.745541966046005],[4.183457865632037,43.745541604773855],[4.18345556054064,43.74554107852058],[4.183453336954829,43.74554039227348],[4.183451215947344,43.74553955253605],[4.1834492176188,43.7455385672664],[4.183447360907188,43.74553744580187],[4.183445663408402,43.74553619877048],[4.18340400006635,43.74550245329276],[4.183402453256346,43.7455010681342],[4.183401103004662,43.74549957885813],[4.183399962552068,43.745498000068636],[4.183399043082006,43.74549634724756],[4.183398353610926,43.74549463660275],[4.183397900899872,43.74549288490906],[4.183397689388175,43.745491109343874],[4.183397721149932,43.745489327318644],[4.1833979958736585,43.745487556308206],[4.183398510865349,43.745485813679345],[4.183399261074894,43.74548411652057],[4.183400239145603,43.74548248147446],[4.183401435486347,43.745480924574544],[4.183402838365612,43.74547946108799],[4.183404434026536,43.74547810536599],[4.183445980481585,43.745446155596014],[4.18344772185409,43.74544494077634],[4.183449617910783,43.74544385446371],[4.183451650682905,43.745442906953016],[4.1834538009060624,43.7454421072237],[4.183456048202795,43.74544146285474],[4.183458371275681,43.74544097995275],[4.183460748109186,43.74544066309416],[4.183463156178284,43.74544051528177],[4.183465572661941,43.74544053791642],[4.183467974659377,43.745440730783585],[4.183469279724762,43.74544093016363],[4.183316785696848,43.74529904633299],[4.183315528471455,43.74529772058086],[4.183228518450734,43.74519311798217],[4.1827291,43.74535490000001],[4.1824212,43.745383100000005]]],[[[4.1823421,43.7450887],[4.1822598,43.745097099999995],[4.1821968,43.74511170000001],[4.182267199999999,43.745308299999984],[4.182306656970999,43.745335727407436],[4.182579477296363,43.745326847629364],[4.1827129371414715,43.74531040758724],[4.1827730584340435,43.745294823746654],[4.1826678,43.7451682],[4.1823421,43.7450887]]],[[[4.182153100000001,43.74539600000001],[4.1821043,43.74542339999999],[4.1820223,43.7455707],[4.181860999999999,43.74578100000001],[4.1823797,43.74589779999999],[4.182396099999999,43.745893800000005],[4.182268921243343,43.745572412960705],[4.182204817920454,43.74542133019368],[4.1821748,43.745396],[4.182153100000001,43.74539600000001]]]]},"properties":{"cle":"vivier:30004:003","id_pk":"30004:003","source":"vivier","id_source":"30004:003","insee":"30004","commune":"Aigues-Vives","nom":null,"surf_m2":8920.7,"nb_pl_est":244,"nb_places":null,"nb_pl_reel":null,"stat_auto":"public","statut":null,"proprio":"commune","proprio_nm":null,"part_pub":1.0,"acces_osm":null,"payant":null,"sud_canal":null,"avis_ia":"candidat","motif_ia":"Aigues-Vives : abords nus du cimetière de part et d'autre de la voie ; les sépultures sont exclues","emprise":"estimee","note_emprise":null,"parcelles":["BM71","BN239","BR30"],"a_verif":false,"motif_ver":null}},{"type":"Feature","geometry":{"type":"MultiPolygon","coordinates":[[[[4.1828897,43.73628080000001],[4.1830386,43.73613149999999],[4.182818397245404,43.73600259109363],[4.182803124793504,43.73601506749545],[4.182656000000001,43.73614220000001],[4.1828897,43.73628080000001]]],[[[4.1830386,43.73613149999999],[4.1829448,43.73622560000001],[4.1833107,43.736438400000004],[4.1834171,43.73635049999999],[4.1830386,43.73613149999999]]],[[[4.1834171,43.73635049999999],[4.1837332,43.73609690000002],[4.183583511949575,43.73600556045543],[4.183583812261644,43.7360069489889],[4.183588130206898,43.73603570035407],[4.183588275135945,43.73603749240766],[4.18358817312259,43.73603928601508],[4.183587825181786,43.736041063331044],[4.183587234775307,43.7360428066723],[4.183586407777323,43.736044498693715],[4.183585352415943,43.73604612256064],[4.183584079191359,43.7360476621166],[4.183582600771379,43.736049102043935],[4.183492392400227,43.73612837786232],[4.183490690232842,43.736129727698895],[4.183488807901355,43.73613094529589],[4.1834867648475,43.73613201807733],[4.183484582173046,43.736132934962896],[4.183482282421842,43.73613368648252],[4.183479889346974,43.736134264874096],[4.183477427665427,43.73613466416368],[4.183474922802796,43.736134880227176],[4.183427805742576,43.73613719218266],[4.183425440501525,43.73613722630907],[4.183423081522889,43.73613709700947],[4.183420750236315,43.73613680545846],[4.183418467819878,43.73613635430456],[4.1834162550077085,43.736135747646216],[4.183414131901628,43.73613499099445],[4.1834121177885395,43.73613409122294],[4.18341023096522,43.73613305650542],[4.183212899005951,43.73601370801601],[4.18321223766971,43.736013293495844],[4.183065044410358,43.73591769851181],[4.183063338646224,43.735916478089614],[4.183061803148737,43.73591514408345],[4.18306045223102,43.73591370892826],[4.183059298485626,43.735912186001826],[4.183058352667166,43.73591058950012],[4.183057623592063,43.73590893430488],[4.183057118056365,43.735907235845026],[4.183056840772399,43.735905509952715],[4.183056794324841,43.73590377271583],[4.183056979146632,43.73590204032803],[4.183057393514937,43.73590032893771],[4.183058033567206,43.73589865449761],[4.183058893337184,43.73589703261597],[4.183059964810516,43.735895478411145],[4.183061237999468,43.735894006370636],[4.183062701036014,43.735892630216036],[4.183193208318943,43.73578141877477],[4.183194880331365,43.7357801283693],[4.183195954310197,43.73577944791305],[4.1831944178074565,43.735778871594285],[4.183192629886717,43.7357780304329],[4.183190964284869,43.735777066254286],[4.183189437042567,43.73577598834403],[4.183188062867997,43.73577480708299],[4.183186854995205,43.73577353384739],[4.183185825056659,43.73577218089917],[4.183184982971224,43.73577076126797],[4.183184336848631,43.7357692886256],[4.183183892911377,43.73576777715447],[4.183183655434809,43.73576624141083],[4.183183626705938,43.73576469618473],[4.183183807001422,43.735763156357564],[4.183184137617998,43.735761860108866],[4.1830649,43.7356891],[4.182950141918515,43.73578611897999],[4.182951156574081,43.73578712089103],[4.182952408117886,43.735788654446864],[4.182953444368242,43.73579027022657],[4.182954255166112,43.73579195238966],[4.182954832562709,43.735793684444765],[4.182955170897426,43.7357954494115],[4.182955266853328,43.735797229986694],[4.182955119489679,43.73579900871434],[4.1829547302511525,43.73580076815635],[4.1829541029536825,43.73580249106383],[4.182953243747049,43.73580416054598],[4.1829521610545815,43.73580576023582],[4.182950865490596,43.73580727445057],[4.182949369756323,43.73580868834538],[4.182787156282457,43.735947242279835],[4.182785511477917,43.73594851642342],[4.182783704201504,43.735949669061796],[4.182781751448313,43.735950689355825],[4.182779671581461,43.73595156771103],[4.182777484159414,43.735952295867534],[4.1827752097520525,43.73595286697801],[4.18277382966631,43.735953108017085],[4.182796039708143,43.735966632573735],[4.182808680630921,43.735956305919906],[4.1828103849801055,43.735955044147396],[4.18281225169119,43.73595390957846],[4.182814262786731,43.73595291313959],[4.182816398898785,43.73595206442704],[4.182818639455439,43.735951371614384],[4.182820962878923,43.73595084137376],[4.182823346793415,43.73595047881168],[4.182825768240536,43.735950287419804],[4.18282820390045,43.73595026904134],[4.18283063031644,43.73595042385329],[4.182833024120817,43.73595075036474],[4.182835362259956,43.73595124543118],[4.182837622216318,43.73595190428489],[4.182839782225303,43.73595272058071],[4.182841821484856,43.73595368645732],[4.1828437203558035,43.73595479261277],[4.182845460550982,43.735956028394206],[4.1828470253113625,43.735957381900384],[4.182848399567445,43.735958840096316],[4.182849570084383,43.73596038893876],[4.182850525589446,43.735962013511546],[4.182851256880583,43.73596369816914],[4.182851756915043,43.73596542668738],[4.1828520208772,43.73596718241969],[4.182852046224933,43.73596894845744],[4.182851832714108,43.735970707792674],[4.182851382400927,43.735972443482055],[4.182850699622134,43.73597413880995],[4.182849790953243,43.735975777449404],[4.182848665145216,43.735977343619425],[4.182847333040187,43.73597882223694],[4.1828458074670465,43.73598019906203],[4.182818398774093,43.7360025898448],[4.1834171,43.73635049999999]]],[[[4.1837332,43.73609690000002],[4.183936400654058,43.73592113350591],[4.183908821445217,43.735897520191614],[4.183856521578766,43.73586758783993],[4.183856389836683,43.73586751183824],[4.183791063261509,43.735829524315804],[4.1837903659620075,43.73582910114144],[4.1837274840551855,43.73578928711328],[4.183727123005212,43.73578905331922],[4.183641567324714,43.73573239726864],[4.1835409165400765,43.73566600578999],[4.183540406182704,43.735665658078766],[4.18347039362822,43.73561639279686],[4.18345135311213,43.735604673276576],[4.1834378695838605,43.73559738337535],[4.1834284171765725,43.73559464745876],[4.183426707011736,43.73559452846406],[4.18342058718024,43.73559683091113],[4.183386329205513,43.735621600972266],[4.1833534875889375,43.73565495361928],[4.183322049920022,43.73568844837072],[4.1833216630302905,43.73568884715962],[4.183296125011979,43.73571432317568],[4.183294844424524,43.735715481619735],[4.18322161818974,43.735775673782015],[4.183220836523775,43.73577625604084],[4.183222089581558,43.735776602679216],[4.183224274501502,43.735777393315374],[4.183226341700447,43.73577833579658],[4.183228271170035,43.73577942100062],[4.183575296564785,43.73599523670945],[4.183576996569524,43.73599639899678],[4.183578538306737,43.73599767204284],[4.183579908113599,43.73599904456592],[4.183581093850927,43.7360005044028],[4.183582085010756,43.736002038616476],[4.183582872809449,43.7360036336108],[4.183582983524431,43.73600394836056],[4.1837332,43.73609690000002]]]]},"properties":{"cle":"vivier:30004:005","id_pk":"30004:005","source":"vivier","id_source":"30004:005","insee":"30004","commune":"Aigues-Vives","nom":null,"surf_m2":4191.9,"nb_pl_est":111,"nb_places":null,"nb_pl_reel":null,"stat_auto":"public","statut":null,"proprio":"commune","proprio_nm":null,"part_pub":1.0,"acces_osm":null,"payant":null,"sud_canal":null,"avis_ia":"a_verifier","motif_ia":"Aigues-Vives : cour technique communale avec hangar","emprise":"estimee","note_emprise":null,"parcelles":["BC180","BC181","BC194","BC198"],"a_verif":true,"motif_ver":"Aigues-Vives : cour technique communale avec hangar"}},{"type":"Feature","geometry":{"type":"MultiPolygon","coordinates":[[[[4.1883023,43.73007310000001],[4.1883951,43.729876300000015],[4.188069200000001,43.7296854],[4.187916,43.729957699999986],[4.1883023,43.73007310000001]]],[[[4.1876999,43.730351999999996],[4.188159400000001,43.73037810000002],[4.1882685,43.73013949999998],[4.1878799,43.7300249],[4.1876999,43.730351999999996]]]]},"properties":{"cle":"vivier:30004:011","id_pk":"30004:011","source":"vivier","id_source":"30004:011","insee":"30004","commune":"Aigues-Vives","nom":null,"surf_m2":2081.9,"nb_pl_est":56,"nb_places":null,"nb_pl_reel":null,"stat_auto":"public","statut":null,"proprio":"commune","proprio_nm":null,"part_pub":1.0,"acces_osm":null,"payant":null,"sud_canal":null,"avis_ia":"a_verifier","motif_ia":"Aigues-Vives : terrains nus en lisière, accès par chemin","emprise":"estimee","note_emprise":null,"parcelles":["BT70","BT71"],"a_verif":true,"motif_ver":"Aigues-Vives : terrains nus en lisière, accès par chemin"}},{"type":"Feature","geometry":{"type":"Polygon","coordinates":[[[4.1821631,43.737344099999994],[4.181785200000001,43.7373306],[4.181729138870518,43.73765138377651],[4.181731180786129,43.73765071454373],[4.1817334614744945,43.73765015281871],[4.18173580651631,43.737649754017625],[4.181738193828771,43.73764952189592],[4.181740600931016,43.73764945863944],[4.181743005155829,43.73764956484385],[4.181762897258701,43.73765114886985],[4.18176335512318,43.73765120211186],[4.181763841797874,43.73765123741199],[4.181847188749467,43.7376602323136],[4.181849619464941,43.73766058538463],[4.181851989483966,43.73766111249271],[4.181854275166201,43.73766180838008],[4.1818564537125384,43.73766266610541],[4.181858503392524,43.73766367711313],[4.1818604037611085,43.73766483131868],[4.1818621358625805,43.73766611720918],[4.181863682419653,43.73766752195818],[4.181865028005791,43.73766903155363],[4.181866159199089,43.73767063093772],[4.181867064716159,43.73767230415699],[4.18186773552467,43.73767403452146],[4.181868164933453,43.73767580477123],[4.181868348659238,43.73767759724846],[4.181868284869379,43.73767939407361],[4.181865175038244,43.7377091260915],[4.181864873261383,43.73771087278466],[4.181864337572129,43.737712589745605],[4.181863573095667,43.73771426054737],[4.1818625871460995,43.737715869204514],[4.181861389156484,43.737717400326254],[4.181859990588569,43.73771883926356],[4.181858404823137,43.73772017224939],[4.181856647031988,43.73772138653043],[4.181854734032784,43.737722470489004],[4.181852684128138,43.737723413754374],[4.181850516930512,43.73772420730184],[4.181848253174573,43.737724843539105],[4.181845914518812,43.73772531637899],[4.181843523338323,43.737725621297606],[4.181841102510734,43.73772575537761],[4.181838675197325,43.73772571733623],[4.181795186701589,43.737723489455384],[4.181794697030449,43.73772344680639],[4.181794226353525,43.7377234266438],[4.181789060597707,43.737723015292374],[4.181787444851708,43.73773470181736],[4.18178743687309,43.73773474047655],[4.1817874340085055,43.73773477858634],[4.181787293912266,43.737735433171316],[4.181787087742911,43.73773643213333],[4.181787067734951,43.73773648996105],[4.181787055430925,43.73773654745032],[4.181784740721441,43.73774467209762],[4.181784452136879,43.73774548320927],[4.181995590720125,43.73777644987507],[4.182096600000001,43.73778599999999],[4.1821631,43.737344099999994]]]},"properties":{"cle":"vivier:30004:015","id_pk":"30004:015","source":"vivier","id_source":"30004:015","insee":"30004","commune":"Aigues-Vives","nom":null,"surf_m2":1367.8,"nb_pl_est":46,"nb_places":null,"nb_pl_reel":null,"stat_auto":"public","statut":null,"proprio":"commune","proprio_nm":null,"part_pub":1.0,"acces_osm":null,"payant":null,"sud_canal":null,"avis_ia":"a_verifier","motif_ia":"Aigues-Vives : masse arborée du village contiguë à une esplanade nue, sol masqué","emprise":"estimee","note_emprise":null,"parcelles":["BC66"],"a_verif":true,"motif_ver":"Aigues-Vives : masse arborée du village contiguë à une esplanade nue, sol masqué"}},{"type":"Feature","geometry":{"type":"Polygon","coordinates":[[[4.182296400000001,43.73472970000002],[4.1825612,43.734852700000005],[4.182728999999999,43.73463499999999],[4.182728700000001,43.73461130000001],[4.1827198237613334,43.73460009453707],[4.18268649259501,43.734579478329046],[4.182494900000001,43.7344839],[4.182296400000001,43.73472970000002]]]},"properties":{"cle":"vivier:30004:020","id_pk":"30004:020","source":"vivier","id_source":"30004:020","insee":"30004","commune":"Aigues-Vives","nom":null,"surf_m2":777.2,"nb_pl_est":32,"nb_places":null,"nb_pl_reel":null,"stat_auto":"public","statut":null,"proprio":"commune","proprio_nm":null,"part_pub":1.0,"acces_osm":null,"payant":null,"sud_canal":null,"avis_ia":"a_verifier","motif_ia":"Aigues-Vives : aire arborée aux abords du complexe sportif, sol masqué","emprise":"estimee","note_emprise":null,"parcelles":["BC44"],"a_verif":true,"motif_ver":"Aigues-Vives : aire arborée aux abords du complexe sportif, sol masqué"}},{"type":"Feature","geometry":{"type":"Polygon","coordinates":[[[4.1836003,43.7319107],[4.1837795,43.73189549999999],[4.183962199999999,43.731781299999994],[4.1840147,43.7317588],[4.183980999999999,43.73166320000001],[4.1839203000000005,43.731701],[4.1835763,43.731717100000004],[4.1836003,43.7319107]]]},"properties":{"cle":"vivier:30004:023","id_pk":"30004:023","source":"vivier","id_source":"30004:023","insee":"30004","commune":"Aigues-Vives","nom":null,"surf_m2":588.3,"nb_pl_est":26,"nb_places":null,"nb_pl_reel":null,"stat_auto":"public","statut":null,"proprio":"commune","proprio_nm":null,"part_pub":1.0,"acces_osm":null,"payant":null,"sud_canal":null,"avis_ia":"a_verifier","motif_ia":"Aigues-Vives : petite aire nue en bout de voie, 588 m²","emprise":"estimee","note_emprise":null,"parcelles":["BT7"],"a_verif":true,"motif_ver":"Aigues-Vives : petite aire nue en bout de voie, 588 m²"}},{"type":"Feature","geometry":{"type":"Polygon","coordinates":[[[4.18171173773475,43.73610041729913],[4.181662452142236,43.736169906507506],[4.181681648046462,43.73619072693773],[4.181709338185877,43.736215648060025],[4.182104648927579,43.736365988089204],[4.182181142982739,43.73639226911695],[4.182234655264064,43.73639472842841],[4.1822592368953595,43.736388376014055],[4.182256,43.73638640000001],[4.18229297226392,43.7363545114243],[4.182291513921327,43.736354124873706],[4.182289328404766,43.73635336288238],[4.182287255874141,43.73635244988844],[4.182285316113293,43.73635139460708],[4.182017476436973,43.73619027080507],[4.181993121984037,43.73621067687712],[4.181991394954523,43.73621198472141],[4.1819894954211785,43.736213160120144],[4.181987442611734,43.736214191175485],[4.181985257305439,43.73621506745075],[4.1819829616227295,43.736215780075966],[4.181980578801308,43.73621632183769],[4.181978132960931,43.736216687252025],[4.1819756488592565,43.73621687262011],[4.181973151641237,43.73621687606559],[4.1819706665845935,43.736216697553594],[4.181968218843947,43.73621633889106],[4.181965833196189,43.73621580370853],[4.181963533789688,43.73621509742327],[4.181961343899836,43.736214227184576],[4.181959285693467,43.73621320180133],[4.1819178529159045,43.73619025289882],[4.181917531573943,43.73619005548335],[4.181917172878302,43.73618986240643],[4.181904405327792,43.7361822640365],[4.181713013177601,43.73609953795042],[4.18171173773475,43.73610041729913]]]},"properties":{"cle":"vivier:30004:024","id_pk":"30004:024","source":"vivier","id_source":"30004:024","insee":"30004","commune":"Aigues-Vives","nom":null,"surf_m2":574.4,"nb_pl_est":25,"nb_places":null,"nb_pl_reel":null,"stat_auto":"public","statut":null,"proprio":"commune","proprio_nm":null,"part_pub":1.0,"acces_osm":null,"payant":null,"sud_canal":null,"avis_ia":"candidat","motif_ia":"Aigues-Vives : bande nue de l'esplanade de la cave, contiguë au stationnement","emprise":"estimee","note_emprise":null,"parcelles":["BC190"],"a_verif":false,"motif_ver":null}},{"type":"Feature","geometry":{"type":"Polygon","coordinates":[[[4.1799664000000005,43.7418832],[4.179979,43.74156970000002],[4.180018800000001,43.7415618],[4.1798277398360835,43.74154786664922],[4.179824539911849,43.741616478101555],[4.1798243447801395,43.74161820210199],[4.179823922258942,43.74161990455703],[4.179823276251596,43.74162156973902],[4.179822412726066,43.741623182264526],[4.179821339659812,43.741624727236655],[4.179820066966086,43.7416261903825],[4.179818606402356,43.741627558185165],[4.179816971461683,43.74162881800853],[4.179815177248071,43.741629958213984],[4.179813240336937,43.74163096826802],[4.179811178621974,43.741631838839496],[4.179809011149853,43.74163256188584],[4.179806757944255,43.74163313072734],[4.179804439820897,43.7416335401089],[4.179802078195225,43.74163378624853],[4.179799694884568,43.74163386687233],[4.179739719709214,43.74163380377578],[4.17974037539384,43.74167052220324],[4.179742498157309,43.74167057571412],[4.17974494221763,43.74167081485437],[4.179747341485578,43.741671228643234],[4.179749672278797,43.74167181299636],[4.179751911590813,43.74167256214574],[4.179754037318135,43.74167346869681],[4.179756028478419,43.74167452370133],[4.179757865417591,43.74167571674568],[4.179759530003831,43.74167703605374],[4.179761005806558,43.74167846860305],[4.179762278258605,43.7416800002534],[4.179763334800007,43.74168161588638],[4.17976416500198,43.74168329955464],[4.179764760669854,43.741685034639225],[4.1797651159239715,43.7416868040137],[4.179765227257714,43.74168859021315],[4.179764359854994,43.74182719183142],[4.179764228245808,43.74182896273309],[4.179763856866726,43.741830715645186],[4.179763711548233,43.74183112655088],[4.1798421,43.741840399999994],[4.1799664000000005,43.7418832]]]},"properties":{"cle":"vivier:30004:025","id_pk":"30004:025","source":"vivier","id_source":"30004:025","insee":"30004","commune":"Aigues-Vives","nom":null,"surf_m2":526.1,"nb_pl_est":24,"nb_places":null,"nb_pl_reel":null,"stat_auto":"public","statut":null,"proprio":"commune","proprio_nm":null,"part_pub":1.0,"acces_osm":null,"payant":null,"sud_canal":null,"avis_ia":"candidat","motif_ia":"Aigues-Vives : aire de stationnement avec véhicules, absente des sources","emprise":"estimee","note_emprise":null,"parcelles":["BM132"],"a_verif":false,"motif_ver":null}},{"type":"Feature","geometry":{"type":"MultiPolygon","coordinates":[[[[4.210565099999999,43.683991799999994],[4.2105894,43.68405010000001],[4.210631499999999,43.684099700000004],[4.2106862,43.684140700000015],[4.2108185,43.684192599999996],[4.21111195219981,43.68428049214566],[4.211170167590548,43.684293747060906],[4.211170656367656,43.684293877789834],[4.211171154488013,43.68429398839691],[4.211329518545108,43.68433542155824],[4.211331669343161,43.68433606859057],[4.211446444296699,43.684375274890776],[4.211447567130074,43.684373574547905],[4.211457397006603,43.684361895541706],[4.211468806009648,43.684350998936054],[4.211481676847313,43.68434099675423],[4.211495877199414,43.68433199182429],[4.211511261077822,43.68432407672188],[4.211527670327304,43.68431733281865],[4.21154493625143,43.6843118294456],[4.2115628813468575,43.68430762318039],[4.211581321128127,43.6843047572657],[4.211600066024244,43.68430326116467],[4.211618923327533,43.68430315025806],[4.211637699174737,43.68430442568601],[4.2116562005399985,43.68430707433644],[4.211733200375112,43.68432107430322],[4.211734918572423,43.68432139302752],[4.211845918336624,43.68434239297782],[4.2118636031796965,43.684346431750825],[4.211880646082619,43.684351728195786],[4.211890041487401,43.68435549147665],[4.211930299999999,43.684269300000025],[4.2109095,43.6840286],[4.210752200000001,43.68391340000001],[4.210588500951216,43.683850505110826],[4.210578780393987,43.683849924620596],[4.2105539,43.68387280000002],[4.210565099999999,43.683991799999994]]],[[[4.2107529,43.6842504],[4.210687363000105,43.684321584768036],[4.21068900486964,43.6843223421552],[4.210690885598871,43.6843234067809],[4.210692616686467,43.6843245976081],[4.210694182117267,43.6843259036199],[4.210695567408681,43.68432731273372],[4.21069602092255,43.6843278829578],[4.2107496501391415,43.68427811481456],[4.210751258365729,43.68427676587543],[4.21075304270527,43.68427553910018],[4.210754985627927,43.68427444654095],[4.210757068045908,43.68427349893138],[4.210759269500981,43.68427270558097],[4.210761568365469,43.684272074283825],[4.2107639420547205,43.684271611241996],[4.210766367248986,43.684271321004516],[4.2107688201225235,43.68427120642275],[4.210771276577656,43.68427126862239],[4.210773712481527,43.68427150699233],[4.210776103903175,43.68427191919081],[4.2107784273486475,43.68427250116828],[4.210780659991801,43.68427324720721],[4.21078277989856,43.68427414997835],[4.210784766242395,43.6842752006126],[4.210790188601395,43.684278378850415],[4.210790567238806,43.68427826285203],[4.210792905457853,43.68427773665731],[4.210795303775205,43.684277380334024],[4.210797738818346,43.68427719735472],[4.210800186856857,43.68427718950257],[4.210802624033673,43.684277356854096],[4.21080502659758,43.6842776977784],[4.2108073711346785,43.684278208953046],[4.210809634796562,43.68427888539646],[4.210811795522984,43.68427972051641],[4.210813832256833,43.68428070617436],[4.210856478844008,43.684303629501976],[4.21085835026122,43.68430474198305],[4.21086006340814,43.68430598149803],[4.210861601981802,43.68430733625121],[4.2108629513405464,43.684308793350276],[4.210864098643347,43.684310338928896],[4.210865032972018,43.68431195827876],[4.210865745435119,43.684313635989554],[4.210866229252557,43.68431535609548],[4.210866479820119,43.68431710222739],[4.210866494753288,43.684318857768424],[4.210866316073151,43.68432027223904],[4.21087193724275,43.684323345814384],[4.210873802526619,43.68432447372234],[4.210875506883069,43.684325728597095],[4.210877033974434,43.68432709840968],[4.2108783691622715,43.684328570029294],[4.210879499647692,43.68433012934923],[4.210880414594043,43.68433176142217],[4.21088110523079,43.68433345060331],[4.210881564937591,43.68433518070047],[4.210881789307753,43.68433693512923],[4.210881776190482,43.68433869707197],[4.210881525711496,43.68434044963897],[4.210881040271822,43.684342176030434],[4.210880324524782,43.684343859697464],[4.210879385331383,43.684345484500724],[4.2108782316945605,43.68434703486511],[4.2108768746728655,43.68434849592909],[4.2108234083401275,43.68440038646179],[4.210821862406431,43.68440174305281],[4.21082014122921,43.684402983541915],[4.210818261277844,43.68440409605928],[4.210816240540976,43.68440506995956],[4.210814098354385,43.68440589592384],[4.2108118552159635,43.6844065660487],[4.210809532589584,43.68440707392196],[4.210807152699713,43.68440741468394],[4.210804738318761,43.684407585074],[4.210802312549168,43.684407583461685],[4.210799898602348,43.684407409862466],[4.21079751957659,43.684407065937464],[4.210795198236033,43.68440655497755],[4.21079295679284,43.684405881871974],[4.210790816694662,43.68440505306147],[4.2107887984194114,43.684404076476625],[4.210698489057181,43.684355585804695],[4.210696575463451,43.684354446831684],[4.210694827838525,43.68435317511021],[4.210693263588979,43.68435178330681],[4.21069214267001,43.68435055341632],[4.210659054840281,43.6843869578808],[4.2106589280819815,43.68438708334544],[4.210658814777271,43.68438721708514],[4.210567881937291,43.68448358343968],[4.210563291485491,43.68448850123604],[4.2105844264923595,43.68450857857325],[4.2105861284430075,43.684509461035425],[4.21058791317945,43.68451058739733],[4.210589541930598,43.68451183202779],[4.210590999879774,43.68451318360448],[4.2105922737640835,43.68451462983213],[4.210593351995048,43.68451615755455],[4.210594224764043,43.68451775287409],[4.210594310972475,43.68451796839327],[4.210629088970347,43.68455100592578],[4.210630139975662,43.68455020584687],[4.210631938431652,43.68454907640079],[4.210633877710961,43.68454807717904],[4.210635939975393,43.68454721737282],[4.210638106255493,43.684546504890925],[4.210640356625036,43.68454594628704],[4.210642670384314,43.68454554669938],[4.210645026250543,43.684545309803504],[4.210647402553616,43.684545237778494],[4.210649777435447,43.68454533128681],[4.210652129051026,43.68454558946836],[4.210654435769349,43.68454600994829],[4.210656676372392,43.684546588858886],[4.210658830250283,43.68454732087511],[4.210660877590878,43.68454819926362],[4.210662799561995,43.68454921594468],[4.210664322747036,43.6845501968721],[4.2106786908525144,43.68453944516466],[4.210722411942413,43.68450581885422],[4.2107707946294175,43.68446780128774],[4.210807034912791,43.68443705734756],[4.210807050618134,43.684437045310446],[4.2108070653616085,43.68443703156598],[4.210844832956335,43.68440511401695],[4.210846476976203,43.68440385315139],[4.210848280740074,43.68440271309663],[4.210850227466042,43.68440170445958],[4.210852299042115,43.684400836624384],[4.210854476194717,43.68440011766523],[4.2108567386680145,43.684399554271195],[4.210859065412365,43.684399151683984],[4.2108614347801625,43.68439891364918],[4.210863824727239,43.68439884238144],[4.210866213017965,43.68439893854381],[4.2108685774321195,43.68439920124163],[4.210870895971624,43.68439962803078],[4.210873147065203,43.68440021494053],[4.210879239756094,43.684402048738825],[4.2109841,43.6843117],[4.2107529,43.6842504]]],[[[4.210847599999999,43.68316529999999],[4.210847799999999,43.68306040000001],[4.2108312,43.68286199999998],[4.2107977,43.6827858],[4.2107754,43.6827638],[4.2107121,43.68275089999999],[4.210417405997294,43.68272721268028],[4.2104157703172636,43.682737103670064],[4.210400349494994,43.68285177293651],[4.2104273999999995,43.6828537],[4.2105039,43.68287249999998],[4.210565599999999,43.68291349999999],[4.210590099999999,43.68295020000001],[4.210594199999999,43.682974299999984],[4.2105711160704615,43.68371920184951],[4.210571519112958,43.68371903669037],[4.21057376316135,43.68371831898644],[4.210576093916903,43.68371776564185],[4.210578488586256,43.68371738206795],[4.210580923751008,43.683717172015854],[4.210583375596748,43.68371713753977],[4.210610669325447,43.683717733763494],[4.210613078433645,43.68371787188178],[4.21061545757741,43.68371817951818],[4.210617784162513,43.68371865375115],[4.210620036093852,43.683719290077],[4.210622191985302,43.68372008245269],[4.210624231362804,43.68372102335318],[4.210626134858802,43.68372210384291],[4.21062788439618,43.68372331366072],[4.210629463359932,43.68372464131722],[4.210630856754947,43.68372607420391],[4.210632051348427,43.68372759871297],[4.210633035795542,43.68372920036646],[4.210633800747178,43.68373086395376],[4.210634338938727,43.68373257367616],[4.210634645259072,43.68373431329675],[4.210634716799126,43.68373606629472],[4.210634028305675,43.683762171652326],[4.2106338686002225,43.683763895108385],[4.2106334819465525,43.68376559951379],[4.210632871906823,43.6837672691661],[4.210632044101219,43.68376888868311],[4.210631006156171,43.68377044314439],[4.210629767634091,43.68377191822897],[4.210628339945285,43.683773300347106],[4.210626736242822,43.68377457676553],[4.210624971301363,43.68377573572482],[4.210623061381041,43.683776766547645],[4.210621024077666,43.68377765973715],[4.210618878160605,43.68377840706459],[4.210616643399877,43.68377900164486],[4.210614340383998,43.683779438000236],[4.21061199033032,43.68377971211062],[4.21060961488954,43.68377982145066],[4.2105823401396885,43.68378012493572],[4.210579856489736,43.68378006219079],[4.210577393965318,43.683779819358314],[4.210574977297871,43.68377939887706],[4.2105726307582945,43.68377880497],[4.210570377913171,43.68377804360181],[4.210569306895574,43.68377758182255],[4.210568203757303,43.68381317875644],[4.210729756742357,43.68382282625172],[4.210776300000001,43.68380510000001],[4.210847599999999,43.68316529999999]]],[[[4.209631954984078,43.68266684175064],[4.2096343765206585,43.68266712859038],[4.2096367471446205,43.68266758769433],[4.209639043647755,43.68266821456794],[4.2096412435474875,43.68266900307414],[4.209643325306979,43.68266994549355],[4.2096452685459775,43.682671032599956],[4.209647054240322,43.682672253750674],[4.209648664908202,43.68267359699073],[4.209650084781302,43.68267504916995],[4.209651299959159,43.68267659607155],[4.209652298545267,43.682678222551566],[4.209653070763527,43.68267991268683],[4.209653609053963,43.682681649931084],[4.209653908146734,43.682683417276834],[4.20965396511372,43.68268519742188],[4.209653779397199,43.682686972938775],[4.209637196607969,43.68278254881093],[4.209636778536891,43.68278427513577],[4.209636131039222,43.68278596375692],[4.209635260257215,43.682787598655814],[4.209634174451245,43.68278916432354],[4.209632883921443,43.68279064590786],[4.209631400909987,43.682792029354225],[4.209629739484978,43.682793301538986],[4.209627915406982,43.68279445039402],[4.209625945979518,43.68279546502104],[4.209623849884925,43.68279633579511],[4.209623556027755,43.682796431662275],[4.21038184015277,43.68285045433694],[4.210397270002191,43.682735718220094],[4.210397285036953,43.682735644211384],[4.21039729228328,43.68273556958773],[4.210398920001851,43.682725726760275],[4.209376335147263,43.6826435255119],[4.209375913127422,43.682645885745],[4.209631954984078,43.68266684175064]]]]},"properties":{"cle":"vivier:30006:008","id_pk":"30006:008","source":"vivier","id_source":"30006:008","insee":"30006","commune":"Aimargues","nom":null,"surf_m2":5855.6,"nb_pl_est":157,"nb_places":null,"nb_pl_reel":null,"stat_auto":"public","statut":null,"proprio":"commune","proprio_nm":null,"part_pub":1.0,"acces_osm":null,"payant":null,"sud_canal":null,"avis_ia":"candidat","motif_ia":"Cours plante ceinturant le centre ancien, vehicules stationnes sous les platanes : angle mort D23, emprise estimee conservee.","emprise":"estimee","note_emprise":null,"parcelles":["AC302","AC343","AC344"],"a_verif":false,"motif_ver":null}},{"type":"Feature","geometry":{"type":"Polygon","coordinates":[[[4.211227899999999,43.6853044],[4.210727900000001,43.686191900000004],[4.210730996109157,43.68622292560294],[4.210745494933016,43.68622512760242],[4.2107600446184685,43.686228254412136],[4.210861044419501,43.68625325435428],[4.210877734362386,43.686258049669064],[4.210893709576291,43.68626399018863],[4.210908821262578,43.686271020581025],[4.210922928665638,43.68627907536282],[4.210929864531957,43.68628388980305],[4.211066300000001,43.68610680000001],[4.211121030207427,43.68602267387385],[4.211227423184521,43.685828276181795],[4.211429736754372,43.68538023116685],[4.21144498058602,43.685345843503775],[4.211438893970828,43.68534443282022],[4.21138307530765,43.68532929555073],[4.211357297983288,43.68532307343541],[4.211341297753742,43.685318607084234],[4.211325932170771,43.685313090611196],[4.211311331775271,43.685306570882496],[4.211297620607231,43.68529910328771],[4.211289250974507,43.68529360145238],[4.211266999999999,43.685294900000024],[4.211227899999999,43.6853044]]]},"properties":{"cle":"vivier:30006:014","id_pk":"30006:014","source":"vivier","id_source":"30006:014","insee":"30006","commune":"Aimargues","nom":null,"surf_m2":2299.8,"nb_pl_est":60,"nb_places":null,"nb_pl_reel":null,"stat_auto":"public","statut":null,"proprio":"commune","proprio_nm":null,"part_pub":1.0,"acces_osm":null,"payant":null,"sud_canal":null,"avis_ia":"candidat","motif_ia":"Place centrale du village sous platanes : esplanade de stationnement, sol masque par le couvert (D23).","emprise":"estimee","note_emprise":null,"parcelles":["AB95"],"a_verif":false,"motif_ver":null}},{"type":"Feature","geometry":{"type":"Polygon","coordinates":[[[4.198385600466281,43.69356765408423],[4.198736739344895,43.69360683514376],[4.199209426296875,43.69347623151239],[4.1991869173944005,43.693371748402534],[4.198916810564697,43.693273795321694],[4.198511650320142,43.69326726511063],[4.198367593344301,43.69338480880121],[4.198385600466281,43.69356765408423]]]},"properties":{"cle":"vivier:30006:004","id_pk":"30006:004","source":"vivier","id_source":"30006:004","insee":"30006","commune":"Aimargues","nom":null,"surf_m2":1948.7,"nb_pl_est":55,"nb_places":null,"nb_pl_reel":null,"stat_auto":"public","statut":null,"proprio":"commune","proprio_nm":null,"part_pub":1.0,"acces_osm":null,"payant":null,"sud_canal":null,"avis_ia":"candidat","motif_ia":"Grande cour technique compactee du depot communal, materiaux stockes sur une partie seulement.","emprise":"tracee","note_emprise":"cour technique compactee, hors batiments","parcelles":["AS29"],"a_verif":false,"motif_ver":null}},{"type":"Feature","geometry":{"type":"Polygon","coordinates":[[[4.193144291639328,43.691783717065064],[4.193441346287727,43.69179269695854],[4.193453723564744,43.69168493814793],[4.193435157649219,43.69128084088382],[4.193360893987118,43.69121349107509],[4.193156668916345,43.69121798106471],[4.1931319143623105,43.691640038586385],[4.193144291639328,43.691783717065064]]]},"properties":{"cle":"vivier:30006:009","id_pk":"30006:009","source":"vivier","id_source":"30006:009","insee":"30006","commune":"Aimargues","nom":null,"surf_m2":1524.4,"nb_pl_est":49,"nb_places":null,"nb_pl_reel":null,"stat_auto":"public","statut":null,"proprio":"commune","proprio_nm":null,"part_pub":1.0,"acces_osm":null,"payant":null,"sud_canal":null,"avis_ia":"candidat","motif_ia":"Cour et parking du depot communal, vehicules stationnes.","emprise":"tracee","note_emprise":"cour et parking du depot, hors hangar","parcelles":["AR4"],"a_verif":false,"motif_ver":null}},{"type":"Feature","geometry":{"type":"Polygon","coordinates":[[[4.196287924423813,43.69298779868244],[4.196995818056166,43.69303634366265],[4.197018113918602,43.69285429978431],[4.196443995460869,43.692789572938814],[4.196287924423814,43.69281789094231],[4.196287924423813,43.69298779868244]]]},"properties":{"cle":"vivier:30006:010","id_pk":"30006:010","source":"vivier","id_source":"30006:010","insee":"30006","commune":"Aimargues","nom":null,"surf_m2":1256.3,"nb_pl_est":44,"nb_places":null,"nb_pl_reel":null,"stat_auto":"public","statut":null,"proprio":"commune","proprio_nm":null,"part_pub":1.0,"acces_osm":null,"payant":null,"sud_canal":null,"avis_ia":"candidat","motif_ia":"Terrain nu au nord de l'equipement public, acces direct depuis la rue.","emprise":"tracee","note_emprise":"terrain nu au nord de l'equipement","parcelles":["AS6"],"a_verif":false,"motif_ver":null}},{"type":"Feature","geometry":{"type":"Polygon","coordinates":[[[4.200025498867035,43.691137711717296],[4.2004600167274475,43.6911493483298],[4.200508296489716,43.690932131191154],[4.200486838817597,43.690850674561354],[4.200041592121124,43.69084291678132],[4.200025498867035,43.691137711717296]]]},"properties":{"cle":"vivier:30006:018","id_pk":"30006:018","source":"vivier","id_source":"30006:018","insee":"30006","commune":"Aimargues","nom":null,"surf_m2":1210.2,"nb_pl_est":43,"nb_places":null,"nb_pl_reel":null,"stat_auto":"public","statut":null,"proprio":"commune","proprio_nm":null,"part_pub":1.0,"acces_osm":null,"payant":null,"sud_canal":null,"avis_ia":"candidat","motif_ia":"Cour arboree partagee en coeur d'ilot de lotissement, vehicules stationnes.","emprise":"tracee","note_emprise":"cour arboree de coeur d'ilot","parcelles":["AR123"],"a_verif":false,"motif_ver":null}},{"type":"Feature","geometry":{"type":"Polygon","coordinates":[[[4.20863538980484,43.68630832264586],[4.208790957927704,43.68635487283014],[4.20886605978012,43.68633935610606],[4.2088499665260315,43.68619194702709],[4.20890897512436,43.686184188644496],[4.208892881870271,43.686087208777195],[4.208753407001495,43.686040658385174],[4.2086997628211975,43.6860872087772],[4.208689033985138,43.686242376489616],[4.20863538980484,43.68630832264586]]]},"properties":{"cle":"vivier:30006:035","id_pk":"30006:035","source":"vivier","id_source":"30006:035","insee":"30006","commune":"Aimargues","nom":null,"surf_m2":478.7,"nb_pl_est":22,"nb_places":null,"nb_pl_reel":null,"stat_auto":"public","statut":null,"proprio":"commune","proprio_nm":null,"part_pub":1.0,"acces_osm":null,"payant":null,"sud_canal":null,"avis_ia":"a_verifier","motif_ia":"Cour nue fermee par le bati en centre ancien : usage a confirmer.","emprise":"tracee","note_emprise":"cour nue du centre ancien","parcelles":["AB14"],"a_verif":true,"motif_ver":"Cour nue fermee par le bati en centre ancien : usage a confirmer."}},{"type":"Feature","geometry":{"type":"Polygon","coordinates":[[[4.207874113828196,43.68438783770281],[4.207800834015311,43.68437356241039],[4.2077445796133,43.68436311516522],[4.207669541354479,43.68473451466591],[4.2076834656027,43.6847362609676],[4.207740666525163,43.68474551405925],[4.207770658279297,43.68474770857603],[4.207788817424578,43.68474969862005],[4.207788963571208,43.684749725550105],[4.207874113828196,43.68438783770281]]]},"properties":{"cle":"vivier:30006:036","id_pk":"30006:036","source":"vivier","id_source":"30006:036","insee":"30006","commune":"Aimargues","nom":null,"surf_m2":424.4,"nb_pl_est":20,"nb_places":null,"nb_pl_reel":null,"stat_auto":"public","statut":null,"proprio":"commune","proprio_nm":null,"part_pub":1.0,"acces_osm":null,"payant":null,"sud_canal":null,"avis_ia":"candidat","motif_ia":"Bande ombragee du cours, vehicules stationnes sous les arbres (D23), emprise estimee conservee.","emprise":"estimee","note_emprise":null,"parcelles":["AB251"],"a_verif":false,"motif_ver":null}},{"type":"Feature","geometry":{"type":"Polygon","coordinates":[[[4.196973145008088,43.690889463446496],[4.197423756122589,43.690924373421666],[4.197450578212739,43.690862311229516],[4.1974130272865295,43.69081964343518],[4.197048246860503,43.69080412786608],[4.196978509426118,43.690839037890925],[4.196973145008088,43.690889463446496]]]},"properties":{"cle":"vivier:30006:040","id_pk":"30006:040","source":"vivier","id_source":"30006:040","insee":"30006","commune":"Aimargues","nom":null,"surf_m2":385.0,"nb_pl_est":18,"nb_places":null,"nb_pl_reel":null,"stat_auto":"public","statut":null,"proprio":"commune","proprio_nm":null,"part_pub":1.0,"acces_osm":null,"payant":null,"sud_canal":null,"avis_ia":"a_verifier","motif_ia":"Bande nue entre deux rues de lotissement, vehicules en bordure : mobilisabilite a confirmer.","emprise":"tracee","note_emprise":"bande nue entre deux rues","parcelles":["AR66"],"a_verif":true,"motif_ver":"Bande nue entre deux rues de lotissement, vehicules en bordure : mobilisabilite a confirmer."}},{"type":"Feature","geometry":{"type":"Polygon","coordinates":[[[4.1476026037707925,43.753081343826224],[4.148141057230532,43.75310573325691],[4.148494417313486,43.75305695438562],[4.14852807065472,43.75244721514002],[4.147821350488811,43.75242282544097],[4.147636257112026,43.75258135830706],[4.1476026037707925,43.753081343826224]]]},"properties":{"cle":"vivier:30019:001","id_pk":"30019:001","source":"vivier","id_source":"30019:001","insee":"30019","commune":"Aubais","nom":null,"surf_m2":5083.6,"nb_pl_est":136,"nb_places":null,"nb_pl_reel":null,"stat_auto":"public","statut":null,"proprio":"commune","proprio_nm":null,"part_pub":1.0,"acces_osm":null,"payant":null,"sud_canal":null,"avis_ia":"candidat","motif_ia":"Grande aire nue damee en lisiere du village (5 000 m2), remblais et materiaux sur une partie : emprise ramenee a l aire, le reste de la chaine etant champs et abords batis.","emprise":"tracee","note_emprise":"grande aire nue compactee a l'ouest du village","parcelles":["B3288"],"a_verif":false,"motif_ver":null}},{"type":"Feature","geometry":{"type":"Polygon","coordinates":[[[4.149325535702511,43.75352889412987],[4.149325099649091,43.753528814035086],[4.149173048432939,43.75349981993325],[4.149171200986133,43.75349941133553],[4.14909982108434,43.75348139621015],[4.149099896544578,43.753482084931974],[4.149099846345454,43.75348387578277],[4.149099550804294,43.753485654146544],[4.149099012848667,43.75348740240704],[4.149098237807462,43.75348910324623],[4.149021494641994,43.7536330335625],[4.149169499694167,43.75365482391404],[4.149171861434339,43.75365526010218],[4.149174152798004,43.75365586203203],[4.149176351706297,43.75365662390358],[4.149178436971228,43.75365753837572],[4.14918038849983,43.7536585966368],[4.149182187487775,43.75365978848982],[4.149183816600569,43.75366110245042],[4.149185260140577,43.753662525857706],[4.149186504198282,43.753664044996135],[4.149187536786312,43.7536656452278],[4.149188347954953,43.753667311133356],[4.149188929888014,43.753669026660646],[4.149189276978145,43.75367077527936],[4.149189385880874,43.75367254014037],[4.149189255546821,43.75367430423801],[4.149188887231828,43.753676050573965],[4.1491726654158905,43.753733818596814],[4.149172065636239,43.75373552335842],[4.149171239089549,43.75373717752538],[4.1491701936744665,43.75373876529007],[4.149169991741026,43.75373900777724],[4.149170427257461,43.75373951812295],[4.149171498892699,43.75374110228985],[4.149172351379974,43.75374275490521],[4.149172976525982,43.75374446008563],[4.149173368322407,43.753746201442596],[4.1491735230036575,43.753747962239885],[4.149173526865207,43.75374815455759],[4.1492169974033075,43.753755196237606],[4.149217405403198,43.75375452414327],[4.149218586154029,43.753753000101106],[4.1492199652982835,43.753751566273586],[4.149221529826846,43.753750236185624],[4.149223264981915,43.753749022383595],[4.149225154396226,43.753747936316955],[4.149227180247425,43.753746988230304],[4.149229323426191,43.75374618706664],[4.1492309035959165,43.75374573093397],[4.149290836591495,43.7535570413515],[4.1492914887213495,43.75355536419119],[4.149292361553678,43.753553740606066],[4.149293446906233,43.7535521858162],[4.149294734604535,43.75355071439668],[4.149296212577244,43.7535493401411],[4.149297866969333,43.75354807593223],[4.1492996822719554,43.75354693362115],[4.149301641467843,43.753545923916285],[4.149303726190823,43.75354505628297],[4.149305916897994,43.753544338854674],[4.149308193052928,43.75354377835681],[4.149310533318178,43.753543380043666],[4.149312915755308,43.7535431476492],[4.149315318030554,43.7535430833519],[4.14931771762418,43.753543187754566],[4.1493200920415845,43.75354345987844],[4.149434888208719,43.75356078198724],[4.149437152483623,43.753561123652524],[4.149439525618458,43.753561571404994],[4.14944182624422,43.75356218666354],[4.149444031918771,43.753562963426404],[4.149446121126198,43.75356389411643],[4.149448073486701,43.75356496965495],[4.1494498699553874,43.75356617955027],[4.149451493008061,43.753567512000124],[4.149452926812151,43.753568954006724],[4.149454157381175,43.75357049150359],[4.149455172711158,43.75357210949276],[4.149455962897742,43.75357379219104],[4.149456520232788,43.75357552318406],[4.149456839279586,43.75357728558634],[4.149456916925872,43.75357906220593],[4.149456752414202,43.75358083571231],[4.149456347349329,43.75358258880529],[4.1494435498224504,43.753624997366394],[4.149389410206912,43.753806808340514],[4.149487000426051,43.75387794210591],[4.149488595863562,43.75387922228668],[4.14949001486736,43.753880607315836],[4.1494912443982646,43.753882084466426],[4.1494922731581525,43.75388364016494],[4.149493091693774,43.753885260116135],[4.149493692483622,43.753886929434366],[4.149493763320214,43.75388724904162],[4.150209153569155,43.75405449421286],[4.150265567358275,43.754008854527754],[4.150305418551689,43.753976614194855],[4.1503536,43.7539311],[4.150392056243845,43.75391479934873],[4.150453312489428,43.75387553331529],[4.150502600000001,43.75383899999999],[4.1506642,43.75373920000001],[4.1509639,43.7535857],[4.1509927,43.7535659],[4.151000584501373,43.75354415537688],[4.150999072589093,43.753543955028775],[4.150929368506752,43.75353767929401],[4.150767186988415,43.75352307727136],[4.150765170226945,43.753522834207715],[4.1507631878910285,43.75352247169478],[4.150741469521288,43.753517802774645],[4.1507364969883085,43.75352727231834],[4.15072815391777,43.753539360481795],[4.150718184806595,43.75355078320105],[4.150706689621729,43.75356142593174],[4.150693783633419,43.75357118195106],[4.150679596259316,43.753579953427796],[4.150664269766726,43.75358765240349],[4.150647957845974,43.75359420167447],[4.150477597562619,43.75365473000958],[4.150222957162231,43.753745202006016],[4.150206479146878,43.753750358280115],[4.150189392841529,43.75375434071287],[4.150171856974924,43.753757112308136],[4.150154034452237,43.75375864731829],[4.15013609084168,43.75375893148332],[4.150118192836378,43.75375796216337],[4.150100506705782,43.7537557483633],[4.149966551039189,43.75373411578512],[4.149741672444617,43.753746562931504],[4.149723177718747,43.753747586603254],[4.149705074968005,43.753747948408346],[4.149687009340299,43.75374703387447],[4.149669151700714,43.753744851651255],[4.149651670947133,43.75374142237828],[4.149634732412777,43.753736778489646],[4.149618496302439,43.75373096390733],[4.149603116177251,43.75372403362579],[4.1495887375022695,43.75371605319168],[4.1495754962706695,43.75370709808405],[4.149563517717504,43.75369725300033],[4.1495529151352315,43.753686611055336],[4.1495437888022195,43.753675272900566],[4.149536225034315,43.753663345772104],[4.1495302953685105,43.75365094247658],[4.1495260558863665,43.75363818032409],[4.149523546683638,43.753625180018666],[4.149515546889304,43.75356118000456],[4.149515542488551,43.7535611043758],[4.149460888631057,43.75355280227745],[4.149460100628431,43.75355267284034],[4.149438483737855,43.753548852973516],[4.149325535702511,43.75352889412987]]]},"properties":{"cle":"vivier:30019:004","id_pk":"30019:004","source":"vivier","id_source":"30019:004","insee":"30019","commune":"Aubais","nom":null,"surf_m2":3328.2,"nb_pl_est":88,"nb_places":null,"nb_pl_reel":null,"stat_auto":"public","statut":null,"proprio":"commune","proprio_nm":null,"part_pub":1.0,"acces_osm":null,"payant":null,"sud_canal":null,"avis_ia":"candidat","motif_ia":"Talus arbore bordant le parking du centre, vehicules stationnes sous les arbres (D23), emprise estimee conservee.","emprise":"estimee","note_emprise":null,"parcelles":["A3528","A4010","A905","A908"],"a_verif":false,"motif_ver":null}},{"type":"Feature","geometry":{"type":"Polygon","coordinates":[[[4.149650931358337,43.75860759147634],[4.1497743129730225,43.75865021101538],[4.149908423423767,43.75864633651308],[4.1500210762023935,43.75856109739916],[4.149940609931946,43.75844486204812],[4.1497743129730225,43.75845261107855],[4.149656295776367,43.75846810913638],[4.149650931358337,43.75860759147634]]]},"properties":{"cle":"vivier:30019:009","id_pk":"30019:009","source":"vivier","id_source":"30019:009","insee":"30019","commune":"Aubais","nom":null,"surf_m2":539.1,"nb_pl_est":24,"nb_places":null,"nb_pl_reel":null,"stat_auto":"public","statut":null,"proprio":"commune","proprio_nm":null,"part_pub":1.0,"acces_osm":null,"payant":null,"sud_canal":null,"avis_ia":"candidat","motif_ia":"Terrain nu avec acces direct depuis la route.","emprise":"tracee","note_emprise":"terrain nu","parcelles":["A2642"],"a_verif":false,"motif_ver":null}},{"type":"Feature","geometry":{"type":"Polygon","coordinates":[[[4.146678373217583,43.75226450910985],[4.146853107959032,43.75224537671079],[4.146942123770714,43.75214971462375],[4.1469355300068855,43.75198230560352],[4.1466981545090675,43.752030136799945],[4.146665185689926,43.75217363015987],[4.146678373217583,43.75226450910985]]]},"properties":{"cle":"vivier:30019:002","id_pk":"30019:002","source":"vivier","id_source":"30019:002","insee":"30019","commune":"Aubais","nom":null,"surf_m2":534.9,"nb_pl_est":24,"nb_places":null,"nb_pl_reel":null,"stat_auto":"public","statut":null,"proprio":"commune","proprio_nm":null,"part_pub":1.0,"acces_osm":null,"payant":null,"sud_canal":null,"avis_ia":"candidat","motif_ia":"Aire nue compactee a l'est du cimetiere, acces direct depuis la route.","emprise":"tracee","note_emprise":"aire nue a l'est du cimetiere, hors tombes","parcelles":["B1375"],"a_verif":false,"motif_ver":null}},{"type":"Feature","geometry":{"type":"Polygon","coordinates":[[[4.145967320756091,43.754462103034115],[4.145964930339654,43.75446205092486],[4.145858108252833,43.75445598008257],[4.145801010569973,43.754452985584976],[4.145798286799671,43.75445273237266],[4.145793382924386,43.754452074948674],[4.1457114465729425,43.75444762392229],[4.145711290308986,43.75444760991374],[4.145711140329692,43.75444760590426],[4.145650455603922,43.75444376135856],[4.145611114558888,43.75444180112532],[4.145600891956796,43.754568546409104],[4.145616899999999,43.754569100000005],[4.145609898919602,43.75463150689278],[4.145612118771354,43.754631669226995],[4.145614456282014,43.75463200665516],[4.145709694223389,43.75464923662701],[4.145709848395902,43.754648260199275],[4.145708275428387,43.75464812891893],[4.145705833343372,43.75464774169247],[4.14570345735435,43.75464717843227],[4.14570117154672,43.75464644484811],[4.145698999091709,43.754645548376345],[4.145696962011491,43.7546444981045],[4.145695080955938,43.75464330467919],[4.1456933749932965,43.75464198019815],[4.145691861416896,43.754640538087635],[4.145690555569843,43.754638992966335],[4.145689470689483,43.754637360497156],[4.145688617773225,43.754635657228405],[4.145688005467062,43.7546339004261],[4.1456876399779095,43.75463210789896],[4.145687525010708,43.75463029781782],[4.145687811697367,43.754582597386836],[4.145687937859415,43.75458086212775],[4.145688294306707,43.754579143776326],[4.145688877716289,43.75457745835164],[4.145689682649379,43.75457582156586],[4.145690701602069,43.75457424867774],[4.145691925075287,43.754572754350306],[4.145693341663346,43.75457135251425],[4.145694938160269,43.75457005623798],[4.145696699682912,43.754568877605905],[4.145698609809696,43.75456782760565],[4.1457006507337075,43.75456691602569],[4.1457028034286925,43.75456615136412],[4.145705047826431,43.75456554074941],[4.14570736300382,43.75456508987392],[4.145709727377919,43.75456480294088],[4.145712118907162,43.75456468262518],[4.145714515296836,43.754564730048465],[4.145716894206915,43.75456494476862],[4.145828918329208,43.754579065609],[4.145829818968152,43.754579213147025],[4.145835099999999,43.75455299999998],[4.1459524206530425,43.754564920811916],[4.145956994424026,43.75453950450999],[4.145968522459919,43.75446204520555],[4.145967320756091,43.754462103034115]]]},"properties":{"cle":"vivier:30019:011","id_pk":"30019:011","source":"vivier","id_source":"30019:011","insee":"30019","commune":"Aubais","nom":null,"surf_m2":411.4,"nb_pl_est":19,"nb_places":null,"nb_pl_reel":null,"stat_auto":"public","statut":null,"proprio":"commune","proprio_nm":null,"part_pub":1.0,"acces_osm":null,"payant":null,"sud_canal":null,"avis_ia":"a_verifier","motif_ia":"Placette ombragee du centre ancien, sol masque par le couvert (D23).","emprise":"estimee","note_emprise":null,"parcelles":["A1140"],"a_verif":true,"motif_ver":"Placette ombragee du centre ancien, sol masque par le couvert (D23)."}},{"type":"Feature","geometry":{"type":"Polygon","coordinates":[[[4.3163537,43.7619552],[4.3164784,43.76208299999999],[4.3169251,43.76257499999999],[4.3180717,43.76138410000003],[4.317438700000001,43.761150000000015],[4.3172534,43.7610825],[4.3170221,43.760997700000004],[4.316925900000001,43.7610054],[4.316219499999999,43.7616941],[4.3162069999999995,43.76181270000001],[4.3162602,43.7618722],[4.3163537,43.7619552]],[[4.316804122285179,43.76123082236035],[4.3168034850654164,43.76122911619177],[4.316803081843759,43.76122737294809],[4.31680291650962,43.76122560944454],[4.31680299065778,43.76122384269163],[4.316803303572989,43.76122208973136],[4.316803852236874,43.76122036747258],[4.316804631357056,43.761218692528054],[4.316805633418196,43.76121708105413],[4.316806848754492,43.76121554859492],[4.316808265642912,43.76121410993238],[4.316939604924502,43.76109372419222],[4.316941191688193,43.76109240674499],[4.316942947382424,43.76109120713439],[4.316944855429964,43.76109013668711],[4.316946897815065,43.761089205510274],[4.316949055253569,43.761088422396014],[4.316951307374996,43.76108779473854],[4.3169536329148634,43.761087328464114],[4.316956009915486,43.761087027975314],[4.316958415933282,43.76108689610934],[4.316960828250693,43.76108693411128],[4.316963224090681,43.76108714162232],[4.316965580831787,43.76108751668311],[4.316967876221719,43.76108805575238],[4.316970088587462,43.76108875374024],[4.316972197039913,43.76108960405631],[4.316974181671106,43.7610905986719],[4.317077323284076,43.76114785078232],[4.317079149899078,43.76114896985852],[4.317080819491446,43.76115021111062],[4.31708231657157,43.76115156302292],[4.317083627250315,43.76115301305311],[4.317084739367875,43.761154547748575],[4.3170856426065916,43.761156152871195],[4.317086328586669,43.76115781352951],[4.317086790943921,43.76115951431676],[4.3170870253888225,43.76116123945395],[4.317087029746293,43.76116297293616],[4.317086803975884,43.76116469868104],[4.317086350172159,43.76116640067803],[4.317085672545249,43.761168063136864],[4.317084777381812,43.761169670634125],[4.31708367298669,43.76117120825628],[4.317082369605874,43.76117266173805],[4.3169573617517765,43.761298371030904],[4.316955797134422,43.7612997879292],[4.316954043586747,43.76130108342049],[4.316952118939407,43.76130224433183],[4.3169500427628495,43.761303258858625],[4.316947836168334,43.76130411668488],[4.31694552159325,43.761304809087896],[4.316943122572974,43.761305329027095],[4.316940663501558,43.76130567121553],[4.316938169383667,43.76130583217377],[4.316935665580335,43.76130581026508],[4.316933177551087,43.76130560571229],[4.3169307305950415,43.76130522059531],[4.316928349593676,43.76130465883017],[4.316926058757814,43.761303926129074],[4.316923881381448,43.76130302994238],[4.316921839604863,43.76130197938283],[4.316812366580156,43.76123940373719],[4.316810528134487,43.76123824231838],[4.316808855750201,43.76123695579469],[4.316807365558961,43.7612355565758],[4.316806071935006,43.76123405815847],[4.316804987356502,43.76123247499631],[4.316804122285179,43.76123082236035]]]},"properties":{"cle":"vivier:30020:001","id_pk":"30020:001","source":"vivier","id_source":"30020:001","insee":"30020","commune":"Aubord","nom":null,"surf_m2":13273.5,"nb_pl_est":374,"nb_places":null,"nb_pl_reel":null,"stat_auto":"public","statut":null,"proprio":"commune","proprio_nm":null,"part_pub":1.0,"acces_osm":null,"payant":null,"sud_canal":null,"avis_ia":"candidat","motif_ia":"Aubord : grande aire nue et plane entre le complexe sportif et le cimetière, accès depuis la départementale","emprise":"estimee","note_emprise":null,"parcelles":["ZA119","ZA125","ZA127"],"a_verif":false,"motif_ver":null}},{"type":"Feature","geometry":{"type":"Polygon","coordinates":[[[4.313086492965829,43.75550153186697],[4.313086157335668,43.75550333945463],[4.313085571025961,43.75550511313714],[4.313084740058331,43.75550683469809],[4.313083672967139,43.75550848645629],[4.313083575951745,43.755508603947206],[4.313137176224416,43.75557696729632],[4.313166181692616,43.75556422992725],[4.313166292121976,43.75556418670724],[4.313166398568976,43.755564135779444],[4.31327213787171,43.755518761911254],[4.313274283288317,43.75551794111468],[4.313276528971841,43.75551727599234],[4.313278853484646,43.7555167728936],[4.313281234636586,43.75551643662109],[4.313283649696828,43.75551627038497],[4.313286075610845,43.7555162757721],[4.313288489220503,43.755516452731065],[4.313290867485125,43.75551679957262],[4.31329318770144,43.755517312985745],[4.313295427720313,43.75551798806931],[4.313297566158187,43.755518818378874],[4.313299582601209,43.75551979598819],[4.313301457800104,43.75552091156484],[4.313303173853929,43.755522154459356],[4.3133047143809655,43.75552351280689],[4.313306064675093,43.75552497364044],[4.313338644258987,43.75556424195062],[4.31335514111569,43.75555729026452],[4.3133572996055225,43.75555648042755],[4.31335955699083,43.755555827439395],[4.31336189164082,43.75555533755705],[4.313364281184335,43.75555501547473],[4.313366702724216,43.75555486427869],[4.313369133056705,43.755554885417716],[4.3133715488937945,43.755555078689255],[4.313373927086373,43.755555442241345],[4.313376244846049,43.755555972590344],[4.31337847996351,43.75555666465432],[4.313380611021338,43.75555751180175],[4.313382617599235,43.75555850591507],[4.313384480469698,43.755559637468465],[4.313386181782259,43.755560895619126],[4.31338770523453,43.755562268311145],[4.313389036228424,43.755563742391075],[4.313433761638072,43.75561900196899],[4.313434890984612,43.75562056890581],[4.3134358027850785,43.75562220859654],[4.313436488241214,43.75562390521929],[4.313436940738822,43.75562564240288],[4.3134371559116,43.755627403384665],[4.313437131683252,43.75562917117239],[4.313436868287549,43.75563092870815],[4.31343636826605,43.75563265903296],[4.313435636443597,43.75563434545036],[4.31343467988175,43.755635971687624],[4.313433507810646,43.755637522052645],[4.3134321315399475,43.7556389815855],[4.313430564349701,43.75564033620271],[4.313428821362198,43.75564157283312],[4.313426919396052,43.755642679544124],[4.313424876803922,43.75564364565673],[4.31340693142142,43.755651249879186],[4.313441739853703,43.75569455081936],[4.313442892249815,43.75569616702403],[4.3134438136443745,43.755697859301456],[4.313444494621825,43.755699610358626],[4.313444928223372,43.75570140230185],[4.313445110018111,43.755703216819626],[4.313445038148294,43.755705035369765],[4.313444713348322,43.75570683936891],[4.313444549245354,43.75570734532808],[4.313446008033795,43.75570776697366],[4.313448233943302,43.75570860813454],[4.31345033130103,43.75570960790543],[4.3134522786691765,43.755710756067295],[4.313454056143024,43.75571204088443],[4.313455645554402,43.75571344922425],[4.3134570306573865,43.755714966691656],[4.313499191060242,43.75576665725221],[4.313500326286418,43.75576821924491],[4.313501244907992,43.75576985434441],[4.313501938084934,43.755771546815964],[4.31350213448168,43.75577228525263],[4.313502489483553,43.755772504262126],[4.313504173790578,43.7557737684468],[4.313505679956066,43.75577514567883],[4.313506993617512,43.7557766228252],[4.313545347618647,43.755824759343156],[4.313546463098318,43.75582633326306],[4.313547359953871,43.75582797897374],[4.313548029515824,43.755829680566926],[4.313548465311831,43.75583142159415],[4.313548663129247,43.75583318522576],[4.313548621055843,43.75583495441358],[4.3135483394983005,43.755836712055775],[4.313547821178279,43.75583844116205],[4.3135470711061,43.75584012501799],[4.31354609653233,43.75584174734656],[4.313544906877677,43.755843292465514],[4.3135435136419416,43.75584474543896],[4.313541930292841,43.75584609222165],[4.313540172135832,43.75584731979493],[4.313538256166161,43.755848416292444],[4.313536200904567,43.755849371114856],[4.313429310014811,43.755893814431],[4.313401138705203,43.75590580832226],[4.313398989087094,43.75590662386662],[4.3133967399161355,43.75590728344354],[4.313394412669218,43.75590778075481],[4.313392029568752,43.75590811105172],[4.313389613370495,43.75590827118034],[4.313387187146239,43.75590825961163],[4.313384774063521,43.75590807645602],[4.313382397164386,43.75590772346248],[4.313380079145373,43.755907204001645],[4.313377842140782,43.75590652303376],[4.313375707511318,43.75590568706124],[4.313373695640132,43.75590470406662],[4.313371825738167,43.75590358343633],[4.313370115660737,43.75590233587104],[4.313368581737015,43.7559009732835],[4.3133672386141155,43.75589950868477],[4.313327643415962,43.7558513870678],[4.313326495088876,43.755849820829944],[4.313325565035173,43.755848180267925],[4.313324862288123,43.755846481316],[4.313324393673241,43.75584474047549],[4.3133243498450105,43.755844403884396],[4.313324120434897,43.75584420812907],[4.313322754226737,43.75584278454555],[4.3132781113362935,43.75579112384508],[4.313276898390071,43.755789550156635],[4.313275908716922,43.755787896411924],[4.313275152245605,43.75578617920196],[4.313274636565313,43.75578441575447],[4.313274366849527,43.755782623761036],[4.313274345804115,43.75578082119961],[4.3132745736401885,43.755779026154194],[4.313274670030407,43.75577866664099],[4.313273472656629,43.755778321077585],[4.313271260873244,43.755777487755374],[4.313269175512068,43.75577649788514],[4.313267237591704,43.75577536144386],[4.313265466644688,43.75577408988593],[4.313263880520598,43.7557726960275],[4.313262495206159,43.75577119391743],[4.313243896588137,43.755748655047285],[4.313030592843586,43.75583746218671],[4.313028420250234,43.7558382665409],[4.313026149241694,43.75583891247146],[4.31302380174212,43.75583939374263],[4.313021400414113,43.75583970570829],[4.313020946226295,43.75583973178859],[4.313103902710152,43.75600029383885],[4.3132048132725,43.75595531654548],[4.313206906064464,43.75595448154375],[4.313209099878148,43.75595379618491],[4.31321137440568,43.75595326681331],[4.313213708592035,43.75595289832921],[4.313216080829932,43.755952694143666],[4.31321846915986,43.75595265614677],[4.3132208514733374,43.75595278469026],[4.3132232057175806,43.75595307858425],[4.313225510099638,43.75595353510815],[4.3132277432881265,43.75595415003603],[4.313229884610688,43.755954917675545],[4.313231914245358,43.75595583092077],[4.313233813404046,43.75595688131788],[4.3132355645064635,43.7559580591435],[4.313237151342856,43.75595935349462],[4.313238559224056,43.75596075238959],[4.313239775117463,43.755962242879015],[4.313240787767676,43.7559638111656],[4.313264080895009,43.75600492950454],[4.313264913022383,43.75600663870663],[4.313265503748672,43.7560083999075],[4.313265847082349,43.756010195244016],[4.3132659212266145,43.75601164772689],[4.3139188,43.75572440000002],[4.313874755529173,43.75567125106414],[4.313864935898871,43.75567532144709],[4.313862809365787,43.75567610713213],[4.313860588577952,43.75567674118354],[4.31385829405794,43.75567721774198],[4.313855947009698,43.75567753240352],[4.313853569122589,43.75567768226033],[4.313851182370968,43.75567766592755],[4.3138488088111,43.75567748355611],[4.313846470377351,43.755677136831366],[4.31384418867948,43.75567662895741],[4.313841984802939,43.75567596462757],[4.313839879114021,43.75567514998102],[4.313837891071654,43.755674192545996],[4.3138360390475805,43.75567310117026],[4.313834340156571,43.75567188593941],[4.313832810098276,43.75567055808345],[4.313831463012139,43.75566912987335],[4.313811080194013,43.75564511851972],[4.313788153160757,43.75561843776591],[4.313786937814667,43.755616850217386],[4.313785949324753,43.75561518199094],[4.313785197750987,43.75561345006432],[4.313784690742209,43.755611672063566],[4.313784433458289,43.75560986608364],[4.313784428517616,43.75560805050417],[4.313784675970445,43.75560624380261],[4.313785173298395,43.755604464365945],[4.313785915440076,43.75560273030372],[4.313786894842598,43.75560105926372],[4.313788101538444,43.7555994682523],[4.313789523246904,43.75559797346139],[4.313791145499067,43.755596590103664],[4.313792951785063,43.755595332257684],[4.313794923722095,43.75559421272472],[4.313797041241518,43.75559324289839],[4.313806805959945,43.75558925536439],[4.313567599999999,43.7553006],[4.313370257507438,43.75538235256848],[4.313370547599899,43.75538347513696],[4.313370759224437,43.755385239325356],[4.313370730628289,43.755387010048565],[4.3133704620882956,43.75538877016289],[4.3133699562043715,43.75539050262733],[4.31336921787434,43.7553921906686],[4.313368254246507,43.755393817943514],[4.313367074650465,43.75539536869716],[4.313365690506757,43.75539682791555],[4.3133641152163085,43.75539818147087],[4.313362364030688,43.75539941625833],[4.313360453904434,43.75540052032303],[4.313358403330924,43.75540148297565],[4.313241575305602,43.75545059054014],[4.3132393997465766,43.75545140390529],[4.313237124264182,43.75545205803751],[4.313234770976015,43.75545254657861],[4.313232362755937,43.755452864780025],[4.313229923011749,43.75545300954886],[4.313227475457664,43.755452979477944],[4.313225043883811,43.75545277485957],[4.313222651924986,43.75545239768262],[4.313220322830931,43.75545185161325],[4.313218079240342,43.75545114195922],[4.313215942960825,43.755450275618365],[4.313213934756922,43.755449261011435],[4.3132120741482805,43.755448108000394],[4.313211881223642,43.75544796228118],[4.313086567032874,43.755499875266146],[4.313086492965829,43.75550153186697]],[[4.313637551375899,43.75565086425628],[4.313637318985279,43.75565259720627],[4.313636856655329,43.75565430576955],[4.313636168713166,43.755655973954994],[4.313635261597516,43.75565758614934],[4.313634143798437,43.755659127263385],[4.313632825777869,43.755660582873176],[4.313631319871713,43.755661939355065],[4.313629640174372,43.755663184013116],[4.313627802406838,43.7556643051981],[4.31362582376955,43.75566529241632],[4.313555772225314,43.75569673655876],[4.313553580330256,43.7556976128585],[4.313551277845884,43.75569832473543],[4.313548888174494,43.75569886495407],[4.313546435604535,43.75569922802371],[4.313543945063765,43.75569941025411],[4.31354144186587,43.75569940979308],[4.3135389514531814,43.75569922664533],[4.313536499138088,43.75569886267237],[4.313534109845747,43.75569832157354],[4.313531807860767,43.755697608848614],[4.3135296165803565,43.75569673174162],[4.313527558276537,43.75569569916743],[4.313525653869753,43.75569452162106],[4.313523922716255,43.755693211071],[4.313522382411353,43.755691780837594],[4.313521048610575,43.755690245457636],[4.313477543703166,43.755634071212704],[4.313476458667894,43.755632493884],[4.31347559169586,43.75563084718959],[4.313474951102195,43.75562914692299],[4.3134745430308294,43.75562740939147],[4.313474371395562,43.75562565125975],[4.313474437842533,43.7556238893901],[4.313474741734421,43.75562214068067],[4.313475280156574,43.75562042190334],[4.313476047944953,43.75561874954293],[4.313477037735666,43.755617139639135],[4.313478240035593,43.755615607632535],[4.31347964331344,43.755614168216624],[4.313481234110329,43.75561283519688],[4.31348299716889,43.755611621358284],[4.313484915579592,43.75561053834283],[4.313486970942923,43.7556095965377],[4.313557084371411,43.75558085163899],[4.3135592368223135,43.755580066549484],[4.313561484127634,43.75557943638905],[4.31356380512194,43.75557896709266],[4.313566177945789,43.7555786630802],[4.3135685802516,43.75557852721489],[4.313570989414131,43.75557856077634],[4.313573382743561,43.75557876344845],[4.313575737699187,43.755579133322456],[4.313578032101716,43.755579666914805],[4.313580244342147,43.75558035920005],[4.3135823535852955,43.75558120365818],[4.313584339966011,43.75558219233594],[4.313586184776286,43.755583315921875],[4.313587870641428,43.75558456383384],[4.313589381683718,43.75558592431885],[4.3135907036719345,43.75558738456369],[4.313634146698108,43.755640859563975],[4.313635264007609,43.75564240086438],[4.313636170611298,43.75564401320997],[4.313636858023866,43.755645681510046],[4.313637319811518,43.75564739015038],[4.313637551652166,43.75564912313905],[4.313637551375899,43.75565086425628]]]},"properties":{"cle":"vivier:30020:003","id_pk":"30020:003","source":"vivier","id_source":"30020:003","insee":"30020","commune":"Aubord","nom":null,"surf_m2":2244.1,"nb_pl_est":59,"nb_places":null,"nb_pl_reel":null,"stat_auto":"public","statut":null,"proprio":"commune","proprio_nm":null,"part_pub":1.0,"acces_osm":null,"payant":null,"sud_canal":null,"avis_ia":"candidat","motif_ia":"Aubord : cour et stationnement d'un équipement communal, véhicules visibles","emprise":"estimee","note_emprise":null,"parcelles":["AC300"],"a_verif":false,"motif_ver":null}},{"type":"Feature","geometry":{"type":"Polygon","coordinates":[[[4.3154921,43.760910900000006],[4.315693499999999,43.76071790000002],[4.3154798,43.76060259999999],[4.315763800000001,43.76032980000001],[4.315785460393154,43.76034130301315],[4.3157872360841845,43.76034026099105],[4.315789252295964,43.760339296711315],[4.315791388241541,43.760338478983456],[4.315793623707188,43.760337815546144],[4.315795937537368,43.76033731267785],[4.315798307834933,43.76033697513749],[4.315800712168354,43.76033680611946],[4.3158031277839966,43.76033680722325],[4.315805531821465,43.760336978438396],[4.3158079015299275,43.7603373181446],[4.315810214483429,43.76033782312705],[4.315812448793118,43.760338488606784],[4.315814583314396,43.76033930828596],[4.315816597847019,43.76034027440747],[4.315973737641995,43.76042387481006],[4.315975634065727,43.7604249918393],[4.315977369816304,43.760426238561756],[4.315978928082984,43.760427602902936],[4.315980293773954,43.760429071649185],[4.315981453662491,43.76043063057573],[4.315982396515065,43.76043226458438],[4.315983113200136,43.76043395784978],[4.315983596776591,43.76043569397262],[4.315983842560972,43.76043745613857],[4.315983843627758,43.760437792823446],[4.316079838078377,43.7603456170534],[4.315903946930157,43.760256351630986],[4.315860291279096,43.76030187819902],[4.315677993191489,43.7602041817413],[4.31564393756414,43.760235192520206],[4.315456881327235,43.760146553014486],[4.3154609337731475,43.76014246446045],[4.315460609800192,43.76014253007765],[4.315458137508695,43.76014284026566],[4.315455634648906,43.76014296804269],[4.315453126775065,43.76014291210414],[4.315450639492602,43.76014267302116],[4.315448198196713,43.760142253234726],[4.315445827813064,43.76014165703094],[4.3154435525433055,43.760140890497],[4.315441395617973,43.760139961459245],[4.315440234823008,43.76013933859355],[4.315324980158666,43.760252310624],[4.315326871601299,43.760253494180404],[4.3153286610145605,43.76025473185341],[4.315330271659577,43.760256092414544],[4.315331687554856,43.760257562363826],[4.3153328946512906,43.76025912711576],[4.315333880971556,43.760260771144274],[4.315334636728956,43.760262478136625],[4.315335154424535,43.76026423115534],[4.315335428921481,43.760266012806206],[4.315335457496097,43.76026780541103],[4.315335239864835,43.76026959118276],[4.315334778187096,43.76027135240224],[4.315334077043818,43.76027307159397],[4.315333143392018,43.76027473169933],[4.3153319864957576,43.760276316246134],[4.315330617834229,43.760277809511805],[4.315299044760613,43.760308790206594],[4.315297520332737,43.760310143332745],[4.315296880961392,43.76031061004014],[4.3151518,43.76050299999999],[4.3154921,43.760910900000006]],[[4.3155249112491045,43.760336258043594],[4.315525391590392,43.76033452495408],[4.315526104198302,43.76033283437816],[4.315527042197963,43.76033120262557],[4.315528196540053,43.76032964543859],[4.315529556088098,43.76032817784008],[4.315555288534834,43.760303150178125],[4.315555734360279,43.76030161151226],[4.315556462424084,43.76029993392137],[4.3155574129190954,43.76029831584176],[4.3155585767694555,43.76029677272374],[4.315559942862086,43.760295319301825],[4.315612185062599,43.7602451892357],[4.315613751908304,43.76024383030468],[4.315615495444844,43.76024258956499],[4.315617398789516,43.7602414790307],[4.315619443512206,43.76024050945515],[4.315621609813834,43.76023969022674],[4.3156238767180755,43.76023902927806],[4.315626222274469,43.76023853300908],[4.31562862377097,43.7602382062252],[4.315631057953862,43.76023805209065],[4.315633501252929,43.76023807209791],[4.315635930009683,43.760238266053264],[4.315638320706451,43.76023863207865],[4.31564065019409,43.76023916662982],[4.315642895916147,43.760239864530725],[4.31564503612727,43.760240719023585],[4.315647050103768,43.760241721834326],[4.315736347358081,43.7602910424853],[4.315738191695037,43.76029216779401],[4.315739876773884,43.760293417428755],[4.315741386710493,43.76029477961009],[4.315742707271676,43.76029624149763],[4.315743826009364,43.76029778931111],[4.315744732377938,43.76029940846033],[4.315745417833644,43.760301083682634],[4.315745875915123,43.760302799186825],[4.315746102304321,43.76030453880193],[4.315746094867195,43.76030628612978],[4.315745853673831,43.76030802469947],[4.315745380997776,43.76030973812262],[4.315744681294619,43.76031141024792],[4.315743761159982,43.76031302531335],[4.315742629267356,43.760314568094735],[4.315741296286341,43.76031602404928],[4.315735576093101,43.76032165781752],[4.315736064103352,43.76032211490034],[4.315737349179077,43.76032359618814],[4.315738429709902,43.760325160922534],[4.315739295481916,43.76032679431262],[4.315739938311249,43.76032848091852],[4.315740352121427,43.760330204797285],[4.315740533000823,43.76033194965372],[4.3157404792396195,43.76033369899423],[4.315740191345986,43.76033543628289],[4.315739672041261,43.76033714509767],[4.315738926234241,43.76033880928574],[4.3157379609747775,43.76034041311608],[4.31573678538713,43.760341941428166],[4.315735410583725,43.760343379775406],[4.315702596298858,43.760374375581925],[4.315701020741476,43.760375721624456],[4.315699270828531,43.76037694932656],[4.315697363393772,43.76037804687806],[4.315695316786273,43.76037900372074],[4.315693150693921,43.76037981065003],[4.31569088595402,43.76038045990342],[4.315688544352845,43.760380945235255],[4.315686148416061,43.76038126197675],[4.315683721192031,43.76038140708092],[4.3156812860300935,43.76038137915191],[4.315678866355946,43.76038117845839],[4.3156764854463034,43.76038080693096],[4.315674166204968,43.76038026814366],[4.315671930942506,43.760379567279486],[4.315669801161629,43.7603787110806],[4.31566779735033,43.760377707783434],[4.31565918827938,43.76037292880767],[4.315629116608259,43.760402815521715],[4.315627604433302,43.76040417465934],[4.315625917663075,43.76040542119972],[4.315624072173005,43.76040654341078],[4.3156220853323415,43.76040753073055],[4.315619975840692,43.76040837386664],[4.315617763552026,43.760409064883675],[4.315615469287813,43.76040959727797],[4.315613114641058,43.76040996603881],[4.315610721773071,43.760410167695476],[4.3156083132048915,43.76041020035005],[4.3156059116053225,43.7604100636952],[4.315603539577585,43.76040975901708],[4.315601219446574,43.76040928918326],[4.315598973048746,43.760408658615624],[4.315596821526599,43.76040787324898],[4.31559478512968,43.76040694047495],[4.315553322676507,43.76038584155998],[4.3155513821319715,43.76038474619968],[4.315549600623424,43.76038351706914],[4.315547995630232,43.76038216622801],[4.31554658289987,43.76038070693012],[4.3155453762934055,43.7603791534935],[4.315544387649514,43.760377521159775],[4.315543626668307,43.760375825944664],[4.315543100816177,43.76037408448088],[4.315542815252526,43.760372313854866],[4.3155427727791595,43.760370531439236],[4.315542973812783,43.76036875472225],[4.315543416380918,43.76036700113627],[4.315544096141267,43.760365287886664],[4.315545006424305,43.7603636317831],[4.315546138298727,43.76036204907451],[4.315547480659074,43.760360555289715],[4.315547657207495,43.760360378621634],[4.315534657099913,43.760353377505204],[4.315532773210907,43.76035225479398],[4.315531050374846,43.7603510035485],[4.315529505212712,43.76034963584012],[4.31552815263138,43.76034816486372],[4.315527005679809,43.76034660481052],[4.315526075423147,43.76034497073105],[4.315525370835987,43.76034327839001],[4.315524898715781,43.76034154411419],[4.315524663617267,43.76033978463496],[4.315524667808529,43.76033801692681],[4.3155249112491045,43.760336258043594]]]},"properties":{"cle":"vivier:30020:004","id_pk":"30020:004","source":"vivier","id_source":"30020:004","insee":"30020","commune":"Aubord","nom":null,"surf_m2":2191.3,"nb_pl_est":58,"nb_places":null,"nb_pl_reel":null,"stat_auto":"public","statut":null,"proprio":"commune","proprio_nm":null,"part_pub":1.0,"acces_osm":null,"payant":null,"sud_canal":null,"avis_ia":"candidat","motif_ia":"Aubord : aire nue aux abords du gymnase et des courts, arbres épars","emprise":"estimee","note_emprise":null,"parcelles":["AA253"],"a_verif":false,"motif_ver":null}},{"type":"Feature","geometry":{"type":"MultiPolygon","coordinates":[[[[4.3084508,43.75948120000001],[4.3085983,43.759492],[4.308587704540103,43.75956923540765],[4.3085882292088575,43.75956941455968],[4.30871450161586,43.75958981651291],[4.3088646193269575,43.75959781114452],[4.308987816444449,43.75960245343957],[4.309032534830199,43.759592198849326],[4.308754096327801,43.75911094982793],[4.308688584981207,43.75913257065371],[4.308688486121492,43.759132603028874],[4.308602207515494,43.75916063898389],[4.30860141593658,43.75916088047441],[4.308522462028365,43.75918342847984],[4.308519862545078,43.759184015784214],[4.308456778954664,43.75919467333182],[4.308455407954091,43.759194865983645],[4.308454020890043,43.75919498363029],[4.308398272016385,43.75919818194318],[4.308356178520995,43.75921407369935],[4.308330473267185,43.75926258059764],[4.308340851460816,43.75935353737472],[4.308360882275552,43.75940682710911],[4.308478699999999,43.7594433],[4.3084508,43.75948120000001]],[[4.308923559858597,43.759479709299356],[4.30892316296101,43.759481455280195],[4.308922531415198,43.759483164571854],[4.308921671326433,43.7594848206502],[4.30892059100937,43.759486407505555],[4.308919300907661,43.759487909797464],[4.308917813492999,43.75948931300288],[4.308916143144548,43.75949060355672],[4.308914306009935,43.759491768982905],[4.3089123198491555,43.759492798014975],[4.308910203862877,43.75949368070507],[4.308907978506817,43.75949440851998],[4.308697019915662,43.75955454198446],[4.308694735553729,43.75955510193897],[4.3086923870235,43.75955549865079],[4.308689996474917,43.759555728378345],[4.308687586454206,43.759555788955],[4.308685179691251,43.75955567980942],[4.308682798885207,43.75955540197102],[4.308680466490417,43.75955495806019],[4.3086782045046395,43.75955435226363],[4.308676034261574,43.759553590294864],[4.308673976229656,43.75955267934031],[4.308672049819007,43.75955162799157],[4.308670273198378,43.75955044616432],[4.308668663123779,43.759549145004854],[4.30866723478046,43.75954773678494],[4.308666001639688,43.75954623478605],[4.3086649753316895,43.759544653174146],[4.30854853992163,43.75933995579177],[4.308547722818833,43.75933829193679],[4.308547134655863,43.75933657804637],[4.308546781096718,43.759334830625306],[4.308546665546154,43.75933306650127],[4.308546789116903,43.75933130266279],[4.3085471506189545,43.75932955609566],[4.308547746571019,43.75932784361933],[4.308548571234052,43.75932618172497],[4.308549616666524,43.75932458641664],[4.308550872800893,43.75932307305717],[4.308552327540563,43.75932165622023],[4.308553966876368,43.75932034954993],[4.308555775021484,43.75931916562955],[4.308557734563454,43.759318115860204],[4.308559826631878,43.75931721035121],[4.308562031080121,43.75931645782263],[4.308775389370284,43.75925269585803],[4.308777704930635,43.75925209919452],[4.308780090525574,43.75925167135312],[4.308782522787438,43.75925141652473],[4.308784977891453,43.759251337205434],[4.308787431789096,43.75925143417222],[4.308789860443659,43.75925170647526],[4.308792240065699,43.75925215144724],[4.308794547346065,43.75925276472953],[4.308796759684206,43.75925354031485],[4.308798855409566,43.75925447060608],[4.308800813993835,43.7592555464907],[4.308802616252052,43.75925675743013],[4.308804244530511,43.75925809156279],[4.308805682879687,43.75925953582043],[4.308806917210476,43.7592610760561],[4.308807935432193,43.75926269718269],[4.308921971178517,43.75947102305215],[4.3089227588778805,43.759472697942186],[4.308923315835481,43.75947442080214],[4.308923636667074,43.7594761749768],[4.308923718271081,43.75947794350813],[4.308923559858597,43.759479709299356]]],[[[4.30830446457054,43.75935943534697],[4.308304091685903,43.75935822740896],[4.308303873041746,43.759356999792054],[4.308293003041254,43.75926173216654],[4.308292940185108,43.75926052070987],[4.308293027552848,43.75925931005183],[4.308293264439691,43.75925810995845],[4.3082936489347246,43.75925693011062],[4.308294177936322,43.75925578002581],[4.308323936887354,43.759199623692616],[4.308324719025022,43.759198348867926],[4.30832567854525,43.759197139370265],[4.308326805196574,43.75919600812181],[4.308328086941913,43.75919496720876],[4.308329510087172,43.75919402775216],[4.308331059427549,43.7591931997891],[4.30833271840999,43.75919249216551],[4.308384423978712,43.759172971521444],[4.308386121194222,43.75917240726357],[4.308387887837798,43.75917196902591],[4.308389706149204,43.75917166121412],[4.308391557848784,43.75917148692267],[4.308449686775147,43.7591681520676],[4.308510077953643,43.759157949385255],[4.308587362157355,43.75913587822287],[4.308673199292691,43.759107985724995],[4.308739686003785,43.75908604299978],[4.3086166,43.758873300000005],[4.3083942,43.75906869999999],[4.308095799999999,43.75928989999999],[4.308113416393393,43.75930265671458],[4.30811366886778,43.75930246755778],[4.308115480872165,43.75930123919246],[4.308117452960046,43.7593001480203],[4.308119565442722,43.759299204935196],[4.308121797229843,43.75929841935259],[4.308124126039971,43.7592977991155],[4.3081265286230135,43.759297350416176],[4.308128980992362,43.759297077734274],[4.308131458664361,43.75929698379216],[4.308133936902735,43.75929706952773],[4.308136390965559,43.75929733408503],[4.308138796352266,43.75929777482279],[4.308141129048258,43.759298387340856],[4.308143365764653,43.75929916552403],[4.308145484170792,43.75930010160316],[4.30814746311719,43.75930118623278],[4.308149282846674,43.75930240858427],[4.308192229975086,43.7593342922238],[4.308193816904412,43.75933558993534],[4.308195224152549,43.75933699231782],[4.30819643865495,43.75933848635192],[4.308197449136467,43.75934005816742],[4.308198246216025,43.75934169317192],[4.3081988224937176,43.7593433761865],[4.308199172619508,43.75934509158647],[4.308199293342895,43.759346823446464],[4.308199183543089,43.75934855568832],[4.308198844239428,43.75935027223033],[4.3081982785819015,43.75935195713657],[4.308197491821914,43.75935359476477],[4.308196491263534,43.75935516991156],[4.308195997732277,43.759355783429406],[4.308317194778019,43.75939330270504],[4.30830446457054,43.75935943534697]]]]},"properties":{"cle":"vivier:30020:005","id_pk":"30020:005","source":"vivier","id_source":"30020:005","insee":"30020","commune":"Aubord","nom":null,"surf_m2":2019.0,"nb_pl_est":56,"nb_places":null,"nb_pl_reel":null,"stat_auto":"public","statut":null,"proprio":"commune","proprio_nm":null,"part_pub":1.0,"acces_osm":null,"payant":null,"sud_canal":null,"avis_ia":"a_verifier","motif_ia":"Aubord : cour de zone d'activité, stationnement mêlé au stockage","emprise":"estimee","note_emprise":null,"parcelles":["AD280"],"a_verif":true,"motif_ver":"Aubord : cour de zone d'activité, stationnement mêlé au stockage"}},{"type":"Feature","geometry":{"type":"Polygon","coordinates":[[[4.312723000000001,43.755190500000005],[4.312743199999999,43.7551795],[4.312807800000001,43.75524209999999],[4.312755999999999,43.755270100000004],[4.3126456,43.75516319999999],[4.3126121,43.755155899999984],[4.3125672999999995,43.755185499999996],[4.3124912,43.755278600000004],[4.3124899,43.755376399999996],[4.3125507999999995,43.755391499999995],[4.312541399999999,43.75541379999999],[4.3125807,43.755421600000005],[4.3125896,43.75540020000001],[4.312628200000001,43.75540989999999],[4.3128962,43.755237799999996],[4.3127086,43.755139500000006],[4.312697899999999,43.755165700000006],[4.312723000000001,43.755190500000005]]]},"properties":{"cle":"vivier:30020:009","id_pk":"30020:009","source":"vivier","id_source":"30020:009","insee":"30020","commune":"Aubord","nom":null,"surf_m2":524.9,"nb_pl_est":24,"nb_places":null,"nb_pl_reel":null,"stat_auto":"public","statut":null,"proprio":"commune","proprio_nm":null,"part_pub":1.0,"acces_osm":null,"payant":null,"sud_canal":null,"avis_ia":"candidat","motif_ia":"Aubord : aire compactée avec véhicules stationnés, absente des sources","emprise":"estimee","note_emprise":null,"parcelles":["AC319"],"a_verif":false,"motif_ver":null}},{"type":"Feature","geometry":{"type":"Polygon","coordinates":[[[4.3227974,43.7197188],[4.3226838,43.71988439999999],[4.3224699,43.72025419999999],[4.322402699999999,43.7203433],[4.322385800000001,43.720169500000004],[4.3219265,43.72014450000001],[4.3218616,43.72012910000001],[4.321776000000001,43.72009380000001],[4.3217334,43.72006510000001],[4.321588116124764,43.71993141484441],[4.321572432896836,43.71993635757422],[4.321554478987468,43.71994050895569],[4.321536038275017,43.719943322232176],[4.32151729983246,43.71994476855903],[4.321498455785475,43.71994483310705],[4.321495320354869,43.71994472859308],[4.3214874000000005,43.72001790000001],[4.321491900000001,43.720186600000005],[4.3215168,43.72038390000001],[4.3215554,43.720582100000016],[4.3217371,43.720599700000015],[4.3218022,43.720598700000004],[4.3219763,43.72057100000001],[4.3221145,43.720523099999994],[4.3221912,43.720489199999996],[4.322359199999999,43.72038799999999],[4.3224805,43.720301400000004],[4.322532999999999,43.72024230000002],[4.32257437133587,43.72026158889367],[4.322665499046044,43.720127303485576],[4.322721881620672,43.72004383640571],[4.322721917817176,43.72004378890537],[4.3227219480437045,43.72004373882273],[4.322772366382573,43.719970229242605],[4.322773579131462,43.71996866245255],[4.322775001250078,43.71996719117843],[4.322776618562655,43.719965830086],[4.322778414947718,43.719964592742684],[4.322780372498801,43.719963491482375],[4.322782471702923,43.7199625372825],[4.322784691635105,43.719961739654586],[4.322787010166947,43.71996110654941],[4.322789404187203,43.71996064427782],[4.322791849832158,43.71996035744774],[4.322794322723505,43.719960248918284],[4.322796798211337,43.71996031977134],[4.322799251619871,43.71996056930059],[4.3228003019105055,43.719960755071796],[4.322829505158235,43.71991709855017],[4.322829031949583,43.71991679949831],[4.32282737948337,43.71991553100948],[4.322825904183415,43.719914152405565],[4.3228246199218185,43.71991267664945],[4.32282353877436,43.719911117617535],[4.3228226709069535,43.719909489969254],[4.32282202448006,43.719907809009236],[4.322821605571949,43.719906090543375],[4.3228214181215545,43.71990435073028],[4.322821463891436,43.71990260592922],[4.322821742451199,43.719900872546404],[4.322822251181557,43.71989916688066],[4.32282298529894,43.71989750497021],[4.322823937900504,43.71989590244181],[4.322841819293138,43.71986943115372],[4.322835199999999,43.71980829999999],[4.3227974,43.7197188]]]},"properties":{"cle":"vivier:30033:004","id_pk":"30033:004","source":"vivier","id_source":"30033:004","insee":"30033","commune":"Beauvoisin","nom":null,"surf_m2":4055.0,"nb_pl_est":107,"nb_places":null,"nb_pl_reel":null,"stat_auto":"public","statut":null,"proprio":"commune","proprio_nm":null,"part_pub":1.0,"acces_osm":null,"payant":null,"sud_canal":null,"avis_ia":"a_verifier","motif_ia":"Parc du chateau : sol masque par le couvert, impossible de trancher sur image (angle mort D23).","emprise":"estimee","note_emprise":null,"parcelles":["C1092"],"a_verif":true,"motif_ver":"Parc du chateau : sol masque par le couvert, impossible de trancher sur image (angle mort D23)."}},{"type":"Feature","geometry":{"type":"MultiPolygon","coordinates":[[[[4.327193198259919,43.72415429781557],[4.327258639968932,43.724088423567515],[4.327215012162923,43.72391715018356],[4.327131392201408,43.72378540109348],[4.327004144433886,43.723561426975365],[4.326887803617865,43.723569331958494],[4.326851447112858,43.723732701376306],[4.326858718413859,43.723917150183574],[4.326887803617866,43.724035724116916],[4.327033229637891,43.72410159842294],[4.327193198259919,43.72415429781557]]],[[[4.326749648898839,43.723068680967934],[4.326386083848774,43.722994900468244],[4.326167944818736,43.723052870868514],[4.326211572624742,43.723184621569594],[4.326706021092832,43.72321097167505],[4.326749648898839,43.723068680967934]]]]},"properties":{"cle":"vivier:30033:001","id_pk":"30033:001","source":"vivier","id_source":"30033:001","insee":"30033","commune":"Beauvoisin","nom":null,"surf_m2":2202.2,"nb_pl_est":58,"nb_places":null,"nb_pl_reel":null,"stat_auto":"public","statut":null,"proprio":"commune","proprio_nm":null,"part_pub":1.0,"acces_osm":null,"payant":null,"sud_canal":null,"avis_ia":"candidat","motif_ia":"Aire nue compactee a l'est du cimetiere, acces direct depuis la voie : desserte du cimetiere, stationnement visible.","emprise":"tracee","note_emprise":"aire nue au nord-est du cimetiere + apron sud, hors enclos funeraire","parcelles":["B332"],"a_verif":false,"motif_ver":null}},{"type":"Feature","geometry":{"type":"MultiPolygon","coordinates":[[[[4.322409939486533,43.71370561561602],[4.322398246731609,43.71356583174519],[4.322029924951493,43.71355312410442],[4.322065003216267,43.71375221016714],[4.322029924951494,43.713900465316115],[4.321965614799411,43.714036012559944],[4.322366091655568,43.71403601255996],[4.322409939486533,43.71370561561602]]],[[[4.322357322089374,43.714213917852184],[4.322275472804905,43.71419273867844],[4.321965614799411,43.714201210348826],[4.321895458269863,43.71421815368604],[4.321889611892401,43.714298634472364],[4.322351475711913,43.71430287030026],[4.322357322089374,43.714213917852184]]]]},"properties":{"cle":"vivier:30033:007","id_pk":"30033:007","source":"vivier","id_source":"30033:007","insee":"30033","commune":"Beauvoisin","nom":null,"surf_m2":1950.6,"nb_pl_est":55,"nb_places":null,"nb_pl_reel":null,"stat_auto":"public","statut":null,"proprio":"commune","proprio_nm":null,"part_pub":1.0,"acces_osm":null,"payant":null,"sud_canal":null,"avis_ia":"candidat","motif_ia":"Cour compactee avec vehicules stationnes autour d'un batiment communal.","emprise":"tracee","note_emprise":"cour compactee au sud du hangar + bande nord, hors bati","parcelles":["E528"],"a_verif":false,"motif_ver":null}},{"type":"Feature","geometry":{"type":"Polygon","coordinates":[[[4.324938654899596,43.71637803149537],[4.325075447559357,43.716418742484954],[4.325070083141327,43.716443944512264],[4.325536787509917,43.71647883960948],[4.325676262378692,43.716269468721265],[4.3255046010017395,43.71624620524411],[4.3251559138298035,43.7161802920097],[4.32501643896103,43.71614539673861],[4.324938654899596,43.71637803149537]]]},"properties":{"cle":"vivier:30033:011","id_pk":"30033:011","source":"vivier","id_source":"30033:011","insee":"30033","commune":"Beauvoisin","nom":null,"surf_m2":1415.5,"nb_pl_est":47,"nb_places":null,"nb_pl_reel":null,"stat_auto":"public","statut":null,"proprio":"commune","proprio_nm":null,"part_pub":1.0,"acces_osm":null,"payant":null,"sud_canal":null,"avis_ia":"candidat","motif_ia":"Grande aire nue compactee en coeur de lotissement, vehicules stationnes sur le pourtour.","emprise":"tracee","note_emprise":"aire nue compactee, hors bosquet sud-est","parcelles":["C1236"],"a_verif":false,"motif_ver":null}},{"type":"Feature","geometry":{"type":"Polygon","coordinates":[[[4.322173101827502,43.719600717521665],[4.3223121017217645,43.71966114463677],[4.322501141577959,43.71967323005248],[4.32263458147645,43.719592660568374],[4.322629021480679,43.71945569219679],[4.3225567415356645,43.71939123638414],[4.322417741641402,43.71935497995906],[4.322278741747142,43.71937512242015],[4.322184221819043,43.71945569219678],[4.322150861844421,43.719536261865045],[4.322173101827502,43.719600717521665]]]},"properties":{"cle":"vivier:30033:008","id_pk":"30033:008","source":"vivier","id_source":"30033:008","insee":"30033","commune":"Beauvoisin","nom":null,"surf_m2":1065.8,"nb_pl_est":40,"nb_places":null,"nb_pl_reel":null,"stat_auto":"public","statut":null,"proprio":"commune","proprio_nm":null,"part_pub":1.0,"acces_osm":null,"payant":null,"sud_canal":null,"avis_ia":"candidat","motif_ia":"Esplanade nue du chateau, centre ancien : grande surface stabilisee sans affectation visible.","emprise":"tracee","note_emprise":"esplanade nue du chateau, hors boisement","parcelles":["C1688"],"a_verif":false,"motif_ver":null}},{"type":"Feature","geometry":{"type":"Polygon","coordinates":[[[4.3251497189713115,43.71972640792203],[4.324749146322965,43.719725045464486],[4.324700929164517,43.719740507115056],[4.3246421847455085,43.719787112737926],[4.324598302463064,43.71985694277117],[4.324952679250431,43.719869401858205],[4.324952772471825,43.719868782405754],[4.324953267258271,43.71986706649823],[4.324953989880389,43.719865393645236],[4.324954933481652,43.7198637797194],[4.324956089108798,43.71986224003428],[4.324957445796793,43.71986078919897],[4.324958990672859,43.719859440979526],[4.324960709078629,43.71985820816837],[4.324962584709221,43.71985710246285],[4.3249645997679504,43.71985613435433],[4.324966735135187,43.71985531302858],[4.3249689705497785,43.71985464627864],[4.324971284801283,43.71985414043087],[4.324973655931227,43.71985380028495],[4.324976061441456,43.71985362906828],[4.324978478507609,43.719853628405474],[4.325035604580246,43.71985563299226],[4.32503804422876,43.719855806522276],[4.325040448364602,43.71985615379203],[4.325042793524689,43.719856671412366],[4.325045056821512,43.7198573543316],[4.325047216166497,43.71985819588477],[4.325049250485585,43.71985918785877],[4.325051139924899,43.71986032057253],[4.325051594789835,43.7198606532383],[4.325154452860705,43.71986489282872],[4.3251634392777,43.71977970364365],[4.325165768556729,43.71976638066595],[4.325169911763085,43.71975329151322],[4.325175827879267,43.719740565763466],[4.325183458336688,43.71972832939706],[4.325184887657012,43.71972653669094],[4.3251497189713115,43.71972640792203]]]},"properties":{"cle":"vivier:30033:016","id_pk":"30033:016","source":"vivier","id_source":"30033:016","insee":"30033","commune":"Beauvoisin","nom":null,"surf_m2":628.3,"nb_pl_est":27,"nb_places":null,"nb_pl_reel":null,"stat_auto":"public","statut":null,"proprio":"commune","proprio_nm":null,"part_pub":1.0,"acces_osm":null,"payant":null,"sud_canal":null,"avis_ia":"a_verifier","motif_ia":"Esplanade sous couvert d'arbres au centre du village, vehicules stationnes en lisiere : angle mort D23, emprise estimee conservee.","emprise":"estimee","note_emprise":null,"parcelles":["C1276"],"a_verif":true,"motif_ver":"Esplanade sous couvert d'arbres au centre du village, vehicules stationnes en lisiere : angle mort D23, emprise estimee conservee."}},{"type":"Feature","geometry":{"type":"Polygon","coordinates":[[[4.327958822250366,43.722393264956125],[4.328044652938843,43.72246304820083],[4.328205585479736,43.72247855557752],[4.328291416168214,43.72244366397434],[4.3283236026763925,43.72230797421331],[4.328184127807616,43.722265328796375],[4.328007102012634,43.7222459445059],[4.327958822250366,43.722393264956125]]]},"properties":{"cle":"vivier:30033:012","id_pk":"30033:012","source":"vivier","id_source":"30033:012","insee":"30033","commune":"Beauvoisin","nom":null,"surf_m2":569.0,"nb_pl_est":25,"nb_places":null,"nb_pl_reel":null,"stat_auto":"public","statut":null,"proprio":"commune","proprio_nm":null,"part_pub":1.0,"acces_osm":null,"payant":null,"sud_canal":null,"avis_ia":"candidat","motif_ia":"Placette de lotissement : bande nue avec vehicules stationnes, coeur arbore (emprise a tracer sur la partie nue).","emprise":"tracee","note_emprise":"bande nue ouest de la placette, hors coeur arbore","parcelles":["B898"],"a_verif":false,"motif_ver":null}},{"type":"Feature","geometry":{"type":"Polygon","coordinates":[[[4.322723150253296,43.715802258823864],[4.322819709777832,43.71596122691565],[4.3229806423187265,43.715996122294],[4.323071837425232,43.71598449050348],[4.32308793067932,43.715844908841106],[4.3229323625564575,43.71581776792456],[4.322825074195861,43.715790626995705],[4.322723150253296,43.715802258823864]]]},"properties":{"cle":"vivier:30033:015","id_pk":"30033:015","source":"vivier","id_source":"30033:015","insee":"30033","commune":"Beauvoisin","nom":null,"surf_m2":455.8,"nb_pl_est":21,"nb_places":null,"nb_pl_reel":null,"stat_auto":"public","statut":null,"proprio":"commune","proprio_nm":null,"part_pub":1.0,"acces_osm":null,"payant":null,"sud_canal":null,"avis_ia":"a_verifier","motif_ia":"Cour compactee derriere des batiments du centre : stationnement ou cour privative, a confirmer sur place.","emprise":"tracee","note_emprise":"cour compactee, hors bati et plantations","parcelles":["C287"],"a_verif":true,"motif_ver":"Cour compactee derriere des batiments du centre : stationnement ou cour privative, a confirmer sur place."}},{"type":"Feature","geometry":{"type":"Polygon","coordinates":[[[4.347501019947231,43.65225276440568],[4.347788149025291,43.652331726283506],[4.347904552705585,43.65226968481683],[4.347873511724173,43.65217944256903],[4.347640704363585,43.65215688198588],[4.347485499456525,43.652179442569015],[4.347501019947231,43.65225276440568]]]},"properties":{"cle":"vivier:30033:002","id_pk":"30033:002","source":"vivier","id_source":"30033:002","insee":"30033","commune":"Beauvoisin","nom":null,"surf_m2":448.9,"nb_pl_est":21,"nb_places":null,"nb_pl_reel":null,"stat_auto":"public","statut":null,"proprio":"commune","proprio_nm":null,"part_pub":1.0,"acces_osm":null,"payant":null,"sud_canal":null,"avis_ia":"a_verifier","motif_ia":"Terrain de sport enherbe et ses abords nus : la bande nue en peripherie peut servir au stationnement, a confirmer.","emprise":"tracee","note_emprise":"apron nu devant le club-house, hors terrain enherbe","parcelles":["I355"],"a_verif":true,"motif_ver":"Terrain de sport enherbe et ses abords nus : la bande nue en peripherie peut servir au stationnement, a confirmer."}},{"type":"Feature","geometry":{"type":"Polygon","coordinates":[[[4.3245550990104675,43.718617094848625],[4.324748218059541,43.71864811158889],[4.324796497821808,43.71857444680451],[4.324796497821808,43.71847751931865],[4.32473748922348,43.71840773143172],[4.324635565280913,43.71840385432449],[4.324608743190766,43.71844262538533],[4.324549734592438,43.71845037959449],[4.3245550990104675,43.718617094848625]]]},"properties":{"cle":"vivier:30033:017","id_pk":"30033:017","source":"vivier","id_source":"30033:017","insee":"30033","commune":"Beauvoisin","nom":null,"surf_m2":442.2,"nb_pl_est":21,"nb_places":null,"nb_pl_reel":null,"stat_auto":"public","statut":null,"proprio":"commune","proprio_nm":null,"part_pub":1.0,"acces_osm":null,"payant":null,"sud_canal":null,"avis_ia":"candidat","motif_ia":"Placette pavee du centre ancien, places marquees au sol et vehicule stationne : parking reel non cartographie.","emprise":"tracee","note_emprise":"placette pavee marquee au sol","parcelles":["C1564"],"a_verif":false,"motif_ver":null}},{"type":"Feature","geometry":{"type":"Polygon","coordinates":[[[4.314027428627014,43.71801614233636],[4.314478039741515,43.71803165086407],[4.314488768577575,43.71797349386448],[4.314059615135192,43.71794635391209],[4.314027428627014,43.71801614233636]]]},"properties":{"cle":"vivier:30033:018","id_pk":"30033:018","source":"vivier","id_source":"30033:018","insee":"30033","commune":"Beauvoisin","nom":null,"surf_m2":256.2,"nb_pl_est":13,"nb_places":null,"nb_pl_reel":null,"stat_auto":"public","statut":null,"proprio":"commune","proprio_nm":null,"part_pub":1.0,"acces_osm":null,"payant":null,"sud_canal":null,"avis_ia":"a_verifier","motif_ia":"Poche de stationnement marquee le long d'une rue de lotissement, entierement occupee par les riverains : mobilisabilite a juger.","emprise":"tracee","note_emprise":"rangee de places marquees le long de la rue","parcelles":["D1117"],"a_verif":true,"motif_ver":"Poche de stationnement marquee le long d'une rue de lotissement, entierement occupee par les riverains : mobilisabilite a juger."}},{"type":"Feature","geometry":{"type":"Polygon","coordinates":[[[4.283288100000001,43.7620779],[4.2832513,43.762137100000004],[4.2838743,43.76290490000002],[4.283976100000001,43.763041599999994],[4.2841102,43.762908900000006],[4.2845084,43.76312219999999],[4.2848543,43.7625901],[4.2844254,43.762459899999996],[4.285151000000001,43.762679999999996],[4.2851815,43.762637199999986],[4.2851959,43.762615899999986],[4.285047500000001,43.7625671],[4.285060397974615,43.76254790851029],[4.285209400000001,43.76259910000001],[4.285331908068834,43.76241948894799],[4.285331176530556,43.762419491520674],[4.2853288006136445,43.762419333931895],[4.2853264565299485,43.76241901181859],[4.285324165917974,43.7624185281542],[4.285321949922618,43.76241788740351],[4.285219363204575,43.7623839984753],[4.285217207858692,43.76238319211323],[4.285215171342652,43.762382237197016],[4.285213273087044,43.7623811428376],[4.285211531203292,43.762379919476366],[4.285209962310861,43.762378578785544],[4.285208581378686,43.76237713355675],[4.285207401582353,43.76237559757906],[4.2852064341783915,43.762373985507395],[4.28520568839687,43.762372312722675],[4.285205171353338,43.76237059518505],[4.285204887980933,43.76236884928172],[4.285204840983313,43.76236709167051],[4.285205030808866,43.76236533912096],[4.285205455646429,43.76236360835427],[4.285206111442568,43.76236191588384],[4.285206991940257,43.762360277857645],[4.2852405399075115,43.762305883266826],[4.2852416373638675,43.76230431447404],[4.285242940875727,43.76230283081532],[4.285244437992503,43.76230144646194],[4.2852461144143925,43.76230017463663],[4.285247954128944,43.762299027487295],[4.285249939564014,43.76229801597096],[4.285252051755603,43.76229714974924],[4.285254270528997,43.76229643709585],[4.285256574691456,43.76229588481776],[4.285258942234649,43.76229549819008],[4.285261350544862,43.76229528090571],[4.285263776618989,43.76229523504003],[4.285266197284259,43.762295361031136],[4.285268589419557,43.762295657675644],[4.285270930176275,43.76229612214011],[4.2852731971965525,43.76229674998819],[4.285379508123546,43.762330594921025],[4.2853817516610615,43.76233140953129],[4.285383870308138,43.76233238408429],[4.285385842430201,43.76233350862838],[4.285387647888916,43.76233477168027],[4.285388937443107,43.76233587683973],[4.285404199999999,43.762313499999976],[4.2852502999999995,43.7622652],[4.285233727244552,43.76228972906781],[4.285260100000001,43.7622504],[4.285415199999999,43.7622998],[4.2854369,43.762267299999976],[4.2854578,43.7622359],[4.285355820494547,43.76220346772812],[4.285354239962316,43.76220613259763],[4.285353165618227,43.76220772333616],[4.285351880744585,43.76220922984045],[4.285350397784402,43.762210637521115],[4.285348731099018,43.76221193274587],[4.2853468968290125,43.76221310297141],[4.2853449127379015,43.762214136865],[4.285342798040108,43.762215024414125],[4.285340573214885,43.76221575702357],[4.28533825980799,43.762216327598544],[4.285335880223029,43.76221673061345],[4.285333457504496,43.762216962165425],[4.285331015114601,43.76221702001202],[4.2853285767060605,43.76221690359309],[4.285326165893029,43.76221661403601],[4.28532380602242,43.76221615414494],[4.285321519947812,43.762215528373574],[4.2851426802983195,43.76215913953139],[4.285140446830563,43.76215833637757],[4.285138335746914,43.762157374949],[4.2851363683297,43.76215626493808],[4.2851345644129015,43.76215501753512],[4.285132942182219,43.76215364531547],[4.285131517991723,43.762152162112784],[4.285130306198994,43.7621505828796],[4.285129319020376,43.76214892353651],[4.285128566407827,43.76214720081173],[4.285128055948586,43.76214543207247],[4.285127792788685,43.76214363514978],[4.285127779581075,43.76214182815886],[4.285128016458885,43.76214002931637],[4.28512850103407,43.76213825675688],[4.285129228421497,43.76213652834994],[4.285131164117129,43.76213264009105],[4.2850894486396625,43.762118753572445],[4.284705745566347,43.76199672302014],[4.2848850999999994,43.7617004],[4.2845716,43.761751499999995],[4.2841203000000005,43.76182910000001],[4.283288100000001,43.7620779]]]},"properties":{"cle":"vivier:30036:001","id_pk":"30036:001","source":"vivier","id_source":"30036:001","insee":"30036","commune":"Bernis","nom":null,"surf_m2":14855.2,"nb_pl_est":420,"nb_places":null,"nb_pl_reel":null,"stat_auto":"public","statut":null,"proprio":"commune","proprio_nm":null,"part_pub":1.0,"acces_osm":null,"payant":null,"sud_canal":null,"avis_ia":"a_verifier","motif_ia":"Bernis : grande parcelle communale labourée en limite du complexe sportif — cultivée ou réserve foncière, à confirmer","emprise":"estimee","note_emprise":null,"parcelles":["AS109","AS110","AS111","AS112","AS115","AS127","AS43"],"a_verif":true,"motif_ver":"Bernis : grande parcelle communale labourée en limite du complexe sportif — cultivée ou réserve foncière, à confirmer"}},{"type":"Feature","geometry":{"type":"MultiPolygon","coordinates":[[[[4.289213654358614,43.766600184933715],[4.2892132305151245,43.76660066963917],[4.289211747147314,43.76660204894235],[4.289210086065143,43.766603317402954],[4.289208262951633,43.76660446304489],[4.289206295019614,43.766605475051605],[4.289204200849223,43.766606343868304],[4.289202000212471,43.766607061292085],[4.289199713886569,43.76660762054944],[4.28919736345776,43.766608016360145],[4.289194971117511,43.766608244987175],[4.289192559453004,43.76660830427194],[4.289190151233859,43.76660819365475],[4.289187769197176,43.76660791417994],[4.289185435832849,43.76660746848622],[4.2891831731712315,43.76660686078152],[4.289181002575146,43.76660609680353],[4.28917894453817,43.76660518376525],[4.289177018491167,43.766604130287114],[4.289141872493903,43.76658288794099],[4.289098474737778,43.766563510230576],[4.289077833361134,43.76655477492449],[4.2890772570091675,43.76655536005231],[4.289075683013358,43.76655666984502],[4.289073942127912,43.76655786358274],[4.289072050566812,43.76655893014745],[4.2890700259473915,43.76655985960553],[4.289067887126239,43.76656064330035],[4.28906770015668,43.76656069610092],[4.289068025533473,43.76656089770151],[4.289069708477925,43.76656216661639],[4.28907121234875,43.766563548593076],[4.289072522763592,43.76656503041496],[4.289073627190222,43.766566597910604],[4.289074515066378,43.76656823608912],[4.289075177900793,43.76656992928375],[4.289075609354394,43.766571661301505],[4.289075805300933,43.76657341557817],[4.289075763866441,43.7665751753366],[4.289075485447158,43.76657692374729],[4.289074972705739,43.76657864408916],[4.2890742305458,43.76658031990968],[4.289073266065005,43.76658193518201],[4.2889013810315655,43.76683506414338],[4.288900219636294,43.76683658447144],[4.288898861327446,43.766838016539104],[4.288897318768762,43.766839346994956],[4.28889560634178,43.76684056343491],[4.288893740011751,43.76684165451793],[4.288891737178798,43.76684261007159],[4.288889616515685,43.76684342118711],[4.288887397793733,43.766844080302334],[4.288885101698482,43.76684458127222],[4.288882749636843,43.76684491942609],[4.288880363537511,43.766845091611295],[4.288877965646525,43.76684509622253],[4.288875578319854,43.766844933216795],[4.288873223814978,43.76684460411382],[4.288870924083371,43.766844111981904],[4.288868700565846,43.76684346140926],[4.288864060311026,43.76684191093437],[4.288864369049032,43.76684308718954],[4.288864587679668,43.766844838348575],[4.288864569469748,43.7668465966112],[4.288864314593068,43.76684834519471],[4.288863825482417,43.76685006740877],[4.2888631068063665,43.766851746814716],[4.288862165424697,43.76685336738254],[4.28885616038338,43.766862438256304],[4.288855870044183,43.76686286242676],[4.288844902507974,43.766878369594544],[4.2888457130103195,43.76687994508694],[4.288846338956514,43.76688166380802],[4.288846727890834,43.76688341889494],[4.288846876019069,43.76688519322625],[4.288846781896151,43.76688696949271],[4.288846446440263,43.76688873036624],[4.288845872923871,43.76689045866887],[4.288845066941808,43.766892137540424],[4.288844036356694,43.766893750602904],[4.288843773348332,43.76689411402677],[4.288861815167594,43.76691663973644],[4.288862948874127,43.76691823305098],[4.288863858231218,43.76691990019707],[4.288864534216441,43.76692162463373],[4.28886497012283,43.76692338925159],[4.288865161625415,43.766925176542536],[4.288865106824133,43.76692696877355],[4.288864806262686,43.766928748162606],[4.288864262923143,43.766930497055036],[4.288863482196356,43.76693219809877],[4.288862471828477,43.766933834416534],[4.2888409440181094,43.76696450357596],[4.288835063853968,43.76697338579466],[4.288833853143713,43.7669749981946],[4.288832422090825,43.76697651283201],[4.28883078558303,43.76697791394955],[4.288828960645473,43.76697918697096],[4.288826966263606,43.76698031865253],[4.28882482318567,43.76698129722095],[4.288822553706847,43.76698211249586],[4.288820181437319,43.76698275599567],[4.28881773105663,43.76698322102584],[4.288815228056953,43.766983502748474],[4.288771624572406,43.766986770951426],[4.288742885691809,43.76702756810968],[4.288840400000001,43.7670286],[4.289069500000001,43.767091199999996],[4.289150399999999,43.76693530000001],[4.289200389997355,43.76695238906428],[4.289250732036862,43.766880052550455],[4.289251911507512,43.76687854335934],[4.289253285963812,43.766877123456105],[4.289254842640341,43.76687580602823],[4.28925656707929,43.76687460331148],[4.289258443264746,43.766873526476225],[4.289260453771437,43.766872585523636],[4.289262579926571,43.76687178919294],[4.289264801983261,43.76687114488013],[4.289267099303928,43.76687065856933],[4.289269450551975,43.76687033477721],[4.289271833889947,43.766870176511],[4.289274227182352,43.76687018524061],[4.289276608201245,43.76687036088501],[4.2892789548326755,43.76687070181283],[4.289281245282068,43.76687120485769],[4.289283458276639,43.76687186534752],[4.289677800274215,43.767006011376154],[4.289768045632519,43.766868023003646],[4.289769199988246,43.76686646150885],[4.289770560579858,43.76686498982089],[4.289772114225354,43.76686362219813],[4.2897738458723484,43.766862371890646],[4.289775738743911,43.76686125101194],[4.289777774501099,43.76686027042156],[4.28977993342064,43.76685943961988],[4.28978219458601,43.76685876665607],[4.289784536090098,43.766858258050036],[4.289786935247429,43.76685791872942],[4.289789368813969,43.766857751981654],[4.289791813212309,43.76685775942229],[4.289794244760101,43.76685794097924],[4.289796639899493,43.76685829489346],[4.289798975425379,43.76685881773616],[4.289801228710205,43.76685950444176],[4.289886343157674,43.76688909622267],[4.289888492901171,43.766889940368884],[4.2898905176823305,43.76689093362185],[4.289892397874307,43.76689206635362],[4.289894115251807,43.76689332758429],[4.289895653167742,43.7668947050884],[4.2898969967146,43.76689618551328],[4.289898132868943,43.76689775450881],[4.289899050617652,43.76689939686616],[4.2898997410646835,43.766901096665435],[4.289900197517289,43.76690283742998],[4.289900415550915,43.76690460228599],[4.289900393052066,43.76690637412617],[4.289900130238807,43.766908135775516],[4.2898996296586525,43.766909870157754],[4.289898896163862,43.766911560461025],[4.289897936864416,43.766913190300606],[4.289814047215109,43.767038268515726],[4.2899645,43.7668696],[4.289718461236268,43.76679258149015],[4.289717842966977,43.76679354540643],[4.289716726348656,43.76679508657079],[4.289715409506882,43.76679654235118],[4.289713904760342,43.76679789912921],[4.289712226185525,43.766799144212534],[4.289710389485041,43.76680026595377],[4.289708411840726,43.7668012538593],[4.289706311752912,43.766802098687556],[4.289704108867356,43.76680279253536],[4.28970182379147,43.766803328912005],[4.28969947790153,43.76680370279976],[4.289697093142719,43.76680391070104],[4.289694691823822,43.766803950671],[4.289692296408548,43.766803822335675],[4.289689929305373,43.766803526895664],[4.289687612657921,43.76680306711471],[4.289685368137813,43.76680244729395],[4.289598083138201,43.76677477040078],[4.28958085441225,43.766769659114935],[4.289578647002867,43.76676891059514],[4.289576551461673,43.766768008880724],[4.289574587969889,43.76676696265571],[4.289572775437018,43.7667657819958],[4.289571131318749,43.766764478271405],[4.289569671448835,43.766763064038145],[4.289568409886615,43.766761552915824],[4.289567358781613,43.76675995945741],[4.28956652825653,43.76675829900876],[4.289565926309763,43.76675658756094],[4.289565558738365,43.76675484159611],[4.28956542908223,43.76675307792889],[4.289565538589997,43.76675131354433],[4.289565886207022,43.76674956543444],[4.289566468585543,43.76674785043446],[4.289567280116918,43.76674618506078],[4.289567725939529,43.766745395835244],[4.2893585,43.766679900000014],[4.289213654358614,43.766600184933715]],[[4.289219428489648,43.766876735958675],[4.2892173798243185,43.766877664211314],[4.2892152163845,43.76687844379779],[4.289212958648177,43.766879067338955],[4.289210627985895,43.76687952893267],[4.28920824645848,43.766879824209745],[4.289205836608221,43.766879950375234],[4.289203421245498,43.766879906234934],[4.289201023232873,43.76687969220664],[4.289198665268672,43.766879310316234],[4.289196369672151,43.766878764178514],[4.289194158172219,43.7668780589629],[4.289179699569355,43.766872825855906],[4.289179579795041,43.766872877642356],[4.289177441492851,43.76687361211601],[4.289175216436983,43.766874195766874],[4.289172924829303,43.76687462329585],[4.28917058747592,43.76687489082129],[4.289168225598283,43.76687499591425],[4.289165860640504,43.7668749376206],[4.28916351407466,43.766874716469545],[4.289161207205838,43.766874334469016],[4.289158960978711,43.766873795087285],[4.2891567957873695,43.766873103221535],[4.288997782187896,43.76681558574257],[4.288995665719083,43.766814724082245],[4.288993675449143,43.76681371678589],[4.288991830395904,43.76681257347867],[4.288990148189591,43.76681130508533],[4.288988644904361,43.766809923725894],[4.288987334904696,43.766808442599796],[4.288986230708159,43.766806875859814],[4.288985342865776,43.76680523847677],[4.288984679861223,43.766803546096526],[4.2889842480297515,43.766801814890435],[4.288984051497665,43.76680006140089],[4.288984092142885,43.76679830238318],[4.288984369577008,43.766796554645424],[4.288984881149019,43.76679483488795],[4.288985621970622,43.76679315954372],[4.288986584962954,43.766791544621334],[4.289038268553376,43.76671533452685],[4.289039464651531,43.76671377193533],[4.289040868673732,43.76671230300385],[4.289042466778974,43.766710942213315],[4.289044243212961,43.76670970297851],[4.28904618046343,43.76670859751594],[4.289048259432766,43.76670763672335],[4.289050459626289,43.76670683007236],[4.289052759354272,43.76670618551496],[4.2890551359457785,43.766705709405294],[4.289057565972142,43.76670540643686],[4.289060025477932,43.766705279596394],[4.289062490217111,43.76670533013428],[4.289064935892044,43.76670555755232],[4.289067338393041,43.76670595960858],[4.289069674036016,43.7667065323396],[4.28907191979598,43.76670727009927],[4.289230973714164,43.76676658695328],[4.2892330993471655,43.76676747866206],[4.289235093042467,43.76676851817276],[4.289236935299521,43.766769695317834],[4.289238608099021,43.7667709985835],[4.289240095079132,43.76677241522238],[4.289241381695537,43.766773931378175],[4.28924245536369,43.76677553222122],[4.289243305581916,43.766777202093536],[4.289243924034124,43.76677892466188],[4.289243972547004,43.76677914877515],[4.289260006738763,43.76678516306223],[4.289262112383072,43.76678605034221],[4.289264087961012,43.76678708284017],[4.289265914468242,43.76678825062385],[4.289267574334424,43.76678954245961],[4.289269051592242,43.76679094592045],[4.289270332030999,43.76679244750561],[4.28927140333333,43.76679403277037],[4.289272255193677,43.7667956864651],[4.289272879417434,43.76679739268182],[4.289273269999777,43.76679913500734],[4.289273423183421,43.76680089668115],[4.289273337494772,43.766802660756554],[4.289273013758105,43.7668044102638],[4.289272455087628,43.76680612837326],[4.289271666857527,43.76680779855731],[4.28927065665028,43.766809404749424],[4.289227319446877,43.766870216476214],[4.289226107639182,43.766871731288084],[4.289224698444151,43.76687315359171],[4.289223105200462,43.76687446992433],[4.289221342988909,43.76687566782623],[4.289219428489648,43.766876735958675]]],[[[4.288674222911229,43.76678725931803],[4.288676116454459,43.76678612440419],[4.288678155492816,43.76678513065825],[4.288680320063483,43.76678428780934],[4.288682588974654,43.766783604109165],[4.288684940012994,43.76678308625138],[4.288687350161122,43.76678273930595],[4.288689795822961,43.76678256666962],[4.288692253054737,43.766782570032476],[4.288694697799409,43.76678274936165],[4.288697106122185,43.76678310290146],[4.288699454444854,43.766783627190605],[4.288701719776622,43.76678431709615],[4.2887216419109055,43.76679124369891],[4.288758644590025,43.76680380199236],[4.288759218188293,43.766803634088326],[4.288758936453474,43.76680332860658],[4.288757770677655,43.76680174183498],[4.2887568291492535,43.76680007869754],[4.288756121261958,43.766798355787515],[4.288755654078397,43.76679659029451],[4.288755432259674,43.766794799832994],[4.288755458018873,43.76679300226654],[4.2887557310989655,43.766791215529636],[4.288756248775388,43.76678945744869],[4.288757005883221,43.76678774556417],[4.288757994868724,43.766786096955734],[4.288932263088491,43.76653122687487],[4.288931562387642,43.76653099857101],[4.288891488734879,43.76651617294397],[4.2888896795075055,43.76651543289517],[4.288887961964149,43.76651458584562],[4.28887217395769,43.76650607820893],[4.288849516041749,43.766495232472245],[4.288837620344443,43.76649024949106],[4.288836611728391,43.76648980346391],[4.288832892194133,43.766488069298],[4.288768861530378,43.7664585018172],[4.288569332383116,43.76675147532462],[4.288603867322482,43.76676279812876],[4.288606044061978,43.76676360766921],[4.288608100318413,43.766764568504755],[4.288610016133661,43.76676567130946],[4.28861177291272,43.76676690537942],[4.2886133536042035,43.76676825873675],[4.288614742865828,43.76676971824566],[4.288615009129904,43.76677006705143],[4.288672776824816,43.76678831699166],[4.288674222911229,43.76678725931803]]]]},"properties":{"cle":"vivier:30036:004","id_pk":"30036:004","source":"vivier","id_source":"30036:004","insee":"30036","commune":"Bernis","nom":null,"surf_m2":2573.4,"nb_pl_est":68,"nb_places":null,"nb_pl_reel":null,"stat_auto":"public","statut":null,"proprio":"commune","proprio_nm":null,"part_pub":1.0,"acces_osm":null,"payant":null,"sud_canal":null,"avis_ia":"a_verifier","motif_ia":"Bernis : abords arborés d'un équipement du centre, sol masqué","emprise":"estimee","note_emprise":null,"parcelles":["BB207"],"a_verif":true,"motif_ver":"Bernis : abords arborés d'un équipement du centre, sol masqué"}},{"type":"Feature","geometry":{"type":"Polygon","coordinates":[[[4.289690200000001,43.77552750000001],[4.2896648,43.7753321],[4.288863699999999,43.77575499999999],[4.289172600000001,43.77606159999999],[4.2897378999999995,43.7757159],[4.289690200000001,43.77552750000001]],[[4.2892313922191905,43.775888392534824],[4.289228968947347,43.77588853608165],[4.289226537916324,43.77588850726707],[4.289224122420574,43.775888306367136],[4.289221745605698,43.77588793530691],[4.289219430246644,43.77588739764197],[4.289217198529485,43.77588669852427],[4.289215071838822,43.77588584465285],[4.289213070552876,43.7758848442096],[4.2892112138482235,43.77588370678092],[4.289209519516037,43.775882443265786],[4.289208003791617,43.77588106577136],[4.289085999237719,43.775758310738254],[4.289084671147935,43.77575682559395],[4.289083550773471,43.775755253119605],[4.289082648946771,43.775753608518855],[4.289081974387223,43.775751907692715],[4.289081533616864,43.77575016708579],[4.2890813308973055,43.77574840352734],[4.289081368188546,43.775746634068504],[4.289081645130004,43.775744875817495],[4.289082159044019,43.775743145774136],[4.289082904961745,43.775741460665586],[4.289083875671173,43.77573983678442],[4.2890850617868805,43.77573828983133],[4.289086451840772,43.77573683476321],[4.289088032392954,43.7757354856485],[4.289089788161681,43.775734255531276],[4.289091702171124,43.77573315630503],[4.289393721485409,43.775576584851635],[4.289395777991573,43.77557562598161],[4.2893979546633245,43.77557481829593],[4.289400230400181,43.77557416962426],[4.289402583141337,43.775573686254745],[4.289404990079511,43.77557337287315],[4.289407427882047,43.77557323251736],[4.289409872917088,43.77557326654797],[4.2894123014826695,43.7755734746351],[4.289414690036481,43.77557385476156],[4.289417015424078,43.77557440324245],[4.289419255103345,43.77557511476083],[4.289421387363012,43.775575982419284],[4.289423391533124,43.77557699780683],[4.289425248185414,43.7755781510804],[4.289426939321637,43.775579431060216],[4.289428448548041,43.77558082533826],[4.2895492320053705,43.77570449441801],[4.289550537419037,43.77570598021562],[4.2895516361436075,43.77570755135776],[4.289552517655695,43.775709192796384],[4.289553173512333,43.77571088881007],[4.2895535974318335,43.775712623154725],[4.2895537853539585,43.77571437921919],[4.289553735478805,43.775716140184166],[4.289553448284044,43.77571788918351],[4.289552926520352,43.77571960946561],[4.289552175185058,43.775721284553974],[4.289551201474291,43.775722898404894],[4.289550014714048,43.775724435561195],[4.289548626270876,43.77572588130035],[4.289547049443009,43.775727221775284],[4.289545299332992,43.77572844414719],[4.289543392703042,43.775729536708454],[4.289242594452579,43.77588519415132],[4.289240549078254,43.77588614663021],[4.289238384982426,43.77588694964368],[4.2892361229017375,43.77588759549716],[4.2892337845117385,43.77588807800202],[4.2892313922191905,43.775888392534824]]]},"properties":{"cle":"vivier:30036:005","id_pk":"30036:005","source":"vivier","id_source":"30036:005","insee":"30036","commune":"Bernis","nom":null,"surf_m2":2045.8,"nb_pl_est":56,"nb_places":null,"nb_pl_reel":null,"stat_auto":"public","statut":null,"proprio":"commune","proprio_nm":null,"part_pub":1.0,"acces_osm":null,"payant":null,"sud_canal":null,"avis_ia":"candidat","motif_ia":"Bernis : cour avec stationnement autour d'un bâtiment, accès direct depuis la route","emprise":"estimee","note_emprise":null,"parcelles":["AL109"],"a_verif":false,"motif_ver":null}},{"type":"Feature","geometry":{"type":"Polygon","coordinates":[[[4.286353545003346,43.76837011545177],[4.286355451613209,43.768371285850655],[4.286357186282371,43.76837258916522],[4.28635873145069,43.768374012201946],[4.286360071476345,43.768375540555354],[4.286361192794182,43.76837715875389],[4.286362084053031,43.76837885041643],[4.2863627362306165,43.76838059841825],[4.286363142724894,43.76838238506415],[4.28636329942088,43.76838419226791],[4.286363204732307,43.76838600173511],[4.286362859617692,43.768387795148406],[4.286362267570621,43.76838955435298],[4.286361434584397,43.76839126154034],[4.286360369091361,43.7683928994285],[4.286359081877533,43.76839445143707],[4.28632028191217,43.76843630878672],[4.286318844811704,43.76843770760268],[4.286317227637179,43.76843899905546],[4.286315445573034,43.76844017101897],[4.286313515351935,43.76844121248908],[4.286312864659869,43.76844149711525],[4.286649899999999,43.768630800000004],[4.2867470999999995,43.7684953],[4.286766,43.76844369999999],[4.2865713,43.7681315],[4.286464443238779,43.76824789176447],[4.286465022467729,43.768248180681574],[4.286466839464801,43.76824928614936],[4.286468502612237,43.768250512216895],[4.286469996732453,43.76825184769533],[4.286471308190368,43.76825328039735],[4.286472425017843,43.76825479724834],[4.286473337022901,43.76825638440583],[4.286474035882729,43.76825802738566],[4.286474515219641,43.76825971119436],[4.286474770659277,43.76826142046578],[4.286474799870518,43.768263139601345],[4.286474602586769,43.768264852912615],[4.286474180608385,43.76826654476418],[4.286473537786247,43.7682681997165],[4.286472679986618,43.76826980266678],[4.286471615037609,43.76827133898678],[4.28644264668365,43.7683085803703],[4.28644135031041,43.76831007127994],[4.286439858948554,43.76831146316553],[4.286438186896399,43.76831274268252],[4.2864363501846245,43.76831389756354],[4.286434366422577,43.76831491673629],[4.286432254629439,43.76831579042951],[4.286430035051889,43.76831651026672],[4.28642772896998,43.768317069346544],[4.286425358493126,43.76831746230883],[4.286422946348125,43.768317685386066],[4.286420515661264,43.76831773643951],[4.286418089736601,43.7683176149797],[4.286415691832538,43.768317322171136],[4.286413344938827,43.76831686082109],[4.286411071556168,43.768316235352714],[4.286408893480463,43.76831545176265],[4.2864041733137395,43.76831353942207],[4.28635264382759,43.7683696666099],[4.286353545003346,43.76837011545177]],[[4.286472846935077,43.76841246958551],[4.2864710906729835,43.76841125942784],[4.286469505533974,43.768409930983765],[4.286468106612321,43.76840849690325],[4.286466907229051,43.76840697084211],[4.286465918805124,43.768405367332086],[4.286465150752655,43.76840370164239],[4.286464610385305,43.76840198963433],[4.286464302848623,43.76840024761026],[4.28646423107107,43.76839849215838],[4.286464395736116,43.76839673999474],[4.286464795275736,43.76839500780409],[4.286464836628217,43.76839489660635],[4.286437346943753,43.768377823069095],[4.2864357874025485,43.768376766905185],[4.28643435877049,43.7683756175948],[4.286433071601304,43.768374383628235],[4.286425440087827,43.76836637388062],[4.2864241357672155,43.768364847275336],[4.286423047844846,43.76836323408354],[4.28642218714932,43.768361550362094],[4.286421562247529,43.76835981286991],[4.286421179359405,43.76835803890106],[4.286421042295992,43.76835624611273],[4.286421152421527,43.76835445234939],[4.286422211935541,43.76834633998453],[4.286422586951898,43.768344494531284],[4.286423223542879,43.76834268712035],[4.286424114869819,43.768340937168055],[4.286425251357521,43.76833926347345],[4.286426620797138,43.76833768401637],[4.28642820847731,43.76833621576424],[4.286439180355421,43.76832708637688],[4.286440864377625,43.76832581637706],[4.286442711638601,43.76832467174884],[4.2864447044459295,43.76832366345507],[4.286446823713212,43.76832280115283],[4.286449049142867,43.76832209310092],[4.286451359420524,43.76832154608083],[4.286453732419172,43.76832116533171],[4.286469832424022,43.76831917526165],[4.286472400070966,43.768318956806354],[4.286474985143772,43.76831893297216],[4.2864775596289215,43.76831910401733],[4.286480095627632,43.7683194680883],[4.2864825656581855,43.7683200212398],[4.286484942953731,43.7683207574775],[4.286487201752354,43.76832166882306],[4.286489317576243,43.768322745400525],[4.286524781688346,43.76834286612791],[4.28652542419761,43.76834260219333],[4.286527659757492,43.76834188417344],[4.286529981919563,43.76834132895591],[4.286532368170949,43.76834094192347],[4.286534795377437,43.7683407268283],[4.2865372400077675,43.76834068575572],[4.28653967836176,43.7683408191039],[4.2865420868000825,43.768341125580044],[4.28654444197343,43.76834160221298],[4.286546721048885,43.768342244381806],[4.286548901931284,43.76834304586086],[4.28655096347742,43.768343998879956],[4.286552885701026,43.76834509419975],[4.286701536246174,43.768438737069154],[4.286703274115767,43.768439943836384],[4.2867048426232595,43.76844126684952],[4.286706227035879,43.76844269368173],[4.286707414350016,43.768444210930916],[4.286708393413385,43.768445804345816],[4.286709155029764,43.76844745895969],[4.286709692045376,43.76844915923101],[4.286709999416089,43.768450889189324],[4.286710074254791,43.76845263258542],[4.286709915858513,43.768454373043774],[4.286709525715027,43.768456094216525],[4.286708907488876,43.76845777993692],[4.286708066986957,43.76845941437123],[4.286707012103971,43.768460982167404],[4.286705752748277,43.76846246859936],[4.286704300748823,43.76846385970525],[4.286658011054621,43.76850400566323],[4.286656341469216,43.76850531585012],[4.286654501146633,43.7685064998589],[4.286652508157452,43.76850754606344],[4.286650382071335,43.768508444190836],[4.286648143764863,43.76850918542213],[4.286645815216533,43.768509762478956],[4.286643419290956,43.768510169695105],[4.286640979514344,43.76851040307196],[4.2866385198434855,43.768510460317934],[4.286636064430522,43.768510340870954],[4.286633637385786,43.76851004590388],[4.286631262541053,43.768509578313065],[4.286628963215529,43.76850894268992],[4.28662676198688,43.76850814527576],[4.2866246804695285,43.76850719390064],[4.286622739102419,43.76850609790631],[4.286472846935077,43.76841246958551]]]},"properties":{"cle":"vivier:30036:012","id_pk":"30036:012","source":"vivier","id_source":"30036:012","insee":"30036","commune":"Bernis","nom":null,"surf_m2":791.7,"nb_pl_est":33,"nb_places":null,"nb_pl_reel":null,"stat_auto":"public","statut":null,"proprio":"commune","proprio_nm":null,"part_pub":1.0,"acces_osm":null,"payant":null,"sud_canal":null,"avis_ia":"a_verifier","motif_ia":"Bernis : parcelle communale bâtie avec abords dégagés","emprise":"estimee","note_emprise":null,"parcelles":["AT107"],"a_verif":true,"motif_ver":"Bernis : parcelle communale bâtie avec abords dégagés"}},{"type":"Feature","geometry":{"type":"MultiPolygon","coordinates":[[[[4.491957400000001,43.877715800000004],[4.4919049,43.877778],[4.491909200000001,43.877826200000015],[4.491899,43.87792349999999],[4.491775399999999,43.878341],[4.491749900000001,43.878495700000016],[4.4917549,43.87854860000001],[4.492637094589079,43.87865444121883],[4.492649901005305,43.87863666731359],[4.492720061064693,43.87844876780034],[4.492780425332815,43.878271001886866],[4.492701,43.878023999999996],[4.491957400000001,43.877715800000004]],[[4.492397969347447,43.878348184802896],[4.492285406257799,43.87832632153325],[4.492272543978733,43.878310295817556],[4.4923235140777935,43.87816558505845],[4.492344401830974,43.87815539852103],[4.492456917579054,43.87817546219679],[4.492469779879487,43.878191487889474],[4.492418833641009,43.87833709848461],[4.492397969347447,43.878348184802896]]],[[[4.4917726,43.878587499999995],[4.491897699999999,43.8788903],[4.492011208047222,43.87922043186431],[4.492012657882625,43.879219061421416],[4.4920145786407515,43.879217613432004],[4.492061324595723,43.87918609527685],[4.492165196961449,43.879099878885015],[4.492372708504639,43.87892662667586],[4.492612393264233,43.878687330105535],[4.492393299999999,43.878656800000016],[4.4917726,43.878587499999995]]],[[[4.4918267,43.879352800000014],[4.4919423,43.8793261],[4.491817199999999,43.878907799999986],[4.4916722,43.87937190000001],[4.4918267,43.879352800000014]]]]},"properties":{"cle":"vivier:30039:002","id_pk":"30039:002","source":"vivier","id_source":"30039:002","insee":"30039","commune":"Bezouce","nom":null,"surf_m2":8651.8,"nb_pl_est":236,"nb_places":null,"nb_pl_reel":null,"stat_auto":"public","statut":null,"proprio":"commune","proprio_nm":null,"part_pub":1.0,"acces_osm":null,"payant":null,"sud_canal":null,"avis_ia":"candidat","motif_ia":"Bezouce : aire nue sous les platanes entre les arènes et le city-stade","emprise":"estimee","note_emprise":null,"parcelles":["AA60","AA63","AA64"],"a_verif":false,"motif_ver":null}},{"type":"Feature","geometry":{"type":"MultiPolygon","coordinates":[[[[4.4964207,43.88123099999999],[4.4953972,43.88108750000001],[4.4953495,43.88110669999999],[4.4953245,43.8811908],[4.4964398,43.8813496],[4.496455700765318,43.88129482261247],[4.496461050100992,43.88127321690292],[4.4964499,43.881247200000004],[4.4964207,43.88123099999999]]],[[[4.495176400000001,43.8814247],[4.495438599999999,43.88047090000001],[4.495432399999999,43.880448299999976],[4.4953994,43.88043009999999],[4.494715509737705,43.88032451455403],[4.494715684954181,43.88032580522435],[4.494715690685956,43.88032752282829],[4.494715470037343,43.880329233006336],[4.494715025017764,43.88033092018394],[4.494708102959524,43.88035171700806],[4.494707427860598,43.880353386276894],[4.494706533166973,43.88035500062149],[4.494705427232945,43.880356544967675],[4.494704120385303,43.88035800489493],[4.494702624826897,43.88035936677096],[4.494700954522688,43.880360617879106],[4.4946991250693555,43.88036174653695],[4.494697153549657,43.88036274220553],[4.4946950583729155,43.88036359558761],[4.494693649824015,43.880364045913794],[4.4946929,43.8803666],[4.494685011418513,43.88036546609484],[4.4946834423167275,43.88036549959806],[4.494681043209591,43.88036538288282],[4.494678670877895,43.88036509922344],[4.494636188113726,43.88035848023173],[4.494635554098573,43.88035835708271],[4.4946282,43.8803573],[4.494611126580194,43.880416396930926],[4.49461203626283,43.88041786038966],[4.494612823449813,43.880419562876185],[4.494613372251534,43.88042131361397],[4.494613677208448,43.88042309518653],[4.4946137352868005,43.88042488987065],[4.494613545908799,43.8804266798127],[4.494613110958369,43.880428447206185],[4.494600463596705,43.88046822427865],[4.494599790743872,43.88046994437774],[4.494598885308108,43.88047160771493],[4.494597756221113,43.88047319788219],[4.494596414620818,43.88047469919323],[4.494594873741504,43.88047609683824],[4.494593607399646,43.88047703666418],[4.494502218144834,43.8807933632913],[4.494521564074836,43.88079676385749],[4.494523887701923,43.880797260092166],[4.494526133596029,43.88079791742114],[4.4945282804663504,43.880798729613],[4.494530307960813,43.880799688968274],[4.4945321968590095,43.880800786392385],[4.494533929254408,43.880802011481904],[4.494535488724095,43.88080335262312],[4.494536860484475,43.88080479710215],[4.494538031531407,43.88080633122555],[4.4945389907634885,43.880807940449984],[4.494539729087296,43.8808096095202],[4.494540239503584,43.88081132261362],[4.494540517173645,43.88081306349027],[4.494540559465178,43.880814815646914],[4.494540365977244,43.88081656247325],[4.494539938544062,43.88081828740959],[4.4945391769357705,43.88082068271074],[4.494539913453858,43.88082115871541],[4.49454159557303,43.880822487379184],[4.494543085627364,43.8808239310195],[4.494544368687796,43.880825475172344],[4.494545431899154,43.88082710436662],[4.494546264608964,43.880828802279204],[4.494546858474172,43.88083055189852],[4.494547207544741,43.88083233569486],[4.494547308323263,43.88083413579614],[4.494547159799998,43.8808359341669],[4.494546763462999,43.88083771278902],[4.494527335058475,43.880903685281794],[4.494526705932131,43.880905401310976],[4.4945258461346285,43.880907064161555],[4.494524764031288,43.88090865765493],[4.494523470150343,43.8809101662873],[4.494521977080502,43.880911575380594],[4.494520299348474,43.880912871225064],[4.494518453277629,43.88091404121292],[4.494516456829182,43.880915073960814],[4.4945143294274414,43.88091595942071],[4.49451209177082,43.88091668897756],[4.494509765630445,43.880917255533234],[4.494507373638354,43.88091765357541],[4.494504939067277,43.8809178792314],[4.494502485604218,43.88091793030568],[4.49450003711999,43.88091780630132],[4.494497617436967,43.88091750842485],[4.494467734184604,43.88091272208538],[4.494353099999999,43.8813095],[4.495176400000001,43.8814247]],[[4.494786587753527,43.88084117563074],[4.494789015675522,43.88084132785016],[4.494791411367773,43.88084165112279],[4.494793751851833,43.88084214234794],[4.494796014678785,43.880842796813994],[4.4947981781445705,43.88084360824358],[4.494800221498149,43.880844568853846],[4.494802125140552,43.88084566943099],[4.4949957639603015,43.88096933272006],[4.495174007521014,43.880994663201335],[4.495176378628157,43.88099508855591],[4.495178680644984,43.880995680029635],[4.495180891384281,43.880996431921766],[4.4951829895385815,43.880997336985445],[4.495184954885529,43.88099838649754],[4.49518676848278,43.88099957034266],[4.49518841285058,43.88100087711073],[4.495189872140232,43.8810022942069],[4.495191132286843,43.881003807972974],[4.4951921811448985,43.88100540381901],[4.495193008605313,43.88100706636398],[4.495193606692864,43.88100877958401],[4.495193969643062,43.88101052696677],[4.49519409395771,43.88101229167072],[4.495193978438622,43.88101405668734],[4.495193624199168,43.88101580500509],[4.4951758139179425,43.88108115724231],[4.495215466785463,43.88110877218056],[4.495217103525342,43.88111002678121],[4.49521856670117,43.881111388950366],[4.495219842873291,43.88111284617619],[4.495220920319726,43.88111438507367],[4.495221789143836,43.881115991507656],[4.4952224413652315,43.88111765072262],[4.495222870993075,43.881119347478275],[4.495223074081102,43.881121066189465],[4.495223048763876,43.88112279106938],[4.4952227952739205,43.88112450627457],[4.495222315939589,43.88112619605041],[4.495221615163671,43.881127844875856],[4.4952206993829575,43.88112943760605],[4.495219577009119,43.881130959611326],[4.495218258351438,43.881132396911674],[4.495216755522118,43.8811337363051],[4.495041275134506,43.881275653697074],[4.495039569759813,43.881276904310724],[4.495037703961997,43.881278028727984],[4.495035695512505,43.88127901623894],[4.495033563541526,43.88127985743768],[4.495031328355775,43.881280544311934],[4.495029011245074,43.88128107031928],[4.495026634279572,43.88128143044959],[4.495024220099527,43.88128162127269],[4.4950217916996635,43.881281640971004],[4.495019372210147,43.881281489356894],[4.495016984676272,43.881281167874484],[4.495014651838959,43.88128067958586],[4.4950123959181525,43.881280029141855],[4.495010238401173,43.88127922273792],[4.495008199838061,43.88127826805488],[4.495006299645826,43.88127717418597],[4.49480746575006,43.88115077129835],[4.494575225245659,43.88111540859587],[4.494572862634924,43.88111496023335],[4.494570572180171,43.881114346490236],[4.494568375950477,43.88111357328007],[4.49456629510704,43.88111264805297],[4.494564349699282,43.88111157972369],[4.494562558471666,43.881110378585824],[4.494560938683084,43.881109056212644],[4.494559505940578,43.88110762534553],[4.494558274048945,43.881106099771216],[4.494557254877738,43.88110449418899],[4.494556458246893,43.881102824068996],[4.494555891832118,43.88110110550327],[4.4945555610909285,43.88109935505053],[4.494555469210074,43.88109758957686],[4.494555617074825,43.88109582609298],[4.494556003260446,43.8810940815905],[4.494569706373881,43.88104708934364],[4.494570323172815,43.8810453897625],[4.4945711661594565,43.88104374178395],[4.49457222729912,43.881042161115246],[4.494573496477863,43.881040662821995],[4.494574961598883,43.88103926118474],[4.494576608697825,43.88103796956274],[4.494578422075862,43.8810368002667],[4.494580384449339,43.881035764441364],[4.494582477114497,43.881034871959436],[4.494584680125749,43.88103413132729],[4.494586972485778,43.88103354960401],[4.494589332345673,43.881033132334174],[4.494591737213166,43.88103288349479],[4.49459416416702,43.88103280545763],[4.494596590075484,43.88103289896647],[4.494598991816775,43.881033163130056],[4.494628460832912,43.88103747815598],[4.494593312564983,43.881016879044495],[4.49459144194821,43.881015664551214],[4.494589750274993,43.881014319751024],[4.494588254807723,43.88101285836669],[4.494586970806635,43.88101129531068],[4.494585911374096,43.881009646532945],[4.494585087320885,43.88100792885818],[4.494584507055898,43.881006159814106],[4.494584176500331,43.88100435745263],[4.494584099027258,43.881002540165674],[4.494584275427217,43.88100072649741],[4.494584703900139,43.88099893495513],[4.494585380073721,43.88099718382029],[4.494586297048044,43.880995490962086],[4.49458744546598,43.88099387365498],[4.494588813608678,43.88099234840249],[4.494590387515147,43.88099093076881],[4.494664709952286,43.8809305113934],[4.494767054609415,43.88084720601811],[4.49476876066636,43.88084594728489],[4.4947706287708975,43.88084481529724],[4.494772641004963,43.88084382091271],[4.494774778068067,43.88084297366903],[4.494777019462415,43.88084228169255],[4.494779343689515,43.880841751620444],[4.494781728456382,43.880841388536936],[4.4947841508893625,43.880841195924546],[4.494786587753527,43.88084117563074]]]]},"properties":{"cle":"vivier:30039:003","id_pk":"30039:003","source":"vivier","id_source":"30039:003","insee":"30039","commune":"Bezouce","nom":null,"surf_m2":7152.0,"nb_pl_est":193,"nb_places":null,"nb_pl_reel":null,"stat_auto":"public","statut":null,"proprio":"commune","proprio_nm":null,"part_pub":1.0,"acces_osm":null,"payant":null,"sud_canal":null,"avis_ia":"a_verifier","motif_ia":"Bezouce : abords d'un bâtiment communal sous couvert d'arbres","emprise":"estimee","note_emprise":null,"parcelles":["AE172","AE175"],"a_verif":true,"motif_ver":"Bezouce : abords d'un bâtiment communal sous couvert d'arbres"}},{"type":"Feature","geometry":{"type":"Polygon","coordinates":[[[4.491739065108883,43.88204108569272],[4.491739363605323,43.88204045951903],[4.491740250390457,43.88203885400164],[4.49174134606059,43.882037317431944],[4.491742640505915,43.88203586398796],[4.491744121782516,43.88203450708067],[4.491745776222583,43.88203325923028],[4.4917475885605205,43.88203213195081],[4.491749542073806,43.88203113564366],[4.4917516187372915,43.88203027950182],[4.49175379938952,43.88202957142495],[4.491756063909526,43.88202901794648],[4.491758391402498,43.88202862417339],[4.4917607603925696,43.88202839373901],[4.491763149020985,43.88202832876963],[4.491765535247779,43.88202842986466],[4.4917678970551504,43.88202869609133],[4.491770212650616,43.88202912499316],[4.491861588004285,43.88204947833725],[4.491863949691667,43.88205010045483],[4.49186621256632,43.88205089171483],[4.49186835354227,43.88205184404483],[4.491870350777161,43.88205294772906],[4.491872183895085,43.8820541915077],[4.491873834194459,43.88205556269164],[4.491875284838823,43.882057047291966],[4.491875301788733,43.88205706899535],[4.491875829309566,43.882056884897985],[4.491878076379542,43.88205628559936],[4.4918803926950135,43.88205584531964],[4.491882756800087,43.88205556813709],[4.491885146796193,43.88205545661921],[4.491887540544929,43.88205551179902],[4.491889915873147,43.88205573316536],[4.491892250778312,43.88205611866777],[4.491979823724788,43.88207382361613],[4.491982121434718,43.882074376641626],[4.491984333947301,43.88207508858446],[4.49198644031002,43.88207595270258],[4.491988420575598,43.88207696081272],[4.491990255990893,43.88207810336808],[4.4919919291744925,43.88207936954868],[4.4919934242813255,43.88208074736375],[4.491994727152696,43.882082223765394],[4.491995825450382,43.88208378477204],[4.491996708773474,43.882085415600955],[4.491997368756872,43.88208710080815],[4.491997799150505,43.88208882443471],[4.491997995878515,43.88209057015784],[4.491997957077865,43.882092321445555],[4.4919976831159785,43.88209406171309],[4.491997176587255,43.882095774480106],[4.4919969412885274,43.88209641577509],[4.492060510987161,43.88211005522158],[4.492061268509762,43.882108384696416],[4.492062270242815,43.88210674678037],[4.492063492077899,43.882105188982855],[4.492064921916405,43.882103726729184],[4.492066545600073,43.88210237449856],[4.4920683470512,43.882101145680785],[4.49207030843183,43.88210005244354],[4.492072410320395,43.88209910561207],[4.492074631904022,43.88209831456189],[4.4920769511846235,43.88209768712595],[4.492079345196716,43.88209722951712],[4.492081790234833,43.882096946266635],[4.492084262088247,43.88209684017925],[4.492086736280713,43.88209691230542],[4.492089188312818,43.88209716193095],[4.492091593904579,43.88209758658406],[4.492119126268148,43.882103510860894],[4.492119126268174,43.8821035108609],[4.492174191012417,43.88211535939375],[4.492176480911358,43.88211594144723],[4.492178681518436,43.88211668208986],[4.492180771897428,43.88211757427524],[4.4921827321608,43.88211860951532],[4.4921845436589125,43.88211977796095],[4.492186189157454,43.88212106849574],[4.4921876530014035,43.88212246884175],[4.492188921263966,43.88212396567631],[4.49218998187908,43.88212554475878],[4.492190824756201,43.88212719106599],[4.492191441876308,43.882128888935256],[4.492191827368198,43.88213062221331],[4.49219197756434,43.88213237441003],[4.492191891035765,43.88213412885525],[4.492191568605678,43.882135868857475],[4.492191013341603,43.882137577862586],[4.492190838605472,43.8821380180401],[4.4922602,43.882152900000015],[4.492371987374405,43.881819644477225],[4.492371574574613,43.88181958687203],[4.492369239462379,43.881819085589385],[4.492366983295692,43.88181842158064],[4.492312998191799,43.881800257768674],[4.4923108286384785,43.88179943143299],[4.492308782054005,43.881798454671774],[4.492306878309245,43.88179733696869],[4.492305135888191,43.88179608917583],[4.492303571708499,43.88179472340835],[4.492302200957218,43.881793252926904],[4.492301036943348,43.8817916920088],[4.492300090968611,43.88179005580943],[4.492299372217726,43.88178836021515],[4.492298887669226,43.88178662168893],[4.4922986420277065,43.88178485711061],[4.492298637678148,43.88178308361297],[4.492298874662758,43.88178131841542],[4.492299350680568,43.88177957865674],[4.49231881759174,43.88172318214319],[4.492319797784477,43.88171925251994],[4.492320341971106,43.881717549098504],[4.492321112083331,43.88171589190159],[4.492321352092792,43.88171550465768],[4.491924686468128,43.881581323342836],[4.491921363021918,43.881580425121264],[4.491815515587954,43.88155624546402],[4.491712099999999,43.88203529999999],[4.491739065108883,43.88204108569272]]]},"properties":{"cle":"vivier:30039:006","id_pk":"30039:006","source":"vivier","id_source":"30039:006","insee":"30039","commune":"Bezouce","nom":null,"surf_m2":2316.2,"nb_pl_est":61,"nb_places":null,"nb_pl_reel":null,"stat_auto":"public","statut":null,"proprio":"commune","proprio_nm":null,"part_pub":1.0,"acces_osm":null,"payant":null,"sud_canal":null,"avis_ia":"a_verifier","motif_ia":"Bezouce : masse arborée du centre, sol masqué par le couvert","emprise":"estimee","note_emprise":null,"parcelles":["AE7"],"a_verif":true,"motif_ver":"Bezouce : masse arborée du centre, sol masqué par le couvert"}},{"type":"Feature","geometry":{"type":"Polygon","coordinates":[[[4.4904043,43.8814099],[4.490235800000001,43.8813811],[4.490110648668623,43.88179307295517],[4.490135982581107,43.881802752520706],[4.490139288915132,43.881799111752905],[4.490140776435041,43.88179764169603],[4.490142461785195,43.88179628792802],[4.490144327700154,43.88179506431745],[4.49014635506471,43.88179398339948],[4.490148523109693,43.881793056247524],[4.490150809624751,43.88179229235964],[4.490153191185884,43.881791699561425],[4.4901556433953935,43.8817912839258],[4.490158141131841,43.88179104971064],[4.49016065880739,43.88179099931539],[4.490163170629938,43.88179113325631],[4.4901656508673415,43.881791450161195],[4.4901680741110335,43.881791946783636],[4.490170415536309,43.88179261803597],[4.490172651156645,43.881793457041645],[4.490292191589415,43.88184403018841],[4.490294255587069,43.88184500574257],[4.490296175976486,43.88184612424617],[4.490297933904074,43.881847374718255],[4.490299512111227,43.881848744882156],[4.490300895103752,43.881850221286236],[4.490302069303992,43.881851789435764],[4.49030302318412,43.881853433935284],[4.490303747379319,43.88185513863978],[4.490304234779719,43.88185688681319],[4.490304480600202,43.88185866129267],[4.4903044824273834,43.88186044465709],[4.490304240243302,43.88186221939814],[4.490303756425598,43.881863968092134],[4.490303035724173,43.88186567357111],[4.490302085214557,43.88186731909137],[4.490300914228447,43.881868888497884],[4.490299951909806,43.88187003805492],[4.490314722431848,43.88187582840454],[4.490316841719157,43.88187676093154],[4.490318822110555,43.88187784144329],[4.490320643925579,43.88187905920204],[4.4903222890596375,43.881880402106106],[4.490323741163934,43.88188185681016],[4.49032498580793,43.881883408857874],[4.490326010622754,43.88188504282547],[4.4903268054241225,43.88188674247517],[4.490327362313546,43.88188849091639],[4.49032767575682,43.88189027077374],[4.490327742639025,43.881892064359576],[4.490327562295488,43.88189385384983],[4.49032713651838,43.881895621461155],[4.490326469538909,43.8818973496276],[4.490325567985278,43.881899021175236],[4.490324440816808,43.88190061949276],[4.490292745882785,43.88194051522595],[4.49029709295038,43.88194258050172],[4.490299104280924,43.88194364401241],[4.490300958496898,43.88194484766663],[4.4903026370105765,43.88194617939829],[4.490304122995564,43.881947625857336],[4.4903054015554815,43.881949172543635],[4.490306459873299,43.88195080395234],[4.49030728733981,43.88195250372922],[4.490307875659997,43.88195425483481],[4.490308218936174,43.88195603971495],[4.490308313727123,43.881957840477035],[4.490308159082578,43.881959639069144],[4.490307756552767,43.88196141746116],[4.490307110172853,43.881963157825474],[4.490306226422505,43.88196484271563],[4.490305114160927,43.88196645524133],[4.490279608295606,43.88199921668393],[4.4903952,43.8820253],[4.490410818540016,43.881986253744486],[4.490410810221757,43.881986251116565],[4.490408656416178,43.88198537751346],[4.490406632923468,43.88198435381266],[4.490404759669616,43.88198319009495],[4.490403055101149,43.88198189781982],[4.490401536003497,43.881980489712696],[4.490400217335693,43.88197897963968],[4.490399112083069,43.881977382470964],[4.490398231129385,43.88197571393435],[4.490397583149657,43.8819739904605],[4.490397174524729,43.88197222902101],[4.490397009278437,43.8819704469613],[4.490397089037994,43.881968661829895],[4.4903974130179565,43.88196689120559],[4.49039797802797,43.881965152524224],[4.490427175592338,43.88189184669953],[4.490427195902996,43.88189180391962],[4.490427211348172,43.881891757788274],[4.490433270529722,43.8818768341371],[4.490427419748063,43.881875451161214],[4.490425068753469,43.88187479848774],[4.490422820997257,43.881873977293914],[4.490420699498675,43.88187299598962],[4.490418725983952,43.88187186462434],[4.490416920663828,43.881870594784374],[4.4904153020265465,43.88186919947417],[4.49041388664854,43.88186769298306],[4.490412689024655,43.88186609073898],[4.4904117214197266,43.88186440915052],[4.490410993742957,43.88186266543881],[4.490410513446451,43.881860877461136],[4.490410285448893,43.881859063528154],[4.490410312085179,43.881857242216356],[4.490410593082501,43.88185543217773],[4.490411125563152,43.881853651948845],[4.490432061345522,43.88179756061106],[4.490432829882732,43.881795847335276],[4.4904338313221315,43.88179419819833],[4.490435055634366,43.88179262971619],[4.490436490558037,43.881791157597036],[4.49043812172249,43.88178979658405],[4.490439932791743,43.88178856030766],[4.490441905628082,43.88178746114905],[4.490444020473719,43.88178651011622],[4.490445712074732,43.881785909811256],[4.490398899999999,43.8817749],[4.490398211547915,43.88177142571966],[4.490397897200706,43.88177146278346],[4.49039550231718,43.88177157572594],[4.490393103529531,43.88177152127323],[4.490390723150814,43.88177129993183],[4.490388383322848,43.88177091376061],[4.49036336274912,43.88176585484728],[4.490361077128934,43.881765305168344],[4.490358875690479,43.88176459823283],[4.490356779059553,43.88176374066422],[4.490354806879993,43.88176274049726],[4.490352977629607,43.88176160710276],[4.490351308447075,43.88176035109976],[4.490349814971351,43.88175898425609],[4.490348511195149,43.881757519377956],[4.490347534123448,43.88175614564108],[4.490335904163542,43.8817535918778],[4.4903355642318035,43.88175372230619],[4.490333352592303,43.88175438273536],[4.490331063481452,43.88175488647435],[4.490328718063556,43.88175522886583],[4.490326338023513,43.88175540674411],[4.490323945366328,43.881755418464635],[4.490321562213656,43.88175526391902],[4.4903192105992815,43.88175494453614],[4.490316912265396,43.88175446326889],[4.490289356776066,43.881747638771046],[4.490287144648354,43.88174700389897],[4.490285026489346,43.881746219079986],[4.490283021673717,43.881745291492784],[4.490281148539395,43.88174422962195],[4.4902794242198265,43.88174304318035],[4.490277864487251,43.88174174302031],[4.490276483608443,43.8817403410343],[4.490275294214199,43.88173885004622],[4.490274307183829,43.88173728369404],[4.490273531545617,43.881735656305096],[4.490272974394264,43.88173398276501],[4.490272640825978,43.881732278381534],[4.490272533891868,43.881730558744586],[4.490272654570029,43.88172883958358],[4.49027300175661,43.88172713662353],[4.490273572275895,43.88172546544131],[4.490377735189594,43.88147291866605],[4.490378554907887,43.88147123940766],[4.49037960004782,43.88146962696154],[4.4903808603774955,43.8814680971135],[4.49038232355832,43.88146666484067],[4.490383975265796,43.88146534416497],[4.490385799329763,43.88146414801574],[4.490387777892698,43.88146308810324],[4.490389891584545,43.88146217480397],[4.490392119712345,43.88146141705907],[4.490394440462818,43.881460822286854],[4.490396831115916,43.88146039631012],[4.490399268267245,43.881460143299144],[4.490401728057199,43.88146006573089],[4.490404186404543,43.88146016436478],[4.490405472782987,43.8814603091755],[4.4903954,43.881445200000016],[4.4904043,43.8814099]]]},"properties":{"cle":"vivier:30039:007","id_pk":"30039:007","source":"vivier","id_source":"30039:007","insee":"30039","commune":"Bezouce","nom":null,"surf_m2":863.6,"nb_pl_est":35,"nb_places":null,"nb_pl_reel":null,"stat_auto":"public","statut":null,"proprio":"commune","proprio_nm":null,"part_pub":1.0,"acces_osm":null,"payant":null,"sud_canal":null,"avis_ia":"candidat","motif_ia":"Bezouce : cour pavée du centre ancien, véhicules stationnés","emprise":"estimee","note_emprise":null,"parcelles":["AB88"],"a_verif":false,"motif_ver":null}},{"type":"Feature","geometry":{"type":"Polygon","coordinates":[[[4.4907773,43.88194200000001],[4.490713900000001,43.88209079999999],[4.490888259378289,43.88212349255269],[4.491037747173771,43.88214663832512],[4.4910372843569535,43.88214634407342],[4.491035650411371,43.8821450848826],[4.491034190831713,43.882143718225706],[4.4910329190548,43.882142256684105],[4.491031846788545,43.88214071371271],[4.491030983904172,43.882139103516046],[4.491030338345342,43.882137440917546],[4.491029916055023,43.88213574122297],[4.491029720920783,43.88213402007967],[4.491029754738996,43.882132293332404],[4.491030017198314,43.88213057687753],[4.491030505882528,43.882128886516675],[4.491038626500632,43.88210627337543],[4.49103936772233,43.882104563976654],[4.491040340219439,43.8821029163425],[4.491041534357081,43.88210134679667],[4.491042938304508,43.88209987088913],[4.491044538152323,43.882098503242254],[4.4910463180502775,43.88209725740576],[4.4910482603643125,43.88209614572257],[4.491050345851257,43.8820951792065],[4.491052553849484,43.88209436743318],[4.491054862483608,43.88209371844509],[4.491057248881213,43.882093238671985],[4.491059689399456,43.882092932867124],[4.491062159859301,43.88209280406023],[4.491064635785077,43.88209285352743],[4.491067092646959,43.882093080778645],[4.491069506103991,43.88209348356239],[4.491097501996523,43.88209923090353],[4.491130199999999,43.882011],[4.491162209419062,43.881891151035404],[4.491160545569707,43.88189087538452],[4.491081113033927,43.881874747058696],[4.491076693414884,43.88188497708272],[4.491075868054393,43.88188660692106],[4.491074829477509,43.88188817167667],[4.491073587343102,43.88188965679712],[4.491072153203154,43.88189104847064],[4.491070540395325,43.88189233375449],[4.491068763918908,43.8818935006954],[4.491066840295342,43.88189453844064],[4.491064787414552,43.881895437339054],[4.4910626243685705,43.88189618903079],[4.491060371273989,43.88189678652503],[4.491058049084861,43.88189722426501],[4.491055679397827,43.88189749817968],[4.49105328425127,43.88189760572158],[4.491050885920345,43.8818975458906],[4.491048506709827,43.881897319243144],[4.491046168746668,43.881896927887084],[4.490934819675304,43.88187414641765],[4.490932493232822,43.88187357941104],[4.490930255356438,43.88187284935735],[4.490928127827373,43.88187196336223],[4.490926131352844,43.881870930049026],[4.4909242853645015,43.88186975947499],[4.4909226078293205,43.88186846303332],[4.49092111507472,43.881867053342226],[4.490919821629642,43.881865544122235],[4.490918740083159,43.88186395006257],[4.490917880961925,43.88186228667817],[4.490917252627735,43.88186057015876],[4.490916861196133,43.88185881721117],[4.490916710476897,43.88185704489679],[4.490916801936951,43.88185527046557],[4.490917134686092,43.88185351118799],[4.490917705485658,43.88185178418708],[4.490921627425654,43.88184206587075],[4.490843845405384,43.88182585869696],[4.49084150248152,43.881825277729575],[4.490839251011022,43.881824531178424],[4.490837113298661,43.88182362643945],[4.490835110522233,43.881822572475635],[4.490833262522747,43.881821379728365],[4.490831587607879,43.881820060013915],[4.490830102370587,43.881818626406336],[4.490829953100848,43.8818184477158],[4.4907773,43.88194200000001]]]},"properties":{"cle":"vivier:30039:008","id_pk":"30039:008","source":"vivier","id_source":"30039:008","insee":"30039","commune":"Bezouce","nom":null,"surf_m2":829.7,"nb_pl_est":34,"nb_places":null,"nb_pl_reel":null,"stat_auto":"public","statut":null,"proprio":"commune","proprio_nm":null,"part_pub":1.0,"acces_osm":null,"payant":null,"sud_canal":null,"avis_ia":"a_verifier","motif_ia":"Bezouce : placette plantée du centre, 830 m²","emprise":"estimee","note_emprise":null,"parcelles":["AB299","AB313"],"a_verif":true,"motif_ver":"Bezouce : placette plantée du centre, 830 m²"}},{"type":"Feature","geometry":{"type":"Polygon","coordinates":[[[4.4930239,43.879528600000015],[4.493022443723647,43.87960473296784],[4.493022951164154,43.879604798783426],[4.4930252872073755,43.87960527555544],[4.493027547916432,43.87960591468758],[4.49302971178017,43.87960671009836],[4.493031758208932,43.879607654219264],[4.4930336677304865,43.879608738066764],[4.493035422175294,43.879609951327836],[4.493037004849407,43.87961128245798],[4.493038400693313,43.87961271879124],[4.493039596425219,43.87961424666053],[4.4930405806674525,43.87961585152787],[4.493041344054703,43.879617518122565],[4.493041879323148,43.87961923058657],[4.493042181379561,43.87962097262542],[4.493042247349788,43.8796227276632],[4.493038343784588,43.87975336504571],[4.4936621,43.87975219999999],[4.4936795,43.879742000000014],[4.493665399999999,43.87970630000001],[4.49361521361912,43.87968042393992],[4.49357972903493,43.87966825097183],[4.493209600000001,43.87956890000001],[4.4930239,43.879528600000015]]]},"properties":{"cle":"vivier:30039:009","id_pk":"30039:009","source":"vivier","id_source":"30039:009","insee":"30039","commune":"Bezouce","nom":null,"surf_m2":815.6,"nb_pl_est":33,"nb_places":null,"nb_pl_reel":null,"stat_auto":"public","statut":null,"proprio":"commune","proprio_nm":null,"part_pub":1.0,"acces_osm":null,"payant":null,"sud_canal":null,"avis_ia":"candidat","motif_ia":"Bezouce : terrain nu triangulaire en lisière de village, accès direct","emprise":"estimee","note_emprise":null,"parcelles":["AE308"],"a_verif":false,"motif_ver":null}},{"type":"Feature","geometry":{"type":"Polygon","coordinates":[[[4.234789693728089,43.771129029040225],[4.235524996183813,43.771120222438334],[4.23594430088997,43.770979316631696],[4.235713379457593,43.77094849344225],[4.235403458587825,43.77074594065916],[4.23526369035244,43.770622647324956],[4.235196844674648,43.77078116727944],[4.234789693728089,43.771129029040225]]]},"properties":{"cle":"vivier:30043:005","id_pk":"30043:005","source":"vivier","id_source":"30043:005","insee":"30043","commune":"Boissières","nom":null,"surf_m2":2241.9,"nb_pl_est":59,"nb_places":null,"nb_pl_reel":null,"stat_auto":"public","statut":null,"proprio":"commune","proprio_nm":null,"part_pub":1.0,"acces_osm":null,"payant":null,"sud_canal":null,"avis_ia":"candidat","motif_ia":"Boissières : aire en terre desservant le terrain de sport et les maisons, accès direct","emprise":"tracee","note_emprise":"Aire en terre et graviers devant le terrain de sport ; le boisement ouest est exclu","parcelles":["B1153"],"a_verif":false,"motif_ver":null}},{"type":"Feature","geometry":{"type":"Polygon","coordinates":[[[4.233787804841994,43.7743593453717],[4.234435558319091,43.774187892988074],[4.2344047129154205,43.77393444073795],[4.233962595462799,43.77388971375878],[4.2338186502456665,43.77412080279111],[4.233787804841994,43.7743593453717]]]},"properties":{"cle":"vivier:30043:002","id_pk":"30043:002","source":"vivier","id_source":"30043:002","insee":"30043","commune":"Boissières","nom":null,"surf_m2":1843.9,"nb_pl_est":53,"nb_places":null,"nb_pl_reel":null,"stat_auto":"public","statut":null,"proprio":"commune","proprio_nm":null,"part_pub":1.0,"acces_osm":null,"payant":null,"sud_canal":null,"avis_ia":"a_verifier","motif_ia":"Boissières : esplanade en lisière du village, au-dessus du versant boisé — usage à confirmer","emprise":"tracee","note_emprise":"Esplanade en terre en lisière du village ; le versant boisé en contrebas est exclu","parcelles":["B1114"],"a_verif":true,"motif_ver":"Boissières : esplanade en lisière du village, au-dessus du versant boisé — usage à confirmer"}},{"type":"Feature","geometry":{"type":"MultiPolygon","coordinates":[[[[4.4292443742749255,43.80605971760537],[4.429556941032281,43.806086217684566],[4.42955721516263,43.80608624182054],[4.430091366190843,43.80613501592249],[4.430583263749067,43.80617489951657],[4.430583263784713,43.806174899524905],[4.430585364721345,43.80617506986571],[4.430585617657518,43.806175090374055],[4.4305856176532465,43.80617509037305],[4.430644967133679,43.80617990234037],[4.430828463601954,43.80619183746316],[4.431152979936669,43.80620692977335],[4.431256921745169,43.806073340535484],[4.430867189587755,43.806053047167964],[4.430866938741852,43.80605303163673],[4.430495929311795,43.80602639929751],[4.430495724522791,43.80602638293919],[4.430113591239063,43.80599275748465],[4.43008894663482,43.806058640663544],[4.429632404940355,43.805951599693316],[4.429291554456928,43.80592366857951],[4.429237876699124,43.80605915771436],[4.4292443742749255,43.80605971760537]]],[[[4.42923170787056,43.80591876431702],[4.429231615517418,43.805918756410726],[4.4287745130485785,43.80587794731482],[4.428455720896548,43.805849980151095],[4.428403637069435,43.80598582876243],[4.428854646480794,43.80602613436223],[4.429237445239824,43.806059120535835],[4.4292905983541,43.805923590229774],[4.42923170787056,43.80591876431702]]],[[[4.426915552156669,43.805726509309416],[4.426917739331385,43.8057267238488],[4.426919891595765,43.80572707808666],[4.426921991972528,43.805727569228765],[4.426924023893682,43.8057281934009],[4.42697416689945,43.805745537731774],[4.42697643289773,43.805746428900044],[4.426978559191475,43.80574748532166],[4.42698052288862,43.80574869562299],[4.426982302847643,43.8057500467737],[4.427019116864163,43.805781066043416],[4.427020605301919,43.80578245152955],[4.427021900287399,43.80578393544121],[4.427022989500828,43.80578550366131],[4.427023862580018,43.80578714127069],[4.427040162577421,43.80582280038696],[4.427214876520088,43.80585262904722],[4.427558968859012,43.805896549433974],[4.428176458924546,43.805963990789785],[4.428328753684432,43.80597898456425],[4.428358957873016,43.80588423424349],[4.428359526214843,43.80588281223218],[4.428378818148845,43.80584288574025],[4.427802582294214,43.80578265491716],[4.427802519207673,43.80578264816322],[4.427413715786176,43.80574003783485],[4.427413652136353,43.80574003069609],[4.427272817588087,43.80572387393907],[4.427271946244171,43.80572374281744],[4.427271096143724,43.805723552098804],[4.42727027503949,43.80572330352252],[4.427269490419769,43.805722999355545],[4.427268749440132,43.80572264237177],[4.427247337568988,43.805711222267085],[4.42724665893826,43.80571082345909],[4.427246034876304,43.805710380364644],[4.427245470871479,43.8057098968806],[4.427224201710549,43.80568982596839],[4.427192985050472,43.80566714876274],[4.427192619907829,43.80566686789047],[4.427170427566386,43.805648788722806],[4.42707367427567,43.80559687615772],[4.427059554996257,43.80559199234391],[4.427022846737843,43.80558016623312],[4.42695836258939,43.80556872875907],[4.426886430996866,43.80556614158292],[4.426801853906477,43.805570563828354],[4.426881582982412,43.80572428423426],[4.426915552156669,43.805726509309416]]],[[[4.42668449096926,43.80559226160869],[4.426651933785094,43.80559940488768],[4.426612969207635,43.80561285211769],[4.426563676510316,43.805642664071954],[4.426562784219772,43.80564314142461],[4.426533304600421,43.80565702766623],[4.4265327112006325,43.805657285009744],[4.42653209308067,43.805657509770484],[4.426503743562797,43.80566688105324],[4.4265028798093455,43.80566712967659],[4.42650198615494,43.805667314749435],[4.426501071489423,43.80566743443071],[4.426500144911652,43.80566748752986],[4.426499215638983,43.80566747351868],[4.425793661036746,43.80563128162412],[4.425748040771781,43.80574212935325],[4.425746393346705,43.805758071519904],[4.425845625224127,43.805767611157655],[4.426096258343589,43.80578675472846],[4.426234401016467,43.805794256015496],[4.426756599999999,43.805730599999976],[4.42668449096926,43.80559226160869]]],[[[4.425779559752305,43.80589336970594],[4.425818343963858,43.805992776677655],[4.4258540719268185,43.80603289310927],[4.4258815714003585,43.806003238424694],[4.425883236917456,43.80600164188638],[4.425885136854561,43.80600018911198],[4.4258872477270765,43.805998898058796],[4.425949777616342,43.805964778987445],[4.425952016132408,43.80596369020659],[4.425954404356534,43.80596278348413],[4.425956914170792,43.80596206949541],[4.426032271407259,43.80594398318347],[4.426035037689559,43.805943445191446],[4.426037871075337,43.80594314129699],[4.426124723601436,43.805937505012004],[4.426127490419483,43.80593743757902],[4.426130250426209,43.80593759343759],[4.42621994670983,43.805946320399435],[4.426221861264355,43.80594656220419],[4.4262237438735035,43.80594691162083],[4.426306210497014,43.805964733420296],[4.4263081291711295,43.80596521064366],[4.426378217195505,43.80598499440502],[4.426379197351685,43.8059852886799],[4.426507281401622,43.80602608543616],[4.426557023704422,43.80603420465554],[4.426601835018811,43.8060305932936],[4.426644822322874,43.8060151100317],[4.42668379087353,43.8059927091336],[4.426721066508499,43.805968212666016],[4.4267429378914,43.805949366701704],[4.426742070689579,43.80594897442837],[4.426739972974616,43.80594791304146],[4.426738037091188,43.80594670105362],[4.426736283565721,43.805945351315735],[4.426734730991065,43.805943878139274],[4.42670026703265,43.80590742781965],[4.426699024521257,43.805905969273056],[4.4266979791997985,43.805904431749475],[4.426697140546619,43.80590282919027],[4.4266965161661185,43.805901176126504],[4.426682992638827,43.80585725149766],[4.4266825699576575,43.80585545438634],[4.426682400467811,43.805853635527185],[4.426682485908186,43.805851813581285],[4.426682821803061,43.805850026391],[4.426680299141257,43.805849963572186],[4.426657806992841,43.805848545945075],[4.426452626192076,43.80584675599232],[4.426451864697846,43.8058467425844],[4.426292686655111,43.805842524998454],[4.426291499868379,43.80584247707191],[4.426091144748831,43.80583159764258],[4.4260902093144,43.80583153653477],[4.425990832379073,43.805823946110536],[4.425769899237666,43.80585087652747],[4.425779559752305,43.80589336970594]]],[[[4.425877806527328,43.8048983074472],[4.425865686763777,43.80492878163401],[4.425848193052955,43.805068411625214],[4.425850719142285,43.80516971550635],[4.4258507068036455,43.8051702053012],[4.425846971418277,43.80521975592877],[4.4258468842012935,43.80522037932918],[4.425846717531605,43.805220994185],[4.42584647284579,43.80522159519657],[4.425789861678676,43.80534006911455],[4.4257681745928386,43.805394832290595],[4.425776298913867,43.80547534944551],[4.425795380138115,43.805617837706144],[4.4264981642078345,43.805653887490436],[4.426523723448977,43.80564543856826],[4.426552156264137,43.805632045420225],[4.426601925195508,43.80560194544548],[4.426602544061527,43.805601601936296],[4.426603200411913,43.80560129709707],[4.426603889651866,43.805601033061826],[4.426644550333556,43.805587000483],[4.426645194273353,43.80558679941607],[4.426645857266261,43.805586633985754],[4.426677893698375,43.80557960496402],[4.426339500000001,43.80493040000001],[4.4261845,43.8046328],[4.425958978234139,43.804613307601024],[4.42595884961603,43.80462217451991],[4.425958761779898,43.80462303077606],[4.425934571792076,43.80474935165661],[4.425934329501865,43.804750206349325],[4.425888862740388,43.80487050530069],[4.4258888293225445,43.80487059147165],[4.425877806527328,43.8048983074472]]],[[[4.4255466,43.805499299999994],[4.425632358858709,43.80574605244413],[4.425669598804536,43.80575021094805],[4.425727894650529,43.805756216388275],[4.425729529523935,43.80574039573371],[4.425729657771364,43.805739676602585],[4.425729891805557,43.80573897158607],[4.425777413300119,43.80562350434677],[4.425757737092043,43.80547657272358],[4.4257577183546415,43.80547641310823],[4.425749465122986,43.805394618102426],[4.425749441404994,43.80539402418805],[4.425749489903606,43.805393431064395],[4.425749610242951,43.80539284332834],[4.425749801490367,43.80539226553494],[4.425772015034064,43.80533617301856],[4.425772166319223,43.805335826493966],[4.425828432267198,43.80521807511734],[4.425832077983593,43.80516971417466],[4.425829548896715,43.805068288756225],[4.425829585504748,43.805067557003504],[4.4258472052322055,43.804926921545935],[4.425847326920818,43.80492628686718],[4.425847531168026,43.80492566340663],[4.425858932585911,43.80489699546739],[4.425870902353499,43.80486689842733],[4.4259161934689075,43.804747064312636],[4.425940218976135,43.804621602566584],[4.425940362640417,43.8046116985882],[4.425942494865103,43.804464706143584],[4.425934856987669,43.80435713798663],[4.425913060143591,43.804180243527995],[4.425913036560719,43.80418000412785],[4.425898027489767,43.8039767933023],[4.425898017981698,43.803976240171274],[4.425898071050279,43.80397568833423],[4.425898186339,43.803975141498285],[4.42590630369858,43.803944981838704],[4.4259052,43.8039421],[4.425748899999999,43.80452160000001],[4.425735599999999,43.804594],[4.4256763,43.804884299999976],[4.4255466,43.805499299999994]]],[[[4.423192350732472,43.80544408195124],[4.4233197467338075,43.80546802579006],[4.423485439854047,43.805490850941695],[4.424747655779378,43.805639915487376],[4.424747874907387,43.8056399419474],[4.42540701187348,43.805721287058304],[4.425493740072736,43.805730696560396],[4.425462702286257,43.80561740864729],[4.4254405806571295,43.805598607240825],[4.4254102951393195,43.80558400101683],[4.425352260117727,43.80557342824764],[4.42487514852971,43.80551311381944],[4.424455135188192,43.805461909876506],[4.423929226900207,43.80540128311674],[4.4239291135119405,43.805401269525326],[4.423719713777639,43.805375207571444],[4.423461728574892,43.80534437927773],[4.423461646971171,43.80534436925648],[4.423300120584068,43.8053239982361],[4.4231775063943175,43.80544014167714],[4.423192350732472,43.80544408195124]]]]},"properties":{"cle":"vivier:30047:001","id_pk":"30047:001","source":"vivier","id_source":"30047:001","insee":"30047","commune":"Bouillargues","nom":null,"surf_m2":18496.8,"nb_pl_est":523,"nb_places":null,"nb_pl_reel":null,"stat_auto":"public","statut":null,"proprio":"commune","proprio_nm":null,"part_pub":1.0,"acces_osm":null,"payant":null,"sud_canal":null,"avis_ia":"a_verifier","motif_ia":"Alignements et accotements ceinturant un grand terrain ouvert a l'entree du village : le terrain lui-meme n'est pas dans le vivier, a regarder.","emprise":"estimee","note_emprise":null,"parcelles":["ZB1","ZB183","ZB2","ZB244","ZB3","ZB310","ZB4","ZB405","ZB415"],"a_verif":true,"motif_ver":"Alignements et accotements ceinturant un grand terrain ouvert a l'entree du village : le terrain lui-meme n'est pas dans le vivier, a regarder."}},{"type":"Feature","geometry":{"type":"MultiPolygon","coordinates":[[[[4.4285149,43.8001813],[4.428842,43.800271499999994],[4.428632375632603,43.800684104605274],[4.4286516045195725,43.80067269443235],[4.428652966019828,43.8006719590004],[4.428654414306949,43.80067131639833],[4.428655937352181,43.800670771963276],[4.428685526278637,43.8006613838695],[4.428687481534092,43.80066085587522],[4.428689506028927,43.80066048950903],[4.428725418528141,43.800655518677736],[4.428727997746742,43.80065529516542],[4.428767726871239,43.800653874418465],[4.4287690391472205,43.800653861000484],[4.428895837306491,43.80065579912094],[4.428898304564497,43.80065595605902],[4.428926965958732,43.80065918048126],[4.428928595409543,43.80065941812437],[4.428930189145733,43.800659759975844],[4.428931734490032,43.800660203316475],[4.428953032392716,43.80066712437616],[4.428954759838205,43.800667766003045],[4.428956385756292,43.80066853430392],[4.428957892503985,43.80066942094187],[4.428959263731415,43.800670416295915],[4.428975750070785,43.80068370063623],[4.428976986679968,43.8006848096726],[4.428978054908197,43.800686006982176],[4.428978942841163,43.80068727921098],[4.42897964057545,43.800688612169395],[4.428987543671233,43.800706509175434],[4.428987949094231,43.80070757620486],[4.428988232469792,43.80070866370288],[4.428988391893038,43.8007097643593],[4.428990128765477,43.80072954225816],[4.428990163416393,43.8007306386176],[4.4289900750749585,43.80073173339606],[4.428987972812999,43.80074706147018],[4.428987615537864,43.800748670812844],[4.4289869930372365,43.8007502372302],[4.428979899330683,43.8007647307059],[4.42897911780576,43.800766087781454],[4.42897813711667,43.80076737523606],[4.428976968900509,43.80076857779239],[4.428966036053081,43.80077862144174],[4.4289647316534335,43.800779697122024],[4.428963277291793,43.80078066668946],[4.428961689328721,43.80078151923709],[4.428948182064164,43.80078799651021],[4.428946612038964,43.80078867170148],[4.428944958324708,43.80078923237404],[4.4289432367955825,43.80078967314594],[4.428941463976735,43.80078998978617],[4.428920413334792,43.800792965815894],[4.428918362805291,43.80079317087592],[4.428916293526284,43.800793209967416],[4.4288906272779585,43.80079266165275],[4.4287708251037365,43.80079423194827],[4.428679195795053,43.800797228014275],[4.428678050133917,43.80079723993812],[4.428643535719421,43.800796830525314],[4.4286385935068395,43.80079736345426],[4.4286302,43.8008155],[4.4287860555396295,43.800814797547666],[4.428786095321728,43.80081386816278],[4.4287864094289375,43.800812116669604],[4.428786959052562,43.800810395909515],[4.428787738899409,43.800808722454406],[4.428788741459104,43.80080711242053],[4.428789957076439,43.800805581313405],[4.42879137404434,43.80080414387841],[4.428792978716627,43.80080281395882],[4.428794755639426,43.8008016043625],[4.428796687699998,43.80080052673849],[4.428798756291551,43.80079959146491],[4.428800941492425,43.80079880754893],[4.428803222257957,43.8007981825401],[4.4288055766231444,43.80079772245758],[4.42880798191418,43.800797431732214],[4.428810414966821,43.800797313163855],[4.428868800279307,43.80079654787926],[4.428871198965665,43.80079660038129],[4.428873579473703,43.80079682022555],[4.428875919601072,43.80079720536157],[4.428878197522043,43.80079775219732],[4.428880391991065,43.80079845563263],[4.42888248254092,43.8007993091067],[4.428884449673614,43.80080030465944],[4.428886275042225,43.80080143300559],[4.428887941622027,43.80080268362139],[4.428889433869272,43.80080404484268],[4.4288907378661575,43.800805503973706],[4.42889184145064,43.80080704740554],[4.428892734329869,43.80080866074304],[4.428893408176181,43.800810328938994],[4.428893856704768,43.80081203643462],[4.428894075732307,43.80081376730454],[4.4288941080642745,43.80081431041623],[4.428940097728147,43.80081410304927],[4.428940155692107,43.80081274881648],[4.428940469794592,43.80081099732286],[4.428941019413571,43.800809276562],[4.4289417992558935,43.80080760310578],[4.428942801811233,43.80080599307052],[4.428944017424419,43.80080446196165],[4.42894543438842,43.800803024524654],[4.4289470390570935,43.800801694602804],[4.428948815976599,43.800800485003954],[4.42895074803423,43.800799407377234],[4.428952816623223,43.80079847210073],[4.428955001821944,43.80079768818165],[4.428957282585748,43.80079706316961],[4.428959636949649,43.80079660308377],[4.428962042239855,43.800796312355004],[4.428964475292128,43.8007961937832],[4.429006711473466,43.800795640116505],[4.42900916280218,43.80079569565607],[4.429011594632306,43.80079592594535],[4.429013983274825,43.80079632874105],[4.429016305461426,43.80079690011945],[4.429018538571149,43.800797634514595],[4.429020660850752,43.800798524772595],[4.4290226516266165,43.80079956222124],[4.4290244915061265,43.80080073675451],[4.429026162566577,43.80080203693096],[4.42902764852977,43.80080345008533],[4.429028934920575,43.80080496245173],[4.429030009207944,43.80080655929782],[4.42903086092697,43.800808225068366],[4.429031481780841,43.800809943536734],[4.429031865721649,43.80081169796289],[4.429032009009316,43.80081347125653],[4.429033262499937,43.80091335820109],[4.429033234310416,43.80091386467854],[4.429083109293431,43.80091418885966],[4.429083721238359,43.80084369333059],[4.429083858570648,43.80084191354784],[4.429084238311469,43.80084015233427],[4.429084856735657,43.80083842696683],[4.429085707776626,43.800836754370884],[4.429086783085894,43.80083515095411],[4.429088072114973,43.800833632445595],[4.429089562218848,43.80083221374142],[4.429091238780025,43.80083090875867],[4.429093085351918,43.80082973029886],[4.4290950838201955,43.8008286899223],[4.429097214580466,43.80082779783479],[4.429099456730596,43.800827062787455],[4.429101788275755,43.80082649199086],[4.4291041863441745,43.80082609104439],[4.429106627411518,43.80082586388118],[4.429109087531636,43.80082581272965],[4.429204642279946,43.80082725539856],[4.429278428643416,43.800827658101554],[4.429302107259857,43.800627004550016],[4.429302438016394,43.8006252382163],[4.429303008387725,43.80062350424303],[4.429303812778994,43.80062181963898],[4.429304843299822,43.8006202009286],[4.429306089841699,43.80061866398999],[4.429307540177147,43.80061722389914],[4.429309180079657,43.80061589478207],[4.429310993463239,43.80061468967621],[4.429312962540217,43.800613620402586],[4.4293150679957005,43.8006126974498],[4.429317289177052,43.800611929871195],[4.429319604296475,43.80061132519602],[4.42932199064472,43.80061088935562],[4.429324424813852,43.80061062662517],[4.4293268829268575,43.80061053958185],[4.429329340871856,43.80061062907943],[4.429401515863853,43.800615861983665],[4.429406016177523,43.80059950635819],[4.429346225134303,43.8005899898075],[4.4293438939367915,43.800589531704645],[4.429341635162873,43.800588911830374],[4.429339470156162,43.80058813604198],[4.429337419374236,43.80058721167009],[4.429335502195344,43.80058614744925],[4.429333736735289,43.80058495343551],[4.429332139676246,43.80058364091134],[4.429330726109137,43.80058222227904],[4.429329509391022,43.800580710943585],[4.4293285010189,43.80057912118581],[4.4293277105210604,43.80057746802773],[4.429327145367052,43.80057576709033],[4.42932681089711,43.80057403444609],[4.429326710271682,43.80057228646711],[4.429326844441578,43.80057053967042],[4.429327212138977,43.80056881056179],[4.429352381853113,43.8004795400425],[4.429350755903698,43.800479395448605],[4.42934835150684,43.80047900347367],[4.429346012546087,43.80047844091589],[4.429343762030013,43.800477713309185],[4.429341622097147,43.80047682781106],[4.429339613798207,43.80047579313228],[4.429337756889,43.80047461945105],[4.429336069636104,43.80047331831301],[4.429334568637167,43.80047190251754],[4.429333268657638,43.80047038599198],[4.429332182485511,43.80046878365451],[4.429331320805543,43.800467111267444],[4.429330692094133,43.800465385282244],[4.429330302535949,43.80046362267754],[4.429330155963087,43.80046184079225],[4.429330253817371,43.80046005715492],[4.429352995200609,43.80027615280387],[4.429353319094555,43.8002744517796],[4.429353865329077,43.80027278085403],[4.429354628931928,43.80027115523707],[4.429355602952219,43.80026958972633],[4.4293567785236885,43.80026809857218],[4.429358144945407,43.80026669534828],[4.429359689779194,43.800265392827725],[4.4293613989628335,43.800264202867034],[4.429363256938078,43.80026313629809],[4.429365246792279,43.800262202829586],[4.429367350412324,43.80026141095863],[4.429369548649531,43.80026076789343],[4.429371821493939,43.8002602794876],[4.429374148256468,43.80025995018698],[4.429376507757232,43.80025978298908],[4.429378878518337,43.80025977941588],[4.4294177933732835,43.80026106673431],[4.429422863392708,43.80024843054976],[4.429423678233995,43.800246724221026],[4.429424725015674,43.80024508561063],[4.42942599320296,43.80024353120949],[4.429427470032853,43.80024207666104],[4.429429140642592,43.80024073660377],[4.429430988219223,43.80023952452396],[4.429432994168813,43.80023845261992],[4.429435138303572,43.800237531679265],[4.429437399045023,43.80023677097027],[4.429439753641172,43.80023617814869],[4.429442178395476,43.80023575918063],[4.429444648905324,43.800235518282584],[4.429447140307628,43.80023545787894],[4.429449627529039,43.80023557857758],[4.4294520855382835,43.80023587916379],[4.429576848185204,43.800255843775666],[4.429579184740491,43.8002563052152],[4.42958144817821,43.80025692921025],[4.429583616997366,43.80025770983331],[4.429585670595766,43.80025863966903],[4.4295875894657275,43.800259709884656],[4.429589176264829,43.8002607885558],[4.429737611249812,43.799765876539716],[4.4297372097564045,43.799765864373185],[4.4297341466361315,43.799765753256274],[4.429680020922192,43.79976346625829],[4.429667101211757,43.799877941566095],[4.429666794074277,43.79987965037726],[4.4296662627090955,43.799881330080154],[4.4296655119875314,43.79988296527595],[4.429664548791878,43.79988454097388],[4.429663381952301,43.799886042728566],[4.429662022165895,43.799887456772495],[4.429660481898619,43.79988877014232],[4.429658775271007,43.79988997079759],[4.42965691792872,43.799891047731194],[4.429654926899113,43.79989199107024],[4.429652820435138,43.79989279216656],[4.429650617848003,43.799893443676034],[4.429650308834353,43.79989351093699],[4.429640357916869,43.79995540901511],[4.429639973269184,43.79995709788425],[4.4296393688480125,43.79995875264876],[4.429638550120478,43.79996035834083],[4.429637524492162,43.799961900436564],[4.429636301240115,43.799963364987356],[4.429634891428949,43.799964738745935],[4.429633307810754,43.79996600928632],[4.429631564709749,43.799967165116136],[4.429629677892721,43.799968195780636],[4.429627664426409,43.799969091957166],[4.429625542523128,43.79996984553957],[4.429623331376035,43.799970449711545],[4.429621050985527,43.79997089900814],[4.42961872197832,43.799971189365394],[4.429616365420889,43.79997131815694],[4.429614002628904,43.799971284217804],[4.429396276332318,43.79996063898136],[4.429393811396886,43.79996042847445],[4.429391387752241,43.79996004091036],[4.4293890295794505,43.79995948015585],[4.429386760406369,43.79995875180563],[4.4293846028728785,43.79995786312659],[4.4293825785050105,43.7999568229852],[4.429380707500188,43.79995564175912],[4.429379008525698,43.79995433123361],[4.429377498532453,43.79995290448401],[4.429376192585866,43.79995137574519],[4.429375103715546,43.799949760269605],[4.429374242785296,43.7999480741751],[4.429373618384721,43.79994633428411],[4.429373236743538,43.799944557955726],[4.429373101669411,43.7999427629127],[4.429373214509975,43.7999409670644],[4.429384809814545,43.799853239885664],[4.429384380949491,43.7998530841582],[4.429382378629694,43.79985217521168],[4.429380504573582,43.79985113261098],[4.429378775730023,43.799849965785285],[4.429377207734587,43.79984868528736],[4.429375814768139,43.799847302697906],[4.429374609428587,43.799845830521036],[4.429373602616948,43.79984428207106],[4.429372803438762,43.79984267135206],[4.429372219121736,43.799841012931296],[4.429371854950385,43.799839321807454],[4.429371714218238,43.79983761327496],[4.429371798198045,43.799835902785695],[4.429382701916682,43.799741100627436],[4.429381292736505,43.79974075885754],[4.429364728227275,43.79973539356966],[4.429348962626983,43.7997288869379],[4.429334145395538,43.79972130064613],[4.429320417002022,43.799712706613455],[4.429307907592999,43.79970318631255],[4.4292967357587205,43.7996928299972],[4.429287007408881,43.799681735846576],[4.4292788147685815,43.79967000903466],[4.429272235504068,43.79965776073303],[4.429267331986458,43.79964510705698],[4.429264150700498,43.79963216796474],[4.4292627218039256,43.79961906612021],[4.42926305884161,43.79960592573009],[4.429269755216945,43.799533942335366],[4.4291282576121445,43.7994953044903],[4.429113744042605,43.7994907225054],[4.4285149,43.8001813]],[[4.429381263883029,43.800184097452856],[4.429378903258903,43.80018346918008],[4.429376642406485,43.80018267129832],[4.429374504485177,43.800181711980834],[4.429372511395116,43.80018060105454],[4.429370683552832,43.80017934989939],[4.429369039682104,43.80017797133178],[4.429367596622179,43.8001764794733],[4.429366369155246,43.80017488960603],[4.429365369855041,43.800173218016056],[4.429364608958034,43.80017148182654],[4.429364094258568,43.80016969882242],[4.429363831029023,43.80016788726819],[4.4293638219658105,43.800166065720745],[4.429366514149715,43.800124629035764],[4.429366747750483,43.800122872997434],[4.429367217597068,43.80012114196038],[4.429367919174991,43.80011945255707],[4.429368845743217,43.80011782101991],[4.4293699883989275,43.80011626302526],[4.429371336163059,43.800114793542896],[4.429372876085795,43.800113426692164],[4.429374593370994,43.80011217560624],[4.429376471518356,43.800111052305994],[4.42937849248196,43.80011006758449],[4.429380636843665,43.80010923090333],[4.429382883999674,43.800108550301566],[4.429385212358511,43.800108032318725],[4.429387599548478,43.80010768193173],[4.429390022632604,43.800107502507245],[4.42939245832904,43.80010749576923],[4.4293948832347505,43.80010766178248],[4.429502029506756,43.800118857170716],[4.42950447411477,43.80011920397318],[4.42950685849806,43.80011972631273],[4.429509158693684,43.800120418939905],[4.429511351584777,43.80012127489383],[4.42951341513288,43.800122285572186],[4.429515328599422,43.80012344081775],[4.429517072754137,43.80012472902029],[4.429518630068336,43.800126137233484],[4.429519984891067,43.800127651304834],[4.4295211236064,43.80012925601798],[4.429522034770276,43.800130935245626],[4.429522709225514,43.80013267211161],[4.4295231401938455,43.80013444916048],[4.429523323344033,43.800136248532986],[4.429523256835397,43.800138052145485],[4.42951923257148,43.800175906184336],[4.429518920270474,43.80017768294267],[4.42951836568994,43.80017942841965],[4.429517574322385,43.800181125328216],[4.429516554005436,43.80018275686227],[4.429515314844221,43.80018430686324],[4.4295138691112905,43.80018575998002],[4.42951223112507,43.80018710182103],[4.42951041710805,43.80018831909678],[4.429508445026124,43.80018939975143],[4.429506334410651,43.80019033308228],[4.429504106165024,43.800191109845656],[4.429501782357636,43.80019172234855],[4.429499386003321,43.80019216452479],[4.429496940835417,43.80019243199507],[4.429494471070707,43.8001925221104],[4.4294920011695815,43.80019243397825],[4.429386186946347,43.80018482123161],[4.42938370009743,43.800184549680864],[4.429381263883029,43.800184097452856]],[[4.42908168261405,43.80054919393191],[4.429126537994867,43.80055400606094],[4.429128894746306,43.800554343931694],[4.429131195433565,43.800554845066266],[4.429133418550375,43.800555504780185],[4.429135543315575,43.8005563169066],[4.42913754986737,43.80055727385393],[4.429139419448988,43.80055836667689],[4.4291411345840235,43.800559585160016],[4.429142679239794,43.80056091791324],[4.429143551506381,43.80056183818147],[4.429144339472286,43.800562024271585],[4.429146548228991,43.80056272386558],[4.429148652993477,43.80056357518781],[4.429150633955603,43.800564570225596],[4.429152472470461,43.800565699613564],[4.429154151233863,43.80056695272192],[4.429155654445205,43.80056831775634],[4.429156967956177,43.80056978186901],[4.429158079403947,43.800571331279684],[4.429158978327494,43.80057295140524],[4.4291596562660915,43.800574626996955],[4.429160106838931,43.800576342284096],[4.429160325805178,43.80057808112229],[4.429160311103889,43.80057982714553],[4.429160062873412,43.800581563920126],[4.429153396463226,43.80061315238008],[4.4291529080487075,43.80061488911893],[4.429152186148838,43.800616582641084],[4.429151237764736,43.80061821652239],[4.429150072094013,43.80061977491712],[4.42914870044158,43.80062124271163],[4.429147136109999,43.80062260567093],[4.429145394270486,43.80062385057676],[4.429143491815764,43.800624965355716],[4.429141447196244,43.800625939196486],[4.429139280241083,43.80062676265449],[4.429137011965884,43.800627427743684],[4.429134664368872,43.8006279280139],[4.4291322602175525,43.80062825861337],[4.429129822827915,43.800628416335904],[4.429127375838295,43.800628399651856],[4.429111204272682,43.80062771163221],[4.42910874746392,43.80062751794482],[4.429106329368491,43.80062714846194],[4.4291039739041596,43.80062660683824],[4.429101704369196,43.80062589843095],[4.429099543211928,43.80062503024708],[4.429097511808695,43.80062401087397],[4.42909563025242,43.800622850394376],[4.429093917153863,43.80062156028678],[4.429092389457535,43.80062015331186],[4.429091062274107,43.80061864338622],[4.429089948730936,43.80061704544478],[4.429089059842235,43.80061537529301],[4.429088404400114,43.800613649450625],[4.429087988887632,43.80061188498822],[4.429087817414662,43.800610099358344],[4.429087891677247,43.80060831022293],[4.429088184615096,43.80060668163636],[4.429069812830025,43.800604647692126],[4.429067408105435,43.800604292666776],[4.429065063461645,43.800603767563956],[4.429062801769231,43.80060307750577],[4.429060645089625,43.80060222922334],[4.429058614459919,43.80060123099107],[4.429056729687666,43.800600092546134],[4.429055009157661,43.800598824993415],[4.42905346965262,43.800597440697075],[4.429052126189457,43.8005959531601],[4.42905099187282,43.8005943768925],[4.429050077767255,43.800592727269795],[4.429049392789286,43.800591020383045],[4.429048943620432,43.80058927288189],[4.429048734642038,43.80058750181215],[4.429048767892534,43.80058572444948],[4.429049043047563,43.80058395813097],[4.429053517337044,43.80056409880962],[4.429054021826623,43.800562387703266],[4.429054753333716,43.80056072016372],[4.42905570494467,43.80055911195128],[4.429056867665587,43.80055757826551],[4.429058230507318,43.8005561336016],[4.429059780589337,43.80055479161339],[4.429061503261473,43.800553564984284],[4.429063382242369,43.80055246530745],[4.429065399773364,43.80055150297613],[4.429067536786337,43.800550687085554],[4.429069773083912,43.80055002534686],[4.429072087530363,43.80054952401429],[4.429074458251361,43.80054918782604],[4.429076862840717,43.8005490199595],[4.429079278572143,43.80054902200122],[4.42908168261405,43.80054919393191]]],[[[4.428283542374761,43.80030369260597],[4.428302924741446,43.80026473782595],[4.4283038776938755,43.80026308536726],[4.428305052661401,43.800261509682045],[4.4283064380109165,43.800260026370815],[4.428308020026374,43.800258650119474],[4.4283097830445834,43.800257394553995],[4.428311709610292,43.80025627210546],[4.428313780649003,43.80025529388693],[4.4283159756558295,43.80025446958353],[4.428318272898507,43.800253807356555],[4.428320649632559,43.80025331376251],[4.428323082326487,43.80025299368836],[4.428325546894747,43.80025285030309],[4.428327705085641,43.800252880617876],[4.429034997312768,43.79943908172113],[4.429030722565386,43.7994340715475],[4.42902390878757,43.799423919785454],[4.429015569851007,43.799428710513695],[4.429000333627156,43.79943583422877],[4.428984213597492,43.799441851608194],[4.428967362407474,43.79944670567152],[4.428949939626285,43.799450350454016],[4.428932110235803,43.799452751442026],[4.428914043068297,43.799453885899865],[4.428895909207675,43.799453743084925],[4.4288778803693925,43.79945232434959],[4.428863233920218,43.79945011232023],[4.4282448,43.800154],[4.428140302168063,43.800280132652155],[4.4281438259168295,43.80028077006393],[4.4281607672178955,43.80028512776453],[4.42819776715072,43.80029612773966],[4.42821435367991,43.800301763943416],[4.428230095981999,43.8003085525057],[4.428244841915613,43.80031642781861],[4.428258448968584,43.80032531377141],[4.428262175097352,43.8003282769699],[4.428283542374761,43.80030369260597]]]]},"properties":{"cle":"vivier:30047:004","id_pk":"30047:004","source":"vivier","id_source":"30047:004","insee":"30047","commune":"Bouillargues","nom":null,"surf_m2":8226.4,"nb_pl_est":224,"nb_places":null,"nb_pl_reel":null,"stat_auto":"public","statut":null,"proprio":"commune","proprio_nm":null,"part_pub":1.0,"acces_osm":null,"payant":null,"sud_canal":null,"avis_ia":"candidat","motif_ia":"Parc-esplanade du centre sous platanes, sol compacte : angle mort D23, emprise estimee conservee.","emprise":"estimee","note_emprise":null,"parcelles":["AC270","AC313"],"a_verif":false,"motif_ver":null}},{"type":"Feature","geometry":{"type":"MultiPolygon","coordinates":[[[[4.425346717548118,43.80064035987265],[4.4253473639109595,43.80064077181979],[4.425347955019525,43.80064122521769],[4.425348485827509,43.80064171619568],[4.425443748381621,43.800738752391275],[4.425450575819357,43.80073685245352],[4.425451371551202,43.80073666030923],[4.425452187914977,43.80073652076979],[4.425453018295926,43.800736434965856],[4.425453855965717,43.800736403592644],[4.42545469413696,43.800736426904386],[4.425455526018203,43.80073650471218],[4.425577691732048,43.800752007713356],[4.425578547679603,43.80075214669346],[4.425935336162695,43.80082300290478],[4.426257881972221,43.80086642808831],[4.426258405514738,43.80086650991266],[4.426307690650204,43.80087529344612],[4.426317751623813,43.800841652460605],[4.426317642888652,43.800841658147384],[4.426315189541395,43.80084161065217],[4.426312754628696,43.800841388103585],[4.42631036190242,43.80084099267255],[4.426308034702906,43.80084042821638],[4.426222933904772,43.80081634082793],[4.426220711003623,43.800815618777236],[4.426218596407117,43.80081474253909],[4.426216610440884,43.80081372053595],[4.426214772194154,43.80081256259138],[4.426213099336262,43.80081127983558],[4.4262116079468115,43.80080988459855],[4.4262103123611185,43.800808390291344],[4.426209225032417,43.800806811277354],[4.4262083564121575,43.80080516273415],[4.426207714849554,43.80080346050765],[4.426207306511324,43.80080172095972],[4.426207135322413,43.80079996081101],[4.426207202928281,43.800798196980196],[4.426207508679073,43.80079644642129],[4.426208049635874,43.80079472596078],[4.426208820598956,43.80079305213582],[4.426248407139582,43.80071935567819],[4.426130532697984,43.8006871308593],[4.425950395526113,43.80063819254981],[4.42594818237056,43.80063750085806],[4.425946072156145,43.800636657111696],[4.425944084739126,43.800635669250006],[4.42594223882029,43.800634546568425],[4.425940551768975,43.800633299630874],[4.425939039459643,43.80063194017054],[4.425937716122498,43.8006304809794],[4.42593659420959,43.80062893578788],[4.425935684277647,43.80062731913555],[4.4259349948887365,43.800625646234494],[4.425934532529711,43.800623932826014],[4.425934301551156,43.80062219503258],[4.425934304126466,43.800620449206114],[4.425934540231386,43.80061871177412],[4.425935007644244,43.80061699908513],[4.42593570196686,43.80061532725484],[4.4259782686697955,43.80052836759238],[4.425978939594772,43.80052718907955],[4.425913474950346,43.80050803477403],[4.425913185981889,43.800508610079184],[4.42591213687994,43.800510196480275],[4.425910878977573,43.80051170112979],[4.425909424290263,43.80051310965529],[4.425907786713187,43.80051440860254],[4.42590598188848,43.80051558556396],[4.425904027055838,43.80051662929723],[4.425901940887839,43.800517529832604],[4.4258997433115725,43.800518278568134],[4.425897455318312,43.800518868351894],[4.425895098762996,43.800519293550266],[4.425892696155463,43.80051955010174],[4.4258902704454535,43.80051963555575],[4.425887844803379,43.800519549096045],[4.425885442399005,43.80051929154846],[4.425883086180123,43.800518865373114],[4.4258807986533695,43.800518274640844],[4.425814444205699,43.80049844188336],[4.425812294382874,43.80049771037037],[4.425810250812934,43.80049683353],[4.425808332168156,43.800495819374014],[4.4258065559793645,43.80049467716886],[4.425804938475745,43.80049341735097],[4.425803494436566,43.80049205143141],[4.425802237056123,43.80049059189069],[4.4258011778232005,43.80048905206481],[4.425800326416086,43.80048744602326],[4.425799690614141,43.80048578844058],[4.425799276226722,43.800484094462234],[4.425799087040104,43.800482379566276],[4.4257991247828805,43.80048065942186],[4.425799389110173,43.800478949746044],[4.42579987760678,43.80047726616031],[4.425800681397507,43.80047503237771],[4.425475388142111,43.80037985358409],[4.425438933814514,43.800448473774004],[4.4254316106780776,43.80046048117176],[4.425422711883343,43.800471916593914],[4.4254123215864505,43.80048267189415],[4.425400538049027,43.800492645358126],[4.425387472708944,43.800501742665425],[4.42537324912643,43.80050987778139],[4.4253580018155665,43.80051697377109],[4.425341874972151,43.8005229635266],[4.425325021110003,43.80052779040188],[4.425307599618616,43.800531408748355],[4.425305140934965,43.80053173643741],[4.425280399908509,43.80059104246759],[4.425276238869349,43.800599466500785],[4.425346717548118,43.80064035987265]]],[[[4.426188000000001,43.801029800000016],[4.426182900000001,43.80094620000002],[4.4262448,43.800919500000006],[4.4263040287074045,43.80093053555835],[4.4263023867151805,43.800922127538186],[4.426301644556589,43.80090849808085],[4.426302805313462,43.80089488396168],[4.426304234999978,43.800888578461276],[4.426254212699014,43.80087966355125],[4.425931546004707,43.80083622209096],[4.425930784917799,43.80083609551806],[4.425574042933545,43.80076524854086],[4.425454851260276,43.80075012295061],[4.425443684950305,43.800753230308224],[4.425443573245193,43.800753256916565],[4.425443464514687,43.800753289351285],[4.4254433840481955,43.80075330690261],[4.425443305780283,43.80075332906391],[4.4254430594083125,43.80075337931339],[4.425442816266298,43.800753437230256],[4.425442701498072,43.80075345578028],[4.425442588901871,43.80075348033973],[4.425442506447638,43.80075349209404],[4.425442425557523,43.800753508592216],[4.425442173571906,43.800753541109174],[4.425441923762583,43.80075358148595],[4.425441807036607,43.80075359179898],[4.425441691658988,43.80075360824672],[4.42544160801118,43.80075361409081],[4.425441525277794,43.800753624766976],[4.4254412701049,43.8007536392383],[4.4254410160344575,43.80075366168609],[4.4254408984748,43.800753663662825],[4.425440781426983,43.80075367184041],[4.425079511718739,43.80076599842031],[4.425027293644339,43.80109034255554],[4.425890300000001,43.80108570000001],[4.426188000000001,43.801029800000016]]],[[[4.4249773225958355,43.801089946850624],[4.4250307684670895,43.80075797823371],[4.42503116941388,43.80075623606446],[4.425031804196897,43.800754530748385],[4.425032666702817,43.800752878708586],[4.42503374862522,43.80075129585514],[4.425035039544586,43.80074979743175],[4.425036527028648,43.80074839786907],[4.425038196752115,43.80074711064564],[4.425040032634636,43.80074594815812],[4.425042016995663,43.80074492160186],[4.4250441307247215,43.800744040863194],[4.425046353465453,43.80074331442409],[4.425048663811668,43.80074274928055],[4.425051039513485,43.800742350875204],[4.425053457691616,43.80074212304491],[4.425055721041561,43.800742071914925],[4.4250877945790155,43.80068641961484],[4.425078483077575,43.80068590345317],[4.425060093313999,43.80068352561007],[4.425012729173258,43.800675608907525],[4.4249918099516625,43.80073505364463],[4.424991092283648,43.80073674197658],[4.424990149548925,43.800738371217236],[4.424988990829929,43.800739925670236],[4.42498762728992,43.80074139035977],[4.424986072065442,43.80074275117477],[4.424984340139755,43.80074399500492],[4.424982448198493,43.800745109866966],[4.424980414468909,43.80074608502019],[4.424978258544265,43.80074691106978],[4.4249760011950805,43.800747580057426],[4.424973664169008,43.80074808553803],[4.424971269981333,43.80074842264169],[4.424968841698035,43.80074858812071],[4.424966402713587,43.800748580380834],[4.424963976525551,43.80074839949659],[4.4249615865082115,43.80074804721073],[4.424770582154668,43.80071274259783],[4.424768251766399,43.80071222241302],[4.424766002995947,43.80071153929317],[4.424763857500212,43.80071069981705],[4.424761835941506,43.80070971206934],[4.424759957788551,43.80070858556255],[4.424758241128991,43.8007073311456],[4.424756702495196,43.80070596089921],[4.424755356705047,43.80070448801958],[4.424754216719229,43.80070292669138],[4.424753293516416,43.80070129195107],[4.424752595987543,43.800699599542085],[4.424752130850171,43.80069786576324],[4.424751902583811,43.80069610731181],[4.424751913386768,43.80069434112263],[4.424752163154983,43.80069258420506],[4.42475264948303,43.80069085347917],[4.424763832192663,43.80065911572845],[4.424763713792033,43.80065903418835],[4.424762073009057,43.80065764919148],[4.4247606343119,43.800656150966205],[4.424759412493241,43.80065455491725],[4.42475842011581,43.80065287745525],[4.424757667383221,43.80065113582784],[4.42475716203505,43.80064934794245],[4.424756909267268,43.800647532182154],[4.42475691167881,43.80064570721658],[4.424757169244857,43.800643891810054],[4.424757679317088,43.80064210462858],[4.424760772432846,43.80063349509253],[4.4247130925584885,43.800625525471865],[4.424695664478112,43.80062195828259],[4.42467879673674,43.80061718271615],[4.424662648625847,43.80061124387093],[4.424657734584064,43.80060897727211],[4.424657742536595,43.80060971921147],[4.424657524874462,43.80061146863682],[4.424657072796681,43.800613194362626],[4.424642044449426,43.80065839223873],[4.424641353464253,43.80066009615898],[4.424640433990321,43.80066174246079],[4.424639294980105,43.800663315114925],[4.424637947523598,43.800664798809166],[4.424636404740345,43.80066617909749],[4.424634681651695,43.80066744254064],[4.42463279503456,43.800668576837104],[4.424630763258043,43.80066957094269],[4.424628606104614,43.80067041517829],[4.424626344577474,43.80067110132398],[4.42462400069607,43.80067162269907],[4.4246215972816945,43.800671974227136],[4.424619157735286,43.80067215248555],[4.424616705809587,43.800672155738674],[4.424614265377871,43.800671983954835],[4.424611860201499,43.80067163880662],[4.4245794050851845,43.800665762742874],[4.4245770838161365,43.8006652541195],[4.4245748420571855,43.80066458402798],[4.424572701161416,43.80066375885104],[4.424570681521176,43.80066278644865],[4.424568802373831,43.80066167608303],[4.424567081618528,43.800660438330596],[4.424565535645701,43.80065908498116],[4.42456417918096,43.80065762892553],[4.424563025144811,43.800656084032866],[4.424562084529597,43.8006544650185],[4.4245613662948,43.80065278730375],[4.424560877281685,43.80065106686912],[4.424560622148154,43.80064932010197],[4.424560603324366,43.80064756364056],[4.424560820989601,43.80064581421536],[4.424561273070545,43.80064408848991],[4.424576301477874,43.80059889062536],[4.424576992464245,43.800597186705595],[4.424577911938965,43.80059554040438],[4.42457905094952,43.800593967750956],[4.424580398405886,43.800592484057496],[4.424581356208294,43.80059162713661],[4.42458103091413,43.80059165003612],[4.42457859119356,43.800591647681216],[4.424576163551113,43.800591472052204],[4.424573771388925,43.80059112484211],[4.423694957660274,43.80043070041427],[4.423692623229685,43.80043018473701],[4.42369036990353,43.80042950568033],[4.423688219419118,43.80042866979489],[4.423686192521666,43.80042768514431],[4.423684308764169,43.800426561227276],[4.423682586318786,43.800425308885956],[4.423681041801529,43.800423940201384],[4.423679690111978,43.80042246837693],[4.423678544289548,43.80042090761094],[4.4236776153877,43.800419272959786],[4.423676912367304,43.80041758019252],[4.423676442010215,43.80041584563886],[4.423676208853829,43.80041408603165],[4.42367621514733,43.8004123183454],[4.4236764608299834,43.800410559632525],[4.423676943531729,43.80040882685892],[4.423681449921551,43.80039594880946],[4.423603796426177,43.80037998759779],[4.423653800000001,43.8004413],[4.423785499999999,43.8005473],[4.423951000000001,43.80065940000001],[4.4241182,43.8007385],[4.424122100000001,43.80075320000001],[4.424135152955186,43.80075854041071],[4.424135269810637,43.80075803468139],[4.424135904006149,43.80075633371348],[4.424136764793617,43.80075468580972],[4.424137843923567,43.80075310676298],[4.4241679364276,43.80071401235782],[4.424167982926874,43.80071395819513],[4.424168022650677,43.80071390126837],[4.424183249385739,43.800694444783154],[4.4241900585995015,43.800684119696136],[4.424191184133817,43.800682603929964],[4.424192504420413,43.800681172961916],[4.424194007385658,43.80067983987778],[4.424195679285379,43.80067861686823],[4.424197504830554,43.80067751511729],[4.42419946732712,43.800676544700124],[4.424201548828646,43.800675714490914],[4.424203730300432,43.80067503208167],[4.4242059917935865,43.80067450371282],[4.4242083126274485,43.80067413421611],[4.424210671578706,43.800673926970475],[4.424213047075475,43.800673883871156],[4.4242154173945725,43.80067400531225],[4.424217760860158,43.800674290183196],[4.4242200560419604,43.80067473587897],[4.424222281951247,43.80067533832381],[4.424224418232759,43.80067609200855],[4.424250774164864,43.80068654801277],[4.424252913796591,43.800687501738075],[4.424254909528735,43.800688607072196],[4.4242567409602485,43.80068985271606],[4.424258389369605,43.80069122593624],[4.424259837906204,43.80069271269526],[4.424261071762596,43.80069429779495],[4.424262078325868,43.80069596503188],[4.424262847306566,43.800697697362985],[4.424263370843889,43.80069947707982],[4.424263643586037,43.80070128598947],[4.42426366274492,43.80070310560068],[4.42426342812467,43.80070491731274],[4.424262942123627,43.80070670260571],[4.42426220970984,43.800708443229716],[4.424261238370275,43.80071012139149],[4.424260038034281,43.8007117199363],[4.424258196449911,43.800713901872356],[4.424284381533295,43.800723807089994],[4.424284628545422,43.80072361778882],[4.42428648302949,43.8007224521213],[4.4242884872997825,43.80072142470991],[4.42429062178545,43.80072054558685],[4.424292865644141,43.800719823336394],[4.424295196965526,43.800719265011026],[4.4242975929852495,43.80071887606253],[4.424300030307195,43.80071866028885],[4.424302485131954,43.80071861979689],[4.424304933489214,43.80071875498207],[4.424307351471812,43.80071906452435],[4.424309715469177,43.80071954540118],[4.4243120023978815,43.80072019291701],[4.42431418992704,43.8007210007491],[4.424442265557018,43.80077422903443],[4.424444268376988,43.80077515634841],[4.424446139696305,43.8007762180281],[4.424447862390343,43.800777404358016],[4.424449420694549,43.80077870448191],[4.424450800348722,43.80078010650223],[4.424451988727493,43.80078159758895],[4.424452974955881,43.800783164097],[4.424453750008793,43.800784791691086],[4.424454306793622,43.800786465476975],[4.424454640215158,43.80078817013763],[4.424454747222206,43.80078989007356],[4.4244546268355105,43.800791609545456],[4.424454397263112,43.80079273746108],[4.424473299208178,43.80080106587674],[4.424475278016031,43.80080203510609],[4.424477119183948,43.8008031374781],[4.424478805696458,43.80080436280507],[4.424480321967358,43.80080569976287],[4.424481653983762,43.80080713599581],[4.424482789435601,43.800808658230686],[4.424483717829383,43.800810252399515],[4.424484430585181,43.80081190376952],[4.424484921115921,43.800813597079255],[4.424485184888257,43.800815316679724],[4.424485219464472,43.80081704667892],[4.4244850245250005,43.80081877108878],[4.424484601871392,43.80082047397285],[4.424483955409652,43.800822139593606],[4.424483091114155,43.800823752557974],[4.424482016972422,43.800825297959406],[4.424442278031497,43.80087621889089],[4.4244409782816145,43.80087770897883],[4.424439483527928,43.80087909983991],[4.424437808106137,43.800880378134806],[4.42443596808467,43.80088153160379],[4.42443587921947,43.80088157711395],[4.424454527569999,43.800889206704305],[4.4244546254796004,43.800889070034074],[4.424491991995993,43.80084268024689],[4.424493312783172,43.80084121011961],[4.424494824874808,43.80083984009107],[4.424496513909733,43.80083858317322],[4.424498363846261,43.80083745130367],[4.424500357114531,43.8008364552324],[4.424502474783393,43.80083560441962],[4.424504696740198,43.80083490694599],[4.424507001881819,43.80083436943577],[4.424509368315081,43.80083399699397],[4.424511773564691,43.80083379315793],[4.424514194786699,43.80083375986352],[4.424516608985455,43.800833897427],[4.424518993232012,43.80083420454184],[4.424521324881896,43.800834678291196],[4.424523581790168,43.80083531417565],[4.424525742521751,43.80083610615582],[4.424633718555244,43.80088059658809],[4.424635812297864,43.8008815626223],[4.424637762509808,43.80088267514592],[4.424639549726746,43.800883923055224],[4.424641156111132,43.80088529389533],[4.424642565630242,43.800886773984395],[4.424643764216181,43.800888348550195],[4.424644629618543,43.80088981499273],[4.424679683222166,43.80090453542417],[4.424680544597982,43.80090447570144],[4.424682911933072,43.80090447547512],[4.4246852685547,43.80090463841476],[4.4246875930737115,43.800904963041475],[4.424689864392326,43.80090544640889],[4.424692061895611,43.80090608412988],[4.424694165638597,43.80090687041634],[4.424804671262294,43.80095312768365],[4.424806740985081,43.80095409627045],[4.424808668079149,43.80095520856809],[4.424810433593668,43.80095645363834],[4.4248120201667565,43.8009578192373],[4.42481341219622,43.80095929193583],[4.42481459599298,43.800960857251596],[4.424815559915693,43.80096249979146],[4.424816294485231,43.80096420340283],[4.424816792477893,43.80096595133261],[4.424817048996454,43.80096772639181],[4.424817061518315,43.800969511124734],[4.424816829920314,43.80097128798052],[4.424816356479939,43.80097303948568],[4.424815645852933,43.80097474841615],[4.424814705027504,43.8009763979665],[4.424813543255616,43.80097797191518],[4.424777576877929,43.801021374883234],[4.424838499999999,43.8010463],[4.4249773225958355,43.801089946850624]]]]},"properties":{"cle":"vivier:30047:005","id_pk":"30047:005","source":"vivier","id_source":"30047:005","insee":"30047","commune":"Bouillargues","nom":null,"surf_m2":7693.1,"nb_pl_est":209,"nb_places":null,"nb_pl_reel":null,"stat_auto":"public","statut":null,"proprio":"commune","proprio_nm":null,"part_pub":1.0,"acces_osm":null,"payant":null,"sud_canal":null,"avis_ia":"a_verifier","motif_ia":"Abords ombrages du centre autour de l'ecole : sol peu visible (D23).","emprise":"estimee","note_emprise":null,"parcelles":["AD113"],"a_verif":true,"motif_ver":"Abords ombrages du centre autour de l'ecole : sol peu visible (D23)."}},{"type":"Feature","geometry":{"type":"Polygon","coordinates":[[[4.437912628054618,43.79088535196377],[4.438442385289819,43.790964998596294],[4.439052105881275,43.7907477802576],[4.4390121242031455,43.790668133335586],[4.437952609732746,43.790298859855874],[4.437812673859298,43.79037126660034],[4.437912628054618,43.79088535196377]]]},"properties":{"cle":"vivier:30047:003","id_pk":"30047:003","source":"vivier","id_source":"30047:003","insee":"30047","commune":"Bouillargues","nom":null,"surf_m2":4362.1,"nb_pl_est":116,"nb_places":null,"nb_pl_reel":null,"stat_auto":"public","statut":null,"proprio":"commune","proprio_nm":null,"part_pub":1.0,"acces_osm":null,"payant":null,"sud_canal":null,"avis_ia":"candidat","motif_ia":"Parking et abords nus du complexe sportif, places marquees visibles.","emprise":"tracee","note_emprise":"parking marque du complexe sportif","parcelles":["ZM71"],"a_verif":false,"motif_ver":null}},{"type":"Feature","geometry":{"type":"MultiPolygon","coordinates":[[[[4.4235207999999995,43.799804199999976],[4.423524400000001,43.799791500000005],[4.423479,43.799802299999996],[4.4234418,43.7998267],[4.4234227,43.79985050000001],[4.423418809122397,43.7998846444413],[4.423454651989265,43.799879439187116],[4.423457036453432,43.79987917933144],[4.423459444464706,43.799879088095935],[4.4234618533473125,43.79987916633973],[4.42346424041727,43.799879413326046],[4.423466583196003,43.79987982672903],[4.4234672513287245,43.79987999576396],[4.423475460881093,43.7998554274732],[4.423476148264649,43.79985373710609],[4.423477060583989,43.799852103529545],[4.423478189093149,43.79985054240392],[4.423479522973663,43.79984906869487],[4.42348104943828,43.79984769653013],[4.423482753853539,43.799846439063955],[4.423484619880064,43.79984530835101],[4.423486629629196,43.7998443152309],[4.4234887638344835,43.799843469224115],[4.42349100203638,43.79984277844096],[4.423493322778378,43.79984224950356],[4.423495703812703,43.79984188748262],[4.423498122313591,43.79984169584858],[4.423500555096102,43.79984167643861],[4.4235029788383935,43.799841829438755],[4.423505370305278,43.799842153382265],[4.423675096397251,43.799871437845496],[4.423677445931826,43.799871932936945],[4.42367971684378,43.79987259300473],[4.423681887111475,43.79987341164798],[4.42368393568925,43.79987438092816],[4.423685842711493,43.79987549144584],[4.423687589685295,43.79987673243205],[4.423689159669775,43.79987809185264],[4.423690537440362,43.799879556524914],[4.42369170963643,43.79988111224557],[4.4236926648908605,43.79988274392837],[4.423693393940278,43.79988443575044],[4.423693889714872,43.79988617130573],[4.423694147406959,43.799887933764104],[4.4236941645176096,43.79988970603448],[4.423693940880873,43.79989147093072],[4.423693478665394,43.79989321133811],[4.423687169497561,43.79991194205651],[4.423697718288763,43.799916340955875],[4.42369965091768,43.79991723532692],[4.4237185306644315,43.79992688906277],[4.423719585541343,43.79992745936257],[4.423733451600271,43.79993537852051],[4.423735316785637,43.799936557507465],[4.423741639905284,43.79994097506607],[4.423743995773106,43.79994287228008],[4.423759260868227,43.79995707336394],[4.423761154500804,43.799959107124245],[4.423767567228521,43.799967123626395],[4.4237680880411006,43.799967808574195],[4.423780958304456,43.799985641049965],[4.423782042388515,43.799987356568664],[4.423789854155854,43.80000165499848],[4.42379054431872,43.800003093317606],[4.423791064149455,43.80000456874393],[4.423791409927007,43.80000607071608],[4.423794320002228,43.80002313325494],[4.423794471592799,43.80002437319337],[4.4237963410565575,43.80004954958409],[4.423796324264626,43.8000516871382],[4.423795350855094,43.8000625001989],[4.42379508696394,43.80006419277806],[4.423794603335983,43.80006585970776],[4.423793904303128,43.80006748605705],[4.42378810289792,43.80007902797873],[4.423781139747349,43.80009418276909],[4.423780314065988,43.80009573606261],[4.423779293796002,43.80009722746588],[4.423721891788496,43.80017220672724],[4.423691270389712,43.80021863885689],[4.4236625163329775,43.800266458155136],[4.423746548945721,43.80028188407409],[4.423746728539557,43.800281923912536],[4.423746909075247,43.80028195226632],[4.423859292322177,43.800303885140224],[4.423861580272057,43.80030441886643],[4.423863786318666,43.80030511020834],[4.423865889819357,43.80030595269685],[4.423867871091041,43.80030693844854],[4.423869711594349,43.80030805823942],[4.423871394107128,43.80030930159129],[4.423872902885588,43.80031065686973],[4.423874223811617,43.800312111393005],[4.423875344524894,43.800313651550645],[4.423876254538546,43.800315262930965],[4.423876945337281,43.80031693045578],[4.423877410457062,43.80031863852156],[4.423877645545603,43.80032037114539],[4.423877648403085,43.80032211211457],[4.423877419002748,43.80032384513835],[4.423876959491143,43.80032555400027],[4.423872407215904,43.80033898443867],[4.424220757543512,43.80040357712542],[4.424222058683974,43.80040225342812],[4.424223633055586,43.80040094100823],[4.424225374919843,43.80039974473815],[4.424227268021936,43.80039867578123],[4.42422929469573,43.800397744112885],[4.424231436028618,43.80039695842722],[4.424233672038021,43.80039632605619],[4.424235981857853,43.80039585290092],[4.4242383439332436,43.80039554337688],[4.424240736221683,43.80039540037245],[4.424243136398717,43.80039542522215],[4.42424552206628,43.80039561769408],[4.424247870961705,43.80039597599212],[4.424398943158208,43.80042460305557],[4.424401200476241,43.80042511508854],[4.424403380346549,43.800425780261314],[4.424405463015704,43.80042659254629],[4.4244074296111,43.80042754458274],[4.4244092623119515,43.80042862774357],[4.424410944510788,43.800429832213446],[4.424412460963949,43.80043114707779],[4.4244137979297165,43.80043256042161],[4.4244149432928355,43.800434059437585],[4.4244158866743035,43.80043563054199],[4.424416619525423,43.800437259497876],[4.424417135205261,43.800438931544086],[4.42441734316215,43.80044013467803],[4.424477060973903,43.80045050080358],[4.424481587340263,43.8004371463868],[4.424482295841369,43.80043543001612],[4.424483236417442,43.800433773163356],[4.424484399749506,43.80043219224415],[4.424485774311599,43.800430702921766],[4.424487346484952,43.80042931995197],[4.424489100692932,43.800428057036804],[4.424491019555356,43.80042692668885],[4.424493084060704,43.80042594010727],[4.42449527375447,43.80042510706683],[4.424497566941822,43.80042443582099],[4.424499940902552,43.80042393302032],[4.424502372116168,43.80042360364637],[4.42450483649494,43.8004234509625],[4.424507309622551,43.80042347648142],[4.424509766995996,43.80042367995034],[4.424512184268364,43.80042405935334],[4.4245811304905525,43.80043751446022],[4.424647330618531,43.80021416381505],[4.4244555299777515,43.80018920050095],[4.42445241860396,43.80019732582899],[4.4238009060069805,43.80008253346776],[4.423867712959917,43.799871054102205],[4.424251881017453,43.79993742356503],[4.424253609108345,43.799931900207945],[4.4235207999999995,43.799804199999976]]],[[[4.423877900000001,43.79930050000001],[4.4238074,43.7992983],[4.4237422,43.799328300000006],[4.423646895289376,43.79946573500372],[4.423706719114568,43.79947689714124],[4.423709043825698,43.799477420074126],[4.423711286738203,43.79947810525071],[4.423713426326924,43.79947894609536],[4.423715442058292,43.79947993453857],[4.42371731458739,43.79948106109423],[4.423717511463469,43.79948120533912],[4.423718005815387,43.79948109317656],[4.423720448168784,43.79948072873665],[4.423722928654586,43.79948054343545],[4.423725422291687,43.79948053913908],[4.423727903966541,43.799480715890866],[4.4237303486860675,43.7994810719107],[4.423999988656414,43.79953065152607],[4.424214671647305,43.79957014206113],[4.424307010266025,43.79958692963463],[4.4243093156588955,43.799587435971084],[4.424311542521856,43.799588101624444],[4.424313669923882,43.79958892033803],[4.42431567786881,43.79958988441647],[4.424317547483289,43.79959098479806],[4.424319261194182,43.79959221113996],[4.424320802893738,43.79959355191537],[4.424322158090993,43.799594994521904],[4.42432331404798,43.799596525400005],[4.424324259899455,43.799598130160426],[4.424324986755023,43.79959979371952],[4.424325487782704,43.799601500440914],[4.424325758273149,43.799603234282536],[4.424325795683905,43.79960497894746],[4.424325599663313,43.799606718036955],[4.4243251720538215,43.79960843520474],[4.424320561740474,43.799622895904385],[4.424320460224259,43.79962315528717],[4.4243203849437,43.799623415131684],[4.424284341210422,43.799722889247704],[4.42428361051075,43.799724567092525],[4.424282657125268,43.79972618524709],[4.424281490164297,43.79972772824867],[4.424280120779045,43.799729181352646],[4.424278562055041,43.799730530673514],[4.424276828887102,43.79973176331745],[4.4242749378369925,43.79973286750556],[4.42427290697517,43.79973383268648],[4.424270755708105,43.79973464963713],[4.4242685045928365,43.79973531055091],[4.424266175140535,43.79973580911229],[4.424263789610946,43.79973614055709],[4.424261370799677,43.79973630171813],[4.424258941820368,43.79973629105535],[4.424256525883826,43.7997361086707],[4.424254146076222,43.799735756306944],[4.424142200695462,43.79971500582484],[4.424132941899045,43.799741465919084],[4.424133890535014,43.799742036931455],[4.424135615968593,43.799743304077765],[4.424137160175686,43.79974468845962],[4.424138508055914,43.799746176539564],[4.424139646428732,43.79974775376608],[4.424140564162294,43.79974940471592],[4.424141252282326,43.799751113244916],[4.424141704059873,43.799752862645846],[4.424141915077111,43.79975463581181],[4.424141883270538,43.799756415403536],[4.42414160895116,43.799758184018856],[4.4241410948014455,43.79975992436298],[4.424111380739145,43.79984074087805],[4.424205476806345,43.79985818644894],[4.424204797070869,43.7998574301843],[4.424203665644074,43.79985584864146],[4.424202755602979,43.79985419383824],[4.424202075861666,43.799852481983876],[4.424201633078365,43.79985072984643],[4.424201431590236,43.79984895458858],[4.424201473370885,43.799847173599446],[4.42420175801104,43.799845404324294],[4.424202282722551,43.79984366409366],[4.424212768070838,43.79981562620644],[4.424213512960215,43.79981396022478],[4.424214477861068,43.79981235456228],[4.424215653638458,43.79981082442],[4.42421702916103,43.799809384284195],[4.424218591406401,43.7998080477889],[4.424220325584455,43.799806827587005],[4.4242222152773465,43.799805735230436],[4.4242242425949465,43.79980478106075],[4.424226388344204,43.79980397411128],[4.424228632210857,43.79980332202156],[4.424230952951745,43.79980283096509],[4.424233328595922,43.799802505590804],[4.424235736652672,43.799802348979064],[4.424238154324412,43.79980236261257],[4.424240558722539,43.799802546362244],[4.42424292708411,43.79980289848849],[4.424291165367502,43.79981186191042],[4.424334245224064,43.7996741683212],[4.42433431504052,43.79967394604144],[4.4243693153747445,43.79956294610188],[4.424374244095772,43.79955022107492],[4.424380867303115,43.79953790615402],[4.424389121501753,43.79952611939725],[4.424398927561167,43.79951497379924],[4.424410191473957,43.79950457620815],[4.424422805257078,43.79949502630115],[4.4244355899546175,43.79948707376312],[4.423877900000001,43.79930050000001]]]]},"properties":{"cle":"vivier:30047:008","id_pk":"30047:008","source":"vivier","id_source":"30047:008","insee":"30047","commune":"Bouillargues","nom":null,"surf_m2":3451.2,"nb_pl_est":91,"nb_places":null,"nb_pl_reel":null,"stat_auto":"public","statut":null,"proprio":"commune","proprio_nm":null,"part_pub":1.0,"acces_osm":null,"payant":null,"sud_canal":null,"avis_ia":"a_verifier","motif_ia":"Cour bitumee du groupe scolaire : surface dure mais usage scolaire, a trancher.","emprise":"estimee","note_emprise":null,"parcelles":["AD113","AD76"],"a_verif":true,"motif_ver":"Cour bitumee du groupe scolaire : surface dure mais usage scolaire, a trancher."}},{"type":"Feature","geometry":{"type":"MultiPolygon","coordinates":[[[[4.425054509192704,43.79421638746796],[4.424662305973469,43.79430162114836],[4.424466204363854,43.794386854707184],[4.424466204363853,43.794472088144445],[4.425054509192705,43.79435844353443],[4.425054509192704,43.79421638746796]]],[[[4.424779966939241,43.79464255465428],[4.424701526295394,43.79455732146015],[4.424426984041928,43.7945004992632],[4.424270102754234,43.79458573253836],[4.424254414625465,43.794835749444246],[4.424701526295394,43.79486984257765],[4.424779966939241,43.79464255465428]]]]},"properties":{"cle":"vivier:30047:002","id_pk":"30047:002","source":"vivier","id_source":"30047:002","insee":"30047","commune":"Bouillargues","nom":null,"surf_m2":2032.4,"nb_pl_est":56,"nb_places":null,"nb_pl_reel":null,"stat_auto":"public","statut":null,"proprio":"commune","proprio_nm":null,"part_pub":1.0,"acces_osm":null,"payant":null,"sud_canal":null,"avis_ia":"candidat","motif_ia":"Abords nus du cimetiere, a l'ouest et au sud : sol compacte, acces direct.","emprise":"tracee","note_emprise":"abords nus du cimetiere, hors tombes","parcelles":["AL188"],"a_verif":false,"motif_ver":null}},{"type":"Feature","geometry":{"type":"Polygon","coordinates":[[[4.427969560492783,43.79415049451454],[4.42849975079298,43.794170712652424],[4.428583465050906,43.79408984005979],[4.428569512674585,43.79390787632621],[4.428109084255993,43.793924050902746],[4.427997465245425,43.79398874916508],[4.427969560492783,43.79415049451454]]]},"properties":{"cle":"vivier:30047:012","id_pk":"30047:012","source":"vivier","id_source":"30047:012","insee":"30047","commune":"Bouillargues","nom":null,"surf_m2":1231.7,"nb_pl_est":43,"nb_places":null,"nb_pl_reel":null,"stat_auto":"public","statut":null,"proprio":"commune","proprio_nm":null,"part_pub":1.0,"acces_osm":null,"payant":null,"sud_canal":null,"avis_ia":"candidat","motif_ia":"Cour technique compactee d'un depot, zone d'activite.","emprise":"tracee","note_emprise":"cour technique compactee","parcelles":["AL168"],"a_verif":false,"motif_ver":null}},{"type":"Feature","geometry":{"type":"Polygon","coordinates":[[[4.435182809829713,43.79255218117149],[4.435676336288452,43.792556053477554],[4.435687065124512,43.79233920395152],[4.435408115386962,43.79231597002707],[4.435182809829712,43.79232371466958],[4.435182809829713,43.79255218117149]]]},"properties":{"cle":"vivier:30047:016","id_pk":"30047:016","source":"vivier","id_source":"30047:016","insee":"30047","commune":"Bouillargues","nom":null,"surf_m2":1027.2,"nb_pl_est":39,"nb_places":null,"nb_pl_reel":null,"stat_auto":"public","statut":null,"proprio":"commune","proprio_nm":null,"part_pub":1.0,"acces_osm":null,"payant":null,"sud_canal":null,"avis_ia":"candidat","motif_ia":"Terrain nu servant de stationnement, vehicules en place.","emprise":"tracee","note_emprise":"terrain nu de stationnement","parcelles":["ZM525"],"a_verif":false,"motif_ver":null}},{"type":"Feature","geometry":{"type":"Polygon","coordinates":[[[4.433393776416779,43.792437948029686],[4.4335225224494925,43.79242633108779],[4.433694183826446,43.79227531063755],[4.433447420597077,43.792166885463566],[4.4332221150398246,43.792019736698535],[4.433291852474212,43.79220948109109],[4.433393776416779,43.792437948029686]]]},"properties":{"cle":"vivier:30047:018","id_pk":"30047:018","source":"vivier","id_source":"30047:018","insee":"30047","commune":"Bouillargues","nom":null,"surf_m2":726.9,"nb_pl_est":31,"nb_places":null,"nb_pl_reel":null,"stat_auto":"public","statut":null,"proprio":"commune","proprio_nm":null,"part_pub":1.0,"acces_osm":null,"payant":null,"sud_canal":null,"avis_ia":"candidat","motif_ia":"Delaisse nu de carrefour servant de stationnement.","emprise":"tracee","note_emprise":"delaisse nu de carrefour","parcelles":["ZM614"],"a_verif":false,"motif_ver":null}},{"type":"Feature","geometry":{"type":"Polygon","coordinates":[[[4.4220829010009775,43.80101257125919],[4.422125816345216,43.80107064760042],[4.422442317008971,43.801171313124776],[4.422576427459716,43.801171313124776],[4.422608613967896,43.8010745193545],[4.422115087509154,43.80099321246626],[4.4220829010009775,43.80101257125919]]]},"properties":{"cle":"vivier:30047:021","id_pk":"30047:021","source":"vivier","id_source":"30047:021","insee":"30047","commune":"Bouillargues","nom":null,"surf_m2":449.0,"nb_pl_est":21,"nb_places":null,"nb_pl_reel":null,"stat_auto":"public","statut":null,"proprio":"commune","proprio_nm":null,"part_pub":1.0,"acces_osm":null,"payant":null,"sud_canal":null,"avis_ia":"candidat","motif_ia":"Terrain nu de carrefour, sol degage et acces direct.","emprise":"tracee","note_emprise":"terrain nu de carrefour","parcelles":["AM174"],"a_verif":false,"motif_ver":null}},{"type":"Feature","geometry":{"type":"Polygon","coordinates":[[[4.4354671239852905,43.79889274616943],[4.435992836952209,43.79874561396557],[4.4356924295425415,43.79863720053092],[4.4356387853622445,43.79864107244268],[4.435660243034363,43.79869527918109],[4.4354671239852905,43.79889274616943]]]},"properties":{"cle":"vivier:30047:024","id_pk":"30047:024","source":"vivier","id_source":"30047:024","insee":"30047","commune":"Bouillargues","nom":null,"surf_m2":444.2,"nb_pl_est":21,"nb_places":null,"nb_pl_reel":null,"stat_auto":"public","statut":null,"proprio":"commune","proprio_nm":null,"part_pub":1.0,"acces_osm":null,"payant":null,"sud_canal":null,"avis_ia":"candidat","motif_ia":"Bande nue servant de stationnement pres de la salle.","emprise":"tracee","note_emprise":"bande nue de stationnement","parcelles":["AP128"],"a_verif":false,"motif_ver":null}},{"type":"Feature","geometry":{"type":"Polygon","coordinates":[[[4.474185460712761,43.905016517155374],[4.474754137918353,43.905029501177566],[4.474891817662865,43.90489966082808],[4.47469427715987,43.904821756482434],[4.474670332856476,43.90477414822105],[4.474394973367453,43.90473086795034],[4.474203418940306,43.90477847624635],[4.474185460712761,43.905016517155374]]]},"properties":{"cle":"vivier:30057:004","id_pk":"30057:004","source":"vivier","id_source":"30057:004","insee":"30057","commune":"Cabrières","nom":null,"surf_m2":1406.5,"nb_pl_est":47,"nb_places":null,"nb_pl_reel":null,"stat_auto":"public","statut":null,"proprio":"commune","proprio_nm":null,"part_pub":1.0,"acces_osm":null,"payant":null,"sud_canal":null,"avis_ia":"a_verifier","motif_ia":"Relecture 05/10 : plateau compacte pres de l'ecole, surface uniforme type dalle sportive, un vehicule en lisiere.","emprise":"tracee","note_emprise":"esplanade nue du centre","parcelles":["E124"],"a_verif":true,"motif_ver":"Relecture 05/10 : plateau compacte pres de l'ecole, surface uniforme type dalle sportive, un vehicule en lisiere."}},{"type":"Feature","geometry":{"type":"Polygon","coordinates":[[[4.4734553,43.9042163],[4.4734572,43.90422830000001],[4.4737458,43.90420170000002],[4.4739894,43.90375019999998],[4.473847293663668,43.90368800150703],[4.473770760477169,43.9037583384868],[4.473769860452296,43.90375910507294],[4.473677712339789,43.903831911281],[4.473518050863469,43.90398369804728],[4.473496631148243,43.90400576142525],[4.4734769000000005,43.9040277],[4.473415999999999,43.904111300000004],[4.473414660684573,43.90411776792171],[4.473471086616096,43.90412800405768],[4.473473395530328,43.90412851006474],[4.473475625852792,43.90412917529878],[4.473477756634109,43.904129993511226],[4.473479767859878,43.90413095701666],[4.4734816406386875,43.9041320567649],[4.473483357379544,43.90413328242601],[4.47348490195712,43.90413462248737],[4.473486259863207,43.90413606436181],[4.473487418343,43.90413759450582],[4.473488366514895,43.90413919854678],[4.473489095472712,43.904140861417986],[4.473489598369338,43.90414256750005],[4.473489870481046,43.9041443007678],[4.473489909251878,43.90414604494067],[4.473489714317637,43.90414778363565],[4.4734892875093175,43.9041495005212],[4.473478923328416,43.90418204386147],[4.473478250553444,43.90418376172699],[4.473477345693681,43.90418542294827],[4.473476217652766,43.904187011179204],[4.473474877530396,43.90418851079185],[4.473473338513119,43.9041899070303],[4.4734716157445735,43.90419118615584],[4.473469726176481,43.90419233558208],[4.473467688401848,43.904193343998884],[4.473465522472004,43.9041942014836],[4.4734632496993125,43.90419489959875],[4.473460892447449,43.90419543147498],[4.4734584739113545,43.904195791878735],[4.473456017888995,43.90419597726368],[4.473453548547199,43.90419598580572],[4.473451090183855,43.904195817420735],[4.4734486669888245,43.90419547376565],[4.47344630280592,43.90419495822195],[4.473434643962425,43.90419195221748],[4.4734353,43.9042181],[4.4734553,43.9042163]]]},"properties":{"cle":"vivier:30057:010","id_pk":"30057:010","source":"vivier","id_source":"30057:010","insee":"30057","commune":"Cabrières","nom":null,"surf_m2":1343.0,"nb_pl_est":46,"nb_places":null,"nb_pl_reel":null,"stat_auto":"public","statut":null,"proprio":"commune","proprio_nm":null,"part_pub":1.0,"acces_osm":null,"payant":null,"sud_canal":null,"avis_ia":"candidat","motif_ia":"Relecture 05/10 : bande du centre ancien, vehicules ranges sous les arbres.","emprise":"estimee","note_emprise":null,"parcelles":["E157"],"a_verif":false,"motif_ver":null}},{"type":"Feature","geometry":{"type":"Polygon","coordinates":[[[4.472017027437688,43.9018290855242],[4.472389547154307,43.90186527664229],[4.472639746963977,43.90182908552421],[4.472639746963978,43.90168029958537],[4.472472947090865,43.90166823584426],[4.472028147429228,43.901628023356395],[4.472017027437688,43.9018290855242]]]},"properties":{"cle":"vivier:30057:007","id_pk":"30057:007","source":"vivier","id_source":"30057:007","insee":"30057","commune":"Cabrières","nom":null,"surf_m2":1059.7,"nb_pl_est":40,"nb_places":null,"nb_pl_reel":null,"stat_auto":"public","statut":null,"proprio":"commune","proprio_nm":null,"part_pub":1.0,"acces_osm":null,"payant":null,"sud_canal":null,"avis_ia":"a_verifier","motif_ia":"Relecture 05/10 : aire compactee le long du cimetiere, un utilitaire en place : bande attenante au cimetiere, a confirmer.","emprise":"tracee","note_emprise":"parvis du cimetiere, hors tombes","parcelles":["E180"],"a_verif":true,"motif_ver":"Relecture 05/10 : aire compactee le long du cimetiere, un utilitaire en place : bande attenante au cimetiere, a confirmer."}},{"type":"Feature","geometry":{"type":"Polygon","coordinates":[[[4.4729000329971305,43.90314727153329],[4.473457932472229,43.90315886693132],[4.473479390144348,43.902954014567364],[4.473452568054199,43.90276075697406],[4.4733667373657235,43.9027452963395],[4.473313093185425,43.90291536309889],[4.47320580482483,43.903027452288335],[4.472980499267578,43.903008126581064],[4.4729000329971305,43.90314727153329]]]},"properties":{"cle":"vivier:30057:008","id_pk":"30057:008","source":"vivier","id_source":"30057:008","insee":"30057","commune":"Cabrières","nom":null,"surf_m2":1013.6,"nb_pl_est":39,"nb_places":null,"nb_pl_reel":null,"stat_auto":"public","statut":null,"proprio":"commune","proprio_nm":null,"part_pub":1.0,"acces_osm":null,"payant":null,"sud_canal":null,"avis_ia":"candidat","motif_ia":"Relecture 05/10 : aire compactee du village sous arbres clairsemes, vehicules et engin en place, acces direct.","emprise":"tracee","note_emprise":"esplanade nue","parcelles":["E184"],"a_verif":false,"motif_ver":null}},{"type":"Feature","geometry":{"type":"Polygon","coordinates":[[[4.472057819366454,43.902785880496666],[4.4721758365631095,43.90279361080918],[4.47217583656311,43.90275109407794],[4.472368955612183,43.90275495923657],[4.47241723537445,43.90278588049668],[4.4724977016448975,43.902727903120834],[4.472540616989136,43.90261581336738],[4.472267031669618,43.90257716167937],[4.472057819366454,43.902538509966206],[4.472057819366454,43.902785880496666]]]},"properties":{"cle":"vivier:30057:015","id_pk":"30057:015","source":"vivier","id_source":"30057:015","insee":"30057","commune":"Cabrières","nom":null,"surf_m2":764.8,"nb_pl_est":32,"nb_places":null,"nb_pl_reel":null,"stat_auto":"public","statut":null,"proprio":"commune","proprio_nm":null,"part_pub":1.0,"acces_osm":null,"payant":null,"sud_canal":null,"avis_ia":"candidat","motif_ia":"Relecture 05/10 : parvis surface de la salle, vehicules en place, acces direct.","emprise":"tracee","note_emprise":"cour nue devant la salle","parcelles":["E185"],"a_verif":false,"motif_ver":null}},{"type":"Feature","geometry":{"type":"Polygon","coordinates":[[[4.3817782,43.7927124],[4.3821197,43.79268160000001],[4.3822459,43.79267770000001],[4.382282399999999,43.792656599999994],[4.3823052,43.79261540000001],[4.3823032,43.792602999999986],[4.382285,43.792574],[4.3822092,43.792529599999995],[4.3816279,43.79229180000001],[4.3815865,43.79228839999999],[4.381481800000001,43.7923146],[4.381061000000001,43.79264450000001],[4.381045299999999,43.79267320000001],[4.3810465999999995,43.7926976],[4.381079499999999,43.7927222],[4.3811148,43.79273160000001],[4.3813833,43.79276070000001],[4.3817782,43.7927124]],[[4.381205779949198,43.792713454363415],[4.3812033756993864,43.792713833576265],[4.381200931458683,43.7927140386603],[4.3811984712004755,43.792714067604045],[4.381196019055246,43.792713920123596],[4.381193599073908,43.79271359766549],[4.381191234991904,43.7927131033924],[4.381188949996413,43.79271244215225],[4.381186766498917,43.79271162043052],[4.381184705915395,43.79271064628676],[4.381182788456267,43.79270952927549],[4.381134829016325,43.79267863644191],[4.381134077273485,43.7926781007423],[4.381133320517574,43.79267757876907],[4.3811193969364295,43.7926669550082],[4.381117793683615,43.79266560360383],[4.381116382767653,43.79266414398078],[4.3811151780187005,43.79266259044663],[4.381114191246011,43.79266095822957],[4.381113432122177,43.79265926332901],[4.3811129080883084,43.79265752235881],[4.381112624281103,43.792655752384434],[4.381112583482492,43.79265397075563],[4.3811127860923715,43.79265219493638],[4.381113230124682,43.792650442333745],[4.381113911226884,43.792648730127205],[4.381114822722614,43.79264707510023],[4.381115955677135,43.79264549347581],[4.381117298984917,43.792644000757456],[4.3811188394784955,43.79264261157719],[4.381146864058054,43.79261975606313],[4.381147004706644,43.79261965229176],[4.381147141296569,43.79261953371593],[4.381177438860448,43.792595637763554],[4.381176190877604,43.79259419076246],[4.381175129459106,43.79259264925268],[4.381174276351313,43.792591041296085],[4.381173639369686,43.79258938162343],[4.381173224349716,43.79258768543928],[4.3811730350934575,43.79258596828272],[4.381173073334701,43.79258424588494],[4.3811733387230944,43.79258253402514],[4.381173828827342,43.79258084838596],[4.38117453915749,43.79257920440988],[4.381175463206057,43.79257761715766],[4.381176592507647,43.79257610117041],[4.38117791671651,43.79257467033633],[4.3811794237013135,43.79257333776359],[4.381231833414063,43.7925312728823],[4.3812335555215745,43.792530020275755],[4.381235438968214,43.792528896097714],[4.381237465581932,43.792527911194576],[4.381239615809358,43.792527075068946],[4.381241868904472,43.79252639578805],[4.381244203128754,43.79252587990573],[4.38124659596093,43.79252553239942],[4.38124902431426,43.79252535662194],[4.3812514647592895,43.792525354269245],[4.381253893749893,43.79252552536402],[4.38125628785047,43.79252586825553],[4.381258623962044,43.792526379635426],[4.3812608795451276,43.792527054569774],[4.381263032837198,43.792527886546615],[4.381265063062667,43.792528867538785],[4.3812669506333135,43.792529988081405],[4.381388145601695,43.79260945358405],[4.381389914995292,43.792610737028106],[4.381391497065556,43.79261214296545],[4.381392875743108,43.79261365711574],[4.381394037024458,43.792615264099474],[4.381394969114244,43.79261694759424],[4.381395662545043,43.792618690500454],[4.38139611027353,43.792620475115136],[4.381396307752021,43.7926222833116],[4.381396252974671,43.79262409672368],[4.381395946497836,43.792625896932215],[4.3813953914344355,43.792627665652155],[4.381394593422329,43.79262938491828],[4.381393560567052,43.79263103726768],[4.381392712778908,43.792632095074275],[4.381405638419179,43.79264113619888],[4.3814072842936875,43.792642404455485],[4.381408753336016,43.792643781955626],[4.381410031804527,43.792645255813945],[4.381411107740232,43.792646812243795],[4.38141197107866,43.79264843668608],[4.381412613744003,43.79265011394557],[4.381413029724661,43.792651828332914],[4.3814132151294665,43.79265356381151],[4.381413168224101,43.792655304147424],[4.381412889447297,43.79265703306132],[4.381412381406759,43.79265873438069],[4.381411648854746,43.79266039219112],[4.381410698643641,43.79266199098521],[4.381409539661841,43.79266351580763],[4.381408182750619,43.792664952394944],[4.3814066406027035,43.792666287309096],[4.381354209163903,43.792707452537336],[4.381352478643145,43.792708684636715],[4.381350590459297,43.79270978858005],[4.381348562621891,43.79271075383792],[4.3813464144724845,43.79271157120369],[4.38134416650017,43.79271223288126],[4.381341840146162,43.792712732559565],[4.381339457599277,43.79271306547266],[4.381337041584309,43.7927132284452],[4.381334615145263,43.79271321992275],[4.38133220142558,43.792713039986594],[4.381329823447374,43.792712690353],[4.38132750389186,43.792712174356744],[4.381325264883015,43.79271149691942],[4.381323127776555,43.79271066450245],[4.381321112956246,43.792709685045445],[4.381319239639484,43.79270856789049],[4.3813163739847525,43.79270668154357],[4.381305037062301,43.792715927427736],[4.381303278520541,43.79271722345973],[4.381301348518887,43.792718384424695],[4.381299266734459,43.79271939848611],[4.38129705439186,43.79272025530524],[4.3812947340468,43.79272094614646],[4.3812923293561115,43.792721463966366],[4.3812898648365675,43.792721803485605],[4.381287365614925,43.79272196124263],[4.381284857171739,43.792721935629004],[4.381282365081588,43.792721726905945],[4.381248720312169,43.79271765319541],[4.381246445047408,43.7927172976309],[4.381244225701659,43.792716789389914],[4.381242081753368,43.792716132933144],[4.381240032019254,43.79271533402207],[4.38123809448914,43.79271439966848],[4.381236286168069,43.79271333807287],[4.3812223091970175,43.792704315039394],[4.381218101101375,43.79270784426348],[4.3812164024862765,43.792709133822825],[4.381214536112156,43.79271029534906],[4.38121252028461,43.792711317449786],[4.381210374775088,43.792712190100175],[4.381208120626972,43.79271290474114],[4.381205779949198,43.792713454363415]]]},"properties":{"cle":"vivier:30060:006","id_pk":"30060:006","source":"vivier","id_source":"30060:006","insee":"30060","commune":"Caissargues","nom":null,"surf_m2":2847.2,"nb_pl_est":75,"nb_places":null,"nb_pl_reel":null,"stat_auto":"public","statut":null,"proprio":"commune","proprio_nm":null,"part_pub":1.0,"acces_osm":null,"payant":null,"sud_canal":null,"avis_ia":"a_verifier","motif_ia":"Relecture 05/10 : emprise nue damee au carrefour, acces direct, aucun vehicule nettement visible dessus.","emprise":"estimee","note_emprise":null,"parcelles":["BK13"],"a_verif":true,"motif_ver":"Relecture 05/10 : emprise nue damee au carrefour, acces direct, aucun vehicule nettement visible dessus."}},{"type":"Feature","geometry":{"type":"Polygon","coordinates":[[[4.379684411076769,43.79356525487396],[4.379684998703283,43.793564945646835],[4.379687074363804,43.793564062005885],[4.379689258347284,43.79356332803838],[4.379691530146477,43.79356275063619],[4.379693868429568,43.79356233522099],[4.379696251240467,43.79356208569346],[4.379698656204974,43.79356200439665],[4.379701060740879,43.793562092093886],[4.37970344226999,43.79356234796174],[4.379705778430147,43.79356276959764],[4.379708047285196,43.79356335304247],[4.3797102275309605,43.79356409281784],[4.3799171490688265,43.79364337484443],[4.379919289145402,43.793644297069285],[4.379921291035124,43.793645369835396],[4.379923134629337,43.79364658236702],[4.3799248014094285,43.79364792248447],[4.379926274632854,43.793649376726464],[4.37992753950131,43.793650930485406],[4.379928583309381,43.793652568154016],[4.379929395572165,43.79365427328219],[4.3799299681305905,43.79365602874221],[4.379930295233378,43.79365781690074],[4.379930373594811,43.79365961979601],[4.379930226410538,43.793661167181035],[4.3799421,43.79366580000001],[4.380071,43.79351330000002],[4.380066300000001,43.79350350000001],[4.379990600113832,43.79347979369072],[4.379989900371471,43.793480837264305],[4.379988623594128,43.79348234428004],[4.379987148831321,43.793483753268625],[4.379985490317743,43.79348505063022],[4.379983664061696,43.793486223842415],[4.379981687690561,43.79348726158116],[4.379979580280673,43.79348815382994],[4.379977362173177,43.79348889197662],[4.379975054777697,43.79348946889646],[4.379972680365689,43.79348987902087],[4.379970261855464,43.7934901183913],[4.37996782259098,43.79349018469726],[4.379965386116525,43.79349007729878],[4.379962975949448,43.793489797232425],[4.3799606153531805,43.79348934720154],[4.379958327112682,43.79348873154988],[4.379871949567162,43.79346192459789],[4.379869723461345,43.7934611363644],[4.379867616811402,43.79346019143488],[4.379865650569687,43.79345909920745],[4.379863844292077,43.79345787054523],[4.379862215943471,43.793456517668226],[4.379860781719118,43.79345505403193],[4.3798595558835345,43.79345349419342],[4.37985855062864,43.79345185366652],[4.379857775952496,43.79345014876764],[4.379857239559867,43.793448396453414],[4.379856946785592,43.79344661415198],[4.379856900541529,43.7934448195898],[4.379857101287586,43.793443030615265],[4.37985754702716,43.793441265021166],[4.3798582333269875,43.79343954036778],[4.3798587977060075,43.79343851804574],[4.379780867747439,43.793414113159194],[4.379780360245664,43.793414907610256],[4.379779245104235,43.79341645226405],[4.379777928906373,43.79341791152891],[4.379776423998663,43.793419271716154],[4.379774744497893,43.79342052006656],[4.379772906158618,43.79342164486996],[4.379770926225391,43.7934226355751],[4.379768823270987,43.79342348288868],[4.379766617022179,43.793424178862495],[4.379764328174709,43.793424716967905],[4.379761978199132,43.793425092157236],[4.379759589139416,43.79342530091103],[4.379757183406158,43.79342534127104],[4.37975478356637,43.79342521285869],[4.379752412131772,43.79342491687856],[4.3797500913476295,43.79342445610705],[4.379747842984085,43.79342383486648],[4.3795950920789615,43.793375367470254],[4.379594476530583,43.793375144841455],[4.3795899591575465,43.79338190389485],[4.379591519375571,43.793382513859505],[4.379593527408789,43.79338349275556],[4.379595394422779,43.79338460853941],[4.379597102699134,43.79338585062198],[4.379598636025909,43.79338720721565],[4.379599979851464,43.793388665445995],[4.379601121422568,43.79339021147411],[4.379602049905428,43.793391830627826],[4.379602756488506,43.793393507540976],[4.379603234466143,43.79339522629924],[4.379603479302199,43.79339697059123],[4.379603488673098,43.79339872386321],[4.379603262489891,43.793400469476204],[4.3796028028990825,43.79340219086392],[4.379602114262285,43.79340387168998],[4.379601203114804,43.79340549600293],[4.379580847132042,43.79343725421821],[4.379579680897058,43.793438857129075],[4.379578298079097,43.79344036697544],[4.379576712693601,43.79344176845439],[4.379574940809126,43.79344304736132],[4.37957300038448,43.79344419073394],[4.379570911086703,43.79344518698369],[4.379568694091733,43.79344602601313],[4.379566371869777,43.79344669931834],[4.379563967957567,43.79344720007507],[4.379561506719799,43.793447523207924],[4.3795590131022,43.793447665441825],[4.379556512378672,43.79344762533514],[4.379554029895144,43.7934474032944],[4.379551590812673,43.79344700157009],[4.379549219852426,43.79344642423382],[4.37954726553351,43.79344578351923],[4.3795123,43.793498099999994],[4.379684411076769,43.79356525487396]]]},"properties":{"cle":"vivier:30060:013","id_pk":"30060:013","source":"vivier","id_source":"30060:013","insee":"30060","commune":"Caissargues","nom":null,"surf_m2":670.4,"nb_pl_est":29,"nb_places":null,"nb_pl_reel":null,"stat_auto":"public","statut":null,"proprio":"commune","proprio_nm":null,"part_pub":1.0,"acces_osm":null,"payant":null,"sud_canal":null,"avis_ia":"candidat","motif_ia":"Relecture 05/10 : parking surface, vehicules ranges en epi.","emprise":"estimee","note_emprise":null,"parcelles":["BE254"],"a_verif":false,"motif_ver":null}},{"type":"Feature","geometry":{"type":"Polygon","coordinates":[[[4.1951385140419015,43.78750248058009],[4.195310175418855,43.78774258336661],[4.195712506771087,43.78739017410695],[4.1954925656318665,43.78724688623141],[4.195100963115692,43.78742502786257],[4.1951385140419015,43.78750248058009]]]},"properties":{"cle":"vivier:30062:013","id_pk":"30062:013","source":"vivier","id_source":"30062:013","insee":"30062","commune":"Calvisson","nom":null,"surf_m2":1346.7,"nb_pl_est":46,"nb_places":null,"nb_pl_reel":null,"stat_auto":"public","statut":null,"proprio":"commune","proprio_nm":null,"part_pub":1.0,"acces_osm":null,"payant":null,"sud_canal":null,"avis_ia":"a_verifier","motif_ia":"Relecture 05/10 : cour stabilisee du centre ancien, enclavee par le bati, aucun vehicule visible.","emprise":"tracee","note_emprise":"cour stabilisee","parcelles":["AC449"],"a_verif":true,"motif_ver":"Relecture 05/10 : cour stabilisee du centre ancien, enclavee par le bati, aucun vehicule visible."}},{"type":"Feature","geometry":{"type":"Polygon","coordinates":[[[4.194551110267639,43.78528922963713],[4.194671809673309,43.78531246629319],[4.194926619529723,43.7853318301663],[4.1950419545173645,43.785293102413775],[4.195025861263276,43.78523501073796],[4.194859564304353,43.78517304622154],[4.194712042808534,43.78507622653604],[4.194591343402863,43.78511882721698],[4.194569885730743,43.78519628292273],[4.194551110267639,43.78528922963713]]]},"properties":{"cle":"vivier:30062:012","id_pk":"30062:012","source":"vivier","id_source":"30062:012","insee":"30062","commune":"Calvisson","nom":null,"surf_m2":699.3,"nb_pl_est":30,"nb_places":null,"nb_pl_reel":null,"stat_auto":"public","statut":null,"proprio":"commune","proprio_nm":null,"part_pub":1.0,"acces_osm":null,"payant":null,"sud_canal":null,"avis_ia":"a_verifier","motif_ia":"Relecture 05/10 : cour compactee enclavee, un vehicule, acces par la ruelle : usage prive probable.","emprise":"tracee","note_emprise":"cour nue du centre","parcelles":["AD169"],"a_verif":true,"motif_ver":"Relecture 05/10 : cour compactee enclavee, un vehicule, acces par la ruelle : usage prive probable."}},{"type":"Feature","geometry":{"type":"Polygon","coordinates":[[[4.260340688421974,43.82598097685899],[4.260334694209508,43.82597677355486],[4.260333068770518,43.82597551935645],[4.260331616104357,43.82597415856275],[4.260330349475576,43.82597270359942],[4.260329280449976,43.82597116775197],[4.260328418789014,43.82596956504453],[4.26032777236065,43.82596791011172],[4.260327347067525,43.82596621806502],[4.260327146793043,43.825964504354786],[4.260327173365925,43.82596278462927],[4.260327426543513,43.82596107459155],[4.260327904013977,43.82595938985628],[4.260328601417427,43.8259577458071],[4.2603295123857325,43.8259561574561],[4.260330628600665,43.825954639306815],[4.260331939869853,43.825953205221694],[4.260333434219859,43.82595186829564],[4.260404268591327,43.82589434892971],[4.260406026756028,43.82589305841316],[4.260407955301288,43.82589190247415],[4.260410034665538,43.825890892837556],[4.260412243757432,43.8258900397443],[4.260414560169774,43.82588935184747],[4.260416960406805,43.825888836124484],[4.2604194201225205,43.82588849780643],[4.260421914367614,43.825888340324894],[4.260424417842543,43.82588836527729],[4.260426905154147,43.82588857241047],[4.260429351073209,43.825888959623484],[4.2604317307903665,43.82588952298872],[4.2604340201677475,43.825890256791936],[4.260436195983815,43.82589115358999],[4.260438162991131,43.82589216659993],[4.260446647860352,43.8258855220348],[4.260446672926862,43.82588550425954],[4.260446695967853,43.82588548446884],[4.260488214709337,43.82585315588575],[4.260369379617772,43.82577518509368],[4.260367636449609,43.82577392180557],[4.26036607476992,43.82577253967843],[4.2603647099511965,43.82577105231732],[4.260363555428115,43.82576947436318],[4.260362622565288,43.82576782134874],[4.260361920545395,43.82576610954552],[4.2603614562788,43.8257643558038],[4.2603612343355195,43.82576257738668],[4.260361256900245,43.8257607918001],[4.260361523750833,43.82575901662062],[4.260362032260504,43.82575726932231],[4.260362777423686,43.82575556710483],[4.260363751905299,43.82575392672406],[4.260364946112948,43.825752364327194],[4.260366348291362,43.82575089529382],[4.260367944638094,43.82574953408439],[4.260405837433901,43.82572029578092],[4.260407587866897,43.82571907122352],[4.260409495324714,43.825717976471886],[4.260411541520208,43.82571702202154],[4.2604137068361405,43.825716217023],[4.260415970513248,43.82571556919392],[4.2604183108492615,43.82571508474513],[4.260420705406974,43.82571476832114],[4.260423131229345,43.82571462295557],[4.260425565059596,43.82571465004206],[4.260427983564174,43.82571484932092],[4.260430363556462,43.82571521888162],[4.260432682219058,43.82571575518113],[4.26043491732254,43.82571645307785],[4.26043704743858,43.82571730588095],[4.260439052145381,43.8257183054144],[4.260440912223459,43.825719442095554],[4.260443052480407,43.825720885667195],[4.260536899999999,43.8256468],[4.260511500000001,43.82563110000001],[4.260526034728369,43.82561885439263],[4.260525556260367,43.825618197540564],[4.260524651509669,43.825616601282306],[4.260523962046563,43.82561494963588],[4.260523494207662,43.82561325778099],[4.260523252292695,43.82561154126696],[4.260523238525008,43.825609815869676],[4.260523453031108,43.82560809744672],[4.260523893839524,43.82560640179149],[4.260524556898914,43.82560474448826],[4.260525436115297,43.8256031407687],[4.2605265234080765,43.825601605372064],[4.260527808784288,43.82560015240971],[4.260529280430458,43.82559879523529],[4.260530924821169,43.82559754632212],[4.260552117785213,43.82558292279136],[4.2605108592057555,43.82555460718771],[4.260283838512093,43.825400724983055],[4.259954473423669,43.82518153486238],[4.259904113754223,43.82521780836206],[4.259829581185035,43.82527260536643],[4.259827816114216,43.82527378345196],[4.259825902315543,43.825274832782185],[4.2598238576368,43.825275743571204],[4.259821701146331,43.82527650732513],[4.259819452955226,43.82527711692133],[4.259817134029762,43.825277566674785],[4.259814765995879,43.82527785239119],[4.259812370937487,43.82527797140597],[4.259809971190532,43.82527792260925],[4.259807589134679,43.825277706456035],[4.259805246984613,43.825277324962215],[4.259802966582859,43.82527678168548],[4.259800769196085,43.82527608169237],[4.259799293965506,43.825275482701976],[4.2597148319912845,43.82534229907297],[4.25972451909861,43.82534824088044],[4.259726262081391,43.825349418447644],[4.259727841247877,43.825350711475345],[4.259729242074992,43.82535210807207],[4.259730451679785,43.82535359539376],[4.259731458937908,43.82535515976202],[4.259732254585928,43.82535678678986],[4.259732831306517,43.825358461514064],[4.259733183795746,43.825360168532754],[4.25973330881187,43.82536189214703],[4.259733205205135,43.825363616505385],[4.25973287392836,43.825365325749466],[4.259732318028164,43.82536700415991],[4.259731542616964,43.82536863630095],[4.259730554825944,43.82537020716227],[4.259729363739474,43.825371702297225],[4.2597279803115775,43.82537310795551],[4.259726417265175,43.825374411209765],[4.2596322666632025,43.825445699596685],[4.2596305272858395,43.82544689537868],[4.259628636825441,43.82544796423135],[4.25962661288181,43.82544889620388],[4.259624474297451,43.82544968261977],[4.259622240982157,43.82545031615767],[4.259619933727648,43.82545079091947],[4.259617574014004,43.825451102485225],[4.259615183809691,43.825451247954305],[4.2596127853670405,43.825451225972444],[4.259610401015078,43.82545103674426],[4.25960805295165,43.82545068203145],[4.25960576303676,43.825450165136324],[4.259603552589061,43.82544949087107],[4.259601442187378,43.82544866551297],[4.259599451479131,43.825447696745925],[4.259597598997403,43.82544659358897],[4.259589617730852,43.82544135345276],[4.2595036,43.82550940000001],[4.259722035240179,43.825658297232835],[4.259806416036542,43.82571303323712],[4.259806875062342,43.8257133385944],[4.2600391055893585,43.82587175777538],[4.260039560821726,43.825872076336665],[4.260113098045681,43.82592486372296],[4.2602735,43.82603420000001],[4.260340688421974,43.82598097685899]]]},"properties":{"cle":"vivier:30075:006","id_pk":"30075:006","source":"vivier","id_source":"30075:006","insee":"30075","commune":"Caveirac","nom":null,"surf_m2":3904.4,"nb_pl_est":103,"nb_places":null,"nb_pl_reel":null,"stat_auto":"public","statut":null,"proprio":"commune","proprio_nm":null,"part_pub":1.0,"acces_osm":null,"payant":null,"sud_canal":null,"avis_ia":"a_verifier","motif_ia":"Relecture 05/10 : esplanade du centre : partie nord compactee avec vehicules, reste sous couvert irregulier.","emprise":"estimee","note_emprise":null,"parcelles":["AA293"],"a_verif":true,"motif_ver":"Relecture 05/10 : esplanade du centre : partie nord compactee avec vehicules, reste sous couvert irregulier."}},{"type":"Feature","geometry":{"type":"Polygon","coordinates":[[[4.263425208628177,43.82900895179799],[4.2636520229279995,43.829109101611586],[4.263859475031495,43.82915917645537],[4.263873305171729,43.82896889182548],[4.263845644891262,43.828848711746694],[4.263541381806136,43.828824675701874],[4.263452868908644,43.82891280781881],[4.263425208628177,43.82900895179799]]]},"properties":{"cle":"vivier:30075:008","id_pk":"30075:008","source":"vivier","id_source":"30075:008","insee":"30075","commune":"Caveirac","nom":null,"surf_m2":956.6,"nb_pl_est":37,"nb_places":null,"nb_pl_reel":null,"stat_auto":"public","statut":null,"proprio":"commune","proprio_nm":null,"part_pub":1.0,"acces_osm":null,"payant":null,"sud_canal":null,"avis_ia":"a_verifier","motif_ia":"Relecture 05/10 : aire nue damee au carrefour de coteau, acces direct, aucun vehicule visible.","emprise":"tracee","note_emprise":"aire nue damee au carrefour","parcelles":["AR95"],"a_verif":true,"motif_ver":"Relecture 05/10 : aire nue damee au carrefour de coteau, acces direct, aucun vehicule visible."}},{"type":"Feature","geometry":{"type":"Polygon","coordinates":[[[4.2585137486457825,43.824623691545],[4.258830249309541,43.824646912905685],[4.258969724178313,43.8246740044817],[4.259012639522552,43.82463143199957],[4.259007275104522,43.82446888224302],[4.258551299571991,43.82445340129074],[4.2585137486457825,43.824623691545]]]},"properties":{"cle":"vivier:30075:001","id_pk":"30075:001","source":"vivier","id_source":"30075:001","insee":"30075","commune":"Caveirac","nom":null,"surf_m2":784.6,"nb_pl_est":32,"nb_places":null,"nb_pl_reel":null,"stat_auto":"public","statut":null,"proprio":"commune","proprio_nm":null,"part_pub":1.0,"acces_osm":null,"payant":null,"sud_canal":null,"avis_ia":"a_verifier","motif_ia":"Relecture 05/10 : esplanade compactee close a l'est du cimetiere, aucun vehicule : stationnement du cimetiere a confirmer.","emprise":"tracee","note_emprise":"esplanade nue a l'est du cimetiere, hors batiment et hors tombes","parcelles":["AM30"],"a_verif":true,"motif_ver":"Relecture 05/10 : esplanade compactee close a l'est du cimetiere, aucun vehicule : stationnement du cimetiere a confirmer."}},{"type":"Feature","geometry":{"type":"MultiPolygon","coordinates":[[[[4.264288544654845,43.821242952072204],[4.264283180236816,43.82118876579375],[4.264004230499268,43.82118489534341],[4.264004230499268,43.821301008744555],[4.264250993728639,43.821308749629935],[4.264288544654845,43.821242952072204]]],[[[4.264272451400758,43.82150614186804],[4.264014959335327,43.82150614186803],[4.263998866081238,43.82161451379968],[4.264267086982727,43.8216029025307],[4.264272451400758,43.82150614186804]]]]},"properties":{"cle":"vivier:30075:010","id_pk":"30075:010","source":"vivier","id_source":"30075:010","insee":"30075","commune":"Caveirac","nom":null,"surf_m2":529.4,"nb_pl_est":24,"nb_places":null,"nb_pl_reel":null,"stat_auto":"public","statut":null,"proprio":"commune","proprio_nm":null,"part_pub":1.0,"acces_osm":null,"payant":null,"sud_canal":null,"avis_ia":"a_verifier","motif_ia":"Relecture 05/10 : bandes bitumees avec places marquees le long du centre commercial : affectation a confirmer.","emprise":"tracee","note_emprise":"cour nord et aire marquee sud, hors batiment","parcelles":["AD49"],"a_verif":true,"motif_ver":"Relecture 05/10 : bandes bitumees avec places marquees le long du centre commercial : affectation a confirmer."}},{"type":"Feature","geometry":{"type":"Polygon","coordinates":[[[4.260994791984558,43.82652200796518],[4.26120400428772,43.82654909869022],[4.261332750320435,43.82647943680096],[4.261322021484375,43.82638268404211],[4.261166453361511,43.82632850242869],[4.260994791984559,43.82638268404211],[4.260994791984558,43.82652200796518]]]},"properties":{"cle":"vivier:30075:023","id_pk":"30075:023","source":"vivier","id_source":"30075:023","insee":"30075","commune":"Caveirac","nom":null,"surf_m2":512.0,"nb_pl_est":23,"nb_places":null,"nb_pl_reel":null,"stat_auto":"public","statut":null,"proprio":"commune","proprio_nm":null,"part_pub":1.0,"acces_osm":null,"payant":null,"sud_canal":null,"avis_ia":"a_verifier","motif_ia":"Relecture 05/10 : cour stabilisee enclavee dans le bati, aucun vehicule visible.","emprise":"tracee","note_emprise":"cour stabilisee du centre ancien","parcelles":["AA294"],"a_verif":true,"motif_ver":"Relecture 05/10 : cour stabilisee enclavee dans le bati, aucun vehicule visible."}},{"type":"Feature","geometry":{"type":"Polygon","coordinates":[[[4.222359480078727,43.82782455411115],[4.222329148627028,43.82800825532788],[4.222328677018157,43.82801019955101],[4.222327914142314,43.82801209469039],[4.222326869176237,43.82801391794905],[4.222321682165805,43.82802172819878],[4.222312109031066,43.82804466354759],[4.222318302679735,43.82804574694059],[4.222346200579868,43.82797700035622],[4.2223452919304485,43.82797604597408],[4.222344045715233,43.827974593987136],[4.222342995402641,43.827973062954875],[4.222342150467819,43.82797146668917],[4.222341518533138,43.82796981959036],[4.222341105299439,43.8279681365174],[4.222340914494595,43.82796643265372],[4.222340947839889,43.827964723370386],[4.222341205034487,43.82796302408727],[4.222341683758146,43.8279613501341],[4.222372170799598,43.82787550785778],[4.222372878321736,43.82787385115975],[4.22237380278761,43.82787225144486],[4.222374935615389,43.82787072356326],[4.222376266289025,43.82786928169827],[4.222377782455873,43.8278679392347],[4.222379470041357,43.82786670863464],[4.222381313379623,43.827865601321726],[4.222383295358976,43.82786462757517],[4.222385397580715,43.82786379643416],[4.222387600529935,43.827863115614264],[4.222389883756677,43.82786259143549],[4.222392226065775,43.82786222876375],[4.2223946057136015,43.82786203096578],[4.222397000609912,43.82786199987772],[4.2223993885229145,43.827862135788116],[4.222401747285643,43.82786243743537],[4.223083666526481,43.82797440554375],[4.223170435305977,43.827985959937806],[4.223172752842555,43.82798635241235],[4.223175007915889,43.82798690353108],[4.22317717985675,43.82798760824264],[4.223179248757878,43.82798846008785],[4.223181195656438,43.82798945125905],[4.223183002707819,43.82799057267147],[4.2231846533492075,43.82799181404663],[4.223186132451377,43.82799316400652],[4.2231874264573745,43.82799461017788],[4.223188523506772,43.827996139305604],[4.223189413544372,43.82799773737421],[4.223190088412374,43.82799938973636],[4.223190541925154,43.828001081247045],[4.223190769925946,43.82800279640249],[4.223190770324949,43.828004519482135],[4.223190543118491,43.82800623469282],[4.223190090389044,43.82800792631351],[4.223166945679447,43.82807661373474],[4.223224082822472,43.82808534320166],[4.223261934013523,43.82809092816064],[4.223262789145912,43.828087851567155],[4.223262803270466,43.828087811093795],[4.223262812004439,43.828087770295554],[4.223265124476392,43.828079644301134],[4.223265717804233,43.82807797048393],[4.223266530130705,43.82807634557615],[4.223267553967235,43.828074784557266],[4.223268779875417,43.82807330181776],[4.223270196554015,43.82807191102648],[4.22327179094316,43.82807062500467],[4.223273548344727,43.82806945560767],[4.223275452557842,43.828068413615746],[4.223277486028232,43.828067508634696],[4.2232796300100475,43.828066749007185],[4.223281864738678,43.82806614173594],[4.223284169612949,43.828065692419166],[4.223286523385043,43.828065405199006],[4.223288904356372,43.82806528272322],[4.223291290577608,43.82806532612085],[4.223293660051026,43.82806553499184],[4.223407090210555,43.828079562761296],[4.223409448611434,43.82807994060142],[4.223411745231645,43.828080482349414],[4.223413958391124,43.828081182891204],[4.223416067197677,43.82808203561366],[4.223418051744197,43.828083032467106],[4.223419893296586,43.82808416404127],[4.223421574470608,43.82808541965408],[4.223423079395988,43.82808678745261],[4.223424393866239,43.82808825452482],[4.223425505472764,43.82808980702159],[4.22342640372199,43.828091430287365],[4.2234269769249435,43.828092852854624],[4.223437507540459,43.82809436334971],[4.223438951085958,43.82809302303845],[4.223440675566519,43.82809171657785],[4.223442572316578,43.828090541891584],[4.223444622215379,43.82808951082142],[4.223446804598318,43.82808863376134],[4.2234490974652426,43.828087919552814],[4.223451477702245,43.82808737539562],[4.22345392131465,43.82808700677529],[4.223456403668919,43.82808681740783],[4.223458899740961,43.8280868092022],[4.223461384368401,43.82808698224111],[4.223536679009413,43.82809500473695],[4.223431366975155,43.82808135117702],[4.223431336445278,43.82808134606033],[4.223431303837901,43.82808134293045],[4.223317854412049,43.82806641539575],[4.2233154844398735,43.82806601593001],[4.223313179764199,43.82806545064255],[4.223310962464793,43.82806472494903],[4.223308853784322,43.82806384580196],[4.223306873924828,43.828062821623924],[4.2233050418542,43.82806166222696],[4.223303375124437,43.828060378718604],[4.223301889703499,43.82805898339539],[4.223300599822332,43.82805748962512],[4.223299517838527,43.82805591171874],[4.223298654117921,43.82805426479323],[4.223298016935304,43.82805256462685],[4.223297612395126,43.8280508275079],[4.223297444373036,43.82804907007873],[4.223297514478729,43.82804730917619],[4.223297822040543,43.82804556167048],[4.223314108967809,43.827979142187296],[4.22325366971839,43.8279708381688],[4.223108039009064,43.827952699913745],[4.223105665081736,43.82795231684373],[4.223103354219913,43.8279517676721],[4.223101128541337,43.827951057655035],[4.2230990093484415,43.827950193588286],[4.223097016924458,43.82794918374202],[4.2230951703392865,43.82794803778165],[4.2230934872669685,43.82794676667545],[4.223091983816526,43.82794538258943],[4.223090674377781,43.82794389877092],[4.2230895714836265,43.82794232942192],[4.2230886856900725,43.82794068956296],[4.2230880254752075,43.82793899488945],[4.223087815135859,43.82793814371069],[4.22308360120289,43.82793739122241],[4.22308131055201,43.82793689648542],[4.223079096123048,43.82793624476774],[4.22307697838909,43.82793544209474],[4.223074976929249,43.827934495887355],[4.223073110247645,43.82793341489356],[4.223071395602327,43.827932209107516],[4.223069848845715,43.82793088967708],[4.223068484278051,43.82792946880077],[4.223067314515171,43.82792795961504],[4.223066350371882,43.827926376072824],[4.22306560076197,43.82792473281443],[4.223065072615792,43.82792304503229],[4.223064770816204,43.827921328330476],[4.223064698153414,43.827919598580436],[4.223064855299193,43.8279178717742],[4.2230652408006595,43.82791616387668],[4.223065851093712,43.82791449067787],[4.223079396737666,43.82788347832623],[4.223080222238038,43.827878775782594],[4.22308063459272,43.82787708004719],[4.223081268887203,43.827875420598],[4.22308211931629,43.82787381262262],[4.223083178096689,43.82787227083749],[4.223084435538236,43.827870809353314],[4.22308588013259,43.82786944154587],[4.223087498658558,43.82786817993355],[4.223089276303092,43.82786703606288],[4.2230911967968785,43.827866020402716],[4.223093242563212,43.82786514224859],[4.223095394878882,43.827864409637506],[4.2230976340455175,43.82786382927448],[4.223099939569879,43.82786340647103],[4.223102290351409,43.82786314509679],[4.223113265238235,43.82786231146014],[4.2231982,43.8276225],[4.2228178000000005,43.82754990000001],[4.222455000000001,43.8274841],[4.222433420916966,43.827575067395316],[4.222518703013974,43.827588380333225],[4.22252109925494,43.82758884608844],[4.222523419435922,43.82758948244055],[4.222525640447451,43.82759028305136],[4.222527740167805,43.82759123994661],[4.222529697683344,43.82759234359541],[4.222531493496809,43.827593583005275],[4.222533109721528,43.82759494583134],[4.222534530259565,43.82759641849966],[4.222535740962054,43.82759798634211],[4.222536729770137,43.8275996337427],[4.222537486835063,43.827601344292944],[4.22253800461629,43.827603100955436],[4.222538277956586,43.82760488623346],[4.222538304133405,43.82760668234526],[4.222538082885994,43.827608471401184],[4.2225376164180055,43.82761023558191],[4.2225369093755285,43.82761195731576],[4.222493484332275,43.82770114341706],[4.22246513183134,43.82781080228452],[4.222464578377226,43.82781248903159],[4.222463803319165,43.82781412940221],[4.22246281384876,43.82781570817567],[4.222461619147114,43.827817210702854],[4.222460230299629,43.82781862304202],[4.2224586601931655,43.82781993208836],[4.222456923396444,43.827821125695465],[4.222455036024889,43.82782219278806],[4.2224530155910776,43.82782312346477],[4.222450880842252,43.82782390909001],[4.222448651586368,43.82782454237414],[4.222446348508299,43.82782501744098],[4.2224439929779,43.8278253298825],[4.222441606851724,43.82782547679958],[4.222439212270221,43.82782545682903],[4.22243683145229,43.82782527015615],[4.22243448648913,43.827824918513016],[4.222376710691993,43.82781412999835],[4.222373800000001,43.82782640000002],[4.222359480078727,43.82782455411115]]]},"properties":{"cle":"vivier:30082:006","id_pk":"30082:006","source":"vivier","id_source":"30082:006","insee":"30082","commune":"Clarensac","nom":null,"surf_m2":2425.3,"nb_pl_est":64,"nb_places":null,"nb_pl_reel":null,"stat_auto":"public","statut":null,"proprio":"commune","proprio_nm":null,"part_pub":1.0,"acces_osm":null,"payant":null,"sud_canal":null,"avis_ia":"candidat","motif_ia":"Relecture 05/10 : esplanade de stationnement du centre, vehicules ranges, ouverte sur la rue.","emprise":"estimee","note_emprise":null,"parcelles":["AD4"],"a_verif":false,"motif_ver":null}},{"type":"Feature","geometry":{"type":"Polygon","coordinates":[[[4.149484382942318,43.78295995108762],[4.149673415813594,43.78287159986013],[4.149850253015756,43.78273907277409],[4.149996601045133,43.78258445746906],[4.150014894548803,43.78253144641529],[4.149734394159168,43.782535864004906],[4.149527067784221,43.78264188605761],[4.149338034912945,43.78273907277409],[4.149399013258517,43.78285392959898],[4.149484382942318,43.78295995108762]]]},"properties":{"cle":"vivier:30091:006","id_pk":"30091:006","source":"vivier","id_source":"30091:006","insee":"30091","commune":"Congénies","nom":null,"surf_m2":1308.7,"nb_pl_est":45,"nb_places":null,"nb_pl_reel":null,"stat_auto":"public","statut":null,"proprio":"commune","proprio_nm":null,"part_pub":1.0,"acces_osm":null,"payant":null,"sud_canal":null,"avis_ia":"a_verifier","motif_ia":"Relecture 05/10 : batiment de club et cour stabilisee pres des terrains de sport : emprise a resserrer.","emprise":"tracee","note_emprise":"esplanade nue du complexe sportif, hors terrain enherbe","parcelles":["A372"],"a_verif":true,"motif_ver":"Relecture 05/10 : batiment de club et cour stabilisee pres des terrains de sport : emprise a resserrer."}},{"type":"Feature","geometry":{"type":"Polygon","coordinates":[[[4.15719668380916,43.77879915239729],[4.157440569251777,43.778807362767886],[4.157468928024172,43.7787581005275],[4.157440569251775,43.77868831228416],[4.157202355563641,43.778680101897244],[4.157179668545723,43.778741679771706],[4.15719668380916,43.77879915239729]]]},"properties":{"cle":"vivier:30091:008","id_pk":"30091:008","source":"vivier","id_source":"30091:008","insee":"30091","commune":"Congénies","nom":null,"surf_m2":282.6,"nb_pl_est":14,"nb_places":null,"nb_pl_reel":null,"stat_auto":"public","statut":null,"proprio":"commune","proprio_nm":null,"part_pub":1.0,"acces_osm":null,"payant":null,"sud_canal":null,"avis_ia":"candidat","motif_ia":"Relecture 05/10 : petit parking d'entree du groupe scolaire, quatre vehicules en place.","emprise":"tracee","note_emprise":"parking d'entree du groupe scolaire, hors cours interieures","parcelles":["B700"],"a_verif":false,"motif_ver":null}},{"type":"Feature","geometry":{"type":"Polygon","coordinates":[[[4.169593155384064,43.719351799569864],[4.1696950793266305,43.71942546339854],[4.170016944408418,43.71911142223575],[4.1701456904411325,43.71899511027628],[4.170188605785371,43.718878798091005],[4.1700491309165955,43.71884002731243],[4.169834554195404,43.71887492101429],[4.16969507932663,43.71897572492775],[4.1695234179496765,43.71921610280625],[4.169593155384064,43.719351799569864]]]},"properties":{"cle":"vivier:30123:013","id_pk":"30123:013","source":"vivier","id_source":"30123:013","insee":"30123","commune":"Gallargues-le-Montueux","nom":null,"surf_m2":1738.7,"nb_pl_est":52,"nb_places":null,"nb_pl_reel":null,"stat_auto":"public","statut":null,"proprio":"commune","proprio_nm":null,"part_pub":1.0,"acces_osm":null,"payant":null,"sud_canal":null,"avis_ia":"a_verifier","motif_ia":"Relecture 05/10 : cour stabilisee avec hangars, quelques vehicules : cour privee probable.","emprise":"tracee","note_emprise":"esplanade nue","parcelles":["AK1"],"a_verif":true,"motif_ver":"Relecture 05/10 : cour stabilisee avec hangars, quelques vehicules : cour privee probable."}},{"type":"Feature","geometry":{"type":"Polygon","coordinates":[[[4.175011217594147,43.71965226988134],[4.175145328044891,43.71977633460268],[4.175381362438201,43.71979571969216],[4.175520837306975,43.71979959670932],[4.175692498683929,43.719857751936445],[4.175456464290619,43.71965614690776],[4.1752418875694275,43.719501065654875],[4.175097048282623,43.719489434544705],[4.175000488758086,43.719551467106086],[4.175011217594147,43.71965226988134]]]},"properties":{"cle":"vivier:30123:014","id_pk":"30123:014","source":"vivier","id_source":"30123:014","insee":"30123","commune":"Gallargues-le-Montueux","nom":null,"surf_m2":1043.3,"nb_pl_est":39,"nb_places":null,"nb_pl_reel":null,"stat_auto":"public","statut":null,"proprio":"commune","proprio_nm":null,"part_pub":1.0,"acces_osm":null,"payant":null,"sud_canal":null,"avis_ia":"a_verifier","motif_ia":"Relecture 05/10 : cour betonnee entre maisons, acces depuis la rue mais aucun vehicule visible.","emprise":"tracee","note_emprise":"cour nue de l'equipement","parcelles":["AK186"],"a_verif":true,"motif_ver":"Relecture 05/10 : cour betonnee entre maisons, acces depuis la rue mais aucun vehicule visible."}},{"type":"Feature","geometry":{"type":"Polygon","coordinates":[[[4.175193607807159,43.72013689624082],[4.175279438495636,43.720183420165114],[4.175472557544708,43.720222190074445],[4.175553023815155,43.72021443609458],[4.17565494775772,43.720121388258036],[4.1758641600608835,43.72013689624082],[4.175874888896942,43.72010588027125],[4.175660312175751,43.72007874128465],[4.175499379634857,43.72006323328682],[4.175257980823517,43.72005547928639],[4.175193607807159,43.72013689624082]]]},"properties":{"cle":"vivier:30123:017","id_pk":"30123:017","source":"vivier","id_source":"30123:017","insee":"30123","commune":"Gallargues-le-Montueux","nom":null,"surf_m2":574.7,"nb_pl_est":25,"nb_places":null,"nb_pl_reel":null,"stat_auto":"public","statut":null,"proprio":"commune","proprio_nm":null,"part_pub":1.0,"acces_osm":null,"payant":null,"sud_canal":null,"avis_ia":"a_verifier","motif_ia":"Relecture 05/10 : petite cour fermee par le bati, un utilitaire : usage prive probable.","emprise":"tracee","note_emprise":"cour nue du centre","parcelles":["AK185"],"a_verif":true,"motif_ver":"Relecture 05/10 : petite cour fermee par le bati, un utilitaire : usage prive probable."}},{"type":"Feature","geometry":{"type":"Polygon","coordinates":[[[4.4220204,43.775018],[4.4220385,43.7750836],[4.422094900000001,43.77520280000002],[4.422147600000001,43.7752614],[4.4222243,43.775328],[4.422336775653136,43.77539247017262],[4.42233658696666,43.77539209524915],[4.422335988791671,43.77539042347595],[4.422335614515749,43.7753887178551],[4.422335467585403,43.77538699409286],[4.4223355493536225,43.77538526806258],[4.4223358590674255,43.77538355565841],[4.422336393874781,43.77538187264909],[4.422337148850885,43.77538023453267],[4.422347831950424,43.775360294762365],[4.422348802852915,43.775358712722465],[4.422349979064534,43.77535720560539],[4.4223513496993085,43.77535578735964],[4.422352902071859,43.77535447111125],[4.422354621814812,43.77535326904222],[4.4223564930117645,43.77535219227781],[4.422358498344591,43.77535125078358],[4.422360619253738,43.77535045327316],[4.4223628361099765,43.77534980712761],[4.422365128396079,43.775349318327045],[4.422367474896713,43.77534899139534],[4.422369853894787,43.77534882935831],[4.4223722433724415,43.775348833715626],[4.422374621214827,43.77534900442694],[4.42237696541478,43.77534933991233],[4.422379254276502,43.77534983706682],[4.422381466616352,43.77535049128921],[4.422383581958906,43.77535129652461],[4.422422499382668,43.77536788877133],[4.42242455387864,43.77536886697497],[4.422426464857908,43.7753699875497],[4.422428213600131,43.77537123951807],[4.42242978297428,43.775372610615634],[4.42243115760644,43.775374087410825],[4.422432324030428,43.77537565543664],[4.422433270819706,43.775377299332426],[4.422433988699317,43.775379002994214],[4.422434470636751,43.775380749732626],[4.422434711910825,43.77538252243626],[4.422434710157953,43.775384303739315],[4.422434465395281,43.775386076191836],[4.422433980020531,43.77538782243049],[4.422433258788513,43.77538952534876],[4.422432308764542,43.775391168264505],[4.42243113925523,43.77539273508341],[4.422416663994379,43.77541002432245],[4.422415340065948,43.7754114477949],[4.422413835001604,43.77541277339971],[4.42241216249284,43.77541398907788],[4.422410337754391,43.77541508377042],[4.42240837738582,43.775416047519],[4.422406299220517,43.77541687155641],[4.422404122163462,43.77541754838642],[4.422401866019255,43.77541807185193],[4.422399551311951,43.77541843719098],[4.422399401860933,43.775418450145345],[4.422415799999999,43.7754253],[4.422509899999999,43.77545179999999],[4.4226933,43.77547259999999],[4.422860600000001,43.77546080000001],[4.4229647,43.77543790000001],[4.423097699999999,43.77538620000001],[4.4225782,43.77518879999999],[4.423054,43.77453259999999],[4.4229719,43.7745041],[4.42270928209927,43.774867671359736],[4.422709563220059,43.77486777775274],[4.422711668154785,43.77486867238751],[4.422713641770289,43.77486971237896],[4.422715465014862,43.77487088768782],[4.422717120288364,43.77487218696864],[4.422718591612099,43.77487359767919],[4.4227198647830805,43.77487510620162],[4.42272092751112,43.77487669797385],[4.422721769537474,43.77487835763018],[4.422722382733876,43.774880069149646],[4.422722761181001,43.7748818160106],[4.4227229012255975,43.77488358135023],[4.422722801515767,43.77488534812738],[4.422722463014006,43.77488709928696],[4.422721888987917,43.77488881792468],[4.422721084978675,43.77489048745021],[4.422720058747519,43.77489209174722],[4.422520718413653,43.77516739870184],[4.422519475005375,43.77516892762691],[4.422518029833491,43.775170360386234],[4.422516396949532,43.775171683048946],[4.4225145922301685,43.77517288275473],[4.4225126332228495,43.775173947838674],[4.4225105389751835,43.7751748679449],[4.422508329849735,43.775175634127095],[4.42250602732604,43.775176238935614],[4.42250365379176,43.77517667648984],[4.422501232324996,43.77517694253541],[4.422498786469906,43.77517703448551],[4.422496340007777,43.775176951446106],[4.422493916725802,43.77517669422461],[4.422491540185783,43.77517626532199],[4.422489233495054,43.77517566890854],[4.422487019081785,43.775174910783235],[4.422356586310061,43.77512441264933],[4.422354513308414,43.775123513533224],[4.422352570669911,43.775122472733194],[4.422350776775206,43.77512130009698],[4.422349148597582,43.77512000671968],[4.422347701542354,43.775118604838866],[4.422346449301109,43.77511710771871],[4.422345403722157,43.775115529524506],[4.42234457469843,43.77511388518864],[4.422343970073883,43.77511219026933],[4.422343595569266,43.775110460803376],[4.422343454728008,43.77510871315449],[4.422343548882684,43.77510696385834],[4.422343877142409,43.775105229466256],[4.422344436401268,43.77510352638851],[4.422345221367712,43.775101870739114],[4.422346224614608,43.775100278183274],[4.422346337217616,43.775100120256695],[4.422021600000001,43.77497420000001],[4.4220204,43.775018]]]},"properties":{"cle":"vivier:30125:007","id_pk":"30125:007","source":"vivier","id_source":"30125:007","insee":"30125","commune":"Garons","nom":null,"surf_m2":2488.1,"nb_pl_est":65,"nb_places":null,"nb_pl_reel":null,"stat_auto":"public","statut":null,"proprio":"commune","proprio_nm":null,"part_pub":1.0,"acces_osm":null,"payant":null,"sud_canal":null,"avis_ia":"a_verifier","motif_ia":"Relecture 05/10 : croissant de terrain nu pres du rond-point, un poids lourd ; la bande attenante longe des vehicules.","emprise":"estimee","note_emprise":null,"parcelles":["AK95"],"a_verif":true,"motif_ver":"Relecture 05/10 : croissant de terrain nu pres du rond-point, un poids lourd ; la bande attenante longe des vehicules."}},{"type":"Feature","geometry":{"type":"Polygon","coordinates":[[[4.427005200000001,43.77559580000001],[4.4273177,43.775833299999995],[4.427397599999999,43.7758755],[4.4274593,43.77589330000001],[4.4275379,43.775891200000004],[4.427611,43.775877200000004],[4.4276635,43.77585650000001],[4.427728799999999,43.7758009],[4.4277603,43.775756099999995],[4.427005200000001,43.77559580000001]]]},"properties":{"cle":"vivier:30125:018","id_pk":"30125:018","source":"vivier","id_source":"30125:018","insee":"30125","commune":"Garons","nom":null,"surf_m2":846.8,"nb_pl_est":34,"nb_places":null,"nb_pl_reel":null,"stat_auto":"public","statut":null,"proprio":"commune","proprio_nm":null,"part_pub":1.0,"acces_osm":null,"payant":null,"sud_canal":null,"avis_ia":"candidat","motif_ia":"Relecture 05/10 : aire goudronnee a places marquees le long de la voie, vehicule present.","emprise":"estimee","note_emprise":null,"parcelles":["AK41"],"a_verif":false,"motif_ver":null}},{"type":"Feature","geometry":{"type":"MultiPolygon","coordinates":[[[[4.3442545307089615,43.73048814496143],[4.344256936534036,43.73048842009107],[4.344259293585296,43.73048886489315],[4.344259858304605,43.73048901565878],[4.3442970453074405,43.73016592008937],[4.344179387179335,43.73015946665213],[4.344176972298719,43.730159247418975],[4.3441745986406035,43.730158857725414],[4.344172289030607,43.730158301318895],[4.344170065678441,43.730157583549904],[4.344167949964345,43.73015671132069],[4.344165962233484,43.73015569301879],[4.344164121600303,43.73015453843641],[4.344162445764722,43.73015325867627],[4.344160950841927,43.73015186604483],[4.344159651207407,43.73015037393393],[4.344158559358712,43.73014879669205],[4.344157685795276,43.730147149486235],[4.3441570389174515,43.730145448156414],[4.344156624945735,43.73014370906292],[4.344156447860945,43.73014194892927],[4.344156509365943,43.73014018468124],[4.344168631045733,43.73002213862364],[4.344168929834562,43.730020390199066],[4.344169462945726,43.730018671337504],[4.3441702252701875,43.730016998511466],[4.344171209502266,43.730015387752296],[4.344172406209661,43.73001385449659],[4.344173803923836,43.73001241343808],[4.344175389249926,43.73001107838703],[4.3441771469951185,43.730009862137756],[4.344179060314238,43.73000877634605],[4.344181110871189,43.730007831417474],[4.344183279014675,43.73000703640766],[4.344185543966521,43.7300063989355],[4.344187884020806,43.73000592511012],[4.344190276751873,43.73000561947239],[4.3441926992292474,43.73000548495135],[4.344195128237378,43.73000552283618],[4.344240794772123,43.7300078603821],[4.344242261215202,43.729988290149024],[4.3442422741214735,43.72998820066275],[4.344242276150395,43.729988107900915],[4.344242668573834,43.72998369723533],[4.344088629074872,43.72997442818987],[4.3440879690427625,43.72997986201636],[4.344083808747544,43.73001411233026],[4.34408347944893,43.73001584961253],[4.344082918547189,43.730017555407244],[4.344082131367838,43.730019213518595],[4.344081125384809,43.730020808203456],[4.344079910149494,43.73002232432097],[4.344078497200047,43.730023747476146],[4.3440768999518475,43.730025064156735],[4.34407513357012,43.73002626186139],[4.344073214825946,43.730027329218366],[4.344071161937035,43.7300282560935],[4.3440689943947435,43.73002903368652],[4.344066732779026,43.730029654614455],[4.344064398563026,43.730030112981886],[4.344062013909202,43.73003040443676],[4.344059601458896,43.73003052621183],[4.344057184117375,43.7300304771509],[4.343911786531341,43.73002237218346],[4.343909347295936,43.73002214762584],[4.343906950674161,43.73002174914415],[4.343904620190048,43.73002118064971],[4.343902378718451,43.73002044772255],[4.343900248260523,43.73001955755674],[4.34390016706323,43.730019515357284],[4.343841345715916,43.730455861803975],[4.3442545307089615,43.73048814496143]]],[[[4.343914965590278,43.730738113348444],[4.344121074486655,43.73075713071542],[4.344122263539564,43.73075726172834],[4.344211892880056,43.730768754864606],[4.344213688502849,43.73076903516606],[4.344215450620266,43.73076941099744],[4.344227255717835,43.730772277031654],[4.344255856511118,43.7305237846288],[4.34425407841677,43.73052396383932],[4.34425164479729,43.73052403434399],[4.344249213366268,43.73052393153638],[4.3438365163552115,43.73049168650611],[4.343804986687236,43.73072557579003],[4.343914965590278,43.730738113348444]]]]},"properties":{"cle":"vivier:30128:005","id_pk":"30128:005","source":"vivier","id_source":"30128:005","insee":"30128","commune":"Générac","nom":null,"surf_m2":2463.6,"nb_pl_est":65,"nb_places":null,"nb_pl_reel":null,"stat_auto":"public","statut":null,"proprio":"commune","proprio_nm":null,"part_pub":1.0,"acces_osm":null,"payant":null,"sud_canal":null,"avis_ia":"candidat","motif_ia":"Relecture 05/10 : parking goudronne plein de vehicules au nord ; emprise a resserrer, elle deborde sur les terrains de jeux.","emprise":"estimee","note_emprise":null,"parcelles":["D652"],"a_verif":false,"motif_ver":null}},{"type":"Feature","geometry":{"type":"Polygon","coordinates":[[[4.340607100000001,43.72724629999998],[4.340574400000001,43.7274106],[4.340715500000001,43.72742540000001],[4.3406771,43.727653800000006],[4.3410083,43.727683000000006],[4.34103522790319,43.72746690119301],[4.341024577563128,43.727467032373184],[4.341022548293558,43.72746697702242],[4.341020539416662,43.72746676168647],[4.3410185748448775,43.72746638892857],[4.341016677963262,43.7274658631858],[4.340997920347486,43.727459794426125],[4.340996254885279,43.72745918116537],[4.34099468256854,43.72745844994215],[4.340993219231902,43.72745760812052],[4.340979361101199,43.72744877910093],[4.340978124167645,43.72744791451711],[4.34097700242983,43.72744697091082],[4.340976005444293,43.72744595632104],[4.340975141704754,43.72744487939148],[4.340964879171145,43.72743060626232],[4.340964013435272,43.72742921568299],[4.340963369640276,43.72742776313474],[4.340962956012184,43.72742626717737],[4.340960137522568,43.727411902364004],[4.340959977546644,43.727410708967405],[4.340959964244882,43.727409509984085],[4.340960097722241,43.727408314875376],[4.340960376925417,43.72740713307212],[4.340964981400992,43.727391776864394],[4.340965545823029,43.72739030260998],[4.340966336693033,43.72738888414953],[4.340967343848846,43.72738753970931],[4.34097821489645,43.72737480623037],[4.340979148254936,43.72737381443078],[4.340980199466808,43.72737288670896],[4.340981360212882,43.72737203040683],[4.340982621307142,43.72737125230108],[4.341002219194784,43.72736021127542],[4.34100374376647,43.72735943776836],[4.341005367215622,43.72735877851021],[4.3410070733185675,43.72735824008917],[4.341008845025646,43.72735782788585],[4.341010664631598,43.72735754601956],[4.341012513952491,43.72735739730706],[4.3410246762788764,43.72735686363754],[4.341025079654013,43.72735655774207],[4.34102692726836,43.727355407097065],[4.3410289215098254,43.72735439332133],[4.341031043172779,43.7273535261781],[4.341033271824458,43.72735281401838],[4.3410355860017455,43.72735226370067],[4.341037963417867,43.72735188052486],[4.341038403185794,43.727351841901516],[4.341042061192784,43.72734867393428],[4.341051577992338,43.72733344088045],[4.341067148742225,43.7273046385223],[4.3410690999999995,43.72729489999999],[4.340607100000001,43.72724629999998]]]},"properties":{"cle":"vivier:30128:013","id_pk":"30128:013","source":"vivier","id_source":"30128:013","insee":"30128","commune":"Générac","nom":null,"surf_m2":1289.4,"nb_pl_est":44,"nb_places":null,"nb_pl_reel":null,"stat_auto":"public","statut":null,"proprio":"commune","proprio_nm":null,"part_pub":1.0,"acces_osm":null,"payant":null,"sud_canal":null,"avis_ia":"a_verifier","motif_ia":"Relecture 05/10 : esplanade betonnee pres du gymnase, marquages peu lisibles : usage a confirmer.","emprise":"estimee","note_emprise":null,"parcelles":["D4287"],"a_verif":true,"motif_ver":"Relecture 05/10 : esplanade betonnee pres du gymnase, marquages peu lisibles : usage a confirmer."}},{"type":"Feature","geometry":{"type":"Polygon","coordinates":[[[4.247397600000001,43.80564240000002],[4.247713499999999,43.8054922],[4.2477641352277224,43.805484774556575],[4.247737936224298,43.80546661253213],[4.2477098,43.8054657],[4.247621999999999,43.8054825],[4.247521,43.80552380000002],[4.2474158,43.80558210000002],[4.2473223,43.805675300000004],[4.247228899999999,43.80593460000001],[4.2475524,43.80600399999998],[4.247621736946807,43.80572712849491],[4.24757942197979,43.805721882238615],[4.247579203631248,43.805721973012695],[4.247577018590915,43.80572268840348],[4.247574748517883,43.805723247945394],[4.247572414548562,43.80572364642861],[4.247570038414296,43.80572388014292],[4.247567642239025,43.80572394691223],[4.247565248333286,43.80572384611482],[4.247562878986487,43.805723578689246],[4.247495554041924,43.80571354911025],[4.2474932520197095,43.80571312216632],[4.247491016828504,43.80571253793715],[4.247488868906008,43.805711801764694],[4.247486827891968,43.805710920380214],[4.247484912448604,43.80570990184274],[4.2474831400899555,43.80570875546539],[4.247481527021758,43.805707491730146],[4.247480087993257,43.80570612219215],[4.247478836162337,43.80570465937388],[4.247477782975223,43.80570311665077],[4.247476938061825,43.805701508128855],[4.24747630914767,43.805699848515836],[4.247475901983279,43.80569815298649],[4.247475720291576,43.80569643704412],[4.247475765733862,43.80569471637858],[4.247475926459457,43.80569370673476],[4.2473875,43.8056821],[4.247397600000001,43.80564240000002]]]},"properties":{"cle":"vivier:30138:014","id_pk":"30138:014","source":"vivier","id_source":"30138:014","insee":"30138","commune":"Langlade","nom":null,"surf_m2":968.6,"nb_pl_est":38,"nb_places":null,"nb_pl_reel":null,"stat_auto":"public","statut":null,"proprio":"commune","proprio_nm":null,"part_pub":1.0,"acces_osm":null,"payant":null,"sud_canal":null,"avis_ia":"a_verifier","motif_ia":"Relecture 05/10 : abords d'un chantier : dalle et bande de voirie, usage definitif inconnu.","emprise":"estimee","note_emprise":null,"parcelles":["AC305"],"a_verif":true,"motif_ver":"Relecture 05/10 : abords d'un chantier : dalle et bande de voirie, usage definitif inconnu."}},{"type":"Feature","geometry":{"type":"Polygon","coordinates":[[[4.2387415,43.807131800000015],[4.239118000000001,43.80710959999999],[4.2397406,43.8070123],[4.239916000000001,43.80693519999997],[4.239810472819697,43.80688956663228],[4.239286571715706,43.80699841959533],[4.239283603681981,43.80699892356681],[4.239280581730722,43.80699921442594],[4.239277534964998,43.806999289371596],[4.239274492726867,43.806999147682006],[4.239271484314778,43.80699879072172],[4.239270199710468,43.806998542666676],[4.2389859,43.807059],[4.2387415,43.807131800000015]]]},"properties":{"cle":"vivier:30138:019","id_pk":"30138:019","source":"vivier","id_source":"30138:019","insee":"30138","commune":"Langlade","nom":null,"surf_m2":768.2,"nb_pl_est":32,"nb_places":null,"nb_pl_reel":null,"stat_auto":"public","statut":null,"proprio":"commune","proprio_nm":null,"part_pub":1.0,"acces_osm":null,"payant":null,"sud_canal":null,"avis_ia":"candidat","motif_ia":"Relecture 05/10 : bande de stationnement a places marquees le long de la route.","emprise":"estimee","note_emprise":null,"parcelles":["AB50"],"a_verif":false,"motif_ver":null}},{"type":"Feature","geometry":{"type":"Polygon","coordinates":[[[4.234771600000001,43.67630460000001],[4.234903699999999,43.67601830000001],[4.235234099999999,43.676042100000004],[4.235240400000001,43.675954499999996],[4.2352247,43.675936900000025],[4.235192800000001,43.67592519999999],[4.2348564,43.675902],[4.2348189000000005,43.6759064],[4.2347946,43.67591770000001],[4.2347805493662225,43.675936826992526],[4.234788670020646,43.67614740304041],[4.23478858922715,43.676149442744055],[4.234782850420989,43.676198059917375],[4.234782999999999,43.67620839999999],[4.2347707188903,43.676241701608966],[4.234764138521281,43.676259847101434],[4.234763494426472,43.67626129153603],[4.234756300000001,43.6762808],[4.234771600000001,43.67630460000001]]]},"properties":{"cle":"vivier:30059:010","id_pk":"30059:010","source":"vivier","id_source":"30059:010","insee":"30059","commune":"Le Cailar","nom":null,"surf_m2":604.9,"nb_pl_est":27,"nb_places":null,"nb_pl_reel":null,"stat_auto":"public","statut":null,"proprio":"commune","proprio_nm":null,"part_pub":1.0,"acces_osm":null,"payant":null,"sud_canal":null,"avis_ia":"a_verifier","motif_ia":"Relecture 05/10 : bande stabilisee en fond de parcelles, un ou deux vehicules : desserte privee probable.","emprise":"estimee","note_emprise":null,"parcelles":["H664"],"a_verif":true,"motif_ver":"Relecture 05/10 : bande stabilisee en fond de parcelles, un ou deux vehicules : desserte privee probable."}},{"type":"Feature","geometry":{"type":"Polygon","coordinates":[[[4.510840997099876,43.912853459832014],[4.511312395334243,43.912889327238],[4.511353746056557,43.91257847566805],[4.510931968688966,43.91255456394157],[4.510840997099876,43.912853459832014]]]},"properties":{"cle":"vivier:30145:001","id_pk":"30145:001","source":"vivier","id_source":"30145:001","insee":"30145","commune":"Lédenon","nom":null,"surf_m2":1233.0,"nb_pl_est":43,"nb_places":null,"nb_pl_reel":null,"stat_auto":"public","statut":null,"proprio":"commune","proprio_nm":null,"part_pub":1.0,"acces_osm":null,"payant":null,"sud_canal":null,"avis_ia":"a_verifier","motif_ia":"Relecture 05/10 : parcelle compactee pres des terrains de sport, acces direct, aucun vehicule : usage a confirmer.","emprise":"tracee","note_emprise":"aire nue a l'entree du complexe","parcelles":["D167"],"a_verif":true,"motif_ver":"Relecture 05/10 : parcelle compactee pres des terrains de sport, acces direct, aucun vehicule : usage a confirmer."}},{"type":"Feature","geometry":{"type":"MultiPolygon","coordinates":[[[[4.459195286035538,43.82048427922196],[4.458244778215884,43.82051488032221],[4.457949064671993,43.82058118265233],[4.457927942276001,43.82069338642789],[4.459195286035538,43.820637284566466],[4.459195286035538,43.82048427922196]]],[[[4.459110796451569,43.82029557209035],[4.458632022142409,43.82031087269082],[4.458610899746419,43.82044857791848],[4.459131918847561,43.82042817716404],[4.459110796451569,43.82029557209035]]]]},"properties":{"cle":"vivier:30155-30211:010","id_pk":"30155-30211:010","source":"vivier","id_source":"30155-30211:010","insee":"30155","commune":"Manduel","nom":null,"surf_m2":2328.2,"nb_pl_est":61,"nb_places":null,"nb_pl_reel":null,"stat_auto":"public","statut":null,"proprio":"commune","proprio_nm":null,"part_pub":1.0,"acces_osm":null,"payant":null,"sud_canal":null,"avis_ia":"a_verifier","motif_ia":"Relecture 05/10 : large accotement compacte le long de la route, acces direct mais aucun vehicule a la prise de vue.","emprise":"tracee","note_emprise":"Bande gravillonnée le long du chemin de Rodilhan, et l'aire compactée au sud-est","parcelles":["BH1032"],"a_verif":true,"motif_ver":"Relecture 05/10 : large accotement compacte le long de la route, acces direct mais aucun vehicule a la prise de vue."}},{"type":"Feature","geometry":{"type":"MultiPolygon","coordinates":[[[[4.472592668607831,43.81679404045371],[4.472472262568771,43.81669665207416],[4.4722243677824745,43.81670690349],[4.4722172850742945,43.81680941755174],[4.472245615907013,43.81691705712713],[4.472606834024191,43.81690168005681],[4.472592668607831,43.81679404045371]]],[[[4.471579841338098,43.81656850922748],[4.471841901540756,43.81655825778788],[4.471848984248936,43.81636348010085],[4.471303615719079,43.816353228626035],[4.471282367594541,43.816391671647516],[4.4713673600926995,43.81651981487366],[4.471579841338098,43.81656850922748]]]]},"properties":{"cle":"vivier:30155-30211:012","id_pk":"30155-30211:012","source":"vivier","id_source":"30155-30211:012","insee":"30155","commune":"Manduel","nom":null,"surf_m2":1553.7,"nb_pl_est":49,"nb_places":null,"nb_pl_reel":null,"stat_auto":"public","statut":null,"proprio":"commune","proprio_nm":null,"part_pub":1.0,"acces_osm":null,"payant":null,"sud_canal":null,"avis_ia":"candidat","motif_ia":"Relecture 05/10 : petit parking a places marquees occupe au nord ; emprise a resserrer, elle inclut un espace vert.","emprise":"tracee","note_emprise":"Deux sous-ensembles : le stationnement visible à l'est, devant les bâtiments, et l'aire ombragée au sud-ouest, délimitée par le couvert des arbres — son sol n'est pas visible, c'est elle qu'il faut aller voir. Le long bâtiment central et l'allée sont exclus.","parcelles":["AB660"],"a_verif":false,"motif_ver":null}},{"type":"Feature","geometry":{"type":"Polygon","coordinates":[[[4.465897084729472,43.81451463839532],[4.465682284217954,43.81454550870563],[4.465761008810126,43.81476764311565],[4.465990788327707,43.814734256291494],[4.465897084729472,43.81451463839532]]]},"properties":{"cle":"vivier:30155-30211:046","id_pk":"30155-30211:046","source":"vivier","id_source":"30155-30211:046","insee":"30155","commune":"Manduel","nom":null,"surf_m2":463.8,"nb_pl_est":21,"nb_places":null,"nb_pl_reel":null,"stat_auto":"public","statut":null,"proprio":"commune","proprio_nm":null,"part_pub":1.0,"acces_osm":null,"payant":null,"sud_canal":null,"avis_ia":"candidat","motif_ia":"Relecture 05/10 : parking a places marquees, vehicules presents.","emprise":"estimee","note_emprise":null,"parcelles":["BE333"],"a_verif":false,"motif_ver":null}},{"type":"Feature","geometry":{"type":"MultiPolygon","coordinates":[[[[4.430793151259421,43.8590323677596],[4.430866353213787,43.858502782355515],[4.430756550282239,43.85781431429807],[4.42998792976141,43.85776135488747],[4.42984152585268,43.85807911064552],[4.429804924875498,43.8585027823555],[4.4298781268298635,43.858847013403235],[4.430500343441962,43.85908532604132],[4.430793151259421,43.8590323677596]]],[[[4.430866353213787,43.857046398240556],[4.42984152585268,43.856913997920735],[4.429343752563001,43.85691399792075],[4.429343752563,43.8574965571289],[4.430793151259422,43.85776135488747],[4.430866353213787,43.857046398240556]]]]},"properties":{"cle":"vivier:30156:003","id_pk":"30156:003","source":"vivier","id_source":"30156:003","insee":"30156","commune":"Marguerittes","nom":null,"surf_m2":19368.7,"nb_pl_est":547,"nb_places":null,"nb_pl_reel":null,"stat_auto":"public","statut":null,"proprio":"commune","proprio_nm":null,"part_pub":1.0,"acces_osm":null,"payant":null,"sud_canal":null,"avis_ia":"a_verifier","motif_ia":"Relecture 05/10 : vaste esplanade compactee du parc des sports, traces de roulage mais aucun vehicule : usage de foire ou de debordement a confirmer.","emprise":"tracee","note_emprise":"emprises nues du secteur fete foraine","parcelles":["BN43"],"a_verif":true,"motif_ver":"Relecture 05/10 : vaste esplanade compactee du parc des sports, traces de roulage mais aucun vehicule : usage de foire ou de debordement a confirmer."}},{"type":"Feature","geometry":{"type":"MultiPolygon","coordinates":[[[[4.44461641006052,43.86981628530238],[4.444614010980851,43.86981654088244],[4.444611588903609,43.86981662628076],[4.444609166839618,43.869816540685974],[4.444606767799577,43.869816284911295],[4.444456927733252,43.86979486632591],[4.444454608553718,43.86979445019753],[4.444452355251504,43.86979387503396],[4.444450188611719,43.869793146140644],[4.444448128620072,43.86979227024117],[4.444446194278515,43.86979125541501],[4.444444403429965,43.86979011102328],[4.444442772593715,43.86978884762213],[4.444441316813056,43.869787476865575],[4.444440049516513,43.86978601139783],[4.444440032211542,43.86978598631644],[4.4444394647772345,43.869786294946294],[4.444437346721383,43.869787224032905],[4.444435111458394,43.869787996146066],[4.444432781145504,43.869788603632095],[4.4444303788821315,43.86978904046926],[4.444427928480919,43.86978930232737],[4.4444254542316814,43.86978938661074],[4.444422980660627,43.86978929248389],[4.444420532287241,43.86978902087989],[4.444192349757111,43.86975522157269],[4.444192310026345,43.86975582808537],[4.444191959767545,43.86975756460234],[4.444172613479893,43.86982892630142],[4.4441720220616725,43.86983065170119],[4.444171198256372,43.86983232647866],[4.4441701501001845,43.86983393429638],[4.4441688878178445,43.869835459470096],[4.444167423722898,43.86983688712175],[4.444165772097564,43.869838203324626],[4.444163949053428,43.86983939523915],[4.44416197237427,43.86984045123818],[4.444159861342577,43.8698413610205],[4.444157636551455,43.86984211571115],[4.444155319703727,43.86984270794815],[4.444152933400236,43.86984313195419],[4.444150500919368,43.869843383593135],[4.4441480459899685,43.86984346041023],[4.444145592559868,43.869843361656116],[4.444143164562273,43.86984308829415],[4.444128487691326,43.86984089398803],[4.444125148708495,43.86985183697647],[4.444125908190886,43.86985164029969],[4.444128297869296,43.869851208605105],[4.444130734840926,43.86985094996952],[4.444133195220214,43.86985086692791],[4.4441356548921815,43.869850960294194],[4.4441380897487734,43.86985122915323],[4.444575172976972,43.86991565023572],[4.444577517915991,43.869916082740765],[4.4445797936790745,43.86991667801383],[4.444581978734665,43.86991743042287],[4.444584052409414,43.86991833284917],[4.444585995083763,43.86991937675468],[4.444586124222593,43.869919461405466],[4.444617222449692,43.86981613916155],[4.44461641006052,43.86981628530238]]],[[[4.444187299999999,43.869944000000004],[4.444184500300239,43.86996632566711],[4.444186915639543,43.86996667218656],[4.444186979852845,43.86996668146254],[4.444521644841104,43.870015356639314],[4.444524018832552,43.87001579084138],[4.444526322323705,43.870016391772346],[4.444528533000073,43.87001715361085],[4.444530629446276,43.870018068976776],[4.444532591353518,43.87001912900273],[4.444534399716304,43.870020323419986],[4.444536037016562,43.870021640657924],[4.444537487393343,43.87002306795615],[4.444538736796469,43.87002459148805],[4.44453977312264,43.87002619649476],[4.4445405863326855,43.870027867428234],[4.444541168548813,43.870029588101666],[4.444541514130927,43.87003134184649],[4.444541619731263,43.870033111673706],[4.444541484326818,43.87003488043857],[4.444541109229272,43.870036631006585],[4.444520542295081,43.870108909012856],[4.444519934086284,43.870110617558865],[4.444519097572164,43.870112274817075],[4.444518040790655,43.87011386486311],[4.444516773896216,43.87011537241843],[4.444515309062253,43.87011678299709],[4.44451366036415,43.87011808304507],[4.444511843644025,43.87011926007036],[4.4445098763585005,43.870120302763084],[4.444507777410961,43.87012120110412],[4.444505566969925,43.87012194646143],[4.444503266275232,43.870122531673],[4.444500897433967,43.87012295111555],[4.444498483208024,43.870123200758755],[4.444496046795399,43.8701232782038],[4.444493611607268,43.870123182706514],[4.444491201043055,43.87012291518458],[4.444340093719923,43.87010061312536],[4.4443377612276755,43.87010018289129],[4.44433549712502,43.8700995916002],[4.444333322606446,43.87009884478725],[4.4443312580278285,43.870097949443405],[4.444329322715882,43.870096913950064],[4.444327534787244,43.87009574800058],[4.444325910978878,43.87009446250955],[4.444324466491396,43.87009306951054],[4.444323882708764,43.87009237573743],[4.444322930857233,43.87009290090029],[4.444320789712888,43.870093851701824],[4.444318526935826,43.870094641435166],[4.444316165600478,43.870095262047094],[4.444313729786315,43.87009570720896],[4.444311244332302,43.87009597238131],[4.444308734583602,43.87009605486005],[4.44430622613312,43.870095953804125],[4.444303744560526,43.87009567024402],[4.444170814823645,43.87007545761948],[4.444161215835672,43.87015200248302],[4.444163650965811,43.87015230796694],[4.444164550228088,43.870152433152896],[4.444197024087462,43.870157403867914],[4.44419936615923,43.87015784952051],[4.4442016372428235,43.87015845779382],[4.4442038158194945,43.87015922292441],[4.44420588124701,43.87016013766258],[4.444207813955228,43.870161193341076],[4.4442095956315395,43.87016237995727],[4.444211209394372,43.87016368626786],[4.444212639953143,43.870165099895395],[4.444213873753151,43.87016660744561],[4.4442148991039945,43.87016819463432],[4.444215706290352,43.87016984642273],[4.44421628766403,43.87017154716001],[4.444216637716429,43.870173280731464],[4.444216753130746,43.87017503071134],[4.444216632813395,43.87017678051838],[4.444216277904375,43.87017851357296],[4.444211500055671,43.87019594314277],[4.444424370847873,43.87022595706081],[4.444498587501681,43.87023535460103],[4.444528583372251,43.87012789645031],[4.4445286460779725,43.870127677427895],[4.444556430429869,43.87003300253025],[4.4445639,43.869993300000004],[4.444187299999999,43.869944000000004]]],[[[4.4436192,43.8701253],[4.443569000000001,43.8705184],[4.443602684264534,43.87052189836333],[4.443611783767656,43.87048686468359],[4.443612361378974,43.87048512328669],[4.443613175341851,43.87048343203536],[4.443614217597961,43.8704818076731],[4.44361547782886,43.87048026628131],[4.443616943558137,43.87047882311984],[4.443618600274929,43.87047749247613],[4.44362043157759,43.87047628752367],[4.443622419336055,43.87047522019159],[4.443624543871344,43.870474301046556],[4.443626784150377,43.87047353918818],[4.443629117994197,43.87047294215894],[4.443631522297561,43.87047251586945],[4.443633973257665,43.87047226454004],[4.443636446609801,43.87047219065889],[4.443638917867585,43.870472294957395],[4.443641362565361,43.870472576403],[4.443934872483968,43.87051729744523],[4.443937190269362,43.870517735869676],[4.443939439019667,43.87051833353545],[4.44394159788351,43.870519084900714],[4.443943646842982,43.87051998299852],[4.443945566899255,43.87052101950131],[4.443947340248739,43.87052218479819],[4.443948950448174,43.87052346808402],[4.443950382567092,43.87052485745965],[4.4439516233262575,43.87052634004217],[4.443952661220806,43.87052790208445],[4.443953486626914,43.87052952910257],[4.443954091891046,43.87053120601009],[4.44395447140091,43.87053291725804],[4.443954621637509,43.87053464697899],[4.44395454120776,43.87053637913415],[4.4439542308574245,43.870538097662326],[4.443949305043576,43.87055789690077],[4.4439747541834285,43.870560539893404],[4.443986502759713,43.8705161571145],[4.444082477016151,43.87052976140029],[4.444083301670908,43.87052303056356],[4.444080314249475,43.87052250879105],[4.444042001954862,43.87051678084393],[4.444039640688225,43.87051633951726],[4.444037350494472,43.87051573306316],[4.444035153380104,43.87051496730909],[4.444033070457217,43.87051404961316],[4.444032441114485,43.870513707018915],[4.444030741919445,43.870513642458846],[4.444028326826892,43.87051337715698],[4.443797300104929,43.870479530723294],[4.443794916654122,43.87047909180409],[4.443792604753879,43.87047848478349],[4.443790386997323,43.87047771559364],[4.443788285057555,43.87047679175145],[4.443786319475848,43.8704757222852],[4.443784509460908,43.87047451764632],[4.443782872701159,43.87047318960716],[4.443781425191874,43.870471751146],[4.443780181078871,43.870470216320285],[4.443779152520267,43.870468600129165],[4.443778349567665,43.87046691836687],[4.443777780067921,43.87046518746852],[4.4437774495864675,43.870463424349325],[4.443777361352921,43.87046164623945],[4.443777516229525,43.87045987051549],[4.443777912702719,43.87045811453078],[4.443798548934342,43.8703885359633],[4.443799172733043,43.870386840389685],[4.443800021782588,43.870385196814134],[4.44380108801396,43.870383620856444],[4.443802361294147,43.87038212749385],[4.4438038295224285,43.87038073091858],[4.4438054787454,43.87037944440313],[4.443807293289551,43.87037828017394],[4.443809255910245,43.87037724929535],[4.443811347955588,43.870376361564375],[4.443813549543696,43.87037562541762],[4.443815839751642,43.870375047851056],[4.4438181968142985,43.8703746343537],[4.443820598331177,43.87037438885518],[4.4438230214793215,43.87037431368864],[4.443825443230203,43.87037440956845],[4.443827840568567,43.870374675583356],[4.444047711706518,43.870407077780726],[4.44407177765477,43.870322079499964],[4.4440723835905205,43.87032037039518],[4.444073217935602,43.87031871242414],[4.4440742726716955,43.870317121520415],[4.44407553766246,43.87031561297306],[4.444077000750953,43.870314201279655],[4.4440786478764585,43.87031290000698],[4.444080463209611,43.870311721660634],[4.444082429304526,43.87031067756486],[4.444084527266459,43.870309777753725],[4.444086736933391,43.870309030874694],[4.444089037069782,43.87030844410545],[4.444091405570662,43.87030802308504],[4.444093819674058,43.87030777185956],[4.44409625617975,43.870307692843404],[4.444098691672219,43.87030778679591],[4.444101102745688,43.87030805281416],[4.444109489431105,43.870309285104845],[4.444115878857428,43.870257134133475],[4.44411263916517,43.87025663823842],[4.444042908120583,43.87024678965706],[4.444040507901851,43.87024636009291],[4.44403817847621,43.87024576029303],[4.4440359428516745,43.87024499618172],[4.444033823109775,43.87024407530622],[4.4440318401874475,43.87024300676214],[4.444030013670241,43.870241801103575],[4.444028361598873,43.87024047023898],[4.444026900291033,43.87023902731345],[4.4440256441802175,43.870237486578986],[4.444024605673158,43.87023586325352],[4.444023795027292,43.87023417337088],[4.444023220249438,43.8702324336222],[4.444022887016723,43.87023066119118],[4.444022798620501,43.87022887358433],[4.444022924602513,43.87022744399298],[4.444021713604309,43.87022688723727],[4.444019831600332,43.87022582604813],[4.4440180987773585,43.87022463930831],[4.444016531074964,43.87022333793417],[4.444015142913833,43.87022193389655],[4.444013947063112,43.870220440110664],[4.444012954522961,43.87021887031727],[4.444012174423358,43.87021723895631],[4.4440116139401225,43.87021556103402],[4.444011278228902,43.870213851985],[4.444011170377757,43.87021212753011],[4.444011291378743,43.87021040353193],[4.444011640118805,43.87020869584888],[4.444016025273835,43.870192604411464],[4.444015412825626,43.87019277305448],[4.444012973331784,43.870193246558465],[4.4440104800469715,43.87019353868523],[4.4440079586687835,43.87019364642391],[4.444005435184369,43.87019356866411],[4.444002935602581,43.870193306207234],[4.443882284941717,43.870176074360074],[4.443861546572448,43.870173708789835],[4.443859103308747,43.870173338370385],[4.443856723655945,43.87017279268501],[4.443854431572187,43.870172077227636],[4.4438522501339754,43.870171199201415],[4.44385020130384,43.87017016744625],[4.443848305709221,43.870168992349775],[4.443846582434797,43.87016768574273],[4.443845048830331,43.87016626077994],[4.443843720336005,43.87016473180782],[4.443842610326969,43.87016311421991],[4.443841729978674,43.87016142430193],[4.44384108815437,43.87015967906787],[4.443840691315862,43.87015789608856],[4.443840543458463,43.870156093314854],[4.443840646070763,43.87015428889694],[4.4438409005691035,43.87015299641617],[4.443840998119647,43.87015250100152],[4.443855766729491,43.87009744814976],[4.443868230133503,43.87004962642517],[4.443868811252511,43.8700478803235],[4.443869630024145,43.87004618481344],[4.443870678295611,43.87004455677767],[4.44387194562892,43.870043012427075],[4.443873419404814,43.87004156713926],[4.443875084948428,43.87004023530539],[4.443876925675409,43.87003903018697],[4.443878923257045,43.87003796378375],[4.443881057802784,43.87003704671421],[4.443883308058281,43.87003628810992],[4.443885651617034,43.87003569552454],[4.443888065143489,43.87003527485862],[4.443890524605416,43.870035030300855],[4.443893005513182,43.87003496428641],[4.4438954831636135,43.870035077472586],[4.443897932885975,43.870035368732346],[4.443914519573423,43.87003796152964],[4.443913354844097,43.87003765596323],[4.443911148702971,43.87003689240482],[4.44390905684741,43.87003597583675],[4.443907099490998,43.87003491511578],[4.443905295547648,43.87003372049169],[4.443903662448847,43.87003240350813],[4.443902215975199,43.87003097689109],[4.443900970103959,43.87002945442595],[4.443899936873952,43.870027850824314],[4.443899126269248,43.87002618158171],[4.443898546122697,43.870024462828056],[4.443898202040227,43.870022711171664],[4.443898097346679,43.87002094353871],[4.443898233053686,43.870019177009866],[4.443898607849887,43.87001742865505],[4.443919175538055,43.86994515077],[4.443919784355666,43.86994344084713],[4.44392062184539,43.86994178231055],[4.44392167994671,43.86994019112304],[4.443922948475813,43.86993868259907],[4.4439244152236075,43.86993727125765],[4.44392606607323,43.869935970682306],[4.443927885135918,43.86993479339054],[4.443929854903928,43.869933750713344],[4.443931956419043,43.869932852686034],[4.443934169455037,43.86993210795174],[4.443936472712345,43.86993152367827],[4.443938844023062,43.86993110548896],[4.443941260564297,43.86993085740873],[4.443943699077834,43.86993078182527],[4.443946136093986,43.869930879466],[4.4439485481574765,43.869931149391206],[4.444070935113072,43.86994933164727],[4.444071037563762,43.86994935067276],[4.4440711397224595,43.86994936269338],[4.444075499056505,43.869950037996496],[4.4436515,43.869878600000014],[4.4436192,43.8701253]]]]},"properties":{"cle":"vivier:30156:018","id_pk":"30156:018","source":"vivier","id_source":"30156:018","insee":"30156","commune":"Marguerittes","nom":null,"surf_m2":2557.8,"nb_pl_est":67,"nb_places":null,"nb_pl_reel":null,"stat_auto":"public","statut":null,"proprio":"commune","proprio_nm":null,"part_pub":1.0,"acces_osm":null,"payant":null,"sud_canal":null,"avis_ia":"a_verifier","motif_ia":"Relecture 05/10 : emprise batie d'equipement ; quelques vehicules ranges en bordure sud, le reste est du bati.","emprise":"estimee","note_emprise":null,"parcelles":["BT1","BT14","BT15","BT2"],"a_verif":true,"motif_ver":"Relecture 05/10 : emprise batie d'equipement ; quelques vehicules ranges en bordure sud, le reste est du bati."}},{"type":"Feature","geometry":{"type":"MultiPolygon","coordinates":[[[[4.437889200000001,43.85222150000001],[4.437396450262387,43.85183332019954],[4.437289507282637,43.85175563498274],[4.4371049,43.85166200000001],[4.437045799999999,43.85165240000002],[4.4370012999999995,43.851658],[4.436949200000001,43.8516785],[4.436886999999999,43.85173480000001],[4.437680758578782,43.85219246364013],[4.437680953051775,43.85219230598688],[4.437683838837931,43.85218941330409],[4.4376853648892265,43.852188032037326],[4.437687070894587,43.852186765816725],[4.43768894038331,43.852185626867076],[4.437690955306341,43.8521846261844],[4.43769309621052,43.85218377342984],[4.437695342426411,43.85218307683633],[4.4376976722678405,43.85218254312915],[4.437700063241269,43.85218217746103],[4.43770249226296,43.85218198336227],[4.4377049358818415,43.852181962706865],[4.437707370505908,43.85218211569416],[4.43770977263,43.852182440847216],[4.437712119062724,43.85218293502677],[4.437714387150364,43.85218359346178],[4.4377165549955855,43.85218440979533],[4.437718601668842,43.85218537614615],[4.43772050741045,43.852186483184525],[4.437752112050391,43.85220676811172],[4.4377539015637355,43.852208038921574],[4.437755505179808,43.8522094336547],[4.437756906602051,43.85221093813733],[4.437758091588676,43.852212537080334],[4.437759048097389,43.85221421423466],[4.437759766407771,43.85221595255645],[4.437760239220061,43.85221773438018],[4.437760461729338,43.85221954159836],[4.4377604316743575,43.8522213558453],[4.437760149360526,43.85222315868398],[4.4377596176567975,43.85222493179326],[4.4377588419665255,43.852226657154105],[4.437757830172546,43.85222831723278],[4.437756592557078,43.8522298951589],[4.43775514169722,43.852231374897016],[4.437751035893263,43.85223514435399],[4.437887999999999,43.85231370000002],[4.437889200000001,43.85222150000001]]],[[[4.4368377618458545,43.851659330535135],[4.436848906906852,43.85164645780125],[4.4368227,43.8516308],[4.436915,43.851543500000005],[4.4367915,43.85147540000001],[4.436774773009015,43.851470362347804],[4.436656423148513,43.8514526811129],[4.436636267923718,43.85145167187674],[4.4365068999999995,43.8514693],[4.4368377618458545,43.851659330535135]]]]},"properties":{"cle":"vivier:30156:025","id_pk":"30156:025","source":"vivier","id_source":"30156:025","insee":"30156","commune":"Marguerittes","nom":null,"surf_m2":1723.2,"nb_pl_est":52,"nb_places":null,"nb_pl_reel":null,"stat_auto":"public","statut":null,"proprio":"commune","proprio_nm":null,"part_pub":1.0,"acces_osm":null,"payant":null,"sud_canal":null,"avis_ia":"a_verifier","motif_ia":"Relecture 05/10 : bande de desserte le long de la voie ferree, quelques vehicules ranges : statut a confirmer.","emprise":"estimee","note_emprise":null,"parcelles":["BI104","BI127"],"a_verif":true,"motif_ver":"Relecture 05/10 : bande de desserte le long de la voie ferree, quelques vehicules ranges : statut a confirmer."}},{"type":"Feature","geometry":{"type":"MultiPolygon","coordinates":[[[[4.4437083,43.85833389999998],[4.4440385000000004,43.85833689999999],[4.444039337459013,43.85831674121663],[4.444037818807282,43.85831665743543],[4.444035420884951,43.85831635241554],[4.444033075661284,43.85831587922686],[4.444030805605358,43.85831524240291],[4.444028632466083,43.858314448044936],[4.444026577063831,43.85831350376353],[4.444024659090956,43.858312418605664],[4.44402289692313,43.858311202967975],[4.444021307443286,43.858309868497216],[4.444019905879871,43.858308427978685],[4.444018705660936,43.85830689521365],[4.444017718285501,43.858305284887216],[4.4440169532133735,43.858303612427555],[4.444016417774517,43.85830189385812],[4.444016117098831,43.858300145644144],[4.444016054067,43.85829838453488],[4.444020216434582,43.85816784688526],[4.443716399999999,43.858161200000005],[4.4437083,43.85833389999998]]],[[[4.4437083,43.85833389999998],[4.4437065774243125,43.858543575774576],[4.4437088827050255,43.858497527240765],[4.443709087769315,43.85849578291388],[4.443709526064759,43.85849406125358],[4.443710193444756,43.85849237854801],[4.443711083595393,43.85849075071675],[4.443712188095201,43.85848919316023],[4.443713496494816,43.85848772061404],[4.443714996415838,43.85848634700952],[4.443716673667946,43.85848508534188],[4.44371851238314,43.85848394754746],[4.443720495165879,43.858482944390545],[4.443722603257633,43.8584820853617],[4.443724816714372,43.85848137858797],[4.443727114595237,43.8584808307559],[4.443729475160661,43.858480447048414],[4.443731876078041,43.85848023109559],[4.443734294633013,43.85848018494053],[4.4440714406253825,43.85848562162846],[4.4440837864531835,43.85848575592985],[4.444085099999999,43.8584314],[4.444095303550724,43.858431411822075],[4.444095283441128,43.858430291434935],[4.444096951637245,43.85839786698926],[4.4440971548125425,43.85839614593905],[4.444097585058254,43.85839444690748],[4.444098238411597,43.85839278554342],[4.444099108854868,43.858391177148825],[4.4441001883708715,43.85838963653771],[4.444101467016756,43.858388177899826],[4.4441029330155954,43.85838681466986],[4.444104572864863,43.85838555940382],[4.444106371460791,43.85838442366323],[4.444108312237485,43.85838341790881],[4.44411037731951,43.85838255140403],[4.444112547686519,43.85838183212973],[4.44411480334845,43.85838126671079],[4.444117123529631,43.85838086035498],[4.444119486860151,43.85838061680501],[4.4441218715726665,43.85838053830407],[4.444181581756128,43.85838064809854],[4.444183987293786,43.85838073690662],[4.444186369682062,43.85838099365175],[4.444188706581279,43.85838141592646],[4.44419097607831,43.85838199977105],[4.444193156892061,43.85838273971083],[4.4441952285730135,43.85838362880734],[4.444197171694993,43.85838465872355],[4.444198968037314,43.85838581980192],[4.444200600755647,43.858387101155],[4.4442020545399625,43.85838849076749],[4.444203315758094,43.85838997560904],[4.444204372583565,43.85839154175624],[4.444205215106495,43.85839317452331],[4.444205835426512,43.858394858599766],[4.444206227726848,43.858396578194004],[4.444206388328878,43.85839831718137],[4.444207207173615,43.85843070871206],[4.4442071710022875,43.85843154137169],[4.444520706505514,43.85843190385464],[4.444520809089162,43.858431021354065],[4.444521131578639,43.858429275440976],[4.444521688381837,43.858427560698566],[4.4445224741657166,43.85842589355054],[4.444523481404079,43.858424289964724],[4.444524700449659,43.85842276530011],[4.444526119626515,43.85842133415982],[4.444527725341872,43.85842001025121],[4.444529502216307,43.85841880625456],[4.444531433231048,43.85841773370166],[4.444533499890989,43.85841680286535],[4.444535682401822,43.85841602266105],[4.444537959859637,43.85841540056155],[4.444540310451128,43.85841494252523],[4.4445427116625265,43.858414652939125],[4.4445451404952285,43.85841453457688],[4.444569692780464,43.858414209533386],[4.444571296326299,43.85840524977411],[4.444571722851794,43.85840352824884],[4.444572378284778,43.85840184480665],[4.444573256436096,43.858400215343984],[4.444574349013501,43.85839865524753],[4.444575645699964,43.85839717924903],[4.444577134251096,43.85839580128606],[4.444578800610759,43.85839453437046],[4.444580629043814,43.85839339046553],[4.444582602284689,43.85839238037289],[4.444584701700426,43.858391513630735],[4.444586907466618,43.85839079842349],[4.444589198754618,43.85839024150477],[4.4445915539282135,43.85838984813341],[4.444593950747929,43.858389622023985],[4.444596366581039,43.85838956531159],[4.444668534411336,43.85839040997575],[4.44467099693032,43.85839052739188],[4.4446734312495115,43.8583908207964],[4.4446758134065725,43.85839128730108],[4.444678119952618,43.85839192231392],[4.444680328183049,43.858392719584124],[4.444682416361029,43.85839367126369],[4.44468436393147,43.85839476798477],[4.444686151723356,43.858395998951686],[4.44468776213845,43.85839735204736],[4.444689179324538,43.858398813952554],[4.444690389331459,43.85840037027692],[4.444691380248425,43.85840200570066],[4.444692142321272,43.85840370412543],[4.444692668048475,43.85840544883268],[4.444692952254986,43.858407222648275],[4.444692981562347,43.858408534495524],[4.4446978999999995,43.8584086],[4.444696899999999,43.85834530000001],[4.4437083,43.85833389999998]]]]},"properties":{"cle":"vivier:30156:033","id_pk":"30156:033","source":"vivier","id_source":"30156:033","insee":"30156","commune":"Marguerittes","nom":null,"surf_m2":1358.9,"nb_pl_est":46,"nb_places":null,"nb_pl_reel":null,"stat_auto":"public","statut":null,"proprio":"commune","proprio_nm":null,"part_pub":1.0,"acces_osm":null,"payant":null,"sud_canal":null,"avis_ia":"a_verifier","motif_ia":"Relecture 05/10 : esplanade sous platanes alignes en centre ancien, usage de stationnement probable mais couvert arbore : a confirmer.","emprise":"estimee","note_emprise":null,"parcelles":["AH52","AY393"],"a_verif":true,"motif_ver":"Relecture 05/10 : esplanade sous platanes alignes en centre ancien, usage de stationnement probable mais couvert arbore : a confirmer."}},{"type":"Feature","geometry":{"type":"Polygon","coordinates":[[[4.4407323002815255,43.861369860735884],[4.440930783748626,43.86137759642419],[4.440941512584685,43.86129250379768],[4.440962970256806,43.861253825290916],[4.4410112500190735,43.86121514675905],[4.4410112500190735,43.86111845031968],[4.441091716289521,43.86109911101296],[4.44109708070755,43.861050762718776],[4.441150724887847,43.861021753723456],[4.441145360469817,43.86094439633355],[4.440780580043794,43.86100628225349],[4.4407323002815255,43.861369860735884]]]},"properties":{"cle":"vivier:30156:041","id_pk":"30156:041","source":"vivier","id_source":"30156:041","insee":"30156","commune":"Marguerittes","nom":null,"surf_m2":947.6,"nb_pl_est":37,"nb_places":null,"nb_pl_reel":null,"stat_auto":"public","statut":null,"proprio":"commune","proprio_nm":null,"part_pub":1.0,"acces_osm":null,"payant":null,"sud_canal":null,"avis_ia":"candidat","motif_ia":"Relecture 05/10 : cour goudronnee derriere la halle, utilitaires stationnes, acces direct depuis la rue.","emprise":"tracee","note_emprise":"cour de stationnement","parcelles":["AH472"],"a_verif":false,"motif_ver":null}},{"type":"Feature","geometry":{"type":"Polygon","coordinates":[[[4.447779700000001,43.871737600000024],[4.4473859,43.87119830000001],[4.4472521,43.871284900000006],[4.447543281595962,43.87168430084621],[4.447544871411742,43.87168372286817],[4.447547175565287,43.87168308316312],[4.447549555992775,43.87168261175135],[4.447551989270384,43.87168231327158],[4.447554451454247,43.871682190660934],[4.4475569183160495,43.871682245125896],[4.447559365581455,43.87168247613054],[4.447561769168947,43.87168288140173],[4.447564105426811,43.87168345695152],[4.447566351365869,43.87168419711643],[4.447568484885688,43.87168509461309],[4.447570484992059,43.871686140609974],[4.447572332003581,43.87168732481433],[4.447574007745331,43.87168863557331],[4.4475754957277065,43.8716900599889],[4.447576781308684,43.87169158404452],[4.447625709589586,43.871756640461925],[4.447626748876355,43.87175819579611],[4.447627577255173,43.87175981604554],[4.447628187094607,43.87176148628379],[4.447628572776517,43.87176319112377],[4.4476287307478,43.87176491485976],[4.447628659553133,43.87176664161189],[4.447628359848372,43.87176835547249],[4.447627834394518,43.87177004065271],[4.447627088032275,43.87177168162787],[4.447626127637466,43.87177326328053],[4.447624962057678,43.871774771039775],[4.447623602030768,43.87177619101541],[4.4476220600859255,43.871777510125945],[4.447620350428264,43.87177871621913],[4.447618488807943,43.871779798183866],[4.447616492375083,43.87178074605257],[4.447615107224772,43.8717813369198],[4.447627700000001,43.871798299999995],[4.447779700000001,43.871737600000024]]]},"properties":{"cle":"vivier:30156:040","id_pk":"30156:040","source":"vivier","id_source":"30156:040","insee":"30156","commune":"Marguerittes","nom":null,"surf_m2":904.3,"nb_pl_est":36,"nb_places":null,"nb_pl_reel":null,"stat_auto":"public","statut":null,"proprio":"commune","proprio_nm":null,"part_pub":1.0,"acces_osm":null,"payant":null,"sud_canal":null,"avis_ia":"a_verifier","motif_ia":"Relecture 05/10 : bande stabilisee d'une cour d'activite, quelques vehicules ranges : statut a confirmer.","emprise":"estimee","note_emprise":null,"parcelles":["BV29"],"a_verif":true,"motif_ver":"Relecture 05/10 : bande stabilisee d'une cour d'activite, quelques vehicules ranges : statut a confirmer."}},{"type":"Feature","geometry":{"type":"Polygon","coordinates":[[[4.457112550735474,43.86685614556794],[4.45719838142395,43.86672078331816],[4.4572681188583365,43.86651773936715],[4.457252025604249,43.86637270755014],[4.45717692375183,43.866237344202574],[4.457005262374879,43.86622767538028],[4.457026720046997,43.866388177627435],[4.457091093063354,43.866508070590356],[4.457123279571532,43.86664343332313],[4.457112550735474,43.86685614556794]]]},"properties":{"cle":"vivier:30156:053","id_pk":"30156:053","source":"vivier","id_source":"30156:053","insee":"30156","commune":"Marguerittes","nom":null,"surf_m2":775.6,"nb_pl_est":32,"nb_places":null,"nb_pl_reel":null,"stat_auto":"public","statut":null,"proprio":"commune","proprio_nm":null,"part_pub":1.0,"acces_osm":null,"payant":null,"sud_canal":null,"avis_ia":"candidat","motif_ia":"Relecture 05/10 : bande de stationnement a places marquees le long de la rue, vehicules presents.","emprise":"tracee","note_emprise":"poche de stationnement marquee","parcelles":["CA102"],"a_verif":false,"motif_ver":null}},{"type":"Feature","geometry":{"type":"Polygon","coordinates":[[[4.443655908107758,43.8709400734698],[4.443816840648652,43.8709516751391],[4.44382756948471,43.870916870124425],[4.443875849246979,43.870916870124425],[4.443875849246978,43.870955542361685],[4.444412291049957,43.870897533996384],[4.4444069266319275,43.87087433063444],[4.443929493427277,43.87083952557461],[4.4439080357551575,43.87082985749882],[4.443875849246979,43.87076604815931],[4.443693459033965,43.87076991539394],[4.443655908107758,43.8709400734698]]]},"properties":{"cle":"vivier:30156:057","id_pk":"30156:057","source":"vivier","id_source":"30156:057","insee":"30156","commune":"Marguerittes","nom":null,"surf_m2":660.1,"nb_pl_est":28,"nb_places":null,"nb_pl_reel":null,"stat_auto":"public","statut":null,"proprio":"commune","proprio_nm":null,"part_pub":1.0,"acces_osm":null,"payant":null,"sud_canal":null,"avis_ia":"a_verifier","motif_ia":"Relecture 05/10 : dalle betonnee attenante a un batiment d'activite, usage a confirmer.","emprise":"tracee","note_emprise":"cour nue avec stationnement","parcelles":["BV11"],"a_verif":true,"motif_ver":"Relecture 05/10 : dalle betonnee attenante a un batiment d'activite, usage a confirmer."}},{"type":"Feature","geometry":{"type":"Polygon","coordinates":[[[4.446975742466748,43.8629048312876],[4.447122865822166,43.86291243835556],[4.447368071414529,43.862772975289126],[4.44734004791826,43.86273240415399],[4.4470107718370855,43.86273240415399],[4.446975742466748,43.8629048312876]]]},"properties":{"cle":"vivier:30156:020","id_pk":"30156:020","source":"vivier","id_source":"30156:020","insee":"30156","commune":"Marguerittes","nom":null,"surf_m2":441.2,"nb_pl_est":21,"nb_places":null,"nb_pl_reel":null,"stat_auto":"public","statut":null,"proprio":"commune","proprio_nm":null,"part_pub":1.0,"acces_osm":null,"payant":null,"sud_canal":null,"avis_ia":"candidat","motif_ia":"Relecture 05/10 : parking a places marquees, vehicules presents.","emprise":"tracee","note_emprise":"poche de stationnement marquee","parcelles":["AI434"],"a_verif":false,"motif_ver":null}},{"type":"Feature","geometry":{"type":"Polygon","coordinates":[[[4.309676717966795,43.7868496962537],[4.309888570569456,43.78689571451473],[4.310347584541886,43.7868496962537],[4.310594745911658,43.78677299907328],[4.310665363445879,43.786542906941534],[4.310488819610327,43.78647899230329],[4.309959188103677,43.78635883259842],[4.309888570569456,43.786542906941534],[4.3098179530352345,43.78664517022053],[4.309690841473639,43.786716754411756],[4.309676717966795,43.7868496962537]]]},"properties":{"cle":"vivier:30169:007","id_pk":"30169:007","source":"vivier","id_source":"30169:007","insee":"30169","commune":"Milhaud","nom":null,"surf_m2":3122.1,"nb_pl_est":82,"nb_places":null,"nb_pl_reel":null,"stat_auto":"public","statut":null,"proprio":"commune","proprio_nm":null,"part_pub":1.0,"acces_osm":null,"payant":null,"sud_canal":null,"avis_ia":"a_verifier","motif_ia":"Relecture 05/10 : esplanade compactee et bosquet pres des arenes ; stationnement d'evenement probable, couvert arbore.","emprise":"tracee","note_emprise":"esplanade des arenes, sous platanes","parcelles":["AV52"],"a_verif":true,"motif_ver":"Relecture 05/10 : esplanade compactee et bosquet pres des arenes ; stationnement d'evenement probable, couvert arbore."}},{"type":"Feature","geometry":{"type":"Polygon","coordinates":[[[4.320490462705493,43.79752086950501],[4.32060725055635,43.79753780943363],[4.320899220183491,43.79699149431575],[4.320905059576035,43.79684326842233],[4.320811629295349,43.796826328296824],[4.320694841444492,43.79699149431575],[4.320490462705493,43.79752086950501]]]},"properties":{"cle":"vivier:30169:011","id_pk":"30169:011","source":"vivier","id_source":"30169:011","insee":"30169","commune":"Milhaud","nom":null,"surf_m2":1004.7,"nb_pl_est":38,"nb_places":null,"nb_pl_reel":null,"stat_auto":"public","statut":null,"proprio":"commune","proprio_nm":null,"part_pub":1.0,"acces_osm":null,"payant":null,"sud_canal":null,"avis_ia":"a_verifier","motif_ia":"Relecture 05/10 : bande stabilisee de zone d'activite, vehicules ranges en partie sud.","emprise":"tracee","note_emprise":"allee stabilisee sous les arbres","parcelles":["AY302"],"a_verif":true,"motif_ver":"Relecture 05/10 : bande stabilisee de zone d'activite, vehicules ranges en partie sud."}},{"type":"Feature","geometry":{"type":"Polygon","coordinates":[[[4.302268624305726,43.78625160691443],[4.302536845207214,43.78646073312664],[4.302681684494018,43.78660015019498],[4.302788972854614,43.78656529595838],[4.302772879600525,43.786452987724424],[4.302531480789185,43.78629033404593],[4.3023544549942025,43.786178025295385],[4.302247166633606,43.786150916255],[4.302177429199218,43.78615866169636],[4.302268624305726,43.78625160691443]]]},"properties":{"cle":"vivier:30169:017","id_pk":"30169:017","source":"vivier","id_source":"30169:017","insee":"30169","commune":"Milhaud","nom":null,"surf_m2":767.4,"nb_pl_est":32,"nb_places":null,"nb_pl_reel":null,"stat_auto":"public","statut":null,"proprio":"commune","proprio_nm":null,"part_pub":1.0,"acces_osm":null,"payant":null,"sud_canal":null,"avis_ia":"candidat","motif_ia":"Relecture 05/10 : bande de stationnement le long de la voie, vehicules presents.","emprise":"tracee","note_emprise":"aire de stationnement du centre","parcelles":["AP389"],"a_verif":false,"motif_ver":null}},{"type":"Feature","geometry":{"type":"Polygon","coordinates":[[[4.306396837346256,43.78882790995189],[4.30655584204942,43.78884845764503],[4.306760276667774,43.78870873319243],[4.306703489273786,43.78864298039584],[4.306419552303851,43.788626542185405],[4.306243511382491,43.78864708994775],[4.306215117685496,43.788679966352824],[4.306311656255276,43.78875393819812],[4.306396837346256,43.78882790995189]]]},"properties":{"cle":"vivier:30169:018","id_pk":"30169:018","source":"vivier","id_source":"30169:018","insee":"30169","commune":"Milhaud","nom":null,"surf_m2":711.0,"nb_pl_est":30,"nb_places":null,"nb_pl_reel":null,"stat_auto":"public","statut":null,"proprio":"commune","proprio_nm":null,"part_pub":1.0,"acces_osm":null,"payant":null,"sud_canal":null,"avis_ia":"a_verifier","motif_ia":"Relecture 05/10 : placette arboree du centre, surface compactee, acces direct : usage a confirmer.","emprise":"tracee","note_emprise":"esplanade pavee du centre","parcelles":["AO274"],"a_verif":true,"motif_ver":"Relecture 05/10 : placette arboree du centre, surface compactee, acces direct : usage a confirmer."}},{"type":"Feature","geometry":{"type":"Polygon","coordinates":[[[4.2007389664649954,43.74222587998462],[4.201243221759796,43.742222004418956],[4.201248586177827,43.74193133627792],[4.200733602046967,43.74193521186239],[4.2007389664649954,43.74222587998462]]]},"properties":{"cle":"vivier:30185:004","id_pk":"30185:004","source":"vivier","id_source":"30185:004","insee":"30185","commune":"Mus","nom":null,"surf_m2":1326.3,"nb_pl_est":45,"nb_places":null,"nb_pl_reel":null,"stat_auto":"public","statut":null,"proprio":"commune","proprio_nm":null,"part_pub":1.0,"acces_osm":null,"payant":null,"sud_canal":null,"avis_ia":"candidat","motif_ia":"Relecture 05/10 : aire stabilisee sous arbres clairsemes, deux vehicules, ouverte sur la rue.","emprise":"tracee","note_emprise":"Aire en terre sous arbres, de la voie à l'arrière de la salle","parcelles":["AE35"],"a_verif":false,"motif_ver":null}},{"type":"Feature","geometry":{"type":"Polygon","coordinates":[[[4.401191300712527,43.83200424291882],[4.401904558762908,43.83198731276454],[4.4018811732530585,43.831572522484315],[4.401659010909498,43.83110693812354],[4.401600547134876,43.83076832903444],[4.40112114418298,43.83085298148681],[4.4008989818394175,43.83097995994025],[4.401015909388662,43.831487871052495],[4.401191300712527,43.83200424291882]]]},"properties":{"cle":"vivier:30189:005","id_pk":"30189:005","source":"vivier","id_source":"30189:005","insee":"30189","commune":"Nîmes","nom":null,"surf_m2":7935.4,"nb_pl_est":216,"nb_places":null,"nb_pl_reel":null,"stat_auto":"public","statut":null,"proprio":"commune","proprio_nm":null,"part_pub":1.0,"acces_osm":null,"payant":null,"sud_canal":null,"avis_ia":"a_verifier","motif_ia":"Relecture 05/10 : longue bande compactee sous arbres alignes pres de l'hippodrome, stationnement d'evenement probable.","emprise":"tracee","note_emprise":"aire nue arboree du site hippique","parcelles":["HP480"],"a_verif":true,"motif_ver":"Relecture 05/10 : longue bande compactee sous arbres alignes pres de l'hippodrome, stationnement d'evenement probable."}},{"type":"Feature","geometry":{"type":"Polygon","coordinates":[[[4.347409028559922,43.817538114081984],[4.347867291653529,43.817653428183775],[4.348126309923826,43.81736514251172],[4.34822593233548,43.81713451297196],[4.348524799570441,43.81668766570374],[4.348524799570442,43.81652910619188],[4.348086460959166,43.81637054625897],[4.347986838547513,43.816399375368995],[4.34795894427225,43.817004783464384],[4.347628197865561,43.81702784650854],[4.347568424418569,43.81716334171314],[4.34753654524684,43.81740838545129],[4.347409028559922,43.817538114081984]]]},"properties":{"cle":"vivier:30189:111","id_pk":"30189:111","source":"vivier","id_source":"30189:111","insee":"30189","commune":"Nîmes","nom":null,"surf_m2":5663.7,"nb_pl_est":152,"nb_places":null,"nb_pl_reel":null,"stat_auto":"public","statut":null,"proprio":"commune","proprio_nm":null,"part_pub":1.0,"acces_osm":null,"payant":null,"sud_canal":null,"avis_ia":"a_verifier","motif_ia":"Relecture 05/10 : grande esplanade nue entre batiments commerciaux, acces direct : usage a confirmer.","emprise":"tracee","note_emprise":"emprise plate centrale","parcelles":["ER887"],"a_verif":true,"motif_ver":"Relecture 05/10 : grande esplanade nue entre batiments commerciaux, acces direct : usage a confirmer."}},{"type":"Feature","geometry":{"type":"MultiPolygon","coordinates":[[[[4.339790620991781,43.823225854231985],[4.340198436882925,43.82335882313267],[4.340253805875988,43.823262249586264],[4.340261525660225,43.82325043525263],[4.340262225670115,43.823249587352365],[4.339856500000001,43.823119399999996],[4.339790620991781,43.823225854231985]]],[[[4.339761994506592,43.82238991521145],[4.339560516165376,43.82274753165101],[4.339888673607232,43.82285034343354],[4.340260147348567,43.82225269602785],[4.340252615271918,43.82223920519202],[4.340231228926822,43.822220686316825],[4.340197333346669,43.822206212106266],[4.339917428855012,43.822118586975265],[4.339885073222502,43.82217380189086],[4.3398922,43.82218069999999],[4.339761994506592,43.82238991521145]]],[[[4.339767587093466,43.823057398769095],[4.339873778045829,43.82287509272747],[4.339546318583872,43.82277249961334],[4.339363636049577,43.82309096130075],[4.339682930369911,43.82318878227157],[4.339767587093466,43.823057398769095]]],[[[4.339095407331964,43.82375817643086],[4.339098075437662,43.82375833760625],[4.339100704126712,43.82375870559708],[4.3391032629064545,43.823759276134666],[4.339105722095174,43.82376004260081],[4.339212385277824,43.823798340540755],[4.33925340398104,43.82380577066833],[4.339301434407856,43.82379258155572],[4.339344094421387,43.823753408243775],[4.339377414525117,43.82370228158268],[4.339372210219216,43.823695749015904],[4.339364791160458,43.82368394586339],[4.339358970717787,43.823671681741985],[4.3393548026094155,43.823659069842286],[4.339352325303401,43.82364622656467],[4.339351561662647,43.823633270444844],[4.339352518733929,43.82362032105994],[4.339355187682902,43.82360749792481],[4.339359543875686,43.823594919389095],[4.339365547106245,43.823582701544744],[4.339529547830858,43.82329370181331],[4.339537505408512,43.82328146260629],[4.339547115002227,43.82326986150685],[4.339558280102092,43.82325901502454],[4.339570888576472,43.823249032090274],[4.339584813798159,43.82324001296232],[4.339599915916096,43.82323204821939],[4.339616043259902,43.823225217851075],[4.33963303386308,43.82321959045438],[4.339650717089622,43.82321522254501],[4.339665450586963,43.82321274144963],[4.339348738518826,43.8231157115779],[4.33895941579242,43.823732250364834],[4.339044811514582,43.82375710039338],[4.339095407331964,43.82375817643086]]]]},"properties":{"cle":"vivier:30189:108","id_pk":"30189:108","source":"vivier","id_source":"30189:108","insee":"30189","commune":"Nîmes","nom":null,"surf_m2":5595.9,"nb_pl_est":150,"nb_places":null,"nb_pl_reel":null,"stat_auto":"public","statut":null,"proprio":"commune","proprio_nm":null,"part_pub":1.0,"acces_osm":null,"payant":null,"sud_canal":null,"avis_ia":"a_verifier","motif_ia":"Relecture 05/10 : longue allee sous arbres alignes entre les immeubles ; stationnement possible sous couvert, a confirmer.","emprise":"estimee","note_emprise":null,"parcelles":["EK166","EL23"],"a_verif":true,"motif_ver":"Relecture 05/10 : longue allee sous arbres alignes entre les immeubles ; stationnement possible sous couvert, a confirmer."}},{"type":"Feature","geometry":{"type":"MultiPolygon","coordinates":[[[[4.3347357,43.825482900000004],[4.3356913,43.8257873],[4.3357797,43.825785400000015],[4.3358214,43.8257737],[4.3358745999999995,43.82574459999999],[4.335911399999999,43.8257044],[4.335969279206971,43.8256100405157],[4.3356594090617,43.82551509824816],[4.335657348895585,43.825514384546786],[4.335655387894266,43.825513536974334],[4.335611385210787,43.82549247526683],[4.335609215645719,43.825491309377114],[4.335607233664023,43.825489979908255],[4.3356054626785445,43.825488502565115],[4.335594025174558,43.82547784233082],[4.335592810866297,43.825476606361704],[4.335591744611524,43.82547530075956],[4.335590833982725,43.82547393479672],[4.3355817769744975,43.82545874527957],[4.3355809357263935,43.825457124223725],[4.335580313558566,43.82545545213878],[4.335579916230758,43.82545374450417],[4.335579747421237,43.82545201712843],[4.335579808692745,43.82545028600288],[4.3355818317925525,43.82543046066245],[4.3355821254,43.825428729933385],[4.33558264896772,43.8254270278977],[4.3355833975811,43.82542537053198],[4.3355843642130765,43.825423773393446],[4.335586125546024,43.825421208891214],[4.335585716705003,43.825420931299945],[4.335584109358113,43.82541960261624],[4.335582689636031,43.825418166268605],[4.335581471211454,43.82541663608988],[4.335580465818462,43.825415026816515],[4.335579683139526,43.825413353946715],[4.335579130712253,43.82541163359112],[4.3355788138568006,43.8254098823177],[4.335578775262459,43.82540901142811],[4.335324202532859,43.825329237903915],[4.335322013829315,43.82532845760184],[4.335319941310965,43.82532752573532],[4.335318004938648,43.82532645127932],[4.335316223361947,43.825325244582174],[4.335314613739578,43.82532391726578],[4.335313191574125,43.82532248211384],[4.335311970562732,43.82532095294858],[4.335310962465187,43.82531934449766],[4.335310176990662,43.82531767225243],[4.335309621704195,43.8253159523186],[4.3353093019538385,43.82531420126117],[4.335309220819151,43.825312435944944],[4.335309379081532,43.82531067337203],[4.3353097752167065,43.8253089305181],[4.335310405409397,43.825307224168924],[4.335311263590075,43.82530557075867],[4.335312063980437,43.82530423216499],[4.334863474597964,43.82516092805378],[4.334826355478903,43.825213319521204],[4.334728463732046,43.82537613272047],[4.334727490134665,43.82537752578587],[4.334701299676506,43.825410165124],[4.334702025563675,43.82541145319618],[4.334702895259429,43.82541356929953],[4.3347034742770765,43.82541573692934],[4.334703757040329,43.825417935210126],[4.33470374082599,43.825420142971296],[4.334703425790176,43.82542233895089],[4.334702814966821,43.82542450200038],[4.3347019142384555,43.825426611288464],[4.334700732279557,43.825428646501514],[4.334699280473014,43.825430588039296],[4.334697572800497,43.82543241720375],[4.334695625707811,43.825434116379],[4.334693457946519,43.825435669201056],[4.334679145351714,43.82544496096743],[4.334684799999999,43.82545189999999],[4.3347357,43.825482900000004]]],[[[4.334477318418296,43.82553663881618],[4.334477188596971,43.82553668432655],[4.334477064869386,43.82553673800181],[4.334429102255325,43.825555292934844],[4.334194817344281,43.82564731205848],[4.334137225245701,43.8256792709766],[4.334080060215725,43.825722079995344],[4.334051026867877,43.82575602442781],[4.334507512144009,43.82590451508196],[4.3347155979920595,43.82556305455072],[4.334548105823485,43.825508639694924],[4.334477318418296,43.82553663881618]]],[[[4.3337767000000005,43.82549200000001],[4.333809800000001,43.8254674],[4.3338543000000005,43.825454900000004],[4.333886099999999,43.82545460000002],[4.3339738,43.8254791],[4.333962885290714,43.82549698758771],[4.3339675929102075,43.82549847447008],[4.333969782772411,43.82549926106769],[4.3339718553362605,43.825500199576474],[4.333973790560462,43.82550128092115],[4.3339755697317734,43.825502494645406],[4.333977175645945,43.825503829012746],[4.333978592774087,43.82550527112004],[4.333979807412834,43.8255068070225],[4.333980807816844,43.82550842186814],[4.333981584312389,43.82551010004178],[4.333982129390884,43.82551182531577],[4.333982437781502,43.82551358100705],[4.333982506502146,43.825515350138446],[4.333982334888274,43.825517115602764],[4.3339819245993425,43.8255188603283],[4.333981279602743,43.825520567443895],[4.333980406135455,43.82552222044205],[4.333873407687675,43.825698245746224],[4.333993838326611,43.82573742130915],[4.334028978992337,43.82569633653382],[4.334030877831636,43.8256943610283],[4.334033057298566,43.825692543683395],[4.334094147706828,43.8256467951057],[4.334095809496444,43.82564563961997],[4.334097584976282,43.82564457645564],[4.334158948289278,43.82561052483426],[4.334160939212184,43.825609507209414],[4.334163034164626,43.82560860567201],[4.334398454935097,43.825516140448],[4.334398143342691,43.82551601022859],[4.334026470152736,43.825397768959924],[4.334024120018606,43.825396934103004],[4.334021875281483,43.82539595900006],[4.3339464463161015,43.825359980616305],[4.33394395799717,43.82535866100544],[4.333941662637009,43.82535716929694],[4.333914618298593,43.82533775477537],[4.333883148118856,43.82535247106362],[4.33382177789916,43.82540093975402],[4.3337757467438305,43.825456320925724],[4.333695333056762,43.8255630119103],[4.333693646383742,43.825565033992746],[4.3336905425907215,43.82556841166662],[4.3337097,43.8255995],[4.3337767000000005,43.82549200000001]]]]},"properties":{"cle":"vivier:30189:112","id_pk":"30189:112","source":"vivier","id_source":"30189:112","insee":"30189","commune":"Nîmes","nom":null,"surf_m2":5415.8,"nb_pl_est":145,"nb_places":null,"nb_pl_reel":null,"stat_auto":"public","statut":null,"proprio":"commune","proprio_nm":null,"part_pub":1.0,"acces_osm":null,"payant":null,"sud_canal":null,"avis_ia":"a_verifier","motif_ia":"Relecture 05/10 : abords stabilises d'equipement, quelques vehicules ranges : emprise a resserrer.","emprise":"estimee","note_emprise":null,"parcelles":["EL112","EL116"],"a_verif":true,"motif_ver":"Relecture 05/10 : abords stabilises d'equipement, quelques vehicules ranges : emprise a resserrer."}},{"type":"Feature","geometry":{"type":"Polygon","coordinates":[[[4.336627135053277,43.80855188537036],[4.338226611725987,43.80938610532465],[4.338485350599513,43.80924990694429],[4.338461828883736,43.809147757955174],[4.336744743632152,43.80827948449448],[4.336650656769052,43.8083135346719],[4.336627135053277,43.80855188537036]]]},"properties":{"cle":"vivier:30189:133","id_pk":"30189:133","source":"vivier","id_source":"30189:133","insee":"30189","commune":"Nîmes","nom":null,"surf_m2":5359.3,"nb_pl_est":143,"nb_places":null,"nb_pl_reel":null,"stat_auto":"public","statut":null,"proprio":"commune","proprio_nm":null,"part_pub":1.0,"acces_osm":null,"payant":null,"sud_canal":null,"avis_ia":"candidat","motif_ia":"Relecture 05/10 : cour d'entreprise : remorques et poids lourds ranges en rangees, acces direct.","emprise":"tracee","note_emprise":"bande nue le long de la plateforme","parcelles":["KI747"],"a_verif":false,"motif_ver":null}},{"type":"Feature","geometry":{"type":"MultiPolygon","coordinates":[[[[4.3287583,43.82907640000001],[4.3287705999999995,43.8290867],[4.3288651954166495,43.829059131119074],[4.328855597607613,43.82902502833094],[4.328855336871348,43.8290238279165],[4.328855226312436,43.82902261539102],[4.328855266826839,43.82902140058079],[4.32886026796483,43.82896913811756],[4.328860496795417,43.82896776786206],[4.328860917714591,43.82896642168646],[4.3288615263215195,43.82896511366538],[4.328862316253045,43.828963857474534],[4.3288632792502195,43.82896266624772],[4.328864405244647,43.8289615524395],[4.328865682463756,43.82896052769503],[4.328940263893923,43.82890651738622],[4.328941564810605,43.8289056602508],[4.3289429715102425,43.828904895678264],[4.32894447147334,43.82890423047323],[4.328946051350359,43.828903670555995],[4.329044791260967,43.82887276648192],[4.329046413238435,43.82887232242484],[4.32904808518564,43.8288719893738],[4.329049792641495,43.82887177020944],[4.329051520837788,43.82887166682735],[4.329053254826918,43.82887168012171],[4.329093827799064,43.82887335933047],[4.3290922789285595,43.82884046221766],[4.329075198025024,43.82881673792133],[4.329044552033966,43.82880435030267],[4.328957649041868,43.82878163012856],[4.328955898754912,43.8287811173371],[4.328831638198807,43.82874067131126],[4.32878351038044,43.82872860125722],[4.328749799580252,43.8287846361719],[4.328748899461891,43.82878593619846],[4.328747811389515,43.828787158581996],[4.328746547991154,43.8287882891357],[4.328729461464693,43.828801997698505],[4.328728241283415,43.828802889531474],[4.32872691194377,43.828803695453466],[4.328725484941262,43.82880440849524],[4.32872397261594,43.82880502249072],[4.328722388045685,43.82880553213039],[4.328720744933123,43.828805933007104],[4.328651457552899,43.828820277513664],[4.328650066059378,43.828820524153905],[4.328648652516345,43.82882069272573],[4.328601192344525,43.82882500437596],[4.328601500000001,43.828825600000016],[4.3287583,43.82907640000001]]],[[[4.3285,43.8284161],[4.3285556,43.82844610000001],[4.3285651,43.828492999999995],[4.3284999,43.828594999999986],[4.3285046,43.82863799999999],[4.328587768266525,43.828799015216035],[4.328642584591071,43.82879403527856],[4.328705354394504,43.82878104010227],[4.328716824220546,43.828771837835625],[4.328752138160259,43.82871313819463],[4.328751968832011,43.828712690448754],[4.328751742284479,43.82871216885893],[4.328751646892244,43.82871183916016],[4.328751524022851,43.82871151426301],[4.3287380703707425,43.82866757689237],[4.328737782781828,43.82866647674509],[4.328728036853341,43.828621594176205],[4.328727892932648,43.828620823069315],[4.32872059093131,43.82857411067413],[4.328720435870949,43.82857234800764],[4.328720520209973,43.828570582825925],[4.328720843136132,43.82856883212866],[4.328721401539448,43.82856711277601],[4.328722190042173,43.828565441326276],[4.328723201050575,43.82856383387644],[4.328724424828079,43.82856230590713],[4.3287258495890235,43.828560872133494],[4.328727461612179,43.828559546363536],[4.328729245372877,43.82855834136516],[4.328731183692527,43.82855726874315],[4.328731778435978,43.82855700210628],[4.328705009422238,43.82845657626495],[4.32861619105739,43.82830894284887],[4.3286161064658835,43.828308797632786],[4.328537008276823,43.8281684571387],[4.328536917068654,43.82816828890676],[4.328499180131264,43.82809584650587],[4.32849908965379,43.828095665001726],[4.328479510784456,43.82805455723787],[4.328428703541347,43.82795352782045],[4.328428394741036,43.82795278273395],[4.328428206417061,43.82795201687261],[4.328420967479399,43.82790800378965],[4.328420960263353,43.82790795862023],[4.328412185726844,43.827851363883795],[4.328412138101825,43.827850932084274],[4.328408320239499,43.827792888628835],[4.328398512302969,43.82775139283854],[4.3283980830746165,43.827751335111905],[4.328395739636414,43.82775084386107],[4.328393473993564,43.82775018868522],[4.328391307965468,43.827749375894086],[4.328389262412169,43.82774841331527],[4.328387357033473,43.827747310218975],[4.3283856101792235,43.827746077228625],[4.328384038672582,43.82774472621856],[4.328382657648014,43.82774327019981],[4.328360190773874,43.827716897426],[4.328349407829173,43.82770974721337],[4.3283901987318965,43.82775286981738],[4.328391476785211,43.82775437430972],[4.32839254498948,43.82775596224822],[4.328393393057293,43.82775761834012],[4.3283940128212794,43.82775932663643],[4.328394398312755,43.82776107068529],[4.3283945458192035,43.82776283369056],[4.328394453920036,43.82776459867356],[4.328394123500268,43.827766348636516],[4.328393557742004,43.8277680667263],[4.328392762093784,43.82776973639682],[4.328391744218117,43.82777134156819],[4.3283905139176895,43.82777286678174],[4.328389083040956,43.827774297348824],[4.328387465368034,43.8277756194923],[4.328385676477996,43.82777682047917],[4.32838373359883,43.8277778887433],[4.328318594134265,43.8278101830321],[4.328316504310584,43.82781111291955],[4.328314298077059,43.82781188918073],[4.328311996913055,43.82781250425814],[4.32830962322215,43.827812952163534],[4.328307200114037,43.82781322853622],[4.328304751179517,43.827813330685494],[4.3283023002608365,43.827813257616874],[4.328299871219557,43.82781301004171],[4.328297487704244,43.827812590370335],[4.32829517292024,43.8278120026886],[4.3282929494037266,43.827811252718014],[4.328290838802324,43.827810347760106],[4.328288861664339,43.827809296625354],[4.328287037238707,43.82780810954732],[4.328285383287588,43.82780679808315],[4.328283915913439,43.82780537500091],[4.328239286935469,43.827757317162515],[4.328238023277321,43.827755800155245],[4.328236971740933,43.827754200560385],[4.328236142513662,43.82775253387495],[4.328235543629114,43.82775081624593],[4.32823518088931,43.82774906431388],[4.328235057808485,43.827747295051616],[4.3282351755790325,43.82774552559993],[4.328235533059959,43.8277437731014],[4.32823612678794,43.827742054534404],[4.328236951010868,43.82774038654854],[4.328237997743587,43.82773878530339],[4.328239256845251,43.827737266311914],[4.328240716117568,43.82773584429025],[4.328242361422979,43.82773453301507],[4.328244176821631,43.827733345190055],[4.328246144725791,43.82773229232298],[4.328307790455858,43.82770259119636],[4.328267321218007,43.827703084085826],[4.32823264871941,43.82770802665927],[4.3279465,43.82817099999999],[4.3279348,43.82821],[4.327961299999999,43.82824310000001],[4.327976694284832,43.828250532741656],[4.32810461876373,43.82828886892632],[4.328104773141974,43.82828892175483],[4.328104933125428,43.82828896496805],[4.328105049369191,43.828289006169264],[4.328105170154344,43.82828903983489],[4.328105992455412,43.82828933900608],[4.328106824486386,43.828289623728566],[4.32810697096878,43.82828968725732],[4.328107124331037,43.828289741614746],[4.3281072344366835,43.82828979086612],[4.3281073500822,43.8282898329405],[4.328108127918147,43.82829018902104],[4.328108917393486,43.82829053141291],[4.328109054569209,43.828290605030055],[4.328109199833425,43.82829067000823],[4.328109302740669,43.8282907268355],[4.328109412132733,43.828290776913406],[4.328110138012543,43.82829118647403],[4.3281108773292045,43.82829158323791],[4.328111003877173,43.82829166623446],[4.328111139644382,43.82829174120761],[4.328141451223349,43.82831025149267],[4.3283916,43.828392199999996],[4.3285,43.8284161]]],[[[4.327969599999999,43.8286138],[4.328100811582896,43.82865936573655],[4.328153311672073,43.82857269243194],[4.32815442713921,43.828571076607716],[4.328155760719001,43.82856954986872],[4.32815729897793,43.82856812759416],[4.328159026420691,43.82856682411101],[4.328160925646292,43.82856565254958],[4.328162977523321,43.828564624711326],[4.328165161382678,43.82856375094992],[4.328167455225774,43.82856304006701],[4.328169835946125,43.82856249922349],[4.328172279562111,43.828562133867415],[4.328174761458552,43.82856194767912],[4.328177256634661,43.82856194253411],[4.328179739955881,43.828562118484236],[4.328182186407071,43.82856247375709],[4.328184571344491,43.828563004773926],[4.328186870744044,43.82856370618567],[4.328411887019702,43.82864219184719],[4.328437100181402,43.82860012430401],[4.328446913195151,43.82855549299447],[4.328447708233689,43.82855301807573],[4.32846717213391,43.82850732820452],[4.32847084318976,43.82848871592049],[4.3284684559615565,43.8284765559867],[4.328456303727424,43.82846921281584],[4.3281235,43.8283597],[4.327969599999999,43.8286138]]]]},"properties":{"cle":"vivier:30189:144","id_pk":"30189:144","source":"vivier","id_source":"30189:144","insee":"30189","commune":"Nîmes","nom":null,"surf_m2":4526.0,"nb_pl_est":120,"nb_places":null,"nb_pl_reel":null,"stat_auto":"public","statut":null,"proprio":"commune","proprio_nm":null,"part_pub":1.0,"acces_osm":null,"payant":null,"sud_canal":null,"avis_ia":"a_verifier","motif_ia":"Relecture 05/10 : petite aire de stationnement occupee au centre, le reste en espaces verts : emprise a resserrer.","emprise":"estimee","note_emprise":null,"parcelles":["KV505","KV602"],"a_verif":true,"motif_ver":"Relecture 05/10 : petite aire de stationnement occupee au centre, le reste en espaces verts : emprise a resserrer."}},{"type":"Feature","geometry":{"type":"Polygon","coordinates":[[[4.378999695181847,43.830624026559356],[4.3796130060218275,43.83096366942599],[4.379973777104168,43.83071546905975],[4.379955738550052,43.83065015300234],[4.37928831204772,43.83028438175992],[4.378675001207739,43.82997086176797],[4.378584808437154,43.829853291346396],[4.378494615666568,43.83004924192037],[4.378783232532441,43.8302582551568],[4.379107926506548,43.83049339417292],[4.378999695181847,43.830624026559356]]]},"properties":{"cle":"vivier:30189:119","id_pk":"30189:119","source":"vivier","id_source":"30189:119","insee":"30189","commune":"Nîmes","nom":null,"surf_m2":4519.4,"nb_pl_est":120,"nb_places":null,"nb_pl_reel":null,"stat_auto":"public","statut":null,"proprio":"commune","proprio_nm":null,"part_pub":1.0,"acces_osm":null,"payant":null,"sud_canal":null,"avis_ia":"a_verifier","motif_ia":"Relecture 05/10 : grande esplanade nue le long du boulevard, acces direct mais aucun vehicule : usage a confirmer.","emprise":"tracee","note_emprise":"emprise nue le long du boulevard","parcelles":["HD552"],"a_verif":true,"motif_ver":"Relecture 05/10 : grande esplanade nue le long du boulevard, acces direct mais aucun vehicule : usage a confirmer."}},{"type":"Feature","geometry":{"type":"MultiPolygon","coordinates":[[[[4.356790682632435,43.814816489276986],[4.3567652836363,43.81485037478775],[4.356767721576006,43.81490786889982],[4.3567754203133235,43.81492618321576],[4.356808824050528,43.81495780229128],[4.356816290208802,43.81496186007393],[4.356860143289804,43.81498397372802],[4.3568769943920564,43.814991145532886],[4.357054668434482,43.81501489859153],[4.3570564589015985,43.81501435308953],[4.35705995413078,43.81501356992693],[4.3570635385399,43.81501303861021],[4.357067177609187,43.81501276425629],[4.3570708362924595,43.8150127495073],[4.357074479354653,43.81501299450526],[4.357078071711131,43.815013496890764],[4.357081578765584,43.81501425182556],[4.3571175656867895,43.81502341238291],[4.3571576975149835,43.8150288764595],[4.357191689865959,43.815030149382366],[4.3571922468236695,43.81503019015525],[4.357192806203368,43.81503020579876],[4.35723403775357,43.81503283058647],[4.3572979437925605,43.815018529029686],[4.357327550872687,43.814998226931316],[4.357328408040155,43.81499584361214],[4.356792415633727,43.81481515536511],[4.356790682632435,43.814816489276986]]],[[[4.357053110560508,43.81561898638277],[4.3570535652565425,43.815617876651146],[4.3570540009209,43.81561676292349],[4.357090171456495,43.81553906015975],[4.357114208746181,43.81546873583731],[4.357114276433625,43.81546854092225],[4.357141061643043,43.81539260550924],[4.357141196493826,43.81539223423956],[4.357169213575938,43.815317268713756],[4.357194364532471,43.81524817498526],[4.357206858768592,43.81519027535902],[4.357202727522202,43.815146905049126],[4.357177648875658,43.81511277413712],[4.357160720539254,43.81510224967174],[4.357128351645927,43.81508339049833],[4.357056849734023,43.81506518952657],[4.357053461753937,43.81506418931204],[4.357050225479246,43.81506295345108],[4.3570471720770705,43.81506149384571],[4.357044330953361,43.81505982455277],[4.357043381457516,43.815059144625444],[4.356860329853866,43.81503467264008],[4.356859509208453,43.81503453246362],[4.356858680857634,43.81503441850313],[4.35685802634037,43.81503427917124],[4.35685736234904,43.815034165753254],[4.356856564629866,43.815033968006226],[4.356855755693722,43.81503379580206],[4.356855123188394,43.81503361068654],[4.356854477746894,43.81503345068771],[4.356853710636406,43.81503319727456],[4.356852928905474,43.81503296848512],[4.356852324503497,43.815032739368775],[4.356851703827751,43.81503253432997],[4.356850974713727,43.8150322276912],[4.356850227716433,43.815031944519866],[4.356827626569589,43.815022325502426],[4.356825614455772,43.8150213919566],[4.356812950426695,43.81501500590842],[4.356792205474133,43.81505641240248],[4.35665073796931,43.815467454697924],[4.356650230138318,43.81546876096783],[4.356611597292067,43.81555775153675],[4.356569936477278,43.815676353187804],[4.3565223819386,43.81581813094976],[4.356522356004164,43.815818194494014],[4.356522338267645,43.815818259498535],[4.356468851127943,43.81597372909332],[4.356468831212678,43.81597378665654],[4.356447891228124,43.81603397480839],[4.356517453345704,43.81604627602878],[4.356769889637492,43.81608900722647],[4.35704386706074,43.815646416905935],[4.357053110560508,43.81561898638277]]]]},"properties":{"cle":"vivier:30189:149","id_pk":"30189:149","source":"vivier","id_source":"30189:149","insee":"30189","commune":"Nîmes","nom":null,"surf_m2":4426.6,"nb_pl_est":118,"nb_places":null,"nb_pl_reel":null,"stat_auto":"public","statut":null,"proprio":"commune","proprio_nm":null,"part_pub":1.0,"acces_osm":null,"payant":null,"sud_canal":null,"avis_ia":"a_verifier","motif_ia":"Relecture 05/10 : contre-allee plantee le long du boulevard, vehicules ranges sous les arbres.","emprise":"estimee","note_emprise":null,"parcelles":["ER923"],"a_verif":true,"motif_ver":"Relecture 05/10 : contre-allee plantee le long du boulevard, vehicules ranges sous les arbres."}},{"type":"Feature","geometry":{"type":"Polygon","coordinates":[[[4.333469867706299,43.82368708409573],[4.333968590945005,43.823819432185],[4.334217952564359,43.82361489410516],[4.334217952564359,43.82342238703688],[4.334134832024573,43.82322987934787],[4.334201328456402,43.82294111665039],[4.334068335592748,43.82279673477788],[4.333902094513179,43.822820798447545],[4.333735853433609,43.823157688804436],[4.33356961235404,43.823446450454384],[4.33340337127447,43.82354270402732],[4.333469867706299,43.82368708409573]]]},"properties":{"cle":"vivier:30189:170","id_pk":"30189:170","source":"vivier","id_source":"30189:170","insee":"30189","commune":"Nîmes","nom":null,"surf_m2":4403.5,"nb_pl_est":117,"nb_places":null,"nb_pl_reel":null,"stat_auto":"public","statut":null,"proprio":"commune","proprio_nm":null,"part_pub":1.0,"acces_osm":null,"payant":null,"sud_canal":null,"avis_ia":"a_verifier","motif_ia":"Relecture 05/10 : parking occupe au nord, espaces verts au sud : emprise a resserrer.","emprise":"tracee","note_emprise":"emprise nue et stationnement","parcelles":["EM60"],"a_verif":true,"motif_ver":"Relecture 05/10 : parking occupe au nord, espaces verts au sud : emprise a resserrer."}},{"type":"Feature","geometry":{"type":"Polygon","coordinates":[[[4.322134798065801,43.807041731243004],[4.322124745646226,43.80704608940604],[4.322108146804212,43.80705176202487],[4.32209196493104,43.807055939099335],[4.322226940734894,43.807203489995466],[4.322252435365942,43.80722579312442],[4.3223009744438,43.80725143941206],[4.322330102967241,43.80726090014793],[4.322360027632839,43.80726270133469],[4.322360676283301,43.80726276370965],[4.322408098002324,43.807235184640426],[4.322410563835895,43.80723388930954],[4.322413192996948,43.80723277511056],[4.322502052703414,43.807199240014654],[4.322782233663751,43.80704575094887],[4.322784881255839,43.80704445014244],[4.322787699551319,43.80704335344932],[4.322790658655935,43.807042472502424],[4.322824016263715,43.80703396764815],[4.32282721212385,43.80703328987178],[4.322830489802806,43.807032863741256],[4.322833811634911,43.807032694153484],[4.322869841385887,43.807032256977884],[4.3228733080198785,43.80703235523123],[4.3228767379071655,43.80703273281464],[4.322912127532154,43.80703810780219],[4.322915918285299,43.807036431899036],[4.3229326296420805,43.80703060757314],[4.322950057505921,43.80702601480748],[4.322968029331084,43.807022699072945],[4.3229863671864175,43.80702069319717],[4.32300488951694,43.80702001703944],[4.323023412941309,43.80702067729409],[4.323041754067343,43.807022667424235],[4.323059731307684,43.80702596772643],[4.323077166677567,43.80703054552595],[4.323088553864764,43.8070345022119],[4.3229652000000005,43.8069418],[4.322966142415348,43.80690490082328],[4.322950509376924,43.80689337019275],[4.322949816167477,43.80689283765521],[4.322940952814732,43.80688574510659],[4.32293944220403,43.80688441331634],[4.322938114421587,43.8068829829883],[4.32293698164386,43.806881467239364],[4.322936054259005,43.80687987996973],[4.322935340771612,43.80687823573552],[4.322934847724721,43.80687654961519],[4.322934579639808,43.80687483707139],[4.322934538975338,43.80687311380904],[4.3229347261042,43.806871395631354],[4.3229351393103075,43.806869698294925],[4.322935774804322,43.806868037365206],[4.322936626758412,43.80686642807381],[4.322937687359698,43.80686488517876],[4.322938946881895,43.80686342282924],[4.3229403937745134,43.806862054435726],[4.322942014768785,43.806860792547106],[4.322964010374918,43.806845234958914],[4.322987227578589,43.80682876254087],[4.3229874747234724,43.80682858960255],[4.323221108652043,43.806667351956975],[4.323222952126363,43.80666619911836],[4.32322494257401,43.806665182507246],[4.32322706087545,43.8066643118888],[4.323229286683047,43.80666359562589],[4.323231598616495,43.80666304059867],[4.323233974468202,43.80666265213854],[4.3232363914166,43.80666243397688],[4.323238826245361,43.80666238820929],[4.3232412555664075,43.8066625152754],[4.323243656044565,43.806662813954645],[4.323246004621716,43.80666328137803],[4.323248278738277,43.80666391305565],[4.323250456549911,43.80666470291987],[4.323252517137345,43.80666564338348],[4.323253611398367,43.80666625891738],[4.323254440707319,43.80666672541279],[4.323256208782707,43.806667938614176],[4.323381434274796,43.80676271997887],[4.323383028839645,43.806764051739],[4.32338443586845,43.80676549007833],[4.323385641864411,43.80676702119971],[4.323386635259122,43.80676863041603],[4.323387406523523,43.80677030229106],[4.323387948259319,43.80677202078747],[4.323388255269943,43.80677376942077],[4.323388324610406,43.806775531417394],[4.3233881556155405,43.80677728987553],[4.323387749906394,43.80677902792734],[4.323387111374671,43.80678072890073],[4.323386246145405,43.8067823764793],[4.323385162518207,43.806783954858766],[4.323383870887654,43.8067854488987],[4.323382383643575,43.80678684426764],[4.32338071505221,43.80678812758067],[4.3233631096395495,43.80680040357914],[4.323377070596612,43.806810952240696],[4.323395853727492,43.80679829057758],[4.323397698769859,43.80679716286894],[4.32339968620378,43.80679617014014],[4.323401797271751,43.80679532176059],[4.323404012049406,43.80679462573735],[4.3234063096335635,43.8067940886395],[4.323408668339511,43.80679371553622],[4.3234110659056695,43.80679350994888],[4.323413479703696,43.806793473817784],[4.323415886952049,43.80679360748398],[4.3234182649310045,43.806793909685894],[4.323420591197082,43.806794377571336],[4.323422843794873,43.806795006724386],[4.323425001464246,43.80679579120708],[4.323427043841007,43.806796723615406],[4.323428951649104,43.806797795149265],[4.3234307068825375,43.806798995695466],[4.323629283604815,43.806948687149784],[4.323630880521292,43.806950015305084],[4.323632290553886,43.80695145013181],[4.3236334330671005,43.80695289310218],[4.323709999999999,43.806899],[4.323830422068232,43.806986634338976],[4.323830569297181,43.806986610446245],[4.323832973305198,43.806986395335244],[4.323835394810708,43.806986350740445],[4.323837810808352,43.8069864770855],[4.323840198345101,43.80698677317008],[4.32384253473831,43.80698723618127],[4.323844797791222,43.80698786172024],[4.323846966003845,43.80698864384411],[4.3238490187772065,43.80698957512235],[4.323850936609054,43.806990646707426],[4.323852701279133,43.8069918484188],[4.323993087348209,43.80709724518324],[4.3239934394557835,43.80709753691008],[4.323993796066951,43.807097800126854],[4.324024197179815,43.80712263129199],[4.32402568738158,43.80712397257242],[4.324026993811517,43.807125410829556],[4.324028104516247,43.80712693290389],[4.324029009333205,43.80712852486896],[4.324029699983621,43.8071301721589],[4.324030170148272,43.807131859701535],[4.324030415525296,43.80713357205648],[4.324030433869565,43.8071352935563],[4.324030225013212,43.80713700844988],[4.32402979086718,43.80713870104654],[4.324029135403731,43.80714035585963],[4.324028264620105,43.807141957748186],[4.324027186483651,43.807143492055474],[4.324025910858923,43.80714494474316],[4.324024449417426,43.807146302519605],[4.324022815530829,43.80714755296168],[4.324005729102191,43.80715943574189],[4.323948288891433,43.80719970887111],[4.323947935128167,43.80719995208007],[4.32392346194703,43.80721644951015],[4.32392160565393,43.807217583447425],[4.323919605402096,43.80721858076099],[4.323917480291722,43.80721943192756],[4.323915250615256,43.80722012881949],[4.32391293766365,43.8072206647822],[4.323910563523039,43.80722103469783],[4.323908150863845,43.80722123503412],[4.323905722724306,43.80722126387805],[4.3239033022904785,43.807221120954196],[4.3239009126748345,43.80722080762736],[4.323898576695573,43.80722032688943],[4.323896316658713,43.80721968333093],[4.323894154145116,43.80721888309712],[4.323892109804394,43.8072179338294],[4.323890203157739,43.80721684459219],[4.3238884524115155,43.80721562578651],[4.323734799064318,43.807097667391375],[4.32369566175917,43.80712472456861],[4.3239686,43.8073289],[4.324112100000001,43.807224299999994],[4.3243087000000004,43.807205200000006],[4.3237068,43.806744099999996],[4.3234319,43.806541900000006],[4.323263123095284,43.80641595429033],[4.323251145005154,43.80642501874844],[4.3232372042504865,43.80643367558308],[4.323222154865308,43.80644129687575],[4.323021204390282,43.806532730073386],[4.323068027638683,43.806583616347524],[4.323069313069928,43.80658517908058],[4.3230703741260585,43.806586827799144],[4.323071199968583,43.80658854566187],[4.32307178216166,43.806590315121156],[4.323072114758285,43.806592118102294],[4.323072194361024,43.80659393618823],[4.323072020156728,43.80659575080756],[4.323071593924831,43.806597543424296],[4.323053089638969,43.806657168821836],[4.323052463388215,43.8066588166755],[4.323051624127507,43.80666041407785],[4.323050579425354,43.80666194662334],[4.323049338702945,43.806663400491395],[4.323047913149207,43.8066647625709],[4.323046315619888,43.80666602057847],[4.32304456052163,43.80666716316932],[4.323042663682053,43.806668180039466],[4.323022373042825,43.806678013056256],[4.323020999999999,43.8066828],[4.3228599,43.80679390000002],[4.322826499999999,43.8067928],[4.322813938762562,43.806779014849326],[4.322811984129443,43.80677986457665],[4.322809779651041,43.806780620914544],[4.322807483404661,43.80678121708918],[4.322805117514195,43.8067816473565],[4.3228027047745385,43.80678190757097],[4.32280026843197,43.80678199522547],[4.322797831960179,43.80678190947549],[4.322795418834103,43.80678165114719],[4.3227930523037426,43.806781222729505],[4.322790755170162,43.80678062835018],[4.322788549565795,43.806779873735934],[4.322788479306183,43.80677984326701],[4.322744848488657,43.806799733787095],[4.322745117919334,43.806801100422746],[4.322745224362813,43.80680286445472],[4.322745091611219,43.806804627550974],[4.3227447209422785,43.806806372741484],[4.3227441159237046,43.806808083228574],[4.322743282378852,43.80680974254863],[4.322742228330674,43.806811334730455],[4.322740963924494,43.80681284444914],[4.322739501330363,43.806814257173414],[4.322737854625918,43.80681555930567],[4.322736039660881,43.8068167383127],[4.322734073904509,43.80681778284639],[4.322733947277906,43.806817843443824],[4.322769599999999,43.806856399999994],[4.3226063,43.806969399999986],[4.322547708852152,43.806905948360864],[4.322545638756905,43.80690631557413],[4.322543223812624,43.80690656562277],[4.322540786651521,43.806906642993646],[4.322538350758041,43.80690654694119],[4.32253593960442,43.80690627839099],[4.322533576424497,43.8069058399308],[4.322531283989836,43.80690523578561],[4.322529084390298,43.806904471776924],[4.322526998821185,43.80690355526675],[4.322526867027317,43.80690348366573],[4.3221592,43.80706820000001],[4.322134798065801,43.807041731243004]]]},"properties":{"cle":"vivier:30189:153","id_pk":"30189:153","source":"vivier","id_source":"30189:153","insee":"30189","commune":"Nîmes","nom":null,"surf_m2":4242.8,"nb_pl_est":113,"nb_places":null,"nb_pl_reel":null,"stat_auto":"public","statut":null,"proprio":"commune","proprio_nm":null,"part_pub":1.0,"acces_osm":null,"payant":null,"sud_canal":null,"avis_ia":"a_verifier","motif_ia":"Relecture 05/10 : cours d'activite avec vehicules ranges en rangees ; usage commercial a confirmer.","emprise":"estimee","note_emprise":null,"parcelles":["KL309","KL320","KL495"],"a_verif":true,"motif_ver":"Relecture 05/10 : cours d'activite avec vehicules ranges en rangees ; usage commercial a confirmer."}},{"type":"Feature","geometry":{"type":"Polygon","coordinates":[[[4.330355047713964,43.82153847355377],[4.3310709146317095,43.82179209185142],[4.331595883704722,43.82098512080108],[4.331118639092893,43.82113498767803],[4.3307050270959735,43.82129638235554],[4.330355047713964,43.82153847355377]]]},"properties":{"cle":"vivier:30189:172","id_pk":"30189:172","source":"vivier","id_source":"30189:172","insee":"30189","commune":"Nîmes","nom":null,"surf_m2":3722.0,"nb_pl_est":98,"nb_places":null,"nb_pl_reel":null,"stat_auto":"public","statut":null,"proprio":"commune","proprio_nm":null,"part_pub":1.0,"acces_osm":null,"payant":null,"sud_canal":null,"avis_ia":"a_verifier","motif_ia":"Relecture 05/10 : grande aire stabilisee le long du boulevard, quelques vehicules : usage a confirmer.","emprise":"tracee","note_emprise":"esplanade bitumee","parcelles":["EM83"],"a_verif":true,"motif_ver":"Relecture 05/10 : grande aire stabilisee le long du boulevard, quelques vehicules : usage a confirmer."}},{"type":"Feature","geometry":{"type":"Polygon","coordinates":[[[4.359794987831264,43.845171218452585],[4.360544120427221,43.845441914557725],[4.360646274872124,43.845343479752536],[4.360629249131306,43.845171218452585],[4.360714377835392,43.844949738907445],[4.3604249402415,43.84485130329006],[4.360271708574145,43.84477747647048],[4.360101451165975,43.84477747647048],[4.359931193757801,43.8448020854205],[4.359835849609226,43.84490052111907],[4.359794987831264,43.845171218452585]]]},"properties":{"cle":"vivier:30189:138","id_pk":"30189:138","source":"vivier","id_source":"30189:138","insee":"30189","commune":"Nîmes","nom":null,"surf_m2":3701.4,"nb_pl_est":98,"nb_places":null,"nb_pl_reel":null,"stat_auto":"public","statut":null,"proprio":"commune","proprio_nm":null,"part_pub":1.0,"acces_osm":null,"payant":null,"sud_canal":null,"avis_ia":"a_verifier","motif_ia":"Relecture 05/10 : grande aire compactee enclavee dans l'ilot, aucun vehicule : esplanade ou terrain de boules, a confirmer.","emprise":"tracee","note_emprise":"esplanade nue de coeur d'ilot","parcelles":["DP321"],"a_verif":true,"motif_ver":"Relecture 05/10 : grande aire compactee enclavee dans l'ilot, aucun vehicule : esplanade ou terrain de boules, a confirmer."}},{"type":"Feature","geometry":{"type":"Polygon","coordinates":[[[4.3274713307619095,43.83043588559912],[4.327795710414648,43.83056139863243],[4.327908866107464,43.830348572028946],[4.328180439770222,43.82996657365767],[4.328210614621638,43.82958457284146],[4.328097458928823,43.82938811432684],[4.328022021800279,43.8294263146442],[4.327848516404629,43.829802859321525],[4.327727816998959,43.82991200226218],[4.327463787049056,43.830321286512095],[4.3274713307619095,43.83043588559912]]]},"properties":{"cle":"vivier:30189:141","id_pk":"30189:141","source":"vivier","id_source":"30189:141","insee":"30189","commune":"Nîmes","nom":null,"surf_m2":3649.3,"nb_pl_est":96,"nb_places":null,"nb_pl_reel":null,"stat_auto":"public","statut":null,"proprio":"commune","proprio_nm":null,"part_pub":1.0,"acces_osm":null,"payant":null,"sud_canal":null,"avis_ia":"a_verifier","motif_ia":"Relecture 05/10 : bande le long des immeubles, une rangee de vehicules au nord : emprise a resserrer.","emprise":"tracee","note_emprise":"emprise nue et allees de stationnement","parcelles":["KV516"],"a_verif":true,"motif_ver":"Relecture 05/10 : bande le long des immeubles, une rangee de vehicules au nord : emprise a resserrer."}},{"type":"Feature","geometry":{"type":"MultiPolygon","coordinates":[[[[4.3935595,43.832484699999995],[4.393576200000001,43.83282140000002],[4.393586700000001,43.833094499999994],[4.3939533,43.832976300000006],[4.3938554,43.83281929999998],[4.3936355,43.83247000000001],[4.3935595,43.832484699999995]]],[[[4.3938989,43.833318500000004],[4.393870300000001,43.83331460000001],[4.3938445,43.833286199999996],[4.3938612,43.833221599999995],[4.3937634,43.83321349999998],[4.3937580999999994,43.833153900000006],[4.3937288,43.83311309999999],[4.393530899999999,43.8331927],[4.393333,43.83328750000001],[4.3932237999999995,43.83368210000001],[4.393636161058467,43.833742692405],[4.393703491668816,43.83351822624365],[4.393719875975146,43.83342805626898],[4.393691268567061,43.83337078806516],[4.393660572331295,43.833359171812425],[4.393657942041696,43.83335805420028],[4.393655475746868,43.833356755341896],[4.393653197198586,43.83335528774598],[4.393651128340524,43.83335366554636],[4.393649289096909,43.83335190436565],[4.393647697180655,43.833350021165046],[4.393646367922771,43.833348034080764],[4.393645314124711,43.83334596224957],[4.393644545935107,43.83334382562432],[4.39364407075201,43.83334164478189],[4.39364389315166,43.83333944072496],[4.393644014844415,43.83333723467987],[4.393644434658268,43.83333504789196],[4.393645148550152,43.83333290142125],[4.393646149644868,43.833330815939405],[4.393647428301296,43.83332881153074],[4.393648972205255,43.83332690749879],[4.39365076648809,43.833325122180426],[4.393652793869864,43.83332347276922],[4.393655034825781,43.8333219751499],[4.39365746777421,43.83332064374534],[4.39366006928454,43.83331949137766],[4.393662814302817,43.833318529144826],[4.393665676393038,43.8333177663136],[4.393668627991735,43.83331721023051],[4.39367164067343,43.83331686625089],[4.393674685424384,43.833316737687475],[4.393677732922013,43.8333168257784],[4.393680753817289,43.83331712967529],[4.393683719017366,43.83331764645145],[4.39368659996578,43.83331837113005],[4.39368936891745,43.83331929673208],[4.393730781451687,43.833334968303916],[4.393733270858775,43.83333601951033],[4.3937356150444895,43.83333723312519],[4.393737793850586,43.8333385987123],[4.39373978854096,43.83334010452863],[4.393741581962757,43.8333417376253],[4.39374315869388,43.83334348395889],[4.3937445051756026,43.833345328512294],[4.393745609829167,43.83334725542368],[4.393780903108927,43.833417907706796],[4.393781778098404,43.83341996110005],[4.393782378464206,43.83342206555629],[4.393782698729042,43.83342420187618],[4.393782735971039,43.8334263505696],[4.393782489850397,43.833428492033626],[4.393764950260349,43.833525020618474],[4.393764507954956,43.83352686046964],[4.39369708237286,43.83375164405057],[4.3937662,43.83376180000001],[4.3938989,43.833318500000004]],[[4.393561003657729,43.83348640523483],[4.393558728670713,43.83348577617393],[4.393556549612834,43.833484989019105],[4.393554487389928,43.83348405132232],[4.3935525617869144,43.8334829720798],[4.393550791277974,43.83348176164579],[4.393549192849325,43.833480431633184],[4.393547781836242,43.83347899480204],[4.3935465717759365,43.833477464937324],[4.39354557427768,43.83347585671651],[4.39354479891143,43.83347418556884],[4.3935442531160085,43.83347246752726],[4.393543942127744,43.8334707190746],[4.393543868930227,43.833468956985456],[4.393544034225688,43.83346719816531],[4.393544436428268,43.83346545948818],[4.393559980140314,43.833413911481614],[4.393558096110136,43.83341309023221],[4.393556113214067,43.83341201794274],[4.3935542874224325,43.8334108082515],[4.393552636828923,43.83340947314657],[4.393551177790998,43.83340802585892],[4.393549924767791,43.833406480731284],[4.393548890176815,43.83340485307594],[4.393548084270901,43.83340315902304],[4.393547515036601,43.83340141536076],[4.393547188115032,43.83339963936884],[4.393547106745981,43.83339784864749],[4.393547271735798,43.83339606094283],[4.393547681449402,43.83339429397111],[4.3935534355384105,43.8333753195813],[4.393554057612597,43.833373653976516],[4.393554897155257,43.8333720391455],[4.393555946450685,43.83337048992912],[4.393557195855482,43.83336902056521],[4.393558633887173,43.833367644557725],[4.393560247329742,43.83336637455267],[4.393562021355095,43.83336522222176],[4.393563939659322,43.833364198155344],[4.393565984612551,43.83336331176496],[4.393568137420961,43.833362571196815],[4.3935703782995095,43.83336198325697],[4.393572686653762,43.83336155334882],[4.393575041269162,43.83336128542334],[4.393577420505994,43.83336118194286],[4.393579802498268,43.83336124385843],[4.393582165354673,43.83336147060097],[4.393600875546999,43.833363931664444],[4.393601697133544,43.833364050115996],[4.393644133236723,43.83337070822778],[4.393646492128588,43.83337116720334],[4.3936487774218085,43.833371791518104],[4.393650967059503,43.83337257514638],[4.393653039908022,43.833373510524886],[4.393654975960929,43.83337458862563],[4.3936567565320805,43.83337579904318],[4.393658364435995,43.83337713009498],[4.393659784153708,43.833378568934165],[4.393661001982567,43.833380101673534],[4.393662006168478,43.83338171351961],[4.3936627870193545,43.83338338891537],[4.393663336998663,43.83338511169048],[4.393663650798165,43.833386865217285],[4.39366372538915,43.83338863257129],[4.393663560051668,43.83339039669462],[4.3936631563814785,43.833392140560484],[4.393636696476054,43.833479782684854],[4.393636076099724,43.833481449703264],[4.393635237929947,43.83348306602391],[4.393634189679102,43.83348461677425],[4.3936329409926325,43.833486087685095],[4.393631503360283,43.83348746522188],[4.393629890010386,43.83348873670927],[4.393628115788136,43.83348989044763],[4.393626197018996,43.83349091582091],[4.393624151358479,43.83349180339414],[4.3936219976296815,43.833492545000325],[4.393619755650101,43.8334931338156],[4.3936174460492685,43.83349356442201],[4.393615090078934,43.83349383285729],[4.393612709417519,43.83349393665148],[4.393610325970637,43.83349387484949],[4.393607961669533,43.83349364802001],[4.393595488179294,43.83349200731207],[4.393594558408624,43.833491871704254],[4.393563352747712,43.83348687016661],[4.393561003657729,43.83348640523483]],[[4.393322372757722,43.83356424930271],[4.393384520897673,43.833563455371255],[4.3933856176885335,43.833608443439054],[4.393323469499682,43.83360923737114],[4.393322372757722,43.83356424930271]]]]},"properties":{"cle":"vivier:30189:181","id_pk":"30189:181","source":"vivier","id_source":"30189:181","insee":"30189","commune":"Nîmes","nom":null,"surf_m2":3441.8,"nb_pl_est":91,"nb_places":null,"nb_pl_reel":null,"stat_auto":"public","statut":null,"proprio":"commune","proprio_nm":null,"part_pub":1.0,"acces_osm":null,"payant":null,"sud_canal":null,"avis_ia":"a_verifier","motif_ia":"Relecture 05/10 : cours d'activite avec conteneurs et vehicules ranges, emprise morcelee.","emprise":"estimee","note_emprise":null,"parcelles":["HP398","HP407","HP524"],"a_verif":true,"motif_ver":"Relecture 05/10 : cours d'activite avec conteneurs et vehicules ranges, emprise morcelee."}},{"type":"Feature","geometry":{"type":"MultiPolygon","coordinates":[[[[4.32470962151967,43.80750781458134],[4.3247070420803775,43.80750779677228],[4.324694707074868,43.807511072914146],[4.324667968952445,43.80752976336221],[4.324640474781372,43.807559487870776],[4.3246092080779475,43.80759471947682],[4.3246067271401545,43.80759723450775],[4.324605287696621,43.80759842669448],[4.324608962644909,43.80764742979106],[4.324627091937172,43.80773984053738],[4.3246273514731906,43.80774173780312],[4.324634426414687,43.80783255321619],[4.324634428098544,43.807835065897635],[4.324628703626746,43.80790983658165],[4.324628436767282,43.80791178425849],[4.324627937160543,43.80791370776695],[4.324627208587987,43.80791559254818],[4.32460592883393,43.80796265180294],[4.324604925070927,43.80796457084464],[4.324603684022582,43.80796641566473],[4.324602216014872,43.807968170913576],[4.324572837139507,43.807999932721046],[4.324553346757278,43.80802687542396],[4.32455235457786,43.80802930331477],[4.324575365806403,43.80802770600042],[4.324576377249123,43.80802765585016],[4.324588084648087,43.80802730667773],[4.324589278425522,43.808025373070265],[4.3245913940011835,43.80802268863243],[4.324593862717749,43.808020167292106],[4.324596660800106,43.8080178333312],[4.324862716673058,43.807816751081866],[4.3249912031776745,43.80771693466774],[4.324906500000001,43.807654000000014],[4.324809271875233,43.80772234157733],[4.3247654388112995,43.80775392241062],[4.324763619969536,43.80775510962195],[4.324761648631735,43.807756161447365],[4.324760379483213,43.80775670791033],[4.3247547,43.8077607],[4.324700499999999,43.8077694],[4.324662,43.80775679999998],[4.3246387,43.807731700000005],[4.324642000000001,43.807691600000005],[4.3246514721810705,43.807684554446915],[4.324651512098399,43.80768437078978],[4.32465212562633,43.80768266137609],[4.324652967561058,43.807681003744406],[4.324654029794276,43.80767941385859],[4.324655302096082,43.80767790703012],[4.324656772213504,43.80767649777056],[4.324658425988505,43.807675199651875],[4.324756235181372,43.807605610179905],[4.324756262263352,43.80760559272755],[4.324756287167625,43.80760557330073],[4.3247841843674655,43.807585840828146],[4.324799700000001,43.80757430000002],[4.32470962151967,43.80750781458134]]],[[[4.323996299999999,43.80771880000001],[4.3240571,43.80772],[4.323985817689555,43.80771871680313],[4.323985837487048,43.80771877443467],[4.3239884776149475,43.807731666031025],[4.323989388740413,43.80774468192683],[4.323988562368846,43.807757700789296],[4.323986006202423,43.8077706012578],[4.323981744068333,43.80778326307538],[4.323963308465162,43.80782843065324],[4.324090120305581,43.80791217199164],[4.3241734437684025,43.80795544683085],[4.324211063115263,43.80796935721067],[4.3242327887510035,43.80795771554819],[4.324235258714196,43.80795651999821],[4.324237875080338,43.80795550078404],[4.324240613920525,43.80795466722728],[4.324243450185719,43.8079540269515],[4.324246357935853,43.80795358581256],[4.324272386341926,43.80795056961861],[4.324275687532167,43.80795035936706],[4.324281344597628,43.80793505321121],[4.324282758109715,43.80793207910692],[4.324301886695449,43.80789944626664],[4.324303286033828,43.8078973640424],[4.324304973525354,43.80789539702461],[4.3243069312901685,43.80789356605482],[4.3243091385847325,43.807891890533114],[4.32435019910849,43.80786377342025],[4.324371812176471,43.807843521060846],[4.324394245690777,43.80781567132341],[4.324417697525743,43.80777936300351],[4.324436481496506,43.807728990676694],[4.324448481569258,43.80767665368493],[4.324452642704287,43.80764672035931],[4.324453087924847,43.80764456830508],[4.324453818161414,43.80764245746914],[4.32445482658185,43.80764040760053],[4.324456103751322,43.80763843787787],[4.324475378031218,43.80761210333512],[4.324477297382525,43.80760982002073],[4.324479577149251,43.807607717693195],[4.324506410118629,43.807585791385],[4.324508681576127,43.807584119608656],[4.324511181023275,43.80758262817873],[4.324529714902628,43.80757269667291],[4.324529822594531,43.80757209752721],[4.3245307856901505,43.80756908637548],[4.324532151692602,43.80756615808783],[4.324533907446476,43.80756334086523],[4.324536036042862,43.80756066183906],[4.32456752598591,43.80752517873631],[4.324567766148934,43.80752493527294],[4.324567978965049,43.80752467881371],[4.324598288984315,43.807491910078],[4.324601064900035,43.80748922926038],[4.3246042183755105,43.80748677718928],[4.324640907176699,43.807461131048626],[4.324643856203336,43.80745927415921],[4.324558399999999,43.80739620000001],[4.3243087000000004,43.807205200000006],[4.324112100000001,43.807224299999994],[4.3239686,43.8073289],[4.323942800000001,43.80730960000002],[4.323927416386031,43.80732083737124],[4.323927806819881,43.80732122648183],[4.323929050683238,43.807322766671305],[4.323930077851101,43.80732438848766],[4.323930878227895,43.80732607599082],[4.323931443947064,43.8073278125951],[4.3239317694483965,43.80732958123219],[4.323931851532663,43.807331364519],[4.323931689393075,43.80733314492841],[4.323931284623206,43.8073349049616],[4.32393064120133,43.807336627320005],[4.323929765451326,43.80733829507533],[4.323928665980524,43.80733989183599],[4.323927353595102,43.807341401908154],[4.323925841193885,43.80734281044998],[4.3239241436415705,43.80734410361758],[4.323877661120782,43.80737616853106],[4.323875826586107,43.80737731581713],[4.323873846447755,43.80737832821919],[4.32387173954247,43.80737919610635],[4.3238695259129125,43.80737991122261],[4.323867226616998,43.80738046676514],[4.323864863527573,43.80738085744911],[4.323862459124348,43.8073810795581],[4.323860036280043,43.80738113097913],[4.323857618042807,43.807381011223065],[4.323855227416963,43.80738072142914],[4.3238528871441675,43.807380264354116],[4.323850619487077,43.80737964434609],[4.323848446017566,43.807378867303086],[4.32384815462833,43.80737873613359],[4.323707491665054,43.80748148653939],[4.3239361529605835,43.80765054477556],[4.32394811038189,43.80766028442107],[4.323958715104831,43.807670813776426],[4.323967868272881,43.8076820346885],[4.323975484560563,43.80769384255742],[4.3239814929688505,43.8077061273118],[4.323982147492613,43.80770803266555],[4.323996299999999,43.80771880000001]],[[4.324087843113353,43.807552156507974],[4.324085716946519,43.80755302628512],[4.324083483174937,43.80755374074849],[4.324081163365579,43.80755429299997],[4.324078779916106,43.807554677707564],[4.324076355838623,43.807554891156954],[4.324073914537501,43.8075549312873],[4.324071479583403,43.80755479771114],[4.324069074485712,43.80755449171817],[4.324066722465548,43.807554016262706],[4.32406444623157,43.80755337593526],[4.324062267760718,43.807552576918155],[4.324060208086034,43.80755162692591],[4.324058287093585,43.80755053513062],[4.32405652333046,43.807549312073554],[4.323988305922953,43.80749711923021],[4.323893561754657,43.807426347316344],[4.323891949113589,43.80742501771105],[4.323890524576634,43.80742357983648],[4.3238893019168705,43.80742204759464],[4.323888292955532,43.80742043580001],[4.323887507447712,43.80741876003615],[4.323886952988049,43.80741703650514],[4.323886634937301,43.807415281870924],[4.323886556370505,43.80741351309806],[4.3238867180472615,43.8074117472879],[4.323887118404384,43.80741000151311],[4.323887753571009,43.80740829265269],[4.323888617406031,43.80740663722866],[4.323889701557474,43.80740505124643],[4.323890995543241,43.80740355004002],[4.323892486852467,43.80740214812379],[4.3238941610664705,43.807400859052095],[4.32414487596349,43.807225911748624],[4.324146662886397,43.8072247789526],[4.324148590953543,43.80722377485155],[4.324150642558419,43.8072229086146],[4.324152798966417,43.80722218815197],[4.324155040485897,43.80722162004268],[4.324157346648011,43.80722120947452],[4.324159696393623,43.80722096019667],[4.3241620682656,43.807220874485466],[4.324164440604761,43.80722095312359],[4.324166791747661,43.80722119539293],[4.324169100224409,43.807221599081174],[4.324171344954726,43.80722216050198],[4.324173505440449,43.807222874528605],[4.3241755619527,43.8072237346408],[4.32417749571206,43.8072247329843],[4.324179289060037,43.80722586044254],[4.324286644262132,43.80730015757786],[4.324288362546051,43.80730147271153],[4.324289889682712,43.80730290621603],[4.324291210217354,43.80730444358419],[4.324292310786042,43.807306069257706],[4.324293180250906,43.80730776678463],[4.324293809812869,43.80730951898584],[4.3242941931006875,43.80731130812891],[4.324294326235431,43.807313116107565],[4.324294207869741,43.807314924624905],[4.324293839201466,43.80731671537854],[4.324293223961537,43.80731847024593],[4.324292368376217,43.80732017146762],[4.324291281104087,43.80732180182712],[4.32428997314842,43.807323344825015],[4.324288457745833,43.80732478484606],[4.324286750232333,43.80732610731707],[4.324210466893954,43.80737952912369],[4.324305712354895,43.80745072485819],[4.324307326820065,43.80745205710706],[4.324308752497612,43.807453497906266],[4.3243099755588545,43.807455033280455],[4.324310984140432,43.80745664833695],[4.324311768459372,43.80745832741016],[4.324312320907987,43.80746005421353],[4.324312636127658,43.80746181199757],[4.324312711060823,43.80746358371231],[4.3243125449806294,43.80746535217257],[4.324312139497986,43.8074671002248],[4.324311498545938,43.80746881091338],[4.3243106283415225,43.80747046764512],[4.324309537325457,43.80747205435018],[4.32430823608028,43.807473555637955],[4.3243067372276895,43.80747495694636],[4.324305055306132,43.807476244683116],[4.324188859590408,43.80755685722364],[4.324187035411894,43.80755800495172],[4.324185065939698,43.80755901895184],[4.324182969794369,43.807559889637034],[4.324180766794103,43.80756060877532],[4.3241784777673695,43.80756116956752],[4.324176124355987,43.80756156671161],[4.324173728810502,43.807561796452745],[4.324171313779824,43.8075618566188],[4.324168902097091,43.80756174664093],[4.324166516563785,43.80756146755892],[4.3241641797341535,43.807561022011406],[4.324161913701974,43.80756041421083],[4.324159739891656,43.807559649903745],[4.324157678855689,43.80755873631632],[4.3241557500803225,43.807557682086156],[4.324153971801334,43.8075564971806],[4.3241192670584,43.807531007753084],[4.324091691757715,43.807549986021435],[4.3240898411473925,43.8075511398147],[4.324087843113353,43.807552156507974]]]]},"properties":{"cle":"vivier:30189:185","id_pk":"30189:185","source":"vivier","id_source":"30189:185","insee":"30189","commune":"Nîmes","nom":null,"surf_m2":3336.1,"nb_pl_est":88,"nb_places":null,"nb_pl_reel":null,"stat_auto":"public","statut":null,"proprio":"commune","proprio_nm":null,"part_pub":1.0,"acces_osm":null,"payant":null,"sud_canal":null,"avis_ia":"a_verifier","motif_ia":"Relecture 05/10 : ilot d'activite : bati, cours et vehicules ranges ; emprise a resserrer.","emprise":"estimee","note_emprise":null,"parcelles":["KL319","KL495"],"a_verif":true,"motif_ver":"Relecture 05/10 : ilot d'activite : bati, cours et vehicules ranges ; emprise a resserrer."}},{"type":"Feature","geometry":{"type":"Polygon","coordinates":[[[4.3407315434888005,43.81511271914149],[4.341172641143203,43.81511271914149],[4.341143234632909,43.8149210666898],[4.341231454163791,43.81491041931334],[4.34140789322555,43.814676176550876],[4.341202047653495,43.81450581760103],[4.340937389060855,43.81437804806974],[4.340702136978507,43.81431416320158],[4.340716840233654,43.8145909971367],[4.340819763019681,43.814825240233304],[4.340760949999094,43.81499559827188],[4.3407315434888005,43.81511271914149]]]},"properties":{"cle":"vivier:30189:246","id_pk":"30189:246","source":"vivier","id_source":"30189:246","insee":"30189","commune":"Nîmes","nom":null,"surf_m2":3188.9,"nb_pl_est":84,"nb_places":null,"nb_pl_reel":null,"stat_auto":"public","statut":null,"proprio":"commune","proprio_nm":null,"part_pub":1.0,"acces_osm":null,"payant":null,"sud_canal":null,"avis_ia":"candidat","motif_ia":"Relecture 05/10 : parking occupe au nord ; emprise a resserrer, elle inclut une friche au sud.","emprise":"tracee","note_emprise":"emprise nue plate","parcelles":["KI879"],"a_verif":false,"motif_ver":null}},{"type":"Feature","geometry":{"type":"Polygon","coordinates":[[[4.364365283399819,43.818703628012265],[4.364526425488293,43.81878134257964],[4.364956137724221,43.81884934274309],[4.36505013727583,43.818781342579626],[4.365036708768457,43.81864534202036],[4.365063565783203,43.81833448243599],[4.36490242369473,43.81825676728701],[4.364633853547275,43.81820819526753],[4.364432425936684,43.81835391120742],[4.36436528339982,43.818548198574106],[4.364365283399819,43.818703628012265]]]},"properties":{"cle":"vivier:30189:273","id_pk":"30189:273","source":"vivier","id_source":"30189:273","insee":"30189","commune":"Nîmes","nom":null,"surf_m2":3158.6,"nb_pl_est":83,"nb_places":null,"nb_pl_reel":null,"stat_auto":"public","statut":null,"proprio":"commune","proprio_nm":null,"part_pub":1.0,"acces_osm":null,"payant":null,"sud_canal":null,"avis_ia":"a_verifier","motif_ia":"Relecture 05/10 : equipement public et son parvis, quelques vehicules : emprise a resserrer.","emprise":"tracee","note_emprise":"parvis et stationnement","parcelles":["LR24"],"a_verif":true,"motif_ver":"Relecture 05/10 : equipement public et son parvis, quelques vehicules : emprise a resserrer."}},{"type":"Feature","geometry":{"type":"Polygon","coordinates":[[[4.356093623209744,43.821319826754554],[4.356363799888641,43.821332047874584],[4.356633976567536,43.82131982675454],[4.3568028369918474,43.821246499981584],[4.3568703811615705,43.82095319198915],[4.356769064906985,43.82075765252703],[4.356667748652398,43.82061099751013],[4.356600204482675,43.820659882555795],[4.356397571973502,43.82075765252703],[4.356330027803779,43.82095319198917],[4.356127395294608,43.82114873081087],[4.356093623209744,43.821319826754554]]]},"properties":{"cle":"vivier:30189:184","id_pk":"30189:184","source":"vivier","id_source":"30189:184","insee":"30189","commune":"Nîmes","nom":null,"surf_m2":3151.4,"nb_pl_est":83,"nb_places":null,"nb_pl_reel":null,"stat_auto":"public","statut":null,"proprio":"commune","proprio_nm":null,"part_pub":1.0,"acces_osm":null,"payant":null,"sud_canal":null,"avis_ia":"candidat","motif_ia":"Relecture 05/10 : place plantee d'arbres en quinconce sur sol clair, vehicules ranges en pourtour.","emprise":"tracee","note_emprise":"esplanade pavee du centre","parcelles":["ER611"],"a_verif":false,"motif_ver":null}},{"type":"Feature","geometry":{"type":"Polygon","coordinates":[[[4.333488615229727,43.827028747616595],[4.333649966865778,43.8271136069388],[4.333855323493482,43.82692267329416],[4.334031343460083,43.826604449195884],[4.334031343460083,43.8264241214538],[4.3337673135101795,43.8263498686958],[4.333591293543576,43.82656201918793],[4.333547288551927,43.82673173903877],[4.333561956882476,43.826837813700514],[4.333488615229727,43.827028747616595]]]},"properties":{"cle":"vivier:30189:304","id_pk":"30189:304","source":"vivier","id_source":"30189:304","insee":"30189","commune":"Nîmes","nom":null,"surf_m2":2221.4,"nb_pl_est":58,"nb_places":null,"nb_pl_reel":null,"stat_auto":"public","statut":null,"proprio":"commune","proprio_nm":null,"part_pub":1.0,"acces_osm":null,"payant":null,"sud_canal":null,"avis_ia":"a_verifier","motif_ia":"Relecture 05/10 : terrain remanie accole a un parking occupe : emprise a resserrer.","emprise":"tracee","note_emprise":"emprise nue compactee","parcelles":["EL172"],"a_verif":true,"motif_ver":"Relecture 05/10 : terrain remanie accole a un parking occupe : emprise a resserrer."}},{"type":"Feature","geometry":{"type":"Polygon","coordinates":[[[4.331977693364023,43.81691270255896],[4.33251748792827,43.81691270255896],[4.332551225088537,43.816521999732174],[4.332146379165351,43.81642432362605],[4.331977693364025,43.81657083772534],[4.331977693364023,43.81691270255896]]]},"properties":{"cle":"vivier:30189:212","id_pk":"30189:212","source":"vivier","id_source":"30189:212","insee":"30189","commune":"Nîmes","nom":null,"surf_m2":2158.3,"nb_pl_est":57,"nb_places":null,"nb_pl_reel":null,"stat_auto":"public","statut":null,"proprio":"commune","proprio_nm":null,"part_pub":1.0,"acces_osm":null,"payant":null,"sud_canal":null,"avis_ia":"candidat","motif_ia":"Relecture 05/10 : parking a places marquees de la residence, nombreux vehicules.","emprise":"tracee","note_emprise":"cour de stationnement interieure","parcelles":["EN224"],"a_verif":false,"motif_ver":null}},{"type":"Feature","geometry":{"type":"Polygon","coordinates":[[[4.38767859712243,43.84455844125502],[4.389387387782334,43.84530269021579],[4.3893097154796115,43.8451060970531],[4.389115534722805,43.84490950324253],[4.38872717320919,43.8447971636313],[4.388183467090131,43.84471290878406],[4.38767859712243,43.84455844125502]]]},"properties":{"cle":"vivier:30189:249","id_pk":"30189:249","source":"vivier","id_source":"30189:249","insee":"30189","commune":"Nîmes","nom":null,"surf_m2":2127.5,"nb_pl_est":57,"nb_places":null,"nb_pl_reel":null,"stat_auto":"public","statut":null,"proprio":"commune","proprio_nm":null,"part_pub":1.0,"acces_osm":null,"payant":null,"sud_canal":null,"avis_ia":"a_verifier","motif_ia":"Relecture 05/10 : bande le long de la rue, une rangee de vehicules ranges au sud : emprise a resserrer.","emprise":"tracee","note_emprise":"emprise nue compactee","parcelles":["CZ142"],"a_verif":true,"motif_ver":"Relecture 05/10 : bande le long de la rue, une rangee de vehicules ranges au sud : emprise a resserrer."}},{"type":"Feature","geometry":{"type":"Polygon","coordinates":[[[4.330375492572784,43.831173692260144],[4.330804646015167,43.83121239027613],[4.330885112285614,43.83106727258674],[4.3310460448265085,43.83083508354975],[4.330992400646209,43.83073833785109],[4.330777823925018,43.83064159199557],[4.330657124519347,43.8306802903566],[4.330536425113678,43.83085443267068],[4.33045595884323,43.83097052726441],[4.330375492572784,43.831173692260144]]]},"properties":{"cle":"vivier:30189:253","id_pk":"30189:253","source":"vivier","id_source":"30189:253","insee":"30189","commune":"Nîmes","nom":null,"surf_m2":2095.8,"nb_pl_est":57,"nb_places":null,"nb_pl_reel":null,"stat_auto":"public","statut":null,"proprio":"commune","proprio_nm":null,"part_pub":1.0,"acces_osm":null,"payant":null,"sud_canal":null,"avis_ia":"a_verifier","motif_ia":"Relecture 05/10 : parking occupe au sud, batiment au nord : emprise a resserrer.","emprise":"tracee","note_emprise":"parking et parvis","parcelles":["EB291"],"a_verif":true,"motif_ver":"Relecture 05/10 : parking occupe au sud, batiment au nord : emprise a resserrer."}},{"type":"Feature","geometry":{"type":"Polygon","coordinates":[[[4.333378486311077,43.812950409528604],[4.33331581695562,43.81305453360215],[4.333315936143336,43.81305465159159],[4.333316373505307,43.813055132407015],[4.333316850932549,43.81305559280316],[4.333434122818992,43.813181061259634],[4.333436417813565,43.813183808656134],[4.333438314594841,43.813186710978584],[4.333439793449329,43.81318973806282],[4.333452361868867,43.813220344764595],[4.333484599999999,43.8132585],[4.333543360802248,43.81330171422892],[4.333561140575377,43.81325358971754],[4.333557153139482,43.81325288833398],[4.3335547973764985,43.813252383476886],[4.3335525219528375,43.81325171267124],[4.333550349100917,43.813250882471195],[4.33354830005096,43.81324990098843],[4.333546394823554,43.81324877781267],[4.333544652034048,43.81324752391805],[4.333543088710654,43.813246151556044],[4.333541720128076,43.81324467413549],[4.333540559658268,43.81324310609183],[4.333539618639781,43.81324146274585],[4.333538906266976,43.81323976015417],[4.33353842950019,43.81323801495223],[4.3335381929977315,43.813236244191835],[4.333538199070363,43.81323446517449],[4.3335384476587295,43.813232695282366],[4.3335389363339365,43.81323095180849],[4.333621699690047,43.812995934774186],[4.333621720218784,43.812995886462545],[4.3336217342618175,43.81299583773208],[4.333624009914694,43.81298952277168],[4.333677765791182,43.8128403492432],[4.333678490498011,43.812838676375556],[4.333679436541951,43.81283706250668],[4.333680594945377,43.81283552295164],[4.333681954715453,43.81283407232019],[4.333683502948456,43.81283272437832],[4.33368522495222,43.81283149191748],[4.333687104385562,43.81283038663324],[4.3336891234133565,43.81282941901438],[4.333691262875781,43.81282859824319],[4.333693502470135,43.812827932108526],[4.333695820943508,43.81282742693172],[4.333698196294461,43.81282708750671],[4.333700605981804,43.81282691705453],[4.33370243771209,43.81282691715907],[4.333712786277222,43.8127976934947],[4.333713507988632,43.81279600488768],[4.333714454966284,43.812794375691226],[4.333715618075661,43.81279282162048],[4.333716986097449,43.81279135766591],[4.333718545835766,43.81278999794879],[4.333720282245439,43.81278875558485],[4.333722178577144,43.81278764255786],[4.333724216538953,43.812786669604044],[4.3337263764727885,43.81278584610845],[4.333728637544039,43.81278518001447],[4.333730977942531,43.81278467774724],[4.333733375092904,43.812784344151545],[4.333735805872375,43.812784182445284],[4.333738246833779,43.81278419418826],[4.333740674431733,43.812784379267164],[4.333743065249759,43.812784735896784],[4.3338001580150145,43.812795392812106],[4.3338131,43.8127596],[4.333827549956403,43.812733399464214],[4.333788869228025,43.81272398994368],[4.333786569905828,43.812723336859364],[4.333784371450326,43.81272252174199],[4.333782295572115,43.81272155264112],[4.33378036277129,43.81272043912705],[4.333778592135004,43.81271919219613],[4.333777001148962,43.81271782416229],[4.333775605524755,43.81271634853542],[4.333774419044691,43.81271477988784],[4.333773453425702,43.81271313371063],[4.333772718203626,43.81271142626036],[4.333772220639045,43.81270967439879],[4.333771965645574,43.81270789542621],[4.33377195574135,43.81270610691065],[4.333772191024156,43.81270432651441],[4.3337726691704646,43.81270257181953],[4.333773385458378,43.81270086015432],[4.33384421197879,43.81255766943059],[4.333819956728416,43.81254443203107],[4.333818097358413,43.812543310443814],[4.3338163974304695,43.81254206322905],[4.33381487306047,43.81254070221081],[4.333813538699948,43.812539240292],[4.3338124069990815,43.812537691332096],[4.333811488686757,43.81253607001577],[4.33381079246887,43.81253439171368],[4.333810324945785,43.812532672336665],[4.333810090549752,43.812530928185],[4.333810091502905,43.81252917579382],[4.333810327796187,43.81252743177641],[4.333810797189438,43.81252571266662],[4.333811495232629,43.812524034762184],[4.333812415308063,43.8125224139702],[4.333813548693098,43.8125208656563],[4.333814884642854,43.81251940449903],[4.333822531379116,43.81251186595975],[4.3338369655386995,43.812497636028574],[4.333824599999999,43.812491000000016],[4.3339889,43.812307700000005],[4.333820199999999,43.812204699999995],[4.3336622,43.81235999999999],[4.333676355992062,43.81239463092164],[4.333719208204677,43.812345532538515],[4.333720832187972,43.812343910401765],[4.3338292332486725,43.81224898248505],[4.333830672334378,43.81224784125531],[4.333832258962431,43.81224680766516],[4.333833977852736,43.812245891668645],[4.333835812451445,43.812245102087296],[4.333837745090379,43.81224444652519],[4.333839757157178,43.81224393129576],[4.33384182927455,43.812243561360944],[4.333843941486891,43.81224334028341],[4.333846073452453,43.81224327019224],[4.333848204639264,43.812243351762476],[4.333850314522845,43.81224358420852],[4.333852382783878,43.81224396529183],[4.3338543895038955,43.81224449134235],[4.3338563153571,43.81224515729391],[4.333858141796481,43.81224595673308],[4.3338598512324396,43.81224688196079],[4.333861427202175,43.81224792406661],[4.333862854528238,43.812249073014506],[4.3338641194647005,43.81225031773948],[4.333865209829525,43.81225164625417],[4.333866115121894,43.812253045764244],[4.333866826623339,43.81225450279166],[4.333867337481696,43.812256003304455],[4.333867642777105,43.81225753285188],[4.3338677395693885,43.81225907670354],[4.333867626926369,43.81226061999132],[4.333867305932841,43.8122621478525],[4.333866779680134,43.81226364557296],[4.333866053236331,43.81226509872881],[4.333865133597476,43.81226649332535],[4.333864029620175,43.81226781593189],[4.333862751936329,43.81226905381097],[4.333755234278558,43.812363208173934],[4.333692767649887,43.812434780002775],[4.333683012637287,43.81244595689696],[4.333462290912936,43.812811168962526],[4.333378486311077,43.812950409528604]]]},"properties":{"cle":"vivier:30189:271","id_pk":"30189:271","source":"vivier","id_source":"30189:271","insee":"30189","commune":"Nîmes","nom":null,"surf_m2":1984.6,"nb_pl_est":55,"nb_places":null,"nb_pl_reel":null,"stat_auto":"public","statut":null,"proprio":"commune","proprio_nm":null,"part_pub":1.0,"acces_osm":null,"payant":null,"sud_canal":null,"avis_ia":"a_verifier","motif_ia":"Relecture 05/10 : cour de depot avec materiaux et quelques vehicules : usage a confirmer.","emprise":"estimee","note_emprise":null,"parcelles":["KI331","KI838","KI841"],"a_verif":true,"motif_ver":"Relecture 05/10 : cour de depot avec materiaux et quelques vehicules : usage a confirmer."}},{"type":"Feature","geometry":{"type":"Polygon","coordinates":[[[4.330858915345742,43.830204021633485],[4.331332580186426,43.830282426674096],[4.331549112685025,43.830282426674096],[4.331670912215486,43.83015501843084],[4.331630312371998,43.830017809249306],[4.331359646748752,43.82995900521779],[4.3310077814385295,43.82997860656807],[4.330872448626906,43.83003741058026],[4.330858915345742,43.830204021633485]]]},"properties":{"cle":"vivier:30189:252","id_pk":"30189:252","source":"vivier","id_source":"30189:252","insee":"30189","commune":"Nîmes","nom":null,"surf_m2":1885.2,"nb_pl_est":54,"nb_places":null,"nb_pl_reel":null,"stat_auto":"public","statut":null,"proprio":"commune","proprio_nm":null,"part_pub":1.0,"acces_osm":null,"payant":null,"sud_canal":null,"avis_ia":"candidat","motif_ia":"Relecture 05/10 : aire compactee sous arbres au coeur de l'ilot, vehicules ranges en bordure ouest.","emprise":"tracee","note_emprise":"emprise nue avec stationnement","parcelles":["EB730"],"a_verif":false,"motif_ver":null}},{"type":"Feature","geometry":{"type":"MultiPolygon","coordinates":[[[[4.344503799999999,43.8463673],[4.344498300000001,43.8463934],[4.344472799999999,43.84641860000001],[4.3444734,43.8464819],[4.344456599999999,43.846511100000015],[4.344472,43.846555800000004],[4.3446058,43.846697100000014],[4.3447971,43.84681860000001],[4.3449399,43.8468643],[4.34515846804663,43.84686501517704],[4.345194116926139,43.84682936595262],[4.3452354677230485,43.84677628546548],[4.34508876254892,43.84681600910633],[4.345086456433341,43.84681654247547],[4.345084089584741,43.84681691103194],[4.345081684434323,43.84681711128283],[4.345079263776291,43.846817141330334],[4.345076850551809,43.84681700088965],[4.345074467631602,43.84681669129179],[4.345072137599186,43.846816215470895],[4.3450698825368494,43.846815577936425],[4.345067723816367,43.84681478473044],[4.345065681896454,43.84681384337039],[4.345063776128879,43.84681276277771],[4.345062024575057,43.8468115531935],[4.34506044383488,43.84681022608124],[4.34505904888939,43.846808794018315],[4.345057852958812,43.846807270576754],[4.345056867377246,43.84680567019452],[4.345016547128892,43.84673056399525],[4.345015770028915,43.84672887279023],[4.345015227857593,43.8467271342533],[4.345014925931399,43.84672536543243],[4.345014867210973,43.84672358367253],[4.345015052272102,43.84672180644537],[4.345015479300068,43.84672005117835],[4.345016144107446,43.84671833508345],[4.34501704017517,43.84671667498855],[4.345018158716454,43.846715087172406],[4.345019488762955,43.84671358720502],[4.345021017272333,43.84671218979497],[4.345022729256142,43.846710908645086],[4.3450246079268044,43.846709756318255],[4.345026634862224,43.84670874411407],[4.345028790186444,43.84670788195811],[4.345031052764535,43.84670717830464],[4.345043151557373,43.846703919124316],[4.34499874893014,43.846701997135476],[4.344996226186779,43.84670179401833],[4.344993745192753,43.84670140584976],[4.3449913317946525,43.84670083667368],[4.344989011134854,43.84670009241965],[4.344986807389609,43.84669918084119],[4.344984743517159,43.84669811143498],[4.344982841018577,43.8466968953419],[4.344981119713767,43.846695545231036],[4.344929075259221,43.846650293086284],[4.3449729900714384,43.84674175139524],[4.34497367551312,43.846743441485465],[4.344974129405233,43.84674517197191],[4.344974347400595,43.84674692628083],[4.344974327411324,43.84674868761024],[4.344974069628846,43.84675043909099],[4.344973576522061,43.846752163948175],[4.344972852813692,43.84675384566197],[4.344972137809176,43.84675507016593],[4.3449723,43.846755400000006],[4.34497187094038,43.846755514070324],[4.344970743459696,43.846757015800115],[4.344969378016441,43.84675847386238],[4.344967822182859,43.84675982834781],[4.344966090859989,43.84676106628379],[4.344964200629627,43.84676217581393],[4.344962169595512,43.846763146311694],[4.344960017209944,43.846763968482065],[4.3449577640874715,43.8467646344507],[4.344947358340558,43.846767288096046],[4.344951547585923,43.8467765001196],[4.344952188800573,43.84677818005553],[4.344952602495087,43.84677989699978],[4.344952784790224,43.84678163485251],[4.344952733976583,43.84678337731791],[4.344952450530617,43.84678510805682],[4.3449519371101895,43.84678681084005],[4.344951198529629,43.84678846970058],[4.34495076966234,43.84678918658202],[4.344951100000001,43.8467899],[4.34495019483887,43.84679013038379],[4.344949075637168,43.84679159399063],[4.344947711231641,43.846793030123585],[4.344946161292069,43.8467943640155],[4.344944440352258,43.84679558315844],[4.344942564549491,43.846796676120455],[4.34494055147321,43.84679763265282],[4.344938420000072,43.8467984437861],[4.344936190116952,43.84679910191429],[4.344858309204177,43.84681896283464],[4.344855961978144,43.84681946887409],[4.344853557357426,43.84681980536577],[4.344851118664121,43.846819969046074],[4.344848669550796,43.846819958327494],[4.344846233771084,43.84681977331398],[4.344843834949288,43.846819415799985],[4.344841496351271,43.846818889252944],[4.344839240658785,43.8468181987798],[4.34483708974949,43.846817351077355],[4.344835064484767,43.84681635436736],[4.344833184507382,43.84681521831678],[4.34483146805098,43.84681395394399],[4.344829931763232,43.84681257351201],[4.344828590544367,43.84681109040947],[4.344827457402677,43.84680951902076],[4.344826543328328,43.846807874586545],[4.344557590147459,43.84624550228659],[4.344543158911478,43.846249409803924],[4.34454309672512,43.84624942412057],[4.344543034399649,43.84624944324371],[4.344489892123943,43.84626359877188],[4.344487557185802,43.84626412790733],[4.344485942266071,43.84626437095055],[4.3444851,43.846295400000024],[4.344503799999999,43.8463673]]],[[[4.344952026690069,43.84609276277041],[4.344832717007361,43.84613040738858],[4.344772711467998,43.84616255811736],[4.3447642229335415,43.846182091044376],[4.344790441736525,43.84626149082025],[4.344970144978664,43.84662973570404],[4.345012462141541,43.846666530044814],[4.34504575081238,43.846667970959146],[4.345201056853761,43.84663315970107],[4.3451938010836715,43.846628725862374],[4.345181001884907,43.84661919372274],[4.345169560059733,43.846608796795024],[4.345159586543355,43.846597635884265],[4.345123586627851,43.846552635829134],[4.345120018482618,43.84654796505259],[4.34497501889736,43.84634896482558],[4.344966595954249,43.84633571599074],[4.344960197111279,43.84632188683683],[4.3449558970589495,43.846307638787906],[4.344953745989016,43.84629313815755],[4.34494474638877,43.84617013814162],[4.3449446630004775,43.846157111446864],[4.344946315004076,43.846144139594884],[4.344949687012974,43.846131343395015],[4.344962997330443,43.84609141285673],[4.344952026690069,43.84609276277041]]]]},"properties":{"cle":"vivier:30189:282","id_pk":"30189:282","source":"vivier","id_source":"30189:282","insee":"30189","commune":"Nîmes","nom":null,"surf_m2":1844.6,"nb_pl_est":53,"nb_places":null,"nb_pl_reel":null,"stat_auto":"public","statut":null,"proprio":"commune","proprio_nm":null,"part_pub":1.0,"acces_osm":null,"payant":null,"sud_canal":null,"avis_ia":"a_verifier","motif_ia":"Relecture 05/10 : abords de la residence, vehicules ranges a l'ouest : emprise a resserrer.","emprise":"estimee","note_emprise":null,"parcelles":["DW248"],"a_verif":true,"motif_ver":"Relecture 05/10 : abords de la residence, vehicules ranges a l'ouest : emprise a resserrer."}},{"type":"Feature","geometry":{"type":"Polygon","coordinates":[[[4.328773092711344,43.82967136851922],[4.328972529619931,43.83029727625468],[4.329238445498049,43.83048986192969],[4.329304924467578,43.83037752036146],[4.32914980687201,43.83004049438802],[4.329061168245971,43.82971951550115],[4.328839571680874,43.82965531951662],[4.328773092711344,43.82967136851922]]]},"properties":{"cle":"vivier:30189:226","id_pk":"30189:226","source":"vivier","id_source":"30189:226","insee":"30189","commune":"Nîmes","nom":null,"surf_m2":1789.9,"nb_pl_est":53,"nb_places":null,"nb_pl_reel":null,"stat_auto":"public","statut":null,"proprio":"commune","proprio_nm":null,"part_pub":1.0,"acces_osm":null,"payant":null,"sud_canal":null,"avis_ia":"a_verifier","motif_ia":"Relecture 05/10 : bande arboree le long du parking, stationnement sous couvert possible : a confirmer.","emprise":"tracee","note_emprise":"bande nue compactee","parcelles":["KV503"],"a_verif":true,"motif_ver":"Relecture 05/10 : bande arboree le long du parking, stationnement sous couvert possible : a confirmer."}},{"type":"Feature","geometry":{"type":"Polygon","coordinates":[[[4.369212105411166,43.8464051163112],[4.369211997684162,43.84640497725597],[4.369211875942033,43.846404844395664],[4.369181153800364,43.84636745436449],[4.3690698890105635,43.84623340964329],[4.368994973669442,43.84626693338084],[4.368994902494107,43.84626696511138],[4.368080094562537,43.846673253717746],[4.367935909975804,43.846747337237225],[4.367943768939034,43.846778160749174],[4.3679689154973005,43.8468156164784],[4.369222968665674,43.846417653927475],[4.369212105411166,43.8464051163112]]]},"properties":{"cle":"vivier:30189:290","id_pk":"30189:290","source":"vivier","id_source":"30189:290","insee":"30189","commune":"Nîmes","nom":null,"surf_m2":1771.6,"nb_pl_est":52,"nb_places":null,"nb_pl_reel":null,"stat_auto":"public","statut":null,"proprio":"commune","proprio_nm":null,"part_pub":1.0,"acces_osm":null,"payant":null,"sud_canal":null,"avis_ia":"a_verifier","motif_ia":"Relecture 05/10 : bande sous arbres le long des immeubles, quelques vehicules ranges : a confirmer.","emprise":"estimee","note_emprise":null,"parcelles":["DK188"],"a_verif":true,"motif_ver":"Relecture 05/10 : bande sous arbres le long des immeubles, quelques vehicules ranges : a confirmer."}},{"type":"Feature","geometry":{"type":"MultiPolygon","coordinates":[[[[4.335173600000001,43.8218689],[4.3355661,43.82199810000001],[4.3356251,43.822003200000005],[4.335699399999999,43.82198420000002],[4.335740499999999,43.8219531],[4.3358851,43.8217192],[4.3358803,43.82167790000001],[4.3358368,43.8216476],[4.3357751,43.8216419],[4.335721699999999,43.821664800000015],[4.335644399999999,43.821775300000006],[4.3355798,43.821814700000004],[4.3355011,43.8218293],[4.335439099999999,43.82182310000001],[4.3351653,43.82173669999999],[4.335136799999999,43.82174140000001],[4.335126110576838,43.821754707242434],[4.335137158164259,43.82182967617645],[4.335137400000001,43.8218308],[4.335173600000001,43.8218689]]],[[[4.335425114750813,43.82203206018915],[4.335424786693295,43.82203375856688],[4.335424236867633,43.82203542662856],[4.3354234702656615,43.822037049229905],[4.3353730107559585,43.822129253438824],[4.335426773990557,43.822147614553444],[4.3354281466164215,43.82214811372245],[4.335449368564516,43.822156313010005],[4.335494263607538,43.822169721381805],[4.33549719731503,43.82217073051309],[4.335499969505733,43.8221719558527],[4.335502549890519,43.82217338401258],[4.3355049102759295,43.82217499938853],[4.335507024872235,43.82217678433085],[4.335547696173731,43.82221498725747],[4.335549481491478,43.82221685157939],[4.3355509984091025,43.82221883660169],[4.335552231501995,43.82222092214],[4.3355531682315815,43.822223086987755],[4.3355704589113016,43.82227147651294],[4.335571099559216,43.82227374524273],[4.335571414708055,43.822276049634596],[4.3355733511548395,43.82230572670611],[4.335573345368318,43.82230793527059],[4.3355730405116395,43.82231013278192],[4.335572439522787,43.82231229806189],[4.3355718913414565,43.822313597086236],[4.335633,43.8223323],[4.335686399999999,43.82224930000001],[4.335738868718035,43.82226627035486],[4.335747213673419,43.822252616237385],[4.335801066772954,43.82216470353792],[4.33580701082809,43.82215479388041],[4.3358072080145895,43.82215447371061],[4.3358074271523,43.82215412701637],[4.335425184030558,43.82203091127723],[4.335425114750813,43.82203206018915]]]]},"properties":{"cle":"vivier:30189:300","id_pk":"30189:300","source":"vivier","id_source":"30189:300","insee":"30189","commune":"Nîmes","nom":null,"surf_m2":1655.0,"nb_pl_est":51,"nb_places":null,"nb_pl_reel":null,"stat_auto":"public","statut":null,"proprio":"commune","proprio_nm":null,"part_pub":1.0,"acces_osm":null,"payant":null,"sud_canal":null,"avis_ia":"a_verifier","motif_ia":"Relecture 05/10 : abords d'equipement, vehicules ranges par endroits : emprise a resserrer.","emprise":"estimee","note_emprise":null,"parcelles":["EM108","EM57","EM78"],"a_verif":true,"motif_ver":"Relecture 05/10 : abords d'equipement, vehicules ranges par endroits : emprise a resserrer."}},{"type":"Feature","geometry":{"type":"Polygon","coordinates":[[[4.381380379199982,43.84482866408265],[4.3814608454704285,43.84512850442441],[4.382117986679076,43.84489637009801],[4.382091164588928,43.84474161337855],[4.381876587867737,43.844770630294036],[4.381608366966248,43.844751285685284],[4.381380379199982,43.84482866408265]]]},"properties":{"cle":"vivier:30189:338","id_pk":"30189:338","source":"vivier","id_source":"30189:338","insee":"30189","commune":"Nîmes","nom":null,"surf_m2":1569.6,"nb_pl_est":49,"nb_places":null,"nb_pl_reel":null,"stat_auto":"public","statut":null,"proprio":"commune","proprio_nm":null,"part_pub":1.0,"acces_osm":null,"payant":null,"sud_canal":null,"avis_ia":"a_verifier","motif_ia":"Relecture 05/10 : aire compactee ouverte sur la rue, un vehicule en bordure : usage a confirmer.","emprise":"tracee","note_emprise":"bande nue en bordure de cimetiere","parcelles":["DK81"],"a_verif":true,"motif_ver":"Relecture 05/10 : aire compactee ouverte sur la rue, un vehicule en bordure : usage a confirmer."}},{"type":"Feature","geometry":{"type":"Polygon","coordinates":[[[4.377370476722718,43.846915908480845],[4.377813041210174,43.84686754868642],[4.377880096435547,43.84678050095764],[4.377893507480621,43.846529029027636],[4.377732574939729,43.84655804507367],[4.377598464488983,43.8465870611056],[4.377424120903016,43.84659673311307],[4.3772900104522705,43.84663542112743],[4.37729001045227,43.84669345310185],[4.377370476722718,43.846915908480845]]]},"properties":{"cle":"vivier:30189:314","id_pk":"30189:314","source":"vivier","id_source":"30189:314","insee":"30189","commune":"Nîmes","nom":null,"surf_m2":1549.3,"nb_pl_est":49,"nb_places":null,"nb_pl_reel":null,"stat_auto":"public","statut":null,"proprio":"commune","proprio_nm":null,"part_pub":1.0,"acces_osm":null,"payant":null,"sud_canal":null,"avis_ia":"a_verifier","motif_ia":"Relecture 05/10 : aire compactee sous arbres pres du stade, aucun vehicule a la prise de vue : usage a confirmer.","emprise":"tracee","note_emprise":"emprise nue attenante au stade","parcelles":["DI216"],"a_verif":true,"motif_ver":"Relecture 05/10 : aire compactee sous arbres pres du stade, aucun vehicule a la prise de vue : usage a confirmer."}},{"type":"Feature","geometry":{"type":"Polygon","coordinates":[[[4.390886127948762,43.84400457899321],[4.391368925571442,43.84439147481912],[4.391610324382782,43.844265733950905],[4.391435980796814,43.844110975595484],[4.391328692436217,43.84405294110867],[4.391315281391144,43.84392719952693],[4.391060471534728,43.84387883730953],[4.390886127948762,43.84395621683852],[4.390886127948762,43.84400457899321]]]},"properties":{"cle":"vivier:30189:312","id_pk":"30189:312","source":"vivier","id_source":"30189:312","insee":"30189","commune":"Nîmes","nom":null,"surf_m2":1541.9,"nb_pl_est":49,"nb_places":null,"nb_pl_reel":null,"stat_auto":"public","statut":null,"proprio":"commune","proprio_nm":null,"part_pub":1.0,"acces_osm":null,"payant":null,"sud_canal":null,"avis_ia":"candidat","motif_ia":"Relecture 05/10 : aire compactee sous arbres, plusieurs vehicules ranges, acces direct.","emprise":"tracee","note_emprise":"bande nue avec stationnement","parcelles":["CZ432"],"a_verif":false,"motif_ver":null}},{"type":"Feature","geometry":{"type":"Polygon","coordinates":[[[4.340334276203065,43.82516985978874],[4.340932150371374,43.82523354406852],[4.340967319440096,43.82511891231606],[4.340896981302649,43.82504249102543],[4.340879396768287,43.82496606963698],[4.34072113595903,43.82488964815072],[4.340457367943599,43.82486417430022],[4.340316691668704,43.82509343856337],[4.340334276203065,43.82516985978874]]]},"properties":{"cle":"vivier:30189:168","id_pk":"30189:168","source":"vivier","id_source":"30189:168","insee":"30189","commune":"Nîmes","nom":null,"surf_m2":1521.8,"nb_pl_est":49,"nb_places":null,"nb_pl_reel":null,"stat_auto":"public","statut":null,"proprio":"commune","proprio_nm":null,"part_pub":1.0,"acces_osm":null,"payant":null,"sud_canal":null,"avis_ia":"candidat","motif_ia":"Relecture 05/10 : aire compactee ouverte, vehicules ranges le long du bord sud, acces direct.","emprise":"tracee","note_emprise":"aire nue de stationnement","parcelles":["EL137"],"a_verif":false,"motif_ver":null}},{"type":"Feature","geometry":{"type":"Polygon","coordinates":[[[4.3582114577293405,43.84380145768013],[4.358694255352021,43.843859492411596],[4.358707666397096,43.84362735314704],[4.358734488487243,43.843549973191465],[4.358680844306947,43.843491938158905],[4.358278512954711,43.843491938158905],[4.358224868774414,43.84358866318178],[4.3582114577293405,43.84380145768013]]]},"properties":{"cle":"vivier:30189:284","id_pk":"30189:284","source":"vivier","id_source":"30189:284","insee":"30189","commune":"Nîmes","nom":null,"surf_m2":1452.6,"nb_pl_est":47,"nb_places":null,"nb_pl_reel":null,"stat_auto":"public","statut":null,"proprio":"commune","proprio_nm":null,"part_pub":1.0,"acces_osm":null,"payant":null,"sud_canal":null,"avis_ia":"a_verifier","motif_ia":"Relecture 05/10 : aire compactee enclavee dans le centre ancien, acces direct : usage a confirmer.","emprise":"tracee","note_emprise":"place nue du centre ancien","parcelles":["DP338"],"a_verif":true,"motif_ver":"Relecture 05/10 : aire compactee enclavee dans le centre ancien, acces direct : usage a confirmer."}},{"type":"Feature","geometry":{"type":"Polygon","coordinates":[[[4.319786699999999,43.804390500000004],[4.319696977464659,43.80444130562407],[4.319757852855475,43.80450331974872],[4.31975832580729,43.80450381138352],[4.320234764565151,43.80500924890294],[4.32023548195063,43.80501003494094],[4.320558578256955,43.805375827542825],[4.320551461754075,43.8053218244447],[4.320550619975187,43.80530849718033],[4.320551598869955,43.80529517482948],[4.320554388874681,43.80528198753296],[4.320558962733689,43.8052690641121],[4.32056527576562,43.80525653081062],[4.320573266299961,43.80524451006109],[4.320582856279511,43.805233119289156],[4.32059395202292,43.80522246976639],[4.320606445139855,43.805212665523406],[4.320620213589832,43.80520380233351],[4.320635122874383,43.80519596677728],[4.32063663179541,43.80519525344801],[4.319786699999999,43.804390500000004]]]},"properties":{"cle":"vivier:30189:324","id_pk":"30189:324","source":"vivier","id_source":"30189:324","insee":"30189","commune":"Nîmes","nom":null,"surf_m2":1425.4,"nb_pl_est":47,"nb_places":null,"nb_pl_reel":null,"stat_auto":"public","statut":null,"proprio":"commune","proprio_nm":null,"part_pub":1.0,"acces_osm":null,"payant":null,"sud_canal":null,"avis_ia":"a_verifier","motif_ia":"Relecture 05/10 : longue bande le long de la voie d'activite, poids lourds ranges : a confirmer.","emprise":"estimee","note_emprise":null,"parcelles":["KL495"],"a_verif":true,"motif_ver":"Relecture 05/10 : longue bande le long de la voie d'activite, poids lourds ranges : a confirmer."}},{"type":"Feature","geometry":{"type":"Polygon","coordinates":[[[4.380937814712524,43.826860641144634],[4.3810853362083435,43.82691869235395],[4.381353557109833,43.82664778622751],[4.381568133831023,43.826386554155484],[4.381541311740874,43.82632850242867],[4.381393790245055,43.826280125946525],[4.381246268749236,43.82644460582584],[4.381031692028046,43.82665746146749],[4.380937814712524,43.826860641144634]]]},"properties":{"cle":"vivier:30189:326","id_pk":"30189:326","source":"vivier","id_source":"30189:326","insee":"30189","commune":"Nîmes","nom":null,"surf_m2":1384.5,"nb_pl_est":46,"nb_places":null,"nb_pl_reel":null,"stat_auto":"public","statut":null,"proprio":"commune","proprio_nm":null,"part_pub":1.0,"acces_osm":null,"payant":null,"sud_canal":null,"avis_ia":"a_verifier","motif_ia":"Relecture 05/10 : parcelle compactee sous arbres clairsemes, deux vehicules en bout : a confirmer.","emprise":"tracee","note_emprise":"bande nue de coeur d'ilot","parcelles":["HN405"],"a_verif":true,"motif_ver":"Relecture 05/10 : parcelle compactee sous arbres clairsemes, deux vehicules en bout : a confirmer."}},{"type":"Feature","geometry":{"type":"Polygon","coordinates":[[[4.388280833372846,43.843279535503626],[4.389398787170649,43.84354583215194],[4.389460044912994,43.8434348753596],[4.388602436520158,43.84320186542397],[4.388342091115192,43.84319076969005],[4.388280833372846,43.843279535503626]]]},"properties":{"cle":"vivier:30189:317","id_pk":"30189:317","source":"vivier","id_source":"30189:317","insee":"30189","commune":"Nîmes","nom":null,"surf_m2":1366.0,"nb_pl_est":46,"nb_places":null,"nb_pl_reel":null,"stat_auto":"public","statut":null,"proprio":"commune","proprio_nm":null,"part_pub":1.0,"acces_osm":null,"payant":null,"sud_canal":null,"avis_ia":"a_verifier","motif_ia":"Relecture 05/10 : bande compactee le long de la rue devant l'ecole, aucun vehicule : usage a confirmer.","emprise":"tracee","note_emprise":"bande nue le long de l'avenue","parcelles":["CY235"],"a_verif":true,"motif_ver":"Relecture 05/10 : bande compactee le long de la rue devant l'ecole, aucun vehicule : usage a confirmer."}},{"type":"Feature","geometry":{"type":"Polygon","coordinates":[[[4.396368255838752,43.856127170060105],[4.396846792660654,43.856188214815624],[4.397156434133649,43.856198388935475],[4.3973112548701465,43.856147518318856],[4.397240881808102,43.856015254512684],[4.396677897311746,43.85602542866203],[4.3963964050635695,43.85603560280966],[4.396368255838752,43.856127170060105]]]},"properties":{"cle":"vivier:30189:353","id_pk":"30189:353","source":"vivier","id_source":"30189:353","insee":"30189","commune":"Nîmes","nom":null,"surf_m2":1197.6,"nb_pl_est":43,"nb_places":null,"nb_pl_reel":null,"stat_auto":"public","statut":null,"proprio":"commune","proprio_nm":null,"part_pub":1.0,"acces_osm":null,"payant":null,"sud_canal":null,"avis_ia":"a_verifier","motif_ia":"Relecture 05/10 : bande compactee sous arbres pres des immeubles, aucun vehicule : a confirmer.","emprise":"tracee","note_emprise":"bande nue en pied d'immeubles","parcelles":["CK1474"],"a_verif":true,"motif_ver":"Relecture 05/10 : bande compactee sous arbres pres des immeubles, aucun vehicule : a confirmer."}},{"type":"Feature","geometry":{"type":"Polygon","coordinates":[[[4.3600382,43.8410759],[4.360363772922771,43.841083734659],[4.360372927670174,43.84108328671346],[4.360358441586364,43.840861226421396],[4.360329811249774,43.840645890290666],[4.3600614,43.84064030000001],[4.3600382,43.8410759]]]},"properties":{"cle":"vivier:30189:345","id_pk":"30189:345","source":"vivier","id_source":"30189:345","insee":"30189","commune":"Nîmes","nom":null,"surf_m2":1191.4,"nb_pl_est":43,"nb_places":null,"nb_pl_reel":null,"stat_auto":"public","statut":null,"proprio":"commune","proprio_nm":null,"part_pub":1.0,"acces_osm":null,"payant":null,"sud_canal":null,"avis_ia":"a_verifier","motif_ia":"Relecture 05/10 : cour ombragee du centre ancien, vehicules ranges au nord : a confirmer.","emprise":"estimee","note_emprise":null,"parcelles":["DO294"],"a_verif":true,"motif_ver":"Relecture 05/10 : cour ombragee du centre ancien, vehicules ranges au nord : a confirmer."}},{"type":"Feature","geometry":{"type":"Polygon","coordinates":[[[4.35783863067627,43.84253241743759],[4.3580397963523865,43.84263881666545],[4.358254373073578,43.842116491362546],[4.358160495758057,43.84208747315606],[4.357892274856567,43.84219387317743],[4.35783863067627,43.84253241743759]]]},"properties":{"cle":"vivier:30189:381","id_pk":"30189:381","source":"vivier","id_source":"30189:381","insee":"30189","commune":"Nîmes","nom":null,"surf_m2":1180.2,"nb_pl_est":42,"nb_places":null,"nb_pl_reel":null,"stat_auto":"public","statut":null,"proprio":"commune","proprio_nm":null,"part_pub":1.0,"acces_osm":null,"payant":null,"sud_canal":null,"avis_ia":"a_verifier","motif_ia":"Relecture 05/10 : cour etroite du centre ancien, vehicules ranges le long : a confirmer.","emprise":"tracee","note_emprise":"bande de stationnement en epi","parcelles":["DT147"],"a_verif":true,"motif_ver":"Relecture 05/10 : cour etroite du centre ancien, vehicules ranges le long : a confirmer."}},{"type":"Feature","geometry":{"type":"Polygon","coordinates":[[[4.355287166179718,43.81936177619161],[4.355284934309102,43.81936331688353],[4.355262725747631,43.819377191607316],[4.3552768644871644,43.81938493549835],[4.355385944500772,43.819406041981075],[4.355514782157423,43.81942677940105],[4.355849518323813,43.81946919898449],[4.355842665380185,43.8194578239633],[4.355837022669728,43.819445199266745],[4.355833119171572,43.819432234423736],[4.355830992605994,43.81941905472015],[4.355830663521829,43.81940578751796],[4.355832135097925,43.81939256102469],[4.35583539311249,43.81937950305434],[4.355851257895337,43.819329974648774],[4.355861131760937,43.81929328947346],[4.355861309446928,43.81929269141683],[4.3558902877073,43.819203608167626],[4.355884565995691,43.81920632856825],[4.355868380583751,43.81921247391857],[4.355851441911006,43.81921744226322],[4.355833912763001,43.81922118585495],[4.355815961600041,43.819223668716674],[4.355797760938209,43.81922486698734],[4.355779485691397,43.81922476915119],[4.355761311490294,43.819223376148486],[4.355743412994492,43.81922070136639],[4.355545412572004,43.819183701278774],[4.355527939423016,43.81917976445951],[4.355511083521031,43.81917460622403],[4.3554950072785905,43.81916827627385],[4.355479865595801,43.81916083560027],[4.355465804367783,43.81915235589689],[4.355452959078918,43.81914291886866],[4.355441453497408,43.81913261544463],[4.355431398482727,43.819121544901854],[4.355422890917468,43.81910981390875],[4.355416012773875,43.819097535497384],[4.355410830324035,43.81908482797422],[4.355407393501366,43.81907181378035],[4.355406997584155,43.81906866296344],[4.355327258421354,43.8193044302731],[4.355326256219836,43.81930681356612],[4.3553248962189866,43.81930910201176],[4.355292453514118,43.819356306593896],[4.355290944389212,43.819358253699136],[4.355289176138874,43.81936008290404],[4.355287166179718,43.81936177619161]]]},"properties":{"cle":"vivier:30189:349","id_pk":"30189:349","source":"vivier","id_source":"30189:349","insee":"30189","commune":"Nîmes","nom":null,"surf_m2":1171.1,"nb_pl_est":42,"nb_places":null,"nb_pl_reel":null,"stat_auto":"public","statut":null,"proprio":"commune","proprio_nm":null,"part_pub":1.0,"acces_osm":null,"payant":null,"sud_canal":null,"avis_ia":"a_verifier","motif_ia":"Relecture 05/10 : bosquet entre les immeubles et les parkings, stationnement sous couvert possible.","emprise":"estimee","note_emprise":null,"parcelles":["ER925"],"a_verif":true,"motif_ver":"Relecture 05/10 : bosquet entre les immeubles et les parkings, stationnement sous couvert possible."}},{"type":"Feature","geometry":{"type":"Polygon","coordinates":[[[4.338196814060211,43.82168998699302],[4.338304102420806,43.82179642338555],[4.338934421539307,43.821457761477895],[4.338921010494231,43.82135132448159],[4.338800311088563,43.82134164838158],[4.338196814060211,43.82168998699302]]]},"properties":{"cle":"vivier:30189:378","id_pk":"30189:378","source":"vivier","id_source":"30189:378","insee":"30189","commune":"Nîmes","nom":null,"surf_m2":1041.3,"nb_pl_est":39,"nb_places":null,"nb_pl_reel":null,"stat_auto":"public","statut":null,"proprio":"commune","proprio_nm":null,"part_pub":1.0,"acces_osm":null,"payant":null,"sud_canal":null,"avis_ia":"candidat","motif_ia":"Relecture 05/10 : parking a places marquees, nombreux vehicules.","emprise":"tracee","note_emprise":"bande de stationnement","parcelles":["EL19"],"a_verif":false,"motif_ver":null}},{"type":"Feature","geometry":{"type":"Polygon","coordinates":[[[4.325426816940308,43.80456480358216],[4.3260034918785095,43.80469062810167],[4.326083958148957,43.8046809493019],[4.326070547103882,43.8046131976595],[4.3261778354644775,43.80456480358216],[4.325601160526276,43.80439058457913],[4.325426816940308,43.80456480358216]]]},"properties":{"cle":"vivier:30189:356","id_pk":"30189:356","source":"vivier","id_source":"30189:356","insee":"30189","commune":"Nîmes","nom":null,"surf_m2":1010.0,"nb_pl_est":39,"nb_places":null,"nb_pl_reel":null,"stat_auto":"public","statut":null,"proprio":"commune","proprio_nm":null,"part_pub":1.0,"acces_osm":null,"payant":null,"sud_canal":null,"avis_ia":"a_verifier","motif_ia":"Relecture 05/10 : aire compactee accolee a une cour d'activite, aucun vehicule dans le groupe : a confirmer.","emprise":"tracee","note_emprise":"emprise nue attenante au parking","parcelles":["KL129"],"a_verif":true,"motif_ver":"Relecture 05/10 : aire compactee accolee a une cour d'activite, aucun vehicule dans le groupe : a confirmer."}},{"type":"Feature","geometry":{"type":"Polygon","coordinates":[[[4.352255699999999,43.81503899999999],[4.352012110308014,43.81497736513513],[4.352008773964132,43.81499013161598],[4.352008478251957,43.81499111253866],[4.351984826928296,43.815060251766894],[4.352133151531421,43.81509844354009],[4.352549263349639,43.81519020419602],[4.353140648791371,43.815295085170106],[4.353163159631643,43.8152979073186],[4.35317203691758,43.815294412183135],[4.353188761254184,43.81528928424093],[4.353206095352547,43.81528535910512],[4.353223232402198,43.81528277103106],[4.3532326999999995,43.81522989999999],[4.352255699999999,43.81503899999999]]]},"properties":{"cle":"vivier:30189:371","id_pk":"30189:371","source":"vivier","id_source":"30189:371","insee":"30189","commune":"Nîmes","nom":null,"surf_m2":964.6,"nb_pl_est":37,"nb_places":null,"nb_pl_reel":null,"stat_auto":"public","statut":null,"proprio":"commune","proprio_nm":null,"part_pub":1.0,"acces_osm":null,"payant":null,"sud_canal":null,"avis_ia":"a_verifier","motif_ia":"Relecture 05/10 : bande le long de la voie, vehicules ranges en file : a confirmer.","emprise":"estimee","note_emprise":null,"parcelles":["ER283"],"a_verif":true,"motif_ver":"Relecture 05/10 : bande le long de la voie, vehicules ranges en file : a confirmer."}},{"type":"Feature","geometry":{"type":"Polygon","coordinates":[[[4.353375296691705,43.81448631692314],[4.353356010725879,43.81448248810578],[4.353351442098213,43.81448138076506],[4.353347070618923,43.81447991434857],[4.353342949919914,43.81447810684717],[4.353303962044022,43.81445879025029],[4.353300682864816,43.814456995136894],[4.353297652362374,43.81445498387646],[4.35329489760549,43.814452774433725],[4.353292443199966,43.814450386543776],[4.353261833808697,43.81441746559993],[4.353259662009969,43.81441486763949],[4.353257845837463,43.814412130297406],[4.3532564021758775,43.81440927902245],[4.353255271212536,43.8144066611789],[4.353201484528761,43.814386694628276],[4.353155984980175,43.81437527708116],[4.352649287059064,43.814303326316036],[4.352637137217937,43.81436426546819],[4.3526407414092745,43.81442134201961],[4.352660145927574,43.81444696447145],[4.352711855787769,43.814467518329494],[4.353270440330943,43.81454550654302],[4.353270448883555,43.814545508055666],[4.353270457598802,43.81454550895846],[4.3533668262449,43.814559014623406],[4.353375436447816,43.81452788323215],[4.353375296691705,43.81448631692314]],[[4.3528377338203645,43.81441120977862],[4.352837149419579,43.814412899827346],[4.3528363420917024,43.814414541041515],[4.352835319401879,43.81441611804188],[4.352834090933328,43.81441761605102],[4.3528326681975456,43.81441902103163],[4.352831064526434,43.81442031981821],[4.3528292949473775,43.81442150024026],[4.352827376042424,43.81442255123656],[4.352825325792898,43.81442346295857],[4.352823163410909,43.8144242268629],[4.352820909159322,43.81442483579129],[4.352818584161876,43.81442528403771],[4.352816210205249,43.814425567401805],[4.352813809534894,43.81442568322827],[4.35281140464659,43.814425630431764],[4.352809018075644,43.81442540950697],[4.352757902889663,43.8144188435002],[4.35275555020201,43.81441845514032],[4.352753260609845,43.81441790340827],[4.3527510556939975,43.81441719350449],[4.352748956237175,43.814416332120224],[4.352746982028061,43.8144153273746],[4.3527451516747995,43.81441418873795],[4.352743482429599,43.81441292694262],[4.352741990026126,43.81441155388186],[4.352740688531195,43.81441008249758],[4.352739590212189,43.8144085266585],[4.352738705421429,43.814406901029386],[4.352738042498596,43.814405220932784],[4.352737607692129,43.81440350220462],[4.352737405100329,43.81440176104501],[4.352737436632722,43.81440001386546],[4.352737701992079,43.814398277134174],[4.352738198677202,43.814396567220925],[4.352746364353792,43.81437396534529],[4.352747084896455,43.81437230384562],[4.352748023826658,43.81437070055117],[4.352749172353359,43.814369170473284],[4.3527505197231156,43.81436772793772],[4.352752053320754,43.81436638645071],[4.352753758787487,43.81436515857233],[4.352755620155358,43.81436405579895],[4.3527576199967415,43.814363088455615],[4.352759739587511,43.81436226559934],[4.3527619590823585,43.81436159493443],[4.352764257700593,43.814361082740156],[4.352766613920707,43.81436073381207],[4.352769005681888,43.814360551417124],[4.352771410590551,43.81436053726307],[4.35277380613002,43.81436069148241],[4.352776169871336,43.81436101263122],[4.352824842474904,43.814369408979694],[4.352827130339114,43.81436988860264],[4.352829344298433,43.81437052459978],[4.3528314640215715,43.81437131113061],[4.352833470042629,43.81437224097222],[4.352835343939854,43.814373305585704],[4.352837068504813,43.81437449519443],[4.352838627900427,43.81437579887397],[4.352840007806399,43.81437720465234],[4.352841195550723,43.814378699619986],[4.3528421802260535,43.81438027004822],[4.352842952789874,43.81438190151545],[4.352843506147534,43.81438357903957],[4.352843835217405,43.81438528721547],[4.352843936977538,43.81438701035659],[4.352843810493427,43.81438873263887],[4.3528434569265855,43.81439043824625],[4.3528377338203645,43.81441120977862]]]},"properties":{"cle":"vivier:30189:387","id_pk":"30189:387","source":"vivier","id_source":"30189:387","insee":"30189","commune":"Nîmes","nom":null,"surf_m2":885.3,"nb_pl_est":35,"nb_places":null,"nb_pl_reel":null,"stat_auto":"public","statut":null,"proprio":"commune","proprio_nm":null,"part_pub":1.0,"acces_osm":null,"payant":null,"sud_canal":null,"avis_ia":"a_verifier","motif_ia":"Relecture 05/10 : bande le long de la zone commerciale, vehicules ranges en file : a confirmer.","emprise":"estimee","note_emprise":null,"parcelles":["ER887"],"a_verif":true,"motif_ver":"Relecture 05/10 : bande le long de la zone commerciale, vehicules ranges en file : a confirmer."}},{"type":"Feature","geometry":{"type":"Polygon","coordinates":[[[4.337732791900635,43.82063141836089],[4.337933957576752,43.82080558999258],[4.338081479072571,43.82079591380413],[4.338175356388091,43.82069915183357],[4.338094890117644,43.82050562742203],[4.337960779666901,43.82047659870617],[4.337840080261231,43.82053465612375],[4.337732791900635,43.82063141836089]]]},"properties":{"cle":"vivier:30189:433","id_pk":"30189:433","source":"vivier","id_source":"30189:433","insee":"30189","commune":"Nîmes","nom":null,"surf_m2":848.7,"nb_pl_est":34,"nb_places":null,"nb_pl_reel":null,"stat_auto":"public","statut":null,"proprio":"commune","proprio_nm":null,"part_pub":1.0,"acces_osm":null,"payant":null,"sud_canal":null,"avis_ia":"candidat","motif_ia":"Relecture 05/10 : parking occupe entre les immeubles, vehicules ranges.","emprise":"tracee","note_emprise":"cour de stationnement","parcelles":["EO111"],"a_verif":false,"motif_ver":null}},{"type":"Feature","geometry":{"type":"Polygon","coordinates":[[[4.339082543738186,43.84135241108219],[4.339357260614634,43.841529141978874],[4.339570929296315,43.841816328569415],[4.339693025685846,43.841816328569415],[4.33972354978323,43.841683781084],[4.339448832906783,43.841484959303784],[4.339174116030335,43.84128613686098],[4.339097805786878,43.84128613686098],[4.339082543738186,43.84135241108219]]]},"properties":{"cle":"vivier:30189:307","id_pk":"30189:307","source":"vivier","id_source":"30189:307","insee":"30189","commune":"Nîmes","nom":null,"surf_m2":842.2,"nb_pl_est":34,"nb_places":null,"nb_pl_reel":null,"stat_auto":"public","statut":null,"proprio":"commune","proprio_nm":null,"part_pub":1.0,"acces_osm":null,"payant":null,"sud_canal":null,"avis_ia":"a_verifier","motif_ia":"Relecture 05/10 : bande compactee sous arbres pres du complexe sportif, un vehicule : a confirmer.","emprise":"tracee","note_emprise":"bande nue le long du gymnase","parcelles":["DY312"],"a_verif":true,"motif_ver":"Relecture 05/10 : bande compactee sous arbres pres du complexe sportif, un vehicule : a confirmer."}},{"type":"Feature","geometry":{"type":"Polygon","coordinates":[[[4.397878646850586,43.851401592517476],[4.398307800292969,43.851575674360184],[4.398374855518342,43.85136290759453],[4.397985935211182,43.85125652392706],[4.397878646850586,43.851401592517476]]]},"properties":{"cle":"vivier:30189:417","id_pk":"30189:417","source":"vivier","id_source":"30189:417","insee":"30189","commune":"Nîmes","nom":null,"surf_m2":763.2,"nb_pl_est":32,"nb_places":null,"nb_pl_reel":null,"stat_auto":"public","statut":null,"proprio":"commune","proprio_nm":null,"part_pub":1.0,"acces_osm":null,"payant":null,"sud_canal":null,"avis_ia":"candidat","motif_ia":"Relecture 05/10 : parking occupe, vehicules ranges en rangees, acces direct.","emprise":"tracee","note_emprise":"parking en terre battue","parcelles":["DC480"],"a_verif":false,"motif_ver":null}},{"type":"Feature","geometry":{"type":"Polygon","coordinates":[[[4.346661865711213,43.848140365411574],[4.346863031387329,43.84829511331358],[4.346903264522553,43.848217739412775],[4.346876442432404,43.84785021201323],[4.346849620342255,43.84779218116417],[4.34674233198166,43.84785021201323],[4.346688687801361,43.8480243042216],[4.346661865711213,43.848140365411574]]]},"properties":{"cle":"vivier:30189:445","id_pk":"30189:445","source":"vivier","id_source":"30189:445","insee":"30189","commune":"Nîmes","nom":null,"surf_m2":700.1,"nb_pl_est":30,"nb_places":null,"nb_pl_reel":null,"stat_auto":"public","statut":null,"proprio":"commune","proprio_nm":null,"part_pub":1.0,"acces_osm":null,"payant":null,"sud_canal":null,"avis_ia":"a_verifier","motif_ia":"Relecture 05/10 : bande etroite pres du giratoire, deux vehicules ranges : a confirmer.","emprise":"tracee","note_emprise":"poche de stationnement marquee","parcelles":["DS89"],"a_verif":true,"motif_ver":"Relecture 05/10 : bande etroite pres du giratoire, deux vehicules ranges : a confirmer."}},{"type":"Feature","geometry":{"type":"Polygon","coordinates":[[[4.379218518733978,43.82493330894457],[4.379352629184723,43.8250397395548],[4.3795135617256165,43.82503973955479],[4.379500150680543,43.824981686518186],[4.379634261131287,43.82493330894457],[4.379607439041137,43.82486558027563],[4.3795135617256165,43.824807527069666],[4.379594027996063,43.82467206936953],[4.3795135617256165,43.824720447154874],[4.3793123960495,43.82484622921326],[4.379218518733978,43.82493330894457]]]},"properties":{"cle":"vivier:30189:437","id_pk":"30189:437","source":"vivier","id_source":"30189:437","insee":"30189","commune":"Nîmes","nom":null,"surf_m2":663.6,"nb_pl_est":28,"nb_places":null,"nb_pl_reel":null,"stat_auto":"public","statut":null,"proprio":"commune","proprio_nm":null,"part_pub":1.0,"acces_osm":null,"payant":null,"sud_canal":null,"avis_ia":"a_verifier","motif_ia":"Relecture 05/10 : angle nu et bosquet en bord de voie, un poids lourd : usage a confirmer.","emprise":"tracee","note_emprise":"cour nue avec stationnement","parcelles":["HN190"],"a_verif":true,"motif_ver":"Relecture 05/10 : angle nu et bosquet en bord de voie, un poids lourd : usage a confirmer."}},{"type":"Feature","geometry":{"type":"Polygon","coordinates":[[[4.335516,43.81290250000002],[4.3354930000000005,43.81296159999999],[4.3356688,43.812890800000005],[4.335746200000001,43.81287490000002],[4.335835199999999,43.81286699999999],[4.335962999999999,43.81287749999999],[4.336117400000001,43.812925300000025],[4.3360905,43.8129088],[4.3356775,43.812656700000005],[4.3354637,43.81287439999999],[4.335516,43.81290250000002]]]},"properties":{"cle":"vivier:30189:438","id_pk":"30189:438","source":"vivier","id_source":"30189:438","insee":"30189","commune":"Nîmes","nom":null,"surf_m2":650.4,"nb_pl_est":28,"nb_places":null,"nb_pl_reel":null,"stat_auto":"public","statut":null,"proprio":"commune","proprio_nm":null,"part_pub":1.0,"acces_osm":null,"payant":null,"sud_canal":null,"avis_ia":"a_verifier","motif_ia":"Relecture 05/10 : cour d'activite avec vehicules ranges, usage commercial a confirmer.","emprise":"estimee","note_emprise":null,"parcelles":["KI878"],"a_verif":true,"motif_ver":"Relecture 05/10 : cour d'activite avec vehicules ranges, usage commercial a confirmer."}},{"type":"Feature","geometry":{"type":"Polygon","coordinates":[[[4.373355209827424,43.83916043088497],[4.373502731323242,43.83917010409657],[4.373583197593689,43.83913141124069],[4.373690485954286,43.83917010409658],[4.373851418495178,43.83909271835976],[4.373824596405029,43.838966966323376],[4.373583197593689,43.8390346789913],[4.373475909233093,43.838986312807755],[4.373355209827423,43.83901533252259],[4.373355209827424,43.83916043088497]]]},"properties":{"cle":"vivier:30189:535","id_pk":"30189:535","source":"vivier","id_source":"30189:535","insee":"30189","commune":"Nîmes","nom":null,"surf_m2":640.0,"nb_pl_est":28,"nb_places":null,"nb_pl_reel":null,"stat_auto":"public","statut":null,"proprio":"commune","proprio_nm":null,"part_pub":1.0,"acces_osm":null,"payant":null,"sud_canal":null,"avis_ia":"a_verifier","motif_ia":"Relecture 05/10 : parcelle compactee ouverte sur la rue, aucun vehicule : usage a confirmer.","emprise":"tracee","note_emprise":"emprise nue compactee","parcelles":["HB515"],"a_verif":true,"motif_ver":"Relecture 05/10 : parcelle compactee ouverte sur la rue, aucun vehicule : usage a confirmer."}},{"type":"Feature","geometry":{"type":"Polygon","coordinates":[[[4.356551170349121,43.821651282803224],[4.356779158115387,43.82168998699302],[4.357007145881652,43.82153517008328],[4.356926679611205,43.821457761477895],[4.3567657470703125,43.821428733225],[4.356671869754791,43.821477113638664],[4.356551170349121,43.821651282803224]]]},"properties":{"cle":"vivier:30189:457","id_pk":"30189:457","source":"vivier","id_source":"30189:457","insee":"30189","commune":"Nîmes","nom":null,"surf_m2":631.7,"nb_pl_est":27,"nb_places":null,"nb_pl_reel":null,"stat_auto":"public","statut":null,"proprio":"commune","proprio_nm":null,"part_pub":1.0,"acces_osm":null,"payant":null,"sud_canal":null,"avis_ia":"a_verifier","motif_ia":"Relecture 05/10 : surface stabilisee sous arbres en bord d'esplanade, un vehicule : a confirmer.","emprise":"tracee","note_emprise":"esplanade nue compactee","parcelles":["ER611"],"a_verif":true,"motif_ver":"Relecture 05/10 : surface stabilisee sous arbres en bord d'esplanade, un vehicule : a confirmer."}},{"type":"Feature","geometry":{"type":"Polygon","coordinates":[[[4.384239614009857,43.83054678090504],[4.384387135505676,43.83061450312795],[4.384628534317016,43.83034361377528],[4.384467601776123,43.830246867279946],[4.384239614009857,43.83054678090504]]]},"properties":{"cle":"vivier:30189:450","id_pk":"30189:450","source":"vivier","id_source":"30189:450","insee":"30189","commune":"Nîmes","nom":null,"surf_m2":566.0,"nb_pl_est":25,"nb_places":null,"nb_pl_reel":null,"stat_auto":"public","statut":null,"proprio":"commune","proprio_nm":null,"part_pub":1.0,"acces_osm":null,"payant":null,"sud_canal":null,"avis_ia":"a_verifier","motif_ia":"Relecture 05/10 : dalle goudronnee entre batiment et rue, acces direct, aucun vehicule : usage a confirmer.","emprise":"tracee","note_emprise":"aire bitumee","parcelles":["HO730"],"a_verif":true,"motif_ver":"Relecture 05/10 : dalle goudronnee entre batiment et rue, acces direct, aucun vehicule : usage a confirmer."}},{"type":"Feature","geometry":{"type":"Polygon","coordinates":[[[4.331413507461548,43.82159129125947],[4.3315476179122925,43.82165902364319],[4.331775605678558,43.82136874145761],[4.331601262092589,43.82128165652671],[4.331413507461548,43.82159129125947]]]},"properties":{"cle":"vivier:30189:475","id_pk":"30189:475","source":"vivier","id_source":"30189:475","insee":"30189","commune":"Nîmes","nom":null,"surf_m2":557.5,"nb_pl_est":25,"nb_places":null,"nb_pl_reel":null,"stat_auto":"public","statut":null,"proprio":"commune","proprio_nm":null,"part_pub":1.0,"acces_osm":null,"payant":null,"sud_canal":null,"avis_ia":"candidat","motif_ia":"Relecture 05/10 : bande compactee sous arbres accolee au parking, vehicules ranges.","emprise":"tracee","note_emprise":"bande nue de stationnement","parcelles":["EM105"],"a_verif":false,"motif_ver":null}},{"type":"Feature","geometry":{"type":"Polygon","coordinates":[[[4.36269611120224,43.83207534951437],[4.3627899885177595,43.832133395652036],[4.363272786140442,43.831872187588026],[4.3632593750953665,43.831823815598874],[4.363165497779845,43.83178511797931],[4.362924098968506,43.831949582689134],[4.36269611120224,43.83207534951437]]]},"properties":{"cle":"vivier:30189:467","id_pk":"30189:467","source":"vivier","id_source":"30189:467","insee":"30189","commune":"Nîmes","nom":null,"surf_m2":542.8,"nb_pl_est":24,"nb_places":null,"nb_pl_reel":null,"stat_auto":"public","statut":null,"proprio":"commune","proprio_nm":null,"part_pub":1.0,"acces_osm":null,"payant":null,"sud_canal":null,"avis_ia":"a_verifier","motif_ia":"Relecture 05/10 : surface stabilisee entre les batiments, quelques vehicules : a confirmer.","emprise":"tracee","note_emprise":"bande de stationnement","parcelles":["EZ497"],"a_verif":true,"motif_ver":"Relecture 05/10 : surface stabilisee entre les batiments, quelques vehicules : a confirmer."}},{"type":"Feature","geometry":{"type":"Polygon","coordinates":[[[4.378570935017979,43.85588696610722],[4.37857280192978,43.85588814638312],[4.378576597420899,43.85589079858194],[4.3785783327669305,43.8558921417709],[4.378622787220083,43.855930282294075],[4.378624302361343,43.855931723535946],[4.378625609693214,43.85593326765262],[4.378626695981616,43.855934899013036],[4.37862755023008,43.85593660110307],[4.378628163791059,43.855938356692484],[4.378628530453483,43.85594014800955],[4.3786286465056135,43.85594195692081],[4.378628510772642,43.855943765114745],[4.37862812462856,43.85594555428706],[4.378627491982268,43.85594730632603],[4.378626619238,43.85594900349584],[4.378625515230493,43.85595062861607],[4.378625484838664,43.85595066388598],[4.378641600000001,43.85595850000001],[4.378881099999999,43.8560429],[4.378985999999999,43.8559226],[4.378741738623524,43.85580630384512],[4.378740672568039,43.85580686652872],[4.378738558526045,43.855807766044165],[4.3787363323416075,43.85580851053877],[4.378734015657228,43.85580909277471],[4.378731630995237,43.85580950709165],[4.378729201538821,43.855809749461606],[4.378726750906663,43.85580981752836],[4.378724302923304,43.85580971063017],[4.378721881387536,43.85580942980629],[4.378719509841034,43.85580897778679],[4.378717211339482,43.85580835896617],[4.378715008228439,43.85580757936042],[4.378712921926094,43.85580664654876],[4.378665774172343,43.85578316607149],[4.378570605135803,43.8558867962782],[4.378570935017979,43.85588696610722]]]},"properties":{"cle":"vivier:30189:473","id_pk":"30189:473","source":"vivier","id_source":"30189:473","insee":"30189","commune":"Nîmes","nom":null,"surf_m2":505.7,"nb_pl_est":23,"nb_places":null,"nb_pl_reel":null,"stat_auto":"public","statut":null,"proprio":"commune","proprio_nm":null,"part_pub":1.0,"acces_osm":null,"payant":null,"sud_canal":null,"avis_ia":"a_verifier","motif_ia":"Relecture 05/10 : aire compactee sous arbres, deux vehicules : usage a confirmer.","emprise":"estimee","note_emprise":null,"parcelles":["CI391"],"a_verif":true,"motif_ver":"Relecture 05/10 : aire compactee sous arbres, deux vehicules : usage a confirmer."}},{"type":"Feature","geometry":{"type":"Polygon","coordinates":[[[4.30335403650884,43.84566867390628],[4.303415557861367,43.84565697021069],[4.303458480430953,43.84564189293947],[4.303476286943965,43.845614292143864],[4.303485084600041,43.84558198439423],[4.303473166117475,43.84553789784032],[4.30344229845678,43.84549650018678],[4.303399290440683,43.84547793493444],[4.303349994360002,43.845471409934326],[4.303301429189798,43.84547199013541],[4.303207459862711,43.8454865942543],[4.30315748498103,43.845508264165396],[4.303153596557586,43.84553277285911],[4.303153149023797,43.84556580142152],[4.303153993819585,43.84560284547622],[4.303169084925041,43.84563104719767],[4.303196557044426,43.84565470922585],[4.303229061537656,43.8456681569286],[4.303281123557387,43.84567457995491],[4.30335403650884,43.84566867390628]]]},"properties":{"cle":"vivier:30189:478","id_pk":"30189:478","source":"vivier","id_source":"30189:478","insee":"30189","commune":"Nîmes","nom":null,"surf_m2":499.7,"nb_pl_est":23,"nb_places":null,"nb_pl_reel":null,"stat_auto":"public","statut":null,"proprio":"commune","proprio_nm":null,"part_pub":1.0,"acces_osm":null,"payant":null,"sud_canal":null,"avis_ia":"a_verifier","motif_ia":"Relecture 05/10 : cour de residence avec vehicules ranges : usage prive a confirmer.","emprise":"estimee","note_emprise":null,"parcelles":["BZ1281"],"a_verif":true,"motif_ver":"Relecture 05/10 : cour de residence avec vehicules ranges : usage prive a confirmer."}},{"type":"Feature","geometry":{"type":"Polygon","coordinates":[[[4.334326386451721,43.828633112613964],[4.334380030632019,43.82899108354187],[4.334581196308136,43.829223279752576],[4.334701895713807,43.82918458044684],[4.334728717803954,43.82907815722674],[4.334487318992615,43.829029782973045],[4.334406852722168,43.82899108354187],[4.3343666195869455,43.828633112613964],[4.334326386451721,43.828633112613964]]]},"properties":{"cle":"vivier:30189:487","id_pk":"30189:487","source":"vivier","id_source":"30189:487","insee":"30189","commune":"Nîmes","nom":null,"surf_m2":429.7,"nb_pl_est":20,"nb_places":null,"nb_pl_reel":null,"stat_auto":"public","statut":null,"proprio":"commune","proprio_nm":null,"part_pub":1.0,"acces_osm":null,"payant":null,"sud_canal":null,"avis_ia":"candidat","motif_ia":"Relecture 05/10 : bande de stationnement le long du batiment, vehicules ranges.","emprise":"tracee","note_emprise":"bande de stationnement","parcelles":["EB573"],"a_verif":false,"motif_ver":null}},{"type":"Feature","geometry":{"type":"Polygon","coordinates":[[[4.376750886440276,43.836792381500025],[4.376911818981171,43.836869770220275],[4.377059340476989,43.836666624615575],[4.376978874206542,43.83662793013624],[4.376884996891022,43.83660858288721],[4.376858174800873,43.83663760375844],[4.376804530620575,43.83664727737905],[4.376750886440276,43.836792381500025]]]},"properties":{"cle":"vivier:30189:531","id_pk":"30189:531","source":"vivier","id_source":"30189:531","insee":"30189","commune":"Nîmes","nom":null,"surf_m2":421.5,"nb_pl_est":20,"nb_places":null,"nb_pl_reel":null,"stat_auto":"public","statut":null,"proprio":"commune","proprio_nm":null,"part_pub":1.0,"acces_osm":null,"payant":null,"sud_canal":null,"avis_ia":"a_verifier","motif_ia":"Relecture 05/10 : parcelle nue enclavee, un vehicule : usage a confirmer.","emprise":"tracee","note_emprise":"emprise nue compactee","parcelles":["HC715"],"a_verif":true,"motif_ver":"Relecture 05/10 : parcelle nue enclavee, un vehicule : usage a confirmer."}},{"type":"Feature","geometry":{"type":"Polygon","coordinates":[[[4.376163482666015,43.82740825530671],[4.376230537891388,43.82748565619648],[4.376458525657655,43.82734052944585],[4.376284182071687,43.827205077493545],[4.3761903047561646,43.8272824786468],[4.376163482666015,43.82740825530671]]]},"properties":{"cle":"vivier:30189:488","id_pk":"30189:488","source":"vivier","id_source":"30189:488","insee":"30189","commune":"Nîmes","nom":null,"surf_m2":397.3,"nb_pl_est":19,"nb_places":null,"nb_pl_reel":null,"stat_auto":"public","statut":null,"proprio":"commune","proprio_nm":null,"part_pub":1.0,"acces_osm":null,"payant":null,"sud_canal":null,"avis_ia":"candidat","motif_ia":"Relecture 05/10 : parking occupe entre les immeubles, vehicules ranges.","emprise":"tracee","note_emprise":"cour de stationnement","parcelles":["HI452"],"a_verif":false,"motif_ver":null}},{"type":"Feature","geometry":{"type":"Polygon","coordinates":[[[4.355857804115447,43.81378721454559],[4.355827498526011,43.81376601045451],[4.3557866150688245,43.813752211423385],[4.355591806419682,43.81372280840719],[4.355588504111763,43.813722170932216],[4.355585318478955,43.813721274659656],[4.355582288070642,43.81372013043536],[4.355523269966203,43.813694763504124],[4.355520394588637,43.81369336502583],[4.355517752060791,43.813691743464425],[4.355319902498341,43.81355590900709],[4.355312994859431,43.81355390325382],[4.355266,43.81371310000002],[4.355762099999999,43.81378990000001],[4.3558010000000005,43.8138065],[4.355824400000001,43.81383439999999],[4.355826008075313,43.81385318002688],[4.355833384700178,43.8138427346841],[4.355843237959762,43.81383161809563],[4.355854544541645,43.813821252120704],[4.355867196169618,43.81381173602717],[4.355869490801844,43.813810317942554],[4.355857804115447,43.81378721454559]]]},"properties":{"cle":"vivier:30189:509","id_pk":"30189:509","source":"vivier","id_source":"30189:509","insee":"30189","commune":"Nîmes","nom":null,"surf_m2":388.2,"nb_pl_est":18,"nb_places":null,"nb_pl_reel":null,"stat_auto":"public","statut":null,"proprio":"commune","proprio_nm":null,"part_pub":1.0,"acces_osm":null,"payant":null,"sud_canal":null,"avis_ia":"a_verifier","motif_ia":"Relecture 05/10 : bande de cour d'activite avec vehicules ranges : usage a confirmer.","emprise":"estimee","note_emprise":null,"parcelles":["ER923"],"a_verif":true,"motif_ver":"Relecture 05/10 : bande de cour d'activite avec vehicules ranges : usage a confirmer."}},{"type":"Feature","geometry":{"type":"Polygon","coordinates":[[[4.378285109996796,43.8567592119416],[4.378446042537689,43.85677855265601],[4.3785130977630615,43.85661415638365],[4.378499686717988,43.85656580445258],[4.378285109996796,43.85657547484192],[4.378285109996796,43.8567592119416]]]},"properties":{"cle":"vivier:30189:502","id_pk":"30189:502","source":"vivier","id_source":"30189:502","insee":"30189","commune":"Nîmes","nom":null,"surf_m2":358.1,"nb_pl_est":17,"nb_places":null,"nb_pl_reel":null,"stat_auto":"public","statut":null,"proprio":"commune","proprio_nm":null,"part_pub":1.0,"acces_osm":null,"payant":null,"sud_canal":null,"avis_ia":"candidat","motif_ia":"Relecture 05/10 : petit parking occupe en bord de route, vehicules ranges.","emprise":"tracee","note_emprise":"bande nue de stationnement","parcelles":["CI387"],"a_verif":false,"motif_ver":null}},{"type":"Feature","geometry":{"type":"Polygon","coordinates":[[[4.332223534584046,43.83486923956517],[4.332330822944641,43.83501434800981],[4.332438111305237,43.83502402189356],[4.332464933395385,43.83494663077956],[4.332397878170013,43.83480152217027],[4.33223694562912,43.834811196088516],[4.332223534584046,43.83486923956517]]]},"properties":{"cle":"vivier:30189:538","id_pk":"30189:538","source":"vivier","id_source":"30189:538","insee":"30189","commune":"Nîmes","nom":null,"surf_m2":332.2,"nb_pl_est":16,"nb_places":null,"nb_pl_reel":null,"stat_auto":"public","statut":null,"proprio":"commune","proprio_nm":null,"part_pub":1.0,"acces_osm":null,"payant":null,"sud_canal":null,"avis_ia":"candidat","motif_ia":"Relecture 05/10 : petit parking a places marquees, vehicules presents.","emprise":"tracee","note_emprise":"petit parking marque","parcelles":["EA54"],"a_verif":false,"motif_ver":null}},{"type":"Feature","geometry":{"type":"Polygon","coordinates":[[[4.333122074604034,43.82162418985544],[4.3333232402801505,43.82166289406278],[4.333376884460449,43.82162418985545],[4.333564639091493,43.82174030240223],[4.333578050136565,43.82169192220185],[4.3333500623703,43.82158548562299],[4.333148896694184,43.82155645743219],[4.333122074604034,43.82162418985544]]]},"properties":{"cle":"vivier:30189:524","id_pk":"30189:524","source":"vivier","id_source":"30189:524","insee":"30189","commune":"Nîmes","nom":null,"surf_m2":226.8,"nb_pl_est":11,"nb_places":null,"nb_pl_reel":null,"stat_auto":"public","statut":null,"proprio":"commune","proprio_nm":null,"part_pub":1.0,"acces_osm":null,"payant":null,"sud_canal":null,"avis_ia":"candidat","motif_ia":"Relecture 05/10 : bande de stationnement le long de l'immeuble, vehicules ranges.","emprise":"tracee","note_emprise":"bande de stationnement","parcelles":["EM101"],"a_verif":false,"motif_ver":null}},{"type":"Feature","geometry":{"type":"Polygon","coordinates":[[[4.417406672146171,43.91155527464046],[4.418063142802566,43.91154537163515],[4.418138363398612,43.91140177787298],[4.41803578985855,43.911292844442976],[4.417557113338263,43.911317602058226],[4.417392995674162,43.911367117257775],[4.417406672146171,43.91155527464046]]]},"properties":{"cle":"vivier:30206:008","id_pk":"30206:008","source":"vivier","id_source":"30206:008","insee":"30206","commune":"Poulx","nom":null,"surf_m2":1475.4,"nb_pl_est":48,"nb_places":null,"nb_pl_reel":null,"stat_auto":"public","statut":null,"proprio":"commune","proprio_nm":null,"part_pub":1.0,"acces_osm":null,"payant":null,"sud_canal":null,"avis_ia":"a_verifier","motif_ia":"Relecture 05/10 : dalle et batiment pres des courts de tennis, usage a confirmer.","emprise":"tracee","note_emprise":"esplanade nue, hors courts et hors dalle sportive","parcelles":["AL94"],"a_verif":true,"motif_ver":"Relecture 05/10 : dalle et batiment pres des courts de tennis, usage a confirmer."}},{"type":"Feature","geometry":{"type":"Polygon","coordinates":[[[4.423051178455354,43.90931183953742],[4.423244297504425,43.909369810501076],[4.4235339760780334,43.90948188753732],[4.423576891422272,43.90940459305213],[4.423753917217255,43.90936594577193],[4.423743188381195,43.90930411007135],[4.423421323299409,43.90922681535533],[4.423271119594575,43.909257733253796],[4.423061907291413,43.90926159798997],[4.423051178455354,43.90931183953742]]]},"properties":{"cle":"vivier:30206:026","id_pk":"30206:026","source":"vivier","id_source":"30206:026","insee":"30206","commune":"Poulx","nom":null,"surf_m2":835.3,"nb_pl_est":34,"nb_places":null,"nb_pl_reel":null,"stat_auto":"public","statut":null,"proprio":"commune","proprio_nm":null,"part_pub":1.0,"acces_osm":null,"payant":null,"sud_canal":null,"avis_ia":"a_verifier","motif_ia":"Relecture 05/10 : aire compactee avec remise et un vehicule : usage prive a confirmer.","emprise":"tracee","note_emprise":"cour technique","parcelles":["AK195"],"a_verif":true,"motif_ver":"Relecture 05/10 : aire compactee avec remise et un vehicule : usage prive a confirmer."}},{"type":"Feature","geometry":{"type":"Polygon","coordinates":[[[4.414771188749,43.90077521024614],[4.415162152145058,43.90080182435204],[4.415226546116172,43.90066875370354],[4.415171351283789,43.900575604072635],[4.414840182289481,43.90059556472009],[4.414748190902174,43.90067540724303],[4.414771188749,43.90077521024614]]]},"properties":{"cle":"vivier:30206:006","id_pk":"30206:006","source":"vivier","id_source":"30206:006","insee":"30206","commune":"Poulx","nom":null,"surf_m2":764.1,"nb_pl_est":32,"nb_places":null,"nb_pl_reel":null,"stat_auto":"public","statut":null,"proprio":"commune","proprio_nm":null,"part_pub":1.0,"acces_osm":null,"payant":null,"sud_canal":null,"avis_ia":"a_verifier","motif_ia":"Relecture 05/10 : clairiere compactee ouverte sur la route, un vehicule : usage a confirmer.","emprise":"tracee","note_emprise":"aire nue en lisiere","parcelles":["BA22"],"a_verif":true,"motif_ver":"Relecture 05/10 : clairiere compactee ouverte sur la route, un vehicule : usage a confirmer."}},{"type":"Feature","geometry":{"type":"Polygon","coordinates":[[[4.411026835441589,43.91134272196948],[4.411254823207855,43.91138909716244],[4.4115230441093445,43.91135818037115],[4.4117000699043265,43.91134658657026],[4.411705434322355,43.911319534359464],[4.411254823207855,43.91126542990091],[4.411067068576813,43.91123451304538],[4.411026835441589,43.91134272196948]]]},"properties":{"cle":"vivier:30206:036","id_pk":"30206:036","source":"vivier","id_source":"30206:036","insee":"30206","commune":"Poulx","nom":null,"surf_m2":513.0,"nb_pl_est":23,"nb_places":null,"nb_pl_reel":null,"stat_auto":"public","statut":null,"proprio":"commune","proprio_nm":null,"part_pub":1.0,"acces_osm":null,"payant":null,"sud_canal":null,"avis_ia":"a_verifier","motif_ia":"Relecture 05/10 : bande compactee au carrefour, un vehicule : usage a confirmer.","emprise":"tracee","note_emprise":"delaisse nu entre deux routes","parcelles":["AS201"],"a_verif":true,"motif_ver":"Relecture 05/10 : bande compactee au carrefour, un vehicule : usage a confirmer."}},{"type":"Feature","geometry":{"type":"Polygon","coordinates":[[[4.487622678279877,43.83171546220087],[4.4881001114845285,43.83171933196847],[4.488105475902557,43.831463926768556],[4.488089382648468,43.83128591643742],[4.487633407115935,43.83129365602808],[4.487622678279877,43.83171546220087]]]},"properties":{"cle":"vivier:30155-30211:001","id_pk":"30155-30211:001","source":"vivier","id_source":"30155-30211:001","insee":"30211","commune":"Redessan","nom":null,"surf_m2":1806.6,"nb_pl_est":53,"nb_places":null,"nb_pl_reel":null,"stat_auto":"public","statut":null,"proprio":"commune","proprio_nm":null,"part_pub":1.0,"acces_osm":null,"payant":null,"sud_canal":null,"avis_ia":"candidat","motif_ia":"Relecture 05/10 : parking a places marquees plante d'arbres en rangees, vide a la prise de vue mais amenage.","emprise":"tracee","note_emprise":"Aire plane en enrobé clair, plantée d'arbres en quinconce, au nord du parking matérialisé du stade","parcelles":["AX463"],"a_verif":false,"motif_ver":null}},{"type":"Feature","geometry":{"type":"Polygon","coordinates":[[[4.491101210005581,43.83611931708796],[4.49151663808152,43.83612393728978],[4.491523029282689,43.83599457150317],[4.491094818804414,43.83599457150317],[4.491101210005581,43.83611931708796]]]},"properties":{"cle":"vivier:30155-30211:014","id_pk":"30155-30211:014","source":"vivier","id_source":"30155-30211:014","insee":"30211","commune":"Redessan","nom":null,"surf_m2":479.0,"nb_pl_est":22,"nb_places":null,"nb_pl_reel":null,"stat_auto":"public","statut":null,"proprio":"commune","proprio_nm":null,"part_pub":1.0,"acces_osm":null,"payant":null,"sud_canal":null,"avis_ia":"candidat","motif_ia":"Relecture 05/10 : petit parking goudronne, vehicules presents.","emprise":"tracee","note_emprise":"Partie nue effectivement occupée par des véhicules ; le reste de la parcelle est enherbé","parcelles":["AD118"],"a_verif":false,"motif_ver":null}},{"type":"Feature","geometry":{"type":"Polygon","coordinates":[[[4.488143026828766,43.830842823198864],[4.488459527492523,43.830842823198864],[4.488459527492522,43.83078864563397],[4.488143026828766,43.830788645633966],[4.488143026828766,43.830842823198864]]]},"properties":{"cle":"vivier:30155-30211:036","id_pk":"30155-30211:036","source":"vivier","id_source":"30155-30211:036","insee":"30211","commune":"Redessan","nom":null,"surf_m2":153.3,"nb_pl_est":8,"nb_places":null,"nb_pl_reel":null,"stat_auto":"public","statut":null,"proprio":"commune","proprio_nm":null,"part_pub":1.0,"acces_osm":null,"payant":null,"sud_canal":null,"avis_ia":"candidat","motif_ia":"Relecture 05/10 : bande de stationnement a places marquees le long de la voie.","emprise":"tracee","note_emprise":"Rang de stationnement matérialisé ; le reste du triangle est en friche","parcelles":["AX76"],"a_verif":false,"motif_ver":null}},{"type":"Feature","geometry":{"type":"Polygon","coordinates":[[[4.434856399999999,43.83219830000001],[4.4361022,43.83207179999999],[4.436813500000001,43.83199900000001],[4.436761499999999,43.831722299999996],[4.4364596,43.83152390000001],[4.436378239380119,43.83157252778911],[4.4363775419993035,43.831573585574425],[4.436376280329128,43.83157509733733],[4.4363748200416655,43.8315765122983],[4.43637317520028,43.831577816830446],[4.436371361645685,43.83157899837042],[4.436369396843411,43.83158004553934],[4.436367299715582,43.83158094825239],[4.436365090458695,43.83158169781591],[4.436362790349117,43.83158228701123],[4.436361536003425,43.83158251108143],[4.4362871,43.831627],[4.435988199999999,43.8316729],[4.435810004431133,43.83170078022935],[4.4358092818324,43.83170127880036],[4.435807370939548,43.831702360802424],[4.4358053234706905,43.831703302833546],[4.435803158920737,43.8317040959242],[4.4358008978993935,43.83170473252304],[4.435798561934908,43.831705206568664],[4.435745320203332,43.83171400789772],[4.435742846218403,43.83171432264624],[4.435740340988183,43.831714455076806],[4.435737830084956,43.83171440383763],[4.435735339138922,43.83171416945175],[4.435732893576558,43.83171375431167],[4.435730650899034,43.83171319566966],[4.435618685714864,43.83173071333418],[4.435618831390881,43.831732034642606],[4.4356187855991,43.83173380415562],[4.435618499951419,43.8317355618576],[4.435617977209927,43.83173729075215],[4.435617222429339,43.83173897412149],[4.435616242908102,43.83174059568801],[4.435615048117835,43.83174213977169],[4.435613649611738,43.83174359144179],[4.43561206091287,43.83174493666115],[4.435610297383405,43.831746162421915],[4.43560837607606,43.831747256871466],[4.435606315569226,43.83174820942678],[4.4356041357872975,43.83174901087699],[4.435601857808032,43.83174965347234],[4.435599503658717,43.831750130999154],[4.435374152413419,43.83178729885066],[4.435371754686775,43.831787605786076],[4.435369326983964,43.831787741462556],[4.435366892590363,43.83178770457871],[4.4353644748555165,43.831787495488335],[4.435362096969194,43.83178711619692],[4.435359781738954,43.83178657034247],[4.435357551371382,43.831785863160526],[4.435355427259101,43.83178500143407],[4.435353429775583,43.83178399342838],[4.435351578079733,43.83178284881174],[4.435349889932125,43.83178157856279],[4.435348381524655,43.83178019486512],[4.4353470673252335,43.83177871099052],[4.43534595993902,43.831777141171635],[4.435345069987512,43.831775500465355],[4.435344406006681,43.8317738046086],[4.435344351559902,43.83177363412559],[4.4347904,43.831860299999995],[4.434856399999999,43.83219830000001]],[[4.436583909185435,43.831662362079605],[4.436586008904478,43.8316632575855],[4.436587977425846,43.83166429760237],[4.4365897958357765,43.83166547213764],[4.436591446662788,43.83166676990623],[4.436592914045551,43.83166817843906],[4.436594183885285,43.831669684202794],[4.436595243981222,43.831671272729906],[4.436596084147825,43.83167292875765],[4.43659669631267,43.83167463637473],[4.436619861180624,43.83175533569294],[4.4366198744286525,43.83175539673214],[4.436619895189359,43.83175545623568],[4.436625364380791,43.83177518528226],[4.436625727562835,43.831776939790856],[4.436625850365279,43.8317787116597],[4.4366257315949005,43.83178048367259],[4.436625372405698,43.831782238611886],[4.436624776287683,43.83178395942589],[4.436623949032965,43.83178562939445],[4.436622898679477,43.83178723229145],[4.436621635432874,43.83178875254248],[4.436620171567374,43.83179017537613],[4.436618521306494,43.83179148696756],[4.436616700684853,43.83179267457279],[4.4366147273923655,43.83179372665255],[4.436612620602368,43.8317946329844],[4.436610400785317,43.83179538476201],[4.436608089509886,43.831795974680816],[4.436605709233407,43.831796397008915],[4.436527654522054,43.831807325649784],[4.4365252629564385,43.83180757394326],[4.436522849391584,43.831807653024555],[4.436520436619432,43.831807562146885],[4.43651804742444,43.83180730216844],[4.436515704368417,43.83180687554427],[4.436513429577469,43.83180628630307],[4.436511244533057,43.831805540009206],[4.436509169869136,43.83180464371016],[4.436507225177306,43.83180360586992],[4.436505428821806,43.83180243628906],[4.436503797766089,43.83180114601229],[4.436502347412637,43.831799747224004],[4.436501091457507,43.83179825313333],[4.436500041761004,43.83179667784936],[4.436499208235668,43.83179503624795],[4.436498598752681,43.831793343831144],[4.436498212733331,43.83179200931818],[4.436448088312511,43.831799346279],[4.436445684288963,43.83179961035098],[4.436443256128878,43.83179970316332],[4.436440827057311,43.83179962382819],[4.436438420308038,43.831799373104516],[4.436436058901326,43.8317989533904],[4.436433765423741,43.831798368700355],[4.4364315618121175,43.831797624626894],[4.436429469143727,43.83179672828695],[4.436427507434681,43.83179568825393],[4.436425695448481,43.83179451447563],[4.436424050516539,43.83179321817907],[4.436422588372416,43.83179181176319],[4.436421323001324,43.83179030868017],[4.436420266506363,43.8317887233068],[4.436419428992757,43.83178707080701],[4.4364188184711955,43.831785366986736],[4.436395653874897,43.83170466762434],[4.436395274993066,43.83170292072536],[4.436395134745347,43.831701155342884],[4.4363952344855315,43.83169938851815],[4.436395573250806,43.831697637306334],[4.436396147771044,43.8316959186119],[4.436396952500373,43.83169424902538],[4.436397979670722,43.83169264466336],[4.436399219366789,43.831691121012724],[4.436400659621767,43.831689692781275],[4.436402286532852,43.831688373755746],[4.436404084395453,43.83168717666871],[4.436406035854791,43.831686113075605],[4.4364081220734155,43.83168519324335],[4.436410322913049,43.831684426051055],[4.436412617128979,43.83168381890444],[4.436414982575135,43.83168337766428],[4.43656734033005,43.83166066985137],[4.4365697485079885,43.83166039920512],[4.436572181719805,43.83166030053346],[4.436574616586958,43.83166037478445],[4.436577029714994,43.83166062124464],[4.436579397918334,43.83166103754604],[4.43658169844304,43.8316616196888],[4.436583909185435,43.831662362079605]],[[4.43605134295917,43.831743746041134],[4.436052380642274,43.83174214022265],[4.436053631528857,43.8317406160976],[4.436055083482114,43.83173918845387],[4.436056722414376,43.831737871143226],[4.436058532423807,43.83173667694699],[4.436060495948692,43.83173561745189],[4.436062593937823,43.83173470293774],[4.436064806035353,43.83173394227764],[4.436067110778293,43.83173334285195],[4.436069485804759,43.831732910476596],[4.436302384286425,43.83169924198822],[4.436304799883751,43.83169898133107],[4.436307239154127,43.83169889350012],[4.436309678559561,43.831698979342875],[4.436312094560762,43.83169923803102],[4.436314463844271,43.83169966706828],[4.436316763547443,43.83170026231465],[4.436318971479047,43.83170101802623],[4.436321066333418,43.83170192691071],[4.436323027896029,43.83170298019768],[4.436324837238568,43.83170416772336],[4.436326476901583,43.8317054780286],[4.436327931062959,43.83170689846947],[4.436329185690597,43.83170841533926],[4.436330228677813,43.83171001400079],[4.436331049960173,43.83171167902758],[4.436331641612601,43.831713394352796],[4.436357653731151,43.83180845701736],[4.436358008650377,43.83181019576831],[4.436358127594498,43.83181195128903],[4.436358009429141,43.8318137068373],[4.436357655281213,43.83181544567068],[4.43635706852816,43.83181715120611],[4.436356254765758,43.83181880717808],[4.436355221754748,43.831820397793784],[4.436353979346822,43.83182190788371],[4.43635253939067,43.83182332304628],[4.436350915618979,43.83182462978526],[4.436349123517469,43.8318258156384],[4.436347180177206,43.83182686929638],[4.436345104131607,43.83182778071053],[4.4363429151796865,43.831828541188855],[4.436340634197238,43.83182914347873],[4.436338282937746,43.831829581836175],[4.436106649467549,43.83186413378983],[4.436104238137077,43.83186440496349],[4.436101801698697,43.83186450370846],[4.436099363623865,43.83186442907353],[4.436096947399814,43.83186418177764],[4.43609457630327,43.83186376420317],[4.436092273176223,43.831863180372814],[4.436090060205876,43.83186243591089],[4.436087958710907,43.83186153798919],[4.436085988936085,43.83186049525788],[4.4360841698572555,43.831859317762095],[4.436082518998523,43.83185801684526],[4.436081052263445,43.83185660503978],[4.436079783781815,43.83185509594629],[4.436078725773544,43.83185350410267],[4.4360778884309475,43.83185184484395],[4.4360772798205526,43.83185013415461],[4.4360500026312035,43.831754188034246],[4.436049627704858,43.8317524361014],[4.436049492692643,43.83175066596565],[4.4360495989045,43.83174889480185],[4.436049945309879,43.83174713979478],[4.436050528547742,43.83174541797252],[4.43605134295917,43.831743746041134]]]},"properties":{"cle":"vivier:30356:004","id_pk":"30356:004","source":"vivier","id_source":"30356:004","insee":"30356","commune":"Rodilhan","nom":null,"surf_m2":6299.9,"nb_pl_est":169,"nb_places":null,"nb_pl_reel":null,"stat_auto":"public","statut":null,"proprio":"commune","proprio_nm":null,"part_pub":1.0,"acces_osm":null,"payant":null,"sud_canal":null,"avis_ia":"a_verifier","motif_ia":"Relecture 05/10 : parcelle nue et abords d'un batiment, quelques vehicules : emprise a resserrer.","emprise":"estimee","note_emprise":null,"parcelles":["AC52","AC53"],"a_verif":true,"motif_ver":"Relecture 05/10 : parcelle nue et abords d'un batiment, quelques vehicules : emprise a resserrer."}},{"type":"Feature","geometry":{"type":"Polygon","coordinates":[[[4.431774392724038,43.823571947948594],[4.432142651639878,43.82381120028099],[4.432218843139707,43.82376058929064],[4.432123603764921,43.823484528587976],[4.431837885640562,43.823507533695256],[4.431774392724038,43.823571947948594]]]},"properties":{"cle":"vivier:30356:009","id_pk":"30356:009","source":"vivier","id_source":"30356:009","insee":"30356","commune":"Rodilhan","nom":null,"surf_m2":708.7,"nb_pl_est":30,"nb_places":null,"nb_pl_reel":null,"stat_auto":"public","statut":null,"proprio":"commune","proprio_nm":null,"part_pub":1.0,"acces_osm":null,"payant":null,"sud_canal":null,"avis_ia":"candidat","motif_ia":"Relecture 05/10 : aire de stationnement occupee, vehicules ranges en rangees.","emprise":"tracee","note_emprise":"Aire nue à l'ouest du cimetière ; les sépultures sont exclues","parcelles":["ZD139"],"a_verif":false,"motif_ver":null}},{"type":"Feature","geometry":{"type":"Polygon","coordinates":[[[4.428088700000001,43.82747930000001],[4.4280016,43.82745439999999],[4.4280149,43.82778570000001],[4.428225340597752,43.82776957430782],[4.4282252216681,43.827768315498076],[4.428223962679877,43.82771792944246],[4.428224044963993,43.82771610514394],[4.428224382053193,43.82771429626051],[4.428224970480465,43.82771252139669],[4.428225804193761,43.827710798807075],[4.428226874618249,43.82770914620867],[4.428228170744506,43.82770758059858],[4.4282296792417535,43.8277061180792],[4.42823138459496,43.827704773692716],[4.428233269264421,43.82770356126619],[4.428235313866151,43.82770249326956],[4.428237497371256,43.827701580687226],[4.428239797322214,43.827700832905194],[4.428242190063846,43.82770025761445],[4.428244650986618,43.82769986073189],[4.42824819842703,43.82769942395732],[4.428243299999999,43.827490600000004],[4.428088700000001,43.82747930000001]]]},"properties":{"cle":"vivier:30356:011","id_pk":"30356:011","source":"vivier","id_source":"30356:011","insee":"30356","commune":"Rodilhan","nom":null,"surf_m2":620.1,"nb_pl_est":27,"nb_places":null,"nb_pl_reel":null,"stat_auto":"public","statut":null,"proprio":"commune","proprio_nm":null,"part_pub":1.0,"acces_osm":null,"payant":null,"sud_canal":null,"avis_ia":"candidat","motif_ia":"Relecture 05/10 : aire compactee en bordure de rue, vehicules ranges.","emprise":"estimee","note_emprise":null,"parcelles":["AH3"],"a_verif":false,"motif_ver":null}},{"type":"Feature","geometry":{"type":"Polygon","coordinates":[[[4.431979999999999,43.826374],[4.432000000000001,43.82634579999999],[4.431874602413515,43.82608102110554],[4.431838537751387,43.82614076218732],[4.431837460030484,43.82614233384593],[4.431836176037576,43.826143822057375],[4.4318346979769,43.82614521267629],[4.431833039897294,43.82614649248499],[4.4318312175586625,43.82614764931895],[4.431829248282186,43.82614867218257],[4.431827150785678,43.826149551353616],[4.431824945005679,43.82615027847565],[4.431822651907956,43.82615084663739],[4.431820293288227,43.82615125043855],[4.431817891564993,43.82615148604098],[4.431815469566455,43.82615155120533],[4.431813050313527,43.82615144531222],[4.431810656801025,43.82615116936813],[4.431808311779107,43.82615072599592],[4.431806037537025,43.82615011940978],[4.431759055652146,43.8261356685272],[4.431738840211915,43.82617139110028],[4.431737769943221,43.82617303930195],[4.431736475074951,43.82617460075686],[4.431734968866362,43.826176059475905],[4.43173326674081,43.82617740052201],[4.4317313861278205,43.82617861016305],[4.431729346284607,43.826179676012444],[4.431727168098885,43.82618058715606],[4.4317248738749795,43.82618133426389],[4.4317224871054375,43.826181909685644],[4.431720032230461,43.826182307529095],[4.431717534387646,43.82618252372039],[4.4317150191545736,43.82618255604571],[4.431712512286901,43.826182404174084],[4.431710039454623,43.82618206966066],[4.4317098011366856,43.82618201893258],[4.431709993496398,43.82618294240897],[4.431710121600943,43.826184665075004],[4.431710021300524,43.82618638870693],[4.431709693516663,43.826188097468226],[4.431709141260967,43.8261897756591],[4.431708369607453,43.82619140786062],[4.4316286948373795,43.826336787593256],[4.431700359025446,43.82630816274012],[4.431702572799275,43.82630737945793],[4.431735880340141,43.82629704168929],[4.431738165444337,43.826296426614626],[4.4317405227758,43.82629597653893],[4.431742929664045,43.82629569579058],[4.431745362961997,43.826295587069524],[4.431747799268603,43.826295651421354],[4.431750215153875,43.82629588822716],[4.4317525873842145,43.82629629520962],[4.431754893145852,43.82629686845474],[4.4317571102642495,43.82629760244967],[4.431759217417349,43.82629849013551],[4.431761194340624,43.82629952297541],[4.431763022021971,43.82630069103653],[4.431764682884545,43.826301983085614],[4.431766160955791,43.82630338669699],[4.431767442021065,43.826304888372114],[4.431768513760326,43.82630647366936],[4.4318295169684285,43.82640917797771],[4.431830365309127,43.826410823081446],[4.431830988170716,43.826412520207015],[4.431831379623917,43.82641425319886],[4.431831535942317,43.82641600555994],[4.431831480272625,43.82641722221734],[4.4319621,43.8263819],[4.431979999999999,43.826374]]]},"properties":{"cle":"vivier:30356:014","id_pk":"30356:014","source":"vivier","id_source":"30356:014","insee":"30356","commune":"Rodilhan","nom":null,"surf_m2":539.9,"nb_pl_est":24,"nb_places":null,"nb_pl_reel":null,"stat_auto":"public","statut":null,"proprio":"commune","proprio_nm":null,"part_pub":1.0,"acces_osm":null,"payant":null,"sud_canal":null,"avis_ia":"candidat","motif_ia":"Relecture 05/10 : parking occupe pres de l'equipement, vehicules ranges.","emprise":"estimee","note_emprise":null,"parcelles":["AE15"],"a_verif":false,"motif_ver":null}},{"type":"Feature","geometry":{"type":"Polygon","coordinates":[[[4.2011938,43.82713900000001],[4.2013781,43.82720900000001],[4.201511100000001,43.82709479999999],[4.201726037733953,43.82687729448461],[4.201724744838896,43.82687507186491],[4.201719241819091,43.826862102412],[4.201715564939314,43.82684879853837],[4.201713751344568,43.826835294648625],[4.201713819355654,43.82682172716794],[4.201715768284149,43.82680823316383],[4.201719578439401,43.82679494896144],[4.201725211327515,43.82678200876622],[4.201732610040293,43.826769543308146],[4.201741699830201,43.826757678521055],[4.201752388865556,43.82674653427032],[4.201764569158295,43.82673622314194],[4.201812985472147,43.82669918003393],[4.201796036849496,43.82668681403124],[4.201794368942325,43.82668546814255],[4.201792895986879,43.82668400788577],[4.201791632850206,43.826682447999744],[4.201790592281575,43.82668080422899],[4.201789784783797,43.82667909316467],[4.201789218507212,43.826677332077175],[4.201788899167426,43.826675538741746],[4.201788829987628,43.82667373125916],[4.201789011666046,43.826671927873],[4.201789442368915,43.82667014678547],[4.201790117748978,43.82666840597368],[4.201791030989363,43.826666723008266],[4.2017912685207035,43.826666388489066],[4.201722099999999,43.826621],[4.2011938,43.82713900000001]]]},"properties":{"cle":"vivier:30245:004","id_pk":"30245:004","source":"vivier","id_source":"30245:004","insee":"30245","commune":"Saint-Côme-et-Maruéjols","nom":null,"surf_m2":1073.7,"nb_pl_est":40,"nb_places":null,"nb_pl_reel":null,"stat_auto":"public","statut":null,"proprio":"commune","proprio_nm":null,"part_pub":1.0,"acces_osm":null,"payant":null,"sud_canal":null,"avis_ia":"a_verifier","motif_ia":"Relecture 05/10 : bande compactee en fond de parcelles, un ou deux vehicules : desserte privee probable.","emprise":"estimee","note_emprise":null,"parcelles":["B331"],"a_verif":true,"motif_ver":"Relecture 05/10 : bande compactee en fond de parcelles, un ou deux vehicules : desserte privee probable."}},{"type":"Feature","geometry":{"type":"Polygon","coordinates":[[[4.420298980548979,43.675802482899726],[4.421071959659456,43.67567181018858],[4.421145259402692,43.67552177820642],[4.421171913854777,43.675178155156395],[4.420765433460475,43.67497004446518],[4.4201323902234435,43.67501360257655],[4.420145717449485,43.67543950244401],[4.420232344418765,43.67568632939276],[4.420298980548979,43.675802482899726]]]},"properties":{"cle":"vivier:30258:012","id_pk":"30258:012","source":"vivier","id_source":"30258:012","insee":"30258","commune":"Saint-Gilles","nom":null,"surf_m2":6269.0,"nb_pl_est":169,"nb_places":null,"nb_pl_reel":null,"stat_auto":"public","statut":null,"proprio":"commune","proprio_nm":null,"part_pub":1.0,"acces_osm":null,"payant":null,"sud_canal":null,"avis_ia":"a_verifier","motif_ia":"Relecture 05/10 : tres grande esplanade compactee ouverte sur le giratoire : usage a confirmer.","emprise":"tracee","note_emprise":"plateforme en grave","parcelles":["M3145"],"a_verif":true,"motif_ver":"Relecture 05/10 : tres grande esplanade compactee ouverte sur le giratoire : usage a confirmer."}},{"type":"Feature","geometry":{"type":"Polygon","coordinates":[[[4.436679943464696,43.67686322196925],[4.4379304186441,43.67686322196926],[4.4378900807350865,43.6768046208812],[4.437567377462983,43.67660537675371],[4.437349552754313,43.67640613196463],[4.43715593079105,43.67602522096774],[4.436679943464696,43.67625376785602],[4.436647673137486,43.67642371241383],[4.436679943464696,43.67686322196925]]]},"properties":{"cle":"vivier:30258:010","id_pk":"30258:010","source":"vivier","id_source":"30258:010","insee":"30258","commune":"Saint-Gilles","nom":null,"surf_m2":5466.5,"nb_pl_est":146,"nb_places":null,"nb_pl_reel":null,"stat_auto":"public","statut":null,"proprio":"commune","proprio_nm":null,"part_pub":1.0,"acces_osm":null,"payant":null,"sud_canal":null,"avis_ia":"a_verifier","motif_ia":"Relecture 05/10 : esplanade et plateformes pres des arenes, stationnement d'evenement probable.","emprise":"tracee","note_emprise":"esplanade des arenes","parcelles":["N1515"],"a_verif":true,"motif_ver":"Relecture 05/10 : esplanade et plateformes pres des arenes, stationnement d'evenement probable."}},{"type":"Feature","geometry":{"type":"MultiPolygon","coordinates":[[[[4.436420855295961,43.6833045020071],[4.436420855295941,43.6833045020071],[4.436429979623398,43.68331063806751],[4.436442127946161,43.68332059136042],[4.436452867860196,43.68333136380884],[4.436462095138079,43.68334285087043],[4.436469720231758,43.68335494106781],[4.436475669141597,43.68336751707022],[4.436479884134568,43.68338045683241],[4.436482324304543,43.68339363477874],[4.436482965969342,43.68340692302214],[4.436481935754911,43.68341867685525],[4.436899489586189,43.68345047088451],[4.436900256329382,43.6834455013497],[4.436905434104469,43.6834060474507],[4.436910613729004,43.683365508560826],[4.436910694444627,43.68336495217945],[4.4369144416109165,43.68334188148985],[4.436914441689181,43.68334188100799],[4.436914442145407,43.68334187819908],[4.436914442145406,43.68334187819908],[4.436920307609672,43.683305765458655],[4.436953100531826,43.68303298248549],[4.436953134740758,43.68303271621209],[4.436955211833244,43.68301752606158],[4.436957246109021,43.68300053673641],[4.43695727713896,43.68300029297481],[4.436962505383201,43.682961525495],[4.436962622327092,43.6829607850896],[4.43696582593536,43.68294309710714],[4.436967873097435,43.682928125796124],[4.436967882419072,43.68292805865019],[4.4369721354036,43.682897877371296],[4.436703082359908,43.68287555834771],[4.436702542392317,43.68287551006703],[4.43661236345134,43.68286686306465],[4.436547093325087,43.68286237177046],[4.436546294780355,43.68286230923608],[4.436492839084514,43.68285761387156],[4.436430957140398,43.68285215755431],[4.436360602232808,43.68284682805557],[4.43628130930146,43.68284159137295],[4.436281003884705,43.68284157009587],[4.436197992112634,43.68283548593535],[4.4361150032212775,43.682830298943685],[4.436031786727842,43.68282509766192],[4.436031738379596,43.68282509461231],[4.435949761582565,43.68281987690446],[4.435949243367724,43.68281984073568],[4.435868483721834,43.68281370693874],[4.435868425339879,43.68281370246396],[4.435788905392358,43.68280755224647],[4.435788845198338,43.68280754754778],[4.435710778830827,43.68280139776139],[4.435633975005128,43.682796129069665],[4.435633673711446,43.68279610732304],[4.435562854119074,43.682790742093886],[4.4355627185941495,43.68279073160796],[4.4354945919986974,43.682785350491656],[4.43545938267844,43.68278292734437],[4.435445176376833,43.6828961143247],[4.436320406366274,43.682961033212756],[4.436322767607454,43.68296129222776],[4.436325083568849,43.682961714872725],[4.436327332772328,43.68296229722805],[4.436329494358873,43.68296303389302],[4.436331548282013,43.68296391803581],[4.436333475493744,43.68296494145692],[4.4363352581211775,43.682966094665204],[4.436336879632288,43.682967366965826],[4.436338324989232,43.68296874655953],[4.436339580787816,43.68297022065205],[4.436340635381794,43.682971775572646],[4.436341478990886,43.682973396901104],[4.436342103791474,43.68297506960124],[4.436342503989158,43.68297677816052],[4.4363426758725,43.682978506733825],[4.43634261784744,43.682980239290416],[4.436338371350788,43.68302268977635],[4.436426898486558,43.68303077968302],[4.436429256112028,43.68303107962599],[4.436431562907598,43.68303154312915],[4.436433797381253,43.68303216587414],[4.436435938714785,43.683032942058965],[4.436437966957758,43.683033864452014],[4.436439863213373,43.68303492445955],[4.436441609814533,43.683036112205635],[4.436443190488447,43.683037416624266],[4.436444590508233,43.68303882556236],[4.436445796830132,43.68304032589313],[4.43644679821503,43.68304190363821],[4.4364475853331715,43.683043544098034],[4.436448150851097,43.683045231988714],[4.436448489499947,43.68304695158443],[4.4364485981245645,43.68304868686402],[4.436448475712896,43.683050421660155],[4.4364141256325444,43.68330027141396],[4.436416540787199,43.683301600522796],[4.436420855295961,43.6833045020071]]],[[[4.43651983908716,43.68366536566133],[4.436657172651192,43.68375793692177],[4.436741305290727,43.683814209472125],[4.436758984266036,43.68382242949947],[4.43678362974722,43.68382751924842],[4.436819181418173,43.68383367893297],[4.436840925062954,43.6838340629448],[4.436840262299563,43.68382855183015],[4.436840144920517,43.683826600203616],[4.436840261297687,43.6838246485455],[4.436842312048608,43.683807522148676],[4.43684249558948,43.68380634790969],[4.436853466069024,43.68374953219147],[4.43686989059815,43.68366294564874],[4.436869989611436,43.6836624625509],[4.436875405074406,43.68363787701422],[4.436884710040957,43.68356824817166],[4.436887800436729,43.683545122777],[4.436889731047867,43.68352471348772],[4.436889805670651,43.68352406292543],[4.436895002594237,43.68348552836718],[4.436896983464502,43.683466835997486],[4.43689708470545,43.68346605776468],[4.436899483455838,43.68345051061749],[4.436481932792654,43.68341871065195],[4.4364818029005875,43.68342019260492],[4.436450983606825,43.6836176328124],[4.43651983908716,43.68366536566133]]]]},"properties":{"cle":"vivier:30258:021","id_pk":"30258:021","source":"vivier","id_source":"30258:021","insee":"30258","commune":"Saint-Gilles","nom":null,"surf_m2":4731.9,"nb_pl_est":126,"nb_places":null,"nb_pl_reel":null,"stat_auto":"public","statut":null,"proprio":"commune","proprio_nm":null,"part_pub":1.0,"acces_osm":null,"payant":null,"sud_canal":null,"avis_ia":"a_verifier","motif_ia":"Relecture 05/10 : residence : bati et rangees de vehicules ; emprise a resserrer.","emprise":"estimee","note_emprise":null,"parcelles":["C4872","C5126"],"a_verif":true,"motif_ver":"Relecture 05/10 : residence : bati et rangees de vehicules ; emprise a resserrer."}},{"type":"Feature","geometry":{"type":"MultiPolygon","coordinates":[[[[4.4343613062435825,43.68074254030455],[4.434383699999999,43.680887100000014],[4.4346916,43.6809227],[4.4349462,43.6810032],[4.4350459,43.681023999999994],[4.4351354,43.6810207],[4.435098199999999,43.6807111],[4.435043,43.6803366],[4.4349769,43.6802526],[4.4349342,43.680230400000006],[4.434779799999999,43.68023509999999],[4.434540000000001,43.68026919999998],[4.434542466892121,43.68031023558896],[4.434574618026856,43.680358395847314],[4.434574738808142,43.680358601976536],[4.434574875582165,43.680358793974044],[4.434666583340433,43.68050517826661],[4.434667494387599,43.68050684925579],[4.434668171266484,43.68050857785628],[4.4346686072276595,43.68051034683154],[4.434668797923972,43.680512138542454],[4.43466874145389,43.68051393512321],[4.434668438380478,43.68051571865943],[4.4346678917257725,43.680517471366805],[4.43466710694065,43.68051917576844],[4.43466609185048,43.68052081486907],[4.43466485657709,43.68052237232463],[4.4346634134378435,43.68052383260511],[4.434661776822815,43.680525181149555],[4.4346599630513035,43.680526404511056],[4.434657990209105,43.680527490491016],[4.434655877968177,43.68052842826075],[4.434571154209801,43.68056194413307],[4.434570537605617,43.680562179958635],[4.434557893710547,43.68056685214149],[4.434479615579462,43.68059577749366],[4.434478285563617,43.68059623343061],[4.434413080451477,43.68061689234717],[4.434411959993071,43.68061722396123],[4.434363929551837,43.68063045670324],[4.434361555373419,43.6806310133662],[4.434359116134967,43.68063139405996],[4.434356636531321,43.68063159493038],[4.4343541416659775,43.68063161394387],[4.434351656796943,43.68063145090792],[4.434320575856931,43.680628260850156],[4.4343181293118015,43.68062791798035],[4.434315742532169,43.68062739864508],[4.434313439618662,43.68062670808832],[4.434311243825058,43.68062585328303],[4.434309177323491,43.68062484286065],[4.4343072609805505,43.68062368702394],[4.434305514146598,43.68062239744405],[4.434303954460356,43.680620987142554],[4.434302597670819,43.680619470360064],[4.434301457478217,43.68061786241233],[4.434232987087793,43.68050806987406],[4.4342320831355355,43.68050640450067],[4.434231411605179,43.68050468219429],[4.434230979139877,43.68050291999296],[4.434230790017803,43.68050113532943],[4.434230846109839,43.68049934585862],[4.434232829966131,43.68047952055557],[4.4342331113397275,43.680477826061384],[4.434233612631057,43.6804761585329],[4.43423432933123,43.68047453296871],[4.434235254993856,43.680472963989985],[4.434236381293037,43.680471465708926],[4.434237698098247,43.680470051601844],[4.434239193565451,43.68046873438793],[4.434240854243641,43.68046752591489],[4.434242665195827,43.680466437052345],[4.434300162181437,43.68043508032923],[4.434302262250011,43.68043405247651],[4.434304495844508,43.68043318547398],[4.434460313259195,43.68037994224447],[4.434519372953602,43.68035818992375],[4.434475164361675,43.680291968256405],[4.434422099999999,43.6803323],[4.4340849,43.68045299999999],[4.434108483293284,43.680574280092884],[4.434108605917912,43.68057436816377],[4.434110156876419,43.68057572470566],[4.434111517531524,43.680577184860724],[4.434112674828935,43.68057873462007],[4.434113617665391,43.68058035911515],[4.434114336995197,43.680582042760356],[4.434114825917001,43.68058376940261],[4.434131683008886,43.680662743782236],[4.434131938043859,43.680664512745906],[4.434131951229525,43.68066629134076],[4.434131722437068,43.68066806219368],[4.434131253901291,43.68066980800708],[4.434130550198792,43.68067151172798],[4.434129618203265,43.680673156714604],[4.434128467018353,43.680674726898786],[4.4341280944552945,43.68067513260687],[4.434143100000001,43.6807523],[4.4343613062435825,43.68074254030455]],[[4.435098199999999,43.6807111],[4.434785172389988,43.680724439013865],[4.434797498923382,43.68080318362464],[4.4347976548064,43.68080495414684],[4.434797569721799,43.68080672720481],[4.434797244496467,43.68080848556676],[4.4347966822911475,43.68081021214372],[4.43479588856972,43.68081189015561],[4.434794871046102,43.68081350329434],[4.434793639609273,43.68081503588231],[4.434792206227177,43.68081647302476],[4.434790584830404,43.68081780075456],[4.434788791176805,43.6808190061679],[4.434786842698345,43.680820077549726],[4.43478475833169,43.68082100448759],[4.434782558334165,43.68082177797288],[4.4347802640868785,43.68082239048832],[4.434777897886925,43.68082283608107],[4.434775482730692,43.680823110420526],[4.434620775693392,43.680835050247275],[4.434618348153176,43.680835150591655],[4.434615918742045,43.68083507790862],[4.4346135108186235,43.68083483289705],[4.434611147534933,43.680834417912706],[4.434608851613779,43.68083383694563],[4.4346066451302875,43.68083309558176],[4.434604549299641,43.680832200949276],[4.4346025842731,43.68083116165003],[4.43460076894425,43.68082998767676],[4.4345991207673405,43.680828690317206],[4.434597655589465,43.68082728204532],[4.43459638749819,43.6808257764016],[4.434595328686104,43.68082418786263],[4.434594489333592,43.68082253170214],[4.434593877510946,43.680820823843995],[4.434593499100773,43.68081908070912],[4.434580755259029,43.68073314933101],[4.434380457883231,43.680741683710494],[4.434567899999999,43.6807333],[4.434580698152156,43.680732764260355],[4.434578580023455,43.68071848175133],[4.434578549302882,43.68071826192792],[4.434577016854878,43.68070658263635],[4.434576905265587,43.680704830797936],[4.43457702915148,43.68070307939491],[4.434577387336088,43.68070134505893],[4.434577976417993,43.680699644259626],[4.434578790803123,43.68069799314816],[4.434579822757882,43.68069640740386],[4.434581062482586,43.680694902085285],[4.434582498204532,43.68069349148726],[4.434584116289779,43.680692189005114],[4.434585901372636,43.680691007007525],[4.434587836501564,43.68068995671898],[4.4345899033001634,43.68068904811322],[4.434592082141671,43.680688289818576],[4.434594352335343,43.680687689036],[4.4345966923229385,43.680687251470594],[4.434599079883443,43.6806869812776],[4.434753786525534,43.68067504148288],[4.434756274640902,43.680674940844106],[4.434758764110045,43.68067502195449],[4.4347612297907775,43.680675283994916],[4.4347636467811595,43.68067572431889],[4.434765990670997,43.680676338479394],[4.434768237788368,43.680677120273785],[4.434770365438688,43.68067806180638],[4.434772352133923,43.68067915356827],[4.434774177809595,43.68068038453326],[4.43477582402743,43.68068174226936],[4.434777274161572,43.680683213064185],[4.434778513566488,43.68068478206357],[4.434779529724888,43.680686433421535],[4.434780312374141,43.68068815046033],[4.434780853609918,43.68068991583885],[4.434781147966027,43.68069171172777],[4.434782800163331,43.68070928468289],[4.434785135937277,43.68072420614559],[4.435098199999999,43.6807111]]],[[[4.434540442843287,43.68039079175369],[4.434482429503836,43.68041215869349],[4.4344817705706685,43.680412392556036],[4.434327921946041,43.68046496305512],[4.434281476053739,43.680490292932674],[4.4342807655246785,43.68049739353501],[4.4343410178730585,43.680594008296566],[4.434352288833023,43.68059516511485],[4.434393793172867,43.68058373036197],[4.43445776927351,43.68056346083549],[4.434547724989366,43.68053022037708],[4.434555506483912,43.68052714210047],[4.434548038470697,43.68040291596304],[4.434540442843287,43.68039079175369]]]]},"properties":{"cle":"vivier:30258:023","id_pk":"30258:023","source":"vivier","id_source":"30258:023","insee":"30258","commune":"Saint-Gilles","nom":null,"surf_m2":4485.2,"nb_pl_est":119,"nb_places":null,"nb_pl_reel":null,"stat_auto":"public","statut":null,"proprio":"commune","proprio_nm":null,"part_pub":1.0,"acces_osm":null,"payant":null,"sud_canal":null,"avis_ia":"a_verifier","motif_ia":"Relecture 05/10 : ilot arbore avec bati et une rangee de vehicules : emprise a resserrer.","emprise":"estimee","note_emprise":null,"parcelles":["C2758","C5072","C5267"],"a_verif":true,"motif_ver":"Relecture 05/10 : ilot arbore avec bati et une rangee de vehicules : emprise a resserrer."}},{"type":"Feature","geometry":{"type":"MultiPolygon","coordinates":[[[[4.424868738278746,43.68294086448002],[4.4244603998959064,43.682956887213386],[4.424427291378379,43.683325408900615],[4.424879774451255,43.683285352305134],[4.424868738278746,43.68294086448002]]],[[[4.424692159518599,43.68385415345423],[4.4246921595185995,43.683509668895304],[4.424151387065649,43.6835176801866],[4.424162423238158,43.68412653519346],[4.424581797793508,43.684214658432545],[4.424692159518599,43.68385415345423]]]]},"properties":{"cle":"vivier:30258:008","id_pk":"30258:008","source":"vivier","id_source":"30258:008","insee":"30258","commune":"Saint-Gilles","nom":null,"surf_m2":4387.5,"nb_pl_est":117,"nb_places":null,"nb_pl_reel":null,"stat_auto":"public","statut":null,"proprio":"commune","proprio_nm":null,"part_pub":1.0,"acces_osm":null,"payant":null,"sud_canal":null,"avis_ia":"a_verifier","motif_ia":"Relecture 05/10 : cour avec vehicules ranges au sud ; emprise a resserrer, la partie nord est en friche.","emprise":"tracee","note_emprise":"cour et stationnement du site technique","parcelles":["M1697"],"a_verif":true,"motif_ver":"Relecture 05/10 : cour avec vehicules ranges au sud ; emprise a resserrer, la partie nord est en friche."}},{"type":"Feature","geometry":{"type":"Polygon","coordinates":[[[4.429451928008347,43.670626724724016],[4.430737327784299,43.670681643639995],[4.43096416303888,43.67050590293194],[4.430737327784299,43.67040704855752],[4.429467050358653,43.6703960647281],[4.429451928008347,43.670626724724016]]]},"properties":{"cle":"vivier:30258:004","id_pk":"30258:004","source":"vivier","id_source":"30258:004","insee":"30258","commune":"Saint-Gilles","nom":null,"surf_m2":3175.6,"nb_pl_est":84,"nb_places":null,"nb_pl_reel":null,"stat_auto":"public","statut":null,"proprio":"commune","proprio_nm":null,"part_pub":1.0,"acces_osm":null,"payant":null,"sud_canal":null,"avis_ia":"a_verifier","motif_ia":"Relecture 05/10 : clairiere compactee en lisiere avec depots, usage a confirmer.","emprise":"tracee","note_emprise":"cour technique","parcelles":["I175"],"a_verif":true,"motif_ver":"Relecture 05/10 : clairiere compactee en lisiere avec depots, usage a confirmer."}},{"type":"Feature","geometry":{"type":"Polygon","coordinates":[[[4.418335855007171,43.675152693286044],[4.418528974056244,43.67514493347577],[4.418528974056243,43.67511001431722],[4.418958127498628,43.67507509513832],[4.419006407260894,43.67501301654789],[4.418979585170746,43.6747220222992],[4.41885083913803,43.67470262263246],[4.418829381465911,43.67466770321648],[4.418319761753083,43.6747220222992],[4.418335855007171,43.675152693286044]]]},"properties":{"cle":"vivier:30258:034","id_pk":"30258:034","source":"vivier","id_source":"30258:034","insee":"30258","commune":"Saint-Gilles","nom":null,"surf_m2":2442.2,"nb_pl_est":64,"nb_places":null,"nb_pl_reel":null,"stat_auto":"public","statut":null,"proprio":"commune","proprio_nm":null,"part_pub":1.0,"acces_osm":null,"payant":null,"sud_canal":null,"avis_ia":"candidat","motif_ia":"Relecture 05/10 : aire compactee et goudronnee, vehicules ranges, acces direct depuis la rue.","emprise":"tracee","note_emprise":"emprise nue de quartier","parcelles":["M3170"],"a_verif":false,"motif_ver":null}},{"type":"Feature","geometry":{"type":"Polygon","coordinates":[[[4.433004856109619,43.67607028377409],[4.433535933494567,43.676134301191524],[4.4335198402404785,43.67606640392842],[4.43336695432663,43.67603730507786],[4.433375000953674,43.67595000844151],[4.433305263519287,43.67593060917174],[4.433348178863525,43.67589181061339],[4.433138966560363,43.67571721679038],[4.433155059814454,43.67567841809406],[4.433085322380067,43.675620220002536],[4.43300485610962,43.67563961937264],[4.433004856109619,43.67607028377409]]]},"properties":{"cle":"vivier:30258:052","id_pk":"30258:052","source":"vivier","id_source":"30258:052","insee":"30258","commune":"Saint-Gilles","nom":null,"surf_m2":1213.4,"nb_pl_est":43,"nb_places":null,"nb_pl_reel":null,"stat_auto":"public","statut":null,"proprio":"commune","proprio_nm":null,"part_pub":1.0,"acces_osm":null,"payant":null,"sud_canal":null,"avis_ia":"a_verifier","motif_ia":"Relecture 05/10 : esplanade du centre ancien, quelques vehicules en pourtour : usage a confirmer.","emprise":"tracee","note_emprise":"place pavee du centre","parcelles":["N1172"],"a_verif":true,"motif_ver":"Relecture 05/10 : esplanade du centre ancien, quelques vehicules en pourtour : usage a confirmer."}},{"type":"Feature","geometry":{"type":"Polygon","coordinates":[[[4.4516193866729745,43.67136578664495],[4.451678395271302,43.67135802634499],[4.451994895935058,43.6711193966323],[4.4519734382629395,43.67109029538294],[4.451619386672974,43.6709059871425],[4.451388716697693,43.67101269198225],[4.451533555984497,43.67109029538296],[4.4516193866729745,43.67136578664495]]]},"properties":{"cle":"vivier:30258:049","id_pk":"30258:049","source":"vivier","id_source":"30258:049","insee":"30258","commune":"Saint-Gilles","nom":null,"surf_m2":1180.9,"nb_pl_est":42,"nb_places":null,"nb_pl_reel":null,"stat_auto":"public","statut":null,"proprio":"commune","proprio_nm":null,"part_pub":1.0,"acces_osm":null,"payant":null,"sud_canal":null,"avis_ia":"a_verifier","motif_ia":"Relecture 05/10 : aire compactee attenante au batiment d'activite, usage a confirmer.","emprise":"tracee","note_emprise":"aire nue damee","parcelles":["D1420"],"a_verif":true,"motif_ver":"Relecture 05/10 : aire compactee attenante au batiment d'activite, usage a confirmer."}},{"type":"Feature","geometry":{"type":"Polygon","coordinates":[[[4.431808590888977,43.68216715129302],[4.432618618011475,43.6822292224821],[4.43270444869995,43.682225343034666],[4.432693719863892,43.68212253758622],[4.432538151741028,43.68205076764042],[4.432168006896973,43.682019731961596],[4.432028532028198,43.68203524980301],[4.431808590888977,43.68216715129302]]]},"properties":{"cle":"vivier:30258:050","id_pk":"30258:050","source":"vivier","id_source":"30258:050","insee":"30258","commune":"Saint-Gilles","nom":null,"surf_m2":1125.4,"nb_pl_est":41,"nb_places":null,"nb_pl_reel":null,"stat_auto":"public","statut":null,"proprio":"commune","proprio_nm":null,"part_pub":1.0,"acces_osm":null,"payant":null,"sud_canal":null,"avis_ia":"candidat","motif_ia":"Relecture 05/10 : parking occupe, vehicules ranges en rangees.","emprise":"tracee","note_emprise":"parking marque","parcelles":["C4982"],"a_verif":false,"motif_ver":null}},{"type":"Feature","geometry":{"type":"Polygon","coordinates":[[[4.435597686097027,43.68197657294405],[4.4359165616333485,43.68198475618712],[4.435936314985157,43.68196429807734],[4.4365712441504,43.68198066456573],[4.436605107039213,43.68192338183688],[4.436373710632324,43.68190292370616],[4.436006862670183,43.68189474045193],[4.435865767300128,43.681837457641016],[4.435606151819228,43.68184154927219],[4.435597686097027,43.68197657294405]]]},"properties":{"cle":"vivier:30258:055","id_pk":"30258:055","source":"vivier","id_source":"30258:055","insee":"30258","commune":"Saint-Gilles","nom":null,"surf_m2":831.6,"nb_pl_est":34,"nb_places":null,"nb_pl_reel":null,"stat_auto":"public","statut":null,"proprio":"commune","proprio_nm":null,"part_pub":1.0,"acces_osm":null,"payant":null,"sud_canal":null,"avis_ia":"candidat","motif_ia":"Relecture 05/10 : bande de stationnement le long des immeubles, vehicules ranges.","emprise":"tracee","note_emprise":"aire de stationnement arriere","parcelles":["C5122"],"a_verif":false,"motif_ver":null}},{"type":"Feature","geometry":{"type":"Polygon","coordinates":[[[4.1925811,43.632289400000005],[4.191961600000001,43.63172939999999],[4.1916718,43.63193679999999],[4.192172775435813,43.63238814580483],[4.19217351618754,43.63238774289891],[4.192175624345915,43.63238681811176],[4.192177848494675,43.63238604991503],[4.192180166656996,43.63238544589929],[4.192182555927113,43.632385012032785],[4.192184992696646,43.632384752602576],[4.192187452887872,43.632384670172094],[4.1921899121916395,43.63238476555583],[4.192192346307567,43.632385037811304],[4.192194731184153,43.63238548424833],[4.192197043256425,43.63238610045569],[4.192199259678799,43.632386880344654],[4.1922013585507925,43.63238781620911],[4.192203319133442,43.63238889880178],[4.192205122054218,43.63239011742557],[4.192206749498442,43.63239146003927],[4.192228438773134,43.63241125617558],[4.192230187974973,43.632411327207244],[4.192232652482295,43.63241160983884],[4.192235065356813,43.632412071075215],[4.1922374021288435,43.63241270623881],[4.192239639100475,43.63241350888828],[4.1922417535859005,43.63241447088363],[4.192243724141481,43.63241558246905],[4.192245530783209,43.632416832371604],[4.192247155189372,43.632418207915656],[4.192307807755254,43.632475135405706],[4.192308893230457,43.6324762616177],[4.192309024847479,43.63247588486771],[4.192309850968216,43.63247422391962],[4.192310897251426,43.6324726297838],[4.192312153620818,43.63247111781263],[4.192313607976854,43.63246970256721],[4.192315246313287,43.63246839767711],[4.192317052852039,43.63246721570913],[4.192319010195156,43.632466168046285],[4.192321099492362,43.6324652647781],[4.19232330062259,43.63246451460354],[4.192325592387769,43.63246392474721],[4.192327952716964,43.63246350088971],[4.192330358878933,43.63246324711307],[4.192332787701044,43.63246316586123],[4.192335215792433,43.632463257916726],[4.192337619769274,43.632463522393],[4.192339976479978,43.63246395674303],[4.19234226322815,43.632464556783766],[4.192344457991175,43.6324653167365],[4.192346539632298,43.63246622928247],[4.192348488104185,43.63246728563339],[4.192350284641994,43.63246847561602],[4.192351911944085,43.63246978777017],[4.192382765955333,43.63249726604614],[4.1923910624957506,43.63249285031156],[4.192387745391337,43.63248987741461],[4.192387634950383,43.632489767914485],[4.192387515217753,43.6324896679561],[4.192367303886143,43.63247099203796],[4.192365916659282,43.632469574164695],[4.1923647243775015,43.63246806563663],[4.192363738180033,43.63246648054763],[4.192362967280689,43.63246483370686],[4.192362418881802,43.63246314050039],[4.192362098106929,43.632461416747496],[4.19236200795298,43.63245967855284],[4.192362149262223,43.632457942155995],[4.192362520714414,43.63245622377975],[4.192363118839136,43.63245453947853],[4.192363938048218,43.63245290498838],[4.192364970687951,43.632451335579994],[4.192366207110585,43.63244984591602],[4.1923675890223695,43.63244849558788],[4.192339,43.632421400000005],[4.1925811,43.632289400000005]]]},"properties":{"cle":"vivier:30276:002","id_pk":"30276:002","source":"vivier","id_source":"30276:002","insee":"30276","commune":"Saint-Laurent-d'Aigouze","nom":null,"surf_m2":2533.5,"nb_pl_est":66,"nb_places":null,"nb_pl_reel":null,"stat_auto":"public","statut":null,"proprio":"commune","proprio_nm":null,"part_pub":1.0,"acces_osm":null,"payant":null,"sud_canal":null,"avis_ia":"a_verifier","motif_ia":"Relecture 05/10 : cour de depot avec engins le long du hangar : usage a confirmer.","emprise":"estimee","note_emprise":null,"parcelles":["G994"],"a_verif":true,"motif_ver":"Relecture 05/10 : cour de depot avec engins le long du hangar : usage a confirmer."}},{"type":"Feature","geometry":{"type":"Polygon","coordinates":[[[4.1938641,43.63947490000001],[4.193893499999999,43.639277099999994],[4.1933601,43.6387752],[4.1938177,43.639570199999994],[4.1938641,43.63947490000001]]]},"properties":{"cle":"vivier:30276:007","id_pk":"30276:007","source":"vivier","id_source":"30276:007","insee":"30276","commune":"Saint-Laurent-d'Aigouze","nom":null,"surf_m2":900.4,"nb_pl_est":36,"nb_places":null,"nb_pl_reel":null,"stat_auto":"public","statut":null,"proprio":"commune","proprio_nm":null,"part_pub":1.0,"acces_osm":null,"payant":null,"sud_canal":null,"avis_ia":"a_verifier","motif_ia":"Relecture 05/10 : bande le long de la route pres du stade, vehicules et depots : a confirmer.","emprise":"estimee","note_emprise":null,"parcelles":["A1156"],"a_verif":true,"motif_ver":"Relecture 05/10 : bande le long de la route pres du stade, vehicules et depots : a confirmer."}},{"type":"Feature","geometry":{"type":"Polygon","coordinates":[[[4.549522697925567,43.90916691188138],[4.549723863601685,43.908946621168276],[4.549428820610047,43.90871473532631],[4.549353718757629,43.90879203070734],[4.549361765384674,43.908927297382625],[4.549522697925567,43.90916691188138]]]},"properties":{"cle":"vivier:30317:011","id_pk":"30317:011","source":"vivier","id_source":"30317:011","insee":"30317","commune":"Sernhac","nom":null,"surf_m2":770.8,"nb_pl_est":32,"nb_places":null,"nb_pl_reel":null,"stat_auto":"public","statut":null,"proprio":"commune","proprio_nm":null,"part_pub":1.0,"acces_osm":null,"payant":null,"sud_canal":null,"avis_ia":"a_verifier","motif_ia":"Relecture 05/10 : aire compactee pres du monument, vehicules ranges en bordure : a confirmer.","emprise":"tracee","note_emprise":"bande nue attenante au parking","parcelles":["D522"],"a_verif":true,"motif_ver":"Relecture 05/10 : aire compactee pres du monument, vehicules ranges en bordure : a confirmer."}},{"type":"Feature","geometry":{"type":"Polygon","coordinates":[[[4.5660652639344335,43.91396137429848],[4.566244336310774,43.91397805978154],[4.566735341213643,43.913957202926994],[4.566908637061715,43.91401977346869],[4.567012614570558,43.91409902939374],[4.567001061514019,43.91401977346869],[4.5668450952507555,43.913894632319504],[4.566273218952119,43.913886289566875],[4.566099923104048,43.913894632319504],[4.5660652639344335,43.91396137429848]]]},"properties":{"cle":"vivier:30317:002","id_pk":"30317:002","source":"vivier","id_source":"30317:002","insee":"30317","commune":"Sernhac","nom":null,"surf_m2":651.4,"nb_pl_est":28,"nb_places":null,"nb_pl_reel":null,"stat_auto":"public","statut":null,"proprio":"commune","proprio_nm":null,"part_pub":1.0,"acces_osm":null,"payant":null,"sud_canal":null,"avis_ia":"a_verifier","motif_ia":"Relecture 05/10 : bande compactee attenante au hangar, un vehicule : usage a confirmer.","emprise":"tracee","note_emprise":"abords nus de la salle, hors toiture","parcelles":["B1742"],"a_verif":true,"motif_ver":"Relecture 05/10 : bande compactee attenante au hangar, un vehicule : usage a confirmer."}},{"type":"Feature","geometry":{"type":"Polygon","coordinates":[[[4.2602355,43.751571899999995],[4.2602582,43.7516],[4.260300199999999,43.75162720000001],[4.260316700000001,43.751613900000024],[4.260349100000001,43.75163450000001],[4.260333500000001,43.7516473],[4.260533799999999,43.7517745],[4.260709000000001,43.7515042],[4.2604155,43.751399899999996],[4.2603411,43.7513548],[4.260235300000001,43.7515208],[4.2602355,43.751571899999995]]]},"properties":{"cle":"vivier:30333:009","id_pk":"30333:009","source":"vivier","id_source":"30333:009","insee":"30333","commune":"Uchaud","nom":null,"surf_m2":957.7,"nb_pl_est":37,"nb_places":null,"nb_pl_reel":null,"stat_auto":"public","statut":null,"proprio":"commune","proprio_nm":null,"part_pub":1.0,"acces_osm":null,"payant":null,"sud_canal":null,"avis_ia":"a_verifier","motif_ia":"Relecture 05/10 : cour compactee attenante au batiment, un vehicule : usage a confirmer.","emprise":"estimee","note_emprise":null,"parcelles":["AM313"],"a_verif":true,"motif_ver":"Relecture 05/10 : cour compactee attenante au batiment, un vehicule : usage a confirmer."}},{"type":"Feature","geometry":{"type":"MultiPolygon","coordinates":[[[[4.273909700000001,43.69756629999999],[4.2739625,43.69769910000001],[4.274072766550227,43.697733148797],[4.274141849345523,43.6976091386394],[4.274142642884155,43.69760789887261],[4.27414360518291,43.69760672369708],[4.274144726372,43.69760562516595],[4.274145994951987,43.697604614546236],[4.274147397911724,43.69760370220337],[4.274148920861808,43.69760289749471],[4.274150548182157,43.69760220867374],[4.274152263182231,43.69760164280535],[4.274154048272196,43.697601205693296],[4.274155885143356,43.69760090182081],[4.2741577549559215,43.69760073430457],[4.274159638532237,43.69760070486269],[4.274161516553484,43.69760081379712],[4.274163369757822,43.6976010599906],[4.274165179137938,43.697601440918035],[4.274394688373468,43.69765904943682],[4.274396353835619,43.69765953391401],[4.274397947219188,43.69766013255296],[4.27450070815063,43.69770342224808],[4.274648025829642,43.69774631558345],[4.274650440228513,43.697747170202916],[4.274747840173181,43.697788211847104],[4.274885114182355,43.697841752122685],[4.275053299409851,43.697883503684466],[4.275054700604806,43.697883898081564],[4.275109642609806,43.69790124634207],[4.275144666754629,43.6979122319408],[4.275149319358398,43.6979121774235],[4.2751695659718845,43.69790993209188],[4.275204064590843,43.69788635914096],[4.275277837962957,43.69776117409914],[4.275277954090015,43.69776098121863],[4.275350973055826,43.69764223329256],[4.275351450373218,43.69764151487881],[4.275392349972676,43.697584339298835],[4.27539326586743,43.697583198997705],[4.275394330879405,43.697582129048676],[4.275395534825622,43.69758113968194],[4.275396866194697,43.69758024035721],[4.2753983122569155,43.69757943967325],[4.275399859185939,43.697578745285696],[4.275401492191003,43.697578163833825],[4.2754031956583445,43.69757770087716],[4.275404953300483,43.697577360842146],[4.275406748311958,43.69757714698001],[4.275408563530002,43.69757706133558],[4.275410381598649,43.69757710472769],[4.2754121851346785,43.697577276741505],[4.275413956893816,43.69757757573229],[4.275588664817408,43.697613673923335],[4.2756128,43.697553500000005],[4.27559413902488,43.69755056144541],[4.275591877460357,43.697550445833265],[4.275589412543119,43.69755013656709],[4.275536674970486,43.697541512525454],[4.274058299999999,43.6973087],[4.273909700000001,43.69756629999999]],[[4.274035974804438,43.697653613021835],[4.273985253988538,43.69763917920008],[4.2739830175980025,43.69763844826265],[4.2739808916434585,43.69763756064017],[4.273978896914229,43.6976365250125],[4.273977052916403,43.69763535150685],[4.273975377682091,43.69763405159874],[4.273973887593094,43.697632637999725],[4.273972597220704,43.69763112453314],[4.273971519183222,43.69762952599889],[4.273970664022562,43.69762785802877],[4.273970040101156,43.697626136933515],[4.273969653520203,43.69762437954342],[4.273969508059979,43.69762260304368],[4.273969605142891,43.69762082480634],[4.2739699438195595,43.697619062220454],[4.273970520778111,43.69761733252201],[4.273971330376551,43.697615652625394],[4.2740763122463346,43.69742813595612],[4.274077325740507,43.697426551033104],[4.2740785462876785,43.697425044885925],[4.274079962383423,43.69742363171092],[4.274081560680151,43.69742232482814],[4.274083326112925,43.69742113655576],[4.274085242041445,43.69742007809398],[4.274087290406899,43.69741915941946],[4.274089451902182,43.69741838919124],[4.274091706153874,43.69741777466923],[4.274094031914267,43.69741732164566],[4.27409640726164,43.69741703439054],[4.2740988098068975,43.697416915611456],[4.274101216904575,43.69741696642795],[4.274103605866305,43.69741718636104],[4.2741059541746615,43.69741757333775],[4.274108239695394,43.69741812371057],[4.274200603072537,43.697444040471886],[4.274202856464384,43.697444768162065],[4.274204999104528,43.69744565463143],[4.27420700980589,43.69744669111432],[4.2742088686860376,43.6974478673617],[4.274210557363785,43.69744917174246],[4.27421205914096,43.69745059135848],[4.274213359167516,43.697452112172165],[4.274214444588374,43.697453719145265],[4.274215304670543,43.69745539638751],[4.274215930909241,43.697457127313804],[4.274216317112006,43.69745889480822],[4.274216459459926,43.69746068139326],[4.274216356545393,43.69746246940257],[4.274216009386039,43.69746424115578],[4.274215421414659,43.697465979133234],[4.274214598445278,43.69746766614925],[4.274108376909756,43.697655197475406],[4.274107354008259,43.69765678005432],[4.2741061243229215,43.69765828316912],[4.274104699454366,43.69765969263973],[4.274103092844533,43.69766099516947],[4.274101319649881,43.697662178470466],[4.274099396598407,43.69766323137966],[4.274097492994266,43.6976640768283],[4.274093500000001,43.69767120000002],[4.274035974804438,43.697653613021835]]],[[[4.274058299999999,43.6973087],[4.275206399999999,43.697489199999985],[4.2752819,43.69728829999999],[4.274683815834055,43.69716791723312],[4.274673006714635,43.69718610617482],[4.274455899438202,43.6971283530364],[4.274458932858724,43.69712265166406],[4.274276580342826,43.6970859464457],[4.274276245982128,43.69708683534441],[4.274275358850619,43.69708851311472],[4.274253818742042,43.697123862999405],[4.2742527172710645,43.69712545304299],[4.274251404743065,43.697126956383116],[4.274249893992294,43.697128358319695],[4.274248199791277,43.69712964514421],[4.274246338706372,43.69713080427374],[4.274244328935784,43.697131824373976],[4.274242190131604,43.69713269547014],[4.2742399432076565,43.69713340904432],[4.27423761013499,43.697133958119046],[4.274235213727049,43.69713433732532],[4.274232777416584,43.69713454295513],[4.274230325026528,43.69713457299778],[4.27422788053704,43.69713442715949],[4.274225467851033,43.69713410686631],[4.274223110560427,43.69713361525018],[4.274220831715475,43.69713295711826],[4.274194221012683,43.697124142462094],[4.274192821056717,43.69712548666583],[4.274180632958294,43.697135096038174],[4.274167221979138,43.697143805840426],[4.274152713661553,43.697151534538385],[4.274147905235192,43.697153609377025],[4.274058299999999,43.6973087]]]]},"properties":{"cle":"vivier:30341:006","id_pk":"30341:006","source":"vivier","id_source":"30341:006","insee":"30341","commune":"Vauvert","nom":null,"surf_m2":6474.1,"nb_pl_est":174,"nb_places":null,"nb_pl_reel":null,"stat_auto":"public","statut":null,"proprio":"commune","proprio_nm":null,"part_pub":1.0,"acces_osm":null,"payant":null,"sud_canal":null,"avis_ia":"a_verifier","motif_ia":"Relecture 05/10 : residence : bati, espaces verts et quelques rangees de vehicules ; emprise a resserrer.","emprise":"estimee","note_emprise":null,"parcelles":["BH254","BH308"],"a_verif":true,"motif_ver":"Relecture 05/10 : residence : bati, espaces verts et quelques rangees de vehicules ; emprise a resserrer."}},{"type":"Feature","geometry":{"type":"Polygon","coordinates":[[[4.296893236460164,43.639224389389206],[4.297198617132381,43.63927984252915],[4.297236789716408,43.63896098627561],[4.297446738928557,43.638761353672926],[4.298076586565003,43.638733626870064],[4.298133845441043,43.63855894771801],[4.297885723644868,43.63843972197343],[4.297427652636544,43.63840644963038],[4.297026840504259,43.638586674601456],[4.296851246617734,43.63876689903194],[4.296893236460164,43.639224389389206]]]},"properties":{"cle":"vivier:30341:010","id_pk":"30341:010","source":"vivier","id_source":"30341:010","insee":"30341","commune":"Vauvert","nom":null,"surf_m2":4664.6,"nb_pl_est":124,"nb_places":null,"nb_pl_reel":null,"stat_auto":"public","statut":null,"proprio":"commune","proprio_nm":null,"part_pub":1.0,"acces_osm":null,"payant":null,"sud_canal":null,"avis_ia":"a_verifier","motif_ia":"Relecture 05/10 : aire compactee avec engins et depots : chantier, usage a confirmer.","emprise":"tracee","note_emprise":"cour technique compactee","parcelles":["CY148"],"a_verif":true,"motif_ver":"Relecture 05/10 : aire compactee avec engins et depots : chantier, usage a confirmer."}},{"type":"Feature","geometry":{"type":"Polygon","coordinates":[[[4.270523674786091,43.696041939776904],[4.270948008634151,43.69584808246581],[4.270869428291917,43.69527791027152],[4.2703193658962855,43.695266506772334],[4.270303649827838,43.69543185729825],[4.270358656067401,43.69578536378983],[4.270523674786091,43.696041939776904]]]},"properties":{"cle":"vivier:30341:009","id_pk":"30341:009","source":"vivier","id_source":"30341:009","insee":"30341","commune":"Vauvert","nom":null,"surf_m2":3457.1,"nb_pl_est":91,"nb_places":null,"nb_pl_reel":null,"stat_auto":"public","statut":null,"proprio":"commune","proprio_nm":null,"part_pub":1.0,"acces_osm":null,"payant":null,"sud_canal":null,"avis_ia":"a_verifier","motif_ia":"Relecture 05/10 : aire compactee sous arbres en bord de canal, quelques vehicules ranges.","emprise":"tracee","note_emprise":"terrain nu compacte","parcelles":["AZ79"],"a_verif":true,"motif_ver":"Relecture 05/10 : aire compactee sous arbres en bord de canal, quelques vehicules ranges."}},{"type":"Feature","geometry":{"type":"Polygon","coordinates":[[[4.282426983118056,43.70316979334284],[4.282713811844586,43.703033459032184],[4.282694030553102,43.702520408716175],[4.282634686678647,43.702251324627305],[4.282476436346769,43.70232308050241],[4.282367639243602,43.70289712441152],[4.282426983118056,43.70316979334284]]]},"properties":{"cle":"vivier:30341:002","id_pk":"30341:002","source":"vivier","id_source":"30341:002","insee":"30341","commune":"Vauvert","nom":null,"surf_m2":2035.8,"nb_pl_est":56,"nb_places":null,"nb_pl_reel":null,"stat_auto":"public","statut":null,"proprio":"commune","proprio_nm":null,"part_pub":1.0,"acces_osm":null,"payant":null,"sud_canal":null,"avis_ia":"a_verifier","motif_ia":"Relecture 05/10 : bande compactee sous arbres pres des jardins familiaux : usage a confirmer.","emprise":"tracee","note_emprise":"bande nue arboree a l'ouest","parcelles":["BL194"],"a_verif":true,"motif_ver":"Relecture 05/10 : bande compactee sous arbres pres des jardins familiaux : usage a confirmer."}},{"type":"Feature","geometry":{"type":"Polygon","coordinates":[[[4.279783499999999,43.70018480000002],[4.279783600000001,43.700165],[4.279760600000001,43.70013300000001],[4.279702100000001,43.7001055],[4.2787806999999995,43.6998922],[4.278744599999999,43.6999032],[4.2787116,43.69993029999999],[4.2787004,43.699950599999994],[4.278699500000001,43.69998269999999],[4.2788161,43.700112700000005],[4.279723999999999,43.70032290000001],[4.279783499999999,43.70018480000002]]]},"properties":{"cle":"vivier:30341:019","id_pk":"30341:019","source":"vivier","id_source":"30341:019","insee":"30341","commune":"Vauvert","nom":null,"surf_m2":1937.4,"nb_pl_est":55,"nb_places":null,"nb_pl_reel":null,"stat_auto":"public","statut":null,"proprio":"commune","proprio_nm":null,"part_pub":1.0,"acces_osm":null,"payant":null,"sud_canal":null,"avis_ia":"a_verifier","motif_ia":"Relecture 05/10 : bande sous arbres le long de la voie, quelques vehicules : a confirmer.","emprise":"estimee","note_emprise":null,"parcelles":["BI167"],"a_verif":true,"motif_ver":"Relecture 05/10 : bande sous arbres le long de la voie, quelques vehicules : a confirmer."}},{"type":"Feature","geometry":{"type":"Polygon","coordinates":[[[4.269714653491974,43.69147129371316],[4.270208179950714,43.69139371667039],[4.270288646221161,43.69130838180741],[4.270283281803132,43.6911765004168],[4.269752204418182,43.69116098494002],[4.269693195819856,43.69121528909121],[4.269677102565766,43.69135104925409],[4.269714653491974,43.69147129371316]]]},"properties":{"cle":"vivier:30341:025","id_pk":"30341:025","source":"vivier","id_source":"30341:025","insee":"30341","commune":"Vauvert","nom":null,"surf_m2":1349.3,"nb_pl_est":46,"nb_places":null,"nb_pl_reel":null,"stat_auto":"public","statut":null,"proprio":"commune","proprio_nm":null,"part_pub":1.0,"acces_osm":null,"payant":null,"sud_canal":null,"avis_ia":"a_verifier","motif_ia":"Relecture 05/10 : cour avec remise et utilitaires ranges : usage prive a confirmer.","emprise":"tracee","note_emprise":"cour nue avec stationnement, hors bande boisee sud","parcelles":["AX175"],"a_verif":true,"motif_ver":"Relecture 05/10 : cour avec remise et utilitaires ranges : usage prive a confirmer."}},{"type":"Feature","geometry":{"type":"Polygon","coordinates":[[[4.2812261916697025,43.698929958708284],[4.281483516097069,43.698929958708284],[4.28151568165049,43.69862165802243],[4.281309822108596,43.69861231555264],[4.2812261916697025,43.698649685422986],[4.2812261916697025,43.698929958708284]]]},"properties":{"cle":"vivier:30341:017","id_pk":"30341:017","source":"vivier","id_source":"30341:017","insee":"30341","commune":"Vauvert","nom":null,"surf_m2":756.9,"nb_pl_est":31,"nb_places":null,"nb_pl_reel":null,"stat_auto":"public","statut":null,"proprio":"commune","proprio_nm":null,"part_pub":1.0,"acces_osm":null,"payant":null,"sud_canal":null,"avis_ia":"a_verifier","motif_ia":"Relecture 05/10 : parcelle compactee ouverte sur la rue, aucun vehicule : usage a confirmer.","emprise":"tracee","note_emprise":"cour nue de l'ecole","parcelles":["BK83"],"a_verif":true,"motif_ver":"Relecture 05/10 : parcelle compactee ouverte sur la rue, aucun vehicule : usage a confirmer."}},{"type":"Feature","geometry":{"type":"Polygon","coordinates":[[[4.280317425727843,43.69750454081739],[4.280596375465392,43.69751617619446],[4.280650019645691,43.69730673906133],[4.280596375465394,43.697248561950076],[4.280354976654053,43.697256318901495],[4.280290603637695,43.69738430845521],[4.280317425727843,43.69750454081739]]]},"properties":{"cle":"vivier:30341:023","id_pk":"30341:023","source":"vivier","id_source":"30341:023","insee":"30341","commune":"Vauvert","nom":null,"surf_m2":716.0,"nb_pl_est":30,"nb_places":null,"nb_pl_reel":null,"stat_auto":"public","statut":null,"proprio":"commune","proprio_nm":null,"part_pub":1.0,"acces_osm":null,"payant":null,"sud_canal":null,"avis_ia":"a_verifier","motif_ia":"Relecture 05/10 : ilot compacte sous arbres au milieu des parkings, stationnement sous couvert probable.","emprise":"tracee","note_emprise":"esplanade nue, hors couronne d'arbres","parcelles":["BH55"],"a_verif":true,"motif_ver":"Relecture 05/10 : ilot compacte sous arbres au milieu des parkings, stationnement sous couvert probable."}},{"type":"Feature","geometry":{"type":"Polygon","coordinates":[[[4.297818839550018,43.642092622011056],[4.297920763492583,43.642088739969175],[4.298001229763032,43.64199945293669],[4.298049509525298,43.641987806792265],[4.2980387806892395,43.6419256939837],[4.298070967197418,43.64189463755536],[4.2980602383613595,43.64181699641422],[4.297969043254852,43.641774293743836],[4.29778128862381,43.64177041168139],[4.297775924205779,43.641840288767085],[4.297759830951692,43.64190628371788],[4.297818839550018,43.642092622011056]]]},"properties":{"cle":"vivier:30341:043","id_pk":"30341:043","source":"vivier","id_source":"30341:043","insee":"30341","commune":"Vauvert","nom":null,"surf_m2":682.0,"nb_pl_est":29,"nb_places":null,"nb_pl_reel":null,"stat_auto":"public","statut":null,"proprio":"commune","proprio_nm":null,"part_pub":1.0,"acces_osm":null,"payant":null,"sud_canal":null,"avis_ia":"a_verifier","motif_ia":"Relecture 05/10 : placette stabilisee du centre, un vehicule, acces direct : usage a confirmer.","emprise":"tracee","note_emprise":"placette pavee","parcelles":["CY189"],"a_verif":true,"motif_ver":"Relecture 05/10 : placette stabilisee du centre, un vehicule, acces direct : usage a confirmer."}},{"type":"Feature","geometry":{"type":"Polygon","coordinates":[[[4.271560363478777,43.700336133817956],[4.2715681849790625,43.700334695435934],[4.271586221988202,43.70033271560409],[4.2716044395453485,43.70033202690428],[4.271622662491188,43.70033263595822],[4.2716407156146,43.70033453690999],[4.271658425337247,43.700337711482206],[4.271668367572923,43.70034026564615],[4.271698540135265,43.700281645331025],[4.271690919868865,43.700269494356654],[4.27168481871062,43.7002563100551],[4.271684498377488,43.70025527479047],[4.271583782141805,43.70024498344634],[4.271581910056479,43.70024472055522],[4.27158008489565,43.70024432001595],[4.27157832583343,43.70024378603636],[4.271545823538778,43.70023246656213],[4.271545657063065,43.700232407843004],[4.270992667308641,43.70003488211002],[4.270989429681125,43.70003807549395],[4.270977588687067,43.700047680660056],[4.270964539105121,43.70005642278556],[4.270950399885858,43.70006422218317],[4.2709384342717325,43.700069599251215],[4.270914471703885,43.70010517548089],[4.271329911646163,43.70025409912755],[4.271560363478777,43.700336133817956]]]},"properties":{"cle":"vivier:30341:038","id_pk":"30341:038","source":"vivier","id_source":"30341:038","insee":"30341","commune":"Vauvert","nom":null,"surf_m2":636.8,"nb_pl_est":28,"nb_places":null,"nb_pl_reel":null,"stat_auto":"public","statut":null,"proprio":"commune","proprio_nm":null,"part_pub":1.0,"acces_osm":null,"payant":null,"sud_canal":null,"avis_ia":"a_verifier","motif_ia":"Relecture 05/10 : bande etroite le long de la voie pres de la piscine, un vehicule : a confirmer.","emprise":"estimee","note_emprise":null,"parcelles":["AN149"],"a_verif":true,"motif_ver":"Relecture 05/10 : bande etroite le long de la voie pres de la piscine, un vehicule : a confirmer."}},{"type":"Feature","geometry":{"type":"Polygon","coordinates":[[[4.263988137245177,43.698208477067844],[4.264352917671203,43.69821623389509],[4.264503121376039,43.69813478715892],[4.264492392539977,43.69807273242852],[4.264374375343323,43.698068854005754],[4.263998866081238,43.69812315190187],[4.263988137245177,43.698208477067844]]]},"properties":{"cle":"vivier:30341:049","id_pk":"30341:049","source":"vivier","id_source":"30341:049","insee":"30341","commune":"Vauvert","nom":null,"surf_m2":506.5,"nb_pl_est":23,"nb_places":null,"nb_pl_reel":null,"stat_auto":"public","statut":null,"proprio":"commune","proprio_nm":null,"part_pub":1.0,"acces_osm":null,"payant":null,"sud_canal":null,"avis_ia":"candidat","motif_ia":"Relecture 05/10 : petit parking occupe en coeur de lotissement, vehicules ranges.","emprise":"tracee","note_emprise":"poche de stationnement marquee","parcelles":["AP79"],"a_verif":false,"motif_ver":null}},{"type":"Feature","geometry":{"type":"Polygon","coordinates":[[[4.29841697216034,43.64365318252757],[4.298497438430785,43.64366094640889],[4.298492074012756,43.643505668591686],[4.298556447029113,43.64346684907468],[4.298567175865173,43.643327098605745],[4.2983633279800415,43.64328827897332],[4.298374056816101,43.64346296712161],[4.29842233657837,43.64349402273921],[4.298400878906251,43.64358330755047],[4.29841697216034,43.64365318252757]]]},"properties":{"cle":"vivier:30341:054","id_pk":"30341:054","source":"vivier","id_source":"30341:054","insee":"30341","commune":"Vauvert","nom":null,"surf_m2":431.5,"nb_pl_est":20,"nb_places":null,"nb_pl_reel":null,"stat_auto":"public","statut":null,"proprio":"commune","proprio_nm":null,"part_pub":1.0,"acces_osm":null,"payant":null,"sud_canal":null,"avis_ia":"a_verifier","motif_ia":"Relecture 05/10 : bande compactee sous arbres pres du commerce, vehicules ranges : a confirmer.","emprise":"tracee","note_emprise":"cour nue avec stationnement","parcelles":["CW88"],"a_verif":true,"motif_ver":"Relecture 05/10 : bande compactee sous arbres pres du commerce, vehicules ranges : a confirmer."}},{"type":"Feature","geometry":{"type":"Polygon","coordinates":[[[4.22271067276597,43.73997195396513],[4.224309283308685,43.74022419765461],[4.224420078098773,43.7401955336525],[4.224404250271618,43.73989169438652],[4.223201335407793,43.73975983913095],[4.222876864951104,43.73970824351712],[4.222726500593125,43.73973117490654],[4.22271067276597,43.73997195396513]]]},"properties":{"cle":"vivier:30344:010","id_pk":"30344:010","source":"vivier","id_source":"30344:010","insee":"30344","commune":"Vergèze","nom":null,"surf_m2":4653.6,"nb_pl_est":124,"nb_places":null,"nb_pl_reel":null,"stat_auto":"public","statut":null,"proprio":"commune","proprio_nm":null,"part_pub":1.0,"acces_osm":null,"payant":null,"sud_canal":null,"avis_ia":"a_verifier","motif_ia":"Relecture 05/10 : bande compactee avec depots derriere les batiments d'activite : usage a confirmer.","emprise":"tracee","note_emprise":"bande nue compactee","parcelles":["AH199"],"a_verif":true,"motif_ver":"Relecture 05/10 : bande compactee avec depots derriere les batiments d'activite : usage a confirmer."}},{"type":"Feature","geometry":{"type":"MultiPolygon","coordinates":[[[[4.224340101274292,43.74447784091042],[4.224382776659127,43.74451730336711],[4.224466733196622,43.74456270051147],[4.2246024918600575,43.744565173391045],[4.224667739547297,43.74452709924031],[4.224669743417357,43.74452604483409],[4.224671882205313,43.74452514039275],[4.224674134633419,43.744524394914095],[4.22467647829338,43.74452381581454],[4.2246788898692795,43.74452340885525],[4.2246813453695475,43.74452317808487],[4.224683820365622,43.74452312579922],[4.2246862902350015,43.74452325251844],[4.224688730406174,43.7445235569819],[4.224691116603091,43.744524036160634],[4.224693425086655,43.74452468528751],[4.224695632890906,43.744525497904704],[4.224697718051489,43.74452646592789],[4.224699659824164,43.74452757972667],[4.2247005018251365,43.74452817061671],[4.224776832583095,43.74424564718553],[4.224777440503136,43.744243877705436],[4.22477829229278,43.7442421619078],[4.224779379206956,43.74424051740815],[4.224780690086647,43.74423896109003],[4.2247822114734594,43.744237508931676],[4.22478392774779,43.744236175841884],[4.2247858212892,43.7442349755071],[4.224787872657303,43.74423392025075],[4.224790060791366,43.7442330209068],[4.224792363226526,43.74423228670852],[4.224794756324433,43.74423172519371],[4.22479721551593,43.744231342127215],[4.224799715553307,43.74423114144188],[4.224802230769502,43.74423112519809],[4.2248047353416105,43.74423129356257],[4.224898046415822,43.744241043637594],[4.224900371295516,43.74424136928065],[4.224902642802742,43.744241854029006],[4.2249048402705816,43.74424249347228],[4.224905071127464,43.744242579992275],[4.224907869695741,43.744230287941384],[4.224848703128459,43.74421996460434],[4.22484583435199,43.744219356730376],[4.224843059549712,43.74421855158635],[4.224840404464144,43.74421755664177],[4.224837893727163,43.744216381127],[4.224835550631474,43.74421503594757],[4.224833396914541,43.744213533583014],[4.224831452556903,43.74421188797117],[4.224829735596818,43.74421011437878],[4.224828261962918,43.74420822925984],[4.224827045326436,43.744206250103105],[4.224826096974374,43.744204195269674],[4.22482542570479,43.744202083822714],[4.224825037745184,43.74419993535064],[4.224824936694713,43.74419776978532],[4.224825123490816,43.744195607217236],[4.224874088997868,43.74387629138591],[4.224679638975242,43.74386268004773],[4.224682189610039,43.743867878291006],[4.224686520230811,43.743880363891414],[4.224689190370215,43.74389309181608],[4.224690175735486,43.74390594627239],[4.224689467361104,43.74391881031655],[4.22468707169039,43.743931566917496],[4.224644248274688,43.7440992941252],[4.2246876873478785,43.744036023185295],[4.224688888976647,43.74403447057434],[4.2246902963193955,43.74403301163135],[4.224691895604296,43.7440316606331],[4.224693671181245,43.7440304308],[4.224695605674999,43.74402933416685],[4.22469768015521,43.74402838146489],[4.224699874321672,43.74402758201701],[4.2247021667029685,43.744026943646325],[4.224704534866589,43.744026472599735],[4.22470695563844,43.74402617348674],[4.224709405329623,43.744026049234385],[4.2247118599682505,43.74402610105854],[4.224714295534012,43.74402632845209],[4.224716688193245,43.74402672918982],[4.22471901453215,43.74402729935024],[4.224721251785918,43.74402803335395],[4.224815101573827,43.74406297627887],[4.224817201134517,43.7440638544502],[4.224819172550897,43.74406487688429],[4.224820997026984,43.74406603383299],[4.224822657167754,43.7440673142657],[4.224824137144993,43.74406870597439],[4.224825422848213,43.74407019569024],[4.224826502019179,43.74407176920987],[4.2248273643687835,43.74407341153092],[4.224828001675146,43.744075106995155],[4.224828407862004,43.74407683943753],[4.224828579056648,43.744078592340514],[4.224828513626842,43.74408034899148],[4.224828212196389,43.74408209264205],[4.224827677639183,43.74408380666784],[4.224826915051813,43.74408547472684],[4.224825931704962,43.744087080915364],[4.224771739449563,43.744165086814725],[4.224770540300982,43.74416662087357],[4.22476913983891,43.74416806249642],[4.224767551506671,43.74416939784477],[4.224765790551006,43.74417061410035],[4.224763873875703,43.744171699588044],[4.224761819879347,43.744172643888014],[4.224759648278694,43.74417343793569],[4.224758451671772,43.744173773530356],[4.224730487363005,43.74421335636677],[4.224729302502644,43.74421485217831],[4.224727925559688,43.744216258884315],[4.224726369182932,43.74421756356253],[4.22472464766948,43.744218754228],[4.224722776833409,43.74421981994311],[4.2247207738605015,43.74422075091799],[4.224718657150367,43.7442215386006],[4.224716446147432,43.744222175755155],[4.224714161162309,43.744222656528635],[4.224711823185225,43.7442229765046],[4.224709453693201,43.7442231327437],[4.2247070744527635,43.74422312381069],[4.224704707319983,43.744222949787634],[4.224702374039711,43.74422261227314],[4.224700096045822,43.744222114367666],[4.224697894264324,43.74422146064504],[4.2246125634410845,43.74419259007119],[4.224590060863019,43.7441885664114],[4.22458864904898,43.7441897142269],[4.224575068763956,43.74419876638281],[4.224560319460569,43.74420679976363],[4.224544545947202,43.74421373549749],[4.224527903088123,43.74421950548927],[4.224510554283014,43.744224053089],[4.224492669862679,43.74422733364829],[4.224474425416713,43.74422931495849],[4.224456000069525,43.74422997756705],[4.224439821667646,43.74422997757022],[4.224411639119212,43.744239901015476],[4.224340101274292,43.74447784091042]]],[[[4.2242701,43.74469210000001],[4.2244305,43.74472900000001],[4.224604099999999,43.74474390000001],[4.2247217,43.744734799999996],[4.224817284280178,43.7447165005512],[4.2248161473921995,43.744716343584926],[4.224813796740717,43.74471584068342],[4.224811525948031,43.74471517219118],[4.22480935714794,43.74471434462412],[4.224807311480105,43.74471336604866],[4.2248054088839915,43.74471224600316],[4.22480366790452,43.74471099540489],[4.224802105511294,43.74470962644364],[4.224800736933217,43.7447081524629],[4.224799575510028,43.744706587829796],[4.224798632562297,43.744704947795114],[4.224797917281075,43.7447032483445],[4.2247974366383,43.744701506042794],[4.224797195318862,43.74469973787252],[4.224797195674913,43.74469796106829],[4.2247974377029625,43.7446961929489],[4.224805996933921,43.744654657219094],[4.224804383117584,43.744655060816356],[4.224801322643163,43.74465558225062],[4.224798205099119,43.744655876505554],[4.22479506248594,43.74465594056072],[4.224791927061441,43.74465577375861],[4.224721031703046,43.744649371349375],[4.2247180319660815,43.74464899128555],[4.2247150980590105,43.74464839989213],[4.224712258236996,43.74464760286452],[4.224709539849096,43.74464660787857],[4.224706969074895,43.744645424516534],[4.224704570672369,43.74464406417489],[4.224702367739454,43.74464253995441],[4.2247003814915995,43.74464086653425],[4.224698631057453,43.74463906003035],[4.224697133294639,43.74463713784034],[4.224695902627417,43.744635118475976],[4.22469495090776,43.74463302138484],[4.224694287301221,43.74463086676307],[4.224693918198664,43.74462867536087],[4.224693847154715,43.74462646828266],[4.224694074853529,43.74462426678379],[4.22469459910221,43.744622092065875],[4.224695414851925,43.7446199650727],[4.224696514246527,43.744617906288276],[4.22469788669822,43.74461593553988],[4.224699518989524,43.744614071806865],[4.224701395400566,43.74461233303798],[4.2247034978604745,43.74461073597852],[4.22470580612141,43.74460929600902],[4.224708297953561,43.74460802699717],[4.224710949359236,43.744606941164214],[4.224713734803965,43.744606048967334],[4.224716627462418,43.74460535899884],[4.224719599476736,43.74460487790352],[4.224722622224831,43.74460461031455],[4.22472566659602,43.74460455880898],[4.224728703271378,43.744604723882844],[4.224778161823193,43.744609190384445],[4.2248102602141415,43.744564320339194],[4.224733884320074,43.74455398802826],[4.224738046059464,43.7445572152468],[4.224739579576325,43.74455852441776],[4.224740933968104,43.74455993360574],[4.224742096899357,43.74456142997628],[4.224743057778398,43.74456299990083],[4.224743807853781,43.74456462908093],[4.224744340294004,43.744566302678415],[4.224744650249722,43.744568005450645],[4.224744734897921,43.74456972188922],[4.224744593467627,43.74457143636124],[4.22474422724693,43.74457313325178],[4.224743639571253,43.74457479710599],[4.224742835792973,43.74457641276994],[4.224741823232672,43.74457796552856],[4.2247406111124715,43.74457944123973],[4.224739210472032,43.74458082646308],[4.224737634068008,43.74458210858232],[4.224735896257872,43.744583275920284],[4.224656246636127,43.7446318694109],[4.2246542209398195,43.74463298200771],[4.224652048952521,43.744633938627345],[4.224649753437823,43.74463472924391],[4.224647358453951,43.74463534557135],[4.2246448891016275,43.74463578115017],[4.2246423712609955,43.74463603141529],[4.224639831320386,43.744636093743814],[4.224451091537895,43.74463371608094],[4.2244486802373125,43.74463360041689],[4.224446295874387,43.744633315329544],[4.224443961044068,43.744632863520486],[4.2244416978719235,43.74463224927118],[4.224439527804456,43.744631478402454],[4.224437471405889,43.74463055821928],[4.224320781207625,43.74457247278363],[4.2243188496157185,43.74457140691039],[4.224317070853952,43.744570209363275],[4.224315461930834,43.74456889159319],[4.224272085533359,43.74452965538905],[4.224271369214128,43.74453218137354],[4.224266845750121,43.74454494028379],[4.22426062821785,43.744557318745194],[4.2242557299116505,43.74456472954369],[4.224256103683677,43.74456497883633],[4.224257704344832,43.74456627459194],[4.224259124986139,43.74456767632084],[4.224260352336916,43.7445691709291],[4.224261374932068,43.744570744455025],[4.224262183219187,43.74457238219983],[4.2242627696477815,43.74457406886482],[4.224263128739811,43.7445757886943],[4.224263257140864,43.74457752562277],[4.224263153651479,43.74457926342505],[4.224262819238362,43.744580985867735],[4.22426225702536,43.744582676860915],[4.224261472264264,43.744584320608475],[4.2242604722857715,43.74458590175565],[4.2242592664309955,43.74458740553238],[4.224257865964204,43.74458881789141],[4.224218902037988,43.74462435427593],[4.224217322514733,43.74462566016629],[4.224215576710738,43.744626849593],[4.2242136808857955,43.744627911478155],[4.224211652696949,43.7446288359317],[4.224209511034032,43.74462961434364],[4.2242072758437414,43.744630239464094],[4.224204967943854,43.74463070547091],[4.2242026088293425,43.74463100802388],[4.224200220472177,43.74463114430511],[4.224197825116682,43.74463111304532],[4.224195445072364,43.74463091453571],[4.224193102506124,43.74463055062504],[4.2241908192358055,43.744630024702694],[4.22418861652699,43.74462934166694],[4.224186514894934,43.74462850787932],[4.2241845339135,43.74462753110546],[4.224177520366996,43.74462370142608],[4.224176507218182,43.74462413982943],[4.224160070445128,43.744629756692966],[4.224143064946355,43.74463415717394],[4.2242701,43.74469210000001]]]]},"properties":{"cle":"vivier:30344:015","id_pk":"30344:015","source":"vivier","id_source":"30344:015","insee":"30344","commune":"Vergèze","nom":null,"surf_m2":2053.4,"nb_pl_est":56,"nb_places":null,"nb_pl_reel":null,"stat_auto":"public","statut":null,"proprio":"commune","proprio_nm":null,"part_pub":1.0,"acces_osm":null,"payant":null,"sud_canal":null,"avis_ia":"a_verifier","motif_ia":"Relecture 05/10 : aire stabilisee d'equipement de quartier et ses acces, quelques vehicules : emprise a resserrer.","emprise":"estimee","note_emprise":null,"parcelles":["AC86"],"a_verif":true,"motif_ver":"Relecture 05/10 : aire stabilisee d'equipement de quartier et ses acces, quelques vehicules : emprise a resserrer."}},{"type":"Feature","geometry":{"type":"Polygon","coordinates":[[[4.222987540997565,43.74057070801973],[4.223657324910164,43.74063845655695],[4.223781935870647,43.74073330438022],[4.22421807423234,43.740755887173165],[4.224211843684316,43.74068362220582],[4.224109039641916,43.74048037651753],[4.223850471898913,43.74048940967391],[4.223844241350889,43.74061587371974],[4.223657324910163,43.74058425773334],[4.2229968868196,43.74053683372237],[4.222987540997565,43.74057070801973]]]},"properties":{"cle":"vivier:30344:024","id_pk":"30344:024","source":"vivier","id_source":"30344:024","insee":"30344","commune":"Vergèze","nom":null,"surf_m2":1204.1,"nb_pl_est":43,"nb_places":null,"nb_pl_reel":null,"stat_auto":"public","statut":null,"proprio":"commune","proprio_nm":null,"part_pub":1.0,"acces_osm":null,"payant":null,"sud_canal":null,"avis_ia":"a_verifier","motif_ia":"Relecture 05/10 : cour d'activite le long de la voie ferree, vehicules ranges : usage a confirmer.","emprise":"tracee","note_emprise":"parvis et bande de stationnement","parcelles":["AH203"],"a_verif":true,"motif_ver":"Relecture 05/10 : cour d'activite le long de la voie ferree, vehicules ranges : usage a confirmer."}},{"type":"Feature","geometry":{"type":"Polygon","coordinates":[[[4.216178467031569,43.74325529300331],[4.21702821739018,43.743318951066854],[4.217086820863187,43.74325529300331],[4.217057519126683,43.74317041547991],[4.216383579187095,43.743149196080225],[4.216178467031568,43.74317041547991],[4.216178467031569,43.74325529300331]]]},"properties":{"cle":"vivier:30344:012","id_pk":"30344:012","source":"vivier","id_source":"30344:012","insee":"30344","commune":"Vergèze","nom":null,"surf_m2":1021.5,"nb_pl_est":39,"nb_places":null,"nb_pl_reel":null,"stat_auto":"public","statut":null,"proprio":"commune","proprio_nm":null,"part_pub":1.0,"acces_osm":null,"payant":null,"sud_canal":null,"avis_ia":"candidat","motif_ia":"Relecture 05/10 : bande de stationnement le long de la voie, vehicules ranges.","emprise":"tracee","note_emprise":"bande de stationnement sous les arbres","parcelles":["AE252"],"a_verif":false,"motif_ver":null}}]}