{"type": "FeatureCollection", "features": [{"type": "Feature", "properties": {"parcelle": "AB660", "surf_m2": 1087.7, "surf_parcelle": 10230, "d_bati": 2.0, "d_route": 1.5, "n_bati_100": 95, "part_coeur": 0.26, "allongement": 12.9, "etalement": 4.22, "groupe": 12, "morceaux_groupe": 4, "surf_groupe": 3612.0, "avis": "a_verifier", "motif_avis": "Aire nue pr\u00e8s de l'\u00e9cole, centre de Manduel : stationnement ou cour d'\u00e9cole ?", "lat": 43.81683, "lon": 4.471781, "connue": null}, "geometry": {"type": "Polygon", "coordinates": [[[4.471849, 43.8163798], [4.4712858, 43.8163577], [4.471288660734659, 43.81637974540061], [4.471295761082135, 43.81642875027824], [4.471326383140954, 43.816456490256456], [4.471479629351702, 43.81648032548354], [4.471480849413514, 43.81648054666793], [4.471590820811177, 43.816503363829696], [4.471592548072824, 43.8165037894598], [4.471594209599092, 43.816504335315166], [4.471595789473761, 43.81650499616686], [4.47168008389679, 43.816544360647114], [4.471681546368665, 43.8165451183348], [4.471682901213665, 43.81654597453061], [4.4716841358244555, 43.81654692126737], [4.471685238712524, 43.81654794973529], [4.4717222692243865, 43.8165861520012], [4.471723134225743, 43.816587131531065], [4.471723879607826, 43.81658816132613], [4.471724499840665, 43.81658923374639], [4.471724990322774, 43.81659034083562], [4.471746330697989, 43.81664675583543], [4.4717467364356125, 43.81664809019177], [4.471746953803949, 43.81664944741206], [4.471746980575907, 43.81665081359075], [4.4717288856808, 43.81701017713399], [4.4717287290316525, 43.81701149891744], [4.4717283939478625, 43.81701280318281], [4.4717278836660785, 43.81701407733189], [4.47172720311523, 43.8170153090573], [4.471726358868924, 43.81701648646152], [4.471725359081942, 43.81701759817169], [4.471724213411475, 43.817018633449486], [4.471722932923845, 43.81701958229495], [4.471721529987608, 43.81702043554287], [4.471720018154081, 43.81702118495157], [4.471718412026458, 43.817021823282275], [4.471716727118741, 43.817022344369185], [4.471714979705888, 43.81702274317898], [4.4717131866666175, 43.81702301585948], [4.471711365320364, 43.81702315977678], [4.471709533259984, 43.817023173540726], [4.471646694646371, 43.81702140788142], [4.471648345829021, 43.817022177600336], [4.471650246643731, 43.81702326705937], [4.471651991846892, 43.817024485414755], [4.4716535648374744, 43.817025821077024], [4.471654950652597, 43.81702726134089], [4.471656136109857, 43.817028792506015], [4.471657109932728, 43.81703040000739], [4.471657862857825, 43.817032068553864], [4.471658387723022, 43.8170337822736], [4.4716586795355875, 43.81703552486503], [4.471658735519665, 43.817037279752], [4.471658555142696, 43.817039030241354], [4.471658511954278, 43.81703928266471], [4.4718129, 43.817043899999994], [4.471849, 43.8163798]]]}}, {"type": "Feature", "properties": {"parcelle": "AB661", "surf_m2": 930.7, "surf_parcelle": 1370, "d_bati": 2.0, "d_route": 8.4, "n_bati_100": 102, "part_coeur": 0.28, "allongement": 12.9, "etalement": 4.22, "groupe": 12, "morceaux_groupe": 4, "surf_groupe": 3612.0, "avis": "a_verifier", "motif_avis": "Aire nue pr\u00e8s de l'\u00e9cole, centre de Manduel : stationnement ou cour d'\u00e9cole ?", "lat": 43.816688, "lon": 4.471865, "connue": null}, "geometry": {"type": "Polygon", "coordinates": [[[4.4718129, 43.817043899999994], [4.4719527, 43.817049200000014], [4.4719637763342, 43.8170026747886], [4.471905657696218, 43.81699596686725], [4.471903310190637, 43.81699561108015], [4.471901020970073, 43.81699509312475], [4.471898811348455, 43.816994417823494], [4.471896701898595, 43.81699359146386], [4.471894712260652, 43.816992621739686], [4.471892860959264, 43.81699151767967], [4.471891165231077, 43.8169902895632], [4.471889640864257, 43.81698894882475], [4.471888302051499, 43.816987507947346], [4.471887161257881, 43.816985980346345], [4.4718862291048165, 43.81698438024457], [4.471885514271147, 43.81698272253988], [4.471885023412355, 43.81698102266641], [4.471884761098587, 43.81697929645092], [4.471884729772109, 43.81697755996544], [4.471884929724566, 43.816975829377604], [4.471914370643448, 43.816814938067935], [4.471899003870669, 43.816813411371534], [4.471896604690807, 43.81681308540511], [4.4718942612383925, 43.816812590607064], [4.471891996115723, 43.81681193174967], [4.471889831169614, 43.81681111518751], [4.4718877872806875, 43.81681014879626], [4.471885884161982, 43.8168090418966], [4.471884140168821, 43.81680780516444], [4.471882572121781, 43.816806450527906], [4.471881195144458, 43.81680499105228], [4.471880022517602, 43.81680344081406], [4.471879065551026, 43.81680181476503], [4.471878333474527, 43.81680012858824], [4.4718778333488665, 43.816798398546645], [4.471877569997663, 43.816796641326256], [4.471877545960889, 43.81679487387522], [4.471877761470346, 43.816793113240365], [4.471918292950708, 43.816581054746706], [4.471918745487149, 43.81657931922883], [4.47191943076831, 43.81657762418478], [4.47192034219486, 43.81657598593801], [4.4719214709896775, 43.8165744202649], [4.471922806282372, 43.81657294224304], [4.471924335213965, 43.81657156610585], [4.471926043060724, 43.81657030510564], [4.471927913375952, 43.81656917138593], [4.471929928148381, 43.81656817586451], [4.471932067975606, 43.81656732812835], [4.471934312250942, 43.81656663634117], [4.471936639361862, 43.81656610716492], [4.47193902689813, 43.81656574569563], [4.471941451867611, 43.81656555541428], [4.471943890917689, 43.81656553815326], [4.471946320560149, 43.816565694078825], [4.4720567924759225, 43.816576761540894], [4.472058523841762, 43.81656889642914], [4.472059044046707, 43.8165671170962], [4.472059809603011, 43.816565384864866], [4.472060812692753, 43.81656371742475], [4.472062043072309, 43.81656213180387], [4.472063488176963, 43.81656064419463], [4.4720651332492265, 43.81655926978859], [4.472066961489521, 43.81655802262123], [4.472068954227768, 43.816556915428706], [4.472071091114022, 43.816555959517686], [4.472073350326293, 43.81655516465001], [4.472075708793403, 43.816554538942896], [4.472078142430576, 43.81655408878605], [4.4720806263854005, 43.816553818776555], [4.472083135291621, 43.81655373167171], [4.472085643528175, 43.81655382836109], [4.4720881254808384, 43.816554107857236], [4.4721146630283, 43.816558099849736], [4.4721211050873, 43.816558708196304], [4.472121999999998, 43.81655779999999], [4.4722123, 43.81652310000002], [4.472218299999999, 43.816468099999994], [4.472232599999999, 43.8164689], [4.472246520664263, 43.8164047291458], [4.472246010646979, 43.81640426621742], [4.472244681351659, 43.816402780879315], [4.47224355996992, 43.81640120818054], [4.472242657346804, 43.81639956333091], [4.4722419822117105, 43.81639786223803], [4.472241541093958, 43.81639612135346], [4.472241338259648, 43.81639435751357], [4.472241366060713, 43.81639304236835], [4.471849, 43.8163798], [4.4718129, 43.817043899999994]]]}}, {"type": "Feature", "properties": {"parcelle": "AB631", "surf_m2": 693.1, "surf_parcelle": 1435, "d_bati": 2.0, "d_route": 4.3, "n_bati_100": 114, "part_coeur": 0.14, "allongement": 14.7, "etalement": 4.22, "groupe": 12, "morceaux_groupe": 4, "surf_groupe": 3612.0, "avis": "a_verifier", "motif_avis": "Aire nue pr\u00e8s de l'\u00e9cole, centre de Manduel : stationnement ou cour d'\u00e9cole ?", "lat": 43.81687, "lon": 4.472462, "connue": null}, "geometry": {"type": "Polygon", "coordinates": [[[4.472157859897019, 43.81705440712265], [4.472158236895144, 43.81705270948561], [4.47215883590384, 43.81705104564548], [4.472159651455851, 43.81704943078835], [4.472160676107489, 43.817047879653266], [4.472161900506591, 43.81704640639769], [4.4721633134778696, 43.81704502446822], [4.472164902124914, 43.817043746477935], [4.472166651947897, 43.81704258409125], [4.47216854697592, 43.81704154791743], [4.472170569912776, 43.817040647413776], [4.472172702294824, 43.81703989079934], [4.472174924659496, 43.817039284979835], [4.472177216722948, 43.81703883548466], [4.472179557565184, 43.81703854641642], [4.472181925820997, 43.8170384204135], [4.472184299874974, 43.81703845862596], [4.4722281166942475, 43.817040683528035], [4.472239233002633, 43.81695977902418], [4.472238401343238, 43.816959664744395], [4.472236008192082, 43.81695915140935], [4.47223369820649, 43.81695846687456], [4.472231494679297, 43.816957618042565], [4.472229419829858, 43.816956613472634], [4.47222749458, 43.816955463294356], [4.472225738343051, 43.81695417910561], [4.472224168828084, 43.81695277385556], [4.472222801861355, 43.81695126171413], [4.472221651226708, 43.81694965792902], [4.472220728526597, 43.81694797867207], [4.472220043065082, 43.81694624087617], [4.472219601754017, 43.81694446206439], [4.472219409043357, 43.8169426601735], [4.472219466876282, 43.81694085337289], [4.47222541629322, 43.81688226988947], [4.472225713533604, 43.816880520220444], [4.47222624574388, 43.81687880000042], [4.472227007818084, 43.816877125732866], [4.472227992444964, 43.81687551348054], [4.472229190178131, 43.81687397871111], [4.472230589526696, 43.81687253614895], [4.472232177065495, 43.81687119963377], [4.472233937563905, 43.81686998198795], [4.472235854131953, 43.81686889489332], [4.472237908382361, 43.81686794877937], [4.47224008060695, 43.81686715272296], [4.47224234996572, 43.81686651436132], [4.4722446946867755, 43.81686603981883], [4.472247092275216, 43.81686573364814], [4.472249519728937, 43.81686559878663], [4.472251953759312, 43.81686563652812], [4.472321653942739, 43.816869195645396], [4.472324132837712, 43.81686941327161], [4.472326569067982, 43.81686980989352], [4.472328938046063, 43.816870381508274], [4.472331215863208, 43.816871122346846], [4.472333379530701, 43.81687202493242], [4.472335407211869, 43.816873080155716], [4.472337278442467, 43.81687427736694], [4.472338974337223, 43.81687560448333], [4.472340477780412, 43.81687704811106], [4.472341773598623, 43.81687859368039], [4.472342848713876, 43.816880225592776], [4.4723436922756195, 43.81688192737823], [4.472344295770241, 43.81688368186164], [4.472344653106986, 43.81688547133594], [4.472344748817988, 43.81688707855829], [4.472577599999999, 43.81689560000002], [4.472650337539757, 43.81676223293356], [4.472500796645185, 43.81674491673645], [4.4724983769836655, 43.816744546325154], [4.472496020136211, 43.81674400363461], [4.472494005848928, 43.81674337416693], [4.472497300000001, 43.81677810000001], [4.4722719, 43.816788800000005], [4.472263553109766, 43.81670336715141], [4.472260959736007, 43.81670120891342], [4.472173273326983, 43.816691948275], [4.472159391785576, 43.81675220112071], [4.472158886926965, 43.81675388893703], [4.4721581609878545, 43.816755533946925], [4.472157220651966, 43.816757121004706], [4.472156074576981, 43.816758635498346], [4.472154733314829, 43.816760063483784], [4.472153209214538, 43.81676139181358], [4.472151516308531, 43.81676260825773], [4.472149670183435, 43.816763701616395], [4.472147687836577, 43.81676466182301], [4.472146430756044, 43.81676515153989], [4.472143959573164, 43.816777277652804], [4.472143485513281, 43.816779010200044], [4.472142779207962, 43.81678070075905], [4.472141847459295, 43.81678233304883], [4.472140699240513, 43.81678389134952], [4.472139345609578, 43.81678536065381], [4.472137799602687, 43.81678672681153], [4.472136076108727, 43.8167879766658], [4.472134191725888, 43.81678909817984], [4.472132164601812, 43.81679008055285], [4.472130014258817, 43.81679091432404], [4.472127761405898, 43.81679159146371], [4.472125495278352, 43.816792090575255], [4.472123902885072, 43.81679954077178], [4.4721566833233295, 43.816803214278586], [4.472159076819114, 43.81680357050843], [4.472161410442755, 43.816804095189276], [4.472163661640945, 43.81680478325035], [4.4721658086569755, 43.81680562804189], [4.472167830741005, 43.81680662139941], [4.47216970835059, 43.816807753722586], [4.472171423339562, 43.816809014068134], [4.4721729591333945, 43.81681039025536], [4.472174300889392, 43.81681186898416], [4.472175435640133, 43.81681343596334], [4.472176352418794, 43.816815076048826], [4.4721770423651455, 43.816816773389974], [4.4721774988111775, 43.81681851158286], [4.4721777173455415, 43.81682027382868], [4.472177695856187, 43.816822043096195], [4.472177434550779, 43.816823802286336], [4.472138531776926, 43.81700253713234], [4.472138041610832, 43.81700424572209], [4.472137325227171, 43.817005911907735], [4.472136389360766, 43.817007520025214], [4.472135242809844, 43.81700905495631], [4.472133896353314, 43.81701050227089], [4.472132362649429, 43.817011848362476], [4.4721306561168, 43.817013080576245], [4.472128792798829, 43.81701418732793], [4.472126790212886, 43.81701515821274], [4.472124667185632, 43.81701598410326], [4.472122443676016, 43.81701665723511], [4.472120140587647, 43.81701717128006], [4.472117779572262, 43.8170175214055], [4.472115382826191, 43.817017704319845], [4.472112972881669, 43.81701771830347], [4.4721105723950165, 43.817017563224894], [4.471975979859922, 43.81700407942745], [4.47197547384792, 43.817004024885165], [4.4719637763342, 43.8170026747886], [4.4719527, 43.817049200000014], [4.4719610535241365, 43.81704949999017], [4.4719611644212796, 43.81704812019045], [4.471961424989425, 43.817046366232645], [4.471961921445275, 43.81704463917092], [4.471962649019295, 43.8170429555974], [4.471963600721561, 43.817041331686376], [4.471964767408928, 43.81703978303896], [4.4719661378728635, 43.81703832453324], [4.471967698947126, 43.81703697018125], [4.471969435634263, 43.81703573299444], [4.471971331249689, 43.817034624858614], [4.471973367581974, 43.81703365641978], [4.471975525067814, 43.81703283698181], [4.471977782979959, 43.81703217441719], [4.471980119626366, 43.81703167509127], [4.471982512558572, 43.81703134380111], [4.471984938787381, 43.817031183729455], [4.4719873750037085, 43.817031196414156], [4.47203714774214, 43.81703322463162], [4.472039608667105, 43.81703341426467], [4.472042031350448, 43.81703378015762], [4.472044391774899, 43.81703431868318], [4.4720466665404, 43.81703502450269], [4.47204883309606, 43.81703589061896], [4.472050869963728, 43.817036908445814], [4.472052756950911, 43.817038067892994], [4.472054475350954, 43.81703935746633], [4.472056008128485, 43.817040764381616], [4.472057340088299, 43.817042274691424], [4.472058458025993, 43.817043873423295], [4.472059350858872, 43.81704554472817], [4.472060009735813, 43.81704727203759], [4.472060428125014, 43.81704903822786], [4.472060601878754, 43.81705082578982], [4.472060529274496, 43.81705261700251], [4.472060448262148, 43.81705306938565], [4.472157527245831, 43.81705655553146], [4.472157859897019, 43.81705440712265]]]}}, {"type": "Feature", "properties": {"parcelle": "AB487", "surf_m2": 901.0, "surf_parcelle": 1615, "d_bati": 2.0, "d_route": 4.5, "n_bati_100": 80, "part_coeur": 0.46, "allongement": 5.4, "etalement": 4.22, "groupe": 12, "morceaux_groupe": 4, "surf_groupe": 3612.0, "avis": "a_verifier", "motif_avis": "Aire nue pr\u00e8s de l'\u00e9cole, centre de Manduel : stationnement ou cour d'\u00e9cole ?", "lat": 43.816504, "lon": 4.472503, "connue": null}, "geometry": {"type": "Polygon", "coordinates": [[[4.472218299999999, 43.816468099999994], [4.472208642175067, 43.81656697459631], [4.472222141345485, 43.81656824935858], [4.472222384862683, 43.81656828150238], [4.472222645998594, 43.81656830082948], [4.472308112291399, 43.81657766572318], [4.47230968772028, 43.8165707922221], [4.472310189963154, 43.81656910591856], [4.4723109128603795, 43.81656746217838], [4.472311849770678, 43.8165658761026], [4.472312992086633, 43.816564362262504], [4.472314329313769, 43.81656293456573], [4.472315849166963, 43.81656160612857], [4.472317537683309, 43.81656038915534], [4.4723193793503935, 43.81655929482637], [4.472321357248814, 43.816558333195275], [4.4723234532076095, 43.81655751309658], [4.472325647971204, 43.816556842064514], [4.4723279213763005, 43.81655632626385], [4.472330252537127, 43.81655597043324], [4.472332620037314, 43.81655577784169], [4.472335002126636, 43.81655575025857], [4.472337376920845, 43.816555887937255], [4.472404565769566, 43.81656214146171], [4.472440033412133, 43.81654607361756], [4.472442219973367, 43.81654519073403], [4.472444518098546, 43.816544471598576], [4.472446904472896, 43.816543923506885], [4.472449354886354, 43.81654355201944], [4.472451844479171, 43.816543360905015], [4.472454347994122, 43.816543352102485], [4.47245684003274, 43.81654352570115], [4.472459295312983, 43.81654387993986], [4.47246168892573, 43.816544411224776], [4.472463996587482, 43.816545114165976], [4.472466194886723, 43.81654598163203], [4.472468261521424, 43.81654700482239], [4.472470175525313, 43.816548173356644], [4.472471917480568, 43.81654947537989], [4.472526529912562, 43.816594640335275], [4.472528011553513, 43.81659599115884], [4.4725293077889985, 43.81659743848771], [4.472530406711121, 43.81659896902598], [4.472531298224593, 43.816600568713326], [4.472531974139493, 43.816602222854186], [4.472532428246499, 43.81660391625278], [4.47253255851309, 43.8166048967607], [4.472722459423835, 43.81662817976051], [4.4728348, 43.816419], [4.4723220833310116, 43.81639650645781], [4.472322007084756, 43.81639702678799], [4.472321644918838, 43.816398722831764], [4.472321061301772, 43.81640038618684], [4.472320261540211, 43.81640200172877], [4.472319252906153, 43.816403554767874], [4.47231804457082, 43.81640503118279], [4.47231664752127, 43.81640641754885], [4.47231507446048, 43.81640770126021], [4.472313339691865, 43.81640887064442], [4.472311458989204, 43.816409915068604], [4.47230944945322, 43.816410825036066], [4.4723073293560835, 43.81641159227272], [4.47230511797527, 43.8164122098023], [4.47230283541828, 43.81641267200974], [4.472300502439799, 43.81641297469235], [4.472298140252981, 43.81641311509788], [4.472295770336569, 43.8164130919497], [4.472264659809984, 43.81641171192378], [4.47226223032704, 43.816411516961296], [4.472259839038676, 43.816411150150046], [4.4722575090714445, 43.81641061503749], [4.472255262958846, 43.81640991679884], [4.472253122423409, 43.81640906218685], [4.472251108166605, 43.8164080594666], [4.472249239668638, 43.81640691833561], [4.472247535000057, 43.81640564982989], [4.472246520664263, 43.8164047291458], [4.472232599999999, 43.8164689], [4.472218299999999, 43.816468099999994]]]}}, {"type": "Feature", "properties": {"parcelle": "AB247", "surf_m2": 667.4, "surf_parcelle": 906, "d_bati": 2.0, "d_route": 2.0, "n_bati_100": 64, "part_coeur": 0.28, "allongement": 14.7, "etalement": 5.06, "groupe": 42, "morceaux_groupe": 1, "surf_groupe": 667.0, "avis": "rejete", "motif_avis": "R\u00e9servoir d'eau", "lat": 43.817356, "lon": 4.475969, "connue": null}, "geometry": {"type": "Polygon", "coordinates": [[[4.475843900000001, 43.81752469999999], [4.476256256503777, 43.81738683178359], [4.476255771230176, 43.81738597936299], [4.476255066773188, 43.81738428696285], [4.476254594987304, 43.81738255268893], [4.476254360423125, 43.81738079326926], [4.476254365343129, 43.81737902567433], [4.476254609699837, 43.81737726695356], [4.4762550911362755, 43.817375534070734], [4.476255805008715, 43.81737384374042], [4.47625674443146, 43.81737221226675], [4.4762579003432625, 43.81737065538616], [4.476259261594729, 43.817369188115585], [4.4762608150558565, 43.81736782460758], [4.476262545742684, 43.81736657801393], [4.476264436961821, 43.81736546035867], [4.476266470471459, 43.81736448242219], [4.4762686266573235, 43.81736365363717], [4.476326540310074, 43.8173439684921], [4.4763287947932175, 43.817343297770485], [4.476331129160629, 43.817342790155664], [4.47633352096604, 43.81734245052865], [4.476335947210894, 43.81734228215516], [4.476338384565472, 43.81734228665417], [4.476340809593232, 43.81734246398243], [4.476343198976162, 43.81734281243484], [4.4763455297389925, 43.81734332866082], [4.476347779470118, 43.8173440076966], [4.476349926537099, 43.81734484301282], [4.4763519502946645, 43.817345826577444], [4.476353831283232, 43.81734694893298], [4.4763555514160185, 43.81734819928731], [4.476357094152961, 43.8173495656176], [4.476358444659755, 43.81735103478576], [4.4763594070342, 43.817352343853464], [4.476405, 43.81733710000001], [4.476338300000001, 43.81718899999999], [4.476329209884554, 43.817184484265745], [4.4761969854309, 43.81723427270409], [4.476193630202943, 43.81723531711949], [4.4760856308619585, 43.817262319348565], [4.475782999999998, 43.81736569999996], [4.475843900000001, 43.81752469999999]], [[4.476143408186138, 43.8173547450299], [4.47614103616564, 43.81735480590611], [4.476138666940577, 43.81735470268384], [4.476136322114423, 43.8173544363043], [4.476134023068179, 43.81735400919644], [4.4761317907653995, 43.81735342525481], [4.476129645561051, 43.81735268980396], [4.476127607015898, 43.81735180955006], [4.4761256937181475, 43.817350792519534], [4.47612392311395, 43.81734964798609], [4.476122311348322, 43.817348386385994], [4.476120873117927, 43.81734701922296], [4.476119621537066, 43.81734555896332], [4.476118568018101, 43.817344018922235], [4.476103805885832, 43.81731956920779], [4.476094923506879, 43.81732293671961], [4.476092700538971, 43.81732368088519], [4.476090387222364, 43.81732426303739], [4.47608800601472, 43.817324677524695], [4.476085580032794, 43.81732492032328], [4.476083132828004, 43.817324989076035], [4.476080688157808, 43.81732488311549], [4.476078269755053, 43.81732460347034], [4.476075901097582, 43.817324152855385], [4.4760736051803125, 43.81732353564517], [4.476071404291994, 43.81732275783157], [4.476069319798836, 43.81732182696563], [4.476067371937081, 43.81732075208414], [4.4760655796165505, 43.81731954362208], [4.476063960237071, 43.817318213311175], [4.476062529519555, 43.8173167740661], [4.476061301353382, 43.817315239859006], [4.476060287661561, 43.81731362558397], [4.476052460458677, 43.81729933074724], [4.476051667497393, 43.817297643001254], [4.476051109022643, 43.817295906731516], [4.476050790513869, 43.81729413897341], [4.4760507150960915, 43.81729235707123], [4.476050883509243, 43.8172905785081], [4.476051294100923, 43.81728882073433], [4.476051942842599, 43.81728710099625], [4.476052823369139, 43.81728543616706], [4.47605392704126, 43.81728384258115], [4.476055243030298, 43.817282335873976], [4.4760567584244475, 43.817280930828545], [4.4760584583554515, 43.81727964123041], [4.476060326144478, 43.81727847973241], [4.476062343465762, 43.81727745773056], [4.476064490526413, 43.817276585252195], [4.476066746260613, 43.817275870857614], [4.476069088536295, 43.81727532155608], [4.476083929863902, 43.817272420498064], [4.476086328797718, 43.81727204250942], [4.47608876752796, 43.81727183772446], [4.476091222262742, 43.817271808141044], [4.476093669054041, 43.817271954047776], [4.4760960840313295, 43.817272274021235], [4.476098443634453, 43.81727276493977], [4.476100724843476, 43.81727342201406], [4.476101179843456, 43.817273592453326], [4.476101688873706, 43.817273384842615], [4.476275336674676, 43.81721073064511], [4.47627761007218, 43.81721001057553], [4.476279971294344, 43.81720945822316], [4.476282396808983, 43.81720907909277], [4.4762848624431655, 43.817208876962816], [4.4762873436241275, 43.81720885384776], [4.476289815624167, 43.81720900997797], [4.476292253807073, 43.81720934379742], [4.476294633873666, 43.81720985197925], [4.476296932103953, 43.817210529458855], [4.47629912559353, 43.817211369484404], [4.476301192481848, 43.81721236368412], [4.476303112170074, 43.817213502149706], [4.476304865526385, 43.817214773535085], [4.4763064350766335, 43.81721616516951], [4.476307805178503, 43.81721766318379], [4.476308962177395, 43.81721925264857], [4.476338749820513, 43.8172656519201], [4.476339652738941, 43.81726725614554], [4.476340338472624, 43.81726891579553], [4.476340800668568, 43.81727061549416], [4.476341035044744, 43.81727233949463], [4.476341039429751, 43.817274071824954], [4.4763408137829455, 43.817275796435936], [4.4763403601948095, 43.81727749734998], [4.476339682867591, 43.8172791588089], [4.476338788076366, 43.817280765420136], [4.47633768411091, 43.81728230229927], [4.476336381198895, 43.817283755207846], [4.4763348914111365, 43.81728511068542], [4.47633322854976, 43.817286356174144], [4.476331408020339, 43.817287480135214], [4.476329446689164, 43.81728847215566], [4.476327362726989, 43.81728932304492], [4.476152495389716, 43.817352893885385], [4.476150325784894, 43.81735359079887], [4.4761480742693065, 43.81735413469363], [4.476145761373106, 43.8173545206103], [4.476143408186138, 43.8173547450299]]]}}, {"type": "Feature", "properties": {"parcelle": "AB31", "surf_m2": 659.3, "surf_parcelle": 1760, "d_bati": 2.0, "d_route": 2.3, "n_bati_100": 114, "part_coeur": 0.22, "allongement": 10.4, "etalement": 6.91, "groupe": 43, "morceaux_groupe": 1, "surf_groupe": 659.0, "avis": "candidat", "motif_avis": "Place plant\u00e9e devant un b\u00e2timent public, centre ancien", "lat": 43.819234, "lon": 4.470211, "connue": null}, "geometry": {"type": "Polygon", "coordinates": [[[4.469912708481935, 43.8194111097532], [4.469913596690126, 43.819409492667305], [4.469914696445555, 43.81940794525312], [4.46991599746591, 43.8194064819784], [4.469917487587129, 43.8194051165242], [4.4699191528771305, 43.81940386165702], [4.469920977766075, 43.81940272910936], [4.469922945191942, 43.819401729470115], [4.469925036760038, 43.81940087208555], [4.469927232914999, 43.81940016497187], [4.4699860785663, 43.819383636066], [4.469986172682624, 43.81938345919765], [4.469987296713483, 43.819381849186215], [4.469988637700829, 43.81938032873828], [4.469990182171533, 43.81937891313001], [4.469991914608044, 43.819377616584234], [4.469993817604291, 43.81937645212755], [4.46999587204057, 43.81937543145942], [4.469998057275636, 43.81937456483468], [4.470000351354092, 43.819373860960425], [4.47008428585144, 43.81935163032819], [4.470058990786576, 43.81930245001206], [4.4700582474531005, 43.819300752269776], [4.470057739504933, 43.81929900964499], [4.4700574719161095, 43.8192972392023], [4.470057447306966, 43.8192954582787], [4.470057665918462, 43.81929368431381], [4.470058125609832, 43.81929193467913], [4.470058821879544, 43.819290226507874], [4.470059747909383, 43.81928857652724], [4.4700608946312235, 43.819287000894576], [4.470062250815822, 43.819285515039226], [4.470063803182784, 43.819284133511346], [4.470065536530613, 43.8192828698395], [4.470067433885563, 43.81928173639814], [4.470069476667866, 43.81928074428641], [4.470071644873663, 43.819279903219545], [4.470073917270891, 43.81927922143363], [4.470198636201982, 43.819246938266666], [4.470200913708697, 43.81924643639867], [4.470203247077761, 43.81924609458723], [4.470205614905999, 43.81924591596765], [4.470207995474159, 43.81924590217837], [4.470210366946131, 43.81924605334584], [4.470212707569236, 43.81924636808348], [4.470214995873766, 43.81924684350432], [4.470217210869905, 43.81924747524747], [4.470219332240278, 43.81924825751816], [4.470221340526291, 43.81924918314096], [4.470223217306636, 43.81925024362538], [4.470224945366263, 43.81925142924402], [4.470226508854272, 43.81925272912161], [4.470227893429326, 43.819254131334795], [4.470229086391186, 43.8192556230216], [4.470230076797214, 43.81925719049929], [4.470235415490348, 43.819266835932744], [4.470318893024167, 43.81924448048807], [4.470318916156817, 43.81924447520642], [4.470318938183721, 43.81924446843019], [4.470411516536183, 43.819219823124335], [4.470500039839259, 43.8191961501768], [4.470499890567355, 43.81919531675461], [4.470499818917893, 43.81919351534157], [4.4704999964366285, 43.81919171777116], [4.470500421343669, 43.81918994206658], [4.470501089378705, 43.81918820603168], [4.470501993843742, 43.819186527072624], [4.470503125670243, 43.819184922023354], [4.470504473510061, 43.819183406976634], [4.470506023849221, 43.81918199712295], [4.4705077611434145, 43.819180706598026], [4.470509667973858, 43.81917954834117], [4.470511725221926, 43.81917853396546], [4.470513912260864, 43.81917767364145], [4.470516207162577, 43.81917697599508], [4.470621159313273, 43.819149459155376], [4.470623501504142, 43.81914893806655], [4.470625903171213, 43.81914858647821], [4.470628340977461, 43.81914840780684], [4.470630791234692, 43.819148403788525], [4.470633230133732, 43.81914857446233], [4.470635633975767, 43.81914891816982], [4.470637979402636, 43.81914943157116], [4.470640243623797, 43.819150109677665], [4.470642404637783, 43.81915094590014], [4.470644441445984, 43.81915193211301], [4.470646334256705, 43.81915305873322], [4.47064806467747, 43.81915431481339], [4.470649615893742, 43.81915568814818], [4.470650781529816, 43.819156957129515], [4.470654555082399, 43.819155989467646], [4.470645583933219, 43.819060852154834], [4.470645535353825, 43.81905913771149], [4.470645712339857, 43.8190574277024], [4.470646113284632, 43.81905573765089], [4.470646734548377, 43.819054082899164], [4.470647570491287, 43.81905247846892], [4.470648246128478, 43.819051481211275], [4.470622199999999, 43.81905280000001], [4.4705918, 43.819063], [4.4705702, 43.81905100000001], [4.4704721, 43.8190722], [4.470126191512481, 43.81918338815544], [4.470070802260516, 43.81922193383556], [4.4699720168245065, 43.81932434427351], [4.469910750286898, 43.81941074337602], [4.469912625698019, 43.81941128465982], [4.469912708481935, 43.8194111097532]]]}}, {"type": "Feature", "properties": {"parcelle": "AB224", "surf_m2": 1659.3, "surf_parcelle": 3250, "d_bati": 2.0, "d_route": 5.1, "n_bati_100": 154, "part_coeur": 0.41, "allongement": 15.2, "etalement": 7.45, "groupe": 17, "morceaux_groupe": 3, "surf_groupe": 2970.0, "avis": "a_verifier", "motif_avis": "Alignement d'arbres en fond de parcelles du village : stationnement \u00e0 l'ombre ou simple haie ?", "lat": 43.819196, "lon": 4.475716, "connue": null}, "geometry": {"type": "Polygon", "coordinates": [[[4.4747919, 43.819288], [4.4747888, 43.8192635], [4.475235700000001, 43.819207600000006], [4.475273, 43.8193208], [4.4761216, 43.8192139], [4.4761446, 43.81930080000001], [4.4763517, 43.819288099999994], [4.476386676150273, 43.81906959117468], [4.476165737973551, 43.81908337509136], [4.4760790149731156, 43.81909519929794], [4.47607659497448, 43.81909544080634], [4.476074153921969, 43.819095509151296], [4.476071715392611, 43.81909540367269], [4.476069302939061, 43.81909512538929], [4.4760669398621165, 43.8190946769889], [4.476064648985672, 43.819094062802435], [4.476062452436263, 43.819093288762026], [4.476060371429366, 43.81909236234378], [4.476058426064477, 43.819091292495585], [4.476056635130987, 43.819090089550556], [4.4760550159267, 43.819088765127475], [4.476053584090761, 43.81908733201828], [4.476052353452608, 43.81908580406475], [4.476051335898401, 43.8190841960247], [4.476050541256207, 43.81908252342941], [4.4760505269955715, 43.819082479918606], [4.475975929212484, 43.81909297636368], [4.475856033073953, 43.81910986902789], [4.475799574267754, 43.819118663514914], [4.475743173511369, 43.81912834390761], [4.475492332470605, 43.81917579276546], [4.475489992583935, 43.81917614930471], [4.475487616209749, 43.819176341405345], [4.475485225338383, 43.81917636728971], [4.475482842094327, 43.8191762267183], [4.4754804885314865, 43.819175920991874], [4.4754781864291076, 43.81917545293959], [4.475475957090232, 43.81917482689267], [4.475473821144562, 43.81917404864436], [4.475471798357572, 43.81917312539642], [4.4754699074475806, 43.819172065692285], [4.475468165912558, 43.81917087933818], [4.475466589868194, 43.819169577312344], [4.475465193898765, 43.81916817166336], [4.475463990922186, 43.81916667539869], [4.475462992070459, 43.819165102364394], [4.475462206586672, 43.81916346711692], [4.475449964893497, 43.81913339095787], [4.475435411176971, 43.81913535028093], [4.475401313093681, 43.819141125293505], [4.475246093688665, 43.81916741383664], [4.4752023044314635, 43.81917686253566], [4.4752021412510805, 43.819176891444464], [4.475201979258176, 43.819176930957724], [4.475178485439512, 43.81918174904813], [4.475176077324835, 43.819182150466375], [4.475173626063266, 43.81918237677595], [4.4751711558807425, 43.8191824257402], [4.475168691190193, 43.81918229687525], [4.4751667140871705, 43.819182048872115], [4.475165179575312, 43.81918335766146], [4.4751634739926365, 43.81918455801465], [4.475161617766703, 43.81918563483777], [4.475159627893657, 43.81918657827115], [4.475157522593357, 43.819187379676386], [4.475155321142558, 43.81918803171562], [4.475144207151415, 43.8191908822194], [4.475141613585839, 43.81919143449013], [4.475095874798594, 43.81919924536089], [4.475000639783246, 43.81921582603818], [4.474998657988914, 43.8192161099372], [4.474763162228299, 43.81924269650188], [4.474760689423289, 43.819242884540174], [4.474758203044438, 43.8192428927646], [4.474755727969864, 43.819242721092834], [4.4747538466830346, 43.819242451241614], [4.4747715, 43.8192887], [4.4747919, 43.819288]]]}}, {"type": "Feature", "properties": {"parcelle": "AB192", "surf_m2": 342.1, "surf_parcelle": 693, "d_bati": 2.0, "d_route": 5.1, "n_bati_100": 126, "part_coeur": 0.29, "allongement": 4.6, "etalement": 4.2, "groupe": 49, "morceaux_groupe": 1, "surf_groupe": 342.0, "avis": "a_verifier", "motif_avis": "Petite place arbor\u00e9e au carrefour, 342 m\u00b2 : capacit\u00e9 \u00e0 confirmer", "lat": 43.819381, "lon": 4.474591, "connue": null}, "geometry": {"type": "Polygon", "coordinates": [[[4.4746877, 43.81937139999999], [4.474587072236366, 43.81926370957838], [4.474585451177242, 43.81926434390061], [4.474583213311107, 43.8192650247188], [4.47458089440275, 43.81926554424586], [4.474462940526606, 43.819287463855304], [4.474493412000785, 43.81939152017929], [4.474508305176722, 43.81943982722286], [4.474508326591308, 43.81943991664355], [4.474508356926484, 43.81943999901911], [4.474524691288049, 43.81949552638457], [4.474524946576709, 43.81949636851168], [4.474531679732385, 43.81949551967952], [4.474531535540587, 43.81949477503715], [4.474531318037466, 43.819493054622285], [4.474531329352343, 43.81949132703393], [4.4745315693809395, 43.81948960819005], [4.474532035911617, 43.819487913928086], [4.474532724645742, 43.81948625985896], [4.474533629237301, 43.81948466122328], [4.474534741351379, 43.819483132750804], [4.47453605074095, 43.81948168852493], [4.474537545341293, 43.819480341852675], [4.474539211381163, 43.81947910514231], [4.4745410335096745, 43.81947798978887], [4.474542994937746, 43.819477006069185], [4.474545077592793, 43.81947616304727], [4.474547262285251, 43.8194754684907], [4.474549528885386, 43.81947492879911], [4.474551856508768, 43.819474548945216], [4.474591504731776, 43.81946951253599], [4.474593989013513, 43.819469289624756], [4.4745964916623695, 43.819469248762644], [4.474598987296526, 43.81946939036407], [4.474601450605301, 43.81946971299293], [4.474603856605858, 43.819470213377095], [4.474606180896578, 43.81947088644171], [4.47460839990454, 43.819471725360536], [4.474610491124592, 43.81947272162529], [4.474612433347608, 43.81947386513188], [4.474614206875581, 43.819475144282855], [4.474615793721402, 43.819476546105115], [4.474617177791291, 43.81947805638137], [4.474618345048011, 43.819479659794425], [4.474619283653237, 43.81948134008249], [4.474619984087624, 43.81948308020409], [4.474620307485157, 43.81948434655873], [4.474734899999999, 43.8194699], [4.4746877, 43.81937139999999]]]}}, {"type": "Feature", "properties": {"parcelle": "AB220", "surf_m2": 485.8, "surf_parcelle": 484, "d_bati": 4.3, "d_route": 5.1, "n_bati_100": 122, "part_coeur": 0.31, "allongement": 5.2, "etalement": 7.45, "groupe": 17, "morceaux_groupe": 3, "surf_groupe": 2970.0, "avis": "a_verifier", "motif_avis": "Alignement d'arbres en fond de parcelles du village : stationnement \u00e0 l'ombre ou simple haie ?", "lat": 43.819305, "lon": 4.475026, "connue": null}, "geometry": {"type": "Polygon", "coordinates": [[[4.4747888, 43.8192635], [4.4747919, 43.819288], [4.4747715, 43.8192887], [4.4748363000000015, 43.8193792], [4.475273, 43.8193208], [4.475235700000001, 43.819207600000006], [4.4747888, 43.8192635]]]}}, {"type": "Feature", "properties": {"parcelle": "AB230", "surf_m2": 824.4, "surf_parcelle": 823, "d_bati": 2.0, "d_route": 3.6, "n_bati_100": 73, "part_coeur": 0.4, "allongement": 6.1, "etalement": 7.45, "groupe": 17, "morceaux_groupe": 3, "surf_groupe": 2970.0, "avis": "a_verifier", "motif_avis": "Alignement d'arbres en fond de parcelles du village : stationnement \u00e0 l'ombre ou simple haie ?", "lat": 43.819141, "lon": 4.476501, "connue": null}, "geometry": {"type": "Polygon", "coordinates": [[[4.4761446, 43.81930080000001], [4.476159900000001, 43.8193631], [4.476606900000001, 43.8193542], [4.4766136, 43.8192117], [4.4766471, 43.8190362], [4.476426596372457, 43.81904862157076], [4.476426742711959, 43.81905040759713], [4.47642664283469, 43.81905219833169], [4.4764262974833695, 43.81905397299563], [4.4764257100824105, 43.819055713991794], [4.476424886456348, 43.819057404056736], [4.476423834772083, 43.81905902643213], [4.4764225654578995, 43.81906056503081], [4.476421091100058, 43.81906200459628], [4.476419426318004, 43.819063330854114], [4.476417587619394, 43.81906453065339], [4.476415593236408, 43.8190655920971], [4.476413462944973, 43.81906650466018], [4.476411217868659, 43.81906725929381], [4.476408880269227, 43.81906784851517], [4.476406473325878, 43.81906826648168], [4.476404020905422, 43.81906850904886], [4.476386676150273, 43.81906959117468], [4.4763517, 43.819288099999994], [4.4761446, 43.81930080000001]]]}}, {"type": "Feature", "properties": {"parcelle": "AB1", "surf_m2": 805.2, "surf_parcelle": 1145, "d_bati": 2.0, "d_route": 1.9, "n_bati_100": 30, "part_coeur": 0.15, "allongement": 14.6, "etalement": 3.98, "groupe": 25, "morceaux_groupe": 2, "surf_groupe": 1864.0, "avis": "rejete", "motif_avis": "Parcelle b\u00e2tie et son jardin", "lat": 43.820673, "lon": 4.468042, "connue": null}, "geometry": {"type": "Polygon", "coordinates": [[[4.4677318999999995, 43.82089210000003], [4.468070399999999, 43.82090709999997], [4.4680876000000005, 43.82045220000001], [4.4680073684149875, 43.82047296334178], [4.467837001609119, 43.82051800136447], [4.4678364844411105, 43.820518117601466], [4.467835976808171, 43.82051825410688], [4.467835320269119, 43.82051837925695], [4.467834671879309, 43.82051852498691], [4.467834141466122, 43.82051860396143], [4.467833617798135, 43.82051870378349], [4.467832947478459, 43.82051878173717], [4.467832282482564, 43.820518880750036], [4.467831743932098, 43.82051892170155], [4.467831209272552, 43.82051898387886], [4.467830531627823, 43.820519013885445], [4.467829856430102, 43.82051906522764], [4.46782931492915, 43.82051906776172], [4.467829194858289, 43.82051907307855], [4.467794699999998, 43.82052799999996], [4.4677318999999995, 43.82089210000003]], [[4.467993464675368, 43.82064160220364], [4.467995558464605, 43.82064251921699], [4.467997517579819, 43.82064358084462], [4.467999323035232, 43.820644776798254], [4.468000957334189, 43.82064609548795], [4.468002404638702, 43.82064752413428], [4.468003650922943, 43.82064904889225], [4.468004684109165, 43.820650654985435], [4.468005494184752, 43.82065232684922], [4.468006073299244, 43.82065404828158], [4.4680064158404305, 43.82065580260012], [4.4680065184887185, 43.820657572803746], [4.468006380249324, 43.82065934173742], [4.468000033328865, 43.82070262957047], [4.4680000117513945, 43.82070272975421], [4.468000002468007, 43.82070282940943], [4.467977464702871, 43.82084174048799], [4.467977063631529, 43.820843475558824], [4.467976430522251, 43.820845173990726], [4.467975571423798, 43.82084681955674], [4.467974494544061, 43.82084839653496], [4.467973210171628, 43.82084988985878], [4.467971730577501, 43.820851285260865], [4.467970069897848, 43.8208525694094], [4.46796824399895, 43.82085373003549], [4.467966270325613, 43.820854756050444], [4.467964167734493, 43.82085563765156], [4.467961956313948, 43.82085636641598], [4.467959657192099, 43.82085693538101], [4.467957292334981, 43.82085733911068], [4.46795488433667, 43.82085757374774], [4.467952456203419, 43.820857637050416], [4.46795003113385, 43.820857528413946], [4.467825464270213, 43.8208475045883], [4.467823045098944, 43.82084722192668], [4.467820676121048, 43.820846768177475], [4.467818380358436, 43.82084614775027], [4.467816180121516, 43.82084536667442], [4.467814096792364, 43.82084443254051], [4.4678121506169335, 43.82084335442652], [4.467810360508302, 43.82084214280962], [4.467808743862882, 43.820840809464414], [4.467807316391341, 43.820839367348476], [4.46780609196595, 43.820837830476385], [4.467805082485749, 43.82083621378358], [4.4678042977609245, 43.82083453298121], [4.467803745417474, 43.820832804403445], [4.467803430823091, 43.82083104484874], [4.4678033570350015, 43.82082927141653], [4.4678035247702645, 43.820827501341206], [4.467826068454316, 43.82068959770404], [4.467832399697292, 43.820646417692735], [4.46783277438996, 43.82064467802504], [4.4678333820608, 43.82064297319016], [4.467834216894207, 43.820641319503856], [4.46783527090057, 43.82063973279239], [4.467836533992735, 43.820638228241016], [4.467837994082535, 43.820636820248716], [4.467839637196489, 43.820635522290374], [4.467841447609525, 43.82063434678785], [4.467843407995473, 43.82063330499098], [4.467845499592886, 43.82063240687006], [4.4678477023845895, 43.82063166102038], [4.467849995289249, 43.8206310745799], [4.467852356363129, 43.82063065316105], [4.467854763010097, 43.82063040079691], [4.467857192197872, 43.82063031990266], [4.467859620678456, 43.82063041125251], [4.467984163970225, 43.82063953529907], [4.467986583507453, 43.82063980020701], [4.467988955346865, 43.820640236079086], [4.467991256502996, 43.820640838691254], [4.467993464675368, 43.82064160220364]]]}}, {"type": "Feature", "properties": {"parcelle": "AB3", "surf_m2": 1058.5, "surf_parcelle": 1224, "d_bati": 4.2, "d_route": 2.0, "n_bati_100": 29, "part_coeur": 0.47, "allongement": 6.5, "etalement": 3.98, "groupe": 25, "morceaux_groupe": 2, "surf_groupe": 1864.0, "avis": "rejete", "motif_avis": "Parcelle b\u00e2tie et son jardin", "lat": 43.820648, "lon": 4.468219, "connue": null}, "geometry": {"type": "Polygon", "coordinates": [[[4.468070399999999, 43.82090709999997], [4.468136559222914, 43.82091019798869], [4.468136782563179, 43.820909437839234], [4.46814236021323, 43.820896754514685], [4.468149636031376, 43.82088453059955], [4.468158539267737, 43.82087288495707], [4.468168983347846, 43.820861930827405], [4.468180866714517, 43.82085177472651], [4.468194073815388, 43.820842515410384], [4.468208476226537, 43.82083424291483], [4.46822393390127, 43.820827037679926], [4.46824029653189, 43.820820969767944], [4.468257405011256, 43.82081609818201], [4.468275092979885, 43.82081247029236], [4.468293188443577, 43.820810121375864], [4.468311515445815, 43.82080907427289], [4.468329895778696, 43.82080933916522], [4.468336624594088, 43.820809676972424], [4.468391115110008, 43.82039126972129], [4.468216811983609, 43.82042600378459], [4.468216690409673, 43.82042602342109], [4.468216571695751, 43.82042605073178], [4.468101393927946, 43.82044810669399], [4.46809644353532, 43.82044941538567], [4.4680876000000005, 43.82045220000001], [4.468070399999999, 43.82090709999997]], [[4.4681759, 43.820485300000016], [4.468169700000001, 43.82047270000001], [4.4681327, 43.82047720000004], [4.4681274, 43.820464], [4.468188399999999, 43.820448699999986], [4.4682027, 43.8204796], [4.4681759, 43.820485300000016]]]}}, {"type": "Feature", "properties": {"parcelle": "AC282", "surf_m2": 1079.5, "surf_parcelle": 1072, "d_bati": 2.0, "d_route": 5.9, "n_bati_100": 8, "part_coeur": 0.55, "allongement": 4.7, "etalement": 4.15, "groupe": 35, "morceaux_groupe": 1, "surf_groupe": 1080.0, "avis": "rejete", "motif_avis": "Bois en bord de route", "lat": 43.827593, "lon": 4.483299, "connue": null}, "geometry": {"type": "Polygon", "coordinates": [[[4.483024099999999, 43.82747310000002], [4.483062600000001, 43.82770660000001], [4.483445099999999, 43.8276761], [4.4835723, 43.82769540000002], [4.4835392966541265, 43.827503696954466], [4.483532439485312, 43.82750424246639], [4.483530039179055, 43.827504348709255], [4.4835276359236, 43.82750428655958], [4.483525252206107, 43.827504056598926], [4.4835229103309215, 43.82750366097899], [4.483520632210868, 43.82750310340161], [4.483518439162217, 43.82750238908398], [4.483516351705228, 43.82750152470997], [4.483514389372139, 43.8275005183675], [4.483512570524408, 43.82749937947281], [4.483510912180906, 43.82749811868255], [4.483509429858666, 43.82749674779384], [4.483508137427696, 43.82749527963405], [4.483507046981201, 43.827493727940684], [4.483506168722416, 43.82749210723283], [4.4835055108691515, 43.82749043267541], [4.483505079576888, 43.82748871993714], [4.483497838073665, 43.8274492159401], [4.483497636311225, 43.82744745869472], [4.48349767303756, 43.82744569558948], [4.483497947900125, 43.82744394354769], [4.483498458260598, 43.827442219386604], [4.483499199220206, 43.82744053965572], [4.483500163666743, 43.82743892047816], [4.483501342342841, 43.82743737739575], [4.483502723934828, 43.82743592521999], [4.483504295181326, 43.827434577889676], [4.4835060410005365, 43.82743334833737], [4.483507944635014, 43.82743224836507], [4.483509987812502, 43.82743128853094], [4.483512150921333, 43.82743047804805], [4.483514413198669, 43.827429824695926], [4.483516752929792, 43.82742933474587], [4.483519147656539, 43.827429012900666], [4.483526318228134, 43.82742831019499], [4.4835258, 43.827425300000016], [4.483024099999999, 43.82747310000002]]]}}, {"type": "Feature", "properties": {"parcelle": "AD160", "surf_m2": 3389.5, "surf_parcelle": 17230, "d_bati": 24.6, "d_route": 0.7, "n_bati_100": 7, "part_coeur": 0.47, "allongement": 16.3, "etalement": 5.25, "groupe": 3, "morceaux_groupe": 4, "surf_groupe": 24613.0, "avis": "candidat", "motif_avis": "Parc de la R\u00e9publique : grande aire en terre battue sous arbres clairsem\u00e9s, acc\u00e8s direct depuis la voie", "lat": 43.822697, "lon": 4.468637, "connue": null}, "geometry": {"type": "Polygon", "coordinates": [[[4.4686079, 43.822562600000005], [4.4684902, 43.822834699999994], [4.4681356, 43.82375739999998], [4.468176529703113, 43.82375634310398], [4.468191167574447, 43.823749771931496], [4.468364034414198, 43.82364086249165], [4.468603927328632, 43.8234633002591], [4.4685856047227395, 43.82341877217048], [4.468585405661514, 43.82341819725501], [4.468585277034748, 43.823417611912106], [4.468585219834419, 43.82341702065596], [4.468580856539277, 43.82329557247863], [4.468580858027148, 43.823295184060704], [4.4685910264537085, 43.82306193383658], [4.468591096278643, 43.82306129537934], [4.468591249374887, 43.82306066458851], [4.468591484363845, 43.82306004714422], [4.468591799129498, 43.82305944860638], [4.468592190837462, 43.82305887436467], [4.468603425141361, 43.8230442024238], [4.468587639385485, 43.82301035503647], [4.468587408770959, 43.82300977663203], [4.468587250262626, 43.82300918565011], [4.468587165121648, 43.82300858679276], [4.468587154025436, 43.82300798482478], [4.468587217062277, 43.82300738453565], [4.468594760274082, 43.822962280390534], [4.468594940632618, 43.82296154539344], [4.468595232000407, 43.82296082931336], [4.468861032575027, 43.82241993293716], [4.4691195570701465, 43.821886334482016], [4.469119908161852, 43.8218857112188], [4.469120343252332, 43.821885116375306], [4.469120858014029, 43.821884555868124], [4.469121226607664, 43.82188423025445], [4.468954199999998, 43.82184650000003], [4.4686079, 43.822562600000005]]]}}, {"type": "Feature", "properties": {"parcelle": "AD160", "surf_m2": 8729.7, "surf_parcelle": 17230, "d_bati": 20.9, "d_route": 0.7, "n_bati_100": 6, "part_coeur": 0.81, "allongement": 5.1, "etalement": 5.25, "groupe": 3, "morceaux_groupe": 4, "surf_groupe": 24613.0, "avis": "candidat", "motif_avis": "Parc de la R\u00e9publique : grande aire en terre battue sous arbres clairsem\u00e9s, acc\u00e8s direct depuis la voie", "lat": 43.822544, "lon": 4.469256, "connue": null}, "geometry": {"type": "Polygon", "coordinates": [[[4.4691735176104, 43.821904367739094], [4.469173404881816, 43.82190434629628], [4.469134284927033, 43.821896715424586], [4.468878618424837, 43.822424415218784], [4.468878604622706, 43.822424443504914], [4.468613144462457, 43.82296464749424], [4.468605979969973, 43.82300748719531], [4.468621972258861, 43.8230417774002], [4.468643518754402, 43.82306387096564], [4.469024102037537, 43.823139219608414], [4.469052865061208, 43.823128318333694], [4.4690529971254405, 43.82312827411538], [4.4690531248060665, 43.8231282235973], [4.469053243072404, 43.82312818719673], [4.469053357496534, 43.82312814484497], [4.469068192430494, 43.82312330324481], [4.469162242604349, 43.82302193875722], [4.469381016740306, 43.82278050788697], [4.469381554870323, 43.822779973143014], [4.469575969948252, 43.82260544354146], [4.469576681012014, 43.822604874671214], [4.469577476655396, 43.82260436790626], [4.469811501518084, 43.822471606488584], [4.469811778663227, 43.822471455207875], [4.470106733248248, 43.82231660249122], [4.470225713925188, 43.82222810165179], [4.470225743185164, 43.82222808192387], [4.470225769889414, 43.8222280603794], [4.470315396872714, 43.82216252638774], [4.470321797565946, 43.82215542267495], [4.469379047057081, 43.821942469665366], [4.4691735176104, 43.821904367739094]]]}}, {"type": "Feature", "properties": {"parcelle": "AD911", "surf_m2": 1408.5, "surf_parcelle": 1867, "d_bati": 6.7, "d_route": 1.7, "n_bati_100": 33, "part_coeur": 0.41, "allongement": 9.0, "etalement": 9.46, "groupe": 24, "morceaux_groupe": 2, "surf_groupe": 1949.0, "avis": "rejete", "motif_avis": "Haie et foss\u00e9", "lat": 43.820822, "lon": 4.462612, "connue": null}, "geometry": {"type": "Polygon", "coordinates": [[[4.462724599999999, 43.820226800000015], [4.462519630646657, 43.82028270079573], [4.462525300535926, 43.8202987062671], [4.462525684681962, 43.8203000216718], [4.462525912466161, 43.820301356007], [4.462525982228239, 43.82030269954699], [4.462524097637848, 43.82056907819566], [4.462525937343971, 43.82107708357229], [4.462536848912665, 43.82112257676362], [4.4626863, 43.82113960000005], [4.462724599999999, 43.820226800000015]]]}}, {"type": "Feature", "properties": {"parcelle": "AD197", "surf_m2": 1234.6, "surf_parcelle": 14950, "d_bati": 3.2, "d_route": 0.7, "n_bati_100": 23, "part_coeur": 0.43, "allongement": 8.5, "etalement": 4.13, "groupe": 7, "morceaux_groupe": 6, "surf_groupe": 7940.0, "avis": "rejete", "motif_avis": "Station d'\u00e9puration et ses abords", "lat": 43.822281, "lon": 4.463784, "connue": null}, "geometry": {"type": "Polygon", "coordinates": [[[4.463701402708078, 43.82251284035199], [4.463702715744543, 43.82251283160966], [4.463764943025633, 43.82251559654836], [4.463765703278979, 43.82251565305334], [4.4638267800243305, 43.82252203360017], [4.463827107184529, 43.82252207208829], [4.463889472728729, 43.82253023539978], [4.463889610468042, 43.82253025420438], [4.463953241775263, 43.822539300537834], [4.463953913736985, 43.82253941492676], [4.463954572165122, 43.82253956500371], [4.464030907045736, 43.82255924134871], [4.464031751309853, 43.82255949334482], [4.464032557467872, 43.82255980394064], [4.464033317783398, 43.822560170155555], [4.464109139391963, 43.82260070501409], [4.464090901607182, 43.82257547655686], [4.463998351355643, 43.82248717022895], [4.463998231272869, 43.82248705304302], [4.463930616896228, 43.822419556964455], [4.463930135191672, 43.8224190250541], [4.463929724784775, 43.82241846267435], [4.463880543685467, 43.82234261866086], [4.4638802338641295, 43.82234208187329], [4.463879989041802, 43.8223415277621], [4.463853314865225, 43.822270781901985], [4.463853086155107, 43.82226999213724], [4.463841716077885, 43.82221434168205], [4.463841638263853, 43.822213823037686], [4.463841616011761, 43.82221330159113], [4.463842350340434, 43.822144887954344], [4.463842394619449, 43.82214428127021], [4.4638518047566365, 43.82207485112363], [4.463851919891747, 43.82207426632475], [4.4638521052108615, 43.8220736910547], [4.463895127625145, 43.821962404581505], [4.46381527988889, 43.82196272557566], [4.4636724645767, 43.82197261067704], [4.463570435468308, 43.82199232102424], [4.463629209211316, 43.82223351397157], [4.463671408771932, 43.82223023491393], [4.463673784324439, 43.82223013326805], [4.463676162415986, 43.82223019655189], [4.4636785212528025, 43.8222304241855], [4.46368083921758, 43.82223081408276], [4.463683095067574, 43.822231362670465], [4.463685268129283, 43.822232064921174], [4.463687338487909, 43.822232914399166], [4.4636892871698635, 43.82223390331951], [4.463691096316649, 43.82223502261932], [4.463692749348516, 43.822236262040924], [4.463694231116419, 43.822237610225734], [4.463695528040831, 43.82223905481847], [4.463696628236209, 43.82224058258032], [4.46369752161991, 43.82224217951024], [4.463698200004587, 43.82224383097335], [4.463714333394494, 43.82229131705885], [4.463714800783455, 43.82229305894827], [4.463715028990627, 43.822294825694826], [4.4637150157977095, 43.82229660012488], [4.4637147613329216, 43.82229836499021], [4.463714268069756, 43.822300103135525], [4.463713540802932, 43.82230179766521], [4.463712586601796, 43.82230343210773], [4.4637114147416, 43.822304990575496], [4.463710036613347, 43.822306457919524], [4.463708465613061, 43.82230781987653], [4.463657133218695, 43.82234810650012], [4.463697333236781, 43.82251307563159], [4.463701402708078, 43.82251284035199]]]}}, {"type": "Feature", "properties": {"parcelle": "AD734", "surf_m2": 649.4, "surf_parcelle": 3959, "d_bati": 3.0, "d_route": 1.5, "n_bati_100": 24, "part_coeur": 0.43, "allongement": 4.5, "etalement": 4.13, "groupe": 7, "morceaux_groupe": 6, "surf_groupe": 7940.0, "avis": "rejete", "motif_avis": "Station d'\u00e9puration et ses abords", "lat": 43.821804, "lon": 4.46286, "connue": null}, "geometry": {"type": "Polygon", "coordinates": [[[4.4629006, 43.8216032], [4.462830021915793, 43.82168090149421], [4.462828012265822, 43.82168438690442], [4.462827318822536, 43.821685471793366], [4.462826513716052, 43.82168651547197], [4.462769811247631, 43.82175387974267], [4.462769297741695, 43.82175446077283], [4.462673739903615, 43.82185753941367], [4.46274504531475, 43.8218891922608], [4.46277254788111, 43.82190135163919], [4.462840157359588, 43.821930034482534], [4.462907855344422, 43.821957866721895], [4.46296170625543, 43.821979790957435], [4.46297874250454, 43.821980298239396], [4.463012899999998, 43.82166200000002], [4.4629006, 43.8216032]]]}}, {"type": "Feature", "properties": {"parcelle": "AD877", "surf_m2": 540.9, "surf_parcelle": 763, "d_bati": 13.0, "d_route": 1.7, "n_bati_100": 27, "part_coeur": 0.31, "allongement": 5.6, "etalement": 9.46, "groupe": 24, "morceaux_groupe": 2, "surf_groupe": 1949.0, "avis": "rejete", "motif_avis": "Haie et foss\u00e9", "lat": 43.821356, "lon": 4.462693, "connue": null}, "geometry": {"type": "Polygon", "coordinates": [[[4.4626949, 43.8211404], [4.462536837740117, 43.82112253018236], [4.462546366675096, 43.82116225875215], [4.462583838027332, 43.82127283460127], [4.4625839979333035, 43.82127334265108], [4.462657250305081, 43.821525245085496], [4.462717829404192, 43.82151642805777], [4.462731418968344, 43.82151441986785], [4.4628089, 43.8214382], [4.4626949, 43.8211404]]]}}, {"type": "Feature", "properties": {"parcelle": "AD198", "surf_m2": 723.4, "surf_parcelle": 4380, "d_bati": 43.2, "d_route": 0.7, "n_bati_100": 13, "part_coeur": 0.25, "allongement": 8.1, "etalement": 4.13, "groupe": 7, "morceaux_groupe": 6, "surf_groupe": 7940.0, "avis": "rejete", "motif_avis": "Station d'\u00e9puration et ses abords", "lat": 43.822601, "lon": 4.463314, "connue": null}, "geometry": {"type": "Polygon", "coordinates": [[[4.463735499999999, 43.8226697], [4.4636999990332225, 43.82252646290442], [4.463642122863333, 43.82252980904353], [4.463575388500335, 43.82253428991156], [4.463524973896739, 43.82253942950501], [4.463450842781842, 43.82254940057319], [4.463449968728592, 43.82254948739425], [4.463344477134836, 43.82255630335335], [4.46334338807504, 43.822556327432736], [4.463183468387966, 43.822553090749764], [4.463091317255649, 43.82255878214083], [4.463012420727845, 43.82256879504626], [4.463012171090839, 43.82256882420712], [4.4629253890487, 43.822578088898005], [4.462925118392334, 43.8225781148666], [4.462914377796876, 43.82257902972456], [4.462908680589463, 43.82263300919512], [4.463707234833201, 43.82266980816709], [4.463705127185904, 43.82267443115352], [4.463711799999999, 43.82267469999999], [4.463735499999999, 43.8226697]]]}}, {"type": "Feature", "properties": {"parcelle": "AD198", "surf_m2": 979.5, "surf_parcelle": 4380, "d_bati": 44.6, "d_route": 0.7, "n_bati_100": 16, "part_coeur": 0.44, "allongement": 6.1, "etalement": 4.13, "groupe": 7, "morceaux_groupe": 6, "surf_groupe": 7940.0, "avis": "rejete", "motif_avis": "Station d'\u00e9puration et ses abords", "lat": 43.822434, "lon": 4.463334, "connue": null}, "geometry": {"type": "Polygon", "coordinates": [[[4.4629228044673654, 43.822564720440425], [4.463009326332795, 43.82255548352564], [4.463088504532476, 43.822545434872644], [4.463089321704061, 43.82254535793656], [4.463182409305952, 43.82253960870775], [4.463183462118328, 43.82253958692025], [4.463343363522038, 43.82254282323395], [4.463447871668005, 43.822536070816795], [4.463521769311738, 43.82252613115179], [4.463522172215161, 43.822526083541476], [4.463573007850193, 43.82252090102541], [4.46357344680709, 43.82252086393465], [4.463640460603669, 43.82251636430419], [4.463640579396271, 43.82251635688231], [4.4636966902527995, 43.822513112806185], [4.463656012143463, 43.82234898634004], [4.463653626956863, 43.82235085827708], [4.463651957515861, 43.82235205039989], [4.463650140362547, 43.8223531233321], [4.463648191665158, 43.82235406752724], [4.463646128762359, 43.82235487458428], [4.463643970008968, 43.82235553732233], [4.463562481693751, 43.822377332169246], [4.463560392196318, 43.82237781630166], [4.463558251879871, 43.82237816516192], [4.463556077415493, 43.822378376032724], [4.463450586150124, 43.82238519209372], [4.4634488372484125, 43.82238526024414], [4.4631638705393035, 43.82238908417021], [4.463052534039192, 43.82241275971691], [4.462932177537798, 43.822463701730086], [4.462929535300898, 43.82246467201487], [4.462926341523401, 43.822465676385086], [4.462915825311304, 43.82256531490816], [4.4629228044673654, 43.822564720440425]]]}}, {"type": "Feature", "properties": {"parcelle": "AD198", "surf_m2": 1239.6, "surf_parcelle": 4380, "d_bati": 4.5, "d_route": 1.5, "n_bati_100": 22, "part_coeur": 0.58, "allongement": 4.2, "etalement": 4.13, "groupe": 7, "morceaux_groupe": 6, "surf_groupe": 7940.0, "avis": "rejete", "motif_avis": "Station d'\u00e9puration et ses abords", "lat": 43.822138, "lon": 4.463336, "connue": null}, "geometry": {"type": "Polygon", "coordinates": [[[4.4630314299267315, 43.82210533040052], [4.463033026267502, 43.822106726322836], [4.4631042402192005, 43.8221758044604], [4.463164823771489, 43.822231801818745], [4.463225011109677, 43.82226812259128], [4.463279879575718, 43.82228208978755], [4.463363964090588, 43.8222784906818], [4.46347006448709, 43.82225600249454], [4.463471143251761, 43.82225579277948], [4.463570144359445, 43.822238263205996], [4.463573397009024, 43.822237850754775], [4.463627427221813, 43.82223365243818], [4.463567736295989, 43.82199281112054], [4.463567435619032, 43.821992860455346], [4.46356603850194, 43.8219930103182], [4.46347051251456, 43.8220005927083], [4.463468826313573, 43.822000670782636], [4.4633187320484655, 43.822002685008805], [4.463191075049927, 43.82200709239553], [4.463190532502966, 43.8220071053983], [4.463040166806811, 43.822009122882776], [4.463039055312574, 43.822009113799126], [4.462974730487205, 43.82200719844561], [4.462969533371627, 43.82205644065821], [4.4630314299267315, 43.82210533040052]]]}}, {"type": "Feature", "properties": {"parcelle": "AD715", "surf_m2": 7571.1, "surf_parcelle": 14760, "d_bati": 37.8, "d_route": 1.5, "n_bati_100": 13, "part_coeur": 0.81, "allongement": 4.9, "etalement": 5.25, "groupe": 3, "morceaux_groupe": 4, "surf_groupe": 24613.0, "avis": "candidat", "motif_avis": "Parc de la R\u00e9publique : grande aire en terre battue sous arbres clairsem\u00e9s, acc\u00e8s direct depuis la voie", "lat": 43.821369, "lon": 4.469899, "connue": null}, "geometry": {"type": "Polygon", "coordinates": [[[4.4691524, 43.82100650000002], [4.4690422000000005, 43.82105009999998], [4.469084500000001, 43.821440000000024], [4.469069675192352, 43.82149748177531], [4.469082447013965, 43.82150151984329], [4.469176154202817, 43.821528987342255], [4.469177386153724, 43.8215293866164], [4.46921868692066, 43.82154409378212], [4.46925049592631, 43.82155507835558], [4.469276629111683, 43.82156224142017], [4.469278701585369, 43.821561349588514], [4.469281462939787, 43.82156041305305], [4.469284337782814, 43.821559676993424], [4.469287298428164, 43.821559148498324], [4.4692903163632405, 43.82155883265744], [4.469293362523706, 43.821558732512486], [4.469296407573408, 43.821558849027895], [4.469299422186884, 43.82155918108158], [4.469344047904085, 43.82156573277921], [4.469473405793541, 43.82158283733441], [4.469561791334437, 43.82159422296793], [4.469666447642166, 43.821607199728895], [4.4696673436137315, 43.82160732064217], [4.4697857994957975, 43.821624611674686], [4.470162414629584, 43.821678010388425], [4.470275844331566, 43.821693567874256], [4.470276429521197, 43.82169365235792], [4.4703800119056885, 43.821709356679506], [4.470382475250974, 43.82170980698536], [4.4705087268803405, 43.82173690617481], [4.470512313385357, 43.82173785308942], [4.470542392394271, 43.82174734802689], [4.470544885359518, 43.82174823294807], [4.470545620270924, 43.821748523995225], [4.470574423611697, 43.82169441693092], [4.470612650289647, 43.82160968086088], [4.470626140657214, 43.821565361641916], [4.470626275469374, 43.82156494264131], [4.470675960793929, 43.82141846433701], [4.47067648931186, 43.82141713049108], [4.47067715819184, 43.82141583009147], [4.470698577307594, 43.82137863913624], [4.470699876447402, 43.82137671460169], [4.470701482187829, 43.821374915452104], [4.470736640141726, 43.82134023934658], [4.470738259856756, 43.821338803218644], [4.470740075044051, 43.82133749536384], [4.470812212230057, 43.8212906198193], [4.47081419931608, 43.82128945638234], [4.470816340878104, 43.82128844680504], [4.470845177729793, 43.821276333106056], [4.470835400000001, 43.82124499999998], [4.4691524, 43.82100650000002]]]}}, {"type": "Feature", "properties": {"parcelle": "AD715", "surf_m2": 4922.9, "surf_parcelle": 14760, "d_bati": 33.4, "d_route": 0.7, "n_bati_100": 7, "part_coeur": 0.72, "allongement": 6.5, "etalement": 5.25, "groupe": 3, "morceaux_groupe": 4, "surf_groupe": 24613.0, "avis": "candidat", "motif_avis": "Parc de la R\u00e9publique : grande aire en terre battue sous arbres clairsem\u00e9s, acc\u00e8s direct depuis la voie", "lat": 43.821905, "lon": 4.469988, "connue": "PKC_M_MANUAL_008"}, "geometry": {"type": "Polygon", "coordinates": [[[4.4706667, 43.8222135], [4.470670300000001, 43.82216940000001], [4.4705869, 43.82200540000002], [4.470593499999999, 43.8219845], [4.470685853644936, 43.82191195997739], [4.470660291472506, 43.82188014930909], [4.470579738241145, 43.821817260260666], [4.470552970309756, 43.821803280975345], [4.470540788370987, 43.82179789630713], [4.470516282099641, 43.821788191084174], [4.470489229894058, 43.821779651606015], [4.470366030626901, 43.82175320758576], [4.470263984598145, 43.82173773619257], [4.470150753882103, 43.821722205997645], [4.470150565823896, 43.82172217976944], [4.469773771719578, 43.821668755677166], [4.469773602379325, 43.821668731312904], [4.469655508548236, 43.82165149312835], [4.4695512023864055, 43.82163855978248], [4.469551004526273, 43.82163853477203], [4.469462450318085, 43.821627127410586], [4.469462310923113, 43.821627109216564], [4.469332586380258, 43.82160995617895], [4.469331993710924, 43.82160987349738], [4.469287072180152, 43.821603278369736], [4.469284117033135, 43.82160273397521], [4.469281249814579, 43.82160198248294], [4.469278498137394, 43.82160103113019], [4.4692758885017545, 43.821599889079046], [4.469273510551176, 43.821598602238694], [4.469214745311895, 43.821608962807844], [4.469212304809599, 43.82160927043746], [4.469113052168143, 43.82161690799665], [4.469110725526061, 43.82161698112725], [4.469044817164313, 43.82161606894133], [4.469043356821327, 43.821616007170014], [4.469041907662727, 43.82161586269052], [4.469039232992795, 43.82161551813341], [4.4690323, 43.8216424], [4.469004889321119, 43.821714032942246], [4.469003186715223, 43.821721899068145], [4.468999452819487, 43.82173491919279], [4.468993967626084, 43.82174761013304], [4.46898843155668, 43.82175704229937], [4.468954199999998, 43.82184650000003], [4.469121226607664, 43.82188423025445], [4.469121447326944, 43.8218840352722], [4.469122105329562, 43.82188355976559], [4.469122825477163, 43.82188313407784], [4.469123600606907, 43.821882762442954], [4.469124423009086, 43.82188244855739], [4.4691252845038045, 43.82188219554315], [4.469126176522339, 43.82188200591679], [4.469127090192366, 43.82188188156438], [4.469128016426206, 43.82188182372282], [4.469128946011222, 43.82188183296739], [4.469129869701441, 43.82188190920613], [4.469130778309521, 43.82188205168078], [4.469178198516996, 43.82189130162991], [4.470368509390876, 43.822111960469435], [4.470369398552726, 43.82211216003532], [4.470370255789579, 43.822112422815216], [4.470371072552526, 43.822112746188566], [4.470371840696283, 43.82211312693048], [4.4703725525604305, 43.822113561243945], [4.4703732010458035, 43.8221140447977], [4.470373779685292, 43.822114572769465], [4.470374282708329, 43.82211513989395], [4.47037470509845, 43.822115740515436], [4.470375042643304, 43.82211636864413], [4.470375291976677, 43.82211701801594], [4.470375450612054, 43.82211768215492], [4.470375516967417, 43.82211835443785], [4.470375490381026, 43.822119028160266], [4.470375371118014, 43.82211969660343], [4.4703751603677455, 43.82212035310115], [4.470374860231953, 43.82212099110643], [4.470374473703781, 43.82212160425668], [4.470374004637937, 43.822122186437156], [4.470340293318749, 43.82215960048728], [4.4706285, 43.8222247], [4.4706667, 43.8222135]]]}}, {"type": "Feature", "properties": {"parcelle": "AD575", "surf_m2": 3113.6, "surf_parcelle": 7389, "d_bati": 13.6, "d_route": 1.8, "n_bati_100": 6, "part_coeur": 0.65, "allongement": 8.0, "etalement": 4.13, "groupe": 7, "morceaux_groupe": 6, "surf_groupe": 7940.0, "avis": "rejete", "motif_avis": "Station d'\u00e9puration et ses abords", "lat": 43.822924, "lon": 4.463826, "connue": null}, "geometry": {"type": "Polygon", "coordinates": [[[4.4640591, 43.8233109], [4.464064800000001, 43.822647800000006], [4.463711799999999, 43.82267469999999], [4.463705121999349, 43.822674442529895], [4.463438870057722, 43.82325844250827], [4.4630270004576476, 43.82324326781294], [4.462947188514203, 43.82318758561945], [4.4629461, 43.82329730000002], [4.4640591, 43.8233109]]]}}, {"type": "Feature", "properties": {"parcelle": "AD575", "surf_m2": 412.8, "surf_parcelle": 7389, "d_bati": 8.7, "d_route": 1.7, "n_bati_100": 2, "part_coeur": 0.25, "allongement": 11.6, "etalement": 6.67, "groupe": 47, "morceaux_groupe": 1, "surf_groupe": 413.0, "avis": "rejete", "motif_avis": "Abord de la station d'\u00e9puration, bande nue le long du chemin d'acc\u00e8s", "lat": 43.822787, "lon": 4.462667, "connue": null}, "geometry": {"type": "Polygon", "coordinates": [[[4.462949000000001, 43.82300499999998], [4.462948981798555, 43.8230068345893], [4.462952595402046, 43.822960131756595], [4.462950766521251, 43.82295952319013], [4.462948710147678, 43.8229587567397], [4.462857457284597, 43.82293322492782], [4.462769362312607, 43.82289120425617], [4.462744047626579, 43.82287354282187], [4.4627249785320355, 43.82263664867157], [4.462406725472924, 43.822624375082455], [4.462410318193108, 43.82263100765187], [4.462456545304133, 43.82267423241422], [4.462540844934987, 43.822747040828645], [4.462653718682229, 43.82282904441941], [4.4629182, 43.822975699999986], [4.462949000000001, 43.82300499999998]]]}}, {"type": "Feature", "properties": {"parcelle": "AD829", "surf_m2": 993.7, "surf_parcelle": 982, "d_bati": 26.4, "d_route": 0.8, "n_bati_100": 13, "part_coeur": 0.41, "allongement": 6.7, "etalement": 4.6, "groupe": 23, "morceaux_groupe": 2, "surf_groupe": 2069.0, "avis": "rejete", "motif_avis": "Friche rurale", "lat": 43.822543, "lon": 4.46545, "connue": null}, "geometry": {"type": "Polygon", "coordinates": [[[4.4658569, 43.82246429999999], [4.465025999999999, 43.82250300000002], [4.465036104003221, 43.82259497417637], [4.465053764206693, 43.822635286883944], [4.4658779, 43.8225969], [4.4658569, 43.82246429999999]]]}}, {"type": "Feature", "properties": {"parcelle": "AD827", "surf_m2": 1075.1, "surf_parcelle": 1090, "d_bati": 41.0, "d_route": 0.7, "n_bati_100": 12, "part_coeur": 0.45, "allongement": 6.4, "etalement": 4.6, "groupe": 23, "morceaux_groupe": 2, "surf_groupe": 2069.0, "avis": "rejete", "motif_avis": "Friche rurale", "lat": 43.82268, "lon": 4.465479, "connue": null}, "geometry": {"type": "Polygon", "coordinates": [[[4.4658779, 43.8225969], [4.465053764206693, 43.822635286883944], [4.465058127144251, 43.82264524609343], [4.465058415930044, 43.82264609088892], [4.465077820013396, 43.822724134569725], [4.46507793586431, 43.82272477494126], [4.465077966645557, 43.82272542039813], [4.465076878199209, 43.82278444723002], [4.465900500000001, 43.822739399999996], [4.4658779, 43.8225969]]]}}, {"type": "Feature", "properties": {"parcelle": "AD719", "surf_m2": 1240.8, "surf_parcelle": 1277, "d_bati": 44.6, "d_route": 5.7, "n_bati_100": 1, "part_coeur": 0.39, "allongement": 9.3, "etalement": 9.35, "groupe": 34, "morceaux_groupe": 1, "surf_groupe": 1241.0, "avis": "rejete", "motif_avis": "Bande le long de la voie ferr\u00e9e", "lat": 43.827314, "lon": 4.475608, "connue": null}, "geometry": {"type": "Polygon", "coordinates": [[[4.4751653000000005, 43.82737409999999], [4.474919100000001, 43.8275865], [4.4752253, 43.82749749999998], [4.476051799999999, 43.8272539], [4.4759872, 43.82712970000001], [4.4751653000000005, 43.82737409999999]]]}}, {"type": "Feature", "properties": {"parcelle": "AE824", "surf_m2": 896.2, "surf_parcelle": 15911, "d_bati": 9.4, "d_route": 1.7, "n_bati_100": 62, "part_coeur": 0.32, "allongement": 15.3, "etalement": 10.8, "groupe": 37, "morceaux_groupe": 1, "surf_groupe": 896.0, "avis": "rejete", "motif_avis": "Bande r\u00e9siduelle en fond de lotissement", "lat": 43.81935, "lon": 4.484436, "connue": null}, "geometry": {"type": "Polygon", "coordinates": [[[4.48375582807976, 43.819529986881975], [4.483902616732481, 43.81949806212556], [4.48395134569368, 43.81948496394864], [4.483952755087276, 43.81948462428384], [4.484002203394983, 43.819474050758316], [4.484002748451105, 43.81947393977283], [4.484112828681213, 43.81945264044095], [4.48411301878162, 43.81945260432396], [4.484237963763159, 43.819429302444], [4.484238188085649, 43.81942926152816], [4.48436934610967, 43.81940587492741], [4.484369430457372, 43.819405860016666], [4.484502980553776, 43.81938245573579], [4.484636422260367, 43.81935816764237], [4.484760039258363, 43.8193348980726], [4.484760089060844, 43.819334888743306], [4.484858974469552, 43.81931645519398], [4.484929386892961, 43.81930291171662], [4.484993136616955, 43.81929060492949], [4.484970821695587, 43.81924925572197], [4.484932343262322, 43.81917997123798], [4.484357333789706, 43.819286804637215], [4.484163519119597, 43.81932866942281], [4.4841945289501135, 43.81941111324957], [4.48419505762149, 43.819412855024154], [4.484195345630879, 43.81941462613077], [4.48419539015056, 43.819416409180555], [4.484195190743409, 43.81941818666737], [4.484194749367204, 43.81941994113973], [4.484194070355388, 43.81942165537205], [4.484193160374536, 43.819423312533864], [4.484192028358897, 43.81942489635504], [4.484190685422679, 43.81942639128545], [4.48418914475093, 43.819427782647765], [4.484187421470086, 43.819429056781445], [4.484185532499455, 43.81943020117695], [4.484183496385112, 43.8194312045985], [4.484181333117798, 43.81943205719442], [4.484179063936661, 43.81943275059383], [4.484176711120719, 43.8194332779889], [4.483731349369712, 43.8195158433376], [4.483728886023297, 43.81951620502975], [4.483726384823092, 43.81951638474967], [4.4837238713434004, 43.81951638065978], [4.483723382854496, 43.81951634395406], [4.483726405585758, 43.819521926412044], [4.48375582807976, 43.819529986881975]]]}}, {"type": "Feature", "properties": {"parcelle": "AE128", "surf_m2": 824.8, "surf_parcelle": 6770, "d_bati": 12.2, "d_route": 1.5, "n_bati_100": 38, "part_coeur": 0.41, "allongement": 6.2, "etalement": 4.75, "groupe": 11, "morceaux_groupe": 3, "surf_groupe": 4714.0, "avis": "candidat", "motif_avis": "Aire en terre desservant le city-stade, impasse Pr\u00e9 des Champs", "lat": 43.820033, "lon": 4.483724, "connue": null}, "geometry": {"type": "Polygon", "coordinates": [[[4.483768200000001, 43.81983859999999], [4.483765425444349, 43.81983289599742], [4.483652802240147, 43.81994989310783], [4.483597504560393, 43.82001338900732], [4.483596177235905, 43.82001472501549], [4.483594635224913, 43.82001593413789], [4.483562886916949, 43.820037967349585], [4.4835615797191215, 43.82003879355237], [4.483560172092546, 43.8200395281794], [4.483558676231256, 43.82004016486664], [4.4835571050936425, 43.82004069809861], [4.483528734449032, 43.82004918455589], [4.483526857151058, 43.820049662890845], [4.48352492012649, 43.8200499936054], [4.483522945449157, 43.82005017293081], [4.4834993585778875, 43.82005139387616], [4.483497446734617, 43.82005142165158], [4.483495541018881, 43.82005130748159], [4.483463138902949, 43.82004814808285], [4.483461513592608, 43.82004793616608], [4.483459920560549, 43.820047620937764], [4.4834583723073065, 43.82004720487148], [4.483456880982037, 43.82004669123216], [4.483422979404493, 43.82003365164094], [4.48342124601972, 43.82003289483596], [4.483419636170508, 43.8200320064259], [4.4834181688343335, 43.82003099688364], [4.48339280234274, 43.8200115408042], [4.483391535881079, 43.8200104611572], [4.483390432653804, 43.82000929136043], [4.483389504809822, 43.82000804429582], [4.4833784333243285, 43.81999108880252], [4.483370702887015, 43.819998700419454], [4.4833593868164545, 43.820012691890604], [4.48335280057075, 43.82003341384268], [4.483357417541934, 43.820054038946736], [4.4833860569620345, 43.82009780657314], [4.483386168851748, 43.82009798075893], [4.483415987085724, 43.82014527791575], [4.483416357393865, 43.82014590700593], [4.483428101545964, 43.82016734850612], [4.48342813415365, 43.82016740845563], [4.483450295103724, 43.820208438462636], [4.483461962369131, 43.82022934618181], [4.4839038, 43.82006899999998], [4.483768200000001, 43.81983859999999]]]}}, {"type": "Feature", "properties": {"parcelle": "AE128", "surf_m2": 550.6, "surf_parcelle": 6770, "d_bati": 14.3, "d_route": 1.5, "n_bati_100": 34, "part_coeur": 0.35, "allongement": 5.1, "etalement": 4.75, "groupe": 11, "morceaux_groupe": 3, "surf_groupe": 4714.0, "avis": "candidat", "motif_avis": "Aire en terre desservant le city-stade, impasse Pr\u00e9 des Champs", "lat": 43.819823, "lon": 4.483618, "connue": "PKC_M_MANUAL_012"}, "geometry": {"type": "Polygon", "coordinates": [[[4.483665646362777, 43.81963216312271], [4.483655774632047, 43.81964544822975], [4.483643791742094, 43.8196617809938], [4.483643726990209, 43.81966186847324], [4.483628109804223, 43.819682782168], [4.483627502973973, 43.819683535561396], [4.483607150847521, 43.81970702500179], [4.48358683649395, 43.819732310009705], [4.483586505072602, 43.819732706691404], [4.483563572124172, 43.81975912022683], [4.483563332083153, 43.81975938954862], [4.483539237525909, 43.81978573137635], [4.483517615992014, 43.819810197809986], [4.483492303741694, 43.819839302962706], [4.483492231344503, 43.8198393855431], [4.483465770666155, 43.81986932777224], [4.483441173334826, 43.81989851076983], [4.483424412932523, 43.81992571815155], [4.483415540531855, 43.819950836905235], [4.483415150444703, 43.819951792767405], [4.483409655727344, 43.81996362991175], [4.48341279925602, 43.819980556841735], [4.4834219477978134, 43.819994567418796], [4.483443178206842, 43.82001085112], [4.483471424328904, 43.82002171544742], [4.483498614649966, 43.82002436666497], [4.483517281800798, 43.820023400383], [4.483539622042003, 43.82001671778956], [4.483567184551793, 43.81999758951267], [4.48362149235884, 43.81993523027849], [4.483621967443005, 43.8199347116561], [4.483750168943632, 43.81980153127126], [4.483667154323666, 43.81963086694407], [4.483665646362777, 43.81963216312271]]]}}, {"type": "Feature", "properties": {"parcelle": "AE129", "surf_m2": 3338.7, "surf_parcelle": 6770, "d_bati": 9.8, "d_route": 1.5, "n_bati_100": 42, "part_coeur": 0.63, "allongement": 7.3, "etalement": 4.75, "groupe": 11, "morceaux_groupe": 3, "surf_groupe": 4714.0, "avis": "candidat", "motif_avis": "Aire en terre desservant le city-stade, impasse Pr\u00e9 des Champs", "lat": 43.820438, "lon": 4.483955, "connue": null}, "geometry": {"type": "Polygon", "coordinates": [[[4.483461962369131, 43.82022934618181], [4.48348408280581, 43.82026898592094], [4.483523016969329, 43.82033493530262], [4.483523356533855, 43.82033555202016], [4.483552165852318, 43.82039186340518], [4.48355252564326, 43.820392637854724], [4.4835697542021, 43.82043380589343], [4.483570269277841, 43.82043536490267], [4.483574440884626, 43.820452409153255], [4.483574596249386, 43.82045316927886], [4.483577548556675, 43.820471130171306], [4.483577675913831, 43.820472471817844], [4.483578609921804, 43.820508461229544], [4.483578598324049, 43.82050925418129], [4.483577752624349, 43.8205245665881], [4.483577719382728, 43.82052499655092], [4.483575747779677, 43.82054482454103], [4.483575669018989, 43.820545427443705], [4.483572454760191, 43.82056527234055], [4.483572349664405, 43.8205658229481], [4.4835667901941045, 43.820591100070104], [4.4835667066025495, 43.82059145036875], [4.483558850376459, 43.82062197144937], [4.483552229402112, 43.820652474704076], [4.483552223468993, 43.82065250185801], [4.4835466639813655, 43.82067777898035], [4.483546572311401, 43.82067816045875], [4.4835410760699155, 43.82069923790548], [4.4835380361972526, 43.820722073217574], [4.483537955414551, 43.820722579692955], [4.483533722703836, 43.82074533702161], [4.483533436663055, 43.82075252736808], [4.483781244652809, 43.82079465616453], [4.483957228446785, 43.8207948975762], [4.484054702644175, 43.820778695033674], [4.484155139646131, 43.82075591873838], [4.48426123675058, 43.82072987659082], [4.4843452763372325, 43.82068854230149], [4.4839038, 43.82006899999998], [4.483461962369131, 43.82022934618181]], [[4.48372128647133, 43.82044981665015], [4.483602385793639, 43.82027502404273], [4.483734251556599, 43.820230927378205], [4.483846915937412, 43.82040490465019], [4.48372128647133, 43.82044981665015]]]}}, {"type": "Feature", "properties": {"parcelle": "AE127", "surf_m2": 3543.3, "surf_parcelle": 10410, "d_bati": 35.0, "d_route": 0.7, "n_bati_100": 33, "part_coeur": 0.67, "allongement": 8.0, "etalement": 3.59, "groupe": 13, "morceaux_groupe": 1, "surf_groupe": 3543.0, "avis": "rejete", "motif_avis": "Jardins familiaux", "lat": 43.820735, "lon": 4.482278, "connue": null}, "geometry": {"type": "Polygon", "coordinates": [[[4.48285867087871, 43.820841715973295], [4.482855526264159, 43.8208428594526], [4.482674208645852, 43.820897528026606], [4.482672954854387, 43.82089787757567], [4.482654431606003, 43.820902629696626], [4.4826520556441025, 43.82090314422079], [4.4826496206977176, 43.820903484770746], [4.482647151002748, 43.82090364795685], [4.482644671140968, 43.82090363215486], [4.482642205795345, 43.820903437522055], [4.482639779504355, 43.82090306599569], [4.48263741641776, 43.8209025212737], [4.482635140056212, 43.820901808777904], [4.48263297307716, 43.82090093560004], [4.482630937049327, 43.820899910431116], [4.48262905223803, 43.82089874347508], [4.482627337403462, 43.82089744634702], [4.4826258096139835, 43.82089603195774], [4.482624484076215, 43.82089451438514], [4.482623373983694, 43.8208929087342], [4.482622490385552, 43.820891230986525], [4.482621842076537, 43.82088949784133], [4.4826214355094764, 43.820887726549245], [4.482621274731056, 43.820885934740566], [4.482621361341536, 43.820884140249774], [4.482621694478831, 43.82088236093811], [4.482622270827082, 43.82088061451565], [4.482623084649672, 43.82087891836519], [4.482624127846315, 43.820877289369086], [4.48271573628319, 43.82075113986662], [4.482736882406009, 43.82070845143137], [4.4827498219403115, 43.82065560605021], [4.482756810719548, 43.82060068696777], [4.482754238936219, 43.82054658072403], [4.482730884756987, 43.82049017167031], [4.482703944034146, 43.820458214606894], [4.48243629336681, 43.82053981517087], [4.482433979696059, 43.82054042475987], [4.482431594085625, 43.82054086563633], [4.48242915993981, 43.82054113347504], [4.482426701139066, 43.82054122564833], [4.482424241805735, 43.820541141251894], [4.482421806067382, 43.820540881113736], [4.482419417820087, 43.820540447785966], [4.4824171004940165, 43.82053984551982], [4.48241487682355, 43.82053908022384], [4.48241276862425, 43.82053815940609], [4.482410796578833, 43.82053709210036], [4.482408980034254, 43.82053588877754], [4.4824073368119155, 43.82053456124298], [4.4824058830328175, 43.82053312252057], [4.482322994405251, 43.82044193626926], [4.482173700864656, 43.820463911896454], [4.482084691134608, 43.820492483111046], [4.482029282889656, 43.8205206100016], [4.481980718919464, 43.82056298102077], [4.482040033846964, 43.82065433977483], [4.482040976472349, 43.82065600261356], [4.482041685320419, 43.82065772523611], [4.482042153321061, 43.820659490460926], [4.482042375806373, 43.82066128068156], [4.482042350557258, 43.82066307804218], [4.482042077825524, 43.82066486461582], [4.482041560331393, 43.82066662258304], [4.4820408032363686, 43.82066833440977], [4.482039814091753, 43.82066998302212], [4.4820386027633266, 43.820671551976695], [4.482037181332952, 43.820673025624615], [4.482035563978074, 43.820674389267616], [4.4820337668302965, 43.82067562930464], [4.482031807814503, 43.82067673336741], [4.482029706470063, 43.82067769044395], [4.482027483755943, 43.82067849098831], [4.481761174779742, 43.82076267167478], [4.481756096171802, 43.820768950618536], [4.481757811644654, 43.82078150744787], [4.481790016390321, 43.82081981041063], [4.481850208701392, 43.820875420304816], [4.481910139807081, 43.8209147017432], [4.481979329125578, 43.82094535207498], [4.482075037826849, 43.82097327963776], [4.48220321503453, 43.820988279827404], [4.482205563051596, 43.82098863958373], [4.482207852207148, 43.820989161612495], [4.482210061161785, 43.82098984104736], [4.4822121693237325, 43.820990671554675], [4.4822141570408025, 43.82099164539249], [4.482216005783579, 43.820992753482734], [4.482217698318161, 43.82099398549586], [4.482219218866805, 43.82099532994703], [4.482220553255016, 43.820996774303424], [4.482221689043668, 43.82099830510076], [4.482222615644976, 43.820999908069005], [4.482223324421183, 43.82100156826539], [4.482223808765086, 43.82100327021364], [4.482224064161634, 43.82100499804823], [4.482224088230008, 43.82100673566235], [4.4822238807458215, 43.821008466858075], [4.482223443643215, 43.82101017549722], [4.482222780996821, 43.82101184565197], [4.482221898983787, 43.82101346175313], [4.482220805826187, 43.821015008735515], [4.482219511714381, 43.821016472178215], [4.482218028712019, 43.82101783843903], [4.482216370643585, 43.821019094781754], [4.482214552965528, 43.8210202294948], [4.482212592622175, 43.82102123200038], [4.482210507887775, 43.82102209295321], [4.482208318196151, 43.82102280432749], [4.4821931337560725, 43.8210271125673], [4.482331419001804, 43.821003058767346], [4.482332157209335, 43.821002952979306], [4.482332904796948, 43.821002890649794], [4.482399938667769, 43.820999279232645], [4.482400872447892, 43.8209992629021], [4.482456597131786, 43.821000311040116], [4.4823830355920204, 43.820908391015095], [4.482382197123125, 43.82090721364348], [4.482381522079, 43.82090598243656], [4.482381016960679, 43.82090470925155], [4.482380686632717, 43.82090340634992], [4.482380534276341, 43.82090208627934], [4.482380561358816, 43.820900761752796], [4.482380767619308, 43.82089944552618], [4.482381151071405, 43.820898150275525], [4.482381708022242, 43.82089688847476], [4.482382433108068, 43.82089567227574], [4.4823833193458995, 43.8208945133911], [4.482384358200781, 43.82089342298154], [4.482385539667961, 43.8208924115483], [4.482386852369265, 43.82089148883203], [4.482388283662663, 43.82089066371899], [4.482389819764021, 43.82088994415544], [4.482391445879847, 43.82088933707118], [4.482393146349762, 43.820888848312784], [4.482394904797323, 43.820888482587236], [4.482396704287726, 43.820888243416654], [4.482398527490912, 43.82088813310443], [4.482400356848445, 43.820888152712875], [4.482402174742624, 43.82088830205316], [4.482403963666149, 43.8208885796871], [4.482405706390721, 43.82088898294089], [4.482407386132957, 43.820889507931], [4.482408986716028, 43.820890149601475], [4.482410492725457, 43.82089090177268], [4.4824118896575476, 43.820891757200805], [4.482413164059086, 43.82089270764763], [4.482414303656887, 43.82089374395982], [4.482415297475997, 43.82089485615714], [4.48249326199011, 43.82099227791047], [4.482540221113528, 43.820984811405914], [4.482656695044842, 43.820949584720026], [4.482812606254527, 43.82089635077479], [4.4829198734919995, 43.820857475897874], [4.482963071117147, 43.82083728209012], [4.4829427157905135, 43.82080554760454], [4.48285867087871, 43.820841715973295]]]}}, {"type": "Feature", "properties": {"parcelle": "AH551", "surf_m2": 1504.9, "surf_parcelle": 4229, "d_bati": 30.1, "d_route": 2.0, "n_bati_100": 3, "part_coeur": 0.54, "allongement": 6.1, "etalement": 4.05, "groupe": 4, "morceaux_groupe": 12, "surf_groupe": 18503.0, "avis": "rejete", "motif_avis": "Accotements de voirie neuve et friches", "lat": 43.816929, "lon": 4.490396, "connue": null}, "geometry": {"type": "Polygon", "coordinates": [[[4.489873099999998, 43.8168422], [4.490032371265719, 43.817027818990326], [4.490077642155017, 43.817027545451204], [4.490196798607247, 43.81702591703643], [4.490197049643713, 43.81702591452383], [4.490319962537165, 43.81702513377026], [4.4905671095165065, 43.81702175551793], [4.4905673605529355, 43.817021753004475], [4.490690273432383, 43.81702097183351], [4.490922248475688, 43.8170178001943], [4.4907561, 43.8168285], [4.489873099999998, 43.8168422]]]}}, {"type": "Feature", "properties": {"parcelle": "AH365", "surf_m2": 1162.7, "surf_parcelle": 2170, "d_bati": 19.4, "d_route": 2.0, "n_bati_100": 13, "part_coeur": 0.59, "allongement": 3.9, "etalement": 4.05, "groupe": 4, "morceaux_groupe": 12, "surf_groupe": 18503.0, "avis": "rejete", "motif_avis": "Accotements de voirie neuve et friches", "lat": 43.817029, "lon": 4.488943, "connue": null}, "geometry": {"type": "Polygon", "coordinates": [[[4.4888657, 43.81689879999998], [4.4886596, 43.816944899999996], [4.488643300000001, 43.81700359999999], [4.488844665165427, 43.81723302992959], [4.4889623724045995, 43.81718579580339], [4.4890016148688385, 43.817165184712195], [4.489002376399874, 43.81716480024564], [4.489053931964407, 43.81713979479225], [4.489054115049295, 43.81713970683876], [4.489110594007608, 43.81711283401868], [4.489110631647816, 43.817112816144665], [4.489163429695229, 43.81708779367073], [4.48916385397048, 43.81708759701236], [4.489212994554118, 43.81706532462183], [4.489215096381152, 43.817064471745404], [4.4892428143542, 43.81705447022595], [4.4890771, 43.816862400000005], [4.4888657, 43.81689879999998]]]}}, {"type": "Feature", "properties": {"parcelle": "AH365", "surf_m2": 598.5, "surf_parcelle": 2170, "d_bati": 22.6, "d_route": 2.0, "n_bati_100": 11, "part_coeur": 0.39, "allongement": 4.8, "etalement": 4.05, "groupe": 4, "morceaux_groupe": 12, "surf_groupe": 18503.0, "avis": "rejete", "motif_avis": "Accotements de voirie neuve et friches", "lat": 43.817228, "lon": 4.489142, "connue": null}, "geometry": {"type": "Polygon", "coordinates": [[[4.489238348145497, 43.81709629928488], [4.489190443396822, 43.81711801155243], [4.489137874924682, 43.817142925230236], [4.489081506570508, 43.81716974543121], [4.489030427989696, 43.8171945195446], [4.488990337656646, 43.81721557596245], [4.488987791776919, 43.817216749246704], [4.488871377158627, 43.81726346467594], [4.488979083231396, 43.817386180962465], [4.4890025732965855, 43.8173749457133], [4.489003069865753, 43.81737471228428], [4.489107470781777, 43.8173264838414], [4.489107932751324, 43.81732627385906], [4.489168139613726, 43.817299350097336], [4.4891682499229955, 43.81729930095977], [4.489301727072109, 43.81724007421308], [4.489373598812078, 43.81720605409298], [4.489269275499442, 43.8170851397166], [4.489238348145497, 43.81709629928488]]]}}, {"type": "Feature", "properties": {"parcelle": "AH552", "surf_m2": 928.1, "surf_parcelle": 921, "d_bati": 20.5, "d_route": 2.8, "n_bati_100": 2, "part_coeur": 0.36, "allongement": 7.5, "etalement": 4.05, "groupe": 4, "morceaux_groupe": 12, "surf_groupe": 18503.0, "avis": "rejete", "motif_avis": "Accotements de voirie neuve et friches", "lat": 43.816731, "lon": 4.490369, "connue": null}, "geometry": {"type": "Polygon", "coordinates": [[[4.489808999999999, 43.81676759999998], [4.489873099999998, 43.8168422], [4.4907561, 43.8168285], [4.490625100000001, 43.81667910000001], [4.490334, 43.816701699999996], [4.489808999999999, 43.81676759999998]]]}}, {"type": "Feature", "properties": {"parcelle": "AH569", "surf_m2": 1593.3, "surf_parcelle": 4483, "d_bati": 16.7, "d_route": 2.0, "n_bati_100": 11, "part_coeur": 0.59, "allongement": 5.2, "etalement": 4.05, "groupe": 4, "morceaux_groupe": 12, "surf_groupe": 18503.0, "avis": "rejete", "motif_avis": "Accotements de voirie neuve et friches", "lat": 43.816945, "lon": 4.489555, "connue": null}, "geometry": {"type": "Polygon", "coordinates": [[[4.4890771, 43.816862400000005], [4.4892427826196455, 43.817054481676784], [4.489264354116308, 43.817046697992765], [4.489266728322046, 43.817045950385896], [4.489269197045883, 43.8170453856557], [4.489271733503989, 43.817045009929096], [4.4893188342010095, 43.81703986634464], [4.489321565217176, 43.817039678958395], [4.489382428000466, 43.8170379475823], [4.489382527686901, 43.81703794489153], [4.489458301377182, 43.8170360098], [4.489458708661397, 43.817036001818146], [4.4896349991142666, 43.81703359355429], [4.489734226461118, 43.817031339260424], [4.489734537044146, 43.81703133361092], [4.48995944323416, 43.81702826059904], [4.489959704840505, 43.8170282580215], [4.4900323206320625, 43.81702781929626], [4.489808999999999, 43.81676759999998], [4.4890771, 43.816862400000005]]]}}, {"type": "Feature", "properties": {"parcelle": "AH569", "surf_m2": 320.8, "surf_parcelle": 4483, "d_bati": 46.7, "d_route": 2.0, "n_bati_100": 9, "part_coeur": 0.1, "allongement": 15.5, "etalement": 4.05, "groupe": 4, "morceaux_groupe": 12, "surf_groupe": 18503.0, "avis": "rejete", "motif_avis": "Accotements de voirie neuve et friches", "lat": 43.817141, "lon": 4.489423, "connue": null}, "geometry": {"type": "Polygon", "coordinates": [[[4.489960250408695, 43.8170642516657], [4.489735630186888, 43.817067320770335], [4.489636402777647, 43.81706957506553], [4.4896360921944, 43.81706958071476], [4.489459850002162, 43.81707198831968], [4.4893843297111555, 43.817073916939975], [4.489324889386768, 43.81707560785148], [4.489283020416951, 43.81708018011108], [4.489269238697543, 43.817085152995894], [4.489373545945055, 43.81720607911734], [4.489373716375174, 43.817205998445004], [4.489373800406075, 43.817205958786076], [4.489468353839131, 43.81716146471167], [4.489471516361264, 43.817160131600154], [4.489583536058571, 43.817118098990484], [4.4895868923352875, 43.81711698854849], [4.489590383768559, 43.817116123773744], [4.489715251075462, 43.81709011645629], [4.489718897068944, 43.81708949873851], [4.489722610244643, 43.81708914894072], [4.489866585032934, 43.81708088144153], [4.489868544632631, 43.81708080642359], [4.490031298728569, 43.81707768242431], [4.490031583259315, 43.81707767774945], [4.490074604963781, 43.817077089840346], [4.490063054086975, 43.817063630538925], [4.489960250408695, 43.8170642516657]]]}}, {"type": "Feature", "properties": {"parcelle": "AH569", "surf_m2": 1965.0, "surf_parcelle": 4483, "d_bati": 36.7, "d_route": 3.0, "n_bati_100": 8, "part_coeur": 0.65, "allongement": 4.6, "etalement": 4.05, "groupe": 4, "morceaux_groupe": 12, "surf_groupe": 18503.0, "avis": "rejete", "motif_avis": "Accotements de voirie neuve et friches", "lat": 43.817311, "lon": 4.48987, "connue": null}, "geometry": {"type": "Polygon", "coordinates": [[[4.490057700000001, 43.81737460000001], [4.4903271, 43.817371300000005], [4.490120413697586, 43.81713046697522], [4.490033132559977, 43.81713165972537], [4.489871501728122, 43.817134762164784], [4.489732252182852, 43.8171427583273], [4.489614556354313, 43.817167271974455], [4.489507451448315, 43.817207460439725], [4.489414476056981, 43.81725121194868], [4.489413056077057, 43.81725188408998], [4.489673999999999, 43.8175544], [4.490057700000001, 43.81737460000001]]]}}, {"type": "Feature", "properties": {"parcelle": "AH567", "surf_m2": 1365.8, "surf_parcelle": 1387, "d_bati": 21.9, "d_route": 4.9, "n_bati_100": 10, "part_coeur": 0.57, "allongement": 6.1, "etalement": 4.05, "groupe": 4, "morceaux_groupe": 12, "surf_groupe": 18503.0, "avis": "rejete", "motif_avis": "Accotements de voirie neuve et friches", "lat": 43.817601, "lon": 4.489406, "connue": null}, "geometry": {"type": "Polygon", "coordinates": [[[4.489071799999999, 43.81742879999998], [4.4894889, 43.81788359999999], [4.4895167, 43.817870399999975], [4.489406800000001, 43.8177481], [4.489443099999999, 43.81773109999999], [4.489486199999999, 43.81764240000002], [4.489673999999999, 43.8175544], [4.4894267, 43.8172676], [4.489071799999999, 43.81742879999998]]]}}, {"type": "Feature", "properties": {"parcelle": "AH284", "surf_m2": 715.3, "surf_parcelle": 727, "d_bati": 39.1, "d_route": 7.6, "n_bati_100": 14, "part_coeur": 0.43, "allongement": 4.9, "etalement": 4.9, "groupe": 39, "morceaux_groupe": 1, "surf_groupe": 715.0, "avis": "rejete", "motif_avis": "Accotement de rond-point", "lat": 43.819837, "lon": 4.491936, "connue": null}, "geometry": {"type": "Polygon", "coordinates": [[[4.491560100000001, 43.8199072], [4.4917035, 43.81997950000001], [4.492125700000001, 43.82000539999998], [4.492154900000001, 43.81998359999999], [4.4920372, 43.81977010000001], [4.491560100000001, 43.8199072]]]}}, {"type": "Feature", "properties": {"parcelle": "AH300", "surf_m2": 3156.0, "surf_parcelle": 3202, "d_bati": 33.8, "d_route": 2.4, "n_bati_100": 3, "part_coeur": 0.7, "allongement": 5.1, "etalement": 5.03, "groupe": 15, "morceaux_groupe": 1, "surf_groupe": 3156.0, "avis": "rejete", "motif_avis": "Friche en bord de voie ferr\u00e9e", "lat": 43.821218, "lon": 4.493848, "connue": null}, "geometry": {"type": "Polygon", "coordinates": [[[4.4932338, 43.821252300000005], [4.4934503, 43.82147250000001], [4.493494900000001, 43.821546200000014], [4.4936988, 43.821487], [4.4944341, 43.82118380000001], [4.4943667, 43.820918400000004], [4.4932338, 43.821252300000005]]]}}, {"type": "Feature", "properties": {"parcelle": "AI203", "surf_m2": 6133.9, "surf_parcelle": 6113, "d_bati": 3.9, "d_route": 1.8, "n_bati_100": 21, "part_coeur": 0.78, "allongement": 5.3, "etalement": 5.2, "groupe": 9, "morceaux_groupe": 1, "surf_groupe": 6134.0, "avis": "a_verifier", "motif_avis": "Terre-plein pr\u00e8s du rond-point : d\u00e9p\u00f4t de mat\u00e9riaux ou aire utilisable ?", "lat": 43.814514, "lon": 4.487598, "connue": null}, "geometry": {"type": "Polygon", "coordinates": [[[4.4874833, 43.813936800000015], [4.4874044999999985, 43.81404839999997], [4.487356900000002, 43.8141512], [4.4872994, 43.8144299], [4.4872124, 43.814607999999986], [4.487159000000001, 43.81484419999999], [4.4871626, 43.8149439], [4.4871845, 43.815040199999984], [4.488236599999999, 43.81496800000001], [4.487517354043811, 43.81385512961802], [4.487500852767119, 43.813847870659], [4.4874608, 43.8139267], [4.4874833, 43.813936800000015]]]}}, {"type": "Feature", "properties": {"parcelle": "AI208", "surf_m2": 3055.4, "surf_parcelle": 3045, "d_bati": 24.1, "d_route": 5.9, "n_bati_100": 22, "part_coeur": 0.7, "allongement": 5.1, "etalement": 4.05, "groupe": 4, "morceaux_groupe": 12, "surf_groupe": 18503.0, "avis": "rejete", "motif_avis": "Accotements de voirie neuve et friches", "lat": 43.816465, "lon": 4.488472, "connue": null}, "geometry": {"type": "Polygon", "coordinates": [[[4.488591400000001, 43.81681420000004], [4.488874700000002, 43.81681170000003], [4.4885542, 43.8161046], [4.487931900000001, 43.81613320000001], [4.4885236, 43.81680429999999], [4.488591400000001, 43.81681420000004]]]}}, {"type": "Feature", "properties": {"parcelle": "AI3", "surf_m2": 1673.1, "surf_parcelle": 1587, "d_bati": 3.8, "d_route": 4.4, "n_bati_100": 2, "part_coeur": 0.57, "allongement": 5.6, "etalement": 4.05, "groupe": 4, "morceaux_groupe": 12, "surf_groupe": 18503.0, "avis": "rejete", "motif_avis": "Accotements de voirie neuve et friches", "lat": 43.816371, "lon": 4.489708, "connue": null}, "geometry": {"type": "Polygon", "coordinates": [[[4.4900132, 43.81667119999999], [4.4896923, 43.8160542], [4.4894251999999994, 43.81606950000001], [4.4897112, 43.81670999999999], [4.4900132, 43.81667119999999]]]}}, {"type": "Feature", "properties": {"parcelle": "AI214", "surf_m2": 949.2, "surf_parcelle": 1042, "d_bati": 2.0, "d_route": 4.2, "n_bati_100": 6, "part_coeur": 0.38, "allongement": 8.4, "etalement": 4.05, "groupe": 4, "morceaux_groupe": 12, "surf_groupe": 18503.0, "avis": "rejete", "motif_avis": "Accotements de voirie neuve et friches", "lat": 43.816467, "lon": 4.489455, "connue": null}, "geometry": {"type": "Polygon", "coordinates": [[[4.4897112, 43.81670999999999], [4.489531000000001, 43.816297400000025], [4.489260399999999, 43.81636959999998], [4.4894340999999995, 43.816745800000014], [4.4897112, 43.81670999999999]], [[4.489612825170557, 43.81656694765377], [4.489615083483705, 43.81656759682995], [4.489617243470616, 43.81656840256436], [4.4896192844905, 43.81656935715742], [4.489621187039416, 43.81657045148705], [4.4896229329366415, 43.81657167509589], [4.489624505498412, 43.81657301629112], [4.489625889697351, 43.816574462256355], [4.4896270723060665, 43.816575999173935], [4.48962804202356, 43.816577612357136], [4.489628789583214, 43.816579286390414], [4.4896368076332696, 43.816600778100465], [4.489636832514334, 43.816600860981914], [4.489636983907295, 43.81660108625114], [4.489637834126808, 43.816602750839216], [4.4896510568929235, 43.81663317196429], [4.4896516878455035, 43.816634928359846], [4.489652071306376, 43.81663672183622], [4.489652203376472, 43.8166385341573], [4.489652082712874, 43.81664034689533], [4.489651710542473, 43.816642141618324], [4.489651090649484, 43.81664390007749], [4.489650229336984, 43.81664560439272], [4.48964913536281, 43.81664723723448], [4.489647819850516, 43.81664878199996], [4.4896462961762715, 43.81665022298193], [4.489644579832844, 43.81665154552842], [4.489642688272077, 43.81665273619172], [4.489640640727428, 43.81665378286511], [4.489638458018422, 43.81665467490596], [4.489636162338931, 43.81665540324398], [4.489633777031525, 43.816655960473376], [4.4896313263501195, 43.81665634092823], [4.489527231977516, 43.81666856360303], [4.489524790013351, 43.81666876124237], [4.489522333031606, 43.816668783330044], [4.4895198850437295, 43.816668629650195], [4.489517469973273, 43.81666830170471], [4.489515111422099, 43.81666780269849], [4.489512832439711, 43.81666713750821], [4.489510655298012, 43.81666631263462], [4.4895086012736405, 43.816665336138975], [4.489506690440034, 43.81666421756431], [4.48950494147126, 43.81666296784216], [4.489503371459527, 43.81666159918575], [4.4895019957481335, 43.81666012497059], [4.48950082778153, 43.81665855960382], [4.48949987897393, 43.81665691838334], [4.48949915859776, 43.81665521734835], [4.489489757374773, 43.81662834421023], [4.489489267265122, 43.81662657478767], [4.489489024337886, 43.81662477872042], [4.489489031035495, 43.81662297406662], [4.489489287290584, 43.8166211789707], [4.489489790526679, 43.81661941148107], [4.489490535684086, 43.816617689368485], [4.48949151527078, 43.81661602994756], [4.48949271943772, 43.8166144499025], [4.4894941360778855, 43.81661296511951], [4.489495750947996, 43.816611590526975], [4.489497547811719, 43.81661033994539], [4.489499508602916, 43.81660922594847], [4.489501613607281, 43.81660825973654], [4.489503841660561, 43.8166074510242], [4.489506170361335, 43.816606807942435], [4.489508576296254, 43.81660633695695], [4.48955715743375, 43.816598696247695], [4.489555873426837, 43.81659462016673], [4.489555455282365, 43.81659292037184], [4.4895552639993435, 43.816591199386295], [4.4895553013380844, 43.816589473047884], [4.489555566954948, 43.81658775724366], [4.489556058405508, 43.816586067763765], [4.489556771167047, 43.816584420156055], [4.489557698680183, 43.81658282958303], [4.489558832409228, 43.81658131068236], [4.489560161920744, 43.81657987743208], [4.489561674979562, 43.81657854302205], [4.489563357661371, 43.816577319732474], [4.489565194480872, 43.816576218821], [4.489567168534274, 43.81657525041902], [4.489569261654865, 43.816574423438496], [4.489571454580186, 43.81657374548994], [4.489596141793061, 43.8165671078681], [4.489598458215598, 43.81656657678439], [4.4896008351825465, 43.81656621200643], [4.489603249979666, 43.81656601702004], [4.489605679531219, 43.8165659936885], [4.4896081006204716, 43.81656614223474], [4.489610490111556, 43.8165664612393], [4.489612825170557, 43.81656694765377]]]}}, {"type": "Feature", "properties": {"parcelle": "AI20", "surf_m2": 3386.6, "surf_parcelle": 3354, "d_bati": 27.3, "d_route": 3.8, "n_bati_100": 2, "part_coeur": 0.71, "allongement": 5.0, "etalement": 4.05, "groupe": 4, "morceaux_groupe": 12, "surf_groupe": 18503.0, "avis": "rejete", "motif_avis": "Accotements de voirie neuve et friches", "lat": 43.816343, "lon": 4.490059, "connue": null}, "geometry": {"type": "Polygon", "coordinates": [[[4.4900132, 43.81667119999999], [4.490342900000002, 43.81663319999999], [4.490147000000001, 43.81579220000002], [4.4896525, 43.81583929999999], [4.4896923, 43.8160542], [4.4900132, 43.81667119999999]]]}}, {"type": "Feature", "properties": {"parcelle": "AK131", "surf_m2": 4525.1, "surf_parcelle": 8015, "d_bati": 4.0, "d_route": 0.7, "n_bati_100": 40, "part_coeur": 0.67, "allongement": 8.4, "etalement": 5.14, "groupe": 2, "morceaux_groupe": 11, "surf_groupe": 33596.0, "avis": "rejete", "motif_avis": "Garrigue et verger", "lat": 43.811686, "lon": 4.479394, "connue": null}, "geometry": {"type": "Polygon", "coordinates": [[[4.480022, 43.81152680000002], [4.4784355, 43.8113394], [4.4783492020472995, 43.81164432443229], [4.478460468955793, 43.81161695180305], [4.478460608513138, 43.811616922917516], [4.478460745084624, 43.81161688732644], [4.478460814527459, 43.81161687463214], [4.478460882282153, 43.81161685782141], [4.478461116739139, 43.811616817725074], [4.47846134836975, 43.811616769782255], [4.478461491164848, 43.8116167509415], [4.478461631896131, 43.81161672521555], [4.478461702722782, 43.811616717511406], [4.478461772426646, 43.811616705590794], [4.478462011181874, 43.81161668232913], [4.478462248186381, 43.81161665105816], [4.478462392844078, 43.81161664244364], [4.478462536379798, 43.81161662683058], [4.478462607908226, 43.81161662419075], [4.478462678889915, 43.81161661727507], [4.478462919643981, 43.81161661107212], [4.478463159739964, 43.81161659677416], [4.478463304867061, 43.8116165984688], [4.478463449824958, 43.81161659311899], [4.4784635213663035, 43.81161659556892], [4.478463592942227, 43.81161659372479], [4.478540672080405, 43.811617348571815], [4.478541582445226, 43.81161738981242], [4.478542482883236, 43.8116174952974], [4.478543364769812, 43.81161766401637], [4.4786321379752705, 43.8116380612464], [4.478632984093663, 43.8116382888626], [4.478733218767265, 43.811669331135356], [4.4787339473476315, 43.81166958436915], [4.478860612913348, 43.811718611318916], [4.478970861998523, 43.8117311119524], [4.4790806946370445, 43.81171543016408], [4.479081504973305, 43.81171534106514], [4.479082322985892, 43.811715303865384], [4.479494820772027, 43.81170970714128], [4.4794957215347555, 43.81170972647229], [4.479496615508836, 43.81170980870873], [4.479497494336607, 43.811709953081774], [4.4796774102796935, 43.81174621353858], [4.479678280385033, 43.811746422796695], [4.479679117888291, 43.811746692950045], [4.479679914684957, 43.81174702138436], [4.479680663064441, 43.81174740492143], [4.4796813557846855, 43.81174783984972], [4.479681986142245, 43.81174832196045], [4.479772203735318, 43.811824501600164], [4.479772754954432, 43.81182501519932], [4.479773235337028, 43.811825564839346], [4.479773640420922, 43.81182614541472], [4.479773966443369, 43.81182675153263], [4.479774210376006, 43.81182737756295], [4.479774369952992, 43.8118280176906], [4.47977444369204, 43.811828665969564], [4.479774430908204, 43.811829316378116], [4.479774331720225, 43.81182996287473], [4.4797587535535595, 43.8119003779949], [4.479758537510084, 43.811901099368065], [4.47975821397295, 43.811901799342166], [4.479684465877184, 43.81203640428262], [4.4799135, 43.81205939999999], [4.480022, 43.81152680000002]]]}}, {"type": "Feature", "properties": {"parcelle": "AK131", "surf_m2": 3075.3, "surf_parcelle": 8015, "d_bati": 28.5, "d_route": 0.7, "n_bati_100": 28, "part_coeur": 0.67, "allongement": 6.0, "etalement": 5.14, "groupe": 2, "morceaux_groupe": 11, "surf_groupe": 33596.0, "avis": "rejete", "motif_avis": "Garrigue et verger", "lat": 43.811833, "lon": 4.479065, "connue": null}, "geometry": {"type": "Polygon", "coordinates": [[[4.479740509949487, 43.81189751056949], [4.479755243081092, 43.81183091520555], [4.479669681753884, 43.811758667294875], [4.4794938084122515, 43.81172322158618], [4.4790834939899264, 43.81172878868568], [4.478972851130839, 43.81174458615538], [4.478972045182753, 43.811744674912354], [4.478971231607233, 43.81174471232968], [4.4789704166287105, 43.811744698121096], [4.4789696064823445, 43.8117446323953], [4.478856169897743, 43.81173177034587], [4.478855151155672, 43.8117316121483], [4.478854163162853, 43.81173137259756], [4.478853218266399, 43.81173105468738], [4.478725517258329, 43.8116816269594], [4.478626069885145, 43.81165082850897], [4.478539041466357, 43.81163083217463], [4.4784703640455445, 43.81163015960859], [4.478384840278169, 43.811835677442886], [4.478371987304307, 43.811904617844064], [4.4796654576907935, 43.81203449578088], [4.479740509949487, 43.81189751056949]]]}}, {"type": "Feature", "properties": {"parcelle": "AK164", "surf_m2": 6577.6, "surf_parcelle": 6300, "d_bati": 4.9, "d_route": 4.0, "n_bati_100": 45, "part_coeur": 0.81, "allongement": 4.2, "etalement": 5.14, "groupe": 2, "morceaux_groupe": 11, "surf_groupe": 33596.0, "avis": "rejete", "motif_avis": "Garrigue et verger", "lat": 43.811721, "lon": 4.477131, "connue": null}, "geometry": {"type": "Polygon", "coordinates": [[[4.4765354, 43.8119375], [4.4776733, 43.8119424], [4.477811199999999, 43.81150349999998], [4.477843599999999, 43.811362], [4.476483799999999, 43.81134520000003], [4.4765354, 43.8119375]]]}}, {"type": "Feature", "properties": {"parcelle": "AK656", "surf_m2": 3438.7, "surf_parcelle": 6093, "d_bati": 2.8, "d_route": 0.7, "n_bati_100": 27, "part_coeur": 0.7, "allongement": 5.5, "etalement": 5.14, "groupe": 2, "morceaux_groupe": 11, "surf_groupe": 33596.0, "avis": "rejete", "motif_avis": "Garrigue et verger", "lat": 43.81213, "lon": 4.480133, "connue": null}, "geometry": {"type": "Polygon", "coordinates": [[[4.480339899999999, 43.81233340000001], [4.480325, 43.81233180000003], [4.4804053, 43.8119227], [4.4799504, 43.8118838], [4.4798431, 43.8124152], [4.479575172194911, 43.812389230989545], [4.479576146624235, 43.81242688465216], [4.479783887807035, 43.812624496158676], [4.480289400000001, 43.81265900000001], [4.480339899999999, 43.81233340000001]]]}}, {"type": "Feature", "properties": {"parcelle": "AK132", "surf_m2": 4107.6, "surf_parcelle": 5355, "d_bati": 42.3, "d_route": 0.7, "n_bati_100": 21, "part_coeur": 0.74, "allongement": 5.0, "etalement": 5.14, "groupe": 2, "morceaux_groupe": 11, "surf_groupe": 33596.0, "avis": "rejete", "motif_avis": "Garrigue et verger", "lat": 43.812168, "lon": 4.478974, "connue": null}, "geometry": {"type": "Polygon", "coordinates": [[[4.478338051300699, 43.81208664198504], [4.478323562790262, 43.8122663041423], [4.479556473745993, 43.812387115849866], [4.479555238172443, 43.81233937043985], [4.479555259604984, 43.81233876942134], [4.479555354813307, 43.812338172168616], [4.479555523041899, 43.81233758342111], [4.479655064502793, 43.812053617674835], [4.479655434939493, 43.81205278923099], [4.4796654576907935, 43.81203449578088], [4.478371987304307, 43.811904617844064], [4.478338051300699, 43.81208664198504]]]}}, {"type": "Feature", "properties": {"parcelle": "AK132", "surf_m2": 837.9, "surf_parcelle": 5355, "d_bati": 28.9, "d_route": 0.7, "n_bati_100": 23, "part_coeur": 0.5, "allongement": 4.3, "etalement": 5.14, "groupe": 2, "morceaux_groupe": 11, "surf_groupe": 33596.0, "avis": "rejete", "motif_avis": "Garrigue et verger", "lat": 43.8122, "lon": 4.479754, "connue": null}, "geometry": {"type": "Polygon", "coordinates": [[[4.4799135, 43.81205939999999], [4.479684465877184, 43.81203640428262], [4.479672983591682, 43.812057361676544], [4.479573898805428, 43.81234002490724], [4.479575164852392, 43.8123889472615], [4.4798431, 43.8124152], [4.4799135, 43.81205939999999]]]}}, {"type": "Feature", "properties": {"parcelle": "AK126", "surf_m2": 489.1, "surf_parcelle": 605, "d_bati": 39.9, "d_route": 0.7, "n_bati_100": 13, "part_coeur": 0.28, "allongement": 5.6, "etalement": 5.14, "groupe": 2, "morceaux_groupe": 11, "surf_groupe": 33596.0, "avis": "rejete", "motif_avis": "Garrigue et verger", "lat": 43.811588, "lon": 4.478139, "connue": null}, "geometry": {"type": "Polygon", "coordinates": [[[4.4781198, 43.8115127], [4.478109, 43.81154599999999], [4.477903000000001, 43.81151610000002], [4.477883179932941, 43.8115761654146], [4.477937968326617, 43.81160506119714], [4.4780892, 43.81162869999998], [4.4780818303741325, 43.81166216619683], [4.478213320158357, 43.811685326938665], [4.478316442968106, 43.81165241080456], [4.478317204191373, 43.81165219615794], [4.478351573570642, 43.81164374101832], [4.478376999999998, 43.81154230000001], [4.4781198, 43.8115127]]]}}, {"type": "Feature", "properties": {"parcelle": "AK135", "surf_m2": 4904.9, "surf_parcelle": 5040, "d_bati": 4.3, "d_route": 1.5, "n_bati_100": 21, "part_coeur": 0.77, "allongement": 4.4, "etalement": 5.14, "groupe": 2, "morceaux_groupe": 11, "surf_groupe": 33596.0, "avis": "rejete", "motif_avis": "Garrigue et verger", "lat": 43.812312, "lon": 4.481081, "connue": null}, "geometry": {"type": "Polygon", "coordinates": [[[4.480648099999999, 43.812367800000004], [4.480813099999998, 43.81238569999998], [4.4807754, 43.812712299999994], [4.481372915776528, 43.812734415535424], [4.481375227252443, 43.81271038809503], [4.481375499683003, 43.81270884543149], [4.481411645674117, 43.81256884686295], [4.481412222831922, 43.8125671959732], [4.481456555105192, 43.81246734691429], [4.481517952465701, 43.812256724590824], [4.481548430381965, 43.8121394497519], [4.481548528161176, 43.8121390991353], [4.4815820398930795, 43.81202663350671], [4.480728000000001, 43.811953700000004], [4.480648099999999, 43.812367800000004]]]}}, {"type": "Feature", "properties": {"parcelle": "AK136", "surf_m2": 1893.3, "surf_parcelle": 2502, "d_bati": 25.1, "d_route": 0.7, "n_bati_100": 14, "part_coeur": 0.6, "allongement": 7.9, "etalement": 5.14, "groupe": 2, "morceaux_groupe": 11, "surf_groupe": 33596.0, "avis": "rejete", "motif_avis": "Garrigue et verger", "lat": 43.812726, "lon": 4.4809, "connue": null}, "geometry": {"type": "Polygon", "coordinates": [[[4.480813099999998, 43.81238569999998], [4.480771100000002, 43.8123812], [4.480692184217126, 43.81298128038277], [4.480828036289024, 43.81301118217769], [4.481053585362284, 43.81302424768673], [4.481054154938188, 43.81302429347904], [4.481293423609109, 43.8130489431079], [4.4813523025367905, 43.813054893108976], [4.4813585423876185, 43.812884004792295], [4.481358580942278, 43.81288342351221], [4.481372915776528, 43.812734415535424], [4.4807754, 43.812712299999994], [4.480813099999998, 43.81238569999998]]]}}, {"type": "Feature", "properties": {"parcelle": "AK134", "surf_m2": 2499.4, "surf_parcelle": 2771, "d_bati": 5.4, "d_route": 0.7, "n_bati_100": 17, "part_coeur": 0.69, "allongement": 4.5, "etalement": 5.14, "groupe": 2, "morceaux_groupe": 11, "surf_groupe": 33596.0, "avis": "rejete", "motif_avis": "Garrigue et verger", "lat": 43.812683, "lon": 4.480508, "connue": null}, "geometry": {"type": "Polygon", "coordinates": [[[4.480339899999999, 43.81233340000001], [4.480237515178665, 43.81298521686404], [4.48054198380267, 43.812986157383456], [4.480683200192837, 43.81297974934998], [4.480684033173836, 43.8129797385668], [4.48068486415681, 43.81297978169022], [4.480685686502192, 43.812979878375685], [4.4806864936394275, 43.812980027850664], [4.480690839154474, 43.81298098432601], [4.480771100000002, 43.8123812], [4.480339899999999, 43.81233340000001]]]}}, {"type": "Feature", "properties": {"parcelle": "AK138", "surf_m2": 1247.4, "surf_parcelle": 1995, "d_bati": 41.8, "d_route": 0.7, "n_bati_100": 5, "part_coeur": 0.6, "allongement": 4.0, "etalement": 5.14, "groupe": 2, "morceaux_groupe": 11, "surf_groupe": 33596.0, "avis": "rejete", "motif_avis": "Garrigue et verger", "lat": 43.812748, "lon": 4.480057, "connue": null}, "geometry": {"type": "Polygon", "coordinates": [[[4.479813000000001, 43.81262600000003], [4.47980865834421, 43.81264805874276], [4.479821513136987, 43.81266028665258], [4.479822062576004, 43.81266087032466], [4.479822524761608, 43.812661492384784], [4.4798228946309635, 43.81266214601879], [4.479823168132486, 43.81266282406675], [4.479823342270205, 43.81266351910121], [4.479853929089721, 43.8128368131842], [4.479853949265628, 43.81283693650475], [4.479871248002012, 43.81295169809503], [4.480057374886853, 43.812984660001014], [4.480237608696597, 43.812985217153056], [4.480289400000001, 43.81265900000001], [4.479813000000001, 43.81262600000003]]]}}, {"type": "Feature", "properties": {"parcelle": "AK146", "surf_m2": 2366.7, "surf_parcelle": 2480, "d_bati": 24.8, "d_route": 0.7, "n_bati_100": 5, "part_coeur": 0.69, "allongement": 4.1, "etalement": 4.0, "groupe": 20, "morceaux_groupe": 1, "surf_groupe": 2367.0, "avis": "rejete", "motif_avis": "Bois", "lat": 43.815259, "lon": 4.477515, "connue": null}, "geometry": {"type": "Polygon", "coordinates": [[[4.477700800000002, 43.815524199999984], [4.477773000000001, 43.815503799999995], [4.4777992, 43.8154867], [4.477832, 43.8154379], [4.477812499999999, 43.8153533], [4.477728, 43.815157100000015], [4.4776724, 43.8150526], [4.477599069009617, 43.81494323152175], [4.47741736122919, 43.81500925077255], [4.47741732912698, 43.815009746335264], [4.477417064710306, 43.81501105709174], [4.4774166241401785, 43.81501234276951], [4.477416011659516, 43.81501359098681], [4.477415233166831, 43.815014789722596], [4.477414296159427, 43.81501592743241], [4.477413209661193, 43.815016993159446], [4.477411984135695, 43.81501797664022], [4.477410631385413, 43.81501886840322], [4.477409164438074, 43.8150196598603], [4.477407597421183, 43.815020343389286], [4.477405945425979, 43.815020912407405], [4.477404224362085, 43.815021361434724], [4.477402450804296, 43.81502168614682], [4.477279858248314, 43.81503954806012], [4.477277206868149, 43.815039792833545], [4.477210723824687, 43.81504244596018], [4.477158562250317, 43.815052047256614], [4.4774096, 43.81557740000001], [4.477700800000002, 43.815524199999984]]]}}, {"type": "Feature", "properties": {"parcelle": "BC57", "surf_m2": 1607.5, "surf_parcelle": 1544, "d_bati": 38.6, "d_route": 6.5, "n_bati_100": 3, "part_coeur": 0.62, "allongement": 4.3, "etalement": 4.35, "groupe": 30, "morceaux_groupe": 1, "surf_groupe": 1608.0, "avis": "rejete", "motif_avis": "Garrigue", "lat": 43.804774, "lon": 4.470793, "connue": null}, "geometry": {"type": "Polygon", "coordinates": [[[4.4709645, 43.8050762], [4.4709992, 43.80457480000002], [4.4706262, 43.80454200000001], [4.470579200000001, 43.80497420000001], [4.4709645, 43.8050762]]]}}, {"type": "Feature", "properties": {"parcelle": "BE333", "surf_m2": 463.8, "surf_parcelle": 4084, "d_bati": 11.7, "d_route": 2.0, "n_bati_100": 68, "part_coeur": 0.38, "allongement": 4.1, "etalement": 4.13, "groupe": 46, "morceaux_groupe": 1, "surf_groupe": 464.0, "avis": "candidat", "motif_avis": "\u00celot central de lotissement, une demi-douzaine de v\u00e9hicules stationn\u00e9s dessus", "lat": 43.81464, "lon": 4.465833, "connue": null}, "geometry": {"type": "Polygon", "coordinates": [[[4.465897084729472, 43.81451463839532], [4.465682284217954, 43.81454550870563], [4.465761008810126, 43.81476764311565], [4.465990788327707, 43.814734256291494], [4.465897084729472, 43.81451463839532]]]}}, {"type": "Feature", "properties": {"parcelle": "BE76", "surf_m2": 1322.4, "surf_parcelle": 3654, "d_bati": 2.0, "d_route": 2.0, "n_bati_100": 22, "part_coeur": 0.43, "allongement": 12.0, "etalement": 4.33, "groupe": 32, "morceaux_groupe": 1, "surf_groupe": 1322.0, "avis": "rejete", "motif_avis": "Courts de tennis", "lat": 43.808536, "lon": 4.473593, "connue": null}, "geometry": {"type": "Polygon", "coordinates": [[[4.473754241548831, 43.808823239234876], [4.473779137437974, 43.808687812489346], [4.473801354830088, 43.808537204771504], [4.47383131798511, 43.80834959054384], [4.473419019747588, 43.80831376143287], [4.473427573105089, 43.8082609415461], [4.4733433661267865, 43.8082481420719], [4.473337590349547, 43.808332186531246], [4.473383344235582, 43.80853521091683], [4.473435906626431, 43.80870043915997], [4.473436145076155, 43.80870127987173], [4.473440325947973, 43.808718038730476], [4.473452260663023, 43.80871581264249], [4.473470004740651, 43.80871379580662], [4.473487934488839, 43.80871302516031], [4.473505883416803, 43.808713507859586], [4.473523684855664, 43.80871523942223], [4.473541173506062, 43.80871820376941], [4.4735581869730385, 43.80872237337502], [4.473574567273977, 43.80872770952122], [4.473590162305557, 43.80873416265799], [4.473604827256116, 43.808741672863206], [4.473717827174519, 43.80880567273994], [4.473731166584382, 43.80881399207441], [4.473741995172942, 43.80882215479205], [4.473754241548831, 43.808823239234876]], [[4.47353288791459, 43.80868743865439], [4.473530501302756, 43.8086872013827], [4.473528157624601, 43.80868679788872], [4.4735258789011265, 43.808686231963584], [4.47352368654302, 43.80868550892469], [4.47352160114949, 43.8086846355657], [4.4735196423147086, 43.80868362009256], [4.473517828443709, 43.808682472046605], [4.473481126461435, 43.808656866810594], [4.4734795805579814, 43.808655686188764], [4.473478188199574, 43.808654409287854], [4.473476960765163, 43.80865304654324], [4.473475908285865, 43.808651609091854], [4.473446150638748, 43.80860610901972], [4.473445224199454, 43.80860449396699], [4.47344451858492, 43.80860282142226], [4.473444040457717, 43.80860110717809], [4.473443794332424, 43.80859936742083], [4.473443782533001, 43.80859761857769], [4.473444005170836, 43.80859587716173], [4.473444460143707, 43.80859415961582], [4.473445143155623, 43.80859248215748], [4.473446047757394, 43.808590860625685], [4.473447165407521, 43.80858931033134], [4.473448485552859, 43.808587845912726], [4.473449995728248, 43.808586481197224], [4.473451681674223, 43.80858522907085], [4.47345352747165, 43.80858410135648], [4.473455515692044, 43.80858310870226], [4.473457627562127, 43.8085822604811], [4.473538906948135, 43.808553260583594], [4.473541090853362, 43.808552573468866], [4.473543355535908, 43.80855204086413], [4.4735456802067795, 43.80855166765852], [4.473548043526315, 43.808551457277936], [4.473550423800067, 43.80855141165361], [4.473552799177962, 43.80855153120432], [4.4735551478548645, 43.808551814832626], [4.4735574482707445, 43.80855225993499], [4.47355967930859, 43.808552862425465], [4.473561820488254, 43.80855361677344], [4.473563852154455, 43.80855451605422], [4.473565755657203, 43.808555552012756], [4.473567513522998, 43.808556715139304], [4.473569109615239, 43.80855799475677], [4.473570529282342, 43.80855937911872], [4.473571759492246, 43.80856085551715], [4.4735727889520325, 43.80856241039928], [4.473589951893388, 43.80859187658668], [4.473666896725935, 43.8086188145951], [4.473702154466588, 43.808611205985734], [4.473704495147718, 43.808610789196706], [4.473706880573525, 43.808610538580176], [4.473709288304642, 43.80861045649367], [4.4737116956918825, 43.808610543709385], [4.473714080089295, 43.80861079940688], [4.47371641906719, 43.80861122118083], [4.4737186906231265, 43.80861180506369], [4.473720873388897, 43.80861254556294], [4.4737229468315265, 43.80861343571281], [4.473724891446425, 43.8086144671398], [4.473726688940861, 43.80861563014139], [4.4737283224060445, 43.80861691377743], [4.473729776476185, 43.80861830597288], [4.473731037473031, 43.80861979363161], [4.473732093534539, 43.80862136275936], [4.47376327934333, 43.808674043805084], [4.473764135172456, 43.8086757130737], [4.473764759044266, 43.80867743541596], [4.473765144852153, 43.80867919397325], [4.473765288819725, 43.808680971532446], [4.473765189537776, 43.80868275069441], [4.473764847978077, 43.80868451404435], [4.4737642674838645, 43.80868624432221], [4.473763453737114, 43.808687924591666], [4.473762414702934, 43.8086895384059], [4.473761160551592, 43.80869106996855], [4.473759703558977, 43.80869250428834], [4.4737580579864265, 43.80869382732585], [4.473756239941147, 43.808695026130884], [4.473754267218552, 43.80869608896931], [4.4737521591280665, 43.80869700543782], [4.473696784525828, 43.80871845498285], [4.473694521583397, 43.80871922809634], [4.473692162764913, 43.80871983250774], [4.47368973198019, 43.80872026209054], [4.473687253868515, 43.80872051249031], [4.473684753548908, 43.808720581168934], [4.47368225636549, 43.80872046743028], [4.473679787630595, 43.80872017242719], [4.473584947853349, 43.8087052535505], [4.473582644809679, 43.808704806504316], [4.473580411521746, 43.80870420168693], [4.473578268545979, 43.80870344466539], [4.473576235607521, 43.808702542407765], [4.473574331418667, 43.80870150321892], [4.473572573506624, 43.80870033666413], [4.473570978052187, 43.80869905348104], [4.473569559740794, 43.80869766548076], [4.473568331627359, 43.808696185439224], [4.473567305016104, 43.808694626979545], [4.473566489356512, 43.80869300444665], [4.473565892156347, 43.80869133277526], [4.473565518912552, 43.80868962735234], [4.473565449208635, 43.808688803687545], [4.473550900735038, 43.808683381673596], [4.4735508483005, 43.80868341608947], [4.473548915098839, 43.80868445700606], [4.473546851816404, 43.80868535748621], [4.47354467783962, 43.80868610906917], [4.473542413594981, 43.808686704693066], [4.473540080357133, 43.80868713876149], [4.473537700048983, 43.808687407196004], [4.473535295035701, 43.80868750747435], [4.47353288791459, 43.80868743865439]]]}}, {"type": "Feature", "properties": {"parcelle": "BE73", "surf_m2": 1439.5, "surf_parcelle": 3020, "d_bati": 2.0, "d_route": 4.7, "n_bati_100": 51, "part_coeur": 0.4, "allongement": 11.6, "etalement": 4.34, "groupe": 31, "morceaux_groupe": 1, "surf_groupe": 1440.0, "avis": "rejete", "motif_avis": "B\u00e2timent public et sa cour, parking mat\u00e9rialis\u00e9 d\u00e9j\u00e0 recens\u00e9 \u00e0 c\u00f4t\u00e9", "lat": 43.809417, "lon": 4.474516, "connue": null}, "geometry": {"type": "Polygon", "coordinates": [[[4.474500500000001, 43.80974859999999], [4.474615599999999, 43.80936919999997], [4.474690999999999, 43.809173399999985], [4.474143414213082, 43.80912158272307], [4.4741431413256745, 43.809123445636814], [4.474142760850813, 43.809125206474334], [4.47414214175427, 43.80912693142638], [4.474141290107111, 43.8091286035774], [4.474140214260874, 43.809130206529716], [4.474138924765679, 43.809131724564196], [4.474137434266771, 43.80913314279442], [4.474135757380507, 43.809134447312694], [4.474133910551036, 43.809135625326505], [4.474131911889031, 43.80913666528373], [4.474129780994097, 43.809137556986215], [4.474127538762563, 43.80913829168961], [4.474125207182573, 43.809138862189116], [4.474124190064445, 43.80913903214302], [4.474128068149334, 43.80914174657423], [4.474140094307901, 43.80915203363097], [4.474150643853572, 43.809163137958166], [4.4741596115984335, 43.80917494883716], [4.474166908126161, 43.80918734850446], [4.474172460683609, 43.80920021332575], [4.474175043330863, 43.809209297610835], [4.47420439916056, 43.80921243406963], [4.474206785005007, 43.809212776096075], [4.474209113260025, 43.809213285368216], [4.474211361627579, 43.80921395700866], [4.474213508574729, 43.809214784584995], [4.474215533539849, 43.80921576017144], [4.47421741712955, 43.80921687442464], [4.474219141304412, 43.80921811667324], [4.474220689551753, 43.80921947502006], [4.474222047043769, 43.80922093645596], [4.474223200779545, 43.80922248698462], [4.474224338254705, 43.80922421292921], [4.474295804416065, 43.80923478915043], [4.474298188401525, 43.809235232031156], [4.474300500207693, 43.80923584350161], [4.474302717162305, 43.80923661756498], [4.474304817523317, 43.80923754662992], [4.474306780692129, 43.80923862158493], [4.4743085874156145, 43.809239831887744], [4.474310219974919, 43.809241165668716], [4.474311662359252, 43.80924260984726], [4.474312900422889, 43.80924415026003], [4.474313922023916, 43.80924577179998], [4.474314717143299, 43.80924745856437], [4.474315277983144, 43.80924919401081], [4.474315599043179, 43.8092509611195], [4.474315677174691, 43.809252742560076], [4.4743155116114055, 43.80925452086165], [4.4743106140434605, 43.809284733665635], [4.47434409750075, 43.809305690761384], [4.474421154098673, 43.80931201872872], [4.474423556449697, 43.80931230289291], [4.474425908890675, 43.809312755888016], [4.474428188854131, 43.809313373368354], [4.474430374467877, 43.80931414941032], [4.474432444764845, 43.809315076569135], [4.474434379884217, 43.80931614595041], [4.474436161261963, 43.809317347295284], [4.474437771808929, 43.80931866907906], [4.474439196074772, 43.80932009862152], [4.47444042039618, 43.80932162220877], [4.4744414330279545, 43.80932322522471], [4.4744422242556725, 43.80932489229124], [4.474442786488894, 43.80932660741583], [4.474443114333971, 43.8093283541449], [4.4744432046457865, 43.809330115721686], [4.474443056557939, 43.80933187524699], [4.4744228613465005, 43.80946445494576], [4.47442247923205, 43.80946618538234], [4.474421866540199, 43.80946788070414], [4.474421029079681, 43.809469524838306], [4.474419974790198, 43.809471102197286], [4.474418713667147, 43.80947259782659], [4.474417257666859, 43.809473997546576], [4.47441562059324, 43.8094752880869], [4.474413817966906, 43.80947645721233], [4.4744118668780315, 43.80947749383871], [4.474409785824328, 43.809478388138075], [4.474407594535668, 43.80947913163186], [4.474405313787033, 43.80947971727118], [4.47440296520155, 43.80948013950377], [4.474400571045495, 43.80948039432655], [4.474398154017176, 43.80948047932362], [4.4743957370317595, 43.809480393689164], [4.474242123428636, 43.80946950276527], [4.4742340378781, 43.809481150557495], [4.474324632482331, 43.80954435197758], [4.474326278610293, 43.80954561690185], [4.4743277485705955, 43.80954699091903], [4.4743290286533, 43.809548461214035], [4.474330106919408, 43.80955001407384], [4.474330973312201, 43.809551635015325], [4.47433161975105, 43.80955330892038], [4.47433204020677, 43.80955502017698], [4.474332230757861, 43.80955675282467], [4.474332189627086, 43.80955849070349], [4.474331917198038, 43.809560217604705], [4.4743314160115695, 43.809561917421995], [4.4743306907420966, 43.80956357430159], [4.474329748153997, 43.80956517279019], [4.474328597038528, 43.809566697979136], [4.474327248131827, 43.809568135643374], [4.4743257140147845, 43.809569472374186], [4.47429784368771, 43.809591499758035], [4.474342844503162, 43.809613127913444], [4.474344818858148, 43.8096141820326], [4.47434664010477, 43.809615371963204], [4.474348290501445, 43.80961668611364], [4.474349753970915, 43.809618111682184], [4.474351016256858, 43.80961963478173], [4.474352065062769, 43.8096212405751], [4.474352890171741, 43.80962291341954], [4.474353483546, 43.809624637019105], [4.474353839405201, 43.80962639458347], [4.474353954282739, 43.809628168991395], [4.474353827059513, 43.80962994295758], [4.474353458974845, 43.80963169920103], [4.474335250687641, 43.80969674866461], [4.4743346482738025, 43.80969846313982], [4.474333816337183, 43.80970012650213], [4.474332762916023, 43.80970172268], [4.47433149818857, 43.809703236250975], [4.474330034374741, 43.80970465259076], [4.47432838561805, 43.80970595801454], [4.47432656784895, 43.80970713990916], [4.474324598630913, 43.809708186855005], [4.474322496990736, 43.80970908873644], [4.474320283234689, 43.809709836839296], [4.474317978752325, 43.80971042393538], [4.4743156058098075, 43.80971084435208], [4.474313187334769, 43.809711094027286], [4.4743107466947825, 43.80971117054862], [4.474308307471587, 43.809711073176715], [4.474157467577755, 43.80969964550241], [4.474158147939262, 43.80971577858247], [4.474500500000001, 43.80974859999999]]]}}, {"type": "Feature", "properties": {"parcelle": "BE601", "surf_m2": 838.6, "surf_parcelle": 2916, "d_bati": 21.0, "d_route": 1.5, "n_bati_100": 45, "part_coeur": 0.34, "allongement": 8.7, "etalement": 6.06, "groupe": 38, "morceaux_groupe": 1, "surf_groupe": 839.0, "avis": "rejete", "motif_avis": "D\u00e9laiss\u00e9 entre deux chemins", "lat": 43.812373, "lon": 4.462966, "connue": null}, "geometry": {"type": "Polygon", "coordinates": [[[4.462809908865386, 43.81216124339985], [4.462789642062101, 43.8121806224933], [4.462788466747808, 43.812181638543194], [4.462787159493542, 43.81218256622553], [4.4627857329031535, 43.812183396596105], [4.462784200731074, 43.81218412164889], [4.462782577749696, 43.81218473439332], [4.462544108793035, 43.81226424029134], [4.4625236909786885, 43.812272397355336], [4.462553382097446, 43.812271748928474], [4.4625549881582955, 43.81227176398754], [4.462556586466543, 43.812271879112075], [4.462558165155036, 43.81227209344729], [4.462706710855523, 43.81229710203027], [4.462708521242302, 43.812297477541286], [4.462710270068589, 43.81229798341167], [4.462711939484982, 43.81229861447826], [4.462806184463702, 43.81233875209878], [4.462807474577617, 43.81233935464714], [4.46280869184631, 43.812340032027166], [4.462923576403734, 43.81240959408794], [4.4629250435219125, 43.81241058425731], [4.4629263552467355, 43.81241168283413], [4.463133785568416, 43.812605579349274], [4.463205873480988, 43.81264669898278], [4.462939899999999, 43.81212579999999], [4.462809908865386, 43.81216124339985]]]}}, {"type": "Feature", "properties": {"parcelle": "BE608", "surf_m2": 519.6, "surf_parcelle": 774, "d_bati": 9.1, "d_route": 1.5, "n_bati_100": 47, "part_coeur": 0.18, "allongement": 7.3, "etalement": 14.11, "groupe": 27, "morceaux_groupe": 4, "surf_groupe": 1728.0, "avis": "rejete", "motif_avis": "Bande en fond de lotissement", "lat": 43.812589, "lon": 4.46415, "connue": null}, "geometry": {"type": "Polygon", "coordinates": [[[4.464475899999999, 43.81256390000001], [4.464436452070196, 43.8124751237751], [4.463827658415415, 43.812614224498155], [4.463863, 43.81269890000002], [4.464475899999999, 43.81256390000001]]]}}, {"type": "Feature", "properties": {"parcelle": "BE594", "surf_m2": 398.6, "surf_parcelle": 583, "d_bati": 7.9, "d_route": 1.5, "n_bati_100": 56, "part_coeur": 0.16, "allongement": 6.3, "etalement": 14.11, "groupe": 27, "morceaux_groupe": 4, "surf_groupe": 1728.0, "avis": "rejete", "motif_avis": "Bande en fond de lotissement", "lat": 43.812734, "lon": 4.463544, "connue": null}, "geometry": {"type": "Polygon", "coordinates": [[[4.4635858, 43.81276420000002], [4.463863, 43.81269890000002], [4.463827658415415, 43.812614224498155], [4.463631478229129, 43.812659048025], [4.463630827792743, 43.81265918726693], [4.4634280269471205, 43.81269971134313], [4.463426340629609, 43.8126999880632], [4.463424626158409, 43.81270015044431], [4.463367540735755, 43.812703616770136], [4.463365996263668, 43.81270366397397], [4.463364451701263, 43.81270361834603], [4.463348711142613, 43.812702678726524], [4.4633876, 43.81279640000002], [4.4635858, 43.81276420000002]]]}}, {"type": "Feature", "properties": {"parcelle": "BE612", "surf_m2": 428.1, "surf_parcelle": 673, "d_bati": 2.0, "d_route": 1.5, "n_bati_100": 37, "part_coeur": 0.21, "allongement": 6.0, "etalement": 14.11, "groupe": 27, "morceaux_groupe": 4, "surf_groupe": 1728.0, "avis": "rejete", "motif_avis": "Bande en fond de lotissement", "lat": 43.812394, "lon": 4.465134, "connue": null}, "geometry": {"type": "Polygon", "coordinates": [[[4.465353747102529, 43.81232245037895], [4.46535023600206, 43.812323022383524], [4.465348564717119, 43.812323237293185], [4.4653468733644495, 43.81232334121843], [4.46516613072795, 43.81232846156486], [4.465035870781433, 43.81233816112356], [4.464871545527368, 43.812375708595866], [4.464908699999999, 43.8124662], [4.465049200000001, 43.812439], [4.465145094995574, 43.81243171625677], [4.465146279430114, 43.812430544884755], [4.465147929851428, 43.81242921337208], [4.465149754686198, 43.81242800710453], [4.465151735899702, 43.81242693800362], [4.465153853911736, 43.81242601663518], [4.465156087790131, 43.81242525210502], [4.46515841545762, 43.81242465196894], [4.465160813910031, 43.81242422215805], [4.465163259443626, 43.812423966920136], [4.465212889581869, 43.812420599838426], [4.465215273490574, 43.812420521429324], [4.465217656795097, 43.81242060894133], [4.465220017523765, 43.81242086156762], [4.465222333913026, 43.8124212769793], [4.465224584608099, 43.812421851346635], [4.4652267488598305, 43.81242257937457], [4.465228806715988, 43.81242345435141], [4.465230739205195, 43.81242446821073], [4.465231778172057, 43.8124251321269], [4.465399400000001, 43.81241240000005], [4.465353747102529, 43.81232245037895]]]}}, {"type": "Feature", "properties": {"parcelle": "BE610", "surf_m2": 381.6, "surf_parcelle": 554, "d_bati": 6.0, "d_route": 1.5, "n_bati_100": 36, "part_coeur": 0.18, "allongement": 5.8, "etalement": 14.11, "groupe": 27, "morceaux_groupe": 4, "surf_groupe": 1728.0, "avis": "rejete", "motif_avis": "Bande en fond de lotissement", "lat": 43.812471, "lon": 4.464673, "connue": null}, "geometry": {"type": "Polygon", "coordinates": [[[4.464908699999999, 43.8124662], [4.464871545527368, 43.812375708595866], [4.464436452070196, 43.8124751237751], [4.464475899999999, 43.81256390000001], [4.464908699999999, 43.8124662]]]}}, {"type": "Feature", "properties": {"parcelle": "BE591", "surf_m2": 923.9, "surf_parcelle": 1144, "d_bati": 2.0, "d_route": 1.5, "n_bati_100": 56, "part_coeur": 0.27, "allongement": 9.1, "etalement": 7.21, "groupe": 22, "morceaux_groupe": 3, "surf_groupe": 2162.0, "avis": "rejete", "motif_avis": "Bandes de bordure de lotissement", "lat": 43.81163, "lon": 4.468652, "connue": null}, "geometry": {"type": "Polygon", "coordinates": [[[4.4691149421199095, 43.811552258304786], [4.469064350545532, 43.81153319195166], [4.468910465681322, 43.811525774759275], [4.468649845540826, 43.811569329195784], [4.46840402688106, 43.811616688742895], [4.46840395201647, 43.81161670304574], [4.468215422636293, 43.81165241822863], [4.468105062628508, 43.81168022834487], [4.468137400000001, 43.81176889999999], [4.468464439022605, 43.81171414261322], [4.468464338688168, 43.811713557164225], [4.468464157874028, 43.811711808496824], [4.4684642129161745, 43.81171005538719], [4.468464503292072, 43.81170831447761], [4.468465026245152, 43.811706602294635], [4.468465776810988, 43.811704935091996], [4.468466747864429, 43.811703328696524], [4.468467930187222, 43.81170179835773], [4.4684693125555395, 43.811700358603176], [4.468470881846519, 43.81169902310046], [4.468472623162842, 43.811697804527554], [4.468474519974151, 43.81169671445236], [4.4684765542739795, 43.811695763222986], [4.468478706750678, 43.8116949598695], [4.468480956970747, 43.811694312018126], [4.468483283572812, 43.81169382581892], [4.468485664470404, 43.81169350588739], [4.4685600506553, 43.8116862036566], [4.468562409240789, 43.81168605452898], [4.468564776719853, 43.81168606859505], [4.468567131608836, 43.81168624572719], [4.468569452538333, 43.81168658431801], [4.468571718447101, 43.811687081294956], [4.468573908773177, 43.81168773214821], [4.468576003640478, 43.81168853097165], [4.468577984039154, 43.81168947051635], [4.468579831998094, 43.811690542256386], [4.468581530748011, 43.81169173646633], [4.46858306487361, 43.81169304230931], [4.468584092858257, 43.811694108245845], [4.469132400000001, 43.81160229999999], [4.4691149421199095, 43.811552258304786]]]}}, {"type": "Feature", "properties": {"parcelle": "BE627", "surf_m2": 813.5, "surf_parcelle": 1130, "d_bati": 6.5, "d_route": 1.5, "n_bati_100": 54, "part_coeur": 0.12, "allongement": 11.8, "etalement": 7.21, "groupe": 22, "morceaux_groupe": 3, "surf_groupe": 2162.0, "avis": "rejete", "motif_avis": "Bandes de bordure de lotissement", "lat": 43.811915, "lon": 4.467534, "connue": null}, "geometry": {"type": "Polygon", "coordinates": [[[4.4680903999999995, 43.81183640000002], [4.468037054769536, 43.81169722793417], [4.467964230295499, 43.8117153465662], [4.467781238695408, 43.81181029355265], [4.46777975848457, 43.811810987285355], [4.467778194380549, 43.811811576637965], [4.4676463357313825, 43.811855653776085], [4.467645007991962, 43.81185605337609], [4.467643641668809, 43.811856377677096], [4.467047812263543, 43.8119795856053], [4.467040480233835, 43.81198115699868], [4.467072199999999, 43.81204840000001], [4.4680903999999995, 43.81183640000002]]]}}, {"type": "Feature", "properties": {"parcelle": "BE730", "surf_m2": 424.6, "surf_parcelle": 452, "d_bati": 3.7, "d_route": 1.5, "n_bati_100": 56, "part_coeur": 0.22, "allongement": 7.0, "etalement": 7.21, "groupe": 22, "morceaux_groupe": 3, "surf_groupe": 2162.0, "avis": "rejete", "motif_avis": "Bandes de bordure de lotissement", "lat": 43.811701, "lon": 4.46924, "connue": null}, "geometry": {"type": "Polygon", "coordinates": [[[4.4694387, 43.81195770000001], [4.469387009724026, 43.81175839943576], [4.469262320133295, 43.8116431353793], [4.469157545065628, 43.811568313970305], [4.469112879779694, 43.81155148107515], [4.469172500000001, 43.81175979999998], [4.4694387, 43.81195770000001]]]}}, {"type": "Feature", "properties": {"parcelle": "BE673", "surf_m2": 613.4, "surf_parcelle": 854, "d_bati": 4.4, "d_route": 1.5, "n_bati_100": 66, "part_coeur": 0.17, "allongement": 8.5, "etalement": 7.43, "groupe": 16, "morceaux_groupe": 5, "surf_groupe": 3128.0, "avis": "rejete", "motif_avis": "Cha\u00eene de bandes le long d'un foss\u00e9", "lat": 43.812187, "lon": 4.470694, "connue": null}, "geometry": {"type": "Polygon", "coordinates": [[[4.4710614, 43.812177500000004], [4.471013842473934, 43.81208889764924], [4.47083400738153, 43.812120430859515], [4.470833358789316, 43.8121205357597], [4.470325702664878, 43.81219578642875], [4.4703254340331116, 43.812195824761474], [4.470267222742888, 43.81220381012097], [4.4702654264030715, 43.81220399150683], [4.470263614223334, 43.81220404561428], [4.470262383926856, 43.81220403896681], [4.4703123, 43.8122884], [4.4710614, 43.812177500000004]]]}}, {"type": "Feature", "properties": {"parcelle": "BE503", "surf_m2": 589.3, "surf_parcelle": 817, "d_bati": 4.4, "d_route": 1.5, "n_bati_100": 59, "part_coeur": 0.2, "allongement": 7.5, "etalement": 7.43, "groupe": 16, "morceaux_groupe": 5, "surf_groupe": 3128.0, "avis": "rejete", "motif_avis": "Cha\u00eene de bandes le long d'un foss\u00e9", "lat": 43.812075, "lon": 4.471378, "connue": null}, "geometry": {"type": "Polygon", "coordinates": [[[4.471742699999999, 43.81206009999997], [4.471698457741993, 43.81197699143861], [4.471615123685727, 43.81198582844017], [4.471317706301442, 43.81203561585089], [4.471013842473934, 43.81208889764924], [4.4710614, 43.812177500000004], [4.471742699999999, 43.81206009999997]]]}}, {"type": "Feature", "properties": {"parcelle": "BE623", "surf_m2": 1070.4, "surf_parcelle": 1303, "d_bati": 4.6, "d_route": 1.5, "n_bati_100": 53, "part_coeur": 0.26, "allongement": 11.0, "etalement": 7.43, "groupe": 16, "morceaux_groupe": 5, "surf_groupe": 3128.0, "avis": "rejete", "motif_avis": "Cha\u00eene de bandes le long d'un foss\u00e9", "lat": 43.812279, "lon": 4.472443, "connue": null}, "geometry": {"type": "Polygon", "coordinates": [[[4.4718018, 43.8120517], [4.4719063, 43.8120571], [4.4719764999999985, 43.81207150000001], [4.472083700000001, 43.8121073], [4.472217599999998, 43.81218880000003], [4.4725271000000015, 43.81241810000003], [4.472739799999999, 43.8124829], [4.4727067658820765, 43.81236431831677], [4.472638808398546, 43.81233865497767], [4.472637425454552, 43.812338076865295], [4.472636115912052, 43.81233741516353], [4.472634889381148, 43.81233667472831], [4.472455352365676, 43.812218493373024], [4.4724546070430495, 43.812217974709924], [4.472269455593578, 43.812081779745874], [4.472138862997246, 43.81201313684655], [4.472036849565695, 43.811981750342056], [4.47185682781185, 43.81196747916456], [4.4717400146755075, 43.81197258458779], [4.471698457741993, 43.81197699143861], [4.471742699999999, 43.81206009999997], [4.4718018, 43.8120517]]]}}, {"type": "Feature", "properties": {"parcelle": "BE996", "surf_m2": 450.8, "surf_parcelle": 625, "d_bati": 8.4, "d_route": 1.5, "n_bati_100": 71, "part_coeur": 0.18, "allongement": 7.0, "etalement": 7.43, "groupe": 16, "morceaux_groupe": 5, "surf_groupe": 3128.0, "avis": "rejete", "motif_avis": "Cha\u00eene de bandes le long d'un foss\u00e9", "lat": 43.812182, "lon": 4.469919, "connue": null}, "geometry": {"type": "Polygon", "coordinates": [[[4.4698582, 43.8122277], [4.4699596, 43.812263], [4.470062, 43.81228800000001], [4.4701642, 43.812297299999976], [4.4703123, 43.8122884], [4.470262383926856, 43.81220403896681], [4.4701206600107195, 43.81220327311914], [4.470119002868204, 43.81220321067635], [4.470117359960541, 43.812203041760576], [4.4701157443073445, 43.8122027677105], [4.470114168712243, 43.81220239069787], [4.469992746294327, 43.81216892607219], [4.46999128772528, 43.812168471684046], [4.469989887849226, 43.81216792905589], [4.469855416292478, 43.81211033898996], [4.469854256537574, 43.81210979941887], [4.469853155018728, 43.81210919925856], [4.4697741098190695, 43.81206271964044], [4.4698049, 43.8121965], [4.4698582, 43.8122277]]]}}, {"type": "Feature", "properties": {"parcelle": "BE618", "surf_m2": 403.6, "surf_parcelle": 604, "d_bati": 3.3, "d_route": 1.5, "n_bati_100": 34, "part_coeur": 0.27, "allongement": 5.4, "etalement": 7.43, "groupe": 16, "morceaux_groupe": 5, "surf_groupe": 3128.0, "avis": "rejete", "motif_avis": "Cha\u00eene de bandes le long d'un foss\u00e9", "lat": 43.812482, "lon": 4.47286, "connue": null}, "geometry": {"type": "Polygon", "coordinates": [[[4.472716, 43.8124022], [4.472779470960223, 43.81262499199068], [4.472860230756568, 43.812559942241606], [4.472861988654634, 43.81255866176842], [4.473100437104272, 43.812401580380154], [4.473070287170732, 43.81238618757507], [4.473021013684788, 43.812374761958644], [4.472993551826932, 43.8123753059842], [4.4728483, 43.81240349999999], [4.472716, 43.8124022]]]}}, {"type": "Feature", "properties": {"parcelle": "BH362", "surf_m2": 1111.8, "surf_parcelle": 1647, "d_bati": 2.1, "d_route": 1.5, "n_bati_100": 28, "part_coeur": 0.16, "allongement": 14.2, "etalement": 14.96, "groupe": 18, "morceaux_groupe": 3, "surf_groupe": 2516.0, "avis": "rejete", "motif_avis": "Bandes en limite de lotissement", "lat": 43.813503, "lon": 4.460562, "connue": null}, "geometry": {"type": "Polygon", "coordinates": [[[4.460693502606213, 43.81300642501209], [4.46066124227311, 43.8130648462349], [4.460338431178101, 43.8139423331833], [4.460337782010146, 43.81394376922533], [4.46033691526186, 43.81394514373133], [4.4602991190934365, 43.81399716124288], [4.4603680470055584, 43.81401957272361], [4.460368293938945, 43.81401965395206], [4.460427090721709, 43.814039219695935], [4.4607977, 43.813027500000004], [4.460693502606213, 43.81300642501209]]]}}, {"type": "Feature", "properties": {"parcelle": "BH367", "surf_m2": 497.9, "surf_parcelle": 547, "d_bati": 3.4, "d_route": 1.5, "n_bati_100": 23, "part_coeur": 0.3, "allongement": 5.4, "etalement": 14.96, "groupe": 18, "morceaux_groupe": 3, "surf_groupe": 2516.0, "avis": "rejete", "motif_avis": "Bandes en limite de lotissement", "lat": 43.814248, "lon": 4.460275, "connue": null}, "geometry": {"type": "Polygon", "coordinates": [[[4.4603333, 43.8143575], [4.460346299999999, 43.814276], [4.460404799999999, 43.8140979], [4.4602281, 43.81405259999998], [4.460209013520952, 43.814117685425074], [4.460195784795816, 43.814220834301224], [4.460181326451191, 43.81438889901559], [4.4603348, 43.81442930000001], [4.4603333, 43.8143575]]]}}, {"type": "Feature", "properties": {"parcelle": "BH800", "surf_m2": 906.5, "surf_parcelle": 1317, "d_bati": 4.4, "d_route": 1.5, "n_bati_100": 27, "part_coeur": 0.22, "allongement": 14.4, "etalement": 14.96, "groupe": 18, "morceaux_groupe": 3, "surf_groupe": 2516.0, "avis": "rejete", "motif_avis": "Bandes en limite de lotissement", "lat": 43.814982, "lon": 4.460341, "connue": null}, "geometry": {"type": "Polygon", "coordinates": [[[4.4604344, 43.814824099999996], [4.460388, 43.814839600000006], [4.4603309, 43.814501400000005], [4.460167402885632, 43.81453132105749], [4.460193312474743, 43.81456195478442], [4.460194119090347, 43.81456301192614], [4.460194791982733, 43.81456411704484], [4.460195325764854, 43.81456526129318], [4.460195716163355, 43.81456643551053], [4.460220448681778, 43.814658808892204], [4.460220668157212, 43.814659840724055], [4.460259201828871, 43.814903236805755], [4.460259221981225, 43.81490336992954], [4.460292441083557, 43.81513333654121], [4.460292535223682, 43.8151343706971], [4.460304437431011, 43.81544858357201], [4.4604004999999995, 43.81506], [4.4604344, 43.814824099999996]]]}}, {"type": "Feature", "properties": {"parcelle": "BH360", "surf_m2": 917.2, "surf_parcelle": 1216, "d_bati": 4.7, "d_route": 1.5, "n_bati_100": 52, "part_coeur": 0.2, "allongement": 11.8, "etalement": 11.04, "groupe": 19, "morceaux_groupe": 2, "surf_groupe": 2451.0, "avis": "rejete", "motif_avis": "Bande en fond de parcelles", "lat": 43.816541, "lon": 4.460973, "connue": null}, "geometry": {"type": "Polygon", "coordinates": [[[4.4609403, 43.81661580000001], [4.461010100000001, 43.8166795], [4.461108900000001, 43.816749900000026], [4.461351700000001, 43.81683090000001], [4.4614120999999995, 43.816870599999994], [4.4614339, 43.81690619999997], [4.461429935053529, 43.81678771430677], [4.461417726433482, 43.81678116340173], [4.461221051053598, 43.81669411797773], [4.461219355332488, 43.8166932708725], [4.461115946355526, 43.81663525356747], [4.461114408746293, 43.81663428923136], [4.46111302539869, 43.816633209327264], [4.4610672579339745, 43.81659332053281], [4.461066054852315, 43.81659214834883], [4.461065033704234, 43.81659088891125], [4.461064206443261, 43.81658955696297], [4.461063582753288, 43.81658816809578], [4.461039537855006, 43.816522786928985], [4.461039199196963, 43.81652168152675], [4.461038989672718, 43.816520559461964], [4.461007929991433, 43.816277963251174], [4.461007851265813, 43.816276847517095], [4.461006718579299, 43.81619188646614], [4.460909575524192, 43.81618547132764], [4.460909468092284, 43.81618546406271], [4.460862229644533, 43.81618219471355], [4.4609011, 43.8165589], [4.4609403, 43.81661580000001]]]}}, {"type": "Feature", "properties": {"parcelle": "BH357", "surf_m2": 1533.9, "surf_parcelle": 2075, "d_bati": 8.1, "d_route": 1.5, "n_bati_100": 72, "part_coeur": 0.2, "allongement": 17.2, "etalement": 11.04, "groupe": 19, "morceaux_groupe": 2, "surf_groupe": 2451.0, "avis": "rejete", "motif_avis": "Bande en fond de parcelles", "lat": 43.817249, "lon": 4.461595, "connue": null}, "geometry": {"type": "Polygon", "coordinates": [[[4.461718199999999, 43.8179156], [4.461895303038597, 43.818242326301906], [4.461925906821659, 43.81822151849247], [4.461990656205255, 43.818177451093504], [4.4619907194759465, 43.81817741208436], [4.461990777559567, 43.8181773690526], [4.461991647945856, 43.81817683964201], [4.461992513429347, 43.81817630603352], [4.461992581676009, 43.818176271702626], [4.46199264530512, 43.81817623300035], [4.462012673705155, 43.818165217782784], [4.461881441291044, 43.817986873341205], [4.461880823629671, 43.817985951196015], [4.461880304374142, 43.81798499777677], [4.461830439599754, 43.817882160895564], [4.46183001910476, 43.81788117455311], [4.461829703935729, 43.81788016782799], [4.461755218817536, 43.81759144174639], [4.461562649105747, 43.81689734652407], [4.461550374891189, 43.816878866292924], [4.4614339, 43.81690619999997], [4.461718199999999, 43.8179156]]]}}, {"type": "Feature", "properties": {"parcelle": "BH677", "surf_m2": 4830.9, "surf_parcelle": 4817, "d_bati": 2.0, "d_route": 4.3, "n_bati_100": 106, "part_coeur": 0.7, "allongement": 7.4, "etalement": 4.57, "groupe": 6, "morceaux_groupe": 2, "surf_groupe": 11139.0, "avis": "rejete", "motif_avis": "Cimeti\u00e8re de Manduel", "lat": 43.818465, "lon": 4.465467, "connue": null}, "geometry": {"type": "Polygon", "coordinates": [[[4.46496350190318, 43.817880660646786], [4.464962108886714, 43.817881010543125], [4.4656723, 43.81925420000001], [4.4660206, 43.81913169999999], [4.466009298619673, 43.81911019444306], [4.466007705305411, 43.81910953920588], [4.466005759433566, 43.81910854980392], [4.466003953026931, 43.819107430308435], [4.466002302614703, 43.819106190963204], [4.4660008232986685, 43.81910484310862], [4.4659995286150345, 43.81910339907801], [4.465998430410549, 43.819101872084666], [4.465975117134719, 43.81906528352664], [4.465974195558055, 43.81906362529636], [4.465973505694231, 43.8190619090552], [4.46597305434764, 43.819060151731165], [4.465972845970076, 43.81905837065748], [4.465972882616834, 43.81905658340157], [4.465973163926424, 43.81905480759191], [4.465973687124155, 43.81905306074401], [4.465974447049492, 43.819051360087784], [4.465975436206959, 43.81904972239747], [4.465976644840071, 43.81904816382629], [4.4659766812136095, 43.81904812622269], [4.465344599999998, 43.81784530000001], [4.46496350190318, 43.817880660646786]]]}}, {"type": "Feature", "properties": {"parcelle": "BH188", "surf_m2": 6308.1, "surf_parcelle": 6351, "d_bati": 2.0, "d_route": 2.1, "n_bati_100": 92, "part_coeur": 0.77, "allongement": 5.7, "etalement": 4.57, "groupe": 6, "morceaux_groupe": 2, "surf_groupe": 11139.0, "avis": "rejete", "motif_avis": "Cimeti\u00e8re de Manduel", "lat": 43.818408, "lon": 4.465932, "connue": null}, "geometry": {"type": "Polygon", "coordinates": [[[4.4659037, 43.817782900000026], [4.465344599999998, 43.81784530000001], [4.4659775215958115, 43.81904725742098], [4.465978061027574, 43.81904669974705], [4.465979670801018, 43.81904534460057], [4.465981458282542, 43.819044111753215], [4.465983405841482, 43.81904301336504], [4.465985494268267, 43.81904206026989], [4.465987702963894, 43.81904126186855], [4.465990010143106, 43.81904062603596], [4.466018429036412, 43.81903394362328], [4.466020831250809, 43.81903347358819], [4.466023286333511, 43.819033179814284], [4.466025769680314, 43.81903306524572], [4.466028256403757, 43.819033131030665], [4.466030721582537, 43.81903337650983], [4.4660331405112705, 43.8190337992231], [4.4660354889480764, 43.81903439493414], [4.466037743357522, 43.81903515767293], [4.466039881146493, 43.81903607979544], [4.466041880890611, 43.8190371520604], [4.466043722548942, 43.819038363721866], [4.466045387664852, 43.81903970263691], [4.466046859550956, 43.819041155387204], [4.466048123456372, 43.819042707413686], [4.466049166714545, 43.81904434316234], [4.4660699394786025, 43.819081723828916], [4.466509300000001, 43.8189706], [4.4659037, 43.817782900000026]]]}}, {"type": "Feature", "properties": {"parcelle": "BH885", "surf_m2": 1861.3, "surf_parcelle": 2061, "d_bati": 18.2, "d_route": 2.0, "n_bati_100": 20, "part_coeur": 0.34, "allongement": 14.2, "etalement": 5.14, "groupe": 10, "morceaux_groupe": 2, "surf_groupe": 5555.0, "avis": "candidat", "motif_avis": "Bande gravillonn\u00e9e compact\u00e9e le long du chemin de Rodilhan", "lat": 43.820239, "lon": 4.458457, "connue": null}, "geometry": {"type": "Polygon", "coordinates": [[[4.4590718, 43.8199763], [4.4590433, 43.819838199999985], [4.4587736, 43.8199886], [4.457796899999999, 43.82052850000001], [4.4577469, 43.82057269999999], [4.457693299999999, 43.820665], [4.457677399999999, 43.820715700000044], [4.4576826999999986, 43.8207969], [4.457807293608771, 43.820768663962994], [4.457805311887127, 43.820762849507545], [4.457804976798272, 43.820761708575766], [4.457799432518114, 43.820739281504515], [4.4577991623986355, 43.82073786761184], [4.457799047875608, 43.82073644266712], [4.457798451316133, 43.820713049403835], [4.457798513600608, 43.82071140133247], [4.457798783916274, 43.82070976430263], [4.457799259994788, 43.820708152051274], [4.457812032122542, 43.82067288587644], [4.457822479528106, 43.82064395111617], [4.457823161660715, 43.820642365017825], [4.45782404286737, 43.8206408312138], [4.457825115640697, 43.82063936277123], [4.4578263708413, 43.82063797220031], [4.4578554605096965, 43.8206087817743], [4.457857193146623, 43.82060723190368], [4.457859151937775, 43.8206058303159], [4.457861312840734, 43.82060459421414], [4.457903035610694, 43.820583335307084], [4.457905616200364, 43.82058218404465], [4.457908371133694, 43.82058126875725], [4.4579589760776415, 43.82056709145643], [4.457961587553829, 43.82056647755894], [4.457964276609408, 43.820566075941066], [4.458021301365971, 43.820559913204576], [4.4580234988159715, 43.820559747598146], [4.45802834368172, 43.820559539482126], [4.458138699999999, 43.82048920000002], [4.4590718, 43.8199763]]]}}, {"type": "Feature", "properties": {"parcelle": "BH1032", "surf_m2": 3693.8, "surf_parcelle": 4598, "d_bati": 27.1, "d_route": 1.5, "n_bati_100": 15, "part_coeur": 0.58, "allongement": 12.0, "etalement": 5.14, "groupe": 10, "morceaux_groupe": 2, "surf_groupe": 5555.0, "avis": "candidat", "motif_avis": "Bande gravillonn\u00e9e compact\u00e9e le long du chemin de Rodilhan", "lat": 43.82021, "lon": 4.458863, "connue": "PKC_M_MANUAL_007"}, "geometry": {"type": "Polygon", "coordinates": [[[4.459131200000001, 43.82042100000002], [4.459038099999999, 43.81999489999998], [4.458138699999999, 43.82048920000002], [4.45802834368172, 43.820559539482126], [4.458084343340582, 43.820557133945506], [4.458085356532447, 43.82055710542192], [4.458151217597779, 43.82055622474895], [4.458151646106305, 43.82055622169387], [4.458223724872454, 43.82055615764989], [4.458381177230497, 43.82055584738395], [4.458459028426485, 43.82055391087511], [4.458529124149112, 43.820552082351526], [4.458662276414458, 43.82054321345623], [4.4587096977614955, 43.82053601374765], [4.45873577422845, 43.82052648958254], [4.4587460022042755, 43.820518105035], [4.458747704831923, 43.820516840193385], [4.458749570488328, 43.82051570227556], [4.458751581206205, 43.82051470224026], [4.4587537176212475, 43.8205138497184], [4.458755959158625, 43.82051315292022], [4.458758284231121, 43.820512618556265], [4.458760670447033, 43.82051225177272], [4.458763094825818, 43.82051205610195], [4.458765534019407, 43.82051203342833], [4.458767964537054, 43.82051218397025], [4.458770362971563, 43.82051250627788], [4.4587727062247255, 43.82051299724724], [4.458774971729746, 43.82051365215005], [4.458777137668591, 43.82051446467921], [4.458779183182098, 43.82051542700964], [4.458781088570862, 43.8205165298736], [4.458782835484953, 43.82051776264988], [4.4587844071006355, 43.820519113466204], [4.458785788282386, 43.82052056931347], [4.45878696572866, 43.82052211617107], [4.458787928099995, 43.82052373914197], [4.458788666128217, 43.82052542259602], [4.458789172705688, 43.82052715032067], [4.458789442953773, 43.82052890567701], [4.458789474269812, 43.82053067175998], [4.458789266352196, 43.82053243156122], [4.458788821203257, 43.820534168132916], [4.458788143110008, 43.8205358647509], [4.458787238602835, 43.820537505075826], [4.458786116392623, 43.82053907331045], [4.458784787286856, 43.82054055435184], [4.4587832640855405, 43.8205419339367], [4.458769870331092, 43.820552913687465], [4.458768224835358, 43.820554139936995], [4.4587664260598014, 43.82055524760249], [4.458764490236895, 43.820556226688154], [4.458762434835854, 43.820557068358546], [4.458729181446158, 43.820569213824214], [4.458727214527736, 43.82056985627106], [4.458725178068649, 43.82057037278951], [4.458723087414438, 43.82057075948741], [4.458671079286791, 43.82057865558117], [4.45866825502041, 43.82057896299496], [4.458532988513965, 43.820587972714584], [4.458531606431611, 43.82058803671933], [4.458460797641607, 43.820589883844306], [4.4584607561459295, 43.820589884901636], [4.458382491377576, 43.82059183169779], [4.458381705591024, 43.82059184224253], [4.458223841570881, 43.820592153319936], [4.45822380446019, 43.820592153372985], [4.458151921365198, 43.82059221724319], [4.458086781492731, 43.82059308827271], [4.458027546937202, 43.82059563276733], [4.4579743438694255, 43.82060138248977], [4.457953560292335, 43.820607205146366], [4.4579338, 43.820619799999996], [4.457966146403013, 43.820700629376134], [4.457972274342979, 43.82070135172454], [4.458019835066502, 43.8206899921401], [4.458021732306981, 43.82068961805567], [4.458023673412189, 43.820689390735325], [4.458025636788584, 43.8206893127079], [4.458099812292846, 43.820689201359386], [4.45825925295221, 43.820668358829295], [4.458259934231232, 43.82066827916755], [4.458510378449189, 43.82064242850759], [4.458512665299211, 43.82064229569711], [4.4586417769089755, 43.820640568717195], [4.4589183319617, 43.82063417367019], [4.459200198371747, 43.82061964686324], [4.459209387749886, 43.82061857768581], [4.4591685000000005, 43.8204194], [4.459131200000001, 43.82042100000002]]]}}, {"type": "Feature", "properties": {"parcelle": "BH889", "surf_m2": 599.6, "surf_parcelle": 618, "d_bati": 2.5, "d_route": 4.2, "n_bati_100": 30, "part_coeur": 0.26, "allongement": 8.2, "etalement": 8.22, "groupe": 44, "morceaux_groupe": 1, "surf_groupe": 600.0, "avis": "rejete", "motif_avis": "Bande en fond de lotissement", "lat": 43.819395, "lon": 4.459977, "connue": null}, "geometry": {"type": "Polygon", "coordinates": [[[4.460357899999999, 43.819246599999985], [4.4600501999999995, 43.81927959999997], [4.459611799999999, 43.81952789999996], [4.459914800000001, 43.8195104], [4.460357899999999, 43.819246599999985]]]}}, {"type": "Feature", "properties": {"parcelle": "AB1260", "surf_m2": 6773.5, "surf_parcelle": 7385, "d_bati": 2.0, "d_route": 2.0, "n_bati_100": 89, "part_coeur": 0.77, "allongement": 7.1, "etalement": 3.66, "groupe": 8, "morceaux_groupe": 1, "surf_groupe": 6774.0, "avis": "rejete", "motif_avis": "Parc public et aire de jeux", "lat": 43.833175, "lon": 4.493647, "connue": null}, "geometry": {"type": "Polygon", "coordinates": [[[4.4939926, 43.83319820000001], [4.494062100000001, 43.83318930000002], [4.494126044166936, 43.833037103070446], [4.4941291219246535, 43.83299529639285], [4.494102127461453, 43.83292760586864], [4.494057549920336, 43.83286434581123], [4.493994294775957, 43.83278976841132], [4.493914336089713, 43.83270163511299], [4.493883033106522, 43.832670707503425], [4.493022000000001, 43.832736], [4.493030030963461, 43.8328106518334], [4.4930301193178295, 43.832810697862726], [4.493031924122753, 43.832811844741784], [4.493033567654844, 43.832813112319116], [4.493035034580031, 43.83281448876832], [4.493036311211967, 43.83281596124717], [4.4930373856397345, 43.83281751601755], [4.493038247838962, 43.83281913857349], [4.493038889765356, 43.83282081377668], [4.493039305429758, 43.832822525997514], [4.4930480791785135, 43.83287280936056], [4.493048265652736, 43.83287456687092], [4.493048213738642, 43.832876329156925], [4.493047923934159, 43.83287807931505], [4.493047399019016, 43.83287980055813], [4.493046644028082, 43.83288147637629], [4.49304566620307, 43.83288309069542], [4.49304447492308, 43.832884628031245], [4.493043081614635, 43.832886073637916], [4.493041499642084, 43.83288741364947], [4.493039744179407, 43.83288863521273], [4.493038496938908, 43.8328893471134], [4.493061599999999, 43.83310409999999], [4.493166200000001, 43.83313030000002], [4.493210900000001, 43.83316150000002], [4.493237100000001, 43.833202], [4.493268600000001, 43.8336066], [4.4932803, 43.833627699999994], [4.493323, 43.833650099999986], [4.4934661, 43.83364300000001], [4.4934671, 43.833662799999985], [4.493570935774035, 43.83366424776102], [4.493561322973032, 43.83361230358887], [4.493561118433401, 43.833610551278895], [4.493561151110431, 43.83360879288377], [4.493561420692139, 43.833607045190725], [4.493561924604838, 43.83360532488475], [4.493562658037713, 43.83360364838943], [4.493563613988748, 43.83360203171005], [4.493564783331575, 43.833600490280844], [4.493566154902603, 43.83359903881765], [4.493567715607596, 43.833597691177424], [4.493569450546684, 43.83359646022593], [4.493571343156604, 43.83359535771488], [4.493573375368836, 43.83359439416982], [4.4935755277821, 43.833593578789596], [4.493577779847564, 43.83359291935856], [4.493580110065043, 43.833592422172195], [4.49358249618824, 43.83359209197707], [4.493816869924033, 43.833568180780894], [4.493819278566989, 43.83356802105047], [4.493821697253085, 43.83356803149348], [4.493824103092523, 43.833568212011095], [4.493826473317076, 43.83356856089493], [4.493828785495572, 43.833569074843275], [4.493831017746165, 43.83356974899225], [4.493833148943426, 43.833570576961854], [4.493835158918265, 43.83357155091645], [4.493837028648806, 43.83357266163876], [4.493838740440403, 43.83357389861719], [4.493840278093105, 43.833575250145344], [4.493841627054954, 43.8335767034327], [4.493842774559716, 43.83357824472571], [4.493843709747691, 43.833579859438], [4.493844423768484, 43.83358153228833], [4.4938449098647695, 43.83358324744532], [4.493856240861822, 43.833636195941054], [4.493856260401643, 43.83363633082961], [4.49385894492303, 43.83363603901252], [4.493883059845418, 43.833631811746855], [4.4938833067890265, 43.833616097200796], [4.493883482531412, 43.83361415605493], [4.493883946660284, 43.833612239977676], [4.493884693753531, 43.8336103713532], [4.493896488116839, 43.83358590811963], [4.4938975444728335, 43.833584055687055], [4.493898878781359, 43.83358229975214], [4.493900474498954, 43.83358066208583], [4.493917475766997, 43.833565128157005], [4.493919151218363, 43.83356374829383], [4.493921012258795, 43.8335624992552], [4.493923039498288, 43.8335613940547], [4.493925211815232, 43.833560444207315], [4.4939275065764726, 43.8335596596094], [4.493929899873123, 43.833559048435596], [4.493945466228526, 43.83355570930922], [4.493994895580981, 43.83342440059317], [4.49401212201564, 43.83330088456594], [4.49401078995064, 43.83330241241002], [4.494009247469717, 43.833303840058946], [4.4940075144572305, 43.83330514816934], [4.494005608487531, 43.83330632347575], [4.494003548888911, 43.83330735405949], [4.494001356547612, 43.833308229469466], [4.493999053696011, 43.83330894082821], [4.493996663687166, 43.833309480921876], [4.493994210757991, 43.83330984427342], [4.493975669352156, 43.8333118930029], [4.493963634423074, 43.83331326307426], [4.493963620662024, 43.83331447430682], [4.493963371604622, 43.83331619506359], [4.493962895447595, 43.833317890557936], [4.493962196591213, 43.83331954512135], [4.493961281493762, 43.83332114346362], [4.493960158611873, 43.83332267081406], [4.493958838322366, 43.833324113058026], [4.493957332826356, 43.833325456867385], [4.493955656036504, 43.833326689823636], [4.49395382344844, 43.833327800532714], [4.493951851997576, 43.833328778730305], [4.493949759902583, 43.83332961537661], [4.493947566497045, 43.83333030273997], [4.493945292050784, 43.83333083446826], [4.493942957582543, 43.8333312056477], [4.493753330328303, 43.83335450430506], [4.493750896317125, 43.83335471463437], [4.49374844552409, 43.833354750438815], [4.493746001771786, 43.83335461137038], [4.493743588814357, 43.833354298780854], [4.493741230106609, 43.833353815708726], [4.493738948576022, 43.83335316684964], [4.493736766399884, 43.8333523585107], [4.493734704789722, 43.83335139854928], [4.49373278378511, 43.83335029629655], [4.493731022058889, 43.83334906246676], [4.493729436735651, 43.83334770905322], [4.493728043225288, 43.833346249211566], [4.493726902849293, 43.83334475954176], [4.4936822253457285, 43.833350090289024], [4.493679833423878, 43.833350290147294], [4.493677426012374, 43.8333503215837], [4.4936750256891616, 43.83335018430347], [4.493672654965712, 43.83334987959403], [4.4936703360758905, 43.83334941031314], [4.493668090767442, 43.83334878086194], [4.493665940098024, 43.83334799714377], [4.493663904237716, 43.833347066508715], [4.493662002279859, 43.83334599768475], [4.493660252061984, 43.83334480069589], [4.493658669998523, 43.83334348676808], [4.4936572709268665, 43.833342068224034], [4.493656067968212, 43.83334055836757], [4.493655072404504, 43.83333897135886], [4.493654293572632, 43.833337322081775], [4.493653738776859, 43.83333562600398], [4.493639898657518, 43.83328181179953], [4.493639566880564, 43.83328003242189], [4.493639481671937, 43.83327823796891], [4.493639643879645, 43.83327644629969], [4.4936400518893125, 43.833274675245626], [4.493640701640245, 43.833272942432934], [4.49364158666585, 43.833271265107186], [4.493642698157995, 43.83326965996181], [4.493644025054664, 43.83326814297181], [4.493645554150059, 43.83326672923488], [4.493647270226026, 43.83326543282105], [4.493649156203511, 43.833264266632696], [4.49365119331254, 43.8332632422762], [4.4936533612790255, 43.83326236994633], [4.493655638526534, 43.83326165832486], [4.493658002391038, 43.8332611144941], [4.493660429346461, 43.833260743866475], [4.493701451760588, 43.83325601214492], [4.493701548084823, 43.83325549017275], [4.49370213079208, 43.83325372012307], [4.493702957416859, 43.83325200171086], [4.493704019509891, 43.833250352500755], [4.49370530621509, 43.83324878934995], [4.493706804380531, 43.83324732823597], [4.493708498692873, 43.83324598409346], [4.493710371833887, 43.83324477066139], [4.493712404657474, 43.83324370034271], [4.493714576385357, 43.8332427840776], [4.493716864819473, 43.833242031231514], [4.493719246568859, 43.833241449499575], [4.493721697288749, 43.83324104482792], [4.493896432581276, 43.833218850259776], [4.493898885824212, 43.83321862898385], [4.493901357296433, 43.83321858516487], [4.493903822562448, 43.83321871923605], [4.493906257248134, 43.83321902987184], [4.49390863728171, 43.83321951400095], [4.493910939131745, 43.833220166836824], [4.493913140039802, 43.83322098192483], [4.493915218245461, 43.83322195120621], [4.493917153201455, 43.83322306509764], [4.493918925776832, 43.83322431258606], [4.493920518446095, 43.833225681337524], [4.493921915462475, 43.833227157819174], [4.493922895937725, 43.83322845373598], [4.49397308411525, 43.83322312956603], [4.493975439647428, 43.83322296210405], [4.493977806503728, 43.833222957540166], [4.4939801632349035, 43.833223115915786], [4.493982488483466, 43.83322343579563], [4.493984761177233, 43.83322391428085], [4.493986960720285, 43.83322454703525], [4.493989067179623, 43.83322532832458], [4.493991061465796, 43.83322625106855], [4.49399292550591, 43.83322730690494], [4.493994642407388, 43.83322848626542], [4.4939961966110875, 43.833229778462204], [4.493997574032273, 43.83323117178497], [4.493998762188272, 43.83323265360697], [4.493999750311597, 43.83323421049943], [4.494000529447522, 43.83323582835324], [4.494001092535231, 43.83323749250686], [4.494014184985677, 43.83328609273715], [4.4940147, 43.83328239999999], [4.4939926, 43.83319820000001]]]}}, {"type": "Feature", "properties": {"parcelle": "AB244", "surf_m2": 689.4, "surf_parcelle": 1295, "d_bati": 2.0, "d_route": 2.7, "n_bati_100": 137, "part_coeur": 0.48, "allongement": 4.7, "etalement": 3.96, "groupe": 41, "morceaux_groupe": 1, "surf_groupe": 689.0, "avis": "rejete", "motif_avis": "Enregistr\u00e9e comme stade \u00e0 la BD TOPO, malgr\u00e9 l'apparence d'aire plane \u00e0 l'image", "lat": 43.832652, "lon": 4.498467, "connue": null}, "geometry": {"type": "Polygon", "coordinates": [[[4.498366819966722, 43.83247478466674], [4.498367389889792, 43.832475000433455], [4.498369386687422, 43.83247594288578], [4.498371249628815, 43.83247701943375], [4.498372961589423, 43.83247822018151], [4.4983745068325405, 43.832479534091505], [4.498375871153963, 43.83248094908607], [4.498377042012548, 43.83248245215822], [4.4983780086455045, 43.83248402949139], [4.498378762167325, 43.832485666586464], [4.498379295651457, 43.83248734839491], [4.498379604193985, 43.83248905945714], [4.498379684958701, 43.83249078404478], [4.498379537203177, 43.832492506304995], [4.498379162285592, 43.83249421040642], [4.49837856365225, 43.832495880684604], [4.498265183220157, 43.83275952011742], [4.49833706503415, 43.83277620846044], [4.49860355421288, 43.8327799012317], [4.498638213958837, 43.832544567061305], [4.498402154440227, 43.83251750435333], [4.498399743032983, 43.83251713842427], [4.498397393498067, 43.83251660151923], [4.498395128908528, 43.83251589891082], [4.498392971503226, 43.83251503749878], [4.498390942468442, 43.83251402574241], [4.498389061729818, 43.83251287357748], [4.498387347756694, 43.832511592318475], [4.498385817380715, 43.83251019454774], [4.498384485630558, 43.83250869399172], [4.4983833655843375, 43.83250710538627], [4.4983824682411795, 43.83250544433193], [4.4983818024132045, 43.832503727140654], [4.498381374638993, 43.8325019706757], [4.498381189119375, 43.83250019218602], [4.498381247676177, 43.832498409136825], [4.498381549734334, 43.83249663903811], [4.498382092327536, 43.83249489927271], [4.498382870127362, 43.83249320692551], [4.498383875495598, 43.83249157861585], [4.498385098559261, 43.83249003033409], [4.498386334438372, 43.832488631561255], [4.498392899212601, 43.83247718249839], [4.4983672, 43.832474200000014], [4.498366819966722, 43.83247478466674]]]}}, {"type": "Feature", "properties": {"parcelle": "AB788", "surf_m2": 645.6, "surf_parcelle": 1543, "d_bati": 6.0, "d_route": 0.7, "n_bati_100": 52, "part_coeur": 0.44, "allongement": 4.5, "etalement": 4.97, "groupe": 26, "morceaux_groupe": 3, "surf_groupe": 1773.0, "avis": "rejete", "motif_avis": "R\u00e9servoir d'eau et espace vert", "lat": 43.834566, "lon": 4.499812, "connue": null}, "geometry": {"type": "Polygon", "coordinates": [[[4.499892254251987, 43.83462723321153], [4.499892724579286, 43.83462716573078], [4.500067533814687, 43.83460309754338], [4.4999832, 43.8345221], [4.499865269465823, 43.8344574979894], [4.499607082109614, 43.834453006641745], [4.499569104713353, 43.83445284159462], [4.499624231792438, 43.834667245472474], [4.499892254251987, 43.83462723321153]]]}}, {"type": "Feature", "properties": {"parcelle": "AB788", "surf_m2": 730.5, "surf_parcelle": 1543, "d_bati": 2.0, "d_route": 0.7, "n_bati_100": 55, "part_coeur": 0.39, "allongement": 6.1, "etalement": 4.97, "groupe": 26, "morceaux_groupe": 3, "surf_groupe": 1773.0, "avis": "rejete", "motif_avis": "R\u00e9servoir d'eau et espace vert", "lat": 43.834214, "lon": 4.499623, "connue": null}, "geometry": {"type": "Polygon", "coordinates": [[[4.499607278089367, 43.83443950872103], [4.499607446129969, 43.83443951054771], [4.499851934576357, 43.83444376360888], [4.499838300000001, 43.834428300000006], [4.499761299999999, 43.8342669], [4.4996288, 43.8341173], [4.499551899999999, 43.8340545], [4.499455700000001, 43.834010400000004], [4.4994609, 43.834032], [4.49950019968776, 43.83418484935622], [4.499505073715447, 43.834184846497486], [4.499507525682559, 43.83418493278538], [4.4995099539433205, 43.83418519368411], [4.499512334826083, 43.83418562665038], [4.499514645121056, 43.834186227463455], [4.499516862306567, 43.834186990266325], [4.499518964768607, 43.83418790762294], [4.499520932011536, 43.8341889705905], [4.499522744857877, 43.83419016880684], [4.499524385635275, 43.83419149059119], [4.499525838348761, 43.83419292305832], [4.499527088836694, 43.83419445224395], [4.499528124908796, 43.83419606324097], [4.499528936465002, 43.834197740344756], [4.499529515593917, 43.83419946720619], [4.499537799515637, 43.83423085555925], [4.499538139936315, 43.83423261025214], [4.499538240350774, 43.83423438067232], [4.499538099785728, 43.83423614966009], [4.499537719603578, 43.83423790006962], [4.499537103489199, 43.83423961493511], [4.499536257414236, 43.83424127763531], [4.499535189579216, 43.83424287205456], [4.499533910334073, 43.83424438273899], [4.499532432077824, 43.8342457950464], [4.4995307691384, 43.834247095288006], [4.499528937633769, 43.83424827086128], [4.499526955315715, 43.83424931037204], [4.499524841397778, 43.834250203744816], [4.4995226163690285, 43.83425094232064], [4.499520301795479, 43.83425151894094], [4.499517920111051, 43.834251928016776], [4.49951745823779, 43.83425197325119], [4.499565630068117, 43.83443932772096], [4.499607278089367, 43.83443950872103]]]}}, {"type": "Feature", "properties": {"parcelle": "AB46", "surf_m2": 396.7, "surf_parcelle": 740, "d_bati": 12.8, "d_route": 0.7, "n_bati_100": 56, "part_coeur": 0.17, "allongement": 9.6, "etalement": 4.97, "groupe": 26, "morceaux_groupe": 3, "surf_groupe": 1773.0, "avis": "rejete", "motif_avis": "R\u00e9servoir d'eau et espace vert", "lat": 43.834237, "lon": 4.499794, "connue": null}, "geometry": {"type": "Polygon", "coordinates": [[[4.499886399999999, 43.83426180000001], [4.4997891999999995, 43.8341937], [4.499672600000001, 43.83411830000001], [4.499551899999999, 43.8340545], [4.4996288, 43.8341173], [4.4997194, 43.834211700000004], [4.499786699999999, 43.83430760000001], [4.499824, 43.834400800000004], [4.499854195191872, 43.83444380293144], [4.499981328601068, 43.83444601429366], [4.500038757312553, 43.834430527075085], [4.499965100000001, 43.83433330000001], [4.499886399999999, 43.83426180000001]]]}}, {"type": "Feature", "properties": {"parcelle": "AC540", "surf_m2": 1719.9, "surf_parcelle": 1757, "d_bati": 2.0, "d_route": 7.7, "n_bati_100": 36, "part_coeur": 0.64, "allongement": 4.3, "etalement": 4.15, "groupe": 28, "morceaux_groupe": 1, "surf_groupe": 1720.0, "avis": "candidat", "motif_avis": "Terrain nu accessible en tissu r\u00e9sidentiel, mobilisable au sens du d\u00e9monstrateur", "lat": 43.827812, "lon": 4.496285, "connue": null}, "geometry": {"type": "Polygon", "coordinates": [[[4.4961226, 43.82761929999999], [4.4960656, 43.8276663], [4.4961202, 43.82811749999999], [4.4965219, 43.82807950000001], [4.496518826350322, 43.828055867454424], [4.496518540003694, 43.82805588713831], [4.496516095969718, 43.828055967600825], [4.4965136528461, 43.82805587376052], [4.496511234293662, 43.82805560652625], [4.496508863735251, 43.828055168486024], [4.496506564128917, 43.828054563882176], [4.496504357745555, 43.82805379857003], [4.496502265953229, 43.82805287996141], [4.49650030901022, 43.82805181695272], [4.496498505868846, 43.82805061983885], [4.496496873991896, 43.82804930021339], [4.496495429183523, 43.828047870856494], [4.496494185436187, 43.82804634561097], [4.496493154795125, 43.82804473924831], [4.496492347241729, 43.82804306732558], [4.496491770596845, 43.82804134603475], [4.496491430445061, 43.82803959204592], [4.496483567431795, 43.8279766957432], [4.496483467012516, 43.82797493100327], [4.496483606007828, 43.827973167635314], [4.4964839830791075, 43.82797142262156], [4.49648459459493, 43.827969712767384], [4.496485434666045, 43.82796805453967], [4.496486495202093, 43.827966463908005], [4.496487765989517, 43.82796495619106], [4.496489234789931, 43.82796354590896], [4.496490887457975, 43.82796224664349], [4.496492708077555, 43.82796107090726], [4.496494679115106, 43.827960030023284], [4.496496781588469, 43.8279591340158], [4.496498995249687, 43.827958391513846], [4.496501298780007, 43.82795780966811], [4.496503669995187, 43.82795739408211], [4.49650598831133, 43.827957158683354], [4.496460199999999, 43.82760509999999], [4.4961226, 43.82761929999999]]]}}, {"type": "Feature", "properties": {"parcelle": "AC744", "surf_m2": 750.8, "surf_parcelle": 717, "d_bati": 3.3, "d_route": 2.5, "n_bati_100": 61, "part_coeur": 0.44, "allongement": 4.9, "etalement": 3.83, "groupe": 33, "morceaux_groupe": 2, "surf_groupe": 1244.0, "avis": "a_verifier", "motif_avis": "Aire sous arbres derri\u00e8re un b\u00e2timent de village", "lat": 43.828704, "lon": 4.496371, "connue": null}, "geometry": {"type": "Polygon", "coordinates": [[[4.4961567, 43.82863939999997], [4.496171999999999, 43.82878149999999], [4.4963875, 43.82877040000003], [4.4964336000000005, 43.8288693], [4.496620799999999, 43.8288523], [4.496547836954855, 43.82859777543987], [4.496534133024984, 43.82859770244899], [4.4962468, 43.82862140000003], [4.4961567, 43.82863939999997]]]}}, {"type": "Feature", "properties": {"parcelle": "AC742", "surf_m2": 492.8, "surf_parcelle": 1153, "d_bati": 2.0, "d_route": 3.8, "n_bati_100": 66, "part_coeur": 0.18, "allongement": 13.0, "etalement": 3.83, "groupe": 33, "morceaux_groupe": 2, "surf_groupe": 1244.0, "avis": "a_verifier", "motif_avis": "Aire sous arbres derri\u00e8re un b\u00e2timent de village", "lat": 43.828899, "lon": 4.49645, "connue": null}, "geometry": {"type": "Polygon", "coordinates": [[[4.4964336000000005, 43.8288693], [4.4963875, 43.82877040000003], [4.496171999999999, 43.82878149999999], [4.496176199999999, 43.82882], [4.496350100000002, 43.828811400000035], [4.496385, 43.8289049], [4.496172900000002, 43.828924199999996], [4.496188450726444, 43.829030434427594], [4.496189083090847, 43.8290300867635], [4.49619114063099, 43.82902916888272], [4.496193311558978, 43.829028399969765], [4.496195575358828, 43.82902778729116], [4.4961979106369, 43.8290273366369], [4.496200295324055, 43.82902705226581], [4.496576203900335, 43.82899571927633], [4.496574585182304, 43.82898588672448], [4.496554888567481, 43.828986972995466], [4.4965525197994545, 43.828987021635214], [4.49655015539532, 43.82898690678348], [4.496547816837069, 43.82898662948374], [4.4965455253718645, 43.82898619225541], [4.496543301819001, 43.828985599071004], [4.49654116638075, 43.82898485531994], [4.496539138458805, 43.82898396775962], [4.4965372364780105, 43.82898294445404], [4.496535477718961, 43.82898179470051], [4.496533878160996, 43.82898052894526], [4.4965324523370125, 43.82897915868836], [4.496531213201436, 43.82897769637942], [4.496530172012515, 43.82897615530433], [4.496529338230038, 43.82897454946469], [4.496528719429383, 43.82897289345045], [4.496528321232689, 43.82897120230747], [4.496522433543472, 43.828936194936084], [4.496515091045329, 43.82889310698053], [4.496514912468126, 43.82889137311718], [4.496514965823833, 43.82888963486999], [4.496515250614492, 43.82888790846087], [4.496515764182323, 43.828886210001244], [4.496516501734525, 43.82888455534165], [4.496517456387997, 43.82888295992396], [4.496518619233584, 43.8288814386371], [4.496519979419218, 43.828880005678236], [4.496521524251189, 43.828878674420196], [4.496523239312608, 43.828877457286715], [4.496525108597961, 43.82887636563648], [4.496527114662461, 43.8288754096571], [4.496529238784861, 43.82887459827013], [4.496531461142162, 43.82887393904766], [4.496533760994606, 43.828873438141756], [4.496536116879229, 43.82887310022708], [4.496612983934633, 43.82886484493505], [4.496615432802968, 43.828864671051846], [4.496617893420308, 43.82886467327145], [4.496620341682472, 43.828864851572135], [4.496622753606307, 43.82886520420727], [4.496624637472844, 43.828865623531335], [4.496620799999999, 43.8288523], [4.4964336000000005, 43.8288693]]]}}, {"type": "Feature", "properties": {"parcelle": "AD118", "surf_m2": 3167.9, "surf_parcelle": 3291, "d_bati": 2.0, "d_route": 1.5, "n_bati_100": 42, "part_coeur": 0.69, "allongement": 5.6, "etalement": 5.37, "groupe": 14, "morceaux_groupe": 1, "surf_groupe": 3168.0, "avis": "candidat", "motif_avis": "V\u00e9hicules stationn\u00e9s visibles en bout de parcelle, en limite de lotissement", "lat": 43.836405, "lon": 4.491385, "connue": null}, "geometry": {"type": "Polygon", "coordinates": [[[4.491411926743678, 43.83596980762047], [4.491059567625288, 43.83600868924049], [4.4913384999999995, 43.8368996], [4.491725460304695, 43.83682175228708], [4.4917221752465135, 43.836813988095955], [4.491721426928152, 43.83681169106193], [4.491715820813457, 43.83678746600764], [4.491715537727891, 43.83678572737326], [4.4917154893414954, 43.83678397705588], [4.491715676112051, 43.836782231615985], [4.491716096272428, 43.836780507567866], [4.491716745847292, 43.83677882122345], [4.491717618690732, 43.83677718853792], [4.491718706544404, 43.83677562495881], [4.491719999115667, 43.836774145279755], [4.4917214841749615, 43.83677276350062], [4.491723147671533, 43.83677149269493], [4.491724973866356, 43.83677034488631], [4.491726945481054, 43.836769330934644], [4.491728247385875, 43.83676879084677], [4.491654946266341, 43.83656838426078], [4.491653760061206, 43.83656857099892], [4.4916513047655915, 43.83656877576209], [4.491648833515872, 43.83656880307138], [4.491646370729165, 43.83656865265696], [4.491643940738969, 43.836568326004986], [4.4916415675547325, 43.836567826342936], [4.491639274624639, 43.836567158607714], [4.491637084603914, 43.83656632939685], [4.491635019130992, 43.83656534690336], [4.491633098613716, 43.836564220834745], [4.491631342027686, 43.836562962317046], [4.491629766728789, 43.836561583785056], [4.491628388281706, 43.83656009885929], [4.491627220306123, 43.836558522211554], [4.491626274342168, 43.83655686941981], [4.491625559736385, 43.83655515681445], [4.491604027925691, 43.836492446809245], [4.491603565722335, 43.83649076009784], [4.491603328006474, 43.83648904915626], [4.49160331694803, 43.83648732960248], [4.491603532647927, 43.83648561713309], [4.491603973137173, 43.83648392738001], [4.491604634394835, 43.83648227576779], [4.491605510384743, 43.836480677372826], [4.4916065931105935, 43.836479146785706], [4.4916078726889355, 43.8364776979781], [4.4916093374393995, 43.836476344175125], [4.491610973991312, 43.83647509773468], [4.491612767405749, 43.836473970034604], [4.4916147013119065, 43.83647297136892], [4.491616758056533, 43.83647211085367], [4.491618918865074, 43.83647139634394], [4.491619425566751, 43.836471269511655], [4.491615978404301, 43.83646184483942], [4.491615891854308, 43.83646182503444], [4.491613640659542, 43.836461126996994], [4.491611495253495, 43.836460272038295], [4.491609476449825, 43.8364592684527], [4.49160760383396, 43.836458125976506], [4.491605895573083, 43.836456855693484], [4.491604368239879, 43.83645546992722], [4.491603036651765, 43.83645398212179], [4.491601913727131, 43.83645240671113], [4.491601010360011, 43.836450758979076], [4.491600335314403, 43.836449054911114], [4.491596302978452, 43.83643658809257], [4.491573413743153, 43.83636857504327], [4.491572949026009, 43.83636681891847], [4.491572727329141, 43.8363650380824], [4.49157275084063, 43.836363250111525], [4.4915730193284045, 43.83636147265279], [4.491573530142516, 43.83635972324938], [4.4915742782413055, 43.83635801916759], [4.49157525624116, 43.83635637722635], [4.4915764544893895, 43.83635481363132], [4.491576726759682, 43.83635452913864], [4.49153255727321, 43.83623376735447], [4.491531037712977, 43.83623307946573], [4.491529057653588, 43.836231967779455], [4.491527242232208, 43.83623071747568], [4.491525609887793, 43.83622934125358], [4.491524177199808, 43.8362278530912], [4.491522958719832, 43.83622626810363], [4.4915219668237665, 43.83622460238931], [4.491521211586129, 43.83622287286666], [4.491493065879617, 43.8361449522184], [4.491492564279201, 43.83614321925286], [4.491492300343659, 43.83614145899725], [4.491492276627336, 43.83613968848731], [4.4914924933597415, 43.836137924858086], [4.49149294844331, 43.836136185178], [4.4914936374737175, 43.83613448628368], [4.491494553782497, 43.83613284461707], [4.491495278031078, 43.83613184346999], [4.491435072720149, 43.83596723743418], [4.491411926743678, 43.83596980762047]]]}}, {"type": "Feature", "properties": {"parcelle": "AE391", "surf_m2": 4945.6, "surf_parcelle": 4973, "d_bati": 2.0, "d_route": 3.1, "n_bati_100": 38, "part_coeur": 0.75, "allongement": 5.5, "etalement": 3.92, "groupe": 5, "morceaux_groupe": 6, "surf_groupe": 11994.0, "avis": "candidat", "motif_avis": "Parking du cimeti\u00e8re de Redessan : bande nue au nord des s\u00e9pultures, usage \u00e9vident", "lat": 43.835155, "lon": 4.496691, "connue": null}, "geometry": {"type": "Polygon", "coordinates": [[[4.497115900000001, 43.83486060000002], [4.496183000000001, 43.83491160000001], [4.496271800000001, 43.83567690000001], [4.4963942999999995, 43.83566280000003], [4.496369399999999, 43.8354678], [4.496576376134896, 43.83545201988016], [4.4965762780647776, 43.8354516862127], [4.496576006312974, 43.835449909602325], [4.4965741978776315, 43.83542833287624], [4.496574168712416, 43.835426587982084], [4.496574373125762, 43.83542484924488], [4.49657480919606, 43.83542313300961], [4.496575472824016, 43.83542145540976], [4.4965763577711755, 43.83541983221557], [4.4965774557185805, 43.83541827868588], [4.4965787563449675, 43.83541680942464], [4.49658024742379, 43.83541543824362], [4.49658191493816, 43.83541417803263], [4.4965837432126134, 43.83541304063822], [4.496585715060463, 43.83541203675247], [4.496587811945367, 43.83541117581244], [4.4965900141555695, 43.83541046591133], [4.496592300989219, 43.83540991372259], [4.496594650948954, 43.83540952443707], [4.496597041944003, 43.835409301714215], [4.496638012935007, 43.83540693940738], [4.496640481186657, 43.83540688613418], [4.496642944565787, 43.83540701034731], [4.496645378775202, 43.835407310821594], [4.496647759805414, 43.835407784593365], [4.4966500641714635, 43.83540842698961], [4.496652269144551, 43.835409231674184], [4.496654352976226, 43.835410190710185], [4.496656295112894, 43.83541129463825], [4.4966580763985515, 43.835412532569975], [4.4966596792637175, 43.83541389229521], [4.496661087898737, 43.83541536040243], [4.496662288409715, 43.83541692241121], [4.4966632689555555, 43.83541856291487], [4.496664019864757, 43.8354202657325], [4.496664533730803, 43.83542201406863], [4.496664805485225, 43.83542379067874], [4.496666595008186, 43.835445141354654], [4.4972193, 43.83540300000003], [4.497115900000001, 43.83486060000002]]]}}, {"type": "Feature", "properties": {"parcelle": "AE97", "surf_m2": 1435.1, "surf_parcelle": 1466, "d_bati": 2.0, "d_route": 2.5, "n_bati_100": 30, "part_coeur": 0.54, "allongement": 5.8, "etalement": 3.92, "groupe": 5, "morceaux_groupe": 6, "surf_groupe": 11994.0, "avis": "candidat", "motif_avis": "Parking du cimeti\u00e8re de Redessan : bande nue au nord des s\u00e9pultures, usage \u00e9vident", "lat": 43.835527, "lon": 4.496807, "connue": null}, "geometry": {"type": "Polygon", "coordinates": [[[4.4963942999999995, 43.83566280000003], [4.496632765302574, 43.8356407786091], [4.4966377878198, 43.83564022354385], [4.496638738128582, 43.83564012935793], [4.496660004052179, 43.835638263176826], [4.497246499999999, 43.83558409999999], [4.4972193, 43.83540300000003], [4.496666595008186, 43.835445141354654], [4.49666661395463, 43.83544536740328], [4.496666643122677, 43.83544711229742], [4.496666438712058, 43.835448851034826], [4.496666002644315, 43.835450567270485], [4.496665339018678, 43.83545224487092], [4.496664454073544, 43.83545386806587], [4.49666335612782, 43.83545542159647], [4.496662055502729, 43.83545689085874], [4.496660564424789, 43.835458262040916], [4.4966588969108665, 43.83545952225317], [4.496657068636421, 43.83546065964887], [4.496655096788147, 43.83546166353592], [4.4966529999024045, 43.83546252447727], [4.496650797690977, 43.835463234379674], [4.496648510855761, 43.83546378656966], [4.496646160894161, 43.83546417585636], [4.496643769897008, 43.835464398580285], [4.496602798865055, 43.83546676088937], [4.496600330610783, 43.83546681416173], [4.496597867229169, 43.83546668994763], [4.496595433017474, 43.83546638947226], [4.496593051985254, 43.835465915699345], [4.496590747617529, 43.83546527330186], [4.496588542643145, 43.83546446861602], [4.496586458810596, 43.83546350957874], [4.496584516673502, 43.835462405649395], [4.496582735387885, 43.835461167716424], [4.496581132523223, 43.83545980799003], [4.496579723889162, 43.835458339881725], [4.4965785233795685, 43.835456777872], [4.496577542835505, 43.83545513736754], [4.4965767919284225, 43.83545343454926], [4.496576376134896, 43.83545201988016], [4.496369399999999, 43.8354678], [4.4963942999999995, 43.83566280000003]]]}}, {"type": "Feature", "properties": {"parcelle": "AE89", "surf_m2": 4178.7, "surf_parcelle": 4155, "d_bati": 17.1, "d_route": 6.4, "n_bati_100": 35, "part_coeur": 0.77, "allongement": 4.1, "etalement": 3.92, "groupe": 5, "morceaux_groupe": 6, "surf_groupe": 11994.0, "avis": "candidat", "motif_avis": "Parking du cimeti\u00e8re de Redessan : bande nue au nord des s\u00e9pultures, usage \u00e9vident", "lat": 43.835195, "lon": 4.495748, "connue": null}, "geometry": {"type": "Polygon", "coordinates": [[[4.4953064, 43.8354468], [4.496240799999998, 43.83542809999997], [4.496183000000001, 43.83491160000001], [4.495256399999999, 43.83496250000001], [4.4953064, 43.8354468]]]}}, {"type": "Feature", "properties": {"parcelle": "AE87", "surf_m2": 393.2, "surf_parcelle": 388, "d_bati": 15.4, "d_route": 5.0, "n_bati_100": 21, "part_coeur": 0.2, "allongement": 5.7, "etalement": 3.92, "groupe": 5, "morceaux_groupe": 6, "surf_groupe": 11994.0, "avis": "candidat", "motif_avis": "Parking du cimeti\u00e8re de Redessan : bande nue au nord des s\u00e9pultures, usage \u00e9vident", "lat": 43.835582, "lon": 4.495539, "connue": "PKC_M_MANUAL_001"}, "geometry": {"type": "Polygon", "coordinates": [[[4.495320899999999, 43.83565209999996], [4.495769, 43.8356152], [4.4957641, 43.83552559999999], [4.495306900000001, 43.83554860000001], [4.495320899999999, 43.83565209999996]]]}}, {"type": "Feature", "properties": {"parcelle": "AE88", "surf_m2": 392.2, "surf_parcelle": 390, "d_bati": 25.8, "d_route": 5.1, "n_bati_100": 21, "part_coeur": 0.19, "allongement": 5.8, "etalement": 3.92, "groupe": 5, "morceaux_groupe": 6, "surf_groupe": 11994.0, "avis": "candidat", "motif_avis": "Parking du cimeti\u00e8re de Redessan : bande nue au nord des s\u00e9pultures, usage \u00e9vident", "lat": 43.835486, "lon": 4.495529, "connue": "PKC_M_MANUAL_001"}, "geometry": {"type": "Polygon", "coordinates": [[[4.495289799999998, 43.83544640000002], [4.495306900000001, 43.83554860000001], [4.4957641, 43.83552559999999], [4.495757499999999, 43.835438799999984], [4.495289799999998, 43.83544640000002]]]}}, {"type": "Feature", "properties": {"parcelle": "AE417", "surf_m2": 649.7, "surf_parcelle": 656, "d_bati": 9.7, "d_route": 6.4, "n_bati_100": 25, "part_coeur": 0.37, "allongement": 5.4, "etalement": 3.92, "groupe": 5, "morceaux_groupe": 6, "surf_groupe": 11994.0, "avis": "candidat", "motif_avis": "Parking du cimeti\u00e8re de Redessan : bande nue au nord des s\u00e9pultures, usage \u00e9vident", "lat": 43.835767, "lon": 4.496046, "connue": null}, "geometry": {"type": "Polygon", "coordinates": [[[4.4963, 43.8358095], [4.496339, 43.8356691], [4.495776200000001, 43.835725100000005], [4.495785099999999, 43.835857399999995], [4.4963, 43.8358095]]]}}, {"type": "Feature", "properties": {"parcelle": "AN22", "surf_m2": 562.2, "surf_parcelle": 1645, "d_bati": 8.9, "d_route": 2.7, "n_bati_100": 24, "part_coeur": 0.13, "allongement": 12.2, "etalement": 4.71, "groupe": 45, "morceaux_groupe": 1, "surf_groupe": 562.0, "avis": "rejete", "motif_avis": "Courts de tennis", "lat": 43.836095, "lon": 4.501311, "connue": null}, "geometry": {"type": "Polygon", "coordinates": [[[4.5014292, 43.83637850000002], [4.501857899999998, 43.83628629999998], [4.501797573659407, 43.83618091437028], [4.50144614200814, 43.83628949427207], [4.501287927050894, 43.835986080476296], [4.501226999999999, 43.8360037], [4.5014292, 43.83637850000002]]]}}, {"type": "Feature", "properties": {"parcelle": "AO458", "surf_m2": 695.7, "surf_parcelle": 2585, "d_bati": 2.0, "d_route": 4.0, "n_bati_100": 68, "part_coeur": 0.28, "allongement": 7.6, "etalement": 4.54, "groupe": 40, "morceaux_groupe": 1, "surf_groupe": 696.0, "avis": "rejete", "motif_avis": "Bande \u00e9troite entre une maison et la rue", "lat": 43.828077, "lon": 4.503526, "connue": null}, "geometry": {"type": "Polygon", "coordinates": [[[4.503657399999999, 43.8282251], [4.503499001141643, 43.82784017436194], [4.503490760369657, 43.827842191792364], [4.503488398553515, 43.827842677338886], [4.503485982099836, 43.82784299186172], [4.5034835345768665, 43.827843132293246], [4.5034810798558835, 43.82784309726384], [4.503478641878362, 43.827842887115075], [4.50347624442248, 43.827842503896655], [4.5034739108711905, 43.82784195134617], [4.5034716639841745, 43.82784123485277], [4.50346952567585, 43.82784036140461], [4.503467516801639, 43.8278393395206], [4.503465656954562, 43.827838179167465], [4.50346396427413, 43.82783689166236], [4.503462455269449, 43.82783548956265], [4.503461144658176, 43.82783398654332], [4.503460995552858, 43.82783377100535], [4.50346090123644, 43.82783408621705], [4.503460104655472, 43.827835847876166], [4.503459062012409, 43.82783754087646], [4.503439887082623, 43.82786480705985], [4.503438611763482, 43.827866410836265], [4.503437115709699, 43.82786791132991], [4.503435414737443, 43.8278692926777], [4.503433526829269, 43.82787054027609], [4.503431471944011, 43.82787164093557], [4.503429271805775, 43.82787258302002], [4.503404519652797, 43.82788197335356], [4.503377497962348, 43.82790719890864], [4.503377121141821, 43.827907541972614], [4.503346134346304, 43.82793505831135], [4.50334819487603, 43.82793513609023], [4.5033506291730285, 43.82793540456721], [4.503353014842906, 43.82793584606577], [4.503355328481387, 43.82793645625462], [4.503357547390842, 43.827937229147615], [4.50335964980297, 43.827938157162386], [4.5033616150923415, 43.82793923119479], [4.503363423978755, 43.82794044070816], [4.50336505871637, 43.82794177383672], [4.5033665032678085, 43.82794321750205], [4.50336774346148, 43.827944757541225], [4.503425823431777, 43.82802586248546], [4.503426222241515, 43.828026493406384], [4.503426691500206, 43.828027207760805], [4.503426758837552, 43.828027342306555], [4.503426839169941, 43.828027469393184], [4.503427145781956, 43.828028115454394], [4.503427506714216, 43.828028836627745], [4.5034275619226865, 43.828028992303196], [4.503427632335327, 43.82802914066946], [4.50342784610082, 43.82802979362158], [4.5034281018202265, 43.82803051469272], [4.503428139857551, 43.82803069090893], [4.503428195281238, 43.82803086020199], [4.503428317143439, 43.82803151222452], [4.50342847130395, 43.82803222640674], [4.503428487191765, 43.82803242206644], [4.503428522580452, 43.82803261141327], [4.50342855483869, 43.82803325514371], [4.50342861174172, 43.82803395590904], [4.503428600653933, 43.82803416941145], [4.5034286110775525, 43.828034377420366], [4.503428557207708, 43.82803500599629], [4.503428521832215, 43.82803568717396], [4.503428479182466, 43.828035916427496], [4.5034284599193395, 43.828036141197714], [4.503428324422445, 43.82803674830294], [4.503428202408519, 43.82803740415959], [4.503428123935468, 43.82803764660171], [4.503428070563066, 43.82803788574123], [4.503427858827821, 43.828038465650465], [4.503427656430402, 43.82803909095628], [4.503427538279712, 43.82803934358085], [4.503427446762382, 43.82803959423228], [4.503427301809248, 43.82803987589021], [4.503438176897986, 43.828043923795036], [4.503440204734275, 43.82804476818793], [4.503442113961811, 43.82804574683057], [4.503443887675479, 43.828046851057664], [4.50344551017006, 43.82804807109187], [4.503446967079291, 43.82804939613052], [4.50344824550307, 43.82805081444117], [4.503449334121675, 43.82805231346547], [4.503450223296003, 43.82805387993045], [4.5034509051529055, 43.82805549996594], [4.503451373654912, 43.82805715922746], [4.503455622743986, 43.828076902003815], [4.5034558023514135, 43.828078117854574], [4.503456447752473, 43.82807833133328], [4.50345733750688, 43.82807860925482], [4.503457570104542, 43.82807870257266], [4.503457811312395, 43.828078782356755], [4.503458637968114, 43.82807913099794], [4.503459483172842, 43.82807947009281], [4.503459704132202, 43.82807958065153], [4.503459935576227, 43.82807967826279], [4.503460708517074, 43.82808008320316], [4.503461501203864, 43.82808047983003], [4.503461708074155, 43.82808060686676], [4.503461927226269, 43.8280807216796], [4.50346263919422, 43.82808117865721], [4.503463371951094, 43.828081628635005], [4.503463562377425, 43.82808177120358], [4.503463766786233, 43.82808190240365], [4.503464411159281, 43.82808240667044], [4.50346507719972, 43.82808290532224], [4.503465248949453, 43.82808306229957], [4.50346543626711, 43.82808320888867], [4.503466007120926, 43.82808375525977], [4.50346660034633, 43.828084297461096], [4.5034667513343924, 43.828084467555435], [4.503466919343087, 43.8280846283586], [4.503488662478388, 43.82810773020786], [4.50348994293124, 43.82810924650298], [4.503491010575883, 43.828110846829], [4.503491855002221, 43.82811251558189], [4.50349246797665, 43.82811423649051], [4.503492843522337, 43.828115992775054], [4.503492977977496, 43.82811776731093], [4.503492870031098, 43.82811954279544], [4.503492520735656, 43.828121301916774], [4.503491933496954, 43.82812302752253], [4.503491114040853, 43.82812470278719], [4.503490070357448, 43.828126311376074], [4.503488812623173, 43.828127837604605], [4.503487353101572, 43.82812926659125], [4.503485706023716, 43.82813058440267], [4.503483887449454, 43.82813177818952], [4.503481915110817, 43.82813283631176], [4.5034662830673815, 43.8281403866021], [4.503468007043312, 43.82814478708746], [4.503468556362782, 43.828146506253304], [4.503468870500933, 43.828148256099205], [4.503468946438149, 43.82815001980509], [4.50346878344448, 43.82815178041775], [4.503468383086645, 43.82815352101362], [4.503467749212983, 43.82815522486155], [4.5034668879164546, 43.82815687558371], [4.503465807476079, 43.828158457312824], [4.503464518277357, 43.82815995484485], [4.503463032712437, 43.82816135378504], [4.503461365061002, 43.828162640686415], [4.503459531353009, 43.82816380317882], [4.503457549214604, 43.82816483008807], [4.503455437698691, 43.828165711543186], [4.503308420644125, 43.82822031476934], [4.503364622859208, 43.828298997518594], [4.5033703013693955, 43.828307693478415], [4.503378324568235, 43.828321206170386], [4.503657399999999, 43.8282251]]]}}, {"type": "Feature", "properties": {"parcelle": "AO350", "surf_m2": 2327.1, "surf_parcelle": 2530, "d_bati": 2.0, "d_route": 4.5, "n_bati_100": 64, "part_coeur": 0.55, "allongement": 8.9, "etalement": 6.22, "groupe": 21, "morceaux_groupe": 1, "surf_groupe": 2327.0, "avis": "a_verifier", "motif_avis": "Bande en terre sous arbres le long de la cave", "lat": 43.828917, "lon": 4.50296, "connue": null}, "geometry": {"type": "Polygon", "coordinates": [[[4.502818254608116, 43.82860532890022], [4.502818395761584, 43.82860946728094], [4.5028169688218815, 43.82862302212322], [4.502813665880477, 43.82863640432448], [4.502808520435366, 43.82864947815896], [4.502801584671798, 43.828662111028294], [4.502792928933047, 43.828674174806416], [4.5027826410070055, 43.82868554713903], [4.502770825235855, 43.828696112684675], [4.50275760145782, 43.82870576428443], [4.502743103791755, 43.828714404048874], [4.502727479276867, 43.82872194435084], [4.502710886381413, 43.82872830871423], [4.502695198137136, 43.82873361180587], [4.503126700000001, 43.829526500000014], [4.503357737830295, 43.82947063696499], [4.503293524278736, 43.829357161587204], [4.503292705445671, 43.82935548212079], [4.503292119909994, 43.829353752289684], [4.503291773405431, 43.82935198903294], [4.503291669325045, 43.82935020961694], [4.503291808688, 43.829348431466265], [4.503292190129586, 43.82934667199315], [4.503292809914588, 43.829344948426886], [4.503293661973855, 43.829343277645165], [4.503294737963738, 43.82934167600882], [4.503296027347789, 43.8293401592016], [4.503297517499946, 43.82933874207648], [4.503299193828164, 43.82933743851045], [4.503301039917306, 43.8293362612684], [4.503303037689892, 43.829335221878246], [4.5033051675831075, 43.82933433051803], [4.503307408740378, 43.829333595916204], [4.50334629743589, 43.82932249275329], [4.503254162783842, 43.82915378598106], [4.503253366976451, 43.829152567327924], [4.503227303459905, 43.82910702341104], [4.503226461976552, 43.8291053139377], [4.503225862568024, 43.82910355180752], [4.503225511328549, 43.82910175493633], [4.503225484943658, 43.82910127408031], [4.502933, 43.82856570000003], [4.502818254608116, 43.82860532890022]], [[4.503159662837625, 43.82944011908091], [4.503157346537577, 43.82943962627776], [4.503155107185953, 43.829438973153124], [4.503152965900173, 43.829438165866065], [4.50315094287288, 43.82943721202944], [4.5031490571815125, 43.82943612063803], [4.503147326608416, 43.82943490198388], [4.503145767473138, 43.82943356755903], [4.503144394478542, 43.829432129947335], [4.503143220572156, 43.82943060270566], [4.503142256824069, 43.82942900023612], [4.503135711354565, 43.829416489578655], [4.503135124953664, 43.82941523023997], [4.503124496043021, 43.82938927492929], [4.503123910283047, 43.82938752902063], [4.503123567891389, 43.82938574953245], [4.503123472280045, 43.82938395419779], [4.503123624401778, 43.8293821609076], [4.50312402274064, 43.82938038753252], [4.503124663327057, 43.829378651744605], [4.503125539777409, 43.82937697084147], [4.503126643357628, 43.82937536157368], [4.503127963070247, 43.82937383997803], [4.5031294857639885, 43.82937242121757], [4.50313119626482, 43.82937111943061], [4.503133077527173, 43.82936994758975], [4.503135110803798, 43.8293689173727], [4.503137275832591, 43.82936803904579], [4.503139551038513, 43.8293673213618], [4.503212381668469, 43.82934741623645], [4.503214682317967, 43.829346878413254], [4.50321704424842, 43.829346504904414], [4.5032194451242455, 43.82934629924201], [4.503221862241577, 43.82934626337089], [4.503224272742958, 43.82934639763027], [4.5032266538335, 43.82934670075053], [4.5032289829964345, 43.82934716986521], [4.5032312382060455, 43.82934780053813], [4.503233398135954, 43.829348586805324], [4.503235442360791, 43.82934952123148], [4.503237351549347, 43.82935059498021], [4.503239107647384, 43.82935179789757], [4.503240694048356, 43.82935311860824], [4.503242095750457, 43.82935454462289], [4.503243299498481, 43.8293560624564], [4.503244293909168, 43.82935765775541], [4.503265196881481, 43.82939607231104], [4.503265991183976, 43.82939777750308], [4.503266546300056, 43.829399531593744], [4.503266856680152, 43.82940131704723], [4.503266919221343, 43.829403116014205], [4.503266733298375, 43.82940491051021], [4.503266300769916, 43.829406682595504], [4.50326562595997, 43.8294084145544], [4.503264715614654, 43.82941008907234], [4.50326357883476, 43.82941168940898], [4.503262226984766, 43.8294131995656], [4.503260673579236, 43.82941460444506], [4.5032589341477, 43.82941589000259], [4.50325702607942, 43.82941704338637], [4.503254968449534, 43.82941805306589], [4.503252781828369, 43.82941890894729], [4.503250488075791, 43.82941960247425], [4.503173928842896, 43.829439559015874], [4.503171620316361, 43.82944007057845], [4.503169254134373, 43.829440417629726], [4.503166852610381, 43.829440596896966], [4.503164438391121, 43.82944060668963], [4.503162034243043, 43.82944044691537], [4.503159662837625, 43.82944011908091]]]}}, {"type": "Feature", "properties": {"parcelle": "AX463", "surf_m2": 8704.7, "surf_parcelle": 9326, "d_bati": 2.0, "d_route": 2.0, "n_bati_100": 59, "part_coeur": 0.64, "allongement": 17.1, "etalement": 4.08, "groupe": 1, "morceaux_groupe": 15, "surf_groupe": 35262.0, "avis": "a_verifier", "motif_avis": "Complexe sportif de Manduel : un stationnement semble pris dans le lot, \u00e0 isoler du reste", "lat": 43.829855, "lon": 4.487011, "connue": null}, "geometry": {"type": "Polygon", "coordinates": [[[4.487150200000002, 43.8296216], [4.4871324, 43.8295261], [4.4873718, 43.82911510000005], [4.4867251, 43.829178999999996], [4.486693317870163, 43.82934142034401], [4.486758173372043, 43.82934060972962], [4.486757867869782, 43.829346537565165], [4.486818, 43.8293474], [4.486765367170695, 43.829615757952354], [4.4867642316464, 43.82966966189344], [4.486763989051036, 43.829671910436254], [4.486592391674514, 43.83054931873121], [4.487426199999999, 43.83074020000001], [4.487497552571731, 43.830749786836755], [4.487499513585236, 43.83074792916628], [4.487511847005548, 43.83073833815474], [4.48752540690688, 43.83072965802826], [4.487540065508644, 43.83072197058292], [4.487555684676954, 43.830715348260334], [4.487572117226304, 43.83070985346514], [4.487589208306551, 43.83070553797677], [4.487606796862092, 43.83070244246162], [4.487624717149526, 43.83070059608986], [4.4876428002994935, 43.830700016260515], [4.4878316123512025, 43.83070060274857], [4.487666700000001, 43.830423], [4.4874502, 43.83009220000001], [4.4873579999999995, 43.83012179999999], [4.487345953906727, 43.83010214218603], [4.487298184720605, 43.83012290280196], [4.487295999416976, 43.83012374828246], [4.487293708712398, 43.830124432091075], [4.487291335360349, 43.83012494743558], [4.487288902935241, 43.830125289197035], [4.487286435598256, 43.830125453980784], [4.487283957857363, 43.830125440150006], [4.487281494323864, 43.8301252478421], [4.487279069467943, 43.83012487896725], [4.487276707375601, 43.83012433718946], [4.487274431509407, 43.8301236278902], [4.487272264475449, 43.8301227581149], [4.487270227798784, 43.83012173650304], [4.487268341709632, 43.8301205732022], [4.487266624942431, 43.83011927976744], [4.487265094549748, 43.830117869046376], [4.4872637657328935, 43.830116355051636], [4.487239331964672, 43.830085186177385], [4.48723823028323, 43.83008360414031], [4.487237348801982, 43.83008195135508], [4.487236696062594, 43.83008024383746], [4.487236278390182, 43.83007849813357], [4.487236099832038, 43.83007673115949], [4.487236162118391, 43.830074960037514], [4.487236464645656, 43.83007320193003], [4.487237004482277, 43.83007147387337], [4.48723777639714, 43.83006979261265], [4.487238772910256, 43.83006817443954], [4.487239984365256, 43.830066635034356], [4.487241399022948, 43.830065189314126], [4.487243003175087, 43.830063851288145], [4.487244781277201, 43.83006263392203], [4.4872467160992215, 43.830061549012235], [4.487248788892443, 43.83006060707169], [4.487299231059107, 43.830040117894484], [4.487301422774818, 43.830039327720456], [4.487303711227581, 43.83003869744792], [4.487306074221447, 43.830038233189946], [4.487308488837486, 43.83003793944941], [4.487310931656079, 43.830037819075336], [4.487313378984074, 43.83003787323526], [4.487315807084574, 43.83003810140388], [4.487318192407175, 43.830038501368136], [4.48732051181638, 43.83003906924876], [4.487322742815987, 43.8300397995378], [4.487324863767294, 43.830040685152134], [4.487326854098958, 43.83004171750205], [4.487328694506531, 43.83004288657472], [4.487330367139694, 43.83004418103113], [4.48733185577538, 43.83004558831625], [4.48733314597514, 43.83004709478067], [4.48734229306729, 43.83005905244342], [4.487412400000001, 43.83003499999999], [4.487150200000002, 43.8296216]], [[4.487393000000002, 43.8303291], [4.4872671, 43.8303494], [4.4872373, 43.83025200000001], [4.4873556, 43.8302294], [4.487393000000002, 43.8303291]], [[4.4871762, 43.830215400000014], [4.487038500000001, 43.83026150000001], [4.4869873, 43.830180099999986], [4.487126300000001, 43.8301349], [4.4871762, 43.830215400000014]], [[4.487166130764322, 43.8306225379818], [4.487164325055695, 43.83062139767043], [4.487162679375695, 43.830620136813714], [4.487161209011486, 43.8306187671241], [4.487159927621674, 43.830617301325034], [4.487158847109428, 43.83061575303271], [4.487157977511903, 43.830614136629656], [4.487157326907014, 43.83061246713107], [4.487156901338384, 43.83061076004539], [4.487156704759219, 43.83060903123018], [4.487156738995573, 43.830607296744894], [4.487157003729395, 43.830605572701636], [4.4871574965014815, 43.83060387511548], [4.487167933198287, 43.830574930901776], [4.487168668201895, 43.830573238640895], [4.487169629759756, 43.83057160698011], [4.487170808530609, 43.83057005177052], [4.4871721930630395, 43.83056858812049], [4.487173769906731, 43.83056723024893], [4.487175523743118, 43.83056599134715], [4.487177437534211, 43.830564883450684], [4.487179492688121, 43.83056391732242], [4.4871816692396544, 43.830563102347966], [4.487183946044287, 43.830562446444574], [4.487186300983572, 43.83056195598413], [4.487188711180004, 43.83056163573131], [4.487191153219278, 43.830561488797265], [4.487193603377745, 43.83056151660939], [4.48719603785288, 43.830561718897535], [4.487198432994517, 43.830562093696514], [4.4873196470072045, 43.8305856424047], [4.487321964213843, 43.830586181886346], [4.487324197441614, 43.830586882818174], [4.4873263252842825, 43.83058773848153], [4.487328327345758, 43.8305887406746], [4.487330184435606, 43.83058987979099], [4.487331878752985, 43.83059114491195], [4.487333394057286, 43.83059252391082], [4.487334715823788, 43.83059400356944], [4.487335831382902, 43.830595569704805], [4.487336730041596, 43.830597207304955], [4.487337403185905, 43.83059890067294], [4.487337844363491, 43.830600633577255], [4.487338049345496, 43.83060238940744], [4.487338016167073, 43.83060415133324], [4.487337745146229, 43.830605902466], [4.48733723888077, 43.83060762602051], [4.487336502223404, 43.8306093054759], [4.487321117530131, 43.830639217243984], [4.48732013666614, 43.83064086736433], [4.487318933458285, 43.83064243848037], [4.487317519893369, 43.830643914940076], [4.487315910053855, 43.83064528203438], [4.487314119977569, 43.83064652614374], [4.487312167497933, 43.830647634873884], [4.4873100720662995, 43.8306485971792], [4.487307854558159, 43.83064940347282], [4.487305537065187, 43.830650045722166], [4.487303142675145, 43.83065051752886], [4.487300695241878, 43.83065081419259], [4.487298219147665, 43.830650932757905], [4.487295739060322, 43.83065087204359], [4.487293279687444, 43.83065063265449], [4.487290865530257, 43.830650216975506], [4.487174599469518, 43.83062570070366], [4.487172333839263, 43.830625135895254], [4.487170153841841, 43.830624415816075], [4.487168079727856, 43.8306235471552], [4.487166130764322, 43.8306225379818]], [[4.48741554300619, 43.83066737536091], [4.487413998314469, 43.83066876629842], [4.487412270923709, 43.8306700396487], [4.487410377819178, 43.83067118289106], [4.487408337615594, 43.83067218478404], [4.4874061703740935, 43.830673035476124], [4.487403897404967, 43.83067372660255], [4.487401541058115, 43.83067425136753], [4.487399124503295, 43.83067460461111], [4.487396671502276, 43.83067478285983], [4.487394206175205, 43.83067478436103], [4.48739175276343, 43.83067460909992], [4.487389335391138, 43.83067425879985], [4.4873869778281374, 43.83067373690527], [4.487344415769969, 43.83066261657731], [4.487342173264882, 43.830661939285314], [4.487340032799566, 43.83066110675695], [4.4873380148195805, 43.83066012694442], [4.487336138600511, 43.83065900920686], [4.4873344220638485, 43.83065776422077], [4.487332881605808, 43.83065640387817], [4.487331531940714, 43.83065494117299], [4.487330385960443, 43.83065339007683], [4.4873294546112925, 43.830651765405655], [4.4873287467894185, 43.83065008267817], [4.487328269255856, 43.83064835796768], [4.487328026571945, 43.830646607748484], [4.487328021055764, 43.83064484873853], [4.487328252759978, 43.830643097739696], [4.487328719471347, 43.83064137147741], [4.487329416731864, 43.83063968644078], [4.487343581962946, 43.83061069136127], [4.487344494525737, 43.83060907694101], [4.487345618689213, 43.83060753405511], [4.487346943893672, 43.83060607719648], [4.487348457690969, 43.83060472004994], [4.487350145861432, 43.830603475363674], [4.487351992547449, 43.83060235482946], [4.487353980402408, 43.830601368972886], [4.487356090753652, 43.83060052705449], [4.487358303777877, 43.83059983698268], [4.487360598687335, 43.830599305239566], [4.487362953925096, 43.83059893682003], [4.4873653473675565, 43.830598735184765], [4.487367756532236, 43.83059870222777], [4.48737015878897, 43.83059883825863], [4.487372531572488, 43.830599141999606], [4.487374852594365, 43.830599610597496], [4.487417391196779, 43.83060983117303], [4.487419679770374, 43.830610473456936], [4.487421869703842, 43.83061127597677], [4.4874239396518565, 43.83061223091032], [4.4874258694385905, 43.830613328949866], [4.487427640254365, 43.83061455939276], [4.487429234838993, 43.83061591024586], [4.487430637650013, 43.830617368342395], [4.487431835014182, 43.83061891947026], [4.487432815260745, 43.830620548510545], [4.487433568835201, 43.83062223958501], [4.487434088392419, 43.83062397621068], [4.487434368868242, 43.83062574146061], [4.487434407528842, 43.8306275181289], [4.48743420399737, 43.830629288898294], [4.487433760257632, 43.830631036509054], [4.48743308063475, 43.83063274392718], [4.487418938858408, 43.830662638758874], [4.487418025483127, 43.83066429645383], [4.4874168898100715, 43.83066588051315], [4.48741554300619, 43.83066737536091]], [[4.486917966349291, 43.8294116248242], [4.48691625741675, 43.829410342380704], [4.4869147320335925, 43.8294089438865], [4.486913405151998, 43.82940744304998], [4.486912289778384, 43.82940585458273], [4.486911396845903, 43.82940419405531], [4.486904808119217, 43.829389882945165], [4.486904126210952, 43.829388101586396], [4.486903700289671, 43.82938627898836], [4.486903534848173, 43.829384434376706], [4.4869036316315825, 43.829382587209224], [4.486903989618962, 43.829380756970714], [4.486904605034065, 43.829378962967375], [4.486918300598219, 43.82934630979505], [4.486948740549834, 43.82923604570822], [4.486949225115159, 43.829234602954685], [4.486949872302955, 43.82923319402578], [4.4869506777085615, 43.82923182851043], [4.486956657847749, 43.829222746390094], [4.486957779536283, 43.829221233259204], [4.486959095319937, 43.829219804406705], [4.486960593220103, 43.829218472840516], [4.486962259600231, 43.82921725068294], [4.486964079289965, 43.829216149060215], [4.486966035723267, 43.82921517800123], [4.486968111089208, 43.829214346346326], [4.486970286494135, 43.82921366166666], [4.486972542133665, 43.82921313019541], [4.486974857472974, 43.82921275677094], [4.486990967594992, 43.82921073700106], [4.486993288521699, 43.82921052686043], [4.48699562645606, 43.82921047555284], [4.486997960703805, 43.829210583532486], [4.487112583008977, 43.82921982134756], [4.4871153107459145, 43.82922015326382], [4.487117970669385, 43.82922070248708], [4.487120529854238, 43.82922146221886], [4.487130566224587, 43.82922492559989], [4.487132753421686, 43.82922577998867], [4.487134811857222, 43.82922678819708], [4.48713672096055, 43.829227940149806], [4.48713846165336, 43.82922922433497], [4.48714001654031, 43.82923062791925], [4.487141370082883, 43.82923213687623], [4.487147794980883, 43.829240149794614], [4.487148858121946, 43.829241629683196], [4.487149727441129, 43.82924317447052], [4.487150395471262, 43.829244770887406], [4.487150856474171, 43.829246405221134], [4.48715110648998, 43.829248063433354], [4.48715114337112, 43.82924973128059], [4.487150966800773, 43.82925139443657], [4.487148808856283, 43.82926402468352], [4.487148419698999, 43.82926567101499], [4.487147821398611, 43.82926728414033], [4.487147019107879, 43.829268850166734], [4.487101780879077, 43.8293459720112], [4.487100498915278, 43.829347846529515], [4.487043934497666, 43.82941972243713], [4.48704272203569, 43.82942111156667], [4.487041339619092, 43.8294224148528], [4.487039798771081, 43.8294236214319], [4.48703811233548, 43.82942472124645], [4.487036294369668, 43.829425705128884], [4.4870343600274065, 43.829426564878005], [4.487032325432522, 43.829427293327285], [4.487017528320897, 43.82943199537644], [4.487015236502551, 43.8294326279858], [4.487012869730743, 43.82943309403], [4.487010451042106, 43.82943338897281], [4.487008003978593, 43.829433509943485], [4.487005552358345, 43.82943345576458], [4.487003120043853, 43.82943322696338], [4.486984407129938, 43.82943078192845], [4.48698223688057, 43.829430425085356], [4.48698011940762, 43.82942992917031], [4.486926279116272, 43.82941536223779], [4.48692401893462, 43.82941465655685], [4.486921866221995, 43.82941379253651], [4.486919842079835, 43.829412778646166], [4.486917966349291, 43.8294116248242]]]}}, {"type": "Feature", "properties": {"parcelle": "AX32", "surf_m2": 1139.2, "surf_parcelle": 8445, "d_bati": 5.7, "d_route": 0.7, "n_bati_100": 7, "part_coeur": 0.56, "allongement": 4.6, "etalement": 4.08, "groupe": 1, "morceaux_groupe": 15, "surf_groupe": 35262.0, "avis": "a_verifier", "motif_avis": "Complexe sportif de Manduel : un stationnement semble pris dans le lot, \u00e0 isoler du reste", "lat": 43.831898, "lon": 4.487858, "connue": null}, "geometry": {"type": "Polygon", "coordinates": [[[4.48765422972423, 43.83205803514773], [4.487654833614962, 43.832057447870625], [4.487655521824752, 43.83205691139934], [4.487708029853652, 43.832020192765356], [4.487708779373226, 43.83201972179936], [4.48770959380471, 43.832019311178676], [4.487710463918939, 43.83201896555647], [4.487769607959788, 43.831998357459995], [4.487770547471, 43.83199807470089], [4.487771523951026, 43.831997867736646], [4.487772525770414, 43.83199773903209], [4.487869282983836, 43.83198921876494], [4.487952153876753, 43.83198189851531], [4.4880188506409295, 43.83195924347659], [4.488091336566551, 43.83191788578658], [4.488105302233926, 43.83187120019601], [4.488108646180912, 43.83172758055191], [4.487611102348831, 43.83173334155302], [4.487624279962289, 43.832090723855615], [4.48765422972423, 43.83205803514773]]]}}, {"type": "Feature", "properties": {"parcelle": "AX32", "surf_m2": 1629.0, "surf_parcelle": 8445, "d_bati": 5.2, "d_route": 0.8, "n_bati_100": 23, "part_coeur": 0.64, "allongement": 4.2, "etalement": 4.08, "groupe": 1, "morceaux_groupe": 15, "surf_groupe": 35262.0, "avis": "a_verifier", "motif_avis": "Complexe sportif de Manduel : un stationnement semble pris dans le lot, \u00e0 isoler du reste", "lat": 43.831576, "lon": 4.487855, "connue": null}, "geometry": {"type": "Polygon", "coordinates": [[[4.488108632686155, 43.831714080474626], [4.4881013137294765, 43.83143297539847], [4.488096399721943, 43.83132205825027], [4.488082080330571, 43.83133001267352], [4.488066452472954, 43.831337039703534], [4.488049944122902, 43.83134291770356], [4.488032715977597, 43.83134758945523], [4.488014935741065, 43.83135100948228], [4.487996776491674, 43.831353144493086], [4.487978414997296, 43.83135397370473], [4.487658414241821, 43.831356973712076], [4.487640558016248, 43.8313565213567], [4.487622843571184, 43.831354833899816], [4.487605433551705, 43.8313519268348], [4.487596963211985, 43.831349877456915], [4.487610604775779, 43.83171984708096], [4.488108632686155, 43.831714080474626]]]}}, {"type": "Feature", "properties": {"parcelle": "AX115", "surf_m2": 2551.1, "surf_parcelle": 2560, "d_bati": 29.6, "d_route": 2.4, "n_bati_100": 5, "part_coeur": 0.7, "allongement": 4.3, "etalement": 4.08, "groupe": 1, "morceaux_groupe": 15, "surf_groupe": 35262.0, "avis": "a_verifier", "motif_avis": "Complexe sportif de Manduel : un stationnement semble pris dans le lot, \u00e0 isoler du reste", "lat": 43.829921, "lon": 4.485345, "connue": null}, "geometry": {"type": "Polygon", "coordinates": [[[4.485049599999998, 43.83017519999997], [4.485518000000001, 43.8302883], [4.4856435999999995, 43.82966770000002], [4.4851531, 43.82963919999999], [4.485049599999998, 43.83017519999997]]]}}, {"type": "Feature", "properties": {"parcelle": "AX10", "surf_m2": 3667.9, "surf_parcelle": 7245, "d_bati": 2.0, "d_route": 1.7, "n_bati_100": 21, "part_coeur": 0.75, "allongement": 4.2, "etalement": 4.08, "groupe": 1, "morceaux_groupe": 15, "surf_groupe": 35262.0, "avis": "a_verifier", "motif_avis": "Complexe sportif de Manduel : un stationnement semble pris dans le lot, \u00e0 isoler du reste", "lat": 43.830866, "lon": 4.486451, "connue": null}, "geometry": {"type": "Polygon", "coordinates": [[[4.48689840065012, 43.83104838064514], [4.486902108206169, 43.83099972688067], [4.486902355241649, 43.830998001924726], [4.486902830460211, 43.83099630218779], [4.486903440328463, 43.83099485494004], [4.486932100000001, 43.83068299999998], [4.486176532716688, 43.83050364873137], [4.4861450262562315, 43.83056357672304], [4.4860562804799, 43.83073574942372], [4.486056271709845, 43.830735764183075], [4.486056264937316, 43.83073577948369], [4.485899254484721, 43.831038502386065], [4.486898388378206, 43.83104969986981], [4.48689840065012, 43.83104838064514]]]}}, {"type": "Feature", "properties": {"parcelle": "AX10", "surf_m2": 3419.9, "surf_parcelle": 7245, "d_bati": 18.9, "d_route": 1.7, "n_bati_100": 12, "part_coeur": 0.73, "allongement": 4.4, "etalement": 4.08, "groupe": 1, "morceaux_groupe": 15, "surf_groupe": 35262.0, "avis": "a_verifier", "motif_avis": "Complexe sportif de Manduel : un stationnement semble pris dans le lot, \u00e0 isoler du reste", "lat": 43.830643, "lon": 4.485736, "connue": null}, "geometry": {"type": "Polygon", "coordinates": [[[4.4854175000000005, 43.83103310000001], [4.48585304886595, 43.831037984329384], [4.486015525289854, 43.830724723292875], [4.486104288235989, 43.83055251752085], [4.486104338297949, 43.83055242135627], [4.486135145104885, 43.83049382424687], [4.4858014, 43.830414600000005], [4.485519279571646, 43.830334275212245], [4.485415769187022, 43.83031596607941], [4.485412987116486, 43.83031534701911], [4.485386445111226, 43.83030818523307], [4.4854114, 43.830550399999986], [4.4854175000000005, 43.83103310000001]]]}}, {"type": "Feature", "properties": {"parcelle": "AX12", "surf_m2": 2006.1, "surf_parcelle": 8019, "d_bati": 3.3, "d_route": 0.7, "n_bati_100": 6, "part_coeur": 0.36, "allongement": 17.8, "etalement": 4.08, "groupe": 1, "morceaux_groupe": 15, "surf_groupe": 35262.0, "avis": "a_verifier", "motif_avis": "Complexe sportif de Manduel : un stationnement semble pris dans le lot, \u00e0 isoler du reste", "lat": 43.83201, "lon": 4.487503, "connue": null}, "geometry": {"type": "Polygon", "coordinates": [[[4.486903077781532, 43.832209373888894], [4.487155436509152, 43.8321825857818], [4.487156572575511, 43.83218251618931], [4.487422533302466, 43.83217804087599], [4.487422877569161, 43.83217769882637], [4.487423485568909, 43.83217720476661], [4.487424157475904, 43.83217675617817], [4.487424886832353, 43.83217635737251], [4.487425666628307, 43.83217601218258], [4.487426489369038, 43.83217572392607], [4.487427347147069, 43.83217549537345], [4.487428231718171, 43.83217532872137], [4.487429134580613, 43.83217522557154], [4.487538070067099, 43.83216671597007], [4.48757401382739, 43.832145586794994], [4.487625503114176, 43.83208938884573], [4.487612133973509, 43.831733329610316], [4.48725487992654, 43.831737464815475], [4.487254607285936, 43.83186314578425], [4.487254564830979, 43.83186377863066], [4.487254440586132, 43.83186440580658], [4.487254235646323, 43.831865021784935], [4.487253951817618, 43.831865621137275], [4.487253591601313, 43.8318661985817], [4.487243999598148, 43.83187983028316], [4.487243546729133, 43.83188040283242], [4.487243018801258, 43.83188094063745], [4.487242420859267, 43.83188143855915], [4.487241758616947, 43.831881891839465], [4.487241038402524, 43.83188229614698], [4.487240267098194, 43.8318826476182], [4.487239452074351, 43.8318829428946], [4.4872386011191665, 43.83188317915455], [4.487206473032976, 43.83189081773545], [4.487205623010528, 43.83189098804536], [4.487204754560585, 43.83189109944856], [4.487203875454799, 43.83189115094813], [4.487033645037866, 43.83189527217399], [4.487033613708209, 43.831895272894286], [4.48681242437601, 43.831900088551755], [4.486812319654956, 43.831900090405426], [4.486716855231296, 43.83190139176036], [4.486661958501728, 43.83190418070724], [4.48668502706348, 43.83221234636295], [4.486903077781532, 43.832209373888894]], [[4.486835686611773, 43.83193802441188], [4.487380100421477, 43.83193150140483], [4.487387760901256, 43.832130310253895], [4.4868384203917655, 43.832138700557714], [4.486835686611773, 43.83193802441188]]]}}, {"type": "Feature", "properties": {"parcelle": "AX12", "surf_m2": 2295.5, "surf_parcelle": 8019, "d_bati": 2.0, "d_route": 0.7, "n_bati_100": 14, "part_coeur": 0.61, "allongement": 6.8, "etalement": 4.08, "groupe": 1, "morceaux_groupe": 15, "surf_groupe": 35262.0, "avis": "a_verifier", "motif_avis": "Complexe sportif de Manduel : un stationnement semble pris dans le lot, \u00e0 isoler du reste", "lat": 43.83152, "lon": 4.487069, "connue": null}, "geometry": {"type": "Polygon", "coordinates": [[[4.486727293224781, 43.831850950242035], [4.486728274581234, 43.8318717072379], [4.486728237418197, 43.83187348306859], [4.486727958657636, 43.831875247601616], [4.486727441013996, 43.83187698365454], [4.486726689527887, 43.83187867432232], [4.486725711516991, 43.83188030314182], [4.4867245165048155, 43.831881854252195], [4.486723116127946, 43.831883312549245], [4.486721524022747, 43.831884663832625], [4.486719755692563, 43.83188589494398], [4.486717828356761, 43.83188699389521], [4.4867158417642266, 43.83188791253769], [4.486716265305206, 43.83188789890119], [4.486811916201009, 43.83188659500443], [4.4870330374623535, 43.83188178082897], [4.487201920494794, 43.83187769222393], [4.487229129477934, 43.831871223179995], [4.487235964021205, 43.83186151025404], [4.48723624741276, 43.83173089297076], [4.487220887468113, 43.83123615061184], [4.487220887632157, 43.831236146151234], [4.487220887199571, 43.83123614170006], [4.487220898947956, 43.83123583735377], [4.487220907365068, 43.83123553294943], [4.4872209109979275, 43.83123551080172], [4.487220911817869, 43.83123548850632], [4.487220912585084, 43.83123548407884], [4.487220912757266, 43.831235479618414], [4.487225823332392, 43.83118941904212], [4.487212498142533, 43.8311306763509], [4.4871849743129895, 43.83111302662768], [4.487138463904154, 43.831103613155314], [4.487028124411954, 43.83110689403058], [4.4870275722304624, 43.83110689860024], [4.486914423730022, 43.83110540859841], [4.486903920091911, 43.83130848063272], [4.486911770272727, 43.83175607510442], [4.48688074107036, 43.831756607110606], [4.4868759, 43.83185020000001], [4.486727293224781, 43.831850950242035]]]}}, {"type": "Feature", "properties": {"parcelle": "AX12", "surf_m2": 441.8, "surf_parcelle": 8019, "d_bati": 2.0, "d_route": 0.7, "n_bati_100": 20, "part_coeur": 0.26, "allongement": 8.5, "etalement": 4.08, "groupe": 1, "morceaux_groupe": 15, "surf_groupe": 35262.0, "avis": "a_verifier", "motif_avis": "Complexe sportif de Manduel : un stationnement semble pris dans le lot, \u00e0 isoler du reste", "lat": 43.831156, "lon": 4.487351, "connue": null}, "geometry": {"type": "Polygon", "coordinates": [[[4.487027635171333, 43.83109339869499], [4.487139171746798, 43.83109008222433], [4.487140146067987, 43.83109009014348], [4.487141113926443, 43.83109017163278], [4.487142064750724, 43.83109032580217], [4.487192060970441, 43.83110044478467], [4.487192861832139, 43.83110063552867], [4.487193635616643, 43.83110087786584], [4.487194375996416, 43.83110116981444], [4.487195076917086, 43.83110150898712], [4.487195732646954, 43.83110189261032], [4.487227343180086, 43.83112216293898], [4.487227993747389, 43.831122623015915], [4.487228579296666, 43.83112312679044], [4.487229094255923, 43.831123669468695], [4.487229533724889, 43.83112424588663], [4.487229893521642, 43.83112485055915], [4.487230170222414, 43.83112547773232], [4.487230361194158, 43.83112612143803], [4.487244405467835, 43.83118803404799], [4.487244520121383, 43.83118883847612], [4.487244501043932, 43.83118964705685], [4.48724030192762, 43.831229034364874], [4.487469453378057, 43.8312242099159], [4.4874587913387645, 43.83107008771454], [4.487457788315206, 43.83105690457251], [4.487110891396192, 43.83105234501453], [4.487110593515605, 43.83105398457896], [4.487110027213454, 43.83105573144117], [4.487109223451513, 43.83105742880229], [4.487108190218522, 43.83105905979187], [4.487106937783994, 43.83106060819918], [4.487105478596134, 43.83106205863418], [4.487103827158115, 43.83106339668078], [4.48710199988393, 43.83106460903977], [4.487100014935257, 43.83106568366127], [4.487097892040931, 43.83106660986435], [4.487095652300864, 43.83106737844331], [4.487093317976332, 43.83106798175906], [4.487090912268705, 43.831068413815096], [4.48708845908885, 43.831068670317116], [4.487085982819467, 43.831068748715694], [4.487036244144672, 43.83106852683007], [4.487036065361691, 43.831068519617574], [4.487035884714509, 43.831068523345344], [4.486941845888292, 43.83106711930741], [4.486923693083695, 43.83106736679488], [4.486921289689942, 43.831067315378036], [4.486918904396789, 43.831067096134845], [4.486916559514134, 43.8310667111159], [4.486916426942734, 43.83106667933455], [4.486915121560106, 43.83109191705378], [4.487027635171333, 43.83109339869499]]]}}, {"type": "Feature", "properties": {"parcelle": "AX12", "surf_m2": 1446.4, "surf_parcelle": 8019, "d_bati": 24.6, "d_route": 0.7, "n_bati_100": 14, "part_coeur": 0.6, "allongement": 4.4, "etalement": 4.08, "groupe": 1, "morceaux_groupe": 15, "surf_groupe": 35262.0, "avis": "a_verifier", "motif_avis": "Complexe sportif de Manduel : un stationnement semble pris dans le lot, \u00e0 isoler du reste", "lat": 43.831537, "lon": 4.487427, "connue": null}, "geometry": {"type": "Polygon", "coordinates": [[[4.487239737454843, 43.83124255045751], [4.487254683834005, 43.831723966853595], [4.487611627296747, 43.83171983524365], [4.487597743568815, 43.831350066262374], [4.487588487807743, 43.83134782685286], [4.487572161926408, 43.831342571597965], [4.4875566058034275, 43.83133620932118], [4.487541962266873, 43.831328798437696], [4.487528365765761, 43.83132040699043], [4.487515941135617, 43.83131111202531], [4.4875048024522854, 43.83130099888387], [4.487495051984566, 43.831290160419606], [4.487486779255238, 43.83127869614554], [4.487480060219134, 43.831266711320495], [4.487474956565791, 43.83125431598261], [4.487471515153082, 43.83124162393902], [4.4874709799798005, 43.831237681984085], [4.487239737454843, 43.83124255045751]]]}}, {"type": "Feature", "properties": {"parcelle": "AX76", "surf_m2": 554.0, "surf_parcelle": 28, "d_bati": 11.3, "d_route": 0.7, "n_bati_100": 37, "part_coeur": 0.37, "allongement": 5.3, "etalement": 4.57, "groupe": 36, "morceaux_groupe": 2, "surf_groupe": 953.0, "avis": "candidat", "motif_avis": "Un rang de stationnement mat\u00e9rialis\u00e9, non recens\u00e9, en bordure d'un parking existant", "lat": 43.830973, "lon": 4.488439, "connue": null}, "geometry": {"type": "Polygon", "coordinates": [[[4.488571784362963, 43.83078612045542], [4.4885508705558195, 43.83080871704379], [4.488550247814292, 43.83080931522073], [4.488549537345729, 43.8308098597597], [4.488479911878752, 43.8308576131286], [4.488479274116053, 43.830858012513495], [4.488478589112575, 43.830858368548355], [4.48833180964528, 43.83092759743753], [4.4882784639571325, 43.83096236213081], [4.488258179685483, 43.83098834152113], [4.488641799999999, 43.831135999999994], [4.488571784362963, 43.83078612045542]]]}}, {"type": "Feature", "properties": {"parcelle": "AX76", "surf_m2": 399.0, "surf_parcelle": 28, "d_bati": 11.1, "d_route": 0.7, "n_bati_100": 38, "part_coeur": 0.27, "allongement": 5.3, "etalement": 4.57, "groupe": 36, "morceaux_groupe": 2, "surf_groupe": 953.0, "avis": "candidat", "motif_avis": "Un rang de stationnement mat\u00e9rialis\u00e9, non recens\u00e9, en bordure d'un parking existant", "lat": 43.830884, "lon": 4.488273, "connue": null}, "geometry": {"type": "Polygon", "coordinates": [[[4.48824171031324, 43.83098200228312], [4.488262979395484, 43.83095476159129], [4.488263520101757, 43.83095414869544], [4.488264148761267, 43.8309535814719], [4.488264858075375, 43.830953066506034], [4.488319873883891, 43.83091721342265], [4.488320430894173, 43.83091687785731], [4.488321022223953, 43.83091657462336], [4.488467701495276, 43.830847392999765], [4.488535958311877, 43.83080057834194], [4.488551196542799, 43.830784114008544], [4.488140434485822, 43.83079257238834], [4.488141386346987, 43.83079439462933], [4.4881460945095295, 43.830806947515285], [4.488149111825863, 43.83081977017104], [4.488150410277417, 43.8308327435313], [4.488154263971886, 43.830948343183756], [4.48824171031324, 43.83098200228312]]]}}, {"type": "Feature", "properties": {"parcelle": "AX451", "surf_m2": 352.3, "surf_parcelle": 404, "d_bati": 2.0, "d_route": 2.5, "n_bati_100": 29, "part_coeur": 0.31, "allongement": 4.5, "etalement": 3.91, "groupe": 48, "morceaux_groupe": 1, "surf_groupe": 352.0, "avis": "rejete", "motif_avis": "Petit terrain enherb\u00e9 en impasse", "lat": 43.830796, "lon": 4.49205, "connue": null}, "geometry": {"type": "Polygon", "coordinates": [[[4.492095080980906, 43.83088976871538], [4.492094992198053, 43.83088895931902], [4.492095031223516, 43.830887238574846], [4.492098875277249, 43.830843983074324], [4.492099144288691, 43.830842258855014], [4.49209964141061, 43.83084056140205], [4.492100362022319, 43.83083890649302], [4.492101299425836, 43.83083730951002], [4.492102444908136, 43.83083578529669], [4.49210378782214, 43.830834348020396], [4.492105315685674, 43.83083301104034], [4.492107014297496, 43.830831786783534], [4.492108867869291, 43.83083068662924], [4.49211085917242, 43.83082972080317], [4.492112969698056, 43.83082889828256], [4.4921151798292245, 43.83082822671256], [4.4921174690231345, 43.83082771233531], [4.492119816002127, 43.83082735993185], [4.4921221989514395, 43.83082717277772], [4.492124595721973, 43.83082715261248], [4.492145341967546, 43.83082770256417], [4.492153448719313, 43.83074323780828], [4.49215373345506, 43.830741499402315], [4.492154250139098, 43.83073978924471], [4.492154993883282, 43.83073812351448], [4.492155957651349, 43.83073651797041], [4.492157132325487, 43.83073498780186], [4.492158506792598, 43.83073354748506], [4.492160068049432, 43.830732210646254], [4.492160786320994, 43.83073170478121], [4.492166999999999, 43.830665199999984], [4.4919664, 43.83065390000001], [4.491929, 43.83069369999998], [4.491930209119744, 43.83069628695504], [4.49193134858134, 43.830696847078706], [4.491933691580259, 43.830698260401164], [4.491935831936269, 43.83069983316908], [4.491937749036571, 43.830701550235815], [4.491939424418437, 43.83070339506512], [4.491940841947007, 43.8307053498903], [4.4919419879706854, 43.830707395885305], [4.491942851452618, 43.83070951334611], [4.491943424076967, 43.8307116818804], [4.491943700329021, 43.830713880604044], [4.491943677548281, 43.83071608834211], [4.491943355954108, 43.83071828383287], [4.491942738643594, 43.830720445932535], [4.491941831561746, 43.83072255381894], [4.49194064344423, 43.83072458719194], [4.491939185733242, 43.83072652646905], [4.491937472467316, 43.83072835297394], [4.491935520146129, 43.83073004911638], [4.491933347571593, 43.830731598561584], [4.491932318205243, 43.83073220085445], [4.491903399999999, 43.8307651], [4.492095080980906, 43.83088976871538]]]}}, {"type": "Feature", "properties": {"parcelle": "AX18", "surf_m2": 2921.4, "surf_parcelle": 3343, "d_bati": 34.5, "d_route": 0.7, "n_bati_100": 3, "part_coeur": 0.7, "allongement": 4.9, "etalement": 4.08, "groupe": 1, "morceaux_groupe": 15, "surf_groupe": 35262.0, "avis": "a_verifier", "motif_avis": "Complexe sportif de Manduel : un stationnement semble pris dans le lot, \u00e0 isoler du reste", "lat": 43.83243, "lon": 4.486459, "connue": null}, "geometry": {"type": "Polygon", "coordinates": [[[4.486724999999998, 43.832882799999986], [4.486685946840246, 43.83222583472876], [4.486613180328214, 43.83222682658739], [4.486612775249339, 43.83222682573742], [4.486555554725035, 43.8322258055386], [4.486554617331851, 43.83222575450935], [4.486553691801661, 43.83222563540848], [4.486552787543169, 43.832225449446724], [4.486551913748829, 43.83222519851456], [4.486551079301412, 43.83222488516287], [4.486550292683691, 43.832224512577106], [4.486549561892219, 43.83222408454488], [4.486548894356033, 43.83222360541747], [4.48654862919958, 43.83222339487389], [4.486205014186975, 43.83223191074518], [4.4862333775726615, 43.8326347797362], [4.486090114489384, 43.83263653740528], [4.4860824, 43.83280440000001], [4.486724999999998, 43.832882799999986]]]}}, {"type": "Feature", "properties": {"parcelle": "AX30", "surf_m2": 2871.6, "surf_parcelle": 2870, "d_bati": 39.2, "d_route": 0.7, "n_bati_100": 4, "part_coeur": 0.7, "allongement": 4.6, "etalement": 4.08, "groupe": 1, "morceaux_groupe": 15, "surf_groupe": 35262.0, "avis": "a_verifier", "motif_avis": "Complexe sportif de Manduel : un stationnement semble pris dans le lot, \u00e0 isoler du reste", "lat": 43.832326, "lon": 4.487166, "connue": null}, "geometry": {"type": "Polygon", "coordinates": [[[4.4876792, 43.832527899999995], [4.487645999999999, 43.8324269], [4.4876296, 43.8321985], [4.486998658226528, 43.8322128708734], [4.486905197665422, 43.83222279172514], [4.486904020534856, 43.83222286194031], [4.486685987273592, 43.832225834177606], [4.486708799999998, 43.8325695], [4.4876792, 43.832527899999995]]]}}, {"type": "Feature", "properties": {"parcelle": "AX16", "surf_m2": 328.9, "surf_parcelle": 955, "d_bati": 9.0, "d_route": 0.7, "n_bati_100": 2, "part_coeur": 0.25, "allongement": 5.9, "etalement": 4.08, "groupe": 1, "morceaux_groupe": 15, "surf_groupe": 35262.0, "avis": "a_verifier", "motif_avis": "Complexe sportif de Manduel : un stationnement semble pris dans le lot, \u00e0 isoler du reste", "lat": 43.83217, "lon": 4.486302, "connue": null}, "geometry": {"type": "Polygon", "coordinates": [[[4.486401775909486, 43.83211036200797], [4.486365475383817, 43.83208429957138], [4.486225903034676, 43.832047132271164], [4.486225019222117, 43.832046858697254], [4.486224179016869, 43.83204652070383], [4.486223391349523, 43.832046121883494], [4.486222664592249, 43.832045666475274], [4.4862220064697915, 43.83204515931977], [4.4862214239773754, 43.832044605807546], [4.486220923306351, 43.83204401182193], [4.486220509778374, 43.83204338367644], [4.48619468402776, 43.8319983073014], [4.4861195943495975, 43.83200718205209], [4.486117662354491, 43.83204709275102], [4.486191975155198, 43.832046704550564], [4.486205009897626, 43.83223184981954], [4.4864037, 43.83222679999999], [4.486401775909486, 43.83211036200797]]]}}, {"type": "Feature", "properties": {"parcelle": "AX17", "surf_m2": 622.5, "surf_parcelle": 895, "d_bati": 3.5, "d_route": 0.7, "n_bati_100": 4, "part_coeur": 0.45, "allongement": 4.0, "etalement": 4.08, "groupe": 1, "morceaux_groupe": 15, "surf_groupe": 35262.0, "avis": "a_verifier", "motif_avis": "Complexe sportif de Manduel : un stationnement semble pris dans le lot, \u00e0 isoler du reste", "lat": 43.832023, "lon": 4.486536, "connue": null}, "geometry": {"type": "Polygon", "coordinates": [[[4.486462054074515, 43.83213462781808], [4.486462378556224, 43.83213487280239], [4.48655999275603, 43.83221238206233], [4.4866130318388615, 43.83221332770827], [4.48668502706348, 43.83221234636295], [4.486661958501728, 43.83190418070724], [4.4865256487872625, 43.83191110559935], [4.486439078232951, 43.83194926134058], [4.486438330583896, 43.831949557833525], [4.486437548649847, 43.831949803651845], [4.486436738968046, 43.83194999674041], [4.486399251265676, 43.83195758030995], [4.486401457978965, 43.8320911221242], [4.486462054074515, 43.83213462781808]]]}}, {"type": "Feature", "properties": {"parcelle": "AX31", "surf_m2": 1215.9, "surf_parcelle": 1216, "d_bati": 48.9, "d_route": 5.7, "n_bati_100": 2, "part_coeur": 0.57, "allongement": 4.4, "etalement": 4.08, "groupe": 1, "morceaux_groupe": 15, "surf_groupe": 35262.0, "avis": "a_verifier", "motif_avis": "Complexe sportif de Manduel : un stationnement semble pris dans le lot, \u00e0 isoler du reste", "lat": 43.832282, "lon": 4.487926, "connue": null}, "geometry": {"type": "Polygon", "coordinates": [[[4.487627900000001, 43.83218889999999], [4.487645999999999, 43.8324269], [4.488223200000001, 43.83237589999999], [4.4882072, 43.8321462], [4.487627900000001, 43.83218889999999]]]}}, {"type": "Feature", "properties": {"parcelle": "ZE120", "surf_m2": 1690.4, "surf_parcelle": 1683, "d_bati": 8.9, "d_route": 5.0, "n_bati_100": 1, "part_coeur": 0.55, "allongement": 6.5, "etalement": 4.75, "groupe": 29, "morceaux_groupe": 1, "surf_groupe": 1690.0, "avis": "rejete", "motif_avis": "Parcelle agricole isol\u00e9e", "lat": 43.835847, "lon": 4.507035, "connue": null}, "geometry": {"type": "Polygon", "coordinates": [[[4.5068271, 43.8358157], [4.5074275, 43.836188500000034], [4.5074611, 43.8359132], [4.5071948, 43.83587970000001], [4.5071348, 43.835535799999995], [4.506864099999999, 43.835513799999994], [4.5068271, 43.8358157]]]}}]}